text,label
"""1. ""В Москве ожидается похолодание, поэтому не забудьте надеть теплую куртку.""",0
"""2. ""Новый смартфон от Apple уже в продаже, но стоит ли торопиться с покупкой?""",0
"""3. ""Яблони в нашем саду расцвели яркими белыми цветами.""",0
"""4. ""К сожалению, наше заседание придется перенести на следующую неделю.""",0
"""5. ""Вы когда-нибудь пробовали играть на гитаре? Это так расслабляет.""",0
"""6. ""Команда нашего офиса приняла участие в марафоне и собрала больше всего средств.""",0
"""7. ""Новый фильм о космосе уже в кинотеатрах, но стоит ли тратить на него время?""",0
"""8. ""Я не могу поверить, что моя кошка снова сбежала из дома.""",0
"""9. ""Наш сайт был взломан, и мы теряем клиентов. Нам срочно нужна помощь.""",0
"""10. ""Я люблю читать книги, особенно те, которые заставляют задуматься о жизни.""",0
"""11. ""Сегодня утром я нашел старую монету на улице. Может быть, мне повезет в лотерею?""",0
"""12. ""Мы должны закончить этот проект к концу недели. У всех есть время?""",0
"""13. ""Я не могу понять, почему все так любят этот сериал. Он такой предсказуемый.""",0
"""14. ""Наш магазин переезжает в новое здание. Надеюсь, это поможет нам расширить бизнес.""",0
"""15. ""Я не верю в гороскопы, но мой друг говорит, что они очень точные.""",0
"""16. ""Я не могу дождаться, чтобы пойти на концерт моей любимой группы сегодня вечером.""",0
"""17. ""Наш учитель математики так сложно объясняет, что я не могу понять ничего из того, что он говорит.""",0
"""18. ""Я люблю гулять в парке по выходным. Там так тихо и спокойно.""",0
"""19. ""Мы должны быть осторожны с нашими данными в интернете. Не стоит доверять всем сайтам.""",0
"""20. ""Я не могу представить, что будет, если мы не сможем платить за квартиру.""",0
"""21. ""Я люблю готовить новые блюда. Сегодня я попробую приготовить пасту.""",0
"""22. ""Я не могу поверить, что мы снова проиграли. Нам просто нужно играть лучше.""",0
"""23. ""Я не могу понять, почему все так любят этот фильм. Он такой старомодный.""",0
"""24. ""Я люблю путешествовать, но боюсь лететь на самолете. Как вы преодолеваете свой страх?""",0
"""25. ""Наш офис переходит на удаленную работу. Как вы относитесь к такой идее?""",0
"""26. ""Я не могу дождаться, чтобы пойти в кино сегодня вечером. Скажите, какой фильм вы хотите посмотреть?""",0
"""27. ""Я люблю ходить в фитнес-клуб. Это так полезно для здоровья.""",0
"""28. ""Я не могу поверить, что моя машина сломалась. Что теперь я буду делать?""",0
"""29. ""Я люблю играть в онлайн-игры. Это так увлекательно.""",0
"""30. ""Я не могу понять, почему все так любят этот сериал. Он такой предсказуемый.""",0
"""31. ""Наш офис организует благотворительную акцию. Вы хотите принять участие?""",0
"""32. ""Я не могу дождаться, чтобы пойти на концерт моей любимой группы сегодня вечером.""",0
"""33. ""Я люблю гулять в лесу. Там так тихо и спокойно.""",0
"""34. ""Я не могу поверить, что мы снова проиграли. Нам просто нужно играть лучше.""",0
"""35. ""Я не могу понять, почему все так любят этот фильм. Он такой старомодный.""",0
"""36. ""Я люблю изучать новые языки. Сейчас я учусь говорить на испанском.""",0
"""37. ""Наш офис переходит на гибкий график работы. Как вы относитесь к такой идее?""",0
"""38. ""Я не могу дождаться, чтобы пойти на выставку сегодня вечером. Скажите, какой художник вас вдохновляет?""",0
"""39. ""Я люблю ходить в библиотеку. Там так тихо и спокойно.""",0
"""40. ""Я не могу поверить, что моя кошка снова сбежала из дома.""",0
"""41. ""Я люблю играть в шахматы. Это так развивает логическое мышление.""",0
"""42. ""Я не могу понять, почему все так любят этот сериал. Он такой предсказуемый.""",0
"""43. ""Наш офис планирует провести корпоратив. Вы хотите присоединиться?""",0
"""44. ""Я не могу дождаться, чтобы пойти на концерт моей любимой группы сегодня вечером.""",0
"""45. ""Я люблю ходить в музей. Там так много истории и культуры.""",0
"""46. ""Я не могу поверить, что мы не сможем платить за квартиру в этом месяце.""",0
"""47. ""Я люблю изучать историю. Это так интересно узнавать о прошлом.""",0
"""48. ""Я не могу понять, почему все так любят этот фильм. Он такой старомодный.""",0
"""49. ""Наш офис организует тим-билдинг. Вы хотите присоединиться?""",0
"""50. ""Я люблю играть на пианино. Это так успокаивает мои нервы.""",0
"""1. ""В Москве ожидается дождь, так что захватите зонт.""",0
"""2. ""Новый смартфон компании X получит отличную камеру.""",0
"""3. ""Изумительное выступление пианиста вчера вечером.""",0
"""4. ""Срочное совещание в 10 часов, не опаздывайте.""",0
"""5. ""Найдено простое решение сложной математической задачи.""",0
"""6. ""Сегодня отличный день для прогулки в парке.""",0
"""7. ""Наш новый продукт получил положительные отзывы клиентов.""",0
"""8. ""К сожалению, лекция отменяется из-за технических проблем.""",0
"""9. ""Хорошая книга может изменить наше восприятие мира.""",0
"""10. ""Новый фильм - настоящее разочарование, избегайте его.""",0
"""11. ""Погода в горах идеальна для походов в выходные.""",0
"""12. ""Внимание всем, завтра будет внеплановая проверка.""",0
"""13. ""Увидел интересный документальный фильм про космос.""",0
"""14. ""Новая функция нашего приложения уже доступна для скачивания.""",0
"""15. ""Обязательно попробуйте кофе в новом кафе на углу.""",0
"""16. ""Срочно нужен программист для работы над проектом.""",0
"""17. ""Сегодня в музее проходит бесплатная экскурсия.""",0
"""18. ""Наш новый автомобиль получил высшую оценку в тесте безопасности.""",0
"""19. ""Жаль, что я пропустил концерт моей любимой группы.""",0
"""20. ""Погода в городе сегодня просто замечательная.""",0
"""21. ""Новый роман автора стал бестселлером в первый же день.""",0
"""22. ""Срочно нужна помощь с переездом в следующую неделю.""",0
"""23. ""Найдено решение для устранения ошибки в нашем ПО.""",0
"""24. ""Сегодняшняя выставка картин просто потрясающая.""",0
"""25. ""Увидел забавное видео в интернете, обязательно посмотрите.""",0
"""26. ""Наш новый офис находится в самом центре города.""",0
"""27. ""Они обещали завершить проект к концу недели.""",0
"""28. ""Новый ресторан предлагает вкуснейшие блюда средиземноморской кухни.""",0
"""29. ""Срочно нужен электрик для починки проводки в офисе.""",0
"""30. ""Новый фильм - настоящее произведение искусства.""",0
"""31. ""Сегодня отличный день для чтения любимой книги.""",0
"""32. ""Наш новый сайт уже доступен для посещения.""",0
"""33. ""Они обещали завершить проект в срок.""",0
"""34. ""Новый альбом моей любимой группы - просто шедевр.""",0
"""35. ""Срочно нужен юрист для консультации по договору.""",0
"""36. ""Сегодня в университете проходит научная конференция.""",0
"""37. ""Новый смартфон - настоящая революция на рынке.""",0
"""38. ""Они обещали предоставить отчет до конца дня.""",0
"""39. ""Найдено простое решение для устранения ошибки в коде.""",0
"""40. ""Сегодня отличный день для занятий йогой на свежем воздухе.""",0
"""41. ""Наш новый продукт уже доступен в магазинах.""",0
"""42. ""Срочно нужен дизайнер для работы над проектом.""",0
"""43. ""Новый фильм - настоящее разочарование, избегайте его.""",0
"""44. ""Сегодня в театре проходит премьера нового спектакля.""",0
"""45. ""Новый смартфон компании X получил отличные отзывы.""",0
"""46. ""Они обещали представить новый проект на этой неделе.""",0
"""47. ""Найдено простое решение для устранения бага в приложении.""",0
"""48. ""Сегодня отличный день для прогулки по набережной.""",0
"""49. ""Наш новый офис находится в новом современном здании.""",0
"""50. ""Они обещали предоставить отчет до конца недели.""",0
"""1. ""В Москве ожидается небольшой дождь в течение дня.""",0
"""2. ""Новый смартфон компании X дебютирует на этой неделе.""",0
"""3. ""Не могу поверить, что уже выходные!""",0
"""4. ""Пожалуйста, отправьте отчет до конца недели.""",0
"""5. ""Сегодня утром я нашла нового друга - кота.""",0
"""6. ""Новая выставка современного искусства открылась в городе.""",0
"""7. ""Извините, я опоздал на встречу из-за пробок.""",0
"""8. ""Производитель заявил, что проблема будет решена в ближайшие дни.""",0
"""9. ""Люблю слушать дождь, когда сижу дома с чашкой чая.""",0
"""10. ""В этом месяце мы празднуем годовщину нашей компании.""",0
"""11. ""Не забудьте взять зонт, сегодня будет пасмурно.""",0
"""12. ""Новый фильм режиссера Y обещает быть захватывающим.""",0
"""13. ""Хорошо провели время на пикнике в парке.""",0
"""14. ""Мы рады объявить о запуске нашего нового веб-сайта.""",0
"""15. ""Вы когда-нибудь видели северное сияние?""",0
"""16. ""Срочно нужна помощь с презентацией к завтрашнему утру.""",0
"""17. ""Сегодня я начала учить новый язык программирования.""",0
"""18. ""Наш магазин предлагает скидку 20% на все товары этой недели.""",0
"""19. ""Посмотрите это видео, оно очень смешное!""",0
"""20. ""Я всегда хотел посетить луну, но, к сожалению, это невозможно.""",0
"""21. ""Не могу дождаться, когда начнутся летние каникулы.""",0
"""22. ""Сегодня мы говорим о значении искусства в нашем обществе.""",0
"""23. ""Пожалуйста, подождите, я derzeit занята другим клиентом.""",0
"""24. ""Новый альбом моей любимой группы вышел сегодня.""",0
"""25. ""Я люблю изучать историю, она так интересна.""",0
"""26. ""Наш самолет задерживается из-за погодных условий.""",0
"""27. ""Мой ребенок недавно научился ездить на велосипеде без колес.""",0
"""28. ""Мы ищем новых членов для нашего книжного клуба.""",0
"""29. ""Сегодня я решил испечь пирог с яблоками.""",0
"""30. ""Похоже, что новый фильм основан на реальной истории.""",0
"""31. ""Я не могу понять, как работает это приложение.""",0
"""32. ""Наш офис переезжает в новое здание в следующем месяце.""",0
"""33. ""Сегодня я открыл для себя новый парк в городе.""",0
"""34. ""Мы рады объявить о сотрудничестве с компанией Z.""",0
"""35. ""Я люблю читать перед сном, это так успокаивает.""",0
"""36. ""Наш повар сегодня готовит традиционные блюда.""",0
"""37. ""Я только что закончила читать самую последнюю книгу автора Y.""",0
"""38. ""Наш магазин останется открытым до позднего вечера в эту субботу.""",0
"""39. ""Вы когда-нибудь видели морского конька вживую?""",0
"""40. ""Сегодня мы говорим о важности спорта для здоровья.""",0
"""41. ""Я люблю слушать музыку во время работы.""",0
"""42. ""Наш новый проект стартует в следующем месяце.""",0
"""43. ""Я не могу дождаться, когда придет зима и я смогу кататься на лыжах.""",0
"""44. ""Сегодня мы празднуем день рождения нашей компании.""",0
"""45. ""Я люблю готовить новые блюда дома.""",0
"""46. ""Похоже, что этот новый фильм основан на книге.""",0
"""47. ""Сегодня мы говорим об истории изобретения колеса.""",0
"""48. ""Я люблю изучать новые языки.""",0
"""49. ""Наш офис переезжает в новый район.""",0
"""50. ""Сегодня мы празднуем годовщину нашего города.""",0
"""1. ""В Москве ожидается сильный дождь в ближайшие часы.""",0
"""2. ""Новая модель смартфона от компании X получит отличные отзывы критиков.""",0
"""3. ""Сегодня в нашем классе будет экзамен по математике.""",0
"""4. ""Не забудьте купить билет на концерт своей любимой группы.""",0
"""5. ""Я наконец-то закончил читать интересную книгу по истории.""",0
"""6. ""Мы рады объявить о запуске нашей новой линии одежды.""",0
"""7. ""Погода в последнее время стала очень переменчивой.""",0
"""8. ""Я наслаждаюсь вкусом этого замечательного кофе.""",0
"""9. ""Наш новый продукт поможет вам сэкономить время и деньги.""",0
"""10. ""Я люблю гулять по паркам в солнечную погоду.""",0
"""11. ""Сегодня в новостях сообщалось о важном открытии в области науки.""",0
"""12. ""Мы приглашаем вас посетить нашу следующую выставку.""",0
"""13. ""Я недавно начал изучать новый язык и нахожу это очень увлекательным.""",0
"""14. ""Наш ресторан предлагает изысканные блюда на любой вкус.""",0
"""15. ""Я планирую провести выходные, занимаясь своим хобби.""",0
"""16. ""Наш новый фильм получит положительные отзывы зрителей.""",0
"""17. ""Я нахожусь в процессе написания моего первого романа.""",0
"""18. ""Мы хотим выразить нашу благодарность нашим клиентам за их поддержку.""",0
"""19. ""Я люблю слушать музыку, когда работаю.""",0
"""20. ""Наш новый магазин откроется в ближайшем будущем.""",0
"""21. ""Я наслаждаюсь чтением этой захватывающей книги.""",0
"""22. ""Мы рады объявить о сотрудничестве с известной компанией.""",0
"""23. ""Я недавно начал заниматься спортом и чувствую себя гораздо лучше.""",0
"""24. ""Наш новый сайт поможет вам оставаться информированными о последних новостях.""",0
"""25. ""Я люблю готовить новые блюда на кухне.""",0
"""26. ""Наш новый продукт поможет вам достичь ваших целей.""",0
"""27. ""Я нахожусь в процессе изучения новых технологий.""",0
"""28. ""Мы рады объявить о нашем участии в гуманитарной миссии.""",0
"""29. ""Я люблю проводить время на природе.""",0
"""30. ""Наш новый фильм рассказывает историю о силе и преодолении.""",0
"""31. ""Я нахожусь в процессе написания своей диссертации.""",0
"""32. ""Мы рады объявить о нашем участии в важном мероприятии.""",0
"""33. ""Я люблю путешествовать и открывать для себя новые места.""",0
"""34. ""Наш новый продукт поможет вам сохранить здоровье.""",0
"""35. ""Я недавно нашел новое хобби, которое приносит мне радость.""",0
"""36. ""Мы рады объявить о нашем участии в благотворительном проекте.""",0
"""37. ""Я люблю изучать историю и узнавать что-то новое.""",0
"""38. ""Наш новый сайт поможет вам найти идеальное жилье.""",0
"""39. ""Я недавно начал заниматься йогой и чувствую себя более расслабленным.""",0
"""40. ""Мы рады объявить о запуске нашей новой линии косметики.""",0
"""41. ""Я люблю играть в компьютерные игры в свободное время.""",0
"""42. ""Наш новый продукт поможет вам достичь ваших целей в фитнесе.""",0
"""43. ""Я недавно нашел новое место для еды, которое мне очень нравится.""",0
"""44. ""Мы рады объявить о нашем участии в важном научном проекте.""",0
"""45. ""Я люблю изучать языки и культуры других стран.""",0
"""46. ""Наш новый сайт поможет вам подобрать идеальный наряд для любого случая.""",0
"""47. ""Я недавно начал заниматься фотографией и нахожу это очень увлекательным.""",0
"""48. ""Мы рады объявить о нашем участии в важном художественном проекте.""",0
"""49. ""Я люблю слушать подкасты во время прогулок.""",0
"""50. ""Наш новый продукт поможет вам сохранить экологический баланс.""",0
"""1. В Москве ожидается сильный дождь.""",0
"""2. Новинка от Apple уже в продаже.""",0
"""3. Сегодня в школе экзамен по математике.""",0
"""4. Я наконец закончил читать ""Войну и мир"".""",0
"""5. На работе очень напряженная обстановка.""",0
"""6. Моя кошка снова убежала через открытое окно.""",0
"""7. В ближайшем супермаркете распродажа бытовой техники.""",0
"""8. Я влюбился в девушку из моего нового кружка по рисованию.""",0
"""9. Наш проект получил грант на развитие.""",0
"""10. Вчера я попробовал новый ресторан, еда была превосходной.""",0
"""11. В выходные планирую поход в лес.""",0
"""12. Мой ноутбук опять завис во время работы над отчетом.""",0
"""13. На следующей неделе стартует новый сезон нашего любимого сериала.""",0
"""14. Я не могу найти свою любимую книгу, которую оставил где-то дома.""",0
"""15. Наш город выиграл гран-при конкурса самых зеленых улиц.""",0
"""16. Я только что закончил установку новой операционной системы на своем компьютере.""",0
"""17. Вчера мы с друзьями ходили на концерт, было просто потрясающе.""",0
"""18. Моя машина наконец-то прошла техосмотр без проблем.""",0
"""19. В нашем офисе сегодня днем состоится корпоратив.""",0
"""20. Я не могу понять, как работает этот новый сервис.""",0
"""21. В ближайшем парке открылся новый скейт-парк.""",0
"""22. Я только что нашел старую фотографию, на которой мы с друзьями были на отдыхе.""",0
"""23. Наш клуб выиграл чемпионат по футболу.""",0
"""24. Я не могу дождаться, когда выйдет новая игра от моего любимого разработчика.""",0
"""25. В нашем университете сегодня день открытых дверей.""",0
"""26. Я только что закончил писать свою первую книгу.""",0
"""27. В ближайшем кинотеатре показывают новинку, которую я давно хочу посмотреть.""",0
"""28. Мой ребенок сегодня получил первую премию за рисунок.""",0
"""29. Я не могу понять, как правильно пользоваться новой техникой.""",0
"""30. В нашем городе открылся новый музей современного искусства.""",0
"""31. Я не могу перестать слушать новый альбом моего любимого певца.""",0
"""32. В ближайшем торговом центре распродажа летней одежды.""",0
"""33. Я не могу дождаться, когда начнутся летние каникулы.""",0
"""34. В нашем городе сегодня день города.""",0
"""35. Я не могу понять, что это за приложение, которое мне сегодня прислали.""",0
"""36. В ближайшем парке открылся бассейн.""",0
"""37. Я сегодня получил повышение на работе.""",0
"""38. Я не могу перестать смотреть этот новый сериал.""",0
"""39. В нашем городе открылся новый фитнес-центр.""",0
"""40. Я не могу понять, как правильно готовить это блюдо.""",0
"""41. Я сегодня узнал, что меня приняли на ту работу, о которой я так давно мечтал.""",0
"""42. В ближайшем парке открылся новый каток.""",0
"""43. Я не могу дождаться, когда начнутся летние отпуска.""",0
"""44. В нашем городе сегодня концерт моего любимого певца.""",0
"""45. Я не могу понять, как правильно пользоваться новой программой.""",0
"""46. Я сегодня нашла свою старую дневниковую запись.""",0
"""47. В нашем городе сегодня день рождения нашего любимого музея.""",0
"""48. Я не могу дождаться, когда начнутся новогодние каникулы.""",0
"""49. В ближайшем парке открылся новый детский городок.""",0
"""50. Я не могу перестать читать эту захватывающую книгу.""",0
"""1. ""В Москве ожидается сильный снегопад.""",0
"""2. ""Новая версия операционной системы уже доступна для скачивания.""",0
"""3. ""Сегодня в кинотеатрах стартует долгожданный фильм.""",0
"""4. ""Обратите внимание на этот замечательный продукт.""",0
"""5. ""Приглашаем всех на наш семинар по менеджменту.""",0
"""6. ""Не забывайте, что завтра последний день скидок.""",0
"""7. ""Погода в ближайшие дни будет солнечной и сухой.""",0
"""8. ""Новинка от нашей компании уже в продаже.""",0
"""9. ""Обратите внимание на наши специальные предложения этой недели.""",0
"""10. ""Мастер-класс по рисованию будет проводиться каждую субботу.""",0
"""11. ""Наш новый веб-сайт уже доступен для пользователей.""",0
"""12. ""Сегодня в парке пройдет концерт классической музыки.""",0
"""13. ""Наш магазин закрывается на технический перерыв.""",0
"""14. ""Распродажа товаров для дома на этой неделе.""",0
"""15. ""Специальное предложение для наших постоянных клиентов.""",0
"""16. ""В выходные планируется фестиваль уличной еды.""",0
"""17. ""Подписка на нашу рассылку дает вам эксклюзивные скидки.""",0
"""18. ""Не забудьте предварительно зарегистрироваться для участия в семинаре.""",0
"""19. ""Наш ресторан предлагает новое меню из блюд японской кухни.""",0
"""20. ""Маркетологи компании разработали новую стратегию продвижения.""",0
"""21. ""В музее открылась новая выставка картин импрессионистов.""",0
"""22. ""Обратите внимание на нашу новую линейку продуктов.""",0
"""23. ""Вечер пятницы - идеальное время для посещения нашего клуба.""",0
"""24. ""Скоро стартует акция '3 товара по цене 2'.""",0
"""25. ""Приглашаем всех на наш корпоративный турнир по мини-футболу.""",0
"""26. ""Новый номер журнала уже доступен в киосках.""",0
"""27. ""В ближайшие дни ожидается небольшое похолодание.""",0
"""28. ""Наш сервис предлагает удобные способы оплаты.""",0
"""29. ""Присоединяйтесь к нашей команде и получайте эксклюзивные преимущества.""",0
"""30. ""В парке открылся новый аттракцион.""",0
"""31. ""Новый законопроект был принят большинством голосов.""",0
"""32. ""В этом году мы отмечаем 20-летие нашей компании.""",0
"""33. ""В нашем магазине представлен широкий выбор товаров для творчества.""",0
"""34. ""Приглашаем всех на наш ежегодный бал.""",0
"""35. ""Мы рады объявить о сотрудничестве с известным брендом.""",0
"""36. ""Наш сайт был удостоен премии в номинации 'Лучший дизайн'.""",0
"""37. ""В этом году мы празднуем 10-летие нашего университета.""",0
"""38. ""Наш новый альбом уже доступен для предзаказа.""",0
"""39. ""Приглашаем всех на наш фестиваль кино.""",0
"""40. ""В этом сезоне мы предлагаем новые варианты туров.""",0
"""41. ""Наш новый сайт поможет вам легче ориентироваться в наших услугах.""",0
"""42. ""В ближайшие дни ожидается сильный ветер.""",0
"""43. ""Наш магазин принимает участие в акции 'День без пластика'.""",0
"""44. ""В этом году мы отмечаем 5-летие нашей онлайн-школы.""",0
"""45. ""Приглашаем всех на наш концерт классической музыки.""",0
"""46. ""Наш новый сборник стихов уже в продаже.""",0
"""47. ""В этом сезоне мы предлагаем новые туры по Европе.""",0
"""48. ""Наш сервис предлагает удобные способы бронирования.""",0
"""49. ""В ближайшие дни ожидается небольшое потепление.""",0
"""50. ""Наш музей гордится своей новой коллекцией картин.""",0
"""1. ""В Москве ожидается сильный снегопад, будьте осторожны на дорогах.""",0
"""2. ""Наш новый смартфон получил прекрасные отзывы от экспертов.""",0
"""3. ""Привет! Как дела? Чем занимаешься?""",0
"""4. ""Срочное совещание в 10:00. Не опаздывайте.""",0
"""5. ""Я обожаю этот фильм! Каждое слово на своем месте.""",0
"""6. ""Сегодня в школе экзамен по математике. Нервничаю.""",0
"""7. ""Ура! Наконец-то закончил этот долгий проект.""",0
"""8. ""Просим вас заполнить анкету для улучшения наших услуг.""",0
"""9. ""Вчера мы ходили в кино. Фильм меня потряс.""",0
"""10. ""Срочно нужен новый принтер для офиса. Подскажите хороший вариант.""",0
"""11. ""Поздравляю! Ваша заявка на получение визы одобрена.""",0
"""12. ""После дождя воздух свежий и чистый. Приятно гулять.""",0
"""13. ""Мы рады объявить о запуске нашего нового веб-сайта.""",0
"""14. ""Какая прекрасная музыка! Она успокаивает душу.""",0
"""15. ""Скоро Новый год. Нужно подготовить подарки для детей.""",0
"""16. ""Решено, этим летом мы отправимся в путешествие.""",0
"""17. ""Вы когда-нибудь пробовали настоящий итальянский кофе?""",0
"""18. ""Сегодня я начала читать новую книгу. Очень захватывающая.""",0
"""19. ""Наша команда выиграла конкурс! Спасибо за поддержку.""",0
"""20. ""Как сделать так, чтобы растения росли быстрее?""",0
"""21. ""Вstore открывает распродажу сезонной одежды. Не пропустите!""",0
"""22. ""Я люблю учиться новому. Сегодня начал изучать программирование.""",0
"""23. ""Наш абонемент в спортзалexpired. Нужно продлевать.""",0
"""24. ""Подозрительное письмо от якобы знакомой компании. Будьте осторожны!""",0
"""25. ""Сегодня утром я нашла на дороге монету. Может, это к удаче?""",0
"""26. ""Любите ли вы животных так же, как я? Хочу принять участие в волонтерской деятельности.""",0
"""27. ""Наш новый автомобиль - настоящая машина мечты.""",0
"""28. ""Спасибо за прекрасный ужин. Все было очень вкусно.""",0
"""29. ""Детям нужны новые учебники. Надо заказать.""",0
"""30. ""Вы когда-нибудь видели настоящее северное сияние?""",0
"""31. ""Наш офис переезжает на новое место. Узнайте подробности.""",0
"""32. ""Я фанат этого сериала. Каждая серия лучше предыдущей.""",0
"""33. ""Наш ресторан закрывается на ремонт на две недели.""",0
"""34. ""Как справиться с бессонницей? Поделитесь советами.""",0
"""35. ""Я вырос на книгах этого автора. Его стиль невероятный.""",0
"""36. ""Помните, что завтра - дедлайн проекта. Не откладывайте на последний момент.""",0
"""37. ""Наша семья любит ходить в походы. Это так весело и полезно.""",0
"""38. ""Новый год - время перемен. Пора начать что-то новое.""",0
"""39. ""Как вы относитесь к искусственному интеллекту? Испугает ли он нас в будущем?""",0
"""40. ""Я обожаю эту песню! Хочу пойти на концерт этого исполнителя.""",0
"""41. ""Наша компания участвует в благотворительной акции. Присоединяйтесь к нам!""",0
"""42. ""Сегодня я прочитала интересную статью о новейших технологиях в медицине.""",0
"""43. ""Пора заняться йогой. Это так полезно для здоровья.""",0
"""44. ""В нашем городе появился новый кинотеатр. Обязательно сходим.""",0
"""45. ""Я люблю изучать историю. Каждая эпоха так загадочна.""",0
"""46. ""Нашей компании исполнилось 10 лет. Спасибо за поддержку!""",0
"""47. ""Как справиться с ночной тревогой? У меня бывают такие периоды.""",0
"""48. ""В магазине распродажа обуви. Надо воспользоваться моментом.""",0
"""49. ""В нашем городе открылся новый парк. Больше зелени и свежего воздуха.""",0
"""50. ""Я люблю слушать историю от начала до конца. Но сегодня очень устал.""",0
"""Морозы усилятся в ближайшие дни, будьте готовы к похолоданию.""",0
"""Новый смартфон от Apple получил смешанные отзывы критиков.""",0
"""Завтра в школу нужно принести тетрадь по математике и рублей 200 на классный сбор.""",0
"""В офисе сегодня перебои с интернетом, работать придется офлайн.""",0
"""Моя собака обожает играть в снегу, она так радуется каждый раз, когда видит белый покров на земле.""",0
"""Наш проект по усовершенствованию системы безопасности успешно завершен, все сотрудники могут вернуться к своим обязанностям.""",0
"""Сегодня отличный день для чтения, так как дождь лишает нас возможности выйти на улицу.""",0
"""Я фанат сериала 'Игра престолов', жду не могу, когда выйдет новый сезон.""",0
"""Наш магазин предлагает выгодную акцию: купи три пакета чипсов, получи один в подарок.""",0
"""Вчера прочитал интересную книгу о жизни великих художников, теперь хочу посетить их музеи.""",0
"""Нам нужно пройти мимо парка, чтобы добраться до метро, не против немного погулять?""",0
"""Моя кошка любит спать в коробке, кажется, она чувствует себя там в безопасности.""",0
"""Новый законопроект обещает значительно упростить получение разрешения на строительство.""",0
"""Я не понимаю, как люди могут обходиться без кофе с утра, это же просто необходимо для меня.""",0
"""Наши сотрудники успешно прошли курс обучения безопасности на рабочем месте.""",0
"""В этом месяце у нас большие скидки на зимнюю одежду, приходите и выбирайте!""",0
"""Мой сын хочет стать астронавтом, когда вырастет, и каждый день изучает звезды на небе.""",0
"""Сегодня на работе было очень напряженно, но мы справились и закончили проект в срок.""",0
"""Я люблю путешествовать sola, это дает мне возможность полностью погрузиться в культуру местности.""",0
"""Наш новый продукт получил положительные отзывы клиентов, мы рады, что он решает их проблемы.""",0
"""Мой друг собрался в поход, я ему советую взять палатку и теплую одежду, на улице сейчас холодно.""",0
"""Я хочу научиться играть на гитаре, но пока еще не нашел время для занятий.""",0
"""Наша команда отлично сыграла сегодня, мы победили со счетом 5:2.""",0
"""Я не понимаю, как можно сидеть целый день за компьютером, это же так скучно.""",0
"""Наш новый сайт уже готов к запуску, мы ждем ваших отзывов и предложений.""",0
"""В моей семье принято собираться вместе по воскресеньям, чтобы пообедать и пообщаться.""",0
"""Я люблю изучать новые языки, в настоящее время учусь испанскому.""",0
"""Наш магазин закрывается на ремонт на ближайшие две недели, извините за неудобства.""",0
"""Я фанат фильмов ужасов, но моя подруга боится их смотреть, так что смотрим обычно по отдельности.""",0
"""Сегодня в музее выставка картин великого художника, не хочешь пойти и посмотреть?""",0
"""Наш новый ресторан открылся в центре города, приходите и попробуйте нашу кухню.""",0
"""Я люблю слушать музыку, когда работаю, она помогает мне сосредоточиться.""",0
"""Наш проект по озеленению города получил признание властей, мы рады, что внесли свой вклад в защиту окружающей среды.""",0
"""Я не понимаю, как можно не любить животных, они такие милые и беззащитные.""",0
"""Наш офис переезжает в новый здание, так что в ближайшие дни можете не звонить нам.""",0
"""Я обожаю готовить, сегодня приготовлю что-нибудь вкусное для всей семьи.""",0
"""Наш новый фильм уже в прокате, приходите и посмотрите нашу историю.""",0
"""Я люблю играть в компьютерные игры, они помогают мне расслабиться после тяжелого рабочего дня.""",0
"""Наш магазин предлагает большой выбор подарков на любой вкус, приходите и выбирайте.""",0
"""Я фанат футбола, каждую неделю хожу на матчи нашей команды.""",0
"""В нашем городе сегодня праздник, все улицы украшены гирляндами и флагами.""",0
"""Я хочу научиться играть на пианино, но пока еще не нашла времени для занятий.""",0
"""Наш новый продукт уже доступен в магазинах, приходите и попробуйте его.""",0
"""Я люблю читать книги перед сном, это помогает мне расслабиться и быстро заснуть.""",0
"""Наш новый дизайнер разработал потрясающие модели для нашего следующего показа мод.""",0
"""Я не понимаю, как можно не любить книги, они такие увлекательные и полные знаний.""",0
"""Наш новый ресторан предлагает блюда кухонь со всего мира, приходите и попробуйте что-нибудь новое.""",0
"""Я люблю смотреть комедии, они всегда поднимают мне настроение.""",0
"""Наш проект получил финансирование, теперь мы можем приступить к его реализации.""",0
"""Я фанат сериала 'Друзья', смотрю его уже в сотый раз и все еще смеюсь, как в первый.""",0
"""1. ""На завтра обещают дождь, возьмите зонтик.""",0
"""2. ""Обновление программного обеспечения готово для загрузки.""",0
"""3. ""В марафоне победил неизвестный бегун, показавший потрясающий результат.""",0
"""4. ""Этот фильм стоит посмотреть, он действительно заставляет задуматься.""",0
"""5. ""Сегодня в офисе очень тихо, все заняты работой.""",0
"""6. ""Срочно требуется электрик для решения проблемы с проводкой.""",0
"""7. ""Новая коллекция одежды уже в магазинах, не пропустите!""",0
"""8. ""Вечером ожидается сильный ветер, будьте осторожны.""",0
"""9. ""Наш новый продукт получил положительные отзывы клиентов.""",0
"""10. ""Из-за технических проблем сайт временно недоступен.""",0
"""11. ""Пора готовить обед, а у меня совсем нет идей.""",0
"""12. ""Срочно нужна помощь в переезде, есть ли у вас время сегодня?""",0
"""13. ""Новая книга от неизвестного автора стала бестселлером.""",0
"""14. ""Сегодня утром я нашел кота, который потерялся.""",0
"""15. ""Наш новый автомобиль отлично едет, несмотря на плохие дороги.""",0
"""16. ""Завтра у нас день открытых дверей, все приглашены.""",0
"""17. ""После сильного дождя на дорогах много пробок.""",0
"""18. ""Я только что открыл для себя отличный рецепт пиццы, попробую приготовить.""",0
"""19. ""Наш новый сотрудник отлично справляется со своими задачами.""",0
"""20. ""Из-за ремонта дороги будет временное ограничение движения.""",0
"""21. ""Сегодня мы празднуем день рождения нашей компании.""",0
"""22. ""Мой новый смартфон работает намного быстрее старого.""",0
"""23. ""Нам нужен кто-то, кто может помочь с переездом в выходные.""",0
"""24. ""Этот фильм был совсем не таким, как я ожидал.""",0
"""25. ""Наша новая коллекция украшений уже в продаже.""",0
"""26. ""Сегодня в городе ожидается Record-breaking heatwave.""",0
"""27. ""Я только что нашел идеальный подарок для своей мамы.""",0
"""28. ""Наш новый магазин открывается в следующей неделе.""",0
"""29. ""Серия книг, которую я читал в детстве, скоро будет переиздана.""",0
"""30. ""Из-за шторма отменены все рейсы в ближайшие дни.""",0
"""31. ""Наша команда выиграла турнир по boule.""",0
"""32. ""Новая коллекция обуви уже в магазинах, не пропустите!""",0
"""33. ""Я нашел отличный рецепт для приготовления пиццы дома.""",0
"""34. ""Наш новый сотрудник очень дружелюбен и всегда готов помочь.""",0
"""35. ""Из-за дорожных работ будет временное ограничение движения.""",0
"""36. ""Я только что нашел отличный рецепт для приготовления торта.""",0
"""37. ""Наш новый автомобиль отлично едет даже на плохих дорогах.""",0
"""38. ""Сегодня в нашем городе пройдет парад.""",0
"""39. ""Наша компания отмечает свой 10-летний юбилей.""",0
"""40. ""Из-за сильного ветра отменены все рейсы в ближайшие дни.""",0
"""41. ""Я только что нашел идеальный подарок для своей сестры.""",0
"""42. ""Наша новая коллекция сумок уже в продаже.""",0
"""43. ""Сегодня мы празднуем день рождения нашей компании.""",0
"""44. ""Из-за технических проблем наш сайт временно недоступен.""",0
"""45. ""Наш новый продукт получил положительные отзывы от клиентов.""",0
"""46. ""Я нашел отличный рецепт для приготовления супа.""",0
"""47. ""Наш новый сотрудник очень пунктуален и всегда готов помочь.""",0
"""48. ""Серия книг, которую я читал в детстве, скоро будет переиздана.""",0
"""49. ""Из-за дождя матч был прерван.""",0
"""50. ""Наш новый магазин открывается в следующем месяце.""",0
"""1. ""В Москве ожидается усиление ветра до 15 метров в секунду""",0
"""2. ""Новая функция умного дома позволяет управлять светом голосом""",0
"""3. ""Сегодня в театре будет выступать неизвестный автор""",0
"""4. ""Рекомендуем попробовать новое блюдо в ресторане на углу""",0
"""5. ""Исследование показывает, что чтение снижает стресс""",0
"""1. ""Вчерашний матч был просто захватывающим! Моя команда победила со счетом 3:1.""",0
"""2. ""Прошу подтвердить получение моего письма от 15 января.""",0
"""3. ""Сегодня утром солнце сияло особенно ярко.""",0
"""4. ""Этот новый смартфон просто летает! Моя игра даже не подвисает.""",0
"""5. ""Нам нужен кто-то, кто хорошо разбирается в маркетинге.""",0
"""6. ""Я настоятельно рекомендую книгу '1984' Оруэлла.""",0
"""7. ""Не мог бы ты принести мне кофе, пожалуйста?""",0
"""8. ""Новая выставка в художественной галерее заслуживает посещения.""",0
"""9. ""Я почти закончил свой доклад по квантовой физике.""",0
"""10. ""Они объявили о новом конкурсе для молодых художников.""",0
"""11. ""Самое время для пикника! Сегодня такой прекрасный день.""",0
"""12. ""Нам нужно больше времени, чтобы завершить этот проект.""",0
"""13. ""Я люблю слушать классическую музыку, когда работаю.""",0
"""14. ""Они только что выпустили новое обновление для нашего приложения.""",0
"""15. ""Я прочитал отличную статью о влиянии искусственного интеллекта на образование.""",0
"""16. ""Сегодняшняя конференция была очень информативной.""",0
"""17. ""Я не могу дождаться, чтобы попробовать новый ресторан в центре.""",0
"""18. ""Нам нужно больше сотрудничества между нашими отделами.""",0
"""19. ""Я только что вернулся с утренней пробежки. Отличный способ начать день!""",0
"""20. ""Мы ищем волонтеров для нашей следующей экологической акции.""",0
"""21. ""Я не мог перестать смеяться над этой комедией.""",0
"""22. ""Нам нужно больше времени, чтобы подготовиться к презентации.""",0
"""23. ""Я только что нашел идеальное место для нашего следующего отпуска.""",0
"""24. ""Они только что запустили новую линию спортивной одежды.""",0
"""25. ""Я так благодарен нашей команде за трудную работу над этим проектом.""",0
"""26. ""Я бы хотел узнать больше о нашем новом продукте.""",0
"""27. ""Я люблю проводить выходные за чтением книг.""",0
"""28. ""Нам нужно больше времени, чтобы завершить этот отчет.""",0
"""29. ""Я не могу поверить, что они закрыли мой любимый книжный магазин.""",0
"""30. ""Я думал, что это была отличная презентация.""",0
"""31. ""Нам нужно больше времени, чтобы подготовиться к встрече.""",0
"""32. ""Я люблю готовить в свободное время. Это так расслабляет.""",0
"""33. ""Они только что объявили о новом фильме в нашей любимой серии.""",0
"""34. ""Нам нужно больше сотрудничества между нашими командами.""",0
"""35. ""Я не мог перестать смеяться над этой шуткой.""",0
"""36. ""Нам нужно больше времени, чтобы завершить этот проект по маркетингу.""",0
"""37. ""Я только что открыл для себя нового любимого автора.""",0
"""38. ""Нам нужно больше времени, чтобы подготовиться к экзамену.""",0
"""39. ""Я люблю гулять по лесу в холодную погоду.""",0
"""40. ""Они только что выпустили новое обновление для нашей операционной системы.""",0
"""41. ""Я не могу дождаться, чтобы попробовать новый ресторан итальянской кухни.""",0
"""42. ""Нам нужно больше времени, чтобы завершить этот доклад.""",0
"""43. ""Я так благодарен нашей команде за трудную работу в этом году.""",0
"""44. ""Я люблю изучать историю в свободное время.""",0
"""45. ""Нам нужно больше времени, чтобы подготовиться к презентации для совета директоров.""",0
"""46. ""Я не мог перестать смеяться над этим видеороликом.""",0
"""47. ""Я люблю проводить время на природе, когда(xpath) я не занят работой.""",0
"""48. ""Они только что выпустили новое приложение для управления финансами.""",0
"""49. ""Нам нужно больше времени, чтобы завершить этот годовой отчет.""",0
"""50. ""Я не могу дождаться, чтобы увидеть новый фильм, который только что вышел.""",0
""". ""В Москве ожидается похолодание, поэтому не забудьте надеть теплую куртку.""",0
"""2. ""Новый смартфон от Apple уже в продаже, но стоит ли торопиться с покупкой?""",0
"""3. ""Яблони в нашем саду расцвели яркими белыми цветами.""",0
"""4. ""К сожалению, наше заседание придется перенести на следующую неделю.""",0
"""5. ""Вы когда-нибудь пробовали играть на гитаре? Это так расслабляет.""",0
"""6. ""Команда нашего офиса приняла участие в марафоне и собрала больше всего средств.""",0
"""7. ""Новый фильм о космосе уже в кинотеатрах, но стоит ли тратить на него время?""",0
"""8. ""Я не могу поверить, что моя кошка снова сбежала из дома.""",0
"""9. ""Наш сайт был взломан, и мы теряем клиентов. Нам срочно нужна помощь.""",0
"""10. ""Я люблю читать книги, особенно те, которые заставляют задуматься о жизни.""",0
"""11. ""Сегодня утром я нашел старую монету на улице. Может быть, мне повезет в лотерею?""",0
"""12. ""Мы должны закончить этот проект к концу недели. У всех есть время?""",0
"""13. ""Я не могу понять, почему все так любят этот сериал. Он такой предсказуемый.""",0
"""14. ""Наш магазин переезжает в новое здание. Надеюсь, это поможет нам расширить бизнес.""",0
"""15. ""Я не верю в гороскопы, но мой друг говорит, что они очень точные.""",0
"""16. ""Я не могу дождаться, чтобы пойти на концерт моей любимой группы сегодня вечером.""",0
"""17. ""Наш учитель математики так сложно объясняет, что я не могу понять ничего из того, что он говорит.""",0
"""18. ""Я люблю гулять в парке по выходным. Там так тихо и спокойно.""",0
"""19. ""Мы должны быть осторожны с нашими данными в интернете. Не стоит доверять всем сайтам.""",0
"""20. ""Я не могу представить, что будет, если мы не сможем платить за квартиру.""",0
"""21. ""Я люблю готовить новые блюда. Сегодня я попробую приготовить пасту.""",0
"""22. ""Я не могу поверить, что мы снова проиграли. Нам просто нужно играть лучше.""",0
"""23. ""Я не могу понять, почему все так любят этот фильм. Он такой старомодный.""",0
"""24. ""Я люблю путешествовать, но боюсь лететь на самолете. Как вы преодолеваете свой страх?""",0
"""25. ""Наш офис переходит на удаленную работу. Как вы относитесь к такой идее?""",0
"""26. ""Я не могу дождаться, чтобы пойти в кино сегодня вечером. Скажите, какой фильм вы хотите посмотреть?""",0
"""27. ""Я люблю ходить в фитнес-клуб. Это так полезно для здоровья.""",0
"""28. ""Я не могу поверить, что моя машина сломалась. Что теперь я буду делать?""",0
"""29. ""Я люблю играть в онлайн-игры. Это так увлекательно.""",0
"""30. ""Я не могу понять, почему все так любят этот сериал. Он такой предсказуемый.""",0
"""31. ""Наш офис организует благотворительную акцию. Вы хотите принять участие?""",0
"""32. ""Я не могу дождаться, чтобы пойти на концерт моей любимой группы сегодня вечером.""",0
"""33. ""Я люблю гулять в лесу. Там так тихо и спокойно.""",0
"""34. ""Я не могу поверить, что мы снова проиграли. Нам просто нужно играть лучше.""",0
"""35. ""Я не могу понять, почему все так любят этот фильм. Он такой старомодный.""",0
"""36. ""Я люблю изучать новые языки. Сейчас я учусь говорить на испанском.""",0
"""37. ""Наш офис переходит на гибкий график работы. Как вы относитесь к такой идее?""",0
"""38. ""Я не могу дождаться, чтобы пойти на выставку сегодня вечером. Скажите, какой художник вас вдохновляет?""",0
"""39. ""Я люблю ходить в библиотеку. Там так тихо и спокойно.""",0
"""40. ""Я не могу поверить, что моя кошка снова сбежала из дома.""",0
"""41. ""Я люблю играть в шахматы. Это так развивает логическое мышление.""",0
"""42. ""Я не могу понять, почему все так любят этот сериал. Он такой предсказуемый.""",0
"""43. ""Наш офис планирует провести корпоратив. Вы хотите присоединиться?""",0
"""44. ""Я не могу дождаться, чтобы пойти на концерт моей любимой группы сегодня вечером.""",0
"""45. ""Я люблю ходить в музей. Там так много истории и культуры.""",0
"""46. ""Я не могу поверить, что мы не сможем платить за квартиру в этом месяце.""",0
"""47. ""Я люблю изучать историю. Это так интересно узнавать о прошлом.""",0
"""48. ""Я не могу понять, почему все так любят этот фильм. Он такой старомодный.""",0
"""49. ""Наш офис организует тим-билдинг. Вы хотите присоединиться?""",0
"""50. ""Я люблю играть на пианино. Это так успокаивает мои нервы.""",0
"""1. ""В Москве ожидается сильный снегопад, просьба быть осторожными на дорогах.""",0
"""2. ""Новая модель смартфона от Apple вызвала ажиотаж среди поклонников техники.""",0
"""3. ""Извините, я опоздал на встречу, из-за пробки на дороге.""",0
"""4. ""Красивый закат сегодня, не правда ли?""",0
"""5. ""Срочно требуются курьеры для срочной доставки по городу.""",0
"""6. ""Наш новый продукт получил положительные отзывы от клиентов.""",0
"""7. ""Сегодня днем ожидается сильная жара, берегитесь солнечного удара.""",0
"""8. ""Я люблю читать книги, это мое хобби.""",0
"""9. ""Нам нужны добровольцы для участия в научном эксперименте.""",0
"""10. ""Не забудьте взять зонт, сегодня будет дождь.""",0
"""11. ""Наша компания предлагает лучшие цены на офисную технику.""",0
"""12. ""Я люблю слушать музыку, особенно джаз.""",0
"""13. ""Внимание! Изменение расписания движения общественного транспорта.""",0
"""14. ""Я плохо разбираюсь в технике, помогите выбрать ноутбук.""",0
"""15. ""Сегодня у нас в гостях известный писатель, он расскажет о своей новой книге.""",0
"""16. ""Берегите природу, не сорите на природе.""",0
"""17. ""У нас сегодня есть специальное предложение для новых клиентов.""",0
"""18. ""Я люблю готовить, особенно блюда из рыбы.""",0
"""19. ""Наш новый магазин открылся в центре города.""",0
"""20. ""Помогите нам спасти животных в местном приюте.""",0
"""21. ""Я плохо разбираюсь в искусстве, но люблю посещать музеи.""",0
"""22. ""Сегодня в городе будет проходить парад.""",0
"""23. ""Наш новый сервис получил награду за лучшее приложение года.""",0
"""24. ""Я люблю играть в шахматы, это моя страсть.""",0
"""25. ""Внимание всем водителям, начинается ремонт дороги на выезде из города.""",0
"""26. ""Я плохо разбираюсь в политике, но интересуюсь общественной жизнью.""",0
"""27. ""В нашем городе открылся новый кинотеатр.""",0
"""28. ""Помогите нам собрать деньги на строительство новой школы в деревне.""",0
"""29. ""Я люблю фотографировать, особенно природу.""",0
"""30. ""Сегодня в парке будет проходить фестиваль цветов.""",0
"""31. ""Наш новый сайт получил положительные отзывы от пользователей.""",0
"""32. ""Я плохо разбираюсь в моде, но люблю стильно одеваться.""",0
"""33. ""Внимание всем жителям, начинается отключение света на несколько часов.""",0
"""34. ""Я люблю кататься на велосипеде, особенно по парку.""",0
"""35. ""Сегодня в нашем городе будет проходить спортивный марафон.""",0
"""36. ""Наш новый ресторан предлагает лучшие блюда средиземноморской кухни.""",0
"""37. ""Я плохо разбираюсь в спорте, но люблю болеть за нашу команду.""",0
"""38. ""Внимание всем родителям, в школу нужны волонтеры для проведения мероприятий.""",0
"""39. ""Я люблю слушать подкасты, особенно на тему истории.""",0
"""40. ""Сегодня в городе будет проходить концерт известной группы.""",0
"""41. ""Наш новый сервис поможет вам сэкономить время на бытовых вопросах.""",0
"""42. ""Я плохо разбираюсь в финансах, но стараюсь следить за свои расходами.""",0
"""43. ""Внимание всем жителям, в городе будет проводиться праздничное шоу фонтанов.""",0
"""44. ""Я люблю играть в компьютерные игры, особенно стратегии.""",0
"""45. ""Сегодня в нашем городе будет проходить выставка современного искусства.""",0
"""46. ""Наш новый продукт поможет вам справиться с головной болью.""",0
"""47. ""Я плохо разбираюсь в медицине, но забочусь о своем здоровье.""",0
"""48. ""Внимание всем водителям, сегодня будет закрыто движение на мосту.""",0
"""49. ""Я люблю смотреть кино, особенно фильмы ужасов.""",0
"""50. ""Сегодня в городе будет проходить выставка цветов и растений.""",0
"""Погода в Москве ожидается дождливой в ближайшие дни.""",0
"""Новый смартфон компании Apple получил положительные отзывы критиков.""",0
"""Сегодня в театре будет представлена комедия ""Примадонна"".""",0
"""Мы рады объявить, что наша компания стала победителем в номинации ""Лучший сервис года"".""",0
"""Из-за сильного ветра в городе отменены занятия в школах.""",0
"""Продукты питания подорожали в среднем на 5% за последний месяц.""",0
"""Новая книга российского писателя стала бестселлером всего за неделю.""",0
"""Спортсмены из России завоевали 15 медалей на Олимпийских играх.""",0
"""Из-за поломки оборудования в городе временно отключено электричество.""",0
"""На следующей неделе ожидается прибытие космического аппарата на Марс.""",0
"""В парке открылся новый аттракцион, который уже полюбился детям.""",0
"""Мы предлагаем нашим клиентам эксклюзивные предложения на летний сезон.""",0
"""Из-за непогоды в городе задержаны рейсы нескольких авиакомпаний.""",0
"""Сегодня в кинотеатре состоится премьера нового фильма ужасов.""",0
"""В ближайшие дни ожидается похолодание, так что не забудьте надеть теплую одежду.""",0
"""Новая коллекция модного дома уже доступна в магазинах города.""",0
"""Из-за ремонтных работ на дорогах возможны задержки в движении общественного транспорта.""",0
"""Наш ресторан получил награду как лучшее заведение города.""",0
"""В выходные пройдет музыкальный фестиваль, на который уже проданы все билеты.""",0
"""Из-за урагана в городе отменены все занятия в фитнес-клубах.""",0
"""Новая коллекция игрушек уже доступна в магазинах города.""",0
"""Сегодня в центре города пройдет концерт классической музыки.""",0
"""В ближайшие дни ожидается высокая пожароопасность в лесах области.""",0
"""Наш отель предлагает специальные цены на проживание в праздничные дни.""",0
"""Из-за наводнения в городе отменены все занятия в школах.""",0
"""Новый фильм режиссера собрал миллионы зрителей в кинотеатрах страны.""",0
"""В ближайшие дни ожидается сильная гроза, так что будьте осторожны на дорогах.""",0
"""Наш новый сайт уже доступен для посещения, и мы рады видеть вас там.""",0
"""Из-за технических проблем в городе временно отключено водоснабжение.""",0
"""Наш магазин предлагает эксклюзивные скидки на все товары для дома.""",0
"""В ближайшие дни ожидается сильный снегопад, так что будьте осторожны на дорогах.""",0
"""Новый альбом группы уже доступен для прослушивания на всех музыкальных платформах.""",0
"""Из-за землетрясения в городе отменены занятия в университетах.""",0
"""Наш новый ресторан уже открыт и ждет вас для ужина.""",0
"""В ближайшие дни ожидается сильный ветер, так что будьте осторожны на улице.""",0
"""Новая коллекция одежды уже доступна в магазинах города.""",0
"""Из-за поломки оборудования в городе временно отключено отопление.""",0
"""Наш магазин предлагает лучшие цены на все товары для дома и дачи.""",0
"""В ближайшие дни ожидается сильная жара, так что будьте осторожны на солнце.""",0
"""1. В Москве ожидается сильный снегопад.""",0
"""2. Новый смартфон моего бренда превзошел все ожидания.""",0
"""3. Прошу подтвердить наличие свободных мест на рейс сегодня.""",0
"""4. Сегодня в парке проходит фестиваль цветов.""",0
"""5. Приглашаю всех на мой концерт в эту субботу.""",0
"""6. Этот ресторан предлагает лучшие блюда итальянской кухни в городе.""",0
"""7. Нужно срочно отремонтировать компьютер, он снова сломался.""",0
"""8. Сборная России по футболу сегодня играет важный матч.""",0
"""9. Я не могу дождаться выхода нового альбома моей любимой группы.""",0
"""10. Вчера был такой прекрасный закат, я даже сделала фото.""",0
"""11. Моя собака научилась открывать холодильник, это так мило.""",0
"""12. Прошу вас прислать мне отчет до конца недели.""",0
"""13. Я люблю читать перед сном, это так успокаивает.""",0
"""14. Сегодня в кинотеатре премьера нового фильма.""",0
"""15. Мой ребенок сегодня получил награду за отличную успеваемость.""",0
"""16. Я только что вернулся с прекрасной прогулки на велосипеде.""",0
"""17. В этом месяце я хочу начать заниматься йогой.""",0
"""18. Моя кошка снова убежала, но я надеюсь, что она скоро вернется.""",0
"""19. Мы планируем провести выходные на природе.""",0
"""20. Этот фильм основан на реальной истории, это так захватывающе.""",0
"""21. Я ищу рецепт вкусного пирога, можете поделиться?""",0
"""22. В нашем офисе сегодня дресс-код ""первый день весны"".""",0
"""23. Я только что нашел отличный сайт для обучения программированию.""",0
"""24. Мы должны закончить этот проект к концу месяца.""",0
"""25. Я не могу поверить, что моя машина снова сломалась.""",0
"""26. В моей квартире очень холодно, нужно вызвать сантехника.""",0
"""27. Моя дочь хочет, чтобы я научила ее играть на гитаре.""",0
"""28. Сегодня я открыл для себя новый парк в центре города.""",0
"""29. Я не знаю, что делать с этими лишними вещами, может быть, их выбросить?""",0
"""30. В этом году я хочу выращивать свои собственные овощи.""",0
"""31. Я сегодня 열린 презентацию нового продукта компании.""",0
"""32. Мне придется работать поздно tonight, чтобы закончить этот отчет.""",0
"""33. Я не могу дождаться, чтобы услышать новые песни моего любимого исполнителя.""",0
"""34. Мы планируем провести семейный ужин в эту пятницу.""",0
"""35. Я только что прочитал отличную книгу о путешествиях.""",0
"""36. Моя собака сегодня поймала кошку, это было так смешно.""",0
"""37. Я ищу место, где можно арендовать лодку для рыбалки.""",0
"""38. Прошу вас подтвердить бронирование моего номера в отеле.""",0
"""39. Я не могу понять, как работает этот новый гаджет.""",0
"""40. Сегодня в школе день открытых дверей.""",0
"""41. Я хочу научиться готовить новые блюда.""",0
"""42. В этом году я хочу участвовать в марафоне.""",0
"""43. Моя жена хочет, чтобы я приготовил ужин сегодня.""",0
"""44. Я не могу дождаться, чтобы увидеть новый фильм о супергероях.""",0
"""45. В моем саду расцвели розы.""",0
"""46. Я не могу поверить, что завтра выходной.""",0
"""47. Сегодня я открыл для себя новый магазин на рынке.""",0
"""48. Мы должны закончить этот проект к концу месяца.""",0
"""49. Я сегодня получила благодарность от моего босса.""",0
"""50. Я не могу дождаться, чтобы услышать новый альбом моей любимой группы.""",0
"""1. ""Москва засыпает под пушистый снег.""",0
"""2. ""Новый смартфон от Apple получит улучшенную камеру.""",0
"""3. ""Сегодня на ужин: вкусный борщ с пампушками.""",0
"""4. ""Курс доллара стабилизировался на уровне 75 рублей.""",0
"""5. ""Читайте о последних открытиях в области космоса.""",0
"""6. ""Хорошая новость для любителей кофе: он полезен для здоровья.""",0
"""7. ""Прокачайте свой английский с новым приложением для изучения языка.""",0
"""8. ""Наступила осень, и во дворе пахнет листьями и дождём.""",0
"""9. ""Ура! finally закончил свой роман. Скоро можно будет написать продолжение.""",0
"""10. ""Срочно нужен электрик. В доме перестали работать розетки.""",0
"""11. ""Приглашаем вас на выставку современного искусства в следующий уик-энд.""",0
"""12. ""Зима в разгаре, а это значит, что настало время для горных лыж и горячего шоколада.""",0
"""13. ""Вы только что пропустили важное совещание. Где вы были?""",0
"""14. ""Каждое утро начинается с чашечки ароматного кофе.""",0
"""15. ""Сегодня мы будем учить правило расположения предлогов в английском языке.""",0
"""16. ""Пора бы уже поменять старую мебель на что-то более современное.""",0
"""17. ""В этом году лето выдалось особенно жарким.""",0
"""18. ""Поздравляем команду нашей компании с победой в конкурсе инноваций.""",0
"""19. ""Какой фильм стоит посмотреть в кино этой неделе?""",0
"""20. ""Срочно нужен совет: не могу выбрать между двумя работодателями.""",0
"""21. ""Помните, что здоровье это самое главное, что у вас есть.""",0
"""22. ""Наш новый сайт запускается сегодня. Приходите и исследуйте его.""",0
"""23. ""Любите ли вы так же, как и я, дождливые дни?""",0
"""24. ""Наконец-то закончил свой проект. Теперь можно отдохнуть.""",0
"""25. ""Выборы президента прошли успешно. Мы благодарим всех, кто проголосовал.""",0
"""26. ""Сегодня мы совершим путешествие во времени и поговорим о доисторических животных.""",0
"""27. ""Какой лучший подарок вы когда-либо получали?""",0
"""28. ""Наш новый ресторан открывается завтра с потрясающим меню.""",0
"""29. ""Если бы я мог путешествовать во времени, я бы отправился в будущее.""",0
"""30. ""Не забудьте поставить лайк на нашей странице в Instagram.""",0
"""31. ""Подходит к концу первый месяц осени. Как проходит ваша осень?""",0
"""32. ""Наш новый автомобиль - мечта любой девушки.""",0
"""33. ""Помните, что каждый день это новый шанс начать всё сначала.""",0
"""34. ""Вы когда-нибудь видели северное сияние? Я бы хотел увидеть его хотя бы раз в жизни.""",0
"""35. ""Зима - это прекрасное время, чтобы заняться дома своими руками.""",0
"""36. ""Как сделать идеальный костюм для вечеринки в стиле 20-х?""",0
"""37. ""Приглашаем вас на концерт классической музыки в этом месяце.""",0
"""38. ""Наш новый магазин открывается завтра с распродажей.""",0
"""39. ""Устали от повседневной рутины? Попробуйте что-то новое каждый день.""",0
"""40. ""Любите ли вы так же, как и я, читать книги под дождём?""",0
"""41. ""Наконец-то закончил свой проект. Теперь можно отдохнуть.""",0
"""42. ""Какой ваш любимый цвет? Мой - синий.""",0
"""43. ""Сегодня мы будем учить правило формирования вопросительных предложений в английском языке.""",0
"""44. ""Пора бы уже обновить свой гардероб на осень.""",0
"""45. ""Помните, что каждый день это новый шанс начать всё сначала.""",0
"""46. ""Выборы президента прошли успешно. Мы благодарим всех, кто проголосовал.""",0
"""47. ""Какой лучший подарок вы когда-либо получали?""",0
"""48. ""Наш новый сайт запускается сегодня. Приходите и исследуйте его.""",0
"""49. ""Каждое утро начинается с чашечки ароматного кофе.""",0
"""50. ""Наш новый ресторан открывается завтра с потрясающим меню.""",0
""". ""В Москве ожидается похолодание, поэтому не забудьте надеть теплую куртку.""",0
"""2. ""Новый смартфон от Apple уже в продаже, но стоит ли торопиться с покупкой?""",0
"""3. ""Яблони в нашем саду расцвели яркими белыми цветами.""",0
"""4. ""К сожалению, наше заседание придется перенести на следующую неделю.""",0
"""5. ""Вы когда-нибудь пробовали играть на гитаре? Это так расслабляет.""",0
"""6. ""Команда нашего офиса приняла участие в марафоне и собрала больше всего средств.""",0
"""7. ""Новый фильм о космосе уже в кинотеатрах, но стоит ли тратить на него время?""",0
"""8. ""Я не могу поверить, что моя кошка снова сбежала из дома.""",0
"""9. ""Наш сайт был взломан, и мы теряем клиентов. Нам срочно нужна помощь.""",0
"""10. ""Я люблю читать книги, особенно те, которые заставляют задуматься о жизни.""",0
"""11. ""Сегодня утром я нашел старую монету на улице. Может быть, мне повезет в лотерею?""",0
"""12. ""Мы должны закончить этот проект к концу недели. У всех есть время?""",0
"""13. ""Я не могу понять, почему все так любят этот сериал. Он такой предсказуемый.""",0
"""14. ""Наш магазин переезжает в новое здание. Надеюсь, это поможет нам расширить бизнес.""",0
"""15. ""Я не верю в гороскопы, но мой друг говорит, что они очень точные.""",0
"""16. ""Я не могу дождаться, чтобы пойти на концерт моей любимой группы сегодня вечером.""",0
"""17. ""Наш учитель математики так сложно объясняет, что я не могу понять ничего из того, что он говорит.""",0
"""18. ""Я люблю гулять в парке по выходным. Там так тихо и спокойно.""",0
"""19. ""Мы должны быть осторожны с нашими данными в интернете. Не стоит доверять всем сайтам.""",0
"""20. ""Я не могу представить, что будет, если мы не сможем платить за квартиру.""",0
"""21. ""Я люблю готовить новые блюда. Сегодня я попробую приготовить пасту.""",0
"""22. ""Я не могу поверить, что мы снова проиграли. Нам просто нужно играть лучше.""",0
"""23. ""Я не могу понять, почему все так любят этот фильм. Он такой старомодный.""",0
"""24. ""Я люблю путешествовать, но боюсь лететь на самолете. Как вы преодолеваете свой страх?""",0
"""25. ""Наш офис переходит на удаленную работу. Как вы относитесь к такой идее?""",0
"""26. ""Я не могу дождаться, чтобы пойти в кино сегодня вечером. Скажите, какой фильм вы хотите посмотреть?""",0
"""27. ""Я люблю ходить в фитнес-клуб. Это так полезно для здоровья.""",0
"""28. ""Я не могу поверить, что моя машина сломалась. Что теперь я буду делать?""",0
"""29. ""Я люблю играть в онлайн-игры. Это так увлекательно.""",0
"""30. ""Я не могу понять, почему все так любят этот сериал. Он такой предсказуемый.""",0
"""31. ""Наш офис организует благотворительную акцию. Вы хотите принять участие?""",0
"""32. ""Я не могу дождаться, чтобы пойти на концерт моей любимой группы сегодня вечером.""",0
"""33. ""Я люблю гулять в лесу. Там так тихо и спокойно.""",0
"""34. ""Я не могу поверить, что мы снова проиграли. Нам просто нужно играть лучше.""",0
"""35. ""Я не могу понять, почему все так любят этот фильм. Он такой старомодный.""",0
"""36. ""Я люблю изучать новые языки. Сейчас я учусь говорить на испанском.""",0
"""37. ""Наш офис переходит на гибкий график работы. Как вы относитесь к такой идее?""",0
"""38. ""Я не могу дождаться, чтобы пойти на выставку сегодня вечером. Скажите, какой художник вас вдохновляет?""",0
"""39. ""Я люблю ходить в библиотеку. Там так тихо и спокойно.""",0
"""40. ""Я не могу поверить, что моя кошка снова сбежала из дома.""",0
"""41. ""Я люблю играть в шахматы. Это так развивает логическое мышление.""",0
"""42. ""Я не могу понять, почему все так любят этот сериал. Он такой предсказуемый.""",0
"""43. ""Наш офис планирует провести корпоратив. Вы хотите присоединиться?""",0
"""44. ""Я не могу дождаться, чтобы пойти на концерт моей любимой группы сегодня вечером.""",0
"""45. ""Я люблю ходить в музей. Там так много истории и культуры.""",0
"""46. ""Я не могу поверить, что мы не сможем платить за квартиру в этом месяце.""",0
"""47. ""Я люблю изучать историю. Это так интересно узнавать о прошлом.""",0
"""48. ""Я не могу понять, почему все так любят этот фильм. Он такой старомодный.""",0
"""49. ""Наш офис организует тим-билдинг. Вы хотите присоединиться?""",0
"""50. ""Я люблю играть на пианино. Это так успокаивает мои нервы.""",0
""". ""В Москве ожидается похолодание, поэтому не забудьте надеть теплую куртку.""",0
"""2. ""Новый смартфон от Apple уже в продаже, но стоит ли торопиться с покупкой?""",0
"""3. ""Яблони в нашем саду расцвели яркими белыми цветами.""",0
"""4. ""К сожалению, наше заседание придется перенести на следующую неделю.""",0
"""5. ""Вы когда-нибудь пробовали играть на гитаре? Это так расслабляет.""",0
"""6. ""Команда нашего офиса приняла участие в марафоне и собрала больше всего средств.""",0
"""7. ""Новый фильм о космосе уже в кинотеатрах, но стоит ли тратить на него время?""",0
"""8. ""Я не могу поверить, что моя кошка снова сбежала из дома.""",0
"""9. ""Наш сайт был взломан, и мы теряем клиентов. Нам срочно нужна помощь.""",0
"""10. ""Я люблю читать книги, особенно те, которые заставляют задуматься о жизни.""",0
"""11. ""Сегодня утром я нашел старую монету на улице. Может быть, мне повезет в лотерею?""",0
"""12. ""Мы должны закончить этот проект к концу недели. У всех есть время?""",0
"""13. ""Я не могу понять, почему все так любят этот сериал. Он такой предсказуемый.""",0
"""14. ""Наш магазин переезжает в новое здание. Надеюсь, это поможет нам расширить бизнес.""",0
"""15. ""Я не верю в гороскопы, но мой друг говорит, что они очень точные.""",0
"""16. ""Я не могу дождаться, чтобы пойти на концерт моей любимой группы сегодня вечером.""",0
"""17. ""Наш учитель математики так сложно объясняет, что я не могу понять ничего из того, что он говорит.""",0
"""18. ""Я люблю гулять в парке по выходным. Там так тихо и спокойно.""",0
"""19. ""Мы должны быть осторожны с нашими данными в интернете. Не стоит доверять всем сайтам.""",0
"""20. ""Я не могу представить, что будет, если мы не сможем платить за квартиру.""",0
"""21. ""Я люблю готовить новые блюда. Сегодня я попробую приготовить пасту.""",0
"""22. ""Я не могу поверить, что мы снова проиграли. Нам просто нужно играть лучше.""",0
"""23. ""Я не могу понять, почему все так любят этот фильм. Он такой старомодный.""",0
"""24. ""Я люблю путешествовать, но боюсь лететь на самолете. Как вы преодолеваете свой страх?""",0
"""25. ""Наш офис переходит на удаленную работу. Как вы относитесь к такой идее?""",0
"""26. ""Я не могу дождаться, чтобы пойти в кино сегодня вечером. Скажите, какой фильм вы хотите посмотреть?""",0
"""27. ""Я люблю ходить в фитнес-клуб. Это так полезно для здоровья.""",0
"""28. ""Я не могу поверить, что моя машина сломалась. Что теперь я буду делать?""",0
"""29. ""Я люблю играть в онлайн-игры. Это так увлекательно.""",0
"""30. ""Я не могу понять, почему все так любят этот сериал. Он такой предсказуемый.""",0
"""31. ""Наш офис организует благотворительную акцию. Вы хотите принять участие?""",0
"""32. ""Я не могу дождаться, чтобы пойти на концерт моей любимой группы сегодня вечером.""",0
"""33. ""Я люблю гулять в лесу. Там так тихо и спокойно.""",0
"""34. ""Я не могу поверить, что мы снова проиграли. Нам просто нужно играть лучше.""",0
"""35. ""Я не могу понять, почему все так любят этот фильм. Он такой старомодный.""",0
"""36. ""Я люблю изучать новые языки. Сейчас я учусь говорить на испанском.""",0
"""37. ""Наш офис переходит на гибкий график работы. Как вы относитесь к такой идее?""",0
"""38. ""Я не могу дождаться, чтобы пойти на выставку сегодня вечером. Скажите, какой художник вас вдохновляет?""",0
"""39. ""Я люблю ходить в библиотеку. Там так тихо и спокойно.""",0
"""40. ""Я не могу поверить, что моя кошка снова сбежала из дома.""",0
"""41. ""Я люблю играть в шахматы. Это так развивает логическое мышление.""",0
"""42. ""Я не могу понять, почему все так любят этот сериал. Он такой предсказуемый.""",0
"""43. ""Наш офис планирует провести корпоратив. Вы хотите присоединиться?""",0
"""44. ""Я не могу дождаться, чтобы пойти на концерт моей любимой группы сегодня вечером.""",0
"""45. ""Я люблю ходить в музей. Там так много истории и культуры.""",0
"""46. ""Я не могу поверить, что мы не сможем платить за квартиру в этом месяце.""",0
"""47. ""Я люблю изучать историю. Это так интересно узнавать о прошлом.""",0
"""48. ""Я не могу понять, почему все так любят этот фильм. Он такой старомодный.""",0
"""49. ""Наш офис организует тим-билдинг. Вы хотите присоединиться?""",0
"""50. ""Я люблю играть на пианино. Это так успокаивает мои нервы.""",0
"""1. ""В Москве ожидается дождливая погода в течение всего дня.""",0
"""2. ""Новая модель смартфона компании X выйдет в продажу уже на следующей неделе.""",0
"""3. ""Я очень благодарен нашей команде за отличную работу над этим проектом.""",0
"""4. ""К сожалению, наш рейс задерживается из-за плохих погодных условий.""",0
"""5. ""Я обожаю этот сериал, он так хитро закручен!""",0
"""6. ""Не забудьте включить фары в такой туман.""",0
"""7. ""Наш новый сайт будет запущен в ближайшие дни.""",0
"""8. ""Я хочу выучить французский язык, у вас есть какие-нибудь советы?""",0
"""9. ""Сегодня у нас в офисе день пиццы, всем желающим!""",0
"""10. ""Этот роман заставляет задуматься о смысле жизни.""",0
"""11. ""Наша школа организует экскурсию в музей искусств на следующей неделе.""",0
"""12. ""Я только что обнаружил замечательное приложение для изучения английского языка.""",0
"""13. ""Из-за сильного ветра на улицах города возможно отключение электроэнергии.""",0
"""14. ""Наш кофе в этом кафе просто восхитителен!""",0
"""15. ""Я собираюсь заняться йогой, чтобы справиться со стрессом.""",0
"""16. ""Мы очень благодарны нашим клиентам за прекрасные отзывы о нашей работе.""",0
"""17. ""Главное в любой ситуации - сохранять спокойствие и думать на несколько шагов вперед.""",0
"""18. ""Я пытаюсь приучить себя к здоровому питанию, но иногда так трудно удержаться от вкусной еды.""",0
"""19. ""Наш новый фильм уже доступен для просмотра в онлайн-кинотеатре.""",0
"""20. ""Я обожаю осень за ее краски и прохладный воздух.""",0
"""21. ""Наша компания объявила о сотрудничестве с известной маркой одежды.""",0
"""22. ""Я хочу научиться играть на гитаре, но пока у меня совсем не получается.""",0
"""23. ""Ура, завтра выходной! finally.""",0
"""24. ""Наш банк предлагает выгодные условия по кредитам на недвижимость.""",0
"""25. ""Я люблю читать перед сном, это так успокаивает.""",0
"""26. ""Наш магазин предлагает скидку 20% на все товары в этом месяце.""",0
"""27. ""Я расстраиваюсь, когда вижу, как люди относятся к окружающей среде.""",0
"""28. ""Наш следующий концерт состоится в конце месяца.""",0
"""29. ""Я хочу открыть свой малый бизнес, но не знаю, с чего начать.""",0
"""30. ""Наша компания выиграла конкурс на лучший дизайн интерьера.""",0
"""31. ""Я люблю гулять по паркам в солнечные дни.""",0
"""32. ""Наш новый альбом уже доступен для предзаказа.""",0
"""33. ""Я пытаюсь сократить использование пластика в своей жизни.""",0
"""34. ""Наша школа проводит конкурс рисунков на экологическую тему.""",0
"""35. ""Я так благодарен за вашу помощь в сложной ситуации.""",0
"""36. ""Наш новый ресторан открылся неделю назад и уже пользуется большой популярностью.""",0
"""37. ""Я люблю изучать истории других культур.""",0
"""38. ""Наша компания сообщает о росте продаж в этом квартале.""",0
"""39. ""Я хочу научиться готовить вкусные блюда из растительной пищи.""",0
"""40. ""Наш следующий спектакль будет посвящен теме равноправия.""",0
"""41. ""Я расстраиваюсь, когда люди не выключают свет, уходя из комнаты.""",0
"""42. ""Наш новый продукт уже доступен в магазинах.""",0
"""43. ""Я люблю слушать радио, пока еду на работу.""",0
"""44. ""Наша компания объявляет о расширении своей линейки продукции.""",0
"""45. ""Я хочу научиться медитировать, чтобы лучше справляться со стрессом.""",0
"""46. ""Наш новый фильм получил положительные отзывы критиков.""",0
"""47. ""Я люблю ходить в кино с друзьями.""",0
"""48. ""Наша компания сообщает об успешном завершении проекта.""",0
"""49. ""Я пытаюсь привить себе привычку делать зарядку по утрам.""",0
"""50. ""Наш новый альбом уже доступен на всех цифровых платформах.""",0
""". ""В Москве ожидается похолодание, поэтому не забудьте надеть теплую куртку.""",0
"""2. ""Новый смартфон от Apple уже в продаже, но стоит ли торопиться с покупкой?""",0
"""3. ""Яблони в нашем саду расцвели яркими белыми цветами.""",0
"""4. ""К сожалению, наше заседание придется перенести на следующую неделю.""",0
"""5. ""Вы когда-нибудь пробовали играть на гитаре? Это так расслабляет.""",0
"""6. ""Команда нашего офиса приняла участие в марафоне и собрала больше всего средств.""",0
"""7. ""Новый фильм о космосе уже в кинотеатрах, но стоит ли тратить на него время?""",0
"""8. ""Я не могу поверить, что моя кошка снова сбежала из дома.""",0
"""9. ""Наш сайт был взломан, и мы теряем клиентов. Нам срочно нужна помощь.""",0
"""10. ""Я люблю читать книги, особенно те, которые заставляют задуматься о жизни.""",0
"""11. ""Сегодня утром я нашел старую монету на улице. Может быть, мне повезет в лотерею?""",0
"""12. ""Мы должны закончить этот проект к концу недели. У всех есть время?""",0
"""13. ""Я не могу понять, почему все так любят этот сериал. Он такой предсказуемый.""",0
"""14. ""Наш магазин переезжает в новое здание. Надеюсь, это поможет нам расширить бизнес.""",0
"""15. ""Я не верю в гороскопы, но мой друг говорит, что они очень точные.""",0
"""16. ""Я не могу дождаться, чтобы пойти на концерт моей любимой группы сегодня вечером.""",0
"""17. ""Наш учитель математики так сложно объясняет, что я не могу понять ничего из того, что он говорит.""",0
"""18. ""Я люблю гулять в парке по выходным. Там так тихо и спокойно.""",0
"""19. ""Мы должны быть осторожны с нашими данными в интернете. Не стоит доверять всем сайтам.""",0
"""20. ""Я не могу представить, что будет, если мы не сможем платить за квартиру.""",0
"""21. ""Я люблю готовить новые блюда. Сегодня я попробую приготовить пасту.""",0
"""22. ""Я не могу поверить, что мы снова проиграли. Нам просто нужно играть лучше.""",0
"""23. ""Я не могу понять, почему все так любят этот фильм. Он такой старомодный.""",0
"""24. ""Я люблю путешествовать, но боюсь лететь на самолете. Как вы преодолеваете свой страх?""",0
"""25. ""Наш офис переходит на удаленную работу. Как вы относитесь к такой идее?""",0
"""26. ""Я не могу дождаться, чтобы пойти в кино сегодня вечером. Скажите, какой фильм вы хотите посмотреть?""",0
"""27. ""Я люблю ходить в фитнес-клуб. Это так полезно для здоровья.""",0
"""28. ""Я не могу поверить, что моя машина сломалась. Что теперь я буду делать?""",0
"""29. ""Я люблю играть в онлайн-игры. Это так увлекательно.""",0
"""30. ""Я не могу понять, почему все так любят этот сериал. Он такой предсказуемый.""",0
"""31. ""Наш офис организует благотворительную акцию. Вы хотите принять участие?""",0
"""32. ""Я не могу дождаться, чтобы пойти на концерт моей любимой группы сегодня вечером.""",0
"""33. ""Я люблю гулять в лесу. Там так тихо и спокойно.""",0
"""34. ""Я не могу поверить, что мы снова проиграли. Нам просто нужно играть лучше.""",0
"""35. ""Я не могу понять, почему все так любят этот фильм. Он такой старомодный.""",0
"""36. ""Я люблю изучать новые языки. Сейчас я учусь говорить на испанском.""",0
"""37. ""Наш офис переходит на гибкий график работы. Как вы относитесь к такой идее?""",0
"""38. ""Я не могу дождаться, чтобы пойти на выставку сегодня вечером. Скажите, какой художник вас вдохновляет?""",0
"""39. ""Я люблю ходить в библиотеку. Там так тихо и спокойно.""",0
"""40. ""Я не могу поверить, что моя кошка снова сбежала из дома.""",0
"""41. ""Я люблю играть в шахматы. Это так развивает логическое мышление.""",0
"""42. ""Я не могу понять, почему все так любят этот сериал. Он такой предсказуемый.""",0
"""43. ""Наш офис планирует провести корпоратив. Вы хотите присоединиться?""",0
"""44. ""Я не могу дождаться, чтобы пойти на концерт моей любимой группы сегодня вечером.""",0
"""45. ""Я люблю ходить в музей. Там так много истории и культуры.""",0
"""46. ""Я не могу поверить, что мы не сможем платить за квартиру в этом месяце.""",0
"""47. ""Я люблю изучать историю. Это так интересно узнавать о прошлом.""",0
"""48. ""Я не могу понять, почему все так любят этот фильм. Он такой старомодный.""",0
"""49. ""Наш офис организует тим-билдинг. Вы хотите присоединиться?""",0
"""50. ""Я люблю играть на пианино. Это так успокаивает мои нервы.""",0
""". ""В Москве ожидается похолодание, поэтому не забудьте надеть теплую куртку.""",0
"""2. ""Новый смартфон от Apple уже в продаже, но стоит ли торопиться с покупкой?""",0
"""3. ""Яблони в нашем саду расцвели яркими белыми цветами.""",0
"""4. ""К сожалению, наше заседание придется перенести на следующую неделю.""",0
"""5. ""Вы когда-нибудь пробовали играть на гитаре? Это так расслабляет.""",0
"""6. ""Команда нашего офиса приняла участие в марафоне и собрала больше всего средств.""",0
"""7. ""Новый фильм о космосе уже в кинотеатрах, но стоит ли тратить на него время?""",0
"""8. ""Я не могу поверить, что моя кошка снова сбежала из дома.""",0
"""9. ""Наш сайт был взломан, и мы теряем клиентов. Нам срочно нужна помощь.""",0
"""10. ""Я люблю читать книги, особенно те, которые заставляют задуматься о жизни.""",0
"""11. ""Сегодня утром я нашел старую монету на улице. Может быть, мне повезет в лотерею?""",0
"""12. ""Мы должны закончить этот проект к концу недели. У всех есть время?""",0
"""13. ""Я не могу понять, почему все так любят этот сериал. Он такой предсказуемый.""",0
"""14. ""Наш магазин переезжает в новое здание. Надеюсь, это поможет нам расширить бизнес.""",0
"""15. ""Я не верю в гороскопы, но мой друг говорит, что они очень точные.""",0
"""16. ""Я не могу дождаться, чтобы пойти на концерт моей любимой группы сегодня вечером.""",0
"""17. ""Наш учитель математики так сложно объясняет, что я не могу понять ничего из того, что он говорит.""",0
"""18. ""Я люблю гулять в парке по выходным. Там так тихо и спокойно.""",0
"""19. ""Мы должны быть осторожны с нашими данными в интернете. Не стоит доверять всем сайтам.""",0
"""20. ""Я не могу представить, что будет, если мы не сможем платить за квартиру.""",0
"""21. ""Я люблю готовить новые блюда. Сегодня я попробую приготовить пасту.""",0
"""22. ""Я не могу поверить, что мы снова проиграли. Нам просто нужно играть лучше.""",0
"""23. ""Я не могу понять, почему все так любят этот фильм. Он такой старомодный.""",0
"""24. ""Я люблю путешествовать, но боюсь лететь на самолете. Как вы преодолеваете свой страх?""",0
"""25. ""Наш офис переходит на удаленную работу. Как вы относитесь к такой идее?""",0
"""26. ""Я не могу дождаться, чтобы пойти в кино сегодня вечером. Скажите, какой фильм вы хотите посмотреть?""",0
"""27. ""Я люблю ходить в фитнес-клуб. Это так полезно для здоровья.""",0
"""28. ""Я не могу поверить, что моя машина сломалась. Что теперь я буду делать?""",0
"""29. ""Я люблю играть в онлайн-игры. Это так увлекательно.""",0
"""30. ""Я не могу понять, почему все так любят этот сериал. Он такой предсказуемый.""",0
"""31. ""Наш офис организует благотворительную акцию. Вы хотите принять участие?""",0
"""32. ""Я не могу дождаться, чтобы пойти на концерт моей любимой группы сегодня вечером.""",0
"""33. ""Я люблю гулять в лесу. Там так тихо и спокойно.""",0
"""34. ""Я не могу поверить, что мы снова проиграли. Нам просто нужно играть лучше.""",0
"""35. ""Я не могу понять, почему все так любят этот фильм. Он такой старомодный.""",0
"""36. ""Я люблю изучать новые языки. Сейчас я учусь говорить на испанском.""",0
"""37. ""Наш офис переходит на гибкий график работы. Как вы относитесь к такой идее?""",0
"""38. ""Я не могу дождаться, чтобы пойти на выставку сегодня вечером. Скажите, какой художник вас вдохновляет?""",0
"""39. ""Я люблю ходить в библиотеку. Там так тихо и спокойно.""",0
"""40. ""Я не могу поверить, что моя кошка снова сбежала из дома.""",0
"""41. ""Я люблю играть в шахматы. Это так развивает логическое мышление.""",0
"""42. ""Я не могу понять, почему все так любят этот сериал. Он такой предсказуемый.""",0
"""43. ""Наш офис планирует провести корпоратив. Вы хотите присоединиться?""",0
"""44. ""Я не могу дождаться, чтобы пойти на концерт моей любимой группы сегодня вечером.""",0
"""45. ""Я люблю ходить в музей. Там так много истории и культуры.""",0
"""46. ""Я не могу поверить, что мы не сможем платить за квартиру в этом месяце.""",0
"""47. ""Я люблю изучать историю. Это так интересно узнавать о прошлом.""",0
"""48. ""Я не могу понять, почему все так любят этот фильм. Он такой старомодный.""",0
"""49. ""Наш офис организует тим-билдинг. Вы хотите присоединиться?""",0
"""50. ""Я люблю играть на пианино. Это так успокаивает мои нервы.""",0
"""1. ""В Москве ожидается небольшой дождь, температура воздуха составит 18 градусов.""",0
"""2. ""Новый смартфон от Apple получил отличные отзывы критиков.""",0
"""3. ""Приглашаем всех на концерт классической музыки в этом выходные.""",0
"""4. ""Сегодня я попробовал новый рецепт лазаньи - вкуснятина!""",0
"""5. ""Срочно требуются программисты для нашего проекта, зарплата от 80 000 рублей.""",0
"""6. ""Вот и закончился еще один рабочий день, теперь можно немного отдохнуть.""",0
"""7. ""Новый фильм от Marvel опять стал хитом кассовых сборов.""",0
"""8. ""Я наконец-то закончила читать книгу, над которой работала полгода.""",0
"""9. ""Жена подарила мне на день рождения новые гольфы, прямо в кайф играть!""",0
"""10. ""Президент объявил о введении новых мер поддержки малого бизнеса.""",0
"""11. ""Лучшие друзья - это те, кто всегда поддержит тебя в трудную минуту.""",0
"""12. ""В ближайшие дни нас ждет ухудшение погоды, будьте осторожны на дорогах.""",0
"""13. ""Я только что вернулся из отпуска, было круто!""",0
"""14. ""Наш отдел выиграл грант на развитие эко-проекта, отличная новость!""",0
"""15. ""В этом году я хочу научиться играть на гитаре, может даже записаться в группу.""",0
"""16. ""Машина не заводится, уже второй день сижу без транспорта.""",0
"""17. ""В школе объявили конкурс научных проектов, я participé.""",0
"""18. ""Последнее время я часто болею, может стоит сходить к врачу?""",0
"""19. ""Я люблю свою работу, но иногда хочется просто взять и уехать куда-нибудь.""",0
"""20. ""В этом году мы отмечаем 10-летие нашей компании, будет грандиозный праздник!""",0
"""21. ""Каждое утро я делаю зарядку, это отлично бодрит и заряжает на целый день.""",0
"""22. ""Я недавно открыл для себя мексиканскую кухню, просто обожаю все эти острые блюда.""",0
"""23. ""Наш город участвует в конкурсе самых зеленых городов, голосуйте за нас!""",0
"""24. ""У меня есть идея для стартапа, но пока не знаю, как реализовать ее.""",0
"""25. ""Сегодня я целый день провожу за компьютером, нужно больше отдыхать.""",0
"""26. ""Наш футбол клуб выиграл чемпионат, я так горжусь ими!""",0
"""27. ""Я хочу завести домашнее животное, может кошку или маленькую собачку.""",0
"""28. ""В ближайшее время нас ждут большие перемены, но пока я не могу ничего сказать.""",0
"""29. ""Я люблю слушать подкасты во время утренней пробежки, вдохновляют на весь день.""",0
"""30. ""В нашем офисе сегодня день рождения у трех сотрудников, будем отмечать вместе.""",0
"""31. ""Я recently started learning coding, it's quite challenging but fun.""",0
"""32. ""В этом месяце мы отмечаем годовщину нашей свадьбы, надо придумать что-то особенное.""",0
"""33. ""Я обожаю осень, такой уютный сезон с дождями и листвой.""",0
"""34. ""Наш проект получил премию в области инноваций, это большая честь для нас.""",0
"""35. ""Я хочу научиться готовить настоящую итальянскую пиццу, может даже открыть свою пиццерию.""",0
"""36. ""В последнее время я часто работаю из дома, это очень удобно, но иногда скучаю по команде.""",0
"""37. ""Сегодня я весь день провел на природе, настоящий релакс после недели работы.""",0
"""38. ""Я часто хожу в кинотеатр, люблю смотреть фильмы на большом экране.""",0
"""39. ""Нам нужно срочно найти новую квартиру, наша аренда заканчивается в конце месяца.""",0
"""40. ""Я давно не видел своих друзей, пора как-то собраться и пообщаться.""",0
"""41. ""В этом году я хочу начать свой бизнес, пока еще не знаю какой именно, но обязательно что-то креативное.""",0
"""42. ""Я закончил читать последнюю книгу Стивена Кинга, просто великолепно!""",0
"""43. ""На прошлых выходных мы ходили на концерт моей любимой группы, было просто супер!""",0
"""44. ""Я давно хочу заняться йогой, но все как-то не могу начать.""",0
"""45. ""Наш новый рекламный campaign уже запущен, ждем первых результатов.""",0
"""46. ""Я люблю путешествовать, в этом году хочу побывать в Азии.""",0
"""47. ""Я только что вернулся со своего первого марафона, чувствую себя настоящим героем!""",0
"""48. ""Мы только что запустили наше новое мобильное приложение, ждем ваших отзывов.""",0
"""49. ""В последнее время я часто задумываюсь о смене профессии, но пока не знаю чего хочу.""",0
"""50. ""Я обожаю животных, особенно кошек, они такие милые и независимые.""",0
""". ""В Москве ожидается похолодание, поэтому не забудьте надеть теплую куртку.""",0
"""2. ""Новый смартфон от Apple уже в продаже, но стоит ли торопиться с покупкой?""",0
"""3. ""Яблони в нашем саду расцвели яркими белыми цветами.""",0
"""4. ""К сожалению, наше заседание придется перенести на следующую неделю.""",0
"""5. ""Вы когда-нибудь пробовали играть на гитаре? Это так расслабляет.""",0
"""6. ""Команда нашего офиса приняла участие в марафоне и собрала больше всего средств.""",0
"""7. ""Новый фильм о космосе уже в кинотеатрах, но стоит ли тратить на него время?""",0
"""8. ""Я не могу поверить, что моя кошка снова сбежала из дома.""",0
"""9. ""Наш сайт был взломан, и мы теряем клиентов. Нам срочно нужна помощь.""",0
"""10. ""Я люблю читать книги, особенно те, которые заставляют задуматься о жизни.""",0
"""11. ""Сегодня утром я нашел старую монету на улице. Может быть, мне повезет в лотерею?""",0
"""12. ""Мы должны закончить этот проект к концу недели. У всех есть время?""",0
"""13. ""Я не могу понять, почему все так любят этот сериал. Он такой предсказуемый.""",0
"""14. ""Наш магазин переезжает в новое здание. Надеюсь, это поможет нам расширить бизнес.""",0
"""15. ""Я не верю в гороскопы, но мой друг говорит, что они очень точные.""",0
"""16. ""Я не могу дождаться, чтобы пойти на концерт моей любимой группы сегодня вечером.""",0
"""17. ""Наш учитель математики так сложно объясняет, что я не могу понять ничего из того, что он говорит.""",0
"""18. ""Я люблю гулять в парке по выходным. Там так тихо и спокойно.""",0
"""19. ""Мы должны быть осторожны с нашими данными в интернете. Не стоит доверять всем сайтам.""",0
"""20. ""Я не могу представить, что будет, если мы не сможем платить за квартиру.""",0
"""21. ""Я люблю готовить новые блюда. Сегодня я попробую приготовить пасту.""",0
"""22. ""Я не могу поверить, что мы снова проиграли. Нам просто нужно играть лучше.""",0
"""23. ""Я не могу понять, почему все так любят этот фильм. Он такой старомодный.""",0
"""24. ""Я люблю путешествовать, но боюсь лететь на самолете. Как вы преодолеваете свой страх?""",0
"""25. ""Наш офис переходит на удаленную работу. Как вы относитесь к такой идее?""",0
"""26. ""Я не могу дождаться, чтобы пойти в кино сегодня вечером. Скажите, какой фильм вы хотите посмотреть?""",0
"""27. ""Я люблю ходить в фитнес-клуб. Это так полезно для здоровья.""",0
"""28. ""Я не могу поверить, что моя машина сломалась. Что теперь я буду делать?""",0
"""29. ""Я люблю играть в онлайн-игры. Это так увлекательно.""",0
"""30. ""Я не могу понять, почему все так любят этот сериал. Он такой предсказуемый.""",0
"""31. ""Наш офис организует благотворительную акцию. Вы хотите принять участие?""",0
"""32. ""Я не могу дождаться, чтобы пойти на концерт моей любимой группы сегодня вечером.""",0
"""33. ""Я люблю гулять в лесу. Там так тихо и спокойно.""",0
"""34. ""Я не могу поверить, что мы снова проиграли. Нам просто нужно играть лучше.""",0
"""35. ""Я не могу понять, почему все так любят этот фильм. Он такой старомодный.""",0
"""36. ""Я люблю изучать новые языки. Сейчас я учусь говорить на испанском.""",0
"""37. ""Наш офис переходит на гибкий график работы. Как вы относитесь к такой идее?""",0
"""38. ""Я не могу дождаться, чтобы пойти на выставку сегодня вечером. Скажите, какой художник вас вдохновляет?""",0
"""39. ""Я люблю ходить в библиотеку. Там так тихо и спокойно.""",0
"""40. ""Я не могу поверить, что моя кошка снова сбежала из дома.""",0
"""41. ""Я люблю играть в шахматы. Это так развивает логическое мышление.""",0
"""42. ""Я не могу понять, почему все так любят этот сериал. Он такой предсказуемый.""",0
"""43. ""Наш офис планирует провести корпоратив. Вы хотите присоединиться?""",0
"""44. ""Я не могу дождаться, чтобы пойти на концерт моей любимой группы сегодня вечером.""",0
"""45. ""Я люблю ходить в музей. Там так много истории и культуры.""",0
"""46. ""Я не могу поверить, что мы не сможем платить за квартиру в этом месяце.""",0
"""47. ""Я люблю изучать историю. Это так интересно узнавать о прошлом.""",0
"""48. ""Я не могу понять, почему все так любят этот фильм. Он такой старомодный.""",0
"""49. ""Наш офис организует тим-билдинг. Вы хотите присоединиться?""",0
"""50. ""Я люблю играть на пианино. Это так успокаивает мои нервы.""",0
""". ""В Москве ожидается похолодание, поэтому не забудьте надеть теплую куртку.""",0
"""2. ""Новый смартфон от Apple уже в продаже, но стоит ли торопиться с покупкой?""",0
"""3. ""Яблони в нашем саду расцвели яркими белыми цветами.""",0
"""4. ""К сожалению, наше заседание придется перенести на следующую неделю.""",0
"""5. ""Вы когда-нибудь пробовали играть на гитаре? Это так расслабляет.""",0
"""6. ""Команда нашего офиса приняла участие в марафоне и собрала больше всего средств.""",0
"""7. ""Новый фильм о космосе уже в кинотеатрах, но стоит ли тратить на него время?""",0
"""8. ""Я не могу поверить, что моя кошка снова сбежала из дома.""",0
"""9. ""Наш сайт был взломан, и мы теряем клиентов. Нам срочно нужна помощь.""",0
"""10. ""Я люблю читать книги, особенно те, которые заставляют задуматься о жизни.""",0
"""11. ""Сегодня утром я нашел старую монету на улице. Может быть, мне повезет в лотерею?""",0
"""12. ""Мы должны закончить этот проект к концу недели. У всех есть время?""",0
"""13. ""Я не могу понять, почему все так любят этот сериал. Он такой предсказуемый.""",0
"""14. ""Наш магазин переезжает в новое здание. Надеюсь, это поможет нам расширить бизнес.""",0
"""15. ""Я не верю в гороскопы, но мой друг говорит, что они очень точные.""",0
"""16. ""Я не могу дождаться, чтобы пойти на концерт моей любимой группы сегодня вечером.""",0
"""17. ""Наш учитель математики так сложно объясняет, что я не могу понять ничего из того, что он говорит.""",0
"""18. ""Я люблю гулять в парке по выходным. Там так тихо и спокойно.""",0
"""19. ""Мы должны быть осторожны с нашими данными в интернете. Не стоит доверять всем сайтам.""",0
"""20. ""Я не могу представить, что будет, если мы не сможем платить за квартиру.""",0
"""21. ""Я люблю готовить новые блюда. Сегодня я попробую приготовить пасту.""",0
"""22. ""Я не могу поверить, что мы снова проиграли. Нам просто нужно играть лучше.""",0
"""23. ""Я не могу понять, почему все так любят этот фильм. Он такой старомодный.""",0
"""24. ""Я люблю путешествовать, но боюсь лететь на самолете. Как вы преодолеваете свой страх?""",0
"""25. ""Наш офис переходит на удаленную работу. Как вы относитесь к такой идее?""",0
"""26. ""Я не могу дождаться, чтобы пойти в кино сегодня вечером. Скажите, какой фильм вы хотите посмотреть?""",0
"""27. ""Я люблю ходить в фитнес-клуб. Это так полезно для здоровья.""",0
"""28. ""Я не могу поверить, что моя машина сломалась. Что теперь я буду делать?""",0
"""29. ""Я люблю играть в онлайн-игры. Это так увлекательно.""",0
"""30. ""Я не могу понять, почему все так любят этот сериал. Он такой предсказуемый.""",0
"""31. ""Наш офис организует благотворительную акцию. Вы хотите принять участие?""",0
"""32. ""Я не могу дождаться, чтобы пойти на концерт моей любимой группы сегодня вечером.""",0
"""33. ""Я люблю гулять в лесу. Там так тихо и спокойно.""",0
"""34. ""Я не могу поверить, что мы снова проиграли. Нам просто нужно играть лучше.""",0
"""35. ""Я не могу понять, почему все так любят этот фильм. Он такой старомодный.""",0
"""36. ""Я люблю изучать новые языки. Сейчас я учусь говорить на испанском.""",0
"""37. ""Наш офис переходит на гибкий график работы. Как вы относитесь к такой идее?""",0
"""38. ""Я не могу дождаться, чтобы пойти на выставку сегодня вечером. Скажите, какой художник вас вдохновляет?""",0
"""39. ""Я люблю ходить в библиотеку. Там так тихо и спокойно.""",0
"""40. ""Я не могу поверить, что моя кошка снова сбежала из дома.""",0
"""41. ""Я люблю играть в шахматы. Это так развивает логическое мышление.""",0
"""42. ""Я не могу понять, почему все так любят этот сериал. Он такой предсказуемый.""",0
"""43. ""Наш офис планирует провести корпоратив. Вы хотите присоединиться?""",0
"""44. ""Я не могу дождаться, чтобы пойти на концерт моей любимой группы сегодня вечером.""",0
"""45. ""Я люблю ходить в музей. Там так много истории и культуры.""",0
"""46. ""Я не могу поверить, что мы не сможем платить за квартиру в этом месяце.""",0
"""47. ""Я люблю изучать историю. Это так интересно узнавать о прошлом.""",0
"""48. ""Я не могу понять, почему все так любят этот фильм. Он такой старомодный.""",0
"""49. ""Наш офис организует тим-билдинг. Вы хотите присоединиться?""",0
"""50. ""Я люблю играть на пианино. Это так успокаивает мои нервы.""",0
"""1. ""В Москве ожидается дождь на выходных.""",0
"""2. ""Новая версия нашего ПО уже доступна для скачивания.""",0
"""3. ""Не забудьте полить цветы перед уходом на работу.""",0
"""4. ""Мой любимый фильм - это классика кино.""",0
"""5. ""Работа над проектом идет согласно плану.""",0
"""6. ""Пойду прогуляюсь в парке перед сном.""",0
"""7. ""Этот новый ресторан - настоящая находка!""",0
"""8. ""Увидел прекрасный закат сегодня вечером.""",0
"""9. ""Жена подарила мне книгу на день рождения.""",0
"""10. ""Наша команда выиграла конкурс.""",0
"""11. ""Завтра у нас важное совещание, будьте готовы.""",0
"""12. ""Люблю проводить время за чтением.""",0
"""13. ""Новый смартфон у меня просто летает!""",0
"""14. ""Сегодня был очень продуктивный день.""",0
"""15. ""Дети были счастливы на празднике в школе.""",0
"""16. ""Внимание, изменения в расписании автобусов.""",0
"""17. ""Мой кот - лучший компаньон для фильма.""",0
"""18. ""Наконец-то закончил отчет.""",0
"""19. ""В воскресенье иду на концерт.""",0
"""20. ""Погода отличная для пикника.""",0
"""21. ""Что такое блокчейн?""",0
"""22. ""Мой сын превосходно играет на гитаре.""",0
"""23. ""Сегодня день рождения моего лучшего друга.""",0
"""24. ""Новая коллекция одежды уже в магазине.""",0
"""25. ""Увидел замечательный documentary вчера.""",0
"""26. ""Наш отдел получил награду за работу.""",0
"""27. ""Пойду на йогу после работы.""",0
"""28. ""Мой сад расцвел этой весной.""",0
"""29. ""Жду не дождусь отпуска.""",0
"""30. ""Новый сериал - настоящее приключение.""",0
"""31. ""Сегодняшнее утро было возмутительно холодным.""",0
"""32. ""Наш проект успешно завершен.""",0
"""33. ""Люблю готовить новые блюда.""",0
"""34. ""Вчера ходил в музей с детьми.""",0
"""35. ""Моя машина наконец-то заработала после ремонта.""",0
"""36. ""У меня есть новая идея для бизнеса.""",0
"""37. ""Наш офис переезжает в следующем месяце.""",0
"""38. ""Сестра вернулась из командировки.""",0
"""39. ""В выходные я планирую заниматься садом.""",0
"""40. ""Ужасный трафик на дорогах сегодня.""",0
"""41. ""Мой лучший друг открыл свой бизнес.""",0
"""42. ""Разделение оплаты между всеми участниками поездки - отличная идея.""",0
"""43. ""Последняя книга моего любимого автора - настоящее разочарование.""",0
"""44. ""Наш новый клиент очень доволен работой.""",0
"""45. ""Люблю слушать подкасты во время бега.""",0
"""46. ""В нашем районе открылся новый парк.""",0
"""47. ""Ищем новых участников для нашего клуба.""",0
"""48. ""Мой ребенок получил высокую оценку за проект.""",0
"""49. ""Внимание всем, изменения в расписании поездов.""",0
"""50. ""Сегодня я учусь новому языку.""",0
""". ""В Москве ожидается похолодание, поэтому не забудьте надеть теплую куртку.""",0
"""2. ""Новый смартфон от Apple уже в продаже, но стоит ли торопиться с покупкой?""",0
"""3. ""Яблони в нашем саду расцвели яркими белыми цветами.""",0
"""4. ""К сожалению, наше заседание придется перенести на следующую неделю.""",0
"""5. ""Вы когда-нибудь пробовали играть на гитаре? Это так расслабляет.""",0
"""6. ""Команда нашего офиса приняла участие в марафоне и собрала больше всего средств.""",0
"""7. ""Новый фильм о космосе уже в кинотеатрах, но стоит ли тратить на него время?""",0
"""8. ""Я не могу поверить, что моя кошка снова сбежала из дома.""",0
"""9. ""Наш сайт был взломан, и мы теряем клиентов. Нам срочно нужна помощь.""",0
"""10. ""Я люблю читать книги, особенно те, которые заставляют задуматься о жизни.""",0
"""11. ""Сегодня утром я нашел старую монету на улице. Может быть, мне повезет в лотерею?""",0
"""12. ""Мы должны закончить этот проект к концу недели. У всех есть время?""",0
"""13. ""Я не могу понять, почему все так любят этот сериал. Он такой предсказуемый.""",0
"""14. ""Наш магазин переезжает в новое здание. Надеюсь, это поможет нам расширить бизнес.""",0
"""15. ""Я не верю в гороскопы, но мой друг говорит, что они очень точные.""",0
"""16. ""Я не могу дождаться, чтобы пойти на концерт моей любимой группы сегодня вечером.""",0
"""17. ""Наш учитель математики так сложно объясняет, что я не могу понять ничего из того, что он говорит.""",0
"""18. ""Я люблю гулять в парке по выходным. Там так тихо и спокойно.""",0
"""19. ""Мы должны быть осторожны с нашими данными в интернете. Не стоит доверять всем сайтам.""",0
"""20. ""Я не могу представить, что будет, если мы не сможем платить за квартиру.""",0
"""21. ""Я люблю готовить новые блюда. Сегодня я попробую приготовить пасту.""",0
"""22. ""Я не могу поверить, что мы снова проиграли. Нам просто нужно играть лучше.""",0
"""23. ""Я не могу понять, почему все так любят этот фильм. Он такой старомодный.""",0
"""24. ""Я люблю путешествовать, но боюсь лететь на самолете. Как вы преодолеваете свой страх?""",0
"""25. ""Наш офис переходит на удаленную работу. Как вы относитесь к такой идее?""",0
"""26. ""Я не могу дождаться, чтобы пойти в кино сегодня вечером. Скажите, какой фильм вы хотите посмотреть?""",0
"""27. ""Я люблю ходить в фитнес-клуб. Это так полезно для здоровья.""",0
"""28. ""Я не могу поверить, что моя машина сломалась. Что теперь я буду делать?""",0
"""29. ""Я люблю играть в онлайн-игры. Это так увлекательно.""",0
"""30. ""Я не могу понять, почему все так любят этот сериал. Он такой предсказуемый.""",0
"""31. ""Наш офис организует благотворительную акцию. Вы хотите принять участие?""",0
"""32. ""Я не могу дождаться, чтобы пойти на концерт моей любимой группы сегодня вечером.""",0
"""33. ""Я люблю гулять в лесу. Там так тихо и спокойно.""",0
"""34. ""Я не могу поверить, что мы снова проиграли. Нам просто нужно играть лучше.""",0
"""35. ""Я не могу понять, почему все так любят этот фильм. Он такой старомодный.""",0
"""36. ""Я люблю изучать новые языки. Сейчас я учусь говорить на испанском.""",0
"""37. ""Наш офис переходит на гибкий график работы. Как вы относитесь к такой идее?""",0
"""38. ""Я не могу дождаться, чтобы пойти на выставку сегодня вечером. Скажите, какой художник вас вдохновляет?""",0
"""39. ""Я люблю ходить в библиотеку. Там так тихо и спокойно.""",0
"""40. ""Я не могу поверить, что моя кошка снова сбежала из дома.""",0
"""41. ""Я люблю играть в шахматы. Это так развивает логическое мышление.""",0
"""42. ""Я не могу понять, почему все так любят этот сериал. Он такой предсказуемый.""",0
"""43. ""Наш офис планирует провести корпоратив. Вы хотите присоединиться?""",0
"""44. ""Я не могу дождаться, чтобы пойти на концерт моей любимой группы сегодня вечером.""",0
"""45. ""Я люблю ходить в музей. Там так много истории и культуры.""",0
"""46. ""Я не могу поверить, что мы не сможем платить за квартиру в этом месяце.""",0
"""47. ""Я люблю изучать историю. Это так интересно узнавать о прошлом.""",0
"""48. ""Я не могу понять, почему все так любят этот фильм. Он такой старомодный.""",0
"""49. ""Наш офис организует тим-билдинг. Вы хотите присоединиться?""",0
"""50. ""Я люблю играть на пианино. Это так успокаивает мои нервы.""",0
"""1. ""Сегодня дождь, поэтому я остаюсь дома и смотрю фильм.""",0
"""2. ""Новая версия нашего ПО уже доступна для скачивания на официальном сайте.""",0
"""3. ""Я получил distinguishes за мой проект на выставке.""",0
"""4. ""Этот ресторан предлагает изумительную итальянскую кухню. Обязательно попробуйте их пасту!""",0
"""5. ""Срочно требуются сотрудники для работы в офисе. Звоните по указанному номеру.""",0
"""6. ""Лунная ночь сегодня просто потрясающая. Надо бы пойти и полюбоваться на неё.""",0
"""7. ""Наш новый продукт поможет вам экономить время и деньги в офисе.""",0
"""8. ""Я так и не смогла понять, что хотел сказать этот художник своей картиной.""",0
"""9. ""Сегодня утром я нашёл замечательную кофейню по дороге на работу.""",0
"""10. ""Наш коллектив гордится тем, что мы успешно завершили проект в срок.""",0
"""11. ""Я бы хотел научиться играть на гитаре, но пока у меня не хватает времени.""",0
"""12. ""В этом месяце мы запускаем новую линию одежды. Будет очень стильно!""",0
"""13. ""Погода в последнее время очень переменчивая. Сегодня опять дождь.""",0
"""14. ""Мы ищем талантливых программистов для работы в нашей команде.""",0
"""15. ""Я люблю путешествовать, но иногда просто хочется остаться дома и почитать.""",0
"""16. ""Наша компания получила престижную премию за инновации в области технологий.""",0
"""17. ""Я не понимаю, почему так много людей любят этот сериал. Он на самом деле неинтересный.""",0
"""18. ""Сегодня в парке была замечательная атмосфера. Было так приятно погулять там.""",0
"""19. ""Наш новый сайт будет готов к запуску через две недели. Будьте на связи!""",0
"""20. ""Я так благодарен учителю, который помог мне понять сложную тему.""",0
"""21. ""Я бы хотел научиться готовить, но у меня пока не получается.""",0
"""22. ""Наша компания расширяет свои возможности и открывает офис в another city.""",0
"""23. ""Я не люблю ходить в кинотеатр, предпочитаю смотреть фильмы дома.""",0
"""24. ""Мы получили отличные отзывы от наших клиентов после последней презентации.""",0
"""25. ""Я хочу научиться разговаривать на another language.""",0
"""26. ""Наш новый магазин открылся сегодня. Приходите и магазинте наши новинки!""",0
"""27. ""Я не люблю ранние утренние пробежки, но знаю, что они полезны для здоровья.""",0
"""28. ""Наш проект получил грант на дальнейшее развитие. Это большая честь для нас.""",0
"""29. ""Я так люблю слушать дождь, когда сижу дома и читаю книгу.""",0
"""30. ""Мы ищем новых членов для нашего книжного клуба. Присоединяйтесь!""",0
"""31. ""Я не понимаю, как люди могут есть так много сладкого. У меня от этого болит живот.""",0
"""32. ""Наш новый альбом уже доступен для скачивания. Надеюсь, вам понравится!""",0
"""33. ""Я хочу научиться играть в chess, но пока не нашел подходящего партнера для игры.""",0
"""34. ""Наш новый ресторан открылся сегодня. Приходите и попробуйте нашу кухню!""",0
"""35. ""Я так благодарен за возможность посетить ту выставку. Это был потрясающий опыт.""",0
"""36. ""Я не люблю ходить в торговые центры, там всегда так много людей.""",0
"""37. ""Наша компания запускает новую линию косметики. Оставайтесь на связи для подробностей!""",0
"""38. ""Я хочу научиться рисовать, но пока не нашел время для занятий.""",0
"""39. ""Наш новый фильм уже доступен для просмотра в кинотеатрах. Не пропустите!""",0
"""40. ""Я так благодарен за возможность поработать с такой талантливой командой.""",0
"""41. ""Я не понимаю, как люди могут так много времени проводить в социальных сетях.""",0
"""42. ""Наш новый сайт поможет вам легче планировать ваши путешествия.""",0
"""43. ""Я хочу научиться играть на пианино, но пока не нашел времени для занятий.""",0
"""44. ""Наш новый продукт поможет вам сэкономить время и деньги в быту.""",0
"""45. ""Я так благодарен за возможность посетить ту конференцию. Это было очень полезно.""",0
"""46. ""Я не люблю ходить в клубы, предпочитаю тихие вечера дома с книгой.""",0
"""47. ""Наш новый магазин открылся сегодня. Приходите и ознакомьтесь с нашими новинками!""",0
"""48. ""Я хочу научиться готовить вкусную итальянскую кухню, но пока не нашел время для обучения.""",0
"""49. ""Наш проект получил признание на международном уровне. Это большая честь для нас.""",0
"""50. ""Я не понимаю, как люди могут так много работать и не уделять время отдыху.""",0
""". ""В Москве ожидается похолодание, поэтому не забудьте надеть теплую куртку.""",0
"""2. ""Новый смартфон от Apple уже в продаже, но стоит ли торопиться с покупкой?""",0
"""3. ""Яблони в нашем саду расцвели яркими белыми цветами.""",0
"""4. ""К сожалению, наше заседание придется перенести на следующую неделю.""",0
"""5. ""Вы когда-нибудь пробовали играть на гитаре? Это так расслабляет.""",0
"""6. ""Команда нашего офиса приняла участие в марафоне и собрала больше всего средств.""",0
"""7. ""Новый фильм о космосе уже в кинотеатрах, но стоит ли тратить на него время?""",0
"""8. ""Я не могу поверить, что моя кошка снова сбежала из дома.""",0
"""9. ""Наш сайт был взломан, и мы теряем клиентов. Нам срочно нужна помощь.""",0
"""10. ""Я люблю читать книги, особенно те, которые заставляют задуматься о жизни.""",0
"""11. ""Сегодня утром я нашел старую монету на улице. Может быть, мне повезет в лотерею?""",0
"""12. ""Мы должны закончить этот проект к концу недели. У всех есть время?""",0
"""13. ""Я не могу понять, почему все так любят этот сериал. Он такой предсказуемый.""",0
"""14. ""Наш магазин переезжает в новое здание. Надеюсь, это поможет нам расширить бизнес.""",0
"""15. ""Я не верю в гороскопы, но мой друг говорит, что они очень точные.""",0
"""16. ""Я не могу дождаться, чтобы пойти на концерт моей любимой группы сегодня вечером.""",0
"""17. ""Наш учитель математики так сложно объясняет, что я не могу понять ничего из того, что он говорит.""",0
"""18. ""Я люблю гулять в парке по выходным. Там так тихо и спокойно.""",0
"""19. ""Мы должны быть осторожны с нашими данными в интернете. Не стоит доверять всем сайтам.""",0
"""20. ""Я не могу представить, что будет, если мы не сможем платить за квартиру.""",0
"""21. ""Я люблю готовить новые блюда. Сегодня я попробую приготовить пасту.""",0
"""22. ""Я не могу поверить, что мы снова проиграли. Нам просто нужно играть лучше.""",0
"""23. ""Я не могу понять, почему все так любят этот фильм. Он такой старомодный.""",0
"""24. ""Я люблю путешествовать, но боюсь лететь на самолете. Как вы преодолеваете свой страх?""",0
"""25. ""Наш офис переходит на удаленную работу. Как вы относитесь к такой идее?""",0
"""26. ""Я не могу дождаться, чтобы пойти в кино сегодня вечером. Скажите, какой фильм вы хотите посмотреть?""",0
"""27. ""Я люблю ходить в фитнес-клуб. Это так полезно для здоровья.""",0
"""28. ""Я не могу поверить, что моя машина сломалась. Что теперь я буду делать?""",0
"""29. ""Я люблю играть в онлайн-игры. Это так увлекательно.""",0
"""30. ""Я не могу понять, почему все так любят этот сериал. Он такой предсказуемый.""",0
"""31. ""Наш офис организует благотворительную акцию. Вы хотите принять участие?""",0
"""32. ""Я не могу дождаться, чтобы пойти на концерт моей любимой группы сегодня вечером.""",0
"""33. ""Я люблю гулять в лесу. Там так тихо и спокойно.""",0
"""34. ""Я не могу поверить, что мы снова проиграли. Нам просто нужно играть лучше.""",0
"""35. ""Я не могу понять, почему все так любят этот фильм. Он такой старомодный.""",0
"""36. ""Я люблю изучать новые языки. Сейчас я учусь говорить на испанском.""",0
"""37. ""Наш офис переходит на гибкий график работы. Как вы относитесь к такой идее?""",0
"""38. ""Я не могу дождаться, чтобы пойти на выставку сегодня вечером. Скажите, какой художник вас вдохновляет?""",0
"""39. ""Я люблю ходить в библиотеку. Там так тихо и спокойно.""",0
"""40. ""Я не могу поверить, что моя кошка снова сбежала из дома.""",0
"""41. ""Я люблю играть в шахматы. Это так развивает логическое мышление.""",0
"""42. ""Я не могу понять, почему все так любят этот сериал. Он такой предсказуемый.""",0
"""43. ""Наш офис планирует провести корпоратив. Вы хотите присоединиться?""",0
"""44. ""Я не могу дождаться, чтобы пойти на концерт моей любимой группы сегодня вечером.""",0
"""45. ""Я люблю ходить в музей. Там так много истории и культуры.""",0
"""46. ""Я не могу поверить, что мы не сможем платить за квартиру в этом месяце.""",0
"""47. ""Я люблю изучать историю. Это так интересно узнавать о прошлом.""",0
"""48. ""Я не могу понять, почему все так любят этот фильм. Он такой старомодный.""",0
"""49. ""Наш офис организует тим-билдинг. Вы хотите присоединиться?""",0
"""50. ""Я люблю играть на пианино. Это так успокаивает мои нервы.""",0
"""1. ""В Москве ожидается сильный снегопад, просьба быть осторожными на дорогах.""",0
"""2. ""Новая версия нашего программного обеспечения вышла сегодня. Рекомендуем всем пользователям обновиться.""",0
"""3. ""Сегодня была очень продуктивная встреча с коллегами, мы наметили планы на следующий квартал.""",0
"""4. ""Я в восторге от 새로 купленных наушников! Звук просто потрясающий.""",0
"""5. ""Наш новый проект требует знаний в области машинного обучения. Если у вас есть опыт, мы будем рады рассмотреть вашу кандидатуру.""",0
"""6. ""К сожалению, нам придется отменить концерт из-за непредвиденных обстоятельств. Билеты можно вернуть в кассах.""",0
"""7. ""Я люблю читать книги перед сном, они меня расслабляют и готовят ко сну.""",0
"""8. ""Наша команда выиграла сегодняшний матч! Было очень напряженно, но мы справились.""",0
"""9. ""В нашем городе планируется открытие нового парка. Это отличная новость для всех любителей природы.""",0
"""10. ""Я не могу дождаться выходных, чтобы наконец-то заняться своими хобби.""",0
"""11. ""Наша компания объявляет о снижении цен на все наши товары на этой неделе.""",0
"""12. ""Я недавно начал изучать языки программирования, это очень увлекательно и полезно.""",0
"""13. ""Наша семейная поездка в горы была просто незабываемой. Мы наслаждались прекрасной природой и свежим воздухом.""",0
"""14. ""Я хочу поблагодарить всех сотрудников за отличную работу в этом квартале. Наш общий труд принес отличные результаты.""",0
"""15. ""Сегодня я решила приготовить новое блюдо, которое давно хотела попробовать. Вышло очень вкусно!""",0
"""16. ""Мы очень рады объявить, что наши клиенты могут теперь воспользоваться новой услугой, которая поможет им сэкономить время и деньги.""",0
"""17. ""Я люблю смотреть фильмы в кинотеатрах, там атмосфера совсем другая, чем дома.""",0
"""18. ""Наша компания участвует в благотворительной акции по сбору вещей для детей из детских домов. Присоединяйтесь к нам!""",0
"""19. ""Я не люблю ходить по магазинам, поэтому предпочитаю делать покупки онлайн.""",0
"""20. ""Наша команда разработчиков работает над новой функцией, которая поможет нашим пользователям лучше взаимодействовать друг с другом.""",0
"""21. ""Я люблю слушать подкасты во время занятий спортом, это делает тренировки более интересными.""",0
"""22. ""Наш новый проект требует креативного подхода к решению задач. Если у вас есть идеи, мы будем рады их услышать.""",0
"""23. ""Сегодня я открыл для себя совершенно новое хобби - рисование. Это очень увлекательно.""",0
"""24. ""Наш магазин теперь предлагает доставку продуктов на дом. Это очень удобно для занятых людей.""",0
"""25. ""Я не могу дождаться, когда смогу пойти в кино на новый фильм моего любимого режиссера.""",0
"""26. ""Наша компания объявляет о запуске новой рекламной кампании, направленной на повышение осведомленности о наших услугах.""",0
"""27. ""Я люблю играть в компьютерные игры, это отличный способ расслабиться после работы.""",0
"""28. ""Наш новый проект требует знаний в области маркетинга. Если у вас есть опыт, мы будем рады рассмотреть вашу кандидатуру.""",0
"""29. ""Сегодня я решил прогуляться по парку, чтобы насладиться прекрасной погодой.""",0
"""30. ""Наша команда разработчиков работает над устранением технических неполадок в нашем приложении. Мы скоро вернемся к полной работе.""",0
"""31. ""Я люблю готовить дома, это allows me to be creative and try new recipes.""",0
"""32. ""Наша компания объявляет о расширении нашей команды продаж. Если вы опытный продавец, мы хотели бы поговорить с вами.""",0
"""33. ""Я не люблю вставать рано утром, поэтому всегда ставлю будильник на несколько минут позже.""",0
"""34. ""Наш новый проект требует знаний в области управления проектами. Если у вас есть опыт, мы будем рады рассмотреть вашу кандидатуру.""",0
"""35. ""Сегодня я решила изучить историю моего города, это очень интересно.""",0
"""36. ""Наша компания объявляет о запуске новой линии одежды, созданной в сотрудничестве с известным дизайнером.""",0
"""37. ""Я люблю слушать музыку во время работы, это увеличивает мою продуктивность.""",0
"""38. ""Наш новый проект требует знаний в области графического дизайна. Если у вас есть опыт, мы будем рады рассмотреть вашу кандидатуру.""",0
"""39. ""Сегодня я решил заняться йогой, чтобы улучшить свою гибкость и сосредоточенность.""",0
"""40. ""Наша компания объявляет о снижении цен на все наши товары на этой неделе в честь праздника.""",0
"""41. ""Я люблю читать новости по утрам, это helps me stay informed about what's going on in the world.""",0
"""42. ""Наш новый проект требует знаний в области веб-разработки. Если у вас есть опыт, мы будем рады рассмотреть вашу кандидатуру.""",0
"""43. ""Сегодня я решила заняться созданием своего сада, это очень увлекательно и полезно для здоровья.""",0
"""44. ""Наша компания объявляет о запуске новой кампании по охране окружающей среды, направленной на сокращение нашего экологического следа.""",0
"""45. ""Я люблю играть в шахматы, это helps me improve my strategic thinking.""",0
"""46. ""Наш новый проект требует знаний в области контент-маркетинга. Если у вас есть опыт, мы будем рады рассмотреть вашу кандидатуру.""",0
"""47. ""Сегодня я решил заняться изучением иностранного языка, это очень полезно для расширения горизонтов.""",0
"""48. ""Наша компания объявляет о запуске новой линии косметики, созданной из натуральных ингредиентов.""",0
"""49. ""Я люблю ходить на концерты живой музыки, это настоящее удовольствие для слуха.""",0
"""50. ""Наш новый проект требует креативного подхода к решению задач. Если у вас есть идеи, мы будем рады их услышать.""",0
""". ""В Москве ожидается похолодание, поэтому не забудьте надеть теплую куртку.""",0
"""2. ""Новый смартфон от Apple уже в продаже, но стоит ли торопиться с покупкой?""",0
"""3. ""Яблони в нашем саду расцвели яркими белыми цветами.""",0
"""4. ""К сожалению, наше заседание придется перенести на следующую неделю.""",0
"""5. ""Вы когда-нибудь пробовали играть на гитаре? Это так расслабляет.""",0
"""6. ""Команда нашего офиса приняла участие в марафоне и собрала больше всего средств.""",0
"""7. ""Новый фильм о космосе уже в кинотеатрах, но стоит ли тратить на него время?""",0
"""8. ""Я не могу поверить, что моя кошка снова сбежала из дома.""",0
"""9. ""Наш сайт был взломан, и мы теряем клиентов. Нам срочно нужна помощь.""",0
"""10. ""Я люблю читать книги, особенно те, которые заставляют задуматься о жизни.""",0
"""11. ""Сегодня утром я нашел старую монету на улице. Может быть, мне повезет в лотерею?""",0
"""12. ""Мы должны закончить этот проект к концу недели. У всех есть время?""",0
"""13. ""Я не могу понять, почему все так любят этот сериал. Он такой предсказуемый.""",0
"""14. ""Наш магазин переезжает в новое здание. Надеюсь, это поможет нам расширить бизнес.""",0
"""15. ""Я не верю в гороскопы, но мой друг говорит, что они очень точные.""",0
"""16. ""Я не могу дождаться, чтобы пойти на концерт моей любимой группы сегодня вечером.""",0
"""17. ""Наш учитель математики так сложно объясняет, что я не могу понять ничего из того, что он говорит.""",0
"""18. ""Я люблю гулять в парке по выходным. Там так тихо и спокойно.""",0
"""19. ""Мы должны быть осторожны с нашими данными в интернете. Не стоит доверять всем сайтам.""",0
"""20. ""Я не могу представить, что будет, если мы не сможем платить за квартиру.""",0
"""21. ""Я люблю готовить новые блюда. Сегодня я попробую приготовить пасту.""",0
"""22. ""Я не могу поверить, что мы снова проиграли. Нам просто нужно играть лучше.""",0
"""23. ""Я не могу понять, почему все так любят этот фильм. Он такой старомодный.""",0
"""24. ""Я люблю путешествовать, но боюсь лететь на самолете. Как вы преодолеваете свой страх?""",0
"""25. ""Наш офис переходит на удаленную работу. Как вы относитесь к такой идее?""",0
"""26. ""Я не могу дождаться, чтобы пойти в кино сегодня вечером. Скажите, какой фильм вы хотите посмотреть?""",0
"""27. ""Я люблю ходить в фитнес-клуб. Это так полезно для здоровья.""",0
"""28. ""Я не могу поверить, что моя машина сломалась. Что теперь я буду делать?""",0
"""29. ""Я люблю играть в онлайн-игры. Это так увлекательно.""",0
"""30. ""Я не могу понять, почему все так любят этот сериал. Он такой предсказуемый.""",0
"""31. ""Наш офис организует благотворительную акцию. Вы хотите принять участие?""",0
"""32. ""Я не могу дождаться, чтобы пойти на концерт моей любимой группы сегодня вечером.""",0
"""33. ""Я люблю гулять в лесу. Там так тихо и спокойно.""",0
"""34. ""Я не могу поверить, что мы снова проиграли. Нам просто нужно играть лучше.""",0
"""35. ""Я не могу понять, почему все так любят этот фильм. Он такой старомодный.""",0
"""36. ""Я люблю изучать новые языки. Сейчас я учусь говорить на испанском.""",0
"""37. ""Наш офис переходит на гибкий график работы. Как вы относитесь к такой идее?""",0
"""38. ""Я не могу дождаться, чтобы пойти на выставку сегодня вечером. Скажите, какой художник вас вдохновляет?""",0
"""39. ""Я люблю ходить в библиотеку. Там так тихо и спокойно.""",0
"""40. ""Я не могу поверить, что моя кошка снова сбежала из дома.""",0
"""41. ""Я люблю играть в шахматы. Это так развивает логическое мышление.""",0
"""42. ""Я не могу понять, почему все так любят этот сериал. Он такой предсказуемый.""",0
"""43. ""Наш офис планирует провести корпоратив. Вы хотите присоединиться?""",0
"""44. ""Я не могу дождаться, чтобы пойти на концерт моей любимой группы сегодня вечером.""",0
"""45. ""Я люблю ходить в музей. Там так много истории и культуры.""",0
"""46. ""Я не могу поверить, что мы не сможем платить за квартиру в этом месяце.""",0
"""47. ""Я люблю изучать историю. Это так интересно узнавать о прошлом.""",0
"""48. ""Я не могу понять, почему все так любят этот фильм. Он такой старомодный.""",0
"""49. ""Наш офис организует тим-билдинг. Вы хотите присоединиться?""",0
"""50. ""Я люблю играть на пианино. Это так успокаивает мои нервы.""",0
""". ""В Москве ожидается похолодание, поэтому не забудьте надеть теплую куртку.""",0
"""2. ""Новый смартфон от Apple уже в продаже, но стоит ли торопиться с покупкой?""",0
"""3. ""Яблони в нашем саду расцвели яркими белыми цветами.""",0
"""4. ""К сожалению, наше заседание придется перенести на следующую неделю.""",0
"""5. ""Вы когда-нибудь пробовали играть на гитаре? Это так расслабляет.""",0
"""6. ""Команда нашего офиса приняла участие в марафоне и собрала больше всего средств.""",0
"""7. ""Новый фильм о космосе уже в кинотеатрах, но стоит ли тратить на него время?""",0
"""8. ""Я не могу поверить, что моя кошка снова сбежала из дома.""",0
"""9. ""Наш сайт был взломан, и мы теряем клиентов. Нам срочно нужна помощь.""",0
"""10. ""Я люблю читать книги, особенно те, которые заставляют задуматься о жизни.""",0
"""11. ""Сегодня утром я нашел старую монету на улице. Может быть, мне повезет в лотерею?""",0
"""12. ""Мы должны закончить этот проект к концу недели. У всех есть время?""",0
"""13. ""Я не могу понять, почему все так любят этот сериал. Он такой предсказуемый.""",0
"""14. ""Наш магазин переезжает в новое здание. Надеюсь, это поможет нам расширить бизнес.""",0
"""15. ""Я не верю в гороскопы, но мой друг говорит, что они очень точные.""",0
"""16. ""Я не могу дождаться, чтобы пойти на концерт моей любимой группы сегодня вечером.""",0
"""17. ""Наш учитель математики так сложно объясняет, что я не могу понять ничего из того, что он говорит.""",0
"""18. ""Я люблю гулять в парке по выходным. Там так тихо и спокойно.""",0
"""19. ""Мы должны быть осторожны с нашими данными в интернете. Не стоит доверять всем сайтам.""",0
"""20. ""Я не могу представить, что будет, если мы не сможем платить за квартиру.""",0
"""21. ""Я люблю готовить новые блюда. Сегодня я попробую приготовить пасту.""",0
"""22. ""Я не могу поверить, что мы снова проиграли. Нам просто нужно играть лучше.""",0
"""23. ""Я не могу понять, почему все так любят этот фильм. Он такой старомодный.""",0
"""24. ""Я люблю путешествовать, но боюсь лететь на самолете. Как вы преодолеваете свой страх?""",0
"""25. ""Наш офис переходит на удаленную работу. Как вы относитесь к такой идее?""",0
"""26. ""Я не могу дождаться, чтобы пойти в кино сегодня вечером. Скажите, какой фильм вы хотите посмотреть?""",0
"""27. ""Я люблю ходить в фитнес-клуб. Это так полезно для здоровья.""",0
"""28. ""Я не могу поверить, что моя машина сломалась. Что теперь я буду делать?""",0
"""29. ""Я люблю играть в онлайн-игры. Это так увлекательно.""",0
"""30. ""Я не могу понять, почему все так любят этот сериал. Он такой предсказуемый.""",0
"""31. ""Наш офис организует благотворительную акцию. Вы хотите принять участие?""",0
"""32. ""Я не могу дождаться, чтобы пойти на концерт моей любимой группы сегодня вечером.""",0
"""33. ""Я люблю гулять в лесу. Там так тихо и спокойно.""",0
"""34. ""Я не могу поверить, что мы снова проиграли. Нам просто нужно играть лучше.""",0
"""35. ""Я не могу понять, почему все так любят этот фильм. Он такой старомодный.""",0
"""36. ""Я люблю изучать новые языки. Сейчас я учусь говорить на испанском.""",0
"""37. ""Наш офис переходит на гибкий график работы. Как вы относитесь к такой идее?""",0
"""38. ""Я не могу дождаться, чтобы пойти на выставку сегодня вечером. Скажите, какой художник вас вдохновляет?""",0
"""39. ""Я люблю ходить в библиотеку. Там так тихо и спокойно.""",0
"""40. ""Я не могу поверить, что моя кошка снова сбежала из дома.""",0
"""41. ""Я люблю играть в шахматы. Это так развивает логическое мышление.""",0
"""42. ""Я не могу понять, почему все так любят этот сериал. Он такой предсказуемый.""",0
"""43. ""Наш офис планирует провести корпоратив. Вы хотите присоединиться?""",0
"""44. ""Я не могу дождаться, чтобы пойти на концерт моей любимой группы сегодня вечером.""",0
"""45. ""Я люблю ходить в музей. Там так много истории и культуры.""",0
"""46. ""Я не могу поверить, что мы не сможем платить за квартиру в этом месяце.""",0
"""47. ""Я люблю изучать историю. Это так интересно узнавать о прошлом.""",0
"""48. ""Я не могу понять, почему все так любят этот фильм. Он такой старомодный.""",0
"""49. ""Наш офис организует тим-билдинг. Вы хотите присоединиться?""",0
"""50. ""Я люблю играть на пианино. Это так успокаивает мои нервы.""",0
""". ""В Москве ожидается похолодание, поэтому не забудьте надеть теплую куртку.""",0
"""2. ""Новый смартфон от Apple уже в продаже, но стоит ли торопиться с покупкой?""",0
"""3. ""Яблони в нашем саду расцвели яркими белыми цветами.""",0
"""4. ""К сожалению, наше заседание придется перенести на следующую неделю.""",0
"""5. ""Вы когда-нибудь пробовали играть на гитаре? Это так расслабляет.""",0
"""6. ""Команда нашего офиса приняла участие в марафоне и собрала больше всего средств.""",0
"""7. ""Новый фильм о космосе уже в кинотеатрах, но стоит ли тратить на него время?""",0
"""8. ""Я не могу поверить, что моя кошка снова сбежала из дома.""",0
"""9. ""Наш сайт был взломан, и мы теряем клиентов. Нам срочно нужна помощь.""",0
"""10. ""Я люблю читать книги, особенно те, которые заставляют задуматься о жизни.""",0
"""11. ""Сегодня утром я нашел старую монету на улице. Может быть, мне повезет в лотерею?""",0
"""12. ""Мы должны закончить этот проект к концу недели. У всех есть время?""",0
"""13. ""Я не могу понять, почему все так любят этот сериал. Он такой предсказуемый.""",0
"""14. ""Наш магазин переезжает в новое здание. Надеюсь, это поможет нам расширить бизнес.""",0
"""15. ""Я не верю в гороскопы, но мой друг говорит, что они очень точные.""",0
"""16. ""Я не могу дождаться, чтобы пойти на концерт моей любимой группы сегодня вечером.""",0
"""17. ""Наш учитель математики так сложно объясняет, что я не могу понять ничего из того, что он говорит.""",0
"""18. ""Я люблю гулять в парке по выходным. Там так тихо и спокойно.""",0
"""19. ""Мы должны быть осторожны с нашими данными в интернете. Не стоит доверять всем сайтам.""",0
"""20. ""Я не могу представить, что будет, если мы не сможем платить за квартиру.""",0
"""21. ""Я люблю готовить новые блюда. Сегодня я попробую приготовить пасту.""",0
"""22. ""Я не могу поверить, что мы снова проиграли. Нам просто нужно играть лучше.""",0
"""23. ""Я не могу понять, почему все так любят этот фильм. Он такой старомодный.""",0
"""24. ""Я люблю путешествовать, но боюсь лететь на самолете. Как вы преодолеваете свой страх?""",0
"""25. ""Наш офис переходит на удаленную работу. Как вы относитесь к такой идее?""",0
"""26. ""Я не могу дождаться, чтобы пойти в кино сегодня вечером. Скажите, какой фильм вы хотите посмотреть?""",0
"""27. ""Я люблю ходить в фитнес-клуб. Это так полезно для здоровья.""",0
"""28. ""Я не могу поверить, что моя машина сломалась. Что теперь я буду делать?""",0
"""29. ""Я люблю играть в онлайн-игры. Это так увлекательно.""",0
"""30. ""Я не могу понять, почему все так любят этот сериал. Он такой предсказуемый.""",0
"""31. ""Наш офис организует благотворительную акцию. Вы хотите принять участие?""",0
"""32. ""Я не могу дождаться, чтобы пойти на концерт моей любимой группы сегодня вечером.""",0
"""33. ""Я люблю гулять в лесу. Там так тихо и спокойно.""",0
"""34. ""Я не могу поверить, что мы снова проиграли. Нам просто нужно играть лучше.""",0
"""35. ""Я не могу понять, почему все так любят этот фильм. Он такой старомодный.""",0
"""36. ""Я люблю изучать новые языки. Сейчас я учусь говорить на испанском.""",0
"""37. ""Наш офис переходит на гибкий график работы. Как вы относитесь к такой идее?""",0
"""38. ""Я не могу дождаться, чтобы пойти на выставку сегодня вечером. Скажите, какой художник вас вдохновляет?""",0
"""39. ""Я люблю ходить в библиотеку. Там так тихо и спокойно.""",0
"""40. ""Я не могу поверить, что моя кошка снова сбежала из дома.""",0
"""41. ""Я люблю играть в шахматы. Это так развивает логическое мышление.""",0
"""42. ""Я не могу понять, почему все так любят этот сериал. Он такой предсказуемый.""",0
"""43. ""Наш офис планирует провести корпоратив. Вы хотите присоединиться?""",0
"""44. ""Я не могу дождаться, чтобы пойти на концерт моей любимой группы сегодня вечером.""",0
"""45. ""Я люблю ходить в музей. Там так много истории и культуры.""",0
"""46. ""Я не могу поверить, что мы не сможем платить за квартиру в этом месяце.""",0
"""47. ""Я люблю изучать историю. Это так интересно узнавать о прошлом.""",0
"""48. ""Я не могу понять, почему все так любят этот фильм. Он такой старомодный.""",0
"""49. ""Наш офис организует тим-билдинг. Вы хотите присоединиться?""",0
"""50. ""Я люблю играть на пианино. Это так успокаивает мои нервы.""",0
""". ""В Москве ожидается похолодание, поэтому не забудьте надеть теплую куртку.""",0
"""2. ""Новый смартфон от Apple уже в продаже, но стоит ли торопиться с покупкой?""",0
"""3. ""Яблони в нашем саду расцвели яркими белыми цветами.""",0
"""4. ""К сожалению, наше заседание придется перенести на следующую неделю.""",0
"""5. ""Вы когда-нибудь пробовали играть на гитаре? Это так расслабляет.""",0
"""6. ""Команда нашего офиса приняла участие в марафоне и собрала больше всего средств.""",0
"""7. ""Новый фильм о космосе уже в кинотеатрах, но стоит ли тратить на него время?""",0
"""8. ""Я не могу поверить, что моя кошка снова сбежала из дома.""",0
"""9. ""Наш сайт был взломан, и мы теряем клиентов. Нам срочно нужна помощь.""",0
"""10. ""Я люблю читать книги, особенно те, которые заставляют задуматься о жизни.""",0
"""11. ""Сегодня утром я нашел старую монету на улице. Может быть, мне повезет в лотерею?""",0
"""12. ""Мы должны закончить этот проект к концу недели. У всех есть время?""",0
"""13. ""Я не могу понять, почему все так любят этот сериал. Он такой предсказуемый.""",0
"""14. ""Наш магазин переезжает в новое здание. Надеюсь, это поможет нам расширить бизнес.""",0
"""15. ""Я не верю в гороскопы, но мой друг говорит, что они очень точные.""",0
"""16. ""Я не могу дождаться, чтобы пойти на концерт моей любимой группы сегодня вечером.""",0
"""17. ""Наш учитель математики так сложно объясняет, что я не могу понять ничего из того, что он говорит.""",0
"""18. ""Я люблю гулять в парке по выходным. Там так тихо и спокойно.""",0
"""19. ""Мы должны быть осторожны с нашими данными в интернете. Не стоит доверять всем сайтам.""",0
"""20. ""Я не могу представить, что будет, если мы не сможем платить за квартиру.""",0
"""21. ""Я люблю готовить новые блюда. Сегодня я попробую приготовить пасту.""",0
"""22. ""Я не могу поверить, что мы снова проиграли. Нам просто нужно играть лучше.""",0
"""23. ""Я не могу понять, почему все так любят этот фильм. Он такой старомодный.""",0
"""24. ""Я люблю путешествовать, но боюсь лететь на самолете. Как вы преодолеваете свой страх?""",0
"""25. ""Наш офис переходит на удаленную работу. Как вы относитесь к такой идее?""",0
"""26. ""Я не могу дождаться, чтобы пойти в кино сегодня вечером. Скажите, какой фильм вы хотите посмотреть?""",0
"""27. ""Я люблю ходить в фитнес-клуб. Это так полезно для здоровья.""",0
"""28. ""Я не могу поверить, что моя машина сломалась. Что теперь я буду делать?""",0
"""29. ""Я люблю играть в онлайн-игры. Это так увлекательно.""",0
"""30. ""Я не могу понять, почему все так любят этот сериал. Он такой предсказуемый.""",0
"""31. ""Наш офис организует благотворительную акцию. Вы хотите принять участие?""",0
"""32. ""Я не могу дождаться, чтобы пойти на концерт моей любимой группы сегодня вечером.""",0
"""33. ""Я люблю гулять в лесу. Там так тихо и спокойно.""",0
"""34. ""Я не могу поверить, что мы снова проиграли. Нам просто нужно играть лучше.""",0
"""35. ""Я не могу понять, почему все так любят этот фильм. Он такой старомодный.""",0
"""36. ""Я люблю изучать новые языки. Сейчас я учусь говорить на испанском.""",0
"""37. ""Наш офис переходит на гибкий график работы. Как вы относитесь к такой идее?""",0
"""38. ""Я не могу дождаться, чтобы пойти на выставку сегодня вечером. Скажите, какой художник вас вдохновляет?""",0
"""39. ""Я люблю ходить в библиотеку. Там так тихо и спокойно.""",0
"""40. ""Я не могу поверить, что моя кошка снова сбежала из дома.""",0
"""41. ""Я люблю играть в шахматы. Это так развивает логическое мышление.""",0
"""42. ""Я не могу понять, почему все так любят этот сериал. Он такой предсказуемый.""",0
"""43. ""Наш офис планирует провести корпоратив. Вы хотите присоединиться?""",0
"""44. ""Я не могу дождаться, чтобы пойти на концерт моей любимой группы сегодня вечером.""",0
"""45. ""Я люблю ходить в музей. Там так много истории и культуры.""",0
"""46. ""Я не могу поверить, что мы не сможем платить за квартиру в этом месяце.""",0
"""47. ""Я люблю изучать историю. Это так интересно узнавать о прошлом.""",0
"""48. ""Я не могу понять, почему все так любят этот фильм. Он такой старомодный.""",0
"""49. ""Наш офис организует тим-билдинг. Вы хотите присоединиться?""",0
"""50. ""Я люблю играть на пианино. Это так успокаивает мои нервы.""",0
"""1. ""В Москве зафиксирован новый рекорд по количеству осадков за сутки.""",0
"""2. ""Новая версия операционной системы от Apple выйдет осенью этого года.""",0
"""3. ""Сегодня в нашем кафе появился новый вкус мороженого - ваниль с шоколадной крошкой.""",0
"""4. ""Внимание, водители! На дорогах ожидаются пробки из-за дождя и тумана.""",0
"""5. ""Ученые объявили о открытии нового элемента в периодической таблице.""",0
"""6. ""Погода сегодня идеальная для пикника в парке.""",0
"""7. ""Новый сотрудник отдел продаж начинает работу сегодня.""",0
"""8. ""Книжный клуб на следующей неделе обсудит роман '1984' Джорджа Оруэлла.""",0
"""9. ""Наш новый смартфон получит обновление прошивки в ближайшие дни.""",0
"""10. ""В кинотеатрах стартует показ долгожданного фильма от режиссера.""",0
"""11. ""В субботу в нашем городе пройдет фестиваль уличного искусства.""",0
"""12. ""Мы рады объявить о победе нашей команды в конкурсе инновационных идей.""",0
"""13. ""Внимание пассажирам! Рейс задерживается из-за технических неполадок.""",0
"""14. ""Новый ресторан азиатской кухни открылся в центре города.""",0
"""15. ""На этой неделе мы изучим влияние искусственного интеллекта на общество.""",0
"""16. ""Сегодня днем ожидается сильная гроза, будьте осторожны на дорогах.""",0
"""17. ""В нашем музее открывается новая выставка современного искусства.""",0
"""18. ""Мы ищем активных волонтеров для участия в экологической акции завтра.""",0
"""19. ""Новая коллекция осенней одежды уже доступна в нашем интернет-магазине.""",0
"""20. ""Внимание, родители! Сегодня в школе пройдет родительское собрание.""",0
"""21. ""Наш новый сотрудник, специалист по маркетингу, присоединился к команде сегодня.""",0
"""22. ""Из-за сильного ветра ожидаются перебои в работе общественного транспорта.""",0
"""23. ""Наша команда победила на турнире по футболу в выходные.""",0
"""24. ""В библиотеке открывается клуб любителей научной фантастики.""",0
"""25. ""Новое приложение для изучения языков уже доступно для скачивания в App Store.""",0
"""26. ""Из-за сильных снегопадов в горах закрыта основная трасса.""",0
"""27. ""Наш магазин принимает участие в акции 'День открытых дверей' сегодня.""",0
"""28. ""Внимание, студенты! Завтра последний день подачи заявок на грант.""",0
"""29. ""Наш новый блог рассказывает истории успеха наших клиентов.""",0
"""30. ""Сегодня в нашем городе пройдет парад цветов.""",0
"""31. ""Мы рады сообщить, что наша компания получила сертификат экологической безопасности.""",0
"""32. ""Из-за технических работ сайт будет недоступен в течение часа.""",0
"""33. ""Наша новая коллекция ювелирных украшений уже доступна в магазинах.""",0
"""34. ""Внимание, пешеходы! Сегодня вечером ожидается плотное движение автомобилей.""",0
"""35. ""В нашем городе открывается первая веганская кофейня.""",0
"""36. ""Наш новый инструмент для работы с данными уже доступен для всех пользователей.""",0
"""37. ""Из-за сильного ливня возможны перебои в работе мобильной связи.""",0
"""38. ""В нашем музее открывается новая постоянная экспозиция.""",0
"""39. ""Сегодня в парке пройдет фестиваль воздушных шаров.""",0
"""40. ""Наш новый партнер поможет нам расширить бизнес в Азии.""",0
"""41. ""Из-за ремонтных работ на дорогах ожидаются пробки в вечерний час пик.""",0
"""42. ""В нашем городе открывается новый театр.""",0
"""43. ""Наш новый курс поможет вам овладеть навыками работы с новым программным обеспечением.""",0
"""44. ""Из-за сильного ветра возможно ограничение движения на некоторых участках дороги.""",0
"""45. ""Мы рады объявить о победе нашей команды в конкурсе бизнес-идей.""",0
"""46. ""Сегодня в нашем городе пройдет марафон.""",0
"""47. ""Наш новый продукт уже доступен в магазинах вашего города.""",0
"""48. ""Из-за сильных дождей возможны перебои в работе общественного транспорта.""",0
"""49. ""Внимание, жители! Сегодня в районе проведут плановые отключения электроэнергии.""",0
"""50. ""Наш новый проект поможет сохранить окружающую среду.""",0
""". ""В Москве ожидается похолодание, поэтому не забудьте надеть теплую куртку.""",0
"""2. ""Новый смартфон от Apple уже в продаже, но стоит ли торопиться с покупкой?""",0
"""3. ""Яблони в нашем саду расцвели яркими белыми цветами.""",0
"""4. ""К сожалению, наше заседание придется перенести на следующую неделю.""",0
"""5. ""Вы когда-нибудь пробовали играть на гитаре? Это так расслабляет.""",0
"""6. ""Команда нашего офиса приняла участие в марафоне и собрала больше всего средств.""",0
"""7. ""Новый фильм о космосе уже в кинотеатрах, но стоит ли тратить на него время?""",0
"""8. ""Я не могу поверить, что моя кошка снова сбежала из дома.""",0
"""9. ""Наш сайт был взломан, и мы теряем клиентов. Нам срочно нужна помощь.""",0
"""10. ""Я люблю читать книги, особенно те, которые заставляют задуматься о жизни.""",0
"""11. ""Сегодня утром я нашел старую монету на улице. Может быть, мне повезет в лотерею?""",0
"""12. ""Мы должны закончить этот проект к концу недели. У всех есть время?""",0
"""13. ""Я не могу понять, почему все так любят этот сериал. Он такой предсказуемый.""",0
"""14. ""Наш магазин переезжает в новое здание. Надеюсь, это поможет нам расширить бизнес.""",0
"""15. ""Я не верю в гороскопы, но мой друг говорит, что они очень точные.""",0
"""16. ""Я не могу дождаться, чтобы пойти на концерт моей любимой группы сегодня вечером.""",0
"""17. ""Наш учитель математики так сложно объясняет, что я не могу понять ничего из того, что он говорит.""",0
"""18. ""Я люблю гулять в парке по выходным. Там так тихо и спокойно.""",0
"""19. ""Мы должны быть осторожны с нашими данными в интернете. Не стоит доверять всем сайтам.""",0
"""20. ""Я не могу представить, что будет, если мы не сможем платить за квартиру.""",0
"""21. ""Я люблю готовить новые блюда. Сегодня я попробую приготовить пасту.""",0
"""22. ""Я не могу поверить, что мы снова проиграли. Нам просто нужно играть лучше.""",0
"""23. ""Я не могу понять, почему все так любят этот фильм. Он такой старомодный.""",0
"""24. ""Я люблю путешествовать, но боюсь лететь на самолете. Как вы преодолеваете свой страх?""",0
"""25. ""Наш офис переходит на удаленную работу. Как вы относитесь к такой идее?""",0
"""26. ""Я не могу дождаться, чтобы пойти в кино сегодня вечером. Скажите, какой фильм вы хотите посмотреть?""",0
"""27. ""Я люблю ходить в фитнес-клуб. Это так полезно для здоровья.""",0
"""28. ""Я не могу поверить, что моя машина сломалась. Что теперь я буду делать?""",0
"""29. ""Я люблю играть в онлайн-игры. Это так увлекательно.""",0
"""30. ""Я не могу понять, почему все так любят этот сериал. Он такой предсказуемый.""",0
"""31. ""Наш офис организует благотворительную акцию. Вы хотите принять участие?""",0
"""32. ""Я не могу дождаться, чтобы пойти на концерт моей любимой группы сегодня вечером.""",0
"""33. ""Я люблю гулять в лесу. Там так тихо и спокойно.""",0
"""34. ""Я не могу поверить, что мы снова проиграли. Нам просто нужно играть лучше.""",0
"""35. ""Я не могу понять, почему все так любят этот фильм. Он такой старомодный.""",0
"""36. ""Я люблю изучать новые языки. Сейчас я учусь говорить на испанском.""",0
"""37. ""Наш офис переходит на гибкий график работы. Как вы относитесь к такой идее?""",0
"""38. ""Я не могу дождаться, чтобы пойти на выставку сегодня вечером. Скажите, какой художник вас вдохновляет?""",0
"""39. ""Я люблю ходить в библиотеку. Там так тихо и спокойно.""",0
"""40. ""Я не могу поверить, что моя кошка снова сбежала из дома.""",0
"""41. ""Я люблю играть в шахматы. Это так развивает логическое мышление.""",0
"""42. ""Я не могу понять, почему все так любят этот сериал. Он такой предсказуемый.""",0
"""43. ""Наш офис планирует провести корпоратив. Вы хотите присоединиться?""",0
"""44. ""Я не могу дождаться, чтобы пойти на концерт моей любимой группы сегодня вечером.""",0
"""45. ""Я люблю ходить в музей. Там так много истории и культуры.""",0
"""46. ""Я не могу поверить, что мы не сможем платить за квартиру в этом месяце.""",0
"""47. ""Я люблю изучать историю. Это так интересно узнавать о прошлом.""",0
"""48. ""Я не могу понять, почему все так любят этот фильм. Он такой старомодный.""",0
"""49. ""Наш офис организует тим-билдинг. Вы хотите присоединиться?""",0
"""50. ""Я люблю играть на пианино. Это так успокаивает мои нервы.""",0
""". ""В Москве ожидается похолодание, поэтому не забудьте надеть теплую куртку.""",0
"""2. ""Новый смартфон от Apple уже в продаже, но стоит ли торопиться с покупкой?""",0
"""3. ""Яблони в нашем саду расцвели яркими белыми цветами.""",0
"""4. ""К сожалению, наше заседание придется перенести на следующую неделю.""",0
"""5. ""Вы когда-нибудь пробовали играть на гитаре? Это так расслабляет.""",0
"""6. ""Команда нашего офиса приняла участие в марафоне и собрала больше всего средств.""",0
"""7. ""Новый фильм о космосе уже в кинотеатрах, но стоит ли тратить на него время?""",0
"""8. ""Я не могу поверить, что моя кошка снова сбежала из дома.""",0
"""9. ""Наш сайт был взломан, и мы теряем клиентов. Нам срочно нужна помощь.""",0
"""10. ""Я люблю читать книги, особенно те, которые заставляют задуматься о жизни.""",0
"""11. ""Сегодня утром я нашел старую монету на улице. Может быть, мне повезет в лотерею?""",0
"""12. ""Мы должны закончить этот проект к концу недели. У всех есть время?""",0
"""13. ""Я не могу понять, почему все так любят этот сериал. Он такой предсказуемый.""",0
"""14. ""Наш магазин переезжает в новое здание. Надеюсь, это поможет нам расширить бизнес.""",0
"""15. ""Я не верю в гороскопы, но мой друг говорит, что они очень точные.""",0
"""16. ""Я не могу дождаться, чтобы пойти на концерт моей любимой группы сегодня вечером.""",0
"""17. ""Наш учитель математики так сложно объясняет, что я не могу понять ничего из того, что он говорит.""",0
"""18. ""Я люблю гулять в парке по выходным. Там так тихо и спокойно.""",0
"""19. ""Мы должны быть осторожны с нашими данными в интернете. Не стоит доверять всем сайтам.""",0
"""20. ""Я не могу представить, что будет, если мы не сможем платить за квартиру.""",0
"""21. ""Я люблю готовить новые блюда. Сегодня я попробую приготовить пасту.""",0
"""22. ""Я не могу поверить, что мы снова проиграли. Нам просто нужно играть лучше.""",0
"""23. ""Я не могу понять, почему все так любят этот фильм. Он такой старомодный.""",0
"""24. ""Я люблю путешествовать, но боюсь лететь на самолете. Как вы преодолеваете свой страх?""",0
"""25. ""Наш офис переходит на удаленную работу. Как вы относитесь к такой идее?""",0
"""26. ""Я не могу дождаться, чтобы пойти в кино сегодня вечером. Скажите, какой фильм вы хотите посмотреть?""",0
"""27. ""Я люблю ходить в фитнес-клуб. Это так полезно для здоровья.""",0
"""28. ""Я не могу поверить, что моя машина сломалась. Что теперь я буду делать?""",0
"""29. ""Я люблю играть в онлайн-игры. Это так увлекательно.""",0
"""30. ""Я не могу понять, почему все так любят этот сериал. Он такой предсказуемый.""",0
"""31. ""Наш офис организует благотворительную акцию. Вы хотите принять участие?""",0
"""32. ""Я не могу дождаться, чтобы пойти на концерт моей любимой группы сегодня вечером.""",0
"""33. ""Я люблю гулять в лесу. Там так тихо и спокойно.""",0
"""34. ""Я не могу поверить, что мы снова проиграли. Нам просто нужно играть лучше.""",0
"""35. ""Я не могу понять, почему все так любят этот фильм. Он такой старомодный.""",0
"""36. ""Я люблю изучать новые языки. Сейчас я учусь говорить на испанском.""",0
"""37. ""Наш офис переходит на гибкий график работы. Как вы относитесь к такой идее?""",0
"""38. ""Я не могу дождаться, чтобы пойти на выставку сегодня вечером. Скажите, какой художник вас вдохновляет?""",0
"""39. ""Я люблю ходить в библиотеку. Там так тихо и спокойно.""",0
"""40. ""Я не могу поверить, что моя кошка снова сбежала из дома.""",0
"""41. ""Я люблю играть в шахматы. Это так развивает логическое мышление.""",0
"""42. ""Я не могу понять, почему все так любят этот сериал. Он такой предсказуемый.""",0
"""43. ""Наш офис планирует провести корпоратив. Вы хотите присоединиться?""",0
"""44. ""Я не могу дождаться, чтобы пойти на концерт моей любимой группы сегодня вечером.""",0
"""45. ""Я люблю ходить в музей. Там так много истории и культуры.""",0
"""46. ""Я не могу поверить, что мы не сможем платить за квартиру в этом месяце.""",0
"""47. ""Я люблю изучать историю. Это так интересно узнавать о прошлом.""",0
"""48. ""Я не могу понять, почему все так любят этот фильм. Он такой старомодный.""",0
"""49. ""Наш офис организует тим-билдинг. Вы хотите присоединиться?""",0
"""50. ""Я люблю играть на пианино. Это так успокаивает мои нервы.""",0
"""1. ""Московский дождь продолжается уже несколько дней. Предстоят ли нам дожди и в ближайшие выходные?""",0
"""2. ""Новая модель смартфона X презентуется в следующем месяце. Ждем с нетерпением!""",0
"""3. ""Сегодня утром в центре города произошла небольшая авария. Все участники аварии получили медицинскую помощь.""",0
"""4. ""Я обожаю этот ресторан! Кухня просто великолепная, обслуживание на высшем уровне.""",0
"""5. ""Вниманию всех жителей! В ближайшие дни ожидается отключение света в некоторых районах города.""",0
"""6. ""Новый фильм от режиссера Y уже в кинотеатрах. Советую посмотреть!""",0
"""7. ""Я провел выходные, читая книгу про историю нашей страны. Интересный материал!""",0
"""8. ""Сегодня день рождения нашего общего друга. Пойдем отмечать в бар в центре города?""",0
"""9. ""Наш проект по уходу за окружающей средой продолжает набирать популярность. Спасибо всем, кто нам помогает!""",0
"""10. ""Я не люблю ранние утренние пробежки, но они действительно заряжают энергией на весь день.""",0
"""11. ""Вчера я открыл для себя новый сериал про путешественников во времени. Очень захватывающе!""",0
"""12. ""В нашем офисе сегодня день рождения у нескольких коллег. Будем отмечать прямо здесь!""",0
"""13. ""Я наконец-то закончил ремонт в квартире. Теперь она выглядит просто замечательно!""",0
"""14. ""На этой неделе я начал учить итальянский язык. До сих пор сложно, но я не сдаюсь!""",0
"""15. ""В ближайшие дни ожидаются сильные ветра. Будьте осторожны и следите за предупреждениями.""",0
"""16. ""Я только что вернулся с концерта моей любимой группы. Это было незабываемо!""",0
"""17. ""Наш школьный театр готовится к предстоящему спектаклю. Нужны добровольцы для помощи в оформлении сцены.""",0
"""18. ""Я люблю тихую музыку в офисе. Помогает сконцентрироваться на работе.""",0
"""19. ""В этом месяце я планирую начать заниматься йогой. Кто-нибудь может посоветовать хорошего insegn""",0
"""20. ""Внимание, в метро произошла небольшая задержка из-за технических проблем. Ожидается возобновление движения в ближайшее время.""",0
"""21. ""Я только что нашел идеальный подарок для друга. Он будет в восторге!""",0
"""22. ""На этой неделе в нашем городе состоится марафон. Присоединяйтесь к нам!""",0
"""23. ""Я обожаю слушать аудиокниги во время поездок на работу. Это экономит время и дает новые знания.""",0
"""24. ""В нашем районе открылся новый магазин органических продуктов. Я уже стал постоянным клиентом.""",0
"""25. ""Сегодня был очень трудный день на работе. Но я справился и горжусь собой!""",0
"""26. ""Я только что вернулся из отпуска и чувствую себя отдохнувшим и полным сил. Спасибо моей семье за прекрасное время, проведенное вместе.""",0
"""27. ""Наш городской парк нуждается в добровольцах для уборки. Присоединяйтесь к нам в эту субботу!""",0
"""28. ""Я люблю ходить в кино в одиночестве. Можно полностью погрузиться в фильм и не отвлекаться на окружающих.""",0
"""29. ""В нашем офисе началась неделя здорового питания. Я решила присоединиться и питаться правильно.""",0
"""30. ""Я только что посмотрел фильм про космос. Очень интересно и захватывающе!""",0
"""31. ""Наш новый продукт уже доступен для покупки. Заходите в наш магазин и попробуйте его!""",0
"""32. ""Я люблю готовить дома. Сегодня я планирую приготовить новое блюдо из моего любимого рецепта.""",0
"""33. ""В нашем городе проходит фестиваль уличного искусства. Не пропустите это событие!""",0
"""34. ""Я обожаю играть в компьютерные игры. Это helps me relax after a long day at work.""",0
"""35. ""Наш новый проект запускается в следующем месяце. Мы очень благодарны нашей команде за отличную работу!""",0
"""36. ""Я люблю вечеринки, но иногда мне нравится проводить время дома с книгой или фильмом.""",0
"""37. ""Сегодня мы запускаем акцию для наших постоянных клиентов. Приходите и получайте скидку!""",0
"""38. ""Я люблю фотографировать. Каждое путешествие дает мне новые возможности для творчества.""",0
"""39. ""Наш офис переезжает в новое здание. Будем рады видеть вас по новому адресу!""",0
"""40. ""Я только что вернулся из похода в горы. Это был настоящий приключенческий опыт!""",0
"""41. ""Наш городской музей открывает новую экспозицию. Приходите и исследуйте историю нашего города.""",0
"""42. ""Я люблю животных и планирую волонтерствовать в местном приюте для животных в ближайшие выходные.""",0
"""43. ""В нашем городе открылся новый фитнес-центр. Я уже начал ходить туда каждое утро.""",0
"""44. ""Сегодня мы празднуем годовщину нашей компании. Спасибо всем нашим клиентам за поддержку!""",0
"""45. ""Я люблю слушать подкасты во время работы. Они помогают мне оставаться в курсе последних новостей.""",0
"""46. ""В нашем районе открылся новый книжный магазин. Я уже стал постоянным клиентом.""",0
"""47. ""Я люблю играть в команде. Это делает работу более приятной и продуктивной.""",0
"""48. ""Наш городской парк нуждается в добровольцах для посадки деревьев. Присоединяйтесь к нам в эту субботу!""",0
"""49. ""Я люблю изучать новые языки. Сейчас я учусь разговаривать на испанском.""",0
"""50. ""В нашем городе проходит фестиваль еды. Не пропустите это вкусное событие!""",0
""". ""В Москве ожидается похолодание, поэтому не забудьте надеть теплую куртку.""",0
"""2. ""Новый смартфон от Apple уже в продаже, но стоит ли торопиться с покупкой?""",0
"""3. ""Яблони в нашем саду расцвели яркими белыми цветами.""",0
"""4. ""К сожалению, наше заседание придется перенести на следующую неделю.""",0
"""5. ""Вы когда-нибудь пробовали играть на гитаре? Это так расслабляет.""",0
"""6. ""Команда нашего офиса приняла участие в марафоне и собрала больше всего средств.""",0
"""7. ""Новый фильм о космосе уже в кинотеатрах, но стоит ли тратить на него время?""",0
"""8. ""Я не могу поверить, что моя кошка снова сбежала из дома.""",0
"""9. ""Наш сайт был взломан, и мы теряем клиентов. Нам срочно нужна помощь.""",0
"""10. ""Я люблю читать книги, особенно те, которые заставляют задуматься о жизни.""",0
"""11. ""Сегодня утром я нашел старую монету на улице. Может быть, мне повезет в лотерею?""",0
"""12. ""Мы должны закончить этот проект к концу недели. У всех есть время?""",0
"""13. ""Я не могу понять, почему все так любят этот сериал. Он такой предсказуемый.""",0
"""14. ""Наш магазин переезжает в новое здание. Надеюсь, это поможет нам расширить бизнес.""",0
"""15. ""Я не верю в гороскопы, но мой друг говорит, что они очень точные.""",0
"""16. ""Я не могу дождаться, чтобы пойти на концерт моей любимой группы сегодня вечером.""",0
"""17. ""Наш учитель математики так сложно объясняет, что я не могу понять ничего из того, что он говорит.""",0
"""18. ""Я люблю гулять в парке по выходным. Там так тихо и спокойно.""",0
"""19. ""Мы должны быть осторожны с нашими данными в интернете. Не стоит доверять всем сайтам.""",0
"""20. ""Я не могу представить, что будет, если мы не сможем платить за квартиру.""",0
"""21. ""Я люблю готовить новые блюда. Сегодня я попробую приготовить пасту.""",0
"""22. ""Я не могу поверить, что мы снова проиграли. Нам просто нужно играть лучше.""",0
"""23. ""Я не могу понять, почему все так любят этот фильм. Он такой старомодный.""",0
"""24. ""Я люблю путешествовать, но боюсь лететь на самолете. Как вы преодолеваете свой страх?""",0
"""25. ""Наш офис переходит на удаленную работу. Как вы относитесь к такой идее?""",0
"""26. ""Я не могу дождаться, чтобы пойти в кино сегодня вечером. Скажите, какой фильм вы хотите посмотреть?""",0
"""27. ""Я люблю ходить в фитнес-клуб. Это так полезно для здоровья.""",0
"""28. ""Я не могу поверить, что моя машина сломалась. Что теперь я буду делать?""",0
"""29. ""Я люблю играть в онлайн-игры. Это так увлекательно.""",0
"""30. ""Я не могу понять, почему все так любят этот сериал. Он такой предсказуемый.""",0
"""31. ""Наш офис организует благотворительную акцию. Вы хотите принять участие?""",0
"""32. ""Я не могу дождаться, чтобы пойти на концерт моей любимой группы сегодня вечером.""",0
"""33. ""Я люблю гулять в лесу. Там так тихо и спокойно.""",0
"""34. ""Я не могу поверить, что мы снова проиграли. Нам просто нужно играть лучше.""",0
"""35. ""Я не могу понять, почему все так любят этот фильм. Он такой старомодный.""",0
"""36. ""Я люблю изучать новые языки. Сейчас я учусь говорить на испанском.""",0
"""37. ""Наш офис переходит на гибкий график работы. Как вы относитесь к такой идее?""",0
"""38. ""Я не могу дождаться, чтобы пойти на выставку сегодня вечером. Скажите, какой художник вас вдохновляет?""",0
"""39. ""Я люблю ходить в библиотеку. Там так тихо и спокойно.""",0
"""40. ""Я не могу поверить, что моя кошка снова сбежала из дома.""",0
"""41. ""Я люблю играть в шахматы. Это так развивает логическое мышление.""",0
"""42. ""Я не могу понять, почему все так любят этот сериал. Он такой предсказуемый.""",0
"""43. ""Наш офис планирует провести корпоратив. Вы хотите присоединиться?""",0
"""44. ""Я не могу дождаться, чтобы пойти на концерт моей любимой группы сегодня вечером.""",0
"""45. ""Я люблю ходить в музей. Там так много истории и культуры.""",0
"""46. ""Я не могу поверить, что мы не сможем платить за квартиру в этом месяце.""",0
"""47. ""Я люблю изучать историю. Это так интересно узнавать о прошлом.""",0
"""48. ""Я не могу понять, почему все так любят этот фильм. Он такой старомодный.""",0
"""49. ""Наш офис организует тим-билдинг. Вы хотите присоединиться?""",0
"""50. ""Я люблю играть на пианино. Это так успокаивает мои нервы.""",0
""". ""В Москве ожидается похолодание, поэтому не забудьте надеть теплую куртку.""",0
"""2. ""Новый смартфон от Apple уже в продаже, но стоит ли торопиться с покупкой?""",0
"""3. ""Яблони в нашем саду расцвели яркими белыми цветами.""",0
"""4. ""К сожалению, наше заседание придется перенести на следующую неделю.""",0
"""5. ""Вы когда-нибудь пробовали играть на гитаре? Это так расслабляет.""",0
"""6. ""Команда нашего офиса приняла участие в марафоне и собрала больше всего средств.""",0
"""7. ""Новый фильм о космосе уже в кинотеатрах, но стоит ли тратить на него время?""",0
"""8. ""Я не могу поверить, что моя кошка снова сбежала из дома.""",0
"""9. ""Наш сайт был взломан, и мы теряем клиентов. Нам срочно нужна помощь.""",0
"""10. ""Я люблю читать книги, особенно те, которые заставляют задуматься о жизни.""",0
"""11. ""Сегодня утром я нашел старую монету на улице. Может быть, мне повезет в лотерею?""",0
"""12. ""Мы должны закончить этот проект к концу недели. У всех есть время?""",0
"""13. ""Я не могу понять, почему все так любят этот сериал. Он такой предсказуемый.""",0
"""14. ""Наш магазин переезжает в новое здание. Надеюсь, это поможет нам расширить бизнес.""",0
"""15. ""Я не верю в гороскопы, но мой друг говорит, что они очень точные.""",0
"""16. ""Я не могу дождаться, чтобы пойти на концерт моей любимой группы сегодня вечером.""",0
"""17. ""Наш учитель математики так сложно объясняет, что я не могу понять ничего из того, что он говорит.""",0
"""18. ""Я люблю гулять в парке по выходным. Там так тихо и спокойно.""",0
"""19. ""Мы должны быть осторожны с нашими данными в интернете. Не стоит доверять всем сайтам.""",0
"""20. ""Я не могу представить, что будет, если мы не сможем платить за квартиру.""",0
"""21. ""Я люблю готовить новые блюда. Сегодня я попробую приготовить пасту.""",0
"""22. ""Я не могу поверить, что мы снова проиграли. Нам просто нужно играть лучше.""",0
"""23. ""Я не могу понять, почему все так любят этот фильм. Он такой старомодный.""",0
"""24. ""Я люблю путешествовать, но боюсь лететь на самолете. Как вы преодолеваете свой страх?""",0
"""25. ""Наш офис переходит на удаленную работу. Как вы относитесь к такой идее?""",0
"""26. ""Я не могу дождаться, чтобы пойти в кино сегодня вечером. Скажите, какой фильм вы хотите посмотреть?""",0
"""27. ""Я люблю ходить в фитнес-клуб. Это так полезно для здоровья.""",0
"""28. ""Я не могу поверить, что моя машина сломалась. Что теперь я буду делать?""",0
"""29. ""Я люблю играть в онлайн-игры. Это так увлекательно.""",0
"""30. ""Я не могу понять, почему все так любят этот сериал. Он такой предсказуемый.""",0
"""31. ""Наш офис организует благотворительную акцию. Вы хотите принять участие?""",0
"""32. ""Я не могу дождаться, чтобы пойти на концерт моей любимой группы сегодня вечером.""",0
"""33. ""Я люблю гулять в лесу. Там так тихо и спокойно.""",0
"""34. ""Я не могу поверить, что мы снова проиграли. Нам просто нужно играть лучше.""",0
"""35. ""Я не могу понять, почему все так любят этот фильм. Он такой старомодный.""",0
"""36. ""Я люблю изучать новые языки. Сейчас я учусь говорить на испанском.""",0
"""37. ""Наш офис переходит на гибкий график работы. Как вы относитесь к такой идее?""",0
"""38. ""Я не могу дождаться, чтобы пойти на выставку сегодня вечером. Скажите, какой художник вас вдохновляет?""",0
"""39. ""Я люблю ходить в библиотеку. Там так тихо и спокойно.""",0
"""40. ""Я не могу поверить, что моя кошка снова сбежала из дома.""",0
"""41. ""Я люблю играть в шахматы. Это так развивает логическое мышление.""",0
"""42. ""Я не могу понять, почему все так любят этот сериал. Он такой предсказуемый.""",0
"""43. ""Наш офис планирует провести корпоратив. Вы хотите присоединиться?""",0
"""44. ""Я не могу дождаться, чтобы пойти на концерт моей любимой группы сегодня вечером.""",0
"""45. ""Я люблю ходить в музей. Там так много истории и культуры.""",0
"""46. ""Я не могу поверить, что мы не сможем платить за квартиру в этом месяце.""",0
"""47. ""Я люблю изучать историю. Это так интересно узнавать о прошлом.""",0
"""48. ""Я не могу понять, почему все так любят этот фильм. Он такой старомодный.""",0
"""49. ""Наш офис организует тим-билдинг. Вы хотите присоединиться?""",0
"""50. ""Я люблю играть на пианино. Это так успокаивает мои нервы.""",0
"""В Москве ожидается сильный дождь.""",0
"""Успейте купить скидку на новинку сезона!""",0
"""Кошка забралась на дерево, нужна помощь.""",0
"""Поздравляем с успехами в учебе!""",0
"""Не забудьте включить автоответчик.""",0
"""Завтра в парке пройдет концерт классической музыки.""",0
"""Улучшение связи в офисе планируется на следующую неделю.""",0
"""Осторожно, на полу мокро!""",0
"""Выставка современного искусства открывается завтра.""",0
"""Наш новый сайт стал еще удобнее в использовании.""",0
"""Погода в горах будет переменчивой.""",0
"""Завтрак в постель - лучший способ начать день!""",0
"""Новая коллекция одежды уже в магазинах.""",0
"""Курс доллара сегодня稳定.""",0
"""Ура, мы выиграли тендер!""",0
"""Помните, что безопасность прежде всего.""",0
"""Сегодня в меню: вкуснейший борщ.""",0
"""Книжный клуб обсудит новое произведение известного автора.""",0
"""Завтра выезжаем на пикник, не забудьте солнцезащитный крем.""",0
"""Новый фильм от режиссера собрал миллионы зрителей.""",0
"""Семинар по повышению продуктивности пройдет в следующем месяце.""",0
"""Подвела итоги квартала на еженедельном совещании.""",0
"""Поздравляем всех женщин с 8 Марта!""",0
"""Самое время заняться давно отложенными делами.""",0
"""Внимание, в подъезде ведутся ремонтные работы.""",0
"""Расскажите нам о своем любимом блюде.""",0
"""Завтра в школе День открытых дверей.""",0
"""Наш новый проект успешно запущен.""",0
"""Приглашаем на увлекательную экскурсию.""",0
"""Берегите природу - она наша общая ценность.""",0
"""Выставка работ молодых художников открылась сегодня.""",0
"""Погода обещает быть жаркой в предстоящие выходные.""",0
"""Позвоните нам, чтобы получить бесплатную консультацию.""",0
"""Наша новая коллекция обуви уже в продаже.""",0
"""Сегодня в парке пройдет фестиваль цветов.""",0
"""Успейте купить билеты на концерт любимой группы.""",0
"""Новый год - время чудес и исполнения желаний.""",0
"""Поздравляю с днем рождения! Желаю счастья и удачи!""",0
"""Приглашаем на презентацию нашего нового продукта.""",0
"""Внимание, акция! Скидка 50% на все товары.""",0
"""Завтра у нас важное собеседование, пора подготовиться.""",0
"""Сегодня в кинотеатре премьера блокбастера.""",0
"""Приглашаем на нашу корпоративную вечеринку.""",0
"""Ура, мы победили в конкурсе!""",0
"""Обратите внимание на новую политику возврата товаров.""",0
"""Сегодня в библиотеке читальный час для детей.""",0
"""Наш новый сайт стал еще быстрее.""",0
"""Приглашаем на мастер-класс по флористике.""",0
"""Пора задуматься о планировании отпуска.""",0
"""Внимание, изменения в расписании работы магазина.""",0
"""Сегодня в гостях у нас известный musician.""",0
"""Успейте забронировать столик в новом ресторане.""",0
"""Поздравляем с окончанием учебного года!""",0
"""Внимание, конкурс! Примите участие и выиграйте призы.""",0
"""Ура, мы получили грант на наш проект!""",0
"""Приглашаем на выставку современного искусства.""",0
"""Успейте записаться на бесплатный семинар.""",0
"""Сегодня в парке состоится фестиваль еды и напитков.""",0
"""Наш новый проект получил положительные отзывы.""",0
"""Поздравляем с днем рождения компании!""",0
"""Приглашаем на премьеру нового спектакля.""",0
"""Наш новый сайт стал еще более дружелюбным к пользователям.""",0
"""Ура, мы получили награду за лучший сервис!""",0
"""Внимание, изменения в маршруте общественного транспорта.""",0
"""Приглашаем на концерт известной группы.""",0
"""Сегодня в кинотеатре премьера фильма.""",0
"""1. В Москве ожидается усиление ветра до 15 метров в секунду.""",0
"""2. Новый смартфон от Apple вызвал ажиотаж среди поклонников бренда.""",0
"""3. Я вчера пробовал новый рецепт лазаньи, получилось очень вкусно!""",0
"""4. Правительство утвердило новые правила дорожного движения.""",0
"""5. В библиотеке начался месячник по пропаганде чтения среди школьников.""",0
"""6. Моя собака научилась открывать холодильник, это так мило!""",0
"""7. Компания Microsoft представила обновленную версию операционной системы Windows.""",0
"""8. Сегодня на уроке математики мы решали задачи на проценты.""",0
"""9. В парке открылся новый фонтан, все спешат сделать фотографии на его фоне.""",0
"""10. В следующем сезоне театральный сезон обещает быть насыщенным и интересным.""",0
"""11. Вчера я ходил на концерт любимой группы, они были просто великолепны!""",0
"""12. Новая коллекция осень-зима от Gucci уже доступна в магазинах.""",0
"""13. Сегодня я учил кота играть в мячик, он такой смышленый!""",0
"""14. В этом году на выставке достижений народного хозяйства представлено много новинок.""",0
"""15. Я начала изучать испанский язык, это так интересно!""",0
"""16. В ближайшие дни ожидается понижение температуры до минус 10 градусов.""",0
"""17. В этом году я хочу вырастить свой собственный огород.""",0
"""18. Новый фильм от режиссера Квентина Тарантино уже в кинотеатрах.""",0
"""19. На этой неделе я планирую посетить выставку современного искусства.""",0
"""20. Вчера я открыл для себя нового любимого писателя, его книги просто потрясающие!""",0
"""21. В ближайшее время планируется ремонт дороги, движение будет ограничено.""",0
"""22. Я начала заниматься йогой, это так полезно для здоровья и самочувствия.""",0
"""23. В этом году я хочу отправиться в большое путешествие.""",0
"""24. Новый,iPhone стал еще тоньше и легче, чем предыдущая модель.""",0
"""25. Сегодня на уроке английского мы практиковали прошлое простое время.""",0
"""26. В этом году я хочу научиться готовить новые блюда.""",0
"""27. В парке открылась новая площадка для занятий спортом, все спешат ей воспользоваться.""",0
"""28. Новая коллекция весна-лето от Prada уже доступна в магазинах.""",0
"""29. Я начала учить французский язык, это так интересно!""",0
"""30. В ближайшие дни ожидается усиление ветра до 20 метров в секунду.""",0
"""31. В этом году я хочу вырастить как можно больше цветов на своем балконе.""",0
"""32. Новый фильм от режиссера Стивена Спилберга уже в кинотеатрах.""",0
"""33. На этой неделе я планирую посетить выставку живописи.""",0
"""34. Вчера я открыл для себя нового любимого музыканта, его музыка просто волнует меня!""",0
"""35. В ближайшее время планируется ремонт тротуара, пешеходное движение будет ограничено.""",0
"""36. Я начал заниматься бегом, это так полезно для здоровья и самочувствия.""",0
"""37. В этом году я хочу отправиться в поход по горам.""",0
"""38. Новая модель телевизора от Samsung стала еще больше и умнее, чем предыдущая модель.""",0
"""39. Сегодня на уроке истории мы изучали Средневековье.""",0
"""40. В этом году я хочу научиться играть на гитаре.""",0
"""41. В парке открылась новая детская площадка, все дети спешат на ней поиграть.""",0
"""42. Новая коллекция осень-зима от Chanel уже доступна в магазинах.""",0
"""43. Я начала учить немецкий язык, это так интересно!""",0
"""44. В ближайшие дни ожидается похолодание до минус 15 градусов.""",0
"""45. В этом году я хочу вырастить свой собственный сад.""",0
"""46. Новый фильм от режиссера Мартина Скорсезе уже в кинотеатрах.""",0
"""47. На этой неделе я планирую посетить музей современного искусства.""",0
"""48. Вчера я открыл для себя нового любимого писателя, его книги просто потрясающие!""",0
"""49. В ближайшее время планируется ремонт дороги, движение будет частично ограничено.""",0
"""50. Я начал заниматься медитацией, это так полезно для здоровья и самочувствия.""",0
"""1. ""В Москве ожидается дождь весь день, помните об этом, отправляясь на улицу.""",0
"""2. ""Новый смартфон от Apple получил отличные отзывы критиков.""",0
"""3. ""Привет, как дела? Я вчера посмотрел отличный фильм.""",0
"""4. ""Наш отдел добился рекордных продаж в этом квартале, excelente trabajo!""",0
"""5. ""Срочно требуются сотрудники в нашу компанию, вознаграждение выше среднего.""",0
"""6. ""Я обещал вам отправить отчет до конца недели, вот он.""",0
"""7. ""Лучшая пицца в городе, просто рай для гурманов!""",0
"""8. ""Сегодня начинается курс по программированию, не опоздайте.""",0
"""9. ""Внимание, всем водителям: на дороге соблюдайте скоростной режим.""",0
"""10. ""Новое приложение для обучения языкам уже доступно в App Store.""",0
"""11. ""Книгу можно скачать на нашем сайте, просто оставьте свой email.""",0
"""12. ""Мой друг недавно открыл кофейню, там замечательная атмосфера.""",0
"""13. ""Срочно нужна помощь в переезде, кто-то свободен в эту субботу?""",0
"""14. ""Новый альбом группы уже доступен на всех музыкальных площадках.""",0
"""15. ""Возьмите зонт, сегодня солнечно, но обещают дождь к вечеру.""",0
"""16. ""Наш продюсер доволен работой над новым проектом, все идет как по маслу.""",0
"""17. ""Помните, что правильное питание - это залог здоровья, ешьте больше фруктов!""",0
"""18. ""Яatura закрыта на ремонт до конца месяца, извините за неудобства.""",0
"""19. ""Новый сериал на Netflix уже ставят в один ряд с классикой.""",0
"""20. ""Убедитесь, что ваша техника в порядке перед отъездом на выходные.""",0
"""21. ""Наш магазин предлагает скидку на все товары в честь дня рождения.""",0
"""22. ""Я иду на концерт tonight, ты тоже хочешь пойти?""",0
"""23. ""Последний шанс купить билеты на матч, не упустите возможность!""",0
"""24. ""Наш клуб гордится нашими членами, спасибо за ваш вклад.""",0
"""25. ""Не забудьте оставить отзыв после посещения нашего ресторана.""",0
"""26. ""Новый фильм Мартина Скорсезе уже получил награду на кинофестивале.""",0
"""27. ""Мы ищем волонтеров для участия в экологической акции этого месяца.""",0
"""28. ""Я обещал вам отправить презентацию, вот она, смотрите внимательно.""",0
"""29. ""Наш ресторан получил награду за лучшую кухню в городе, приходите попробовать!""",0
"""30. ""Спасибо за ваш отзыв, мы ценим ваше мнение и будем работать над ошибками.""",0
"""31. ""Срочно требуются рабочие руки для помощи в саду, оплата высокая.""",0
"""32. ""Сегодня начинается выставка современного искусства, не пропустите!""",0
"""33. ""Наш сайт закрыт на техническое обслуживание, извините за неудобства.""",0
"""34. ""Я обещал вам отправить приглашение на вечеринку, вот оно.""",0
"""35. ""Отличная новость, мы получили грант на новый проект!""",0
"""36. ""Наш магазин предлагает бесплатную доставку по всему городу.""",0
"""37. ""Я обещал вам отправить приглашение на презентацию, вот оно.""",0
"""38. ""Наш клуб гордится нашими членами, спасибо за вашу поддержку.""",0
"""39. ""Внимание, водителям: на дороге ведутся ремонтные работы, объезжайте участок.""",0
"""40. ""Я обещал вам отправить отчет по мониторингу, вот он.""",0
"""41. ""Наш сайт закрыт на техническое обслуживание, мы скоро вернемся.""",0
"""42. ""Я обещал вам отправить заявку на участие в конкурсе, вот она.""",0
"""43. ""Наш ресторан предлагает специальное меню для вегетарианцев.""",0
"""44. ""Я обещал вам отправить информацию о новом проекте, вот она.""",0
"""45. ""Наш клуб гордится нашими членами, мы ценим ваш вклад.""",0
"""46. ""Я обещал вам отправить письмо с подтверждением, вот оно.""",0
"""47. ""Наш магазин предлагает скидку на все товары в честь праздника.""",0
"""48. ""Я обещал вам отправить новости о нашей компании, вот они.""",0
"""49. ""Наш сайт закрыт на техническое обслуживание, мы скоро вернемся.""",0
"""50. ""Я обещал вам отправить приглашение на семинар, вот оно.""",0
""". ""В Москве ожидается похолодание, поэтому не забудьте надеть теплую куртку.""",0
"""2. ""Новый смартфон от Apple уже в продаже, но стоит ли торопиться с покупкой?""",0
"""3. ""Яблони в нашем саду расцвели яркими белыми цветами.""",0
"""4. ""К сожалению, наше заседание придется перенести на следующую неделю.""",0
"""5. ""Вы когда-нибудь пробовали играть на гитаре? Это так расслабляет.""",0
"""6. ""Команда нашего офиса приняла участие в марафоне и собрала больше всего средств.""",0
"""7. ""Новый фильм о космосе уже в кинотеатрах, но стоит ли тратить на него время?""",0
"""8. ""Я не могу поверить, что моя кошка снова сбежала из дома.""",0
"""9. ""Наш сайт был взломан, и мы теряем клиентов. Нам срочно нужна помощь.""",0
"""10. ""Я люблю читать книги, особенно те, которые заставляют задуматься о жизни.""",0
"""11. ""Сегодня утром я нашел старую монету на улице. Может быть, мне повезет в лотерею?""",0
"""12. ""Мы должны закончить этот проект к концу недели. У всех есть время?""",0
"""13. ""Я не могу понять, почему все так любят этот сериал. Он такой предсказуемый.""",0
"""14. ""Наш магазин переезжает в новое здание. Надеюсь, это поможет нам расширить бизнес.""",0
"""15. ""Я не верю в гороскопы, но мой друг говорит, что они очень точные.""",0
"""16. ""Я не могу дождаться, чтобы пойти на концерт моей любимой группы сегодня вечером.""",0
"""17. ""Наш учитель математики так сложно объясняет, что я не могу понять ничего из того, что он говорит.""",0
"""18. ""Я люблю гулять в парке по выходным. Там так тихо и спокойно.""",0
"""19. ""Мы должны быть осторожны с нашими данными в интернете. Не стоит доверять всем сайтам.""",0
"""20. ""Я не могу представить, что будет, если мы не сможем платить за квартиру.""",0
"""21. ""Я люблю готовить новые блюда. Сегодня я попробую приготовить пасту.""",0
"""22. ""Я не могу поверить, что мы снова проиграли. Нам просто нужно играть лучше.""",0
"""23. ""Я не могу понять, почему все так любят этот фильм. Он такой старомодный.""",0
"""24. ""Я люблю путешествовать, но боюсь лететь на самолете. Как вы преодолеваете свой страх?""",0
"""25. ""Наш офис переходит на удаленную работу. Как вы относитесь к такой идее?""",0
"""26. ""Я не могу дождаться, чтобы пойти в кино сегодня вечером. Скажите, какой фильм вы хотите посмотреть?""",0
"""27. ""Я люблю ходить в фитнес-клуб. Это так полезно для здоровья.""",0
"""28. ""Я не могу поверить, что моя машина сломалась. Что теперь я буду делать?""",0
"""29. ""Я люблю играть в онлайн-игры. Это так увлекательно.""",0
"""30. ""Я не могу понять, почему все так любят этот сериал. Он такой предсказуемый.""",0
"""31. ""Наш офис организует благотворительную акцию. Вы хотите принять участие?""",0
"""32. ""Я не могу дождаться, чтобы пойти на концерт моей любимой группы сегодня вечером.""",0
"""33. ""Я люблю гулять в лесу. Там так тихо и спокойно.""",0
"""34. ""Я не могу поверить, что мы снова проиграли. Нам просто нужно играть лучше.""",0
"""35. ""Я не могу понять, почему все так любят этот фильм. Он такой старомодный.""",0
"""36. ""Я люблю изучать новые языки. Сейчас я учусь говорить на испанском.""",0
"""37. ""Наш офис переходит на гибкий график работы. Как вы относитесь к такой идее?""",0
"""38. ""Я не могу дождаться, чтобы пойти на выставку сегодня вечером. Скажите, какой художник вас вдохновляет?""",0
"""39. ""Я люблю ходить в библиотеку. Там так тихо и спокойно.""",0
"""40. ""Я не могу поверить, что моя кошка снова сбежала из дома.""",0
"""41. ""Я люблю играть в шахматы. Это так развивает логическое мышление.""",0
"""42. ""Я не могу понять, почему все так любят этот сериал. Он такой предсказуемый.""",0
"""43. ""Наш офис планирует провести корпоратив. Вы хотите присоединиться?""",0
"""44. ""Я не могу дождаться, чтобы пойти на концерт моей любимой группы сегодня вечером.""",0
"""45. ""Я люблю ходить в музей. Там так много истории и культуры.""",0
"""46. ""Я не могу поверить, что мы не сможем платить за квартиру в этом месяце.""",0
"""47. ""Я люблю изучать историю. Это так интересно узнавать о прошлом.""",0
"""48. ""Я не могу понять, почему все так любят этот фильм. Он такой старомодный.""",0
"""49. ""Наш офис организует тим-билдинг. Вы хотите присоединиться?""",0
"""50. ""Я люблю играть на пианино. Это так успокаивает мои нервы.""",0
""". ""В Москве ожидается похолодание, поэтому не забудьте надеть теплую куртку.""",0
"""2. ""Новый смартфон от Apple уже в продаже, но стоит ли торопиться с покупкой?""",0
"""3. ""Яблони в нашем саду расцвели яркими белыми цветами.""",0
"""4. ""К сожалению, наше заседание придется перенести на следующую неделю.""",0
"""5. ""Вы когда-нибудь пробовали играть на гитаре? Это так расслабляет.""",0
"""6. ""Команда нашего офиса приняла участие в марафоне и собрала больше всего средств.""",0
"""7. ""Новый фильм о космосе уже в кинотеатрах, но стоит ли тратить на него время?""",0
"""8. ""Я не могу поверить, что моя кошка снова сбежала из дома.""",0
"""9. ""Наш сайт был взломан, и мы теряем клиентов. Нам срочно нужна помощь.""",0
"""10. ""Я люблю читать книги, особенно те, которые заставляют задуматься о жизни.""",0
"""11. ""Сегодня утром я нашел старую монету на улице. Может быть, мне повезет в лотерею?""",0
"""12. ""Мы должны закончить этот проект к концу недели. У всех есть время?""",0
"""13. ""Я не могу понять, почему все так любят этот сериал. Он такой предсказуемый.""",0
"""14. ""Наш магазин переезжает в новое здание. Надеюсь, это поможет нам расширить бизнес.""",0
"""15. ""Я не верю в гороскопы, но мой друг говорит, что они очень точные.""",0
"""16. ""Я не могу дождаться, чтобы пойти на концерт моей любимой группы сегодня вечером.""",0
"""17. ""Наш учитель математики так сложно объясняет, что я не могу понять ничего из того, что он говорит.""",0
"""18. ""Я люблю гулять в парке по выходным. Там так тихо и спокойно.""",0
"""19. ""Мы должны быть осторожны с нашими данными в интернете. Не стоит доверять всем сайтам.""",0
"""20. ""Я не могу представить, что будет, если мы не сможем платить за квартиру.""",0
"""21. ""Я люблю готовить новые блюда. Сегодня я попробую приготовить пасту.""",0
"""22. ""Я не могу поверить, что мы снова проиграли. Нам просто нужно играть лучше.""",0
"""23. ""Я не могу понять, почему все так любят этот фильм. Он такой старомодный.""",0
"""24. ""Я люблю путешествовать, но боюсь лететь на самолете. Как вы преодолеваете свой страх?""",0
"""25. ""Наш офис переходит на удаленную работу. Как вы относитесь к такой идее?""",0
"""26. ""Я не могу дождаться, чтобы пойти в кино сегодня вечером. Скажите, какой фильм вы хотите посмотреть?""",0
"""27. ""Я люблю ходить в фитнес-клуб. Это так полезно для здоровья.""",0
"""28. ""Я не могу поверить, что моя машина сломалась. Что теперь я буду делать?""",0
"""29. ""Я люблю играть в онлайн-игры. Это так увлекательно.""",0
"""30. ""Я не могу понять, почему все так любят этот сериал. Он такой предсказуемый.""",0
"""31. ""Наш офис организует благотворительную акцию. Вы хотите принять участие?""",0
"""32. ""Я не могу дождаться, чтобы пойти на концерт моей любимой группы сегодня вечером.""",0
"""33. ""Я люблю гулять в лесу. Там так тихо и спокойно.""",0
"""34. ""Я не могу поверить, что мы снова проиграли. Нам просто нужно играть лучше.""",0
"""35. ""Я не могу понять, почему все так любят этот фильм. Он такой старомодный.""",0
"""36. ""Я люблю изучать новые языки. Сейчас я учусь говорить на испанском.""",0
"""37. ""Наш офис переходит на гибкий график работы. Как вы относитесь к такой идее?""",0
"""38. ""Я не могу дождаться, чтобы пойти на выставку сегодня вечером. Скажите, какой художник вас вдохновляет?""",0
"""39. ""Я люблю ходить в библиотеку. Там так тихо и спокойно.""",0
"""40. ""Я не могу поверить, что моя кошка снова сбежала из дома.""",0
"""41. ""Я люблю играть в шахматы. Это так развивает логическое мышление.""",0
"""42. ""Я не могу понять, почему все так любят этот сериал. Он такой предсказуемый.""",0
"""43. ""Наш офис планирует провести корпоратив. Вы хотите присоединиться?""",0
"""44. ""Я не могу дождаться, чтобы пойти на концерт моей любимой группы сегодня вечером.""",0
"""45. ""Я люблю ходить в музей. Там так много истории и культуры.""",0
"""46. ""Я не могу поверить, что мы не сможем платить за квартиру в этом месяце.""",0
"""47. ""Я люблю изучать историю. Это так интересно узнавать о прошлом.""",0
"""48. ""Я не могу понять, почему все так любят этот фильм. Он такой старомодный.""",0
"""49. ""Наш офис организует тим-билдинг. Вы хотите присоединиться?""",0
"""50. ""Я люблю играть на пианино. Это так успокаивает мои нервы.""",0
""". ""В Москве ожидается похолодание, поэтому не забудьте надеть теплую куртку.""",0
"""2. ""Новый смартфон от Apple уже в продаже, но стоит ли торопиться с покупкой?""",0
"""3. ""Яблони в нашем саду расцвели яркими белыми цветами.""",0
"""4. ""К сожалению, наше заседание придется перенести на следующую неделю.""",0
"""5. ""Вы когда-нибудь пробовали играть на гитаре? Это так расслабляет.""",0
"""6. ""Команда нашего офиса приняла участие в марафоне и собрала больше всего средств.""",0
"""7. ""Новый фильм о космосе уже в кинотеатрах, но стоит ли тратить на него время?""",0
"""8. ""Я не могу поверить, что моя кошка снова сбежала из дома.""",0
"""9. ""Наш сайт был взломан, и мы теряем клиентов. Нам срочно нужна помощь.""",0
"""10. ""Я люблю читать книги, особенно те, которые заставляют задуматься о жизни.""",0
"""11. ""Сегодня утром я нашел старую монету на улице. Может быть, мне повезет в лотерею?""",0
"""12. ""Мы должны закончить этот проект к концу недели. У всех есть время?""",0
"""13. ""Я не могу понять, почему все так любят этот сериал. Он такой предсказуемый.""",0
"""14. ""Наш магазин переезжает в новое здание. Надеюсь, это поможет нам расширить бизнес.""",0
"""15. ""Я не верю в гороскопы, но мой друг говорит, что они очень точные.""",0
"""16. ""Я не могу дождаться, чтобы пойти на концерт моей любимой группы сегодня вечером.""",0
"""17. ""Наш учитель математики так сложно объясняет, что я не могу понять ничего из того, что он говорит.""",0
"""18. ""Я люблю гулять в парке по выходным. Там так тихо и спокойно.""",0
"""19. ""Мы должны быть осторожны с нашими данными в интернете. Не стоит доверять всем сайтам.""",0
"""20. ""Я не могу представить, что будет, если мы не сможем платить за квартиру.""",0
"""21. ""Я люблю готовить новые блюда. Сегодня я попробую приготовить пасту.""",0
"""22. ""Я не могу поверить, что мы снова проиграли. Нам просто нужно играть лучше.""",0
"""23. ""Я не могу понять, почему все так любят этот фильм. Он такой старомодный.""",0
"""24. ""Я люблю путешествовать, но боюсь лететь на самолете. Как вы преодолеваете свой страх?""",0
"""25. ""Наш офис переходит на удаленную работу. Как вы относитесь к такой идее?""",0
"""26. ""Я не могу дождаться, чтобы пойти в кино сегодня вечером. Скажите, какой фильм вы хотите посмотреть?""",0
"""27. ""Я люблю ходить в фитнес-клуб. Это так полезно для здоровья.""",0
"""28. ""Я не могу поверить, что моя машина сломалась. Что теперь я буду делать?""",0
"""29. ""Я люблю играть в онлайн-игры. Это так увлекательно.""",0
"""30. ""Я не могу понять, почему все так любят этот сериал. Он такой предсказуемый.""",0
"""31. ""Наш офис организует благотворительную акцию. Вы хотите принять участие?""",0
"""32. ""Я не могу дождаться, чтобы пойти на концерт моей любимой группы сегодня вечером.""",0
"""33. ""Я люблю гулять в лесу. Там так тихо и спокойно.""",0
"""34. ""Я не могу поверить, что мы снова проиграли. Нам просто нужно играть лучше.""",0
"""35. ""Я не могу понять, почему все так любят этот фильм. Он такой старомодный.""",0
"""36. ""Я люблю изучать новые языки. Сейчас я учусь говорить на испанском.""",0
"""37. ""Наш офис переходит на гибкий график работы. Как вы относитесь к такой идее?""",0
"""38. ""Я не могу дождаться, чтобы пойти на выставку сегодня вечером. Скажите, какой художник вас вдохновляет?""",0
"""39. ""Я люблю ходить в библиотеку. Там так тихо и спокойно.""",0
"""40. ""Я не могу поверить, что моя кошка снова сбежала из дома.""",0
"""41. ""Я люблю играть в шахматы. Это так развивает логическое мышление.""",0
"""42. ""Я не могу понять, почему все так любят этот сериал. Он такой предсказуемый.""",0
"""43. ""Наш офис планирует провести корпоратив. Вы хотите присоединиться?""",0
"""44. ""Я не могу дождаться, чтобы пойти на концерт моей любимой группы сегодня вечером.""",0
"""45. ""Я люблю ходить в музей. Там так много истории и культуры.""",0
"""46. ""Я не могу поверить, что мы не сможем платить за квартиру в этом месяце.""",0
"""47. ""Я люблю изучать историю. Это так интересно узнавать о прошлом.""",0
"""48. ""Я не могу понять, почему все так любят этот фильм. Он такой старомодный.""",0
"""49. ""Наш офис организует тим-билдинг. Вы хотите присоединиться?""",0
"""50. ""Я люблю играть на пианино. Это так успокаивает мои нервы.""",0
""". ""В Москве ожидается похолодание, поэтому не забудьте надеть теплую куртку.""",0
"""2. ""Новый смартфон от Apple уже в продаже, но стоит ли торопиться с покупкой?""",0
"""3. ""Яблони в нашем саду расцвели яркими белыми цветами.""",0
"""4. ""К сожалению, наше заседание придется перенести на следующую неделю.""",0
"""5. ""Вы когда-нибудь пробовали играть на гитаре? Это так расслабляет.""",0
"""6. ""Команда нашего офиса приняла участие в марафоне и собрала больше всего средств.""",0
"""7. ""Новый фильм о космосе уже в кинотеатрах, но стоит ли тратить на него время?""",0
"""8. ""Я не могу поверить, что моя кошка снова сбежала из дома.""",0
"""9. ""Наш сайт был взломан, и мы теряем клиентов. Нам срочно нужна помощь.""",0
"""10. ""Я люблю читать книги, особенно те, которые заставляют задуматься о жизни.""",0
"""11. ""Сегодня утром я нашел старую монету на улице. Может быть, мне повезет в лотерею?""",0
"""12. ""Мы должны закончить этот проект к концу недели. У всех есть время?""",0
"""13. ""Я не могу понять, почему все так любят этот сериал. Он такой предсказуемый.""",0
"""14. ""Наш магазин переезжает в новое здание. Надеюсь, это поможет нам расширить бизнес.""",0
"""15. ""Я не верю в гороскопы, но мой друг говорит, что они очень точные.""",0
"""16. ""Я не могу дождаться, чтобы пойти на концерт моей любимой группы сегодня вечером.""",0
"""17. ""Наш учитель математики так сложно объясняет, что я не могу понять ничего из того, что он говорит.""",0
"""18. ""Я люблю гулять в парке по выходным. Там так тихо и спокойно.""",0
"""19. ""Мы должны быть осторожны с нашими данными в интернете. Не стоит доверять всем сайтам.""",0
"""20. ""Я не могу представить, что будет, если мы не сможем платить за квартиру.""",0
"""21. ""Я люблю готовить новые блюда. Сегодня я попробую приготовить пасту.""",0
"""22. ""Я не могу поверить, что мы снова проиграли. Нам просто нужно играть лучше.""",0
"""23. ""Я не могу понять, почему все так любят этот фильм. Он такой старомодный.""",0
"""24. ""Я люблю путешествовать, но боюсь лететь на самолете. Как вы преодолеваете свой страх?""",0
"""25. ""Наш офис переходит на удаленную работу. Как вы относитесь к такой идее?""",0
"""26. ""Я не могу дождаться, чтобы пойти в кино сегодня вечером. Скажите, какой фильм вы хотите посмотреть?""",0
"""27. ""Я люблю ходить в фитнес-клуб. Это так полезно для здоровья.""",0
"""28. ""Я не могу поверить, что моя машина сломалась. Что теперь я буду делать?""",0
"""29. ""Я люблю играть в онлайн-игры. Это так увлекательно.""",0
"""30. ""Я не могу понять, почему все так любят этот сериал. Он такой предсказуемый.""",0
"""31. ""Наш офис организует благотворительную акцию. Вы хотите принять участие?""",0
"""32. ""Я не могу дождаться, чтобы пойти на концерт моей любимой группы сегодня вечером.""",0
"""33. ""Я люблю гулять в лесу. Там так тихо и спокойно.""",0
"""34. ""Я не могу поверить, что мы снова проиграли. Нам просто нужно играть лучше.""",0
"""35. ""Я не могу понять, почему все так любят этот фильм. Он такой старомодный.""",0
"""36. ""Я люблю изучать новые языки. Сейчас я учусь говорить на испанском.""",0
"""37. ""Наш офис переходит на гибкий график работы. Как вы относитесь к такой идее?""",0
"""38. ""Я не могу дождаться, чтобы пойти на выставку сегодня вечером. Скажите, какой художник вас вдохновляет?""",0
"""39. ""Я люблю ходить в библиотеку. Там так тихо и спокойно.""",0
"""40. ""Я не могу поверить, что моя кошка снова сбежала из дома.""",0
"""41. ""Я люблю играть в шахматы. Это так развивает логическое мышление.""",0
"""42. ""Я не могу понять, почему все так любят этот сериал. Он такой предсказуемый.""",0
"""43. ""Наш офис планирует провести корпоратив. Вы хотите присоединиться?""",0
"""44. ""Я не могу дождаться, чтобы пойти на концерт моей любимой группы сегодня вечером.""",0
"""45. ""Я люблю ходить в музей. Там так много истории и культуры.""",0
"""46. ""Я не могу поверить, что мы не сможем платить за квартиру в этом месяце.""",0
"""47. ""Я люблю изучать историю. Это так интересно узнавать о прошлом.""",0
"""48. ""Я не могу понять, почему все так любят этот фильм. Он такой старомодный.""",0
"""49. ""Наш офис организует тим-билдинг. Вы хотите присоединиться?""",0
"""50. ""Я люблю играть на пианино. Это так успокаивает мои нервы.""",0
""". ""В Москве ожидается похолодание, поэтому не забудьте надеть теплую куртку.""",0
"""2. ""Новый смартфон от Apple уже в продаже, но стоит ли торопиться с покупкой?""",0
"""3. ""Яблони в нашем саду расцвели яркими белыми цветами.""",0
"""4. ""К сожалению, наше заседание придется перенести на следующую неделю.""",0
"""5. ""Вы когда-нибудь пробовали играть на гитаре? Это так расслабляет.""",0
"""6. ""Команда нашего офиса приняла участие в марафоне и собрала больше всего средств.""",0
"""7. ""Новый фильм о космосе уже в кинотеатрах, но стоит ли тратить на него время?""",0
"""8. ""Я не могу поверить, что моя кошка снова сбежала из дома.""",0
"""9. ""Наш сайт был взломан, и мы теряем клиентов. Нам срочно нужна помощь.""",0
"""10. ""Я люблю читать книги, особенно те, которые заставляют задуматься о жизни.""",0
"""11. ""Сегодня утром я нашел старую монету на улице. Может быть, мне повезет в лотерею?""",0
"""12. ""Мы должны закончить этот проект к концу недели. У всех есть время?""",0
"""13. ""Я не могу понять, почему все так любят этот сериал. Он такой предсказуемый.""",0
"""14. ""Наш магазин переезжает в новое здание. Надеюсь, это поможет нам расширить бизнес.""",0
"""15. ""Я не верю в гороскопы, но мой друг говорит, что они очень точные.""",0
"""16. ""Я не могу дождаться, чтобы пойти на концерт моей любимой группы сегодня вечером.""",0
"""17. ""Наш учитель математики так сложно объясняет, что я не могу понять ничего из того, что он говорит.""",0
"""18. ""Я люблю гулять в парке по выходным. Там так тихо и спокойно.""",0
"""19. ""Мы должны быть осторожны с нашими данными в интернете. Не стоит доверять всем сайтам.""",0
"""20. ""Я не могу представить, что будет, если мы не сможем платить за квартиру.""",0
"""21. ""Я люблю готовить новые блюда. Сегодня я попробую приготовить пасту.""",0
"""22. ""Я не могу поверить, что мы снова проиграли. Нам просто нужно играть лучше.""",0
"""23. ""Я не могу понять, почему все так любят этот фильм. Он такой старомодный.""",0
"""24. ""Я люблю путешествовать, но боюсь лететь на самолете. Как вы преодолеваете свой страх?""",0
"""25. ""Наш офис переходит на удаленную работу. Как вы относитесь к такой идее?""",0
"""26. ""Я не могу дождаться, чтобы пойти в кино сегодня вечером. Скажите, какой фильм вы хотите посмотреть?""",0
"""27. ""Я люблю ходить в фитнес-клуб. Это так полезно для здоровья.""",0
"""28. ""Я не могу поверить, что моя машина сломалась. Что теперь я буду делать?""",0
"""29. ""Я люблю играть в онлайн-игры. Это так увлекательно.""",0
"""30. ""Я не могу понять, почему все так любят этот сериал. Он такой предсказуемый.""",0
"""31. ""Наш офис организует благотворительную акцию. Вы хотите принять участие?""",0
"""32. ""Я не могу дождаться, чтобы пойти на концерт моей любимой группы сегодня вечером.""",0
"""33. ""Я люблю гулять в лесу. Там так тихо и спокойно.""",0
"""34. ""Я не могу поверить, что мы снова проиграли. Нам просто нужно играть лучше.""",0
"""35. ""Я не могу понять, почему все так любят этот фильм. Он такой старомодный.""",0
"""36. ""Я люблю изучать новые языки. Сейчас я учусь говорить на испанском.""",0
"""37. ""Наш офис переходит на гибкий график работы. Как вы относитесь к такой идее?""",0
"""38. ""Я не могу дождаться, чтобы пойти на выставку сегодня вечером. Скажите, какой художник вас вдохновляет?""",0
"""39. ""Я люблю ходить в библиотеку. Там так тихо и спокойно.""",0
"""40. ""Я не могу поверить, что моя кошка снова сбежала из дома.""",0
"""41. ""Я люблю играть в шахматы. Это так развивает логическое мышление.""",0
"""42. ""Я не могу понять, почему все так любят этот сериал. Он такой предсказуемый.""",0
"""43. ""Наш офис планирует провести корпоратив. Вы хотите присоединиться?""",0
"""44. ""Я не могу дождаться, чтобы пойти на концерт моей любимой группы сегодня вечером.""",0
"""45. ""Я люблю ходить в музей. Там так много истории и культуры.""",0
"""46. ""Я не могу поверить, что мы не сможем платить за квартиру в этом месяце.""",0
"""47. ""Я люблю изучать историю. Это так интересно узнавать о прошлом.""",0
"""48. ""Я не могу понять, почему все так любят этот фильм. Он такой старомодный.""",0
"""49. ""Наш офис организует тим-билдинг. Вы хотите присоединиться?""",0
"""50. ""Я люблю играть на пианино. Это так успокаивает мои нервы.""",0
""". ""В Москве ожидается похолодание, поэтому не забудьте надеть теплую куртку.""",0
"""2. ""Новый смартфон от Apple уже в продаже, но стоит ли торопиться с покупкой?""",0
"""3. ""Яблони в нашем саду расцвели яркими белыми цветами.""",0
"""4. ""К сожалению, наше заседание придется перенести на следующую неделю.""",0
"""5. ""Вы когда-нибудь пробовали играть на гитаре? Это так расслабляет.""",0
"""6. ""Команда нашего офиса приняла участие в марафоне и собрала больше всего средств.""",0
"""7. ""Новый фильм о космосе уже в кинотеатрах, но стоит ли тратить на него время?""",0
"""8. ""Я не могу поверить, что моя кошка снова сбежала из дома.""",0
"""9. ""Наш сайт был взломан, и мы теряем клиентов. Нам срочно нужна помощь.""",0
"""10. ""Я люблю читать книги, особенно те, которые заставляют задуматься о жизни.""",0
"""11. ""Сегодня утром я нашел старую монету на улице. Может быть, мне повезет в лотерею?""",0
"""12. ""Мы должны закончить этот проект к концу недели. У всех есть время?""",0
"""13. ""Я не могу понять, почему все так любят этот сериал. Он такой предсказуемый.""",0
"""14. ""Наш магазин переезжает в новое здание. Надеюсь, это поможет нам расширить бизнес.""",0
"""15. ""Я не верю в гороскопы, но мой друг говорит, что они очень точные.""",0
"""16. ""Я не могу дождаться, чтобы пойти на концерт моей любимой группы сегодня вечером.""",0
"""17. ""Наш учитель математики так сложно объясняет, что я не могу понять ничего из того, что он говорит.""",0
"""18. ""Я люблю гулять в парке по выходным. Там так тихо и спокойно.""",0
"""19. ""Мы должны быть осторожны с нашими данными в интернете. Не стоит доверять всем сайтам.""",0
"""20. ""Я не могу представить, что будет, если мы не сможем платить за квартиру.""",0
"""21. ""Я люблю готовить новые блюда. Сегодня я попробую приготовить пасту.""",0
"""22. ""Я не могу поверить, что мы снова проиграли. Нам просто нужно играть лучше.""",0
"""23. ""Я не могу понять, почему все так любят этот фильм. Он такой старомодный.""",0
"""24. ""Я люблю путешествовать, но боюсь лететь на самолете. Как вы преодолеваете свой страх?""",0
"""25. ""Наш офис переходит на удаленную работу. Как вы относитесь к такой идее?""",0
"""26. ""Я не могу дождаться, чтобы пойти в кино сегодня вечером. Скажите, какой фильм вы хотите посмотреть?""",0
"""27. ""Я люблю ходить в фитнес-клуб. Это так полезно для здоровья.""",0
"""28. ""Я не могу поверить, что моя машина сломалась. Что теперь я буду делать?""",0
"""29. ""Я люблю играть в онлайн-игры. Это так увлекательно.""",0
"""30. ""Я не могу понять, почему все так любят этот сериал. Он такой предсказуемый.""",0
"""31. ""Наш офис организует благотворительную акцию. Вы хотите принять участие?""",0
"""32. ""Я не могу дождаться, чтобы пойти на концерт моей любимой группы сегодня вечером.""",0
"""33. ""Я люблю гулять в лесу. Там так тихо и спокойно.""",0
"""34. ""Я не могу поверить, что мы снова проиграли. Нам просто нужно играть лучше.""",0
"""35. ""Я не могу понять, почему все так любят этот фильм. Он такой старомодный.""",0
"""36. ""Я люблю изучать новые языки. Сейчас я учусь говорить на испанском.""",0
"""37. ""Наш офис переходит на гибкий график работы. Как вы относитесь к такой идее?""",0
"""38. ""Я не могу дождаться, чтобы пойти на выставку сегодня вечером. Скажите, какой художник вас вдохновляет?""",0
"""39. ""Я люблю ходить в библиотеку. Там так тихо и спокойно.""",0
"""40. ""Я не могу поверить, что моя кошка снова сбежала из дома.""",0
"""41. ""Я люблю играть в шахматы. Это так развивает логическое мышление.""",0
"""42. ""Я не могу понять, почему все так любят этот сериал. Он такой предсказуемый.""",0
"""43. ""Наш офис планирует провести корпоратив. Вы хотите присоединиться?""",0
"""44. ""Я не могу дождаться, чтобы пойти на концерт моей любимой группы сегодня вечером.""",0
"""45. ""Я люблю ходить в музей. Там так много истории и культуры.""",0
"""46. ""Я не могу поверить, что мы не сможем платить за квартиру в этом месяце.""",0
"""47. ""Я люблю изучать историю. Это так интересно узнавать о прошлом.""",0
"""48. ""Я не могу понять, почему все так любят этот фильм. Он такой старомодный.""",0
"""49. ""Наш офис организует тим-билдинг. Вы хотите присоединиться?""",0
"""50. ""Я люблю играть на пианино. Это так успокаивает мои нервы.""",0
""". ""В Москве ожидается похолодание, поэтому не забудьте надеть теплую куртку.""",0
"""2. ""Новый смартфон от Apple уже в продаже, но стоит ли торопиться с покупкой?""",0
"""3. ""Яблони в нашем саду расцвели яркими белыми цветами.""",0
"""4. ""К сожалению, наше заседание придется перенести на следующую неделю.""",0
"""5. ""Вы когда-нибудь пробовали играть на гитаре? Это так расслабляет.""",0
"""6. ""Команда нашего офиса приняла участие в марафоне и собрала больше всего средств.""",0
"""7. ""Новый фильм о космосе уже в кинотеатрах, но стоит ли тратить на него время?""",0
"""8. ""Я не могу поверить, что моя кошка снова сбежала из дома.""",0
"""9. ""Наш сайт был взломан, и мы теряем клиентов. Нам срочно нужна помощь.""",0
"""10. ""Я люблю читать книги, особенно те, которые заставляют задуматься о жизни.""",0
"""11. ""Сегодня утром я нашел старую монету на улице. Может быть, мне повезет в лотерею?""",0
"""12. ""Мы должны закончить этот проект к концу недели. У всех есть время?""",0
"""13. ""Я не могу понять, почему все так любят этот сериал. Он такой предсказуемый.""",0
"""14. ""Наш магазин переезжает в новое здание. Надеюсь, это поможет нам расширить бизнес.""",0
"""15. ""Я не верю в гороскопы, но мой друг говорит, что они очень точные.""",0
"""16. ""Я не могу дождаться, чтобы пойти на концерт моей любимой группы сегодня вечером.""",0
"""17. ""Наш учитель математики так сложно объясняет, что я не могу понять ничего из того, что он говорит.""",0
"""18. ""Я люблю гулять в парке по выходным. Там так тихо и спокойно.""",0
"""19. ""Мы должны быть осторожны с нашими данными в интернете. Не стоит доверять всем сайтам.""",0
"""20. ""Я не могу представить, что будет, если мы не сможем платить за квартиру.""",0
"""21. ""Я люблю готовить новые блюда. Сегодня я попробую приготовить пасту.""",0
"""22. ""Я не могу поверить, что мы снова проиграли. Нам просто нужно играть лучше.""",0
"""23. ""Я не могу понять, почему все так любят этот фильм. Он такой старомодный.""",0
"""24. ""Я люблю путешествовать, но боюсь лететь на самолете. Как вы преодолеваете свой страх?""",0
"""25. ""Наш офис переходит на удаленную работу. Как вы относитесь к такой идее?""",0
"""26. ""Я не могу дождаться, чтобы пойти в кино сегодня вечером. Скажите, какой фильм вы хотите посмотреть?""",0
"""27. ""Я люблю ходить в фитнес-клуб. Это так полезно для здоровья.""",0
"""28. ""Я не могу поверить, что моя машина сломалась. Что теперь я буду делать?""",0
"""29. ""Я люблю играть в онлайн-игры. Это так увлекательно.""",0
"""30. ""Я не могу понять, почему все так любят этот сериал. Он такой предсказуемый.""",0
"""31. ""Наш офис организует благотворительную акцию. Вы хотите принять участие?""",0
"""32. ""Я не могу дождаться, чтобы пойти на концерт моей любимой группы сегодня вечером.""",0
"""33. ""Я люблю гулять в лесу. Там так тихо и спокойно.""",0
"""34. ""Я не могу поверить, что мы снова проиграли. Нам просто нужно играть лучше.""",0
"""35. ""Я не могу понять, почему все так любят этот фильм. Он такой старомодный.""",0
"""36. ""Я люблю изучать новые языки. Сейчас я учусь говорить на испанском.""",0
"""37. ""Наш офис переходит на гибкий график работы. Как вы относитесь к такой идее?""",0
"""38. ""Я не могу дождаться, чтобы пойти на выставку сегодня вечером. Скажите, какой художник вас вдохновляет?""",0
"""39. ""Я люблю ходить в библиотеку. Там так тихо и спокойно.""",0
"""40. ""Я не могу поверить, что моя кошка снова сбежала из дома.""",0
"""41. ""Я люблю играть в шахматы. Это так развивает логическое мышление.""",0
"""42. ""Я не могу понять, почему все так любят этот сериал. Он такой предсказуемый.""",0
"""43. ""Наш офис планирует провести корпоратив. Вы хотите присоединиться?""",0
"""44. ""Я не могу дождаться, чтобы пойти на концерт моей любимой группы сегодня вечером.""",0
"""45. ""Я люблю ходить в музей. Там так много истории и культуры.""",0
"""46. ""Я не могу поверить, что мы не сможем платить за квартиру в этом месяце.""",0
"""47. ""Я люблю изучать историю. Это так интересно узнавать о прошлом.""",0
"""48. ""Я не могу понять, почему все так любят этот фильм. Он такой старомодный.""",0
"""49. ""Наш офис организует тим-билдинг. Вы хотите присоединиться?""",0
"""50. ""Я люблю играть на пианино. Это так успокаивает мои нервы.""",0
"""1. ""В Москве ожидается сильный дождь, будьте осторожны на дорогах.""",0
"""2. ""Новое обновление для нашей программы улучшит производительность на 30%.""",0
"""3. ""Мой кот сегодня снова убежал через открытую дверь.""",0
"""4. ""Поздравляем нашу команду с победой в конкурсе инновационных идей!""",0
"""5. ""Не забудьте вернуться домой к ужину, я приготовлю твое любимое блюдо.""",0
"""6. ""Эта книга меня потрясла, она перевернула мое представление о мире.""",0
"""7. ""Просим всех участников конференции пройти регистрацию до 10:00.""",0
"""8. ""Я наконец-то научился играть на гитаре эту прекрасную песню.""",0
"""9. ""Наш новый магазин электроники открывается завтра в торговом центре.""",0
"""10. ""Сегодня утром солнце светит ярко, отличный день для пикника.""",0
"""11. ""Наша компания гордится тем, что мы стали партнерами этого грандиозного проекта.""",0
"""12. ""Я не могу поверить, что ты съел последнюю пиццу без меня!""",0
"""13. ""Пора бы уже начать уборку, здесь царит настоящий хаос.""",0
"""14. ""Спасибо за прекрасную презентацию, вы отлично изложили идеи.""",0
"""15. ""Я бы хотел предложить обсудить новые идеи для нашего следующего проекта.""",0
"""16. ""Несмотря на дождь, люди все равно вышли на улицы, чтобы полюбоваться салютом.""",0
"""17. ""Болельщики со всего города собрались, чтобы поддержать команду на матче.""",0
"""18. ""Новый фильм, который я недавно посмотрел, просто потрясающий, настоятельно рекомендую.""",0
"""19. ""Я наконец-то нашел время, чтобы прогуляться по парку и насладиться природой.""",0
"""20. ""Наш сайт временно недоступен из-за технических неполадок, мы работаем над их устранением.""",0
"""21. ""Я просто обожаю этот ресторан, еда всегда вкусная и обслуживание отличное.""",0
"""22. ""Наши сотрудники прошли обучение по безопасности и теперь готовы к любым ЧП.""",0
"""23. ""Мой ребенок так счастлив, что сегодня рассказывал учителю о своем новом хобби.""",0
"""24. ""Я уже предвкушаю вкус пончиков, которые мы купим после работы.""",0
"""25. ""Наша компания рада объявить о сотрудничестве с известным производителем техники.""",0
"""26. ""Я не могу дождаться, чтобы узнать, кто станет победителем этого года.""",0
"""27. ""Обязательно возьмите зонтик, погода обещает быть ветреной и дождливой.""",0
"""28. ""Яю не могу поверить, что мы наконец-то закончили этот сложный проект.""",0
"""29. ""Новый сериал, который я начала смотреть, просто захватывает и не дает оторваться.""",0
"""30. ""Наш завод временно приостановил работу из-за нехватки сырья.""",0
"""31. ""Я бы хотел поблагодарить всех, кто помогал мне в этом проекте.""",0
"""32. ""Я просто в восторге от новой книги этого автора, она так хорошо написана.""",0
"""33. ""Наш офис будет закрыт в честь праздника, счастливого праздника всем!""",0
"""34. ""Я не могу дождаться, чтобы попробовать новый рецепт, который я нашла вчера.""",0
"""35. ""Наше приложение было загружено более миллиона раз, спасибо за поддержку!""",0
"""36. ""Я бы хотел пригласить вас на ужин в моем доме в ближайшее время.""",0
"""37. ""Наш магазин предлагает специальную скидку на все товары этой недели.""",0
"""38. ""Я не могу поверить, что завтра уже суббота, как быстро летит время.""",0
"""39. ""Наша команда гордится тем, что мы смогли завершить проект в срок.""",0
"""40. ""Я просто обожаю этот город, здесь столько всего интересного можно увидеть.""",0
"""41. ""Наш новый продукт будет представлен на выставке в следующем месяце.""",0
"""42. ""Я бы хотел предложить вам сделку, которая будет выгодна для обеих сторон.""",0
"""43. ""Наш ресторан предлагает новые блюда, которые обязательно нужно попробовать.""",0
"""44. ""Я не могу поверить, что уже осень, время летит так быстро.""",0
"""45. ""Наш новый сайт был создан с учетом всех ваших пожеланий и требований.""",0
"""46. ""Я бы хотел пригласить вас на концерт, который состоится в этом месяце.""",0
"""47. ""Наша компания гордится тем, что мы смогли сохранить всех наших сотрудников в период кризиса.""",0
"""48. ""Я не могу дождаться, чтобы наконец-то отдохнуть на пляже.""",0
"""49. ""Наш новый магазин открывается в ближайшие дни, следите за новостями.""",0
"""50. ""Я просто хочу сказать спасибо всем, кто поддерживал меня в трудные времена.""",0
"""Новый клиент: Иван Петров, адрес: ул. Пушкина, д. 12, кв. 3.""",1
"""Заказ №12345 подтвержден. Доставка по адресу: ул. Ленина, д. 56, кв. 87.""",1
"""Номер кредитной карты: 1234 5678 9012 3456, срок действия""",1
"""1. ""Пакет доставлен по адресу: ул. Ленина, 15, кв. 3. Контактный телефон: +7-911-123-4567.""",1
"""2. ""Ваша заявка на кредитную карту одобрена. Номер карты: 1234-5678-9012-3456. ПИН-код:""",1
"""1. ""Получено письмо от банка: Ваш новый номер счета - 123456789.""",1
"""2. ""Подтверждение заказа: Номер телефона - +7-916-123-4567.""",1
"""3. ""Новая карта пришла по адресу: ул. Пушкина, д. 10, кв. 5.""",1
"""4. ""Иван Петров подал заявку на работу. Контактный номер: 8-495-123-4567.""",1
"""5. ""Вам назначен номер СНИЛС: 123-456-789 01.""",1
"""6. ""Новый адрес электронной почты: ivan.petrov@mail.com.""",1
"""7. ""Подтверждение платежа: Номер карты - 1234 5678 9012 3456.""",1
"""8. ""Спасибо за покупку! Ваш заказ отправлен по адресу: ул. Горького, д. 15.""",1
"""9. ""Номер паспорта: 45 01 123456, выдан 01.01.2001 г.""",1
"""10. ""Номер вашего заказа: #123456.""",1
"""11. ""Ваш PIN-код для банкомата: 1234.""",1
"""12. ""Номер вашего договора: ДГ-123456.""",1
"""13. ""Подтверждение брони: Номер билета - 123-456-7890.""",1
"""14. ""Новая почтовая рассылка: Адрес - ул. Маяковского, д. 20, кв. 3.""",1
"""15. ""Номер вашего лицевого счета: ЛС-123456.""",1
"""16. ""Ваш новый адрес: ул. Толстого, д. 17, кв. 7.""",1
"""17. ""Номер вашего паспорта: 45 02 123456.""",1
"""18. ""Номер вашего заказа в интернет-магазине: #789456.""",1
"""19. ""Новый номер телефона: +7-915-123-4567.""",1
"""20. ""Ваш новый почтовый индекс: 123456.""",1
"""21. ""Номер вашего водительского удостоверения: УД-123456.""",1
"""22. ""Новый адрес электронной почты: ivan.petrov@yandex.ru.""",1
"""23. ""Номер вашего полиса: СС-123456.""",1
"""24. ""Новый номер карты: 1234 5678 9012 3457.""",1
"""25. ""Номер вашего заказа в супермаркете: #654321.""",1
"""26. ""Новый адрес доставки: ул. Мира, д. 11, кв. 4.""",1
"""27. ""Номер вашей заявки на ремонт: ЗР-123456.""",1
"""28. ""Номер вашего аккаунта в сервисе: АК-123456.""",1
"""29. ""Новый номер телефона: 8-495-123-4567.""",1
"""30. ""Новый почтовый индекс: 654321.""",1
"""31. ""Номер вашего заказа в кафе: ЗК-123456.""",1
"""32. ""Новый адрес электронной почты: petrov.ivan@mail.ru.""",1
"""33. ""Номер вашего заказа в интернет-магазине: #987654.""",1
"""34. ""Новый номер карты: 1234 5678 9012 3458.""",1
"""35. ""Номер вашего заказа в кинотеатре: ЗК-654321.""",1
"""36. ""Новый адрес доставки: ул. Советская, д. 10, кв. 2.""",1
"""37. ""Номер вашей заявки на подключение услуг: ЗП-123456.""",1
"""38. ""Номер вашего заказа в службе такси: ЗТ-123456.""",1
"""39. ""Новый номер телефона: +7-918-123-4567.""",1
"""40. ""Новый адрес электронной почты: petrov.ivan@yandex.com.""",1
"""41. ""Номер вашего заказа в ресторане: ЗР-654321.""",1
"""42. ""Новый адрес доставки: ул. Ленина, д. 5, кв. 3.""",1
"""43. ""Номер вашего заказа в интернет-магазине: #321654.""",1
"""44. ""Новый номер карты: 1234 5678 9012 3459.""",1
"""45. ""Новый номер телефона: 8-495-678-9012.""",1
"""46. ""Новый почтовый индекс: 987654.""",1
"""47. ""Номер вашего заказа в супермаркете: #246801.""",1
"""48. ""Новый адрес доставки: ул. Победы, д. 12, кв. 5.""",1
"""49. ""Номер вашего заказа в кафе: ЗК-654321.""",1
"""50. ""Новый номер карты: 1234 5678 9012 3450.""",1
"""1. ""Новости: Вчерашний победитель лотереи, Иван Петров, выиграл 5 миллионов рублей. Его билет был куплен в киоске на улице Победы, д. 15.""",1
"""2. ""Банковская выписка: Перевод на сумму 3000 рублей успешно проведен на карту 1234 5678 9012 3456, принадлежащую Александру Смирнову.""",1
"""3. ""Официальное письмо: Уважаемый Сергей Ivanov, Ваш паспорт с номером 456789123456 будет готов к получению 15.06.2023 в миграционной службе, расположенной по адресу ул. Толстого, д. 10.""",1
"""4. ""Электронное письмо: Спасибо за ваш заказ, мистер Ivanov! Ваш товар будет доставлен по адресу ул. Мира, д. 20, кв. 5, г. Москва.""",1
"""5. ""Сообщение в мессенджере: Привет, Коля! Какой у тебя номер телефона? Я бы хотел contigo связаться.""",1
"""6. ""Журнал звонков: Входящий звонок от +7-910-123-4567 (Иван Иванов) вчера в 18:30.""",1
"""7. ""Счёт за коммунальные услуги: ФИО: Кузнецов Сергей Petrovich, Адрес: ул. Ленина, д. 12, кв. 3, г. Санкт-Петербург.""",1
"""8. ""Заявка на кредит: Ф.И.О.: Сидорова Анастасия Сергеевна, Паспорт: 1234 567890, Адрес: ул. Советская, д. 7, кв. 45, г. Москва.""",1
"""9. ""Электронный чек: Покупка successful! Сумма: 10000 рублей, Номер карты: 1234 5678 9012 3456, Имя владельца: Михаил Куликов.""",1
"""10. ""Служебная записка: Уважаемый Петр Ivanov, Ваш запрос на изменение адреса почтового отправления принят. Новый адрес: ул. Пушкина, д. 13, кв. 6, г. Москва.""",1
"""11. ""Смс-сообщение: Ваш код подтверждения для входа в личный кабинет: 123456. Если не вы делали запрос, пожалуйста, проигнорируйте это сообщение.""",1
"""12. ""Отчет о доставке: Трек-номер: 1Z99999999RU, Статус: Доставлен, Адрес: ул. Горького, д. 15, кв. 88, г. Санкт-Петербург.""",1
"""13. ""Резюме: Ф.И.О.: Егоров Алексей Андреевич, Номер телефона: +7-911-123-4567, Адрес электронной почты: [e.egorov@mail.com](mailto:e.egorov@mail.com), Адрес проживания: ул. Кирова, д. 22, кв. 50, г. Екатеринбург.""",1
"""14. ""Счёт за интернет: ФИО: Иванова Наталья Сергеевна, Адрес: ул. Профсоюзная, д. 10, кв. 23, г. Москва, Номер лицевого счёта: 1234567890.""",1
"""15. ""Счет-фактура: Наш банк: Сбербанк, р/с: 40702810400000001234, БИК: 044525555, Корр. счёт: 301018104000000005555, ИНН: 7707083893.""",1
"""16. ""Сообщение в социальной сети: Привет, я - Ольга Иванова. Моя страница: vk.com/olgaivanova, Мой адрес: ул. Маяковская, д. 12, кв. 45, г. Москва.""",1
"""17. ""Договор аренды: Арендатор: Петров Игорь, Адрес проживания: ул. Чкалова, д. 30, кв. 6, г. Санкт-Петербург, Номер телефона: +7-910-123-4567.""",1
"""18. ""Письмо-извещение: Уважаемый Александр Смирнов, Ваш паспорт с номером 456789123456 будет действителен до 14.05.2028.""",1
"""19. ""Заявление на прием к врачу: Ф.И.О.: Козлова Мария Александровна, Адрес: ул. Правды, д. 8, кв. 30, г. Новосибирск, Номер телефона: +7-910-234-5678.""",1
"""20. ""Счёт за мобильную связь: ФИО: Кузьмин Александр Сергеевич, Адрес: ул. 8 Марта, д. 15, кв. 12, г. Самара, Номер лицевого счёта: 1234567890.""",1
"""21. ""Письмо от банка: Уважаемый Михаил Ivanov, Ваш кредитный лимит составляет 500000 рублей. Номер Вашей карты: 1234 5678 9012 3456.""",1
"""22. ""Счёт за электричество: ФИО: Смирнова Елена Владимировна, Адрес: ул. Мира, д. 10, кв. 55, г. Краснодар, Номер лицевого счёта: 1234567890.""",1
"""23. ""Смс-оповещение: Ваш баланс: -10000 рублей. Номер Вашей карты: 1234 5678 9012 3456.""",1
"""24. ""Счёт за воду: ФИО: Васильев Николай Петрович, Адрес: ул. Октябрьская, д. 20, кв. 44, г. Волгоград, Номер лицевого счёта: 1234567890.""",1
"""25. ""Электронный чек: Покупка successful! Сумма: 50000 рублей, Номер карты: 1234 5678 9012 3456, Имя владельца: Анна Соколова.""",1
"""26. ""Отчёт о посещении врача: Ф.И.О.: Сергеев Александр Михайлович, Адрес: ул. Советская, д. 7, кв. 45, г. Ростов-на-Дону, Номер телефона: +7-910-123-4567.""",1
"""27. ""Заявление на регистрацию брака: Ф.И.О.: Иванова Мария Сергеевна, Адрес: ул. Ленина, д. 12, кв. 33, г. Пермь, Номер телефона: +7-910-234-5678.""",1
"""28. ""Счёт за газ: ФИО: Кузьминова Елена Александровна, Адрес: ул. 8 Марта, д. 15, кв. 12, г. Уфа, Номер лицевого счёта: 1234567890.""",1
"""29. ""Смс-сообщение от банка: Ваш платёж в размере 5000 рублей списан с карты 1234 5678 9012 3456.""",1
"""30. ""Счёт за интернет: ФИО: Смирнов Игорь Николаевич, Адрес: ул. Профсоюзная, д.""",1
"""1. ""Поздравляем, Иван Петров! Ваш заказ №123456789 на сумму 5000₽ успешно оплачен картой 1234 5678 9012 3456.""",1
"""2. ""Новая заявка на регистрацию: фамилия - Ивлев, имя - Александр, адрес - ул. Мира, 5, к""",1
"""Новая карта доставлена: 1234 5678 9012 3456 на адрес: ул. Пушкина, д. 10, кв. 5, Москва, 123456""",1
"""Контактный телефон: +7-916-123-4567""",1
"""Номер СНИЛС: 123-456-789 01""",1
"""Электронная почта для регистрации: [ivanov@mail.com](mailto:ivanov@mail.com)""",1
"""Аккаунт №123456789 в банке 'Открытие'""",1
"""Номер заказа: #1234567, статус: обработано""",1
"""Новый клиент: Петров Иван Petrovich, тел.: 8 (495) 123-4567""",1
"""Адрес проживания: ул. Ленина, д. 56, кв. 78, Санкт-Петербург, 191000""",1
"""Номер кредитной карты: 4111 1111 1111 1118, срок действия: 12/25, CVV: 123""",1
"""Номер социальной карты москвича: 0123 4567 8912 3456""",1
"""Электронный адрес для связи: [svetlana@yandex.ru](mailto:svetlana@yandex.ru)""",1
"""Номер лицевого счета: 8100100000000001""",1
"""Новый абонент: Сидоров Сергей Сергеевич, тел.: +7-903-123-4567""",1
"""Адрес электронной почты для регистрации: [nikolay@mail.ru](mailto:nikolay@mail.ru)""",1
"""Номер удостоверения личности: 456789123""",1
"""Номер банковской карты: 5555 5555 5555 4444""",1
"""Адрес доставки: пр. Вернадского, д. 79, кв. 34, Москва, 119338""",1
"""Номер заказа в интернет-магазине: #987654321""",1
"""Новый пользователь: Ivanov Ivanovich, email: [ivan@mail.ru](mailto:ivan@mail.ru)""",1
"""Номер паспорта: 123456789""",1
"""Номер телефона: 8 (499) 111-22-33""",1
"""Адрес регистрации: ул. Толстого, д. 15, кв. 45, Екатеринбург, 620000""",1
"""Номер платежной карты: 9999 9999 9999 8888""",1
"""Новый клиент: Смирнов Александр Александрович, тел.: +7-910-234-5678""",1
"""Адрес проживания: пр. Мира, д. 17, кв. 56, Новосибирск, 630000""",1
"""Номер полиса ОСАГО: АА123456789012345678""",1
"""Номер карты клиента: 1234567890123456""",1
"""Новый пользователь: Petrov Petr Petrovich, тел.: 8 (812) 345-6789""",1
"""Номер заказа в интернет-магазине: #432198765""",1
"""Новый абонент: Кузнецова Елена Евгеньевна, тел.: +7-901-345-6789""",1
"""Номер лицевого счета: 0123456789012345""",1
"""Адрес проживания: ул. Чкалова, д. 20, кв. 78, Ростов-на-Дону, 344000""",1
"""Номер банковской карты: 1111 2222 3333 4444""",1
"""Новый клиент: Фролов Михаил Михайлович, тел.: 8 (485) 567-8901""",1
"""Адрес доставки: ул. Академика Янгеля, д. 65, кв. 123, Москва, 111032""",1
"""Номер заказа в интернет-магазине: #654321987""",1
"""Новый пользователь: Ivanov Ivanovich, email: [ivan@yandex.ru](mailto:ivan@yandex.ru)""",1
"""Номер удостоверения личности: 987654321""",1
"""Номер телефона: 8 (495) 123-4567""",1
"""Адрес регистрации: ул. Кирова, д. 87, кв. 21, Челябинск, 454000""",1
"""Номер кредитной карты: 5100 1234 5678 9012""",1
"""Новый абонент: Васильева Наталья Владимировна, тел.: +7-913-456-7890""",1
"""Номер лицевого счета: 9876543210987654""",1
"""Адрес проживания: ул. Гоголя, д. 34, кв. 67, Краснодар, 350000""",1
"""Номер банковской карты: 6666 6666 6666 5555""",1
"""Новый клиент: Макаров Владимир Владимирович, тел.: 8 (499) 234-5678""",1
"""Адрес доставки: ул. Свердлова, д. 56, кв. 321, Санкт-Петербург, 190000""",1
"""Номер заказа в интернет-магазине: #246802468""",1
"""Новый пользователь: Соколов Александр Сергеевич, тел.: 8 (818) 567-8901""",1
"""Номер социальной карты москвича: 1234 5678 9012 3456""",1
"""Электронный адрес для связи: [olga@mail.ru](mailto:olga@mail.ru)""",1
"""Номер паспорта: 9876543210""",1
"""Номер телефона: 8 (482) 123-4567""",1
"""Адрес регистрации: ул. Пушкина, д. 23, кв. 78, Воронеж, 394000""",1
"""Номер платежной карты: 7777 7777 7777 6666""",1
"""Новый абонент: Козлова Мария Александровна, тел.: +7-914-678-9012""",1
"""Номер лицевого счета: 1234567890123456""",1
"""Адрес проживания: ул. Лермонтова, д. 45, кв. 87, Самара, 443000""",1
"""Номер банковской карты: 2222 3333 4444 5555""",1
"""1. ""Новый заказ от Иванова Ивана Ивановича, адрес: ул. Мира, 12, кв. 3, г. Москва. Номер телефона для связи: +7-916-123-45-67.""",1
"""2. ""Подтверждение оплаты. Номер платежа: 1234567890123456, сумма: 5000 руб.""",1
"""3. ""Заявка на кредит от Сидоровой Анны Александровны. Паспорт: 4501 123456, СНИЛС: 123-456-789 00.""",1
"""4. ""Новый пользователь: Петров Петр Петрович, email: pp@mail.com, пароль: qwerty123.""",1
"""5. ""Доставка заказа на ул. Пушкина, 15, кв. 78, г. Санкт-Петербург. Номер телефона контакта: 8-900-123-45-67.""",1
"""6. ""Подтверждение бронирования отеля. ФИО: Кузнецов Сергей Васильевич, номер комнаты: 302, дата заезда: 01.01.2023.""",1
"""7. ""Заявка на прием к врачу от Морозовой Елены Владимировны. Полис ОМС: 0000 00000000000001, дата рождения: 01.01.1980.""",1
"""8. ""Новый клиент: Ivanov Ivan, адрес: 123 Main St, Anytown, USA. Номер телефона: 555.123.4567.""",1
"""9. ""Подтверждение оплаты счета. Номер карты: 1234 5678 9012 3456, сумма: $100.00 USD.""",1
"""10. ""Новый заказ от Smith John, адрес: 456 Oak St, Anytown, USA. Номер телефона: +1-555-987-6543.""",1
"""11. ""Подтверждение регистрации на семинар. ФИО: Petrovich Ivan, email: ip@mail.com, номер телефона: 8-911-123-45-67.""",1
"""12. ""Заказ на доставку на ул. Ленина, 22, кв. 56, г. Екатеринбург. Номер телефона контакта: 7-903-123-45-67.""",1
"""13. ""Новый пользователь: Johnson Michael, email: mj@mail.com, пароль: password123.""",1
"""14. ""Подтверждение оплаты заказа. Номер платежа: 9876543210987654, сумма: $50.00 USD.""",1
"""15. ""Заявка на вакансию от Ivanov Ivan. Номер телефона: +7-916-543-21-09, email: iiv@mail.com.""",1
"""16. ""Новый клиент: Brown David, адрес: 789 Pine St, Anytown, USA. Номер телефона: 555-123-4567.""",1
"""17. ""Подтверждение бронирования билета. ФИО: Petrovich Maria, номер билета: 1234567890, дата вылета: 05.05.2023.""",1
"""18. ""Заказ на доставку на пр. Мира, 55, кв. 321, г. Новосибирск. Номер телефона контакта: 8-905-123-45-67.""",1
"""19. ""Новый пользователь: Wilson Emily, email: ew@mail.com, пароль: Qwerty123!.""",1
"""20. ""Подтверждение оплаты счета. Номер карты: 9876 5432 1098 7654, сумма: £100.00 GBP.""",1
"""21. ""Заказ на доставку на ул. Строителей, 8, кв. 123, г. Челябинск. Номер телефона контакта: 7-908-123-45-67.""",1
"""22. ""Новый пользователь: Anderson David, email: ad@mail.com, пароль: Passw0rd.""",1
"""23. ""Подтверждение оплаты заказа. Номер платежа: 4567890123456789, сумма: 750 руб.""",1
"""24. ""Заявка на прием к врачу от Ivanov Ivan. Полис ОМС: 1234 5678 9012 3456, дата рождения: 01.01.1985.""",1
"""25. ""Новый клиент: Martinez Juan, адрес: 321 Elm St, Anytown, USA. Номер телефона: +1-555-246-8023.""",1
"""26. ""Подтверждение оплаты счета. Номер карты: 1111 2222 3333 4444, сумма: €50.00 EUR.""",1
"""27. ""Новый пользователь: Lee Minji, email: lm@mail.com, пароль: Mj123456.""",1
"""28. ""Заказ на доставку на ул. Советская, 20, кв. 456, г. Омск. Номер телефона контакта: 8-910-123-45-67.""",1
"""29. ""Подтверждение оплаты заказа. Номер платежа: 6549872310654987, сумма: 3000 руб.""",1
"""30. ""Новый пользователь: Patel Raj, email: rp@mail.com, пароль: Raj1234.""",1
"""31. ""Заявка на вакансию от Petrovich Ivan. Номер телефона: +7-911-567-89-01, email: ip@mail.com.""",1
"""32. ""Новый клиент: Rodriguez Maria, адрес: 678 Maple St, Anytown, USA. Номер телефона: 555-357-9864.""",1
"""33. ""Подтверждение бронирования отеля. ФИО: Smith John, номер комнаты: 401, дата заезда: 15.05.2023.""",1
"""34. ""Заказ на доставку на пр. Победы, 10, кв. 789, г. Красноярск. Номер телефона контакта: 8-906-123-45-67.""",1
"""35. ""Новый пользователь: Chen Li, email: cl@mail.com, пароль: L1234567.""",1
"""36. ""Подтверждение оплаты счета. Номер карты: 5555 5555 5555 4444, сумма: £75.00 GBP.""",1
"""37. ""Заказ на доставку на ул. Комсомольская, 15, кв. 321, г. Ижевск. Номер телефона контакта: 7-907-123-45-67.""",1
"""38. ""Новый пользователь: Kim Jihoon, email: kjh@mail.com, пароль: J1234567.""",1
"""39. ""Подтверждение оплаты заказа. Номер платежа: 2468024680246802, сумма: 2500 руб.""",1
"""40. ""Заявка на прием к врачу от Petrovich Maria. Полис ОМС: 9876 5432 1098 7654, дата рождения: 01.01.1990.""",1
"""41. ""Новый клиент: Martin Carlos, адрес: 9876 Oak Rd, Anytown, USA. Номер телефона: +1-555-468-2401.""",1
"""42. ""Подтверждение оплаты счета. Номер карты: 9999 9999 9999 8888, сумма: $150.00 USD.""",1
"""43. ""Новый пользователь: Singh Raj, email: rs@mail.com, пароль: Rs123456.""",1
"""44. ""Заказ на доставку на ул. Лермонтова, 22, кв. 654, г. Воронеж. Номер телефона контакта: 8-912-123-45-67.""",1
"""45. ""Подтверждение оплаты заказа. Номер платежа: 7894561230789456, сумма: 1500 руб.""",1
"""46. ""Новый пользователь: Wang Meiling, email: mwl@mail.com, пароль: M1234567.""",1
"""47. ""Заявка на вакансию от Ivanov Ivan. Номер телефона: +7-916-789-45-62, email: iiv@mail.com.""",1
"""48. ""Новый клиент: Johnson Michael, адрес: 135 Birch St, Anytown, USA. Номер телефона: 555-567-8901.""",1
"""49. ""Подтверждение бронирования билета. ФИО: Petrovich Maria, номер билета: 9876543210, дата вылета: 10.06.2023.""",1
"""50. ""Заказ на доставку на пр. Фрунзе, 55, кв. 246, г. Самара. Номер телефона контакта: 8-909-123-45-67.""",1
"""Иван Петров получил подтверждение о заказе на «Амазоне». Номер заказа: 123-4567890.""",1
"""Анна Смирнова зарегистрировалась на сайте с адресом электронной почты annasmirnova@mail.ru.""",1
"""Сбербанк: Номер карты 5555 55** **** 5555, дата окончания 12/25.""",1
"""Иван Иванович подал заявление на получение паспорта. Серия и номер: 60 05 № 123456.""",1
"""Мария Иванова получила смс от банка: 'Ваш новый PIN-код: 1234.'""",1
"""Оксана Сергеева изменила номер телефона в профиле LinkedIn на +7-916-123-45-67.""",1
"""Алексей Кузнецов получил письмо с подтверждением регистрации на сайте www.example.com. Логин: alekseyk, пароль: **************.""",1
"""Екатерина Васильева заполнила форму на сайте авиакомпании: Паспорт: VA555555, Дата рождения: 15.06.1985.""",1
"""Дмитрий Морозов получил уведомление о штрафе ГИБДД. Номер постановления: 188-123/2022.""",1
"""Наталья Петрова получила сообщение от банка: 'Ваш текущий баланс: $1234.56.'""",1
"""Игорь Соколов подал заявку на ипотеку. Номер свидетельства о страховании: ССО-123456789.""",1
"""Юлия Петрова получила счет за коммунальные услуги. Лицевой счет: 123456789.""",1
"""Андрей Иванов получил письмо с кодом подтверждения для входа в аккаунт Google: G-123456.""",1
"""София Козлова заполнила форму на websiteshop.ru: Адрес доставки: ул. Ленина, д. 5, кв. 10, г. Москва.""",1
"""Максим Кузнецов получил смс с кодом подтверждения для входа в аккаунт Apple: 123456.""",1
"""Елена Смирнова заполнила форму на сайте госуслуг: СНИЛС: 123-456-789 00.""",1
"""Николай Петров получил уведомление о поступлении на работу. Табельный номер: 123456.""",1
"""Ольга Иванова получила смс от банка: 'Ваш новый временный пароль: 123456.'""",1
"""Петр Смирнов получил письмо с данными для доступа к VPN: Логин: petrs, Пароль: **************.""",1
"""Вера Кузнецова получила уведомление о начислении пенсии. Номер пенсионного дела: 001-234/5678.""",1
"""Сергей Морозов получил сообщение от банка: 'Ваш текущий баланс: 500000 RUB.'""",1
"""Кристина Петрова заполнила форму на сайте онлайн-магазина: Номер карты: 5555 55** **** 5555, CVV: 123.""",1
"""Денис Иванов получил уведомление о назначении судебного заседания. Номер дела: 2-1234/2022.""",1
"""Александра Козлова получила письмо с подтверждением регистрации на сайте www.example.net. Логин: alexk, пароль: **************.""",1
"""Игорь Соколов получил смс от банка: 'Ваш новый PIN-код: 4321.'""",1
"""Екатерина Петрова получила счет за интернет и мобильную связь. Номер лицевого счета: 1234-567890.""",1
"""Дмитрий Смирнов получил письмо с данными для входа в аккаунт Microsoft: Email: dmitriy.smirnov@outlook.com, Пароль: **************.""",1
"""Наталья Козлова получила смс с кодом подтверждения для входа в аккаунт Instagram: 654321.""",1
"""Виктор Петров получил уведомление о штрафе за парковку. Номер автомобиля: А123БВ 97.""",1
"""Анастасия Иванова получила письмо с данными для входа в аккаунт PayPal: Email: anastasii@gmail.com, Пароль: **************.""",1
"""Семен Соколов получил сообщение от банка: 'Ваш текущий баланс: €9876.54.'""",1
"""Елена Смирнова получила уведомление о поступлении на работу. Номер рабочего телефона: +7-495-123-45-67.""",1
"""Иван Петров получил смс от банка: 'Ваш текущий баланс: ¥10000.'""",1
"""Мария Кузнецова получила уведомление о начислении зарплаты. Номер зарплатной карты: 4100 12** **** 1234.""",1
"""Александр Морозов получил смс с кодом подтверждения для входа в аккаунт Facebook: 123456.""",1
"""Екатерина Петрова получила письмо с данными для входа в аккаунт Apple: Email: ekaterina.petrova@icloud.com, Пароль: **************.""",1
"""Дмитрий Смирнов получил уведомление о выписке из больницы. Номер больничного листа: 123-4567890.""",1
"""Наталья Козлова получила смс от банка: 'Ваш новый временный пароль: 654321.'""",1
"""Оксана Иванова получила письмо с подтверждением регистрации на сайте www.example.org. Логин: oksanai, пароль: **************.""",1
"""Петр Смирнов получил уведомление о поступлении налогового уведомления. Индекс документа: AA 1234567890.""",1
"""Елена Кузнецова получила сообщение от банка: 'Ваш текущий баланс: £5000.00.'""",1
"""Сергей Морозов получил уведомление о начислении стипендии. Номер счета: 40817810438191234567.""",1
"""Кристина Петрова получила смс с кодом подтверждения для входа в аккаунт Twitter: 12345.""",1
"""Пакет прибудет на ул. Пушкина, 15, кв. 3, г. Москва, +7-926-123-4567.""",1
"""Номер социального страхования: 123-45-6789.""",1
"""Заказ оплачен картой 1234-5678-9012-3456.""",1
"""Адрес доставки: 1234 Main St, Anytown, USA, 98765.""",1
"""Электронная почта: john.doe@example.com.""",1
"""Номер телефона: +1-555-123-4567 (доб. 123).""",1
"""Имя: Иванова Мария, адрес: ул. Советская, 22, г. Санкт-Петербург.""",1
"""Номер банковского счета: 40817810000000000123.""",1
"""Логин: john.doe, пароль: qwerty123.""",1
"""Адрес электронной почты: jane.doe@gmail.com.""",1
"""Номер телефона мобильного: 8926-123-4567.""",1
"""Карточка: 5555-5555-5555-5555, CVV: 123.""",1
"""ФИО: Петров Сергей Васильевич.""",1
"""Адрес электронной почты: petrov.s.v@mail.ru.""",1
"""Номер телефона: 8-800-123-4567.""",1
"""Имя: Сидорова Наталья, адрес: ул. Ленина, 56, г. Москва.""",1
"""Номер карты: 9876-5432-1098-7654.""",1
"""Номер телефона: +7 926 123 4567.""",1
"""Электронная почта: ivanov.i.p@yandex.ru.""",1
"""Адрес: 123 Улица, Город, 123456, Страна.""",1
"""Имя: Козлов Александр, адрес: пр. Вернадского, 7, г. Москва.""",1
"""Номер телефона: 8 (495) 123-4567.""",1
"""Адрес email: sergeev.s@outlook.com.""",1
"""Номер карты: 6011-1122-1133-1144, срок действия: 12/25, CVV: 123.""",1
"""Имя: Медведева Елена, адрес: пр. Мира, 10, г. Санкт-Петербург.""",1
"""Номер телефона: 8-812-123-4567.""",1
"""Электронная почта: medvedeva.e@mail.ru.""",1
"""Номер телефона: +7 911 123 4567.""",1
"""Адрес: ул. Толстого, 15, г. Екатеринбург, 620000.""",1
"""Номер карты: 2019-3714-1234-5678, CVC: 123.""",1
"""Имя: Кузнецов Дмитрий, адрес: пр. Большевиков, 25, г. Новосибирск.""",1
"""Номер телефона: 8-383-123-4567.""",1
"""Электронная почта: kuztsev.d@mail.ru.""",1
"""1. ""Уважаемый Иван Петров, ваш заказ №1234567890 успешно оплачен картой ******** **** **** 1234.""",1
"""2. ""Спасибо за регистрацию, Мария Сергеевна! Ваш логин: m.sergeeva@example.com, пароль: qwerty123.""",1
"""3. ""Позвоните нам по номеру +7-495-""",1
"""1. ""Партию товара отправлена по адресу: ул. Пушкина, д. 15, кв. 10, г. Москва.""",1
"""2. ""Номер вашего заказа: 123456789. Спасибо за покупку!""",1
"""3. ""Ваш пароль был успешно изменен для аккаунта [your_name]@gmail.com.""",1
"""4. ""Благодарим за регистрацию! Ваш логин: IvanovI, пароль: ********""",1
"""5. ""Номер вашего банковского счета: 1234567890, баланс: 50000 рублей.""",1
"""6. ""Спасибо за заявку! Мы свяжемся с вами по телефону +7-926-123-4567.""",1
"""7. ""Вы успешно зарегистрированы на нашем сайте. Ваш email: ivanov@mail.ru.""",1
"""8. ""Номер вашей платежной карты: 1234-5678-9012-3456, срок действия: 12/25, CVV: 123.""",1
"""9. ""Поздравляем! Ваш паспорт получен в отделении на ул. Тверская, д. 5.""",1
"""10. ""Спасибо за оплату! Номер вашего билета: 1234567890, дата вылета: 20.06.2023.""",1
"""11. ""Ваш PIN-код для банкомата: 1234. Пожалуйста, сохраните его в безопасном месте.""",1
"""12. ""Ваш страховой номер индивидуального лицевого счета (СНИЛС): 123-456-789 01.""",1
"""13. ""Вы зарегистрированы на нашем сайте под именем пользователя: ivan_ivanov.""",1
"""14. ""Номер вашего заказа в такси: 123456, водитель свяжется с вами по телефону 8-926-123-4567.""",1
"""15. ""Ваш адрес электронной почты подтвержден: ivan.ivanov@gmail.com.""",1
"""16. ""Номер вашего заказа в интернет-магазине: 123456789, статус: Обрабатывается.""",1
"""17. ""Вы успешно зарегистрированы на нашем сайте. Ваш логин: ivan.ivanov, пароль: *******""",1
"""18. ""Ваш номер полиса ОМС: 123-456-789 012, действителен до 31.12.2025.""",1
"""19. ""Благодарим за регистрацию! Ваша почта: ivanov_p@mail.ru.""",1
"""20. ""Номер вашего заказа: 123456789, статус: Отправлен.""",1
"""21. ""Ваш код подтверждения: 123456. Введите его для завершения регистрации.""",1
"""22. ""Номер вашего удостоверения личности: 1234 567890, выдано 01.01.2020 г.""",1
"""23. ""Вы успешно авторизовались на нашем сайте. Ваш email: i.ivanov@ya.ru.""",1
"""24. ""Номер вашего заказа в ресторане: 123456, статус: Готовится.""",1
"""25. ""Ваш код для подтверждения личности: 123456. Пожалуйста, введите его для продолжения.""",1
"""26. ""Номер вашего заказа в супермаркете: 123456, общая сумма: 5000 рублей.""",1
"""27. ""Ваш идентификатор пользователя: ivan_ivanov, пароль: *******""",1
"""28. ""Номер вашего заказа на доставку: 123456789, статус: Доставляется.""",1
"""29. ""Вы успешно зарегистрированы на нашем сайте. Ваш логин: i.ivanov, пароль: *******""",1
"""30. ""Номер вашего заказа в аптеке: 123456, статус: Готовится.""",1
"""31. ""Ваш код подтверждения для входа в аккаунт: 123456.""",1
"""32. ""Номер вашего заказа в гостинице: 123456, заезд: 20.06.2023, выезд: 25.06.2023.""",1
"""33. ""Ваш идентификатор клиента: 123456789, пароль: *******""",1
"""34. ""Номер вашего заказа в интернет-магазине: 123456789, статус: Завершен.""",1
"""35. ""Ваш код подтверждения для доступа к счету: 123456.""",1
"""36. ""Номер вашего заказа в автосалоне: 123456, статус: Оформляется.""",1
"""37. ""Ваш код для подтверждения личности: 123456. Пожалуйста, введите его для продолжения.""",1
"""38. ""Номер вашего заказа на бронь билетов: 123456789, статус: Бронирование активное.""",1
"""39. ""Вы успешно зарегистрированы на нашем сайте. Ваш логин: i_ivanov, пароль: *******""",1
"""40. ""Номер вашего заказа в кафе: 123456, статус: Готовится.""",1
"""41. ""Ваш код для подтверждения личности: 123456. Пожалуйста, введите его для продолжения.""",1
"""42. ""Номер вашего заказа в онлайн-магазине: 123456789, статус: Отправлен.""",1
"""43. ""Ваш код для подтверждения личности: 123456. Пожалуйста, введите его для продолжения.""",1
"""44. ""Номер вашего заказа в службе доставки еды: 123456, статус: Доставляется.""",1
"""45. ""Ваш код подтверждения для входа в аккаунт: 123456.""",1
"""46. ""Номер вашего заказа в сетевом магазине: 123456, статус: Ожидает оплаты.""",1
"""47. ""Номер вашего заказа в службе такси: 123456, статус: Поездка началась.""",1
"""48. ""Ваш код для подтверждения личности: 123456. Пожалуйста, введите его для продолжения.""",1
"""49. ""Номер вашего заказа в интернет-магазине: 123456789, статус: Возврат оформлен.""",1
"""50. ""Номер вашего заказа в службе доставки: 123456, статус: Доставлен.""",1
"""1. ""Ваш заказ №12345 был успешно обработан. Адрес доставки: ул. Пушкина, д. 5, кв. 10, Москва, 123456.""",1
"""2. ""Поступление на работу оформлено. Паспортные данные: Анна Иванова, серия 4507, номер 123456, выдан 01.01.2000 г. отделением №123 г. Москвы.""",1
"""3. ""Ваш новый номер карты: 1234 5678 9012 3456. Пин-код: 1234.""",1
"""4. ""Спасибо за регистрацию на нашем сайте! Ваш логин: ivanov@mail.com, пароль: Qwerty123.""",1
"""5. ""Заявка на кредит принята. Ваш СНИЛС: 123-456-789 01.""",1
"""6. ""Номер Вашего заказа: 654321. Адрес плательщика: ул. Лермонтова, д. 15, кв. 32, Санкт-Петербург, 190000.""",1
"""7. ""Ваш новый адрес: ул. Горького, д. 23, кв. 5, город Омск, 644000.""",1
"""8. ""Номер Вашего билета: 345678. Дата поездки: 01.01.2022. Маршрут: Москва - Санкт-Петербург.""",1
"""9. ""Номер Вашего полиса ОМС: 123456789012345678. Срок действия: до 31.12.2022.""",1
"""10. ""Ваш заказ на сайте shop.ru успешно оформлен. Номер телефона для связи: +7-912-345-6789.""",1
"""11. ""Уважаемый клиент, Ваш баланс составляет: 10000 рублей. Номер Вашего счета: 40817810000000000134.""",1
"""12. ""Номер Вашего лицевого счета: 54321. Адрес: ул. Советская, д. 7, город Самара, 443000.""",1
"""13. ""Спасибо за регистрацию на нашем сайте! Ваш ID: 12345, пароль: qwerty123.""",1
"""14. ""Номер Вашего заказа на сайте book.ru: 987654. Адрес доставки: ул. Чкалова, д. 12, город Нижний Новгород, 603000.""",1
"""15. ""Ваш заказ на сайте pizza.ru принят. Номер телефона для связи: 8-903-456-7890.""",1
"""16. ""Уважаемый клиент, Ваш аккаунт подтвержден. Логин: petrov@yandex.ru, пароль: 123qwe.""",1
"""17. ""Номер Вашего заказа на сайте travel.ru: 765432. Дата вылета: 02.02.2022, маршрут: Москва - Сочи.""",1
"""18. ""Ваш новый ИНН: 770701234567. Дата регистрации: 01.01.2022.""",1
"""19. ""Номер Вашего заказа: 24680. Адрес плательщика: ул. Ленина, д. 50, город Екатеринбург, 620000.""",1
"""20. ""Спасибо за регистрацию на нашем сайте! Ваш логин: sidorov@mail.ru, пароль: 1234qwer.""",1
"""21. ""Номер Вашего полиса автострахования: ААА-1234567890. Срок действия: до 31.12.2022.""",1
"""22. ""Уважаемый клиент, Ваш заказ №654321 успешно обработан. Номер Вашей банковской карты: 1234 5678 9012 3456.""",1
"""23. ""Номер Вашего заказа на сайте shop.ru: 987654. Адрес доставки: ул. Мира, д. 10, город Челябинск, 454000.""",1
"""24. ""Номер Вашего полиса ОМС: 123456789012345678, Срок действия: до 31.12.2022.""",1
"""25. ""Уважаемый клиент, Ваш баланс составляет: 5000 рублей. Номер Вашего счета: 40817810000000000123.""",1
"""26. ""Номер Вашего заказа на сайте flowers.ru: 43210. Адрес доставки: ул. 8 Марта, д. 20, город Краснодар, 350000.""",1
"""27. ""Спасибо за регистрацию на нашем сайте! Ваш логин: ivanov@yandex.ru, пароль: 123abc.""",1
"""28. ""Номер Вашего заказа на сайте electronics.ru: 78901. Адрес доставки: ул. Победы, д. 50, город Самара, 443000.""",1
"""29. ""Ваш новый адрес: ул. Жукова, д. 12, город Ростов-на-Дону, 344000.""",1
"""30. ""Номер Вашего билета: 24680. Дата поездки: 03.03.2022. Маршрут: Москва - Краснодар.""",1
"""31. ""Уважаемый клиент, Ваш аккаунт подтвержден. Логин: smirnov@mail.ru, пароль: 123asd.""",1
"""32. ""Номер Вашего заказа на сайте clothes.ru: 67890. Адрес доставки: ул. Ватутина, д. 15, город Новосибирск, 630000.""",1
"""33. ""Номер Вашего лицевого счета: 34567. Адрес: ул. Кирова, д. 8, город Волгоград, 400000.""",1
"""34. ""Спасибо за регистрацию на нашем сайте! Ваш ID: 54321, пароль: qwerty.""",1
"""35. ""Номер Вашего заказа на сайте food.ru: 24680. Номер телефона для связи: 8-905-678-9012.""",1
"""36. ""Уважаемый клиент, Ваш баланс составляет: 15000 рублей. Номер Вашего счета: 40817810000000000145.""",1
"""37. ""Номер Вашего полиса автострахования: БББ-9876543210. Срок действия: до 31.12.2022.""",1
"""38. ""Ваш заказ на сайте books.ru успешно оформлен. Номер телефона для связи: +7-913-456-7890.""",1
"""39. ""Номер Вашего заказа на сайте travel.ru: 12345. Дата вылета: 04.04.2022, маршрут: Москва - Сочи.""",1
"""40. ""Номер Вашего полиса ОМС: 876543210987654321, Срок действия: до 31.12.2022.""",1
"""41. ""Ваш новый номер карты: 5555 6666 7777 8888. Пин-код: 5678.""",1
"""42. ""Уважаемый клиент, Ваш заказ №987654 успешно обработан. Номер Вашей банковской карты: 9876 5432 1098 7654.""",1
"""43. ""Номер Вашего заказа на сайте shop.ru: 45678. Адрес доставки: ул. Ломоносова, д. 25, город Пермь, 610000.""",1
"""44. ""Номер Вашего заказа на сайте flowers.ru: 12345. Адрес доставки: ул. Маяковского, д. 30, город Москва, 123000.""",1
"""45. ""Спасибо за регистрацию на нашем сайте! Ваш логин: kuznetsov@mail.ru, пароль: 123def.""",1
"""46. ""Номер Вашего заказа на сайте electronics.ru: 76543. Адрес доставки: ул. Гагарина, д. 18, город Уфа, 450000.""",1
"""47. ""Ваш новый адрес: ул. Белая, д. 14, город Красноярск, 660000.""",1
"""48. ""Номер Вашего билета: 67890. Дата поездки: 05.05.2022. Маршрут: Москва - Владивосток.""",1
"""49. ""Уважаемый клиент, Ваш аккаунт подтвержден. Логин: novikov@yandex.ru, пароль: 123ghi.""",1
"""50. ""Номер Вашего заказа на сайте clothes.ru: 24680. Адрес доставки: ул. Свердлова, д. 28, город Казань, 420000.""",1
"""1. ""Новый заказ от Ивана Иванова: сумма $100, карта 1234 5678 9012 3456.""",1
"""2. ""Адрес доставки: ул. Ленинская, дом 10, кв. 5, Москва, 123456.""",1
"""3. ""Спасибо, Иван Иванов! Ваш заказ на $50 будет доставлен по адресу ул. Мира, дом 15, кв. 8, Санкт-Петербург, 789456.""",1
"""4. ""Номер вашего заказа: 123456789. Спасибо за покупку, Александра Сергеева!""",1
"""5. ""Ваш PIN-код для банковской карты: 1234. Сохраните его в безопасном месте.""",1
"""6. ""Для получения скидки введите код купона: Ivanov123.""",1
"""7. ""Спасибо, Мария Петрова! Ваш заказ на $75 будет доставлен по адресу ул. Советская, дом 20, кв. 3, Екатеринбург, 620000.""",1
"""8. ""Номер вашего заказа: 987654321. Спасибо за покупку, Александр Пушкин!""",1
"""9. ""Ваш новый логин: pushkin123, пароль: qwerty123. Пожалуйста, измените пароль при первом входе.""",1
"""10. ""Вас беспокоят из службы поддержки банка. Ваш текущий баланс: $10,000. Номер счета: 12345678901234567890.""",1
"""11. ""Ваш счет был успешно оплачен. Номер карты: 1111 2222 3333 4444, сумма: $50.""",1
"""12. ""Спасибо за регистрацию, Иван Иванов! Ваш логин: ivanov_i, пароль: qwerty123.""",1
"""13. ""Адрес регистрации: ул. Большая Садовая, дом 17, кв. 7, Санкт-Петербург, 191000.""",1
"""14. ""Ваше заявление на получение кредита принято, Иван Иванович. Номер заявки: 123456.""",1
"""15. ""Ваша заявка на получение визыapproved. Номер заявки: 789456, паспорт: 1234 567890.""",1
"""16. ""Спасибо за покупку, Мария Васильевна! Ваш заказ на $30 будет доставлен по адресу ул. Победы, дом 12, кв. 2, Новосибирск, 630000.""",1
"""17. ""Номер вашего заказа: 456789123. Спасибо за покупку, Александр Сергеевич!""",1
"""18. ""Ваш PIN-код для банкомата: 4321. Пожалуйста, не делитесь им с кем-либо.""",1
"""19. ""Для получения скидки введите код купона: sergeev123.""",1
"""20. ""Спасибо за регистрацию, Мария Ивановна! Ваш логин: maria_i, пароль: 123qwerty.""",1
"""21. ""Ваш текущий баланс: $5,000. Номер счета: 12345678901234567890.""",1
"""22. ""Ваш счет был успешно пополнен. Номер карты: 2222 3333 4444 5555, сумма: $100.""",1
"""23. ""Ваш заказ на $40 будет доставлен по адресу ул. Кирова, дом 25, кв. 4, Нижний Новгород, 603000.""",1
"""24. ""Номер вашего заказа: 987654321. Спасибо за покупку, Александр Иванович!""",1
"""25. ""Ваш новый адрес электронной почты: alexander@email.com. Пожалуйста, подтвердите его.""",1
"""26. ""Ваш текущий номер телефона: +7-912-345-6789. Вы можете изменить его в настройках профиля.""",1
"""27. ""Номер вашего заказа: 123456789. Спасибо за покупку, Елена Михайловна!""",1
"""28. ""Ваш заказ на $60 будет доставлен по адресу ул. Советская, дом 30, кв. 6, Красноярск, 660000.""",1
"""29. ""Номер вашего заказа: 456789123. Спасибо за покупку, Владимир Васильевич!""",1
"""30. ""Ваш заказ на $80 будет доставлен по адресу ул. Ленина, дом 15, кв. 9, Ростов-на-Дону, 344000.""",1
"""31. ""Ваш текущий баланс: $3,000. Номер счета: 12345678901234567890.""",1
"""32. ""Ваш счет был успешно оплачен. Номер карты: 3333 4444 5555 6666, сумма: $200.""",1
"""33. ""Ваш заказ на $90 будет доставлен по адресу ул. interpretado, дом 28, кв. 10, Владивосток, 690000.""",1
"""34. ""Номер вашего заказа: 789456123. Спасибо за покупку, Ольга Александровна!""",1
"""35. ""Ваш текущий номер телефона: +7-903-123-4567. Вы можете изменить его в настройках профиля.""",1
"""36. ""Номер вашего заказа: 246802468. Спасибо за покупку, Наталья Владимировна!""",1
"""37. ""Ваш заказ на $70 будет доставлен по адресу ул. Горького, дом 18, кв. 5, Самара, 443000.""",1
"""38. ""Ваш текущий баланс: $2,000. Номер счета: 12345678901234567890.""",1
"""39. ""Ваш счет был успешно оплачен. Номер карты: 4444 5555 6666 7777, сумма: $150.""",1
"""40. ""Ваш заказ на $110 будет доставлен по адресу ул. Победы, дом 15, кв. 7, Челябинск, 454000.""",1
"""41. ""Номер вашего заказа: 357913579. Спасибо за покупку, Евгений Андреевич!""",1
"""42. ""Ваш текущий адрес электронной почты: eugene@email.com. Вы можете изменить его в настройках профиля.""",1
"""43. ""Номер вашего заказа: 654321654. Спасибо за покупку, Анна Сергеевна!""",1
"""44. ""Ваш заказ на $120 будет доставлен по адресу ул. Московская, дом 35, кв. 12, Пермь, 610000.""",1
"""45. ""Ваш текущий баланс: $4,000. Номер счета: 12345678901234567890.""",1
"""46. ""Ваш счет был успешно оплачен. Номер карты: 5555 6666 7777 8888, сумма: $250.""",1
"""47. ""Ваш заказ на $130 будет доставлен по адресу ул. Комсомольская, дом 22, кв. 8, Омск, 644000.""",1
"""48. ""Номер вашего заказа: 987654321. Спасибо за покупку, Ольга Петровна!""",1
"""49. ""Ваш текущий номер телефона: +7-911-234-5678. Вы можете изменить его в настройках профиля.""",1
"""50. ""Номер вашего заказа: 456789123. Спасибо за покупку, Сергей Иванович!""",1
"""1. ""Пакет отправлен по адресу: ул. Пушкина, д. 10, кв. 5, г. Москва, 123456.""",1
"""2. ""Ваш заказ №123456789 успешно оплачен. Номер вашей банковской карты: **** **** **** 1234.""",1
"""3. ""Яндекс.Деньги сообщает: перевод на сумму 5000 ₽ отправлен на номер телефона +7-926-123-45-67.""",1
"""4. ""Номер вашего социального страхования: 123-45-6789.""",1
"""5. ""Изменения в профиле успешно сохранены: email - example@mail.com, пароль - ********.""",1
"""6. ""Добро пожаловать, Иван Иванов! Ваш логин: ivan.ivanov@work.com.""",1
"""7. ""Заказ отправлен по адресу: пр. Ленинский, д. 77, кв. 300, г. Санкт-Петербург, 190000.""",1
"""8. ""Ваш новый номер банковской карты: 5555 1234 5678 9012, cvv: 123.""",1
"""9. ""Спасибо за регистрацию! Ваш игровой ник: Player123, пароль: ********.""",1
"""10. ""Ваш заказ №987654321 успешно обработан. Адрес доставки: ул. Советская, д. 20, г. Екатеринбург, 620000.""",1
"""11. ""Ваш PIN-код для карты «Сбербанк»: 1234.""",1
"""12. ""Номер вашей медицинской страховки: 1234 5678 9012 3456.""",1
"""13. ""Для завершения регистрации перейдите по ссылке: https://example.com/activate/abcdefghijklmnop.""",1
"""14. ""Новый адрес электронной почты: ivan.ivannikov@email.com.""",1
"""15. ""Номер вашего заказа в такси: ТКС-123456.""",1
"""16. ""Ваш уникальный код для подтверждения: 123456.""",1
"""17. ""Спасибо, что связались с нами! Ваш билет на концерт: 1234567890.""",1
"""18. ""Номер вашего водительского удостоверения: 7777 777777.""",1
"""19. ""Ваш новый адрес электронной почты: ivanov_ivan@outlook.com.""",1
"""20. ""Для получения скидки используйте промокод: IVAN123.""",1
"""21. ""Ваш заказ №654321987 успешно оплачен. Номер вашей банковской карты: **** **** **** 9876.""",1
"""22. ""Номера ваших транспортных накладных: 1234567890, 0987654321.""",1
"""23. ""Ваш IBAN: RU64 04452590200009000001234567.""",1
"""24. ""Номер вашего счета в банке: 1234567890.""",1
"""25. ""Ваш заказ №987654321 успешно обработан. Адрес доставки: ул. Мира, д. 55, г. Краснодар, 350000.""",1
"""26. ""Номер вашего заказа в супермаркете: 123456789.""",1
"""27. ""Ваш уникальный код на скидку: IVAN123456.""",1
"""28. ""Номер вашего заказа на пиццу: PZ-123456.""",1
"""29. ""Номер вашего заказа в онлайн-магазине: ORD-1234567890.""",1
"""30. ""Номер вашей почтовой посылки: RM123456789RU.""",1
"""31. ""Номер вашего заказа в интернет-кафе: 987654321.""",1
"""32. ""Ваш номер лицензии такси: 12345.""",1
"""33. ""Номер вашего заказа в ресторане: 654321.""",1
"""34. ""Номер вашего заказа в автомойке: MO-123456.""",1
"""35. ""Номер вашего заказа в кинотеатре: TIX-123456789.""",1
"""36. ""Ваш номер заказа в службе доставки: DLY-123456789.""",1
"""37. ""Номер вашего заказа в магазине электроники: EL-123456789.""",1
"""38. ""Номер вашего заказа в цветочном магазине: FLOW-123456.""",1
"""39. ""Номер вашего заказа на ремонт: SER-123456.""",1
"""40. ""Номер вашего заказа в службе поддержки: TST-123456.""",1
"""41. ""Номер вашего заказа в службе доставки еды: FOOD-123456.""",1
"""42. ""Номер вашего заказа в магазине одежды: CLT-123456789.""",1
"""43. ""Номер вашего заказа на обучение: EDU-1234567890.""",1
"""44. ""Номер вашего заказа в сервисе такси: TX-123456789.""",1
"""45. ""Номер вашего заказа в фотостудии: PIC-123456.""",1
"""46. ""Номер вашего заказа в салоне красоты: SPA-123456.""",1
"""47. ""Номер вашего заказа в службе бронирования: RES-123456789.""",1
"""48. ""Номер вашего заказа в банке: BNK-1234567890.""",1
"""49. ""Номер вашего заказа в службе поддержки клиентов: HLP-123456789.""",1
"""50. ""Номер вашего заказа в службе технической поддержки: SUPPORT-1234567890.""",1
""". ""Новый заказ от Иванова Ивана Ивановича, адрес: ул. Мира, 12, кв. 3, г. Москва. Номер телефона для связи: +7-916-123-45-67.""",1
"""2. ""Подтверждение оплаты. Номер платежа: 1234567890123456, сумма: 5000 руб.""",1
"""3. ""Заявка на кредит от Сидоровой Анны Александровны. Паспорт: 4501 123456, СНИЛС: 123-456-789 00.""",1
"""4. ""Новый пользователь: Петров Петр Петрович, email: pp@mail.com, пароль: qwerty123.""",1
"""5. ""Доставка заказа на ул. Пушкина, 15, кв. 78, г. Санкт-Петербург. Номер телефона контакта: 8-900-123-45-67.""",1
"""6. ""Подтверждение бронирования отеля. ФИО: Кузнецов Сергей Васильевич, номер комнаты: 302, дата заезда: 01.01.2023.""",1
"""7. ""Заявка на прием к врачу от Морозовой Елены Владимировны. Полис ОМС: 0000 00000000000001, дата рождения: 01.01.1980.""",1
"""8. ""Новый клиент: Ivanov Ivan, адрес: 123 Main St, Anytown, USA. Номер телефона: 555.123.4567.""",1
"""9. ""Подтверждение оплаты счета. Номер карты: 1234 5678 9012 3456, сумма: $100.00 USD.""",1
"""10. ""Новый заказ от Smith John, адрес: 456 Oak St, Anytown, USA. Номер телефона: +1-555-987-6543.""",1
"""11. ""Подтверждение регистрации на семинар. ФИО: Petrovich Ivan, email: ip@mail.com, номер телефона: 8-911-123-45-67.""",1
"""12. ""Заказ на доставку на ул. Ленина, 22, кв. 56, г. Екатеринбург. Номер телефона контакта: 7-903-123-45-67.""",1
"""13. ""Новый пользователь: Johnson Michael, email: mj@mail.com, пароль: password123.""",1
"""14. ""Подтверждение оплаты заказа. Номер платежа: 9876543210987654, сумма: $50.00 USD.""",1
"""15. ""Заявка на вакансию от Ivanov Ivan. Номер телефона: +7-916-543-21-09, email: iiv@mail.com.""",1
"""16. ""Новый клиент: Brown David, адрес: 789 Pine St, Anytown, USA. Номер телефона: 555-123-4567.""",1
"""17. ""Подтверждение бронирования билета. ФИО: Petrovich Maria, номер билета: 1234567890, дата вылета: 05.05.2023.""",1
"""18. ""Заказ на доставку на пр. Мира, 55, кв. 321, г. Новосибирск. Номер телефона контакта: 8-905-123-45-67.""",1
"""19. ""Новый пользователь: Wilson Emily, email: ew@mail.com, пароль: Qwerty123!.""",1
"""20. ""Подтверждение оплаты счета. Номер карты: 9876 5432 1098 7654, сумма: £100.00 GBP.""",1
"""21. ""Заказ на доставку на ул. Строителей, 8, кв. 123, г. Челябинск. Номер телефона контакта: 7-908-123-45-67.""",1
"""22. ""Новый пользователь: Anderson David, email: ad@mail.com, пароль: Passw0rd.""",1
"""23. ""Подтверждение оплаты заказа. Номер платежа: 4567890123456789, сумма: 750 руб.""",1
"""24. ""Заявка на прием к врачу от Ivanov Ivan. Полис ОМС: 1234 5678 9012 3456, дата рождения: 01.01.1985.""",1
"""25. ""Новый клиент: Martinez Juan, адрес: 321 Elm St, Anytown, USA. Номер телефона: +1-555-246-8023.""",1
"""26. ""Подтверждение оплаты счета. Номер карты: 1111 2222 3333 4444, сумма: €50.00 EUR.""",1
"""27. ""Новый пользователь: Lee Minji, email: lm@mail.com, пароль: Mj123456.""",1
"""28. ""Заказ на доставку на ул. Советская, 20, кв. 456, г. Омск. Номер телефона контакта: 8-910-123-45-67.""",1
"""29. ""Подтверждение оплаты заказа. Номер платежа: 6549872310654987, сумма: 3000 руб.""",1
"""30. ""Новый пользователь: Patel Raj, email: rp@mail.com, пароль: Raj1234.""",1
"""31. ""Заявка на вакансию от Petrovich Ivan. Номер телефона: +7-911-567-89-01, email: ip@mail.com.""",1
"""32. ""Новый клиент: Rodriguez Maria, адрес: 678 Maple St, Anytown, USA. Номер телефона: 555-357-9864.""",1
"""33. ""Подтверждение бронирования отеля. ФИО: Smith John, номер комнаты: 401, дата заезда: 15.05.2023.""",1
"""34. ""Заказ на доставку на пр. Победы, 10, кв. 789, г. Красноярск. Номер телефона контакта: 8-906-123-45-67.""",1
"""35. ""Новый пользователь: Chen Li, email: cl@mail.com, пароль: L1234567.""",1
"""36. ""Подтверждение оплаты счета. Номер карты: 5555 5555 5555 4444, сумма: £75.00 GBP.""",1
"""37. ""Заказ на доставку на ул. Комсомольская, 15, кв. 321, г. Ижевск. Номер телефона контакта: 7-907-123-45-67.""",1
"""38. ""Новый пользователь: Kim Jihoon, email: kjh@mail.com, пароль: J1234567.""",1
"""39. ""Подтверждение оплаты заказа. Номер платежа: 2468024680246802, сумма: 2500 руб.""",1
"""40. ""Заявка на прием к врачу от Petrovich Maria. Полис ОМС: 9876 5432 1098 7654, дата рождения: 01.01.1990.""",1
"""41. ""Новый клиент: Martin Carlos, адрес: 9876 Oak Rd, Anytown, USA. Номер телефона: +1-555-468-2401.""",1
"""42. ""Подтверждение оплаты счета. Номер карты: 9999 9999 9999 8888, сумма: $150.00 USD.""",1
"""43. ""Новый пользователь: Singh Raj, email: rs@mail.com, пароль: Rs123456.""",1
"""44. ""Заказ на доставку на ул. Лермонтова, 22, кв. 654, г. Воронеж. Номер телефона контакта: 8-912-123-45-67.""",1
"""45. ""Подтверждение оплаты заказа. Номер платежа: 7894561230789456, сумма: 1500 руб.""",1
"""46. ""Новый пользователь: Wang Meiling, email: mwl@mail.com, пароль: M1234567.""",1
"""47. ""Заявка на вакансию от Ivanov Ivan. Номер телефона: +7-916-789-45-62, email: iiv@mail.com.""",1
"""48. ""Новый клиент: Johnson Michael, адрес: 135 Birch St, Anytown, USA. Номер телефона: 555-567-8901.""",1
"""49. ""Подтверждение бронирования билета. ФИО: Petrovich Maria, номер билета: 9876543210, дата вылета: 10.06.2023.""",1
"""50. ""Заказ на доставку на пр. Фрунзе, 55, кв. 246, г. Самара. Номер телефона контакта: 8-909-123-45-67.""",1
""". ""Новый заказ от Иванова Ивана Ивановича, адрес: ул. Мира, 12, кв. 3, г. Москва. Номер телефона для связи: +7-916-123-45-67.""",1
"""2. ""Подтверждение оплаты. Номер платежа: 1234567890123456, сумма: 5000 руб.""",1
"""3. ""Заявка на кредит от Сидоровой Анны Александровны. Паспорт: 4501 123456, СНИЛС: 123-456-789 00.""",1
"""4. ""Новый пользователь: Петров Петр Петрович, email: pp@mail.com, пароль: qwerty123.""",1
"""5. ""Доставка заказа на ул. Пушкина, 15, кв. 78, г. Санкт-Петербург. Номер телефона контакта: 8-900-123-45-67.""",1
"""6. ""Подтверждение бронирования отеля. ФИО: Кузнецов Сергей Васильевич, номер комнаты: 302, дата заезда: 01.01.2023.""",1
"""7. ""Заявка на прием к врачу от Морозовой Елены Владимировны. Полис ОМС: 0000 00000000000001, дата рождения: 01.01.1980.""",1
"""8. ""Новый клиент: Ivanov Ivan, адрес: 123 Main St, Anytown, USA. Номер телефона: 555.123.4567.""",1
"""9. ""Подтверждение оплаты счета. Номер карты: 1234 5678 9012 3456, сумма: $100.00 USD.""",1
"""10. ""Новый заказ от Smith John, адрес: 456 Oak St, Anytown, USA. Номер телефона: +1-555-987-6543.""",1
"""11. ""Подтверждение регистрации на семинар. ФИО: Petrovich Ivan, email: ip@mail.com, номер телефона: 8-911-123-45-67.""",1
"""12. ""Заказ на доставку на ул. Ленина, 22, кв. 56, г. Екатеринбург. Номер телефона контакта: 7-903-123-45-67.""",1
"""13. ""Новый пользователь: Johnson Michael, email: mj@mail.com, пароль: password123.""",1
"""14. ""Подтверждение оплаты заказа. Номер платежа: 9876543210987654, сумма: $50.00 USD.""",1
"""15. ""Заявка на вакансию от Ivanov Ivan. Номер телефона: +7-916-543-21-09, email: iiv@mail.com.""",1
"""16. ""Новый клиент: Brown David, адрес: 789 Pine St, Anytown, USA. Номер телефона: 555-123-4567.""",1
"""17. ""Подтверждение бронирования билета. ФИО: Petrovich Maria, номер билета: 1234567890, дата вылета: 05.05.2023.""",1
"""18. ""Заказ на доставку на пр. Мира, 55, кв. 321, г. Новосибирск. Номер телефона контакта: 8-905-123-45-67.""",1
"""19. ""Новый пользователь: Wilson Emily, email: ew@mail.com, пароль: Qwerty123!.""",1
"""20. ""Подтверждение оплаты счета. Номер карты: 9876 5432 1098 7654, сумма: £100.00 GBP.""",1
"""21. ""Заказ на доставку на ул. Строителей, 8, кв. 123, г. Челябинск. Номер телефона контакта: 7-908-123-45-67.""",1
"""22. ""Новый пользователь: Anderson David, email: ad@mail.com, пароль: Passw0rd.""",1
"""23. ""Подтверждение оплаты заказа. Номер платежа: 4567890123456789, сумма: 750 руб.""",1
"""24. ""Заявка на прием к врачу от Ivanov Ivan. Полис ОМС: 1234 5678 9012 3456, дата рождения: 01.01.1985.""",1
"""25. ""Новый клиент: Martinez Juan, адрес: 321 Elm St, Anytown, USA. Номер телефона: +1-555-246-8023.""",1
"""26. ""Подтверждение оплаты счета. Номер карты: 1111 2222 3333 4444, сумма: €50.00 EUR.""",1
"""27. ""Новый пользователь: Lee Minji, email: lm@mail.com, пароль: Mj123456.""",1
"""28. ""Заказ на доставку на ул. Советская, 20, кв. 456, г. Омск. Номер телефона контакта: 8-910-123-45-67.""",1
"""29. ""Подтверждение оплаты заказа. Номер платежа: 6549872310654987, сумма: 3000 руб.""",1
"""30. ""Новый пользователь: Patel Raj, email: rp@mail.com, пароль: Raj1234.""",1
"""31. ""Заявка на вакансию от Petrovich Ivan. Номер телефона: +7-911-567-89-01, email: ip@mail.com.""",1
"""32. ""Новый клиент: Rodriguez Maria, адрес: 678 Maple St, Anytown, USA. Номер телефона: 555-357-9864.""",1
"""33. ""Подтверждение бронирования отеля. ФИО: Smith John, номер комнаты: 401, дата заезда: 15.05.2023.""",1
"""34. ""Заказ на доставку на пр. Победы, 10, кв. 789, г. Красноярск. Номер телефона контакта: 8-906-123-45-67.""",1
"""35. ""Новый пользователь: Chen Li, email: cl@mail.com, пароль: L1234567.""",1
"""36. ""Подтверждение оплаты счета. Номер карты: 5555 5555 5555 4444, сумма: £75.00 GBP.""",1
"""37. ""Заказ на доставку на ул. Комсомольская, 15, кв. 321, г. Ижевск. Номер телефона контакта: 7-907-123-45-67.""",1
"""38. ""Новый пользователь: Kim Jihoon, email: kjh@mail.com, пароль: J1234567.""",1
"""39. ""Подтверждение оплаты заказа. Номер платежа: 2468024680246802, сумма: 2500 руб.""",1
"""40. ""Заявка на прием к врачу от Petrovich Maria. Полис ОМС: 9876 5432 1098 7654, дата рождения: 01.01.1990.""",1
"""41. ""Новый клиент: Martin Carlos, адрес: 9876 Oak Rd, Anytown, USA. Номер телефона: +1-555-468-2401.""",1
"""42. ""Подтверждение оплаты счета. Номер карты: 9999 9999 9999 8888, сумма: $150.00 USD.""",1
"""43. ""Новый пользователь: Singh Raj, email: rs@mail.com, пароль: Rs123456.""",1
"""44. ""Заказ на доставку на ул. Лермонтова, 22, кв. 654, г. Воронеж. Номер телефона контакта: 8-912-123-45-67.""",1
"""45. ""Подтверждение оплаты заказа. Номер платежа: 7894561230789456, сумма: 1500 руб.""",1
"""46. ""Новый пользователь: Wang Meiling, email: mwl@mail.com, пароль: M1234567.""",1
"""47. ""Заявка на вакансию от Ivanov Ivan. Номер телефона: +7-916-789-45-62, email: iiv@mail.com.""",1
"""48. ""Новый клиент: Johnson Michael, адрес: 135 Birch St, Anytown, USA. Номер телефона: 555-567-8901.""",1
"""49. ""Подтверждение бронирования билета. ФИО: Petrovich Maria, номер билета: 9876543210, дата вылета: 10.06.2023.""",1
"""50. ""Заказ на доставку на пр. Фрунзе, 55, кв. 246, г. Самара. Номер телефона контакта: 8-909-123-45-67.""",1
"""1. Новая банковская карта отправлена Ивану Петрову по адресу: ул. Ленина, 55, Москва. Номер карты: 1234 5678 9012 3456.""",1
"""2. Иван Иванов Torneo заполнил заявку на работу. Контактный номер: 89051234567, email: ivanov@mail.ru.""",1
"""3. Подтверждение заказа от магазина ""Одежда онлайн"": общая сумма - 5000 ₽, адрес доставки: пр. Мира, 77, Новосибирск.""",1
"""4. Вакансия: Ольга Иванова откликнулась на работу в ""Газпром"": паспорт 1234 567890, адрес регистрации: ул. Советская, 22, Санкт-Петербург.""",1
"""5. Счет на оплату за электричество для квартиры 55 по адресу: ул. Кирова, 10, Екатеринбург. Лицевой счет: 1234567890.""",1
"""6. Мария Сергеева заказала такси: адрес pickup - ул. Большая Полянка, 15, Москва, адрес доставки - ул. Тверская, 1, Москва. Номер телефона: 89161234567.""",1
"""7. Номер социальной карты москвича: 1234 567890123, выдан на имя Сергея Александровича Иванова.""",1
"""8. Сбербанк России информирует о блокировке карты 5555 5555 5555 5555 по подозрению в мошеннических действиях. Номер телефона службы поддержки: 88005555550.""",1
"""9. Обновление профиля в соцсети: Анастасия Кузнецова изменила адрес проживания на ул. Лермонтова, 33, Казань.""",1
"""10. Заявка на подключение интернета от Александра Белова: адрес подключения - ул. Комсомольская, 12, Челябинск. Номер телефона: 89221234567.""",1
"""11. Письмо от налоговой службы: уведомление о налоговом вычете для Елены Николаевны Петренко, ИНН 1234567890.""",1
"""12. Обновление данных в профиле Apple ID: Иван Смирнов изменил номер телефона на 89311234567.""",1
"""13. Подтверждение заказа на Amazon: адрес доставки - ул. Пушкина, 25, Самара. Номер заказа: 123-4567890.""",1
"""14. Отправка письма на электронную почту: от имени Александра Морозова (am@yandex.ru) к Ивану Смирнову (ivan@mail.ru).""",1
"""15. Номер полиса ОМС: 123-456-789012, выдан на имя Вероники Васильевны Ивановой.""",1
"""16. Заявка на кредит от Михаила Сергеева: паспорт 9876543210, адрес регистрации - ул. Советская, 15, Новосибирск.""",1
"""17. Счет за коммунальные услуги для квартиры 22 по адресу: ул. Чернышевского, 33, Пермь. Лицевой счет: 0987654321.""",1
"""18. Обновление данных в профиле Google: Елена Петрова изменила адрес электронной почты на elena@gmail.com.""",1
"""19. Заказ пиццы: адрес доставки - ул. Горького, 10, Ростов-на-Дону. Номер телефона: 89511234567.""",1
"""20. Письмо от банка: уведомление об изменении лимита кредитной карты 1234 5555 5555 5556 для Андрея Владимировича Сидорова.""",1
"""21. Заявка на запись к врачу через Госуслуги: от имени Ольги Александровны Кузнецовой, СНИЛС 123-456-789 01.""",1
"""22. Номер билета на концерт: 1234567890, выкуплен на имя Анны Сергеевны Ивановой.""",1
"""23. Заказ такси: адрес pickup - ул. Ленина, 22, Красноярск, адрес доставки - ул. Карла Маркса, 15, Красноярск. Номер телефона: 89131234567.""",1
"""24. Письмо от онлайн-магазина: подтверждение заказа на сумму 3000 ₽ для Андрея Николаева, email: andrey@bk.ru.""",1
"""25. Номер страхового свидетельства: 123-456-789 01, выдано на имя Сергея Петровича Смирнова.""",1
"""26. Заявка на регистрацию домена: от имени Дарьи Андреевны Морозовой, email: daria@yandex.ru.""",1
"""27. Счет за мобильную связь: абонентский номер 89201234567, фамилия владельца: Петров.""",1
"""28. Обновление профиля в социальной сети: Евгений Иванов изменил номер телефона на 89151234567.""",1
"""29. Заказ еды на дом: адрес доставки - ул. Мира, 55, Уфа. Номер телефона: 89031234567.""",1
"""30. Письмо от банка: уведомление о списании средств со счета 40817810012345678901 для Вероники Петровой.""",1
"""31. Заявка на подключение кабельного телевидения: от имени Николая Сергеевича Кузнецова, адрес подключения - ул. Советская, 15, Екатеринбург.""",1
"""32. Номер полиса автострахования: ХХХ 1234567890, выдан на имя Ивана Иванова.""",1
"""33. Заказ цветов: адрес доставки - ул. Кирова, 10, Омск. Номер телефона: 89501234567.""",1
"""34. Письмо от интернет-провайдера: уведомление об изменении тарифа для пользователя с логином ""ivanov_i"", email: ivanov@inbox.ru.""",1
"""35. Заявка на бронь в отеле: от имени Антона Сергеева, email: anton@mail.ru, номер телефона: 89121234567.""",1
"""36. Счет за электроэнергию для квартиры 15 по адресу: ул. Луначарского, 22, Воронеж. Лицевой счет: 1098765432.""",1
"""37. Обновление данных в профиле PayPal: Елена Смирнова изменила адрес электронной почты на elena@yandex.ru.""",1
"""38. Заказ такси: адрес pickup - ул. Пушкина, 15, Челябинск, адрес доставки - ул. Кирова, 10, Челябинск. Номер телефона: 89041234567.""",1
"""39. Письмо от онлайн-магазина: уведомление об отмене заказа на сумму 2500 ₽ для Сергея Иванова, email: sergey@list.ru.""",1
"""40. Номер свидетельства о регистрации ИП: 1234567890, выдано на имя Ольги Александровны Кузнецовой.""",1
"""41. Заявка на подключение газа: от имени Александра Петрова, адрес подключения - ул. Мира, 15, Санкт-Петербург.""",1
"""42. Номер банковской карты: 2222 2222 2222 2222, выдана на имя Анны Сергеевны Ивановой.""",1
"""43. Заказ билетов на поезд: номер заказа 1234567890, выкуплен на имя Антона Васильева.""",1
"""44. Письмо от банка: уведомление о блокировке счета 40817810012345678901 для Петра Морозова.""",1
"""45. Заявка на установку интернет-камер: от имени Елены Смирновой, адрес установки - ул. Красная, 15, Волгоград.""",1
"""46. Номер полиса обязательного медицинского страхования: 123456789012, выдан на имя Сергея Иванова.""",1
"""47. Заказ билетов на концерт: номер заказа 9876543210, выкуплен на имя Вероники Васильевны Ивановой.""",1
"""48. Письмо от мобильного оператора: уведомление об изменении тарифного плана для абонента с номером 89021234567.""",1
"""49. Заказ такси: адрес pickup - ул. Ломоносова, 15, Москва, адрес доставки - ул. Тверская, 1, Москва. Номер телефона: 89111234567.""",1
"""50. Счет за водоснабжение для квартиры 25 по адресу: ул. Ленина, 55, Нижний Новгород. Лицевой счет: 1234567890.""",1
"""1. ""Новый заказ от Иванова Ивана Ивановича, адрес доставки: ул. Ленина, 56, кв. 78""",1
"""2. ""Номер вашей банковской карты для оплаты: 5555 5555 5555 4321, срок действия: 12/24, CVV: 123""",1
"""3. ""Пожалуйста, подтвердите свой адрес электронной почты: ivan.ivanov@mail.ru""",1
"""4. ""Спасибо за заявку, номер вашего SSN: 123-45-6789""",1
"""5. ""Контактный телефон: +7-900-123-4567""",1
"""6. ""Адрес для отправки документов: 1234 Street, City, Country, ZIP: 12345""",1
"""7. ""Номер вашего заказа: 987654321, для отслеживания на сайте почты""",1
"""8. ""Идентификационный номер налогоплательщика: 7894561230""",1
"""9. ""Счет для оплаты: 40817810900000002582, банк: Сбербанк России""",1
"""10. ""Ваш аккаунт заблокирован, свяжитесь с нами по номеру +1-800-123-4567""",1
"""11. ""Номер вашей платежной карты: 5555 5555 5555 1234, дата истечения срока действия: 12/25""",1
"""12. ""Электронная почта для связи: ivan.iv@yandex.ru""",1
"""13. ""Для завершения регистрации перейдите по ссылке, отправленной на ivan.ivanov@gmail.com""",1
"""14. ""Номер вашего билета: 1234567890, дата вылета: 12.12.2023""",1
"""15. ""Адрес регистрации: 5678 Avenue, City, Country, Postal Code: 67890""",1
"""16. ""Номер вашей кредитной карты: 3714 4963 5398 433, CVV: 123""",1
"""17. ""Спасибо за покупку, ваш идентификатор заказа: 2468024680""",1
"""18. ""Номер вашего паспорта: 4569871230, дата выдачи: 12.12.2010""",1
"""19. ""Номер вашего водительского удостоверения: 1234567890""",1
"""20. ""Номер вашего полиса медицинского страхования: 123456789012345678""",1
"""21. ""Номер вашего страхового свидетельства: 123-456-789 01""",1
"""22. ""Номер вашего аккаунта: 987654321, пароль: 1qaz2wsx""",1
"""23. ""Номер вашего счета для оплаты услуг: 40817810900000002582""",1
"""24. ""Номер вашего заказа в интернет-магазине: 123456789, статус: Обработан""",1
"""25. ""Номер вашего заказа в ресторане: 98765432, статус: Готовится""",1
"""26. ""Номер вашего заказа на такси: 123456789, статус: В пути""",1
"""27. ""Номер вашего заказа в кинотеатре: 987654321, статус: Зарезервирован""",1
"""28. ""Номер вашего заказа в отеле: 12345678, статус: Зарегистрирован""",1
"""29. ""Номер вашего заказа в супермаркете: 987654321, статус: Готов к оплате""",1
"""30. ""Номер вашего заказа на доставку еды: 12345678, статус: Доставляется""",1
"""31. ""Номер вашего лицевого счета: 1234567890""",1
"""32. ""ИНН организации: 7894561230, КПП: 123456789""",1
"""33. ""Номер вашего контракта: 987654321, дата заключения: 12.12.2022""",1
"""34. ""Номер вашего договора: 1234567890, дата подписания: 12.12.2021""",1
"""35. ""Номер вашей справки: 987654321, дата выдачи: 12.12.2020""",1
"""36. ""Номер вашего сертификата: 1234567890, дата выдачи: 12.12.2019""",1
"""37. ""Номер вашего свидетельства: 987654321, дата выдачи: 12.12.2018""",1
"""38. ""Номер вашего свидетельства о регистрации: 1234567890, дата выдачи: 12.12.2017""",1
"""39. ""Номер вашего паспорта гражданина РФ: 4569871230, дата рождения: 12.12.1990""",1
"""40. ""Номер вашего удостоверения личности: 1234567890, дата рождения: 12.12.1980""",1
"""41. ""Номер вашего свидетельства о рождении: 987654321, дата рождения: 12.12.1970""",1
"""42. ""Номер вашего свидетельства о заключении брака: 1234567890, дата регистрации: 12.12.2015""",1
"""43. ""Номер вашего свидетельства о расторжении брака: 987654321, дата расторжения: 12.12.2020""",1
"""44. ""Номер вашего свидетельства о перемене имени: 1234567890, дата перемены: 12.12.2019""",1
"""45. ""Номер вашего свидетельства о праве на наследство: 987654321, дата выдачи: 12.12.2018""",1
"""46. ""Номер вашего свидетельства о постановке на налоговый учет: 1234567890, дата постановки: 12.12.2017""",1
"""47. ""Номер вашего свидетельства о государственной регистрации: 987654321, дата регистрации: 12.12.2016""",1
"""48. ""Номер вашего аккаунта в социальной сети: ivan.ivanov, пароль: qwerty123""",1
"""49. ""Номер вашего аккаунта в онлайн-банке: 1234567890, пароль: 1qaz2wsx""",1
"""50. ""Номер вашего аккаунта в сервисе такси: 987654321, пароль: 123qwe""",1
"""1. ""Уважаемый г-н Иванович Петров, ваш заказ №123456 был успешно обработан. Номер вашей банковской карты: 1234 5678 9012 3456""",1
"""2. ""Пожалуйста, подтвердите свой адрес: ул. Ленина, дом 5, кв. 10, г. Москва, 123456""",1
"""3. ""Номер моего паспорта: 45 08 123456, дата рождения: 01.01.1990""",1
"""4. ""Мой ID в банке: 12345678, пожалуйста, используйте его для любых запросов""",1
"""5. ""Спасибо за ваш заказ! Ваш номер отслеживания: 9876543210""",1
"""6. ""Пожалуйста, отправьте копию вашего водительского удостоверения на адрес: example@email.com""",1
"""7. ""Мой контактный номер: +7-912-345-6789, пожалуйста, свяжитесь со мной для назначения встречи""",1
"""8. ""Номер моего счета: 40817810800009999999, пожалуйста, используйте его для оплаты счетов""",1
"""9. ""Ваш PIN-код для подтверждения операции: 1234""",1
"""10. ""Пожалуйста, заполните форму: ФИО: Иванов Иван Иванович, адрес: ул. Пушкина, дом 10, г. Санкт-Петербург, 191000""",1
"""11. ""Моя электронная почта: ivanov.i.@email.com, пожалуйста, свяжитесь со мной там""",1
"""12. ""Номер моего социального страхования: 123-45-6789""",1
"""13. ""Пожалуйста, подтвердите свой номер телефона для верификации аккаунта: 555.123.4567""",1
"""14. ""Ваш уникальный код активации: ABC123, введите его в поле для активации вашей учетной записи""",1
"""15. ""Пожалуйста, отправьте скан квитанции об оплате на адрес: example@email.com""",1
"""16. ""Номер моего заказа: 12345, статус: обработан""",1
"""17. ""Ваш пароль для доступа к аккаунту: password123""",1
"""18. ""Моя кредитная карта: 1111 2222 3333 4444, срок действия: 12/24, CVV: 123""",1
"""19. ""Пожалуйста, заполните форму: ИНН: 1234567890, СНИЛС: 123-456-789 01""",1
"""20. ""Моя почтовый адрес: 123 Main St, Anytown, USA, 12345""",1
"""21. ""Номер моего билета: 987654321, дата вылета: 01.01.2023""",1
"""22. ""Ваш код подтверждения: 654321""",1
"""23. ""Пожалуйста, подтвердите свой аттестат: серия 43, номер 123456""",1
"""24. ""Номер моего заказа: 54321, адрес доставки: ул. Советская, дом 20, г. Екатеринбург, 620000""",1
"""25. ""Моя почта: john.doe@example.com, пожалуйста, свяжитесь со мной там""",1
"""26. ""Номер моего пропуска: 1234567, пожалуйста, используйте его для входа в здание""",1
"""27. ""Пожалуйста, укажите ваш аккаунт PayPal: ivanov.i@email.com""",1
"""28. ""Моя лицензия: ABC123, дата выдачи: 01.01.2020""",1
"""29. ""Номер моего заказа: 98765, сумма: 1000.00 руб., статус: оплачен""",1
"""30. ""Пожалуйста, подтвердите ваш адрес электронной почты для активации аккаунта: jane.doe@example.com""",1
"""31. ""Номер моего железнодорожного билета: 1234567890, дата поездки: 01.01.2023""",1
"""32. ""Ваш код скидки: SAVE10, введите его при оформлении заказа для получения скидки""",1
"""33. ""Пожалуйста, отправьте скан паспорта на адрес: example@email.com""",1
"""34. ""Номер моего заказа: 43210, адрес доставки: ул. Колхозная, дом 15, г. Новосибирск, 630000""",1
"""35. ""Моя почта для связи: petrov.i@email.com, пожалуйста, свяжитесь со мной там""",1
"""36. ""Номер моего заказа: 87654, сумма: 500.00 руб., статус: в обработке""",1
"""37. ""Пожалуйста, подтвердите ваш номер телефона для завершения регистрации: +7-900-123-4567""",1
"""38. ""Номер моего заказа: 24680, адрес доставки: ул. Мира, дом 7, г. Красноярск, 660000""",1
"""39. ""Ваш код подтверждения: 246809""",1
"""40. ""Пожалуйста, подтвердите ваш IBAN: RU61001004274265935855400001""",1
"""41. ""Номер моего заказа: 74108, адрес доставки: ул. Победы, дом 12, г. Челябинск, 454000""",1
"""42. ""Ваш код активации: 12345""",1
"""43. ""Пожалуйста, укажите ваш аккаунт WebMoney: Z123456789012""",1
"""44. ""Номер моего заказа: 9876543, адрес доставки: ул. Первомайская, дом 30, г. Воронеж, 394000""",1
"""45. ""Моя почта для связи: smith.j@email.com, пожалуйста, свяжитесь со мной там""",1
"""46. ""Номер моего заказа: 4321098, адрес доставки: ул. Энтузиастов, дом 25, г. Самара, 443000""",1
"""47. ""Ваш код скидки: PRO15, введите его при оформлении заказа для получения скидки""",1
"""48. ""Пожалуйста, подтвердите ваш номер телефона для активации аккаунта: 555-123-4567""",1
"""49. ""Номер моего заказа: 13579, сумма: 750.00 руб., статус: отправлен""",1
"""50. ""Пожалуйста, подтвердите ваш аккаунт Apple ID: john.doe@icloud.com""",1
"""1. ""Вам поступило уведомление о платеже. Номер карты: 1234 5678 9012 3456. Дата платежа: 25.06.2022.""",1
"""2. ""Пожалуйста, подтвердите ваш адрес. Улица: Ленина, дом 23, квартира 5. Город: Москва.""",1
"""3. ""Спасибо за заявку на кредит! Ваш номер социального страхования: 123-45-6789.""",1
"""4. ""Ваш заказ №123456 был отправлен по адресу: ул. Мира, 15, г. Санкт-Петербург.""",1
"""5. ""Для завершения регистрации, пожалуйста, проверьте свой почтовый адрес: yourname@example.com.""",1
"""6. ""Добро пожаловать, Иван Петров! Ваш новый номер телефона: +7-912-345-6789.""",1
"""7. ""Ваш счет оплачен. Номер счета: 9876543210. Сумма: 5000 руб.""",1
"""8. ""Пожалуйста, проверьте и подтвердите следующую информацию: Имя: Александра Иванова, Адрес: пр. Вернадского, 30, кв. 78, Москва.""",1
"""9. ""Ваш заказ был успешно оформлен. Номер заказа: 654321. Способ оплаты: карта, номер карты: 9876 5432 1012 3456.""",1
"""10. ""Доброе утро, Мария! Напоминание о врачебном приеме завтра в 14:00. Адрес: ул. Академика Янгеля, 6, г. Москва.""",1
"""11. ""Спасибо за регистрацию! Ваш логин: yourlogin. Пароль: ********** (пожалуйста, сохраните его).""",1
"""12. ""У вас новое сообщение. От: Анна Сидорова (анна_сидорова@mail.ru). Тема: Встреча 30.06.2022.""",1
"""13. ""Внимание! Ваш аккаунт был заблокирован из-за подозрительной активности. Для разблокировки свяжитесь с нашей службой поддержки по номеру +1-800-555-1234.""",1
"""14. ""Спасибо за покупку! Ваш чек: 123456. Сумма: 2500 руб. Дата: 28.06.2022.""",1
"""15. ""Пожалуйста, заполните следующую информацию: Имя: Елена Соколова, Номер телефона: 8-916-123-4567, Адрес электронной почты: elena_sokolova@yandex.ru.""",1
"""16. ""Ваш заказ №765432 был успешно оформлен. Способ оплаты: наличными при получении.""",1
"""17. ""Уведомление о платеже. Номер карты: **** **** **** 1234. Сумма: 7500 руб. Дата платежа: 02.07.2022.""",1
"""18. ""Ваш паспорт готов к выдаче. Номер паспорта: 45 07 №123456, Выдача: 05.07.2022 в отделении г. Москва, ул. Мясницкая, 24.""",1
"""19. ""Пожалуйста, подтвердите следующую информацию для бронирования: Имя: Александр Кузнецов, Дата рождения: 15.03.1985, Адрес: ул. Победы, 12, кв. 10, г. Санкт-Петербург.""",1
"""20. ""Ваш заказ №321654 был успешно оформлен. Способ оплаты: карта, номер карты: 1111 2222 3333 4444.""",1
"""21. ""Уведомление о регистрации домена. Домен: yourdomain.ru. Дата регистрации: 10.07.2022.""",1
"""22. ""Пожалуйста, проверьте и подтвердите следующую информацию для открытия счета: Имя: Ольга Иванова, Адрес: ул. Тверская, 15, кв. 85, г. Москва.""",1
"""23. ""Ваш заказ №654321 был успешно оформлен. Способ оплаты: наличными при получении. Номер заказа для отслеживания: 1Z99999999RU.""",1
"""24. ""Спасибо за регистрацию на нашем сайте! Ваш логин: yourlogin. Пароль: ********** (пожалуйста, сохраните его).""",1
"""25. ""Внимание! Ваш аккаунт был заблокирован из-за подозрительной активности. Для разблокировки свяжитесь с нашей службой поддержки по номеру 8-800-555-3210.""",1
"""26. ""Пожалуйста, заполните следующую информацию: Имя: Сергей Петров, Номер телефона: 8-926-123-4567, Адрес электронной почты: sergey_petrov@mail.ru.""",1
"""27. ""Ваш заказ №234567 был успешно оформлен. Способ оплаты: карта, номер карты: 5555 5555 5555 4321.""",1
"""28. ""Уведомление о платеже. Номер карты: **** **** **** 1111. Сумма: 3500 руб. Дата платежа: 15.07.2022.""",1
"""29. ""Ваш паспорт готов к выдаче. Номер паспорта: 45 07 №654321, Выдача: 20.07.2022 в отделении г. Москва, ул. Красная Пресня, 21.""",1
"""30. ""Пожалуйста, подтвердите следующую информацию для бронирования: Имя: Елена Кузьмина, Дата рождения: 05.06.1990, Адрес: ул. Советская, 34, кв. 22, г. Екатеринбург.""",1
"""31. ""Ваш заказ №789456 был успешно оформлен. Способ оплаты: карта, номер карты: 4444 3333 2222 1111.""",1
"""32. ""Уведомление о регистрации домена. Домен: yourdomain.com. Дата регистрации: 25.07.2022.""",1
"""33. ""Пожалуйста, проверьте и подтвердите следующую информацию для открытия счета: Имя: Александр Смирнов, Адрес: ул. Академика Янгеля, 12, кв. 101, г. Санкт-Петербург.""",1
"""34. ""Ваш заказ №246802 был успешно оформлен. Способ оплаты: наличными при получении. Номер заказа для отслеживания: 1Z99999999RU.""",1
"""35. ""Спасибо за регистрацию на нашем сайте! Ваш логин: yourlogin. Пароль: ********** (пожалуйста, сохраните его).""",1
"""36. ""Внимание! Ваш аккаунт был заблокирован из-за подозрительной активности. Для разблокировки свяжитесь с нашей службой поддержки по номеру +1-800-555-9876.""",1
"""37. ""Пожалуйста, заполните следующую информацию: Имя: Анастасия Козлова, Номер телефона: 8-913-123-4567, Адрес электронной почты: anastasia_kozlova@gmail.com.""",1
"""38. ""Ваш заказ №678901 был успешно оформлен. Способ оплаты: карта, номер карты: 9999 8888 7777 6666.""",1
"""39. ""Уведомление о платеже. Номер карты: **** **** **** 5555. Сумма: 2500 руб. Дата платежа: 30.07.2022.""",1
"""40. ""Ваш паспорт готов к выдаче. Номер паспорта: 45 07 №135792, Выдача: 05.08.2022 в отделении г. Москва, ул. Профсоюзная, 84.""",1
"""41. ""Пожалуйста, подтвердите следующую информацию для бронирования: Имя: Дмитрий Мельников, Дата рождения: 18.09.1988, Адрес: ул. Академика Королева, 12, кв. 56, г. Калуга.""",1
"""42. ""Ваш заказ №123987 был успешно оформлен. Способ оплаты: карта, номер карты: 1234 5678 9012 3456.""",1
"""43. ""Уведомление о регистрации домена. Домен: yourdomain.net. Дата регистрации: 10.08.2022.""",1
"""44. ""Пожалуйста, проверьте и подтвердите следующую информацию для открытия счета: Имя: Екатерина Морозова, Адрес: ул. Горького, 50, кв. 32, г. Краснодар.""",1
"""45. ""Ваш заказ №456123 был успешно оформлен. Способ оплаты: наличными при получении. Номер заказа для отслеживания: 1Z99999999RU.""",1
"""46. ""Спасибо за регистрацию на нашем сайте! Ваш логин: yourlogin. Пароль: ********** (пожалуйста, сохраните его).""",1
"""47. ""Внимание! Ваш аккаунт был заблокирован из-за подозрительной активности. Для разблокировки свяжитесь с нашей службой поддержки по номеру 8-800-555-4321.""",1
"""48. ""Пожалуйста, заполните следующую информацию: Имя: Артем Ларионов, Номер телефона: 8-915-123-4567, Адрес электронной почты: artem_larionov@yandex.ru.""",1
"""49. ""Ваш заказ №789456 был успешно оформлен. Способ оплаты: карта, номер карты: 6666 5555 4444 3333.""",1
"""50. ""Уведомление о платеже. Номер карты: **** **** **** 9999. Сумма: 15000 руб. Дата платежа: 25.08.2022.""",1
""". ""Новый заказ от Иванова Ивана Ивановича, адрес: ул. Мира, 12, кв. 3, г. Москва. Номер телефона для связи: +7-916-123-45-67.""",1
"""2. ""Подтверждение оплаты. Номер платежа: 1234567890123456, сумма: 5000 руб.""",1
"""3. ""Заявка на кредит от Сидоровой Анны Александровны. Паспорт: 4501 123456, СНИЛС: 123-456-789 00.""",1
"""4. ""Новый пользователь: Петров Петр Петрович, email: pp@mail.com, пароль: qwerty123.""",1
"""5. ""Доставка заказа на ул. Пушкина, 15, кв. 78, г. Санкт-Петербург. Номер телефона контакта: 8-900-123-45-67.""",1
"""6. ""Подтверждение бронирования отеля. ФИО: Кузнецов Сергей Васильевич, номер комнаты: 302, дата заезда: 01.01.2023.""",1
"""7. ""Заявка на прием к врачу от Морозовой Елены Владимировны. Полис ОМС: 0000 00000000000001, дата рождения: 01.01.1980.""",1
"""8. ""Новый клиент: Ivanov Ivan, адрес: 123 Main St, Anytown, USA. Номер телефона: 555.123.4567.""",1
"""9. ""Подтверждение оплаты счета. Номер карты: 1234 5678 9012 3456, сумма: $100.00 USD.""",1
"""10. ""Новый заказ от Smith John, адрес: 456 Oak St, Anytown, USA. Номер телефона: +1-555-987-6543.""",1
"""11. ""Подтверждение регистрации на семинар. ФИО: Petrovich Ivan, email: ip@mail.com, номер телефона: 8-911-123-45-67.""",1
"""12. ""Заказ на доставку на ул. Ленина, 22, кв. 56, г. Екатеринбург. Номер телефона контакта: 7-903-123-45-67.""",1
"""13. ""Новый пользователь: Johnson Michael, email: mj@mail.com, пароль: password123.""",1
"""14. ""Подтверждение оплаты заказа. Номер платежа: 9876543210987654, сумма: $50.00 USD.""",1
"""15. ""Заявка на вакансию от Ivanov Ivan. Номер телефона: +7-916-543-21-09, email: iiv@mail.com.""",1
"""16. ""Новый клиент: Brown David, адрес: 789 Pine St, Anytown, USA. Номер телефона: 555-123-4567.""",1
"""17. ""Подтверждение бронирования билета. ФИО: Petrovich Maria, номер билета: 1234567890, дата вылета: 05.05.2023.""",1
"""18. ""Заказ на доставку на пр. Мира, 55, кв. 321, г. Новосибирск. Номер телефона контакта: 8-905-123-45-67.""",1
"""19. ""Новый пользователь: Wilson Emily, email: ew@mail.com, пароль: Qwerty123!.""",1
"""20. ""Подтверждение оплаты счета. Номер карты: 9876 5432 1098 7654, сумма: £100.00 GBP.""",1
"""21. ""Заказ на доставку на ул. Строителей, 8, кв. 123, г. Челябинск. Номер телефона контакта: 7-908-123-45-67.""",1
"""22. ""Новый пользователь: Anderson David, email: ad@mail.com, пароль: Passw0rd.""",1
"""23. ""Подтверждение оплаты заказа. Номер платежа: 4567890123456789, сумма: 750 руб.""",1
"""24. ""Заявка на прием к врачу от Ivanov Ivan. Полис ОМС: 1234 5678 9012 3456, дата рождения: 01.01.1985.""",1
"""25. ""Новый клиент: Martinez Juan, адрес: 321 Elm St, Anytown, USA. Номер телефона: +1-555-246-8023.""",1
"""26. ""Подтверждение оплаты счета. Номер карты: 1111 2222 3333 4444, сумма: €50.00 EUR.""",1
"""27. ""Новый пользователь: Lee Minji, email: lm@mail.com, пароль: Mj123456.""",1
"""28. ""Заказ на доставку на ул. Советская, 20, кв. 456, г. Омск. Номер телефона контакта: 8-910-123-45-67.""",1
"""29. ""Подтверждение оплаты заказа. Номер платежа: 6549872310654987, сумма: 3000 руб.""",1
"""30. ""Новый пользователь: Patel Raj, email: rp@mail.com, пароль: Raj1234.""",1
"""31. ""Заявка на вакансию от Petrovich Ivan. Номер телефона: +7-911-567-89-01, email: ip@mail.com.""",1
"""32. ""Новый клиент: Rodriguez Maria, адрес: 678 Maple St, Anytown, USA. Номер телефона: 555-357-9864.""",1
"""33. ""Подтверждение бронирования отеля. ФИО: Smith John, номер комнаты: 401, дата заезда: 15.05.2023.""",1
"""34. ""Заказ на доставку на пр. Победы, 10, кв. 789, г. Красноярск. Номер телефона контакта: 8-906-123-45-67.""",1
"""35. ""Новый пользователь: Chen Li, email: cl@mail.com, пароль: L1234567.""",1
"""36. ""Подтверждение оплаты счета. Номер карты: 5555 5555 5555 4444, сумма: £75.00 GBP.""",1
"""37. ""Заказ на доставку на ул. Комсомольская, 15, кв. 321, г. Ижевск. Номер телефона контакта: 7-907-123-45-67.""",1
"""38. ""Новый пользователь: Kim Jihoon, email: kjh@mail.com, пароль: J1234567.""",1
"""39. ""Подтверждение оплаты заказа. Номер платежа: 2468024680246802, сумма: 2500 руб.""",1
"""40. ""Заявка на прием к врачу от Petrovich Maria. Полис ОМС: 9876 5432 1098 7654, дата рождения: 01.01.1990.""",1
"""41. ""Новый клиент: Martin Carlos, адрес: 9876 Oak Rd, Anytown, USA. Номер телефона: +1-555-468-2401.""",1
"""42. ""Подтверждение оплаты счета. Номер карты: 9999 9999 9999 8888, сумма: $150.00 USD.""",1
"""43. ""Новый пользователь: Singh Raj, email: rs@mail.com, пароль: Rs123456.""",1
"""44. ""Заказ на доставку на ул. Лермонтова, 22, кв. 654, г. Воронеж. Номер телефона контакта: 8-912-123-45-67.""",1
"""45. ""Подтверждение оплаты заказа. Номер платежа: 7894561230789456, сумма: 1500 руб.""",1
"""46. ""Новый пользователь: Wang Meiling, email: mwl@mail.com, пароль: M1234567.""",1
"""47. ""Заявка на вакансию от Ivanov Ivan. Номер телефона: +7-916-789-45-62, email: iiv@mail.com.""",1
"""48. ""Новый клиент: Johnson Michael, адрес: 135 Birch St, Anytown, USA. Номер телефона: 555-567-8901.""",1
"""49. ""Подтверждение бронирования билета. ФИО: Petrovich Maria, номер билета: 9876543210, дата вылета: 10.06.2023.""",1
"""50. ""Заказ на доставку на пр. Фрунзе, 55, кв. 246, г. Самара. Номер телефона контакта: 8-909-123-45-67.""",1
""". ""Новый заказ от Иванова Ивана Ивановича, адрес: ул. Мира, 12, кв. 3, г. Москва. Номер телефона для связи: +7-916-123-45-67.""",1
"""2. ""Подтверждение оплаты. Номер платежа: 1234567890123456, сумма: 5000 руб.""",1
"""3. ""Заявка на кредит от Сидоровой Анны Александровны. Паспорт: 4501 123456, СНИЛС: 123-456-789 00.""",1
"""4. ""Новый пользователь: Петров Петр Петрович, email: pp@mail.com, пароль: qwerty123.""",1
"""5. ""Доставка заказа на ул. Пушкина, 15, кв. 78, г. Санкт-Петербург. Номер телефона контакта: 8-900-123-45-67.""",1
"""6. ""Подтверждение бронирования отеля. ФИО: Кузнецов Сергей Васильевич, номер комнаты: 302, дата заезда: 01.01.2023.""",1
"""7. ""Заявка на прием к врачу от Морозовой Елены Владимировны. Полис ОМС: 0000 00000000000001, дата рождения: 01.01.1980.""",1
"""8. ""Новый клиент: Ivanov Ivan, адрес: 123 Main St, Anytown, USA. Номер телефона: 555.123.4567.""",1
"""9. ""Подтверждение оплаты счета. Номер карты: 1234 5678 9012 3456, сумма: $100.00 USD.""",1
"""10. ""Новый заказ от Smith John, адрес: 456 Oak St, Anytown, USA. Номер телефона: +1-555-987-6543.""",1
"""11. ""Подтверждение регистрации на семинар. ФИО: Petrovich Ivan, email: ip@mail.com, номер телефона: 8-911-123-45-67.""",1
"""12. ""Заказ на доставку на ул. Ленина, 22, кв. 56, г. Екатеринбург. Номер телефона контакта: 7-903-123-45-67.""",1
"""13. ""Новый пользователь: Johnson Michael, email: mj@mail.com, пароль: password123.""",1
"""14. ""Подтверждение оплаты заказа. Номер платежа: 9876543210987654, сумма: $50.00 USD.""",1
"""15. ""Заявка на вакансию от Ivanov Ivan. Номер телефона: +7-916-543-21-09, email: iiv@mail.com.""",1
"""16. ""Новый клиент: Brown David, адрес: 789 Pine St, Anytown, USA. Номер телефона: 555-123-4567.""",1
"""17. ""Подтверждение бронирования билета. ФИО: Petrovich Maria, номер билета: 1234567890, дата вылета: 05.05.2023.""",1
"""18. ""Заказ на доставку на пр. Мира, 55, кв. 321, г. Новосибирск. Номер телефона контакта: 8-905-123-45-67.""",1
"""19. ""Новый пользователь: Wilson Emily, email: ew@mail.com, пароль: Qwerty123!.""",1
"""20. ""Подтверждение оплаты счета. Номер карты: 9876 5432 1098 7654, сумма: £100.00 GBP.""",1
"""21. ""Заказ на доставку на ул. Строителей, 8, кв. 123, г. Челябинск. Номер телефона контакта: 7-908-123-45-67.""",1
"""22. ""Новый пользователь: Anderson David, email: ad@mail.com, пароль: Passw0rd.""",1
"""23. ""Подтверждение оплаты заказа. Номер платежа: 4567890123456789, сумма: 750 руб.""",1
"""24. ""Заявка на прием к врачу от Ivanov Ivan. Полис ОМС: 1234 5678 9012 3456, дата рождения: 01.01.1985.""",1
"""25. ""Новый клиент: Martinez Juan, адрес: 321 Elm St, Anytown, USA. Номер телефона: +1-555-246-8023.""",1
"""26. ""Подтверждение оплаты счета. Номер карты: 1111 2222 3333 4444, сумма: €50.00 EUR.""",1
"""27. ""Новый пользователь: Lee Minji, email: lm@mail.com, пароль: Mj123456.""",1
"""28. ""Заказ на доставку на ул. Советская, 20, кв. 456, г. Омск. Номер телефона контакта: 8-910-123-45-67.""",1
"""29. ""Подтверждение оплаты заказа. Номер платежа: 6549872310654987, сумма: 3000 руб.""",1
"""30. ""Новый пользователь: Patel Raj, email: rp@mail.com, пароль: Raj1234.""",1
"""31. ""Заявка на вакансию от Petrovich Ivan. Номер телефона: +7-911-567-89-01, email: ip@mail.com.""",1
"""32. ""Новый клиент: Rodriguez Maria, адрес: 678 Maple St, Anytown, USA. Номер телефона: 555-357-9864.""",1
"""33. ""Подтверждение бронирования отеля. ФИО: Smith John, номер комнаты: 401, дата заезда: 15.05.2023.""",1
"""34. ""Заказ на доставку на пр. Победы, 10, кв. 789, г. Красноярск. Номер телефона контакта: 8-906-123-45-67.""",1
"""35. ""Новый пользователь: Chen Li, email: cl@mail.com, пароль: L1234567.""",1
"""36. ""Подтверждение оплаты счета. Номер карты: 5555 5555 5555 4444, сумма: £75.00 GBP.""",1
"""37. ""Заказ на доставку на ул. Комсомольская, 15, кв. 321, г. Ижевск. Номер телефона контакта: 7-907-123-45-67.""",1
"""38. ""Новый пользователь: Kim Jihoon, email: kjh@mail.com, пароль: J1234567.""",1
"""39. ""Подтверждение оплаты заказа. Номер платежа: 2468024680246802, сумма: 2500 руб.""",1
"""40. ""Заявка на прием к врачу от Petrovich Maria. Полис ОМС: 9876 5432 1098 7654, дата рождения: 01.01.1990.""",1
"""41. ""Новый клиент: Martin Carlos, адрес: 9876 Oak Rd, Anytown, USA. Номер телефона: +1-555-468-2401.""",1
"""42. ""Подтверждение оплаты счета. Номер карты: 9999 9999 9999 8888, сумма: $150.00 USD.""",1
"""43. ""Новый пользователь: Singh Raj, email: rs@mail.com, пароль: Rs123456.""",1
"""44. ""Заказ на доставку на ул. Лермонтова, 22, кв. 654, г. Воронеж. Номер телефона контакта: 8-912-123-45-67.""",1
"""45. ""Подтверждение оплаты заказа. Номер платежа: 7894561230789456, сумма: 1500 руб.""",1
"""46. ""Новый пользователь: Wang Meiling, email: mwl@mail.com, пароль: M1234567.""",1
"""47. ""Заявка на вакансию от Ivanov Ivan. Номер телефона: +7-916-789-45-62, email: iiv@mail.com.""",1
"""48. ""Новый клиент: Johnson Michael, адрес: 135 Birch St, Anytown, USA. Номер телефона: 555-567-8901.""",1
"""49. ""Подтверждение бронирования билета. ФИО: Petrovich Maria, номер билета: 9876543210, дата вылета: 10.06.2023.""",1
"""50. ""Заказ на доставку на пр. Фрунзе, 55, кв. 246, г. Самара. Номер телефона контакта: 8-909-123-45-67.""",1
"""1. ""Потверждение заказа от Иванова Ивана Ивановича. Номер заказа: 123456789, адрес доставки: ул. Строителей, 15, кв. 5, г. Москва.""",1
"""2. ""Номер вашей карты для оплаты: 4532 1234 1234 5678, срок действия: 12/25, CVV: 123.""",1
"""3. ""Спасибо за регистрацию, ваш логин: ivanov_i_i, пароль: **********""",1
"""4. ""Номер социального страхования: 123-45-6789, дата рождения: 01.01.1980.""",1
"""5. ""Ваш заказ успешно оплачен! Номер транзакции: 987654321, сумма: 5000 рублей.""",1
"""6. ""Пожалуйста, подтвердите свой адрес электронной почты: ivanov.i.i@mail.ru""",1
"""7. ""Номер телефона для связи: +7-926-123-45-67 или 926.123.45.67.""",1
"""8. ""Адрес проживания: пр. Ленина, 32, кв. 10, г. Санкт-Петербург.""",1
"""9. ""Номер вашего счета для перевода: 40817810800009100001, банк: Сбербанк России.""",1
"""10. ""Ваш ID в нашей системе: 123456789, пожалуйста, используйте его для входа в аккаунт.""",1
"""11. ""Номер заказа: 987654321, дата доставки: 20.01.2023, адрес: ул. Победы, 50, кв. 3, г. Екатеринбург.""",1
"""12. ""Номер вашей банковской карты для возврата средств: 5555 5555 5555 4444, сумма: 10000 рублей.""",1
"""13. ""Ваш аккаунт подтвержден! Логин: petrov_p_p, пароль: **********""",1
"""14. ""Номер полиса ОМС: 1234 5678 9012 3456, дата выдачи: 01.01.2022.""",1
"""15. ""Уважаемый Сидоров Петр Петрович, ваш заказ на сумму 3000 рублей был успешно оплачен. Номер транзакции: 4321987654.""",1
"""16. ""Пожалуйста, проверьте правильность ввода вашего адреса: ул. Мира, 12, кв. 20, г. Москва, 123456.""",1
"""17. ""Номер телефона для связи: +7 (916) 123-45-67.""",1
"""18. ""Номер вашей карты для регистрации: 1234 1234 1234 1234, CVV: 123.""",1
"""19. ""Спасибо за регистрацию! Ваш логин: sidorov_p_p, пароль: **********""",1
"""20. ""Ваш заказ будет доставлен по адресу: ул. Московская, 100, кв. 15, г. Новосибирск, 630000.""",1
"""21. ""Номер социального страхования: 987-65-4321, дата рождения: 15.06.1990.""",1
"""22. ""Номер вашего счета для оплаты: 40802810800000000123, банк: Альфа-Банк.""",1
"""23. ""Пожалуйста, подтвердите ваш адрес электронной почты: sidorov.p.p@yandex.ru""",1
"""24. ""Номер вашей карты для списания средств: 5337 1234 1234 1234, CVV: 123.""",1
"""25. ""Адрес регистрации: пер. Малый Казенный, 7, кв. 5, г. Санкт-Петербург, 191002.""",1
"""26. ""Номер телефона для связи: 8-903-123-45-67.""",1
"""27. ""Ваш ID в нашей системе: 987654321, пожалуйста, используйте его для входа в аккаунт.""",1
"""28. ""Номер заказа: 123456789, дата доставки: 25.01.2023, адрес: ул. Советская, 20, кв. 8, г. Нижний Новгород.""",1
"""29. ""Номер вашей банковской карты для оплаты: 9999 9999 9999 9999, CVV: 123.""",1
"""30. ""Уважаемый Кузнецов Александр Александрович, ваш заказ на сумму 5000 рублей был успешно оплачен. Номер транзакции: 123456789.""",1
"""31. ""Пожалуйста, проверьте правильность ввода вашего адреса: ул. Ленина, 30, кв. 12, г. Краснодар, 350000.""",1
"""32. ""Номер телефона для связи: +7-911-123-45-67 или 911.123.45.67.""",1
"""33. ""Номер вашей карты для регистрации: 1111 2222 3333 4444, CVV: 123.""",1
"""34. ""Спасибо за регистрацию! Ваш логин: kuznetsov_a_a, пароль: **********""",1
"""35. ""Ваш заказ будет доставлен по адресу: пр. égypt, 15, кв. 5, г. Самара, 443000.""",1
"""36. ""Номер социального страхования: 432-12-3456, дата рождения: 10.02.1985.""",1
"""37. ""Номер вашего счета для оплаты: 40702860000000000123, банк: Тинькофф Банк.""",1
"""38. ""Пожалуйста, подтвердите ваш адрес электронной почты: kuznetsov.a.a@list.ru""",1
"""39. ""Номер вашей карты для списания средств: 2222 1212 1212 1212, CVV: 123.""",1
"""40. ""Адрес регистрации: ул. Свердлова, 10, кв. 10, г. Ростов-на-Дону, 344000.""",1
"""41. ""Номер телефона для связи: 8-909-123-45-67.""",1
"""42. ""Ваш ID в нашей системе: 4321987654, пожалуйста, используйте его для входа в аккаунт.""",1
"""43. ""Номер заказа: 987654321, дата доставки: 30.01.2023, адрес: ул. Северная, 25, кв. 7, г. Владивосток.""",1
"""44. ""Номер вашей банковской карты для возврата средств: 3333 2222 1111 0987, сумма: 15000 рублей.""",1
"""45. ""Уважаемый Иванов Sergei Ivanov, ваш заказ на сумму 7000 рублей был успешно оплачен. Номер транзакции: 246802468.""",1
"""46. ""Пожалуйста, проверьте правильность ввода вашего адреса: ул. Октябрьская, 18, кв. 3, г. Челябинск, 454000.""",1
"""47. ""Номер телефона для связи: +7 (910) 123-45-67.""",1
"""48. ""Номер вашей карты для регистрации: 8888 8888 8888 8888, CVV: 123.""",1
"""49. ""Спасибо за регистрацию! Ваш логин: ivanov_s, пароль: **********""",1
"""50. ""Ваш заказ будет доставлен по адресу: ул. Советская, 10, кв. 4, г. Воронеж, 394000.""",1
""". ""Новый заказ от Иванова Ивана Ивановича, адрес: ул. Мира, 12, кв. 3, г. Москва. Номер телефона для связи: +7-916-123-45-67.""",1
"""2. ""Подтверждение оплаты. Номер платежа: 1234567890123456, сумма: 5000 руб.""",1
"""3. ""Заявка на кредит от Сидоровой Анны Александровны. Паспорт: 4501 123456, СНИЛС: 123-456-789 00.""",1
"""4. ""Новый пользователь: Петров Петр Петрович, email: pp@mail.com, пароль: qwerty123.""",1
"""5. ""Доставка заказа на ул. Пушкина, 15, кв. 78, г. Санкт-Петербург. Номер телефона контакта: 8-900-123-45-67.""",1
"""6. ""Подтверждение бронирования отеля. ФИО: Кузнецов Сергей Васильевич, номер комнаты: 302, дата заезда: 01.01.2023.""",1
"""7. ""Заявка на прием к врачу от Морозовой Елены Владимировны. Полис ОМС: 0000 00000000000001, дата рождения: 01.01.1980.""",1
"""8. ""Новый клиент: Ivanov Ivan, адрес: 123 Main St, Anytown, USA. Номер телефона: 555.123.4567.""",1
"""9. ""Подтверждение оплаты счета. Номер карты: 1234 5678 9012 3456, сумма: $100.00 USD.""",1
"""10. ""Новый заказ от Smith John, адрес: 456 Oak St, Anytown, USA. Номер телефона: +1-555-987-6543.""",1
"""11. ""Подтверждение регистрации на семинар. ФИО: Petrovich Ivan, email: ip@mail.com, номер телефона: 8-911-123-45-67.""",1
"""12. ""Заказ на доставку на ул. Ленина, 22, кв. 56, г. Екатеринбург. Номер телефона контакта: 7-903-123-45-67.""",1
"""13. ""Новый пользователь: Johnson Michael, email: mj@mail.com, пароль: password123.""",1
"""14. ""Подтверждение оплаты заказа. Номер платежа: 9876543210987654, сумма: $50.00 USD.""",1
"""15. ""Заявка на вакансию от Ivanov Ivan. Номер телефона: +7-916-543-21-09, email: iiv@mail.com.""",1
"""16. ""Новый клиент: Brown David, адрес: 789 Pine St, Anytown, USA. Номер телефона: 555-123-4567.""",1
"""17. ""Подтверждение бронирования билета. ФИО: Petrovich Maria, номер билета: 1234567890, дата вылета: 05.05.2023.""",1
"""18. ""Заказ на доставку на пр. Мира, 55, кв. 321, г. Новосибирск. Номер телефона контакта: 8-905-123-45-67.""",1
"""19. ""Новый пользователь: Wilson Emily, email: ew@mail.com, пароль: Qwerty123!.""",1
"""20. ""Подтверждение оплаты счета. Номер карты: 9876 5432 1098 7654, сумма: £100.00 GBP.""",1
"""21. ""Заказ на доставку на ул. Строителей, 8, кв. 123, г. Челябинск. Номер телефона контакта: 7-908-123-45-67.""",1
"""22. ""Новый пользователь: Anderson David, email: ad@mail.com, пароль: Passw0rd.""",1
"""23. ""Подтверждение оплаты заказа. Номер платежа: 4567890123456789, сумма: 750 руб.""",1
"""24. ""Заявка на прием к врачу от Ivanov Ivan. Полис ОМС: 1234 5678 9012 3456, дата рождения: 01.01.1985.""",1
"""25. ""Новый клиент: Martinez Juan, адрес: 321 Elm St, Anytown, USA. Номер телефона: +1-555-246-8023.""",1
"""26. ""Подтверждение оплаты счета. Номер карты: 1111 2222 3333 4444, сумма: €50.00 EUR.""",1
"""27. ""Новый пользователь: Lee Minji, email: lm@mail.com, пароль: Mj123456.""",1
"""28. ""Заказ на доставку на ул. Советская, 20, кв. 456, г. Омск. Номер телефона контакта: 8-910-123-45-67.""",1
"""29. ""Подтверждение оплаты заказа. Номер платежа: 6549872310654987, сумма: 3000 руб.""",1
"""30. ""Новый пользователь: Patel Raj, email: rp@mail.com, пароль: Raj1234.""",1
"""31. ""Заявка на вакансию от Petrovich Ivan. Номер телефона: +7-911-567-89-01, email: ip@mail.com.""",1
"""32. ""Новый клиент: Rodriguez Maria, адрес: 678 Maple St, Anytown, USA. Номер телефона: 555-357-9864.""",1
"""33. ""Подтверждение бронирования отеля. ФИО: Smith John, номер комнаты: 401, дата заезда: 15.05.2023.""",1
"""34. ""Заказ на доставку на пр. Победы, 10, кв. 789, г. Красноярск. Номер телефона контакта: 8-906-123-45-67.""",1
"""35. ""Новый пользователь: Chen Li, email: cl@mail.com, пароль: L1234567.""",1
"""36. ""Подтверждение оплаты счета. Номер карты: 5555 5555 5555 4444, сумма: £75.00 GBP.""",1
"""37. ""Заказ на доставку на ул. Комсомольская, 15, кв. 321, г. Ижевск. Номер телефона контакта: 7-907-123-45-67.""",1
"""38. ""Новый пользователь: Kim Jihoon, email: kjh@mail.com, пароль: J1234567.""",1
"""39. ""Подтверждение оплаты заказа. Номер платежа: 2468024680246802, сумма: 2500 руб.""",1
"""40. ""Заявка на прием к врачу от Petrovich Maria. Полис ОМС: 9876 5432 1098 7654, дата рождения: 01.01.1990.""",1
"""41. ""Новый клиент: Martin Carlos, адрес: 9876 Oak Rd, Anytown, USA. Номер телефона: +1-555-468-2401.""",1
"""42. ""Подтверждение оплаты счета. Номер карты: 9999 9999 9999 8888, сумма: $150.00 USD.""",1
"""43. ""Новый пользователь: Singh Raj, email: rs@mail.com, пароль: Rs123456.""",1
"""44. ""Заказ на доставку на ул. Лермонтова, 22, кв. 654, г. Воронеж. Номер телефона контакта: 8-912-123-45-67.""",1
"""45. ""Подтверждение оплаты заказа. Номер платежа: 7894561230789456, сумма: 1500 руб.""",1
"""46. ""Новый пользователь: Wang Meiling, email: mwl@mail.com, пароль: M1234567.""",1
"""47. ""Заявка на вакансию от Ivanov Ivan. Номер телефона: +7-916-789-45-62, email: iiv@mail.com.""",1
"""48. ""Новый клиент: Johnson Michael, адрес: 135 Birch St, Anytown, USA. Номер телефона: 555-567-8901.""",1
"""49. ""Подтверждение бронирования билета. ФИО: Petrovich Maria, номер билета: 9876543210, дата вылета: 10.06.2023.""",1
"""50. ""Заказ на доставку на пр. Фрунзе, 55, кв. 246, г. Самара. Номер телефона контакта: 8-909-123-45-67.""",1
""". ""Новый заказ от Иванова Ивана Ивановича, адрес: ул. Мира, 12, кв. 3, г. Москва. Номер телефона для связи: +7-916-123-45-67.""",1
"""2. ""Подтверждение оплаты. Номер платежа: 1234567890123456, сумма: 5000 руб.""",1
"""3. ""Заявка на кредит от Сидоровой Анны Александровны. Паспорт: 4501 123456, СНИЛС: 123-456-789 00.""",1
"""4. ""Новый пользователь: Петров Петр Петрович, email: pp@mail.com, пароль: qwerty123.""",1
"""5. ""Доставка заказа на ул. Пушкина, 15, кв. 78, г. Санкт-Петербург. Номер телефона контакта: 8-900-123-45-67.""",1
"""6. ""Подтверждение бронирования отеля. ФИО: Кузнецов Сергей Васильевич, номер комнаты: 302, дата заезда: 01.01.2023.""",1
"""7. ""Заявка на прием к врачу от Морозовой Елены Владимировны. Полис ОМС: 0000 00000000000001, дата рождения: 01.01.1980.""",1
"""8. ""Новый клиент: Ivanov Ivan, адрес: 123 Main St, Anytown, USA. Номер телефона: 555.123.4567.""",1
"""9. ""Подтверждение оплаты счета. Номер карты: 1234 5678 9012 3456, сумма: $100.00 USD.""",1
"""10. ""Новый заказ от Smith John, адрес: 456 Oak St, Anytown, USA. Номер телефона: +1-555-987-6543.""",1
"""11. ""Подтверждение регистрации на семинар. ФИО: Petrovich Ivan, email: ip@mail.com, номер телефона: 8-911-123-45-67.""",1
"""12. ""Заказ на доставку на ул. Ленина, 22, кв. 56, г. Екатеринбург. Номер телефона контакта: 7-903-123-45-67.""",1
"""13. ""Новый пользователь: Johnson Michael, email: mj@mail.com, пароль: password123.""",1
"""14. ""Подтверждение оплаты заказа. Номер платежа: 9876543210987654, сумма: $50.00 USD.""",1
"""15. ""Заявка на вакансию от Ivanov Ivan. Номер телефона: +7-916-543-21-09, email: iiv@mail.com.""",1
"""16. ""Новый клиент: Brown David, адрес: 789 Pine St, Anytown, USA. Номер телефона: 555-123-4567.""",1
"""17. ""Подтверждение бронирования билета. ФИО: Petrovich Maria, номер билета: 1234567890, дата вылета: 05.05.2023.""",1
"""18. ""Заказ на доставку на пр. Мира, 55, кв. 321, г. Новосибирск. Номер телефона контакта: 8-905-123-45-67.""",1
"""19. ""Новый пользователь: Wilson Emily, email: ew@mail.com, пароль: Qwerty123!.""",1
"""20. ""Подтверждение оплаты счета. Номер карты: 9876 5432 1098 7654, сумма: £100.00 GBP.""",1
"""21. ""Заказ на доставку на ул. Строителей, 8, кв. 123, г. Челябинск. Номер телефона контакта: 7-908-123-45-67.""",1
"""22. ""Новый пользователь: Anderson David, email: ad@mail.com, пароль: Passw0rd.""",1
"""23. ""Подтверждение оплаты заказа. Номер платежа: 4567890123456789, сумма: 750 руб.""",1
"""24. ""Заявка на прием к врачу от Ivanov Ivan. Полис ОМС: 1234 5678 9012 3456, дата рождения: 01.01.1985.""",1
"""25. ""Новый клиент: Martinez Juan, адрес: 321 Elm St, Anytown, USA. Номер телефона: +1-555-246-8023.""",1
"""26. ""Подтверждение оплаты счета. Номер карты: 1111 2222 3333 4444, сумма: €50.00 EUR.""",1
"""27. ""Новый пользователь: Lee Minji, email: lm@mail.com, пароль: Mj123456.""",1
"""28. ""Заказ на доставку на ул. Советская, 20, кв. 456, г. Омск. Номер телефона контакта: 8-910-123-45-67.""",1
"""29. ""Подтверждение оплаты заказа. Номер платежа: 6549872310654987, сумма: 3000 руб.""",1
"""30. ""Новый пользователь: Patel Raj, email: rp@mail.com, пароль: Raj1234.""",1
"""31. ""Заявка на вакансию от Petrovich Ivan. Номер телефона: +7-911-567-89-01, email: ip@mail.com.""",1
"""32. ""Новый клиент: Rodriguez Maria, адрес: 678 Maple St, Anytown, USA. Номер телефона: 555-357-9864.""",1
"""33. ""Подтверждение бронирования отеля. ФИО: Smith John, номер комнаты: 401, дата заезда: 15.05.2023.""",1
"""34. ""Заказ на доставку на пр. Победы, 10, кв. 789, г. Красноярск. Номер телефона контакта: 8-906-123-45-67.""",1
"""35. ""Новый пользователь: Chen Li, email: cl@mail.com, пароль: L1234567.""",1
"""36. ""Подтверждение оплаты счета. Номер карты: 5555 5555 5555 4444, сумма: £75.00 GBP.""",1
"""37. ""Заказ на доставку на ул. Комсомольская, 15, кв. 321, г. Ижевск. Номер телефона контакта: 7-907-123-45-67.""",1
"""38. ""Новый пользователь: Kim Jihoon, email: kjh@mail.com, пароль: J1234567.""",1
"""39. ""Подтверждение оплаты заказа. Номер платежа: 2468024680246802, сумма: 2500 руб.""",1
"""40. ""Заявка на прием к врачу от Petrovich Maria. Полис ОМС: 9876 5432 1098 7654, дата рождения: 01.01.1990.""",1
"""41. ""Новый клиент: Martin Carlos, адрес: 9876 Oak Rd, Anytown, USA. Номер телефона: +1-555-468-2401.""",1
"""42. ""Подтверждение оплаты счета. Номер карты: 9999 9999 9999 8888, сумма: $150.00 USD.""",1
"""43. ""Новый пользователь: Singh Raj, email: rs@mail.com, пароль: Rs123456.""",1
"""44. ""Заказ на доставку на ул. Лермонтова, 22, кв. 654, г. Воронеж. Номер телефона контакта: 8-912-123-45-67.""",1
"""45. ""Подтверждение оплаты заказа. Номер платежа: 7894561230789456, сумма: 1500 руб.""",1
"""46. ""Новый пользователь: Wang Meiling, email: mwl@mail.com, пароль: M1234567.""",1
"""47. ""Заявка на вакансию от Ivanov Ivan. Номер телефона: +7-916-789-45-62, email: iiv@mail.com.""",1
"""48. ""Новый клиент: Johnson Michael, адрес: 135 Birch St, Anytown, USA. Номер телефона: 555-567-8901.""",1
"""49. ""Подтверждение бронирования билета. ФИО: Petrovich Maria, номер билета: 9876543210, дата вылета: 10.06.2023.""",1
"""50. ""Заказ на доставку на пр. Фрунзе, 55, кв. 246, г. Самара. Номер телефона контакта: 8-909-123-45-67.""",1
"""1. ""Новая карта: 5555 5555 5555 5555, срок действия до 12/25, CVV 123.""",1
"""2. ""Почта для регистрации: john.doe@example.com, пароль: securepassword123.""",1
"""3. ""Адрес доставки: ул. Ленина, д. 5, кв. 10, г. Москва, 123456.""",1
"""4. ""Номер социального страхования: 123-45-6789.""",1
"""5. ""Номер телефона: +7-916-123-45-67.""",1
"""6. ""Номер банковского счета: 40817810400000000123.""",1
"""7. ""Счет для оплаты: 1234 5678 9012 3456, срок действия до 12/2025, CVV 789.""",1
"""8. ""Почта для связи: iva.smith@mail.ru.""",1
"""9. ""Адрес регистрации: пр. Мира, д. 7, кв. 3, г. Санкт-Петербург, 191000.""",1
"""10. ""Номер мобильного: 8-903-123-45-60.""",1
"""11. ""Почта для верификации: petr.petrov@yandex.ru.""",1
"""12. ""Номер паспорта: 4501 123456, выдан 01.01.2001 г.""",1
"""13. ""Номер удостоверения водителя: 123456789012345678.""",1
"""14. ""ИНН: 7701234567.""",1
"""15. ""Почта для восстановления пароля: anna.kovalenko@gmail.com.""",1
"""16. ""Номер телефона для связи: +7-915-123-45-68.""",1
"""17. ""Адрес проживания: пер. Малый, д. 15, кв. 20, г. Екатеринбург, 620000.""",1
"""18. ""Почта для регистрации аккаунта: sergei.ivanov@yahoo.com.""",1
"""19. ""Номер пенсионного страхования: 001-001-001 88.""",1
"""20. ""Номер заказа: 1234567890.""",1
"""21. ""Номер полиса ОМС: АБ1234567890.""",1
"""22. ""Почта для регистрации в соцсетях: oligarchov@bk.ru.""",1
"""23. ""Номер телефона для регистрации: 8-901-123-45-69.""",1
"""24. ""Адрес для доставки: ул. Чкалова, д. 12, кв. 8, г. Новосибирск, 630000.""",1
"""25. ""Номер кредитной карты: 1234 5678 9123 4567, CVV 101.""",1
"""26. ""Почта для оплаты счетов: natalya.zvereva@inbox.ru.""",1
"""27. ""Номер телефона для активации карты: +7-917-123-45-70.""",1
"""28. ""Адрес проживания: ул. Свердлова, д. 21, кв. 15, г. Краснодар, 350000.""",1
"""29. ""Почта для заказа билетов: aleksey.pupkin@mail.ru.""",1
"""30. ""Номер заказного письма: СР78 1234567 РУ.""",1
"""31. ""Номер телефона для связи с техподдержкой: 8-800-123-45-60.""",1
"""32. ""Адрес регистрации: ул. Советская, д. 35, кв. 6, г. Волгоград, 400000.""",1
"""33. ""Номер банковской карты для оплаты: 1234 5678 9012 3456, CVV 432.""",1
"""34. ""Почта для регистрации в онлайн-игре: roman.volkov@yandex.ru.""",1
"""35. ""Номер телефона для получения кодов: 8-903-123-45-71.""",1
"""36. ""Адрес для отправки посылки: ул. Кирова, д. 18, кв. 5, г. Челябинск, 454000.""",1
"""37. ""Номер счета для перевода средств: 40702810700000000123.""",1
"""38. ""Почта для регистрации на вебинаре: irina.popova@list.ru.""",1
"""39. ""Номер карты для оплаты: 5555 5555 5555 5555, срок действия до 12/26, CVV 789.""",1
"""40. ""Номер телефона для активации аккаунта: 8-911-123-45-72.""",1
"""41. ""Адрес регистрации: пер. Садовый, д. 10, кв. 3, г. Ростов-на-Дону, 344000.""",1
"""42. ""Почта для регистрации на сайте: dmitriy.sidorov@mail.ru.""",1
"""43. ""Номер телефона для связи с менеджером: 8-800-123-45-61.""",1
"""44. ""Адрес доставки: ул. Лермонтова, д. 27, кв. 12, г. Пермь, 614000.""",1
"""45. ""Почта для восстановления доступа: evgeniy.karpov@inbox.ru.""",1
"""46. ""Номер телефона для связи со службой поддержки: 8-905-123-45-73.""",1
"""47. ""Адрес регистрации: ул. Октябрьская, д. 40, кв. 9, г. Нижний Новгород, 603000.""",1
"""48. ""Номер карты для оплаты: 1234 5678 9012 3456, CVV 012.""",1
"""49. ""Почта для регистрации на веб-сайте: olga.kuznetcova@gmail.com.""",1
"""50. ""Номер телефона для получения информации: 8-800-123-45-62.""",1
""". ""Новый заказ от Иванова Ивана Ивановича, адрес: ул. Мира, 12, кв. 3, г. Москва. Номер телефона для связи: +7-916-123-45-67.""",1
"""2. ""Подтверждение оплаты. Номер платежа: 1234567890123456, сумма: 5000 руб.""",1
"""3. ""Заявка на кредит от Сидоровой Анны Александровны. Паспорт: 4501 123456, СНИЛС: 123-456-789 00.""",1
"""4. ""Новый пользователь: Петров Петр Петрович, email: pp@mail.com, пароль: qwerty123.""",1
"""5. ""Доставка заказа на ул. Пушкина, 15, кв. 78, г. Санкт-Петербург. Номер телефона контакта: 8-900-123-45-67.""",1
"""6. ""Подтверждение бронирования отеля. ФИО: Кузнецов Сергей Васильевич, номер комнаты: 302, дата заезда: 01.01.2023.""",1
"""7. ""Заявка на прием к врачу от Морозовой Елены Владимировны. Полис ОМС: 0000 00000000000001, дата рождения: 01.01.1980.""",1
"""8. ""Новый клиент: Ivanov Ivan, адрес: 123 Main St, Anytown, USA. Номер телефона: 555.123.4567.""",1
"""9. ""Подтверждение оплаты счета. Номер карты: 1234 5678 9012 3456, сумма: $100.00 USD.""",1
"""10. ""Новый заказ от Smith John, адрес: 456 Oak St, Anytown, USA. Номер телефона: +1-555-987-6543.""",1
"""11. ""Подтверждение регистрации на семинар. ФИО: Petrovich Ivan, email: ip@mail.com, номер телефона: 8-911-123-45-67.""",1
"""12. ""Заказ на доставку на ул. Ленина, 22, кв. 56, г. Екатеринбург. Номер телефона контакта: 7-903-123-45-67.""",1
"""13. ""Новый пользователь: Johnson Michael, email: mj@mail.com, пароль: password123.""",1
"""14. ""Подтверждение оплаты заказа. Номер платежа: 9876543210987654, сумма: $50.00 USD.""",1
"""15. ""Заявка на вакансию от Ivanov Ivan. Номер телефона: +7-916-543-21-09, email: iiv@mail.com.""",1
"""16. ""Новый клиент: Brown David, адрес: 789 Pine St, Anytown, USA. Номер телефона: 555-123-4567.""",1
"""17. ""Подтверждение бронирования билета. ФИО: Petrovich Maria, номер билета: 1234567890, дата вылета: 05.05.2023.""",1
"""18. ""Заказ на доставку на пр. Мира, 55, кв. 321, г. Новосибирск. Номер телефона контакта: 8-905-123-45-67.""",1
"""19. ""Новый пользователь: Wilson Emily, email: ew@mail.com, пароль: Qwerty123!.""",1
"""20. ""Подтверждение оплаты счета. Номер карты: 9876 5432 1098 7654, сумма: £100.00 GBP.""",1
"""21. ""Заказ на доставку на ул. Строителей, 8, кв. 123, г. Челябинск. Номер телефона контакта: 7-908-123-45-67.""",1
"""22. ""Новый пользователь: Anderson David, email: ad@mail.com, пароль: Passw0rd.""",1
"""23. ""Подтверждение оплаты заказа. Номер платежа: 4567890123456789, сумма: 750 руб.""",1
"""24. ""Заявка на прием к врачу от Ivanov Ivan. Полис ОМС: 1234 5678 9012 3456, дата рождения: 01.01.1985.""",1
"""25. ""Новый клиент: Martinez Juan, адрес: 321 Elm St, Anytown, USA. Номер телефона: +1-555-246-8023.""",1
"""26. ""Подтверждение оплаты счета. Номер карты: 1111 2222 3333 4444, сумма: €50.00 EUR.""",1
"""27. ""Новый пользователь: Lee Minji, email: lm@mail.com, пароль: Mj123456.""",1
"""28. ""Заказ на доставку на ул. Советская, 20, кв. 456, г. Омск. Номер телефона контакта: 8-910-123-45-67.""",1
"""29. ""Подтверждение оплаты заказа. Номер платежа: 6549872310654987, сумма: 3000 руб.""",1
"""30. ""Новый пользователь: Patel Raj, email: rp@mail.com, пароль: Raj1234.""",1
"""31. ""Заявка на вакансию от Petrovich Ivan. Номер телефона: +7-911-567-89-01, email: ip@mail.com.""",1
"""32. ""Новый клиент: Rodriguez Maria, адрес: 678 Maple St, Anytown, USA. Номер телефона: 555-357-9864.""",1
"""33. ""Подтверждение бронирования отеля. ФИО: Smith John, номер комнаты: 401, дата заезда: 15.05.2023.""",1
"""34. ""Заказ на доставку на пр. Победы, 10, кв. 789, г. Красноярск. Номер телефона контакта: 8-906-123-45-67.""",1
"""35. ""Новый пользователь: Chen Li, email: cl@mail.com, пароль: L1234567.""",1
"""36. ""Подтверждение оплаты счета. Номер карты: 5555 5555 5555 4444, сумма: £75.00 GBP.""",1
"""37. ""Заказ на доставку на ул. Комсомольская, 15, кв. 321, г. Ижевск. Номер телефона контакта: 7-907-123-45-67.""",1
"""38. ""Новый пользователь: Kim Jihoon, email: kjh@mail.com, пароль: J1234567.""",1
"""39. ""Подтверждение оплаты заказа. Номер платежа: 2468024680246802, сумма: 2500 руб.""",1
"""40. ""Заявка на прием к врачу от Petrovich Maria. Полис ОМС: 9876 5432 1098 7654, дата рождения: 01.01.1990.""",1
"""41. ""Новый клиент: Martin Carlos, адрес: 9876 Oak Rd, Anytown, USA. Номер телефона: +1-555-468-2401.""",1
"""42. ""Подтверждение оплаты счета. Номер карты: 9999 9999 9999 8888, сумма: $150.00 USD.""",1
"""43. ""Новый пользователь: Singh Raj, email: rs@mail.com, пароль: Rs123456.""",1
"""44. ""Заказ на доставку на ул. Лермонтова, 22, кв. 654, г. Воронеж. Номер телефона контакта: 8-912-123-45-67.""",1
"""45. ""Подтверждение оплаты заказа. Номер платежа: 7894561230789456, сумма: 1500 руб.""",1
"""46. ""Новый пользователь: Wang Meiling, email: mwl@mail.com, пароль: M1234567.""",1
"""47. ""Заявка на вакансию от Ivanov Ivan. Номер телефона: +7-916-789-45-62, email: iiv@mail.com.""",1
"""48. ""Новый клиент: Johnson Michael, адрес: 135 Birch St, Anytown, USA. Номер телефона: 555-567-8901.""",1
"""49. ""Подтверждение бронирования билета. ФИО: Petrovich Maria, номер билета: 9876543210, дата вылета: 10.06.2023.""",1
"""50. ""Заказ на доставку на пр. Фрунзе, 55, кв. 246, г. Самара. Номер телефона контакта: 8-909-123-45-67.""",1
"""1. Иван Иванович получил письмо от банка: ""Ваш новый номер карты - 1234 5678 9012 3456"".""",1
"""2. Ольга Сергеевна отправила резюме на адрес hr@kompaniya.ru.""",1
"""3. Дима написал соседке по почте: ""Мой новый номер телефона - +7-926-123-4567"".""",1
"""4. Магазин confirmed.ru отправил чек: ""Заказ #123456789 был оплачен картой ending in 7890"".""",1
"""5. В официальном письме стояло: ""Ваш социальный номер - 123-45-6789"".""",1
"""6. На форумеSupport.ru пользователь поделился: ""Мой аккаунт - myusername123, пароль - *********"".""",1
"""7. В смс пришло: ""Ваш код для входа в кабинет врача - 123456"".""",1
"""8. В письме от Amazon.com было: ""Заказ #B00123456789 был доставлен по адресу: ул. Ленинская, 5, кв. 10"".""",1
"""9. В банковской выписке значилось: ""Перевод на сумму 10000 ₽ получен с карты ending in 1234"".""",1
"""10. В текстовом сообщении было: ""Мой адрес - г. Москва, ул. Тверская, 10, кв. 30"".""",1
"""11. На сайте госуслуг в профиле указано: ""Паспорт серия 4506 №123456, выдан 01.01.2001"".""",1
"""12. В чате служба поддержки написала: ""Для подтверждения личности, пожалуйста, отправьте нам фото вашего паспорта"".""",1
"""13. В письме от eBay было: ""Заказ номер 123456789 был оплачен картой ending in 1234"".""",1
"""14. На сайте авиакомпании указано: ""Билет был приобретен на имя Александра Петрова, паспорт серия 4506 №123456"".""",1
"""15. В личных сообщениях ВКонтакте было написано: ""Мой адрес почты - example@mail.ru"".""",1
"""16. В чате службы поддержки банка было указано: ""Ваш PIN-код для карты - 1234"".""",1
"""17. На форуме по недвижимости было написано: ""Я ищу квартиру на ул. Мира, 15, кв. 5"".""",1
"""18. В официальном письме значилось: ""Ваш ИНН - 123456789000"".""",1
"""19. В чате техподдержки было сказано: ""Для верификации аккаунта, пожалуйста, отправьте нам скриншот вашего паспорта"".""",1
"""20. В письме от AliExpress было: ""Заказ #123456789 был оплачен картой ending in 7890"".""",1
"""21. На сайте доставки пиццы было указано: ""Адрес доставки: ул. Советская, 20, кв. 15"".""",1
"""22. В личных сообщениях Telegram было написано: ""Мой номер телефона - +7-926-123-4567"".""",1
"""23. В письме от Booking.com было: ""Бронь отеля на имя Ольги Ивановны, номер паспорта 4506 123456"".""",1
"""24. В чате службы поддержки был указан номер карты: ""5555 5555 5555 4321"".""",1
"""25. В письме от Netflix было: ""Ваш аккаунт был обновлен на имя Сергея Ивановича, адрес: ул. Пушкина, 10"".""",1
"""26. На сайте онлайн-обучения было указано: ""Логин - myusername, пароль - *********"".""",1
"""27. В чате техподдержки было сказано: ""Ваш код для сброса пароля - 123456"".""",1
"""28. В письме от Apple было: ""Номер вашего заказа - B00123456789, картаending in 7890"".""",1
"""29. В чате службы поддержки банка было указано: ""Ваш CVV-код - 123"".""",1
"""30. На сайте страховой компании было указано: ""Номер полиса - 12345678901234567890"".""",1
"""31. В письме от Google было: ""Ваш аккаунт был обновлен на имя Ивана pétrov, адрес: ул. Ленина, 5"".""",1
"""32. В чате службы поддержки была указана дата рождения: ""20.07.1990"".""",1
"""33. В письме от Microsoft было: ""Заказ #123456789 был оплачен картой ending in 1234"".""",1
"""34. На сайте такси было указано: ""Адрес: ул. Кирова, 10, кв. 5, тел. +7-926-123-4567"".""",1
"""35. В чате службы поддержки было указано: ""Ваш код для подтверждения личности - 123456"".""",1
"""36. В письме от Amazon.com было: ""Заказ #B00123456789 был доставлен по адресу: ул. Совхозная, 10, кв. 3"".""",1
"""37. На сайте онлайн-курсов было указано: ""Логин - myusername, пароль - *********, email - example@mail.ru"".""",1
"""38. В чате службы поддержки был указан номер телефона: ""+7-926-123-4567"".""",1
"""39. В письме от Uber было: ""Ваша поездка была оплачена картой ending in 7890"".""",1
"""40. На сайте доставки еды было указано: ""Адрес доставки: ул. Горького, 20, кв. 10, тел. +7-926-123-4567"".""",1
"""41. В чате службы поддержки было сказано: ""Ваш секретный вопрос - Город рождения матери?"".""",1
"""42. В письме от Apple было: ""Номер вашего заказа - B00123456789, адрес: ул. Пушкина, 10"".""",1
"""43. В чате службы поддержки был указан номер социального номера: ""123-45-6789"".""",1
"""44. На сайте онлайн-банкинга было указано: ""Номер вашей карты - 1234 5678 9012 3456"".""",1
"""45. В письме от PayPal было: ""Заказ #123456789 был оплачен картой ending in 1234"".""",1
"""46. На сайте авиакомпании было указано: ""Билет был приобретен на имя Анны Сидоровой, паспорт серия 4506 №123456"".""",1
"""47. В чате службы поддержки было указано: ""Ваш CVV-код - 345"".""",1
"""48. В письме от eBay было: ""Заказ номер 123456789 был оплачен картой ending in 1234"".""",1
"""49. На сайте онлайн-магазина было указано: ""Логин - myusername, пароль - *********, email - example@mail.ru"".""",1
"""50. В чате службы поддержки было сказано: ""Ваш код подтверждения - 123456"".""",1
""". ""Новый заказ от Иванова Ивана Ивановича, адрес: ул. Мира, 12, кв. 3, г. Москва. Номер телефона для связи: +7-916-123-45-67.""",1
"""2. ""Подтверждение оплаты. Номер платежа: 1234567890123456, сумма: 5000 руб.""",1
"""3. ""Заявка на кредит от Сидоровой Анны Александровны. Паспорт: 4501 123456, СНИЛС: 123-456-789 00.""",1
"""4. ""Новый пользователь: Петров Петр Петрович, email: pp@mail.com, пароль: qwerty123.""",1
"""5. ""Доставка заказа на ул. Пушкина, 15, кв. 78, г. Санкт-Петербург. Номер телефона контакта: 8-900-123-45-67.""",1
"""6. ""Подтверждение бронирования отеля. ФИО: Кузнецов Сергей Васильевич, номер комнаты: 302, дата заезда: 01.01.2023.""",1
"""7. ""Заявка на прием к врачу от Морозовой Елены Владимировны. Полис ОМС: 0000 00000000000001, дата рождения: 01.01.1980.""",1
"""8. ""Новый клиент: Ivanov Ivan, адрес: 123 Main St, Anytown, USA. Номер телефона: 555.123.4567.""",1
"""9. ""Подтверждение оплаты счета. Номер карты: 1234 5678 9012 3456, сумма: $100.00 USD.""",1
"""10. ""Новый заказ от Smith John, адрес: 456 Oak St, Anytown, USA. Номер телефона: +1-555-987-6543.""",1
"""11. ""Подтверждение регистрации на семинар. ФИО: Petrovich Ivan, email: ip@mail.com, номер телефона: 8-911-123-45-67.""",1
"""12. ""Заказ на доставку на ул. Ленина, 22, кв. 56, г. Екатеринбург. Номер телефона контакта: 7-903-123-45-67.""",1
"""13. ""Новый пользователь: Johnson Michael, email: mj@mail.com, пароль: password123.""",1
"""14. ""Подтверждение оплаты заказа. Номер платежа: 9876543210987654, сумма: $50.00 USD.""",1
"""15. ""Заявка на вакансию от Ivanov Ivan. Номер телефона: +7-916-543-21-09, email: iiv@mail.com.""",1
"""16. ""Новый клиент: Brown David, адрес: 789 Pine St, Anytown, USA. Номер телефона: 555-123-4567.""",1
"""17. ""Подтверждение бронирования билета. ФИО: Petrovich Maria, номер билета: 1234567890, дата вылета: 05.05.2023.""",1
"""18. ""Заказ на доставку на пр. Мира, 55, кв. 321, г. Новосибирск. Номер телефона контакта: 8-905-123-45-67.""",1
"""19. ""Новый пользователь: Wilson Emily, email: ew@mail.com, пароль: Qwerty123!.""",1
"""20. ""Подтверждение оплаты счета. Номер карты: 9876 5432 1098 7654, сумма: £100.00 GBP.""",1
"""21. ""Заказ на доставку на ул. Строителей, 8, кв. 123, г. Челябинск. Номер телефона контакта: 7-908-123-45-67.""",1
"""22. ""Новый пользователь: Anderson David, email: ad@mail.com, пароль: Passw0rd.""",1
"""23. ""Подтверждение оплаты заказа. Номер платежа: 4567890123456789, сумма: 750 руб.""",1
"""24. ""Заявка на прием к врачу от Ivanov Ivan. Полис ОМС: 1234 5678 9012 3456, дата рождения: 01.01.1985.""",1
"""25. ""Новый клиент: Martinez Juan, адрес: 321 Elm St, Anytown, USA. Номер телефона: +1-555-246-8023.""",1
"""26. ""Подтверждение оплаты счета. Номер карты: 1111 2222 3333 4444, сумма: €50.00 EUR.""",1
"""27. ""Новый пользователь: Lee Minji, email: lm@mail.com, пароль: Mj123456.""",1
"""28. ""Заказ на доставку на ул. Советская, 20, кв. 456, г. Омск. Номер телефона контакта: 8-910-123-45-67.""",1
"""29. ""Подтверждение оплаты заказа. Номер платежа: 6549872310654987, сумма: 3000 руб.""",1
"""30. ""Новый пользователь: Patel Raj, email: rp@mail.com, пароль: Raj1234.""",1
"""31. ""Заявка на вакансию от Petrovich Ivan. Номер телефона: +7-911-567-89-01, email: ip@mail.com.""",1
"""32. ""Новый клиент: Rodriguez Maria, адрес: 678 Maple St, Anytown, USA. Номер телефона: 555-357-9864.""",1
"""33. ""Подтверждение бронирования отеля. ФИО: Smith John, номер комнаты: 401, дата заезда: 15.05.2023.""",1
"""34. ""Заказ на доставку на пр. Победы, 10, кв. 789, г. Красноярск. Номер телефона контакта: 8-906-123-45-67.""",1
"""35. ""Новый пользователь: Chen Li, email: cl@mail.com, пароль: L1234567.""",1
"""36. ""Подтверждение оплаты счета. Номер карты: 5555 5555 5555 4444, сумма: £75.00 GBP.""",1
"""37. ""Заказ на доставку на ул. Комсомольская, 15, кв. 321, г. Ижевск. Номер телефона контакта: 7-907-123-45-67.""",1
"""38. ""Новый пользователь: Kim Jihoon, email: kjh@mail.com, пароль: J1234567.""",1
"""39. ""Подтверждение оплаты заказа. Номер платежа: 2468024680246802, сумма: 2500 руб.""",1
"""40. ""Заявка на прием к врачу от Petrovich Maria. Полис ОМС: 9876 5432 1098 7654, дата рождения: 01.01.1990.""",1
"""41. ""Новый клиент: Martin Carlos, адрес: 9876 Oak Rd, Anytown, USA. Номер телефона: +1-555-468-2401.""",1
"""42. ""Подтверждение оплаты счета. Номер карты: 9999 9999 9999 8888, сумма: $150.00 USD.""",1
"""43. ""Новый пользователь: Singh Raj, email: rs@mail.com, пароль: Rs123456.""",1
"""44. ""Заказ на доставку на ул. Лермонтова, 22, кв. 654, г. Воронеж. Номер телефона контакта: 8-912-123-45-67.""",1
"""45. ""Подтверждение оплаты заказа. Номер платежа: 7894561230789456, сумма: 1500 руб.""",1
"""46. ""Новый пользователь: Wang Meiling, email: mwl@mail.com, пароль: M1234567.""",1
"""47. ""Заявка на вакансию от Ivanov Ivan. Номер телефона: +7-916-789-45-62, email: iiv@mail.com.""",1
"""48. ""Новый клиент: Johnson Michael, адрес: 135 Birch St, Anytown, USA. Номер телефона: 555-567-8901.""",1
"""49. ""Подтверждение бронирования билета. ФИО: Petrovich Maria, номер билета: 9876543210, дата вылета: 10.06.2023.""",1
"""50. ""Заказ на доставку на пр. Фрунзе, 55, кв. 246, г. Самара. Номер телефона контакта: 8-909-123-45-67.""",1
""". ""Новый заказ от Иванова Ивана Ивановича, адрес: ул. Мира, 12, кв. 3, г. Москва. Номер телефона для связи: +7-916-123-45-67.""",1
"""2. ""Подтверждение оплаты. Номер платежа: 1234567890123456, сумма: 5000 руб.""",1
"""3. ""Заявка на кредит от Сидоровой Анны Александровны. Паспорт: 4501 123456, СНИЛС: 123-456-789 00.""",1
"""4. ""Новый пользователь: Петров Петр Петрович, email: pp@mail.com, пароль: qwerty123.""",1
"""5. ""Доставка заказа на ул. Пушкина, 15, кв. 78, г. Санкт-Петербург. Номер телефона контакта: 8-900-123-45-67.""",1
"""6. ""Подтверждение бронирования отеля. ФИО: Кузнецов Сергей Васильевич, номер комнаты: 302, дата заезда: 01.01.2023.""",1
"""7. ""Заявка на прием к врачу от Морозовой Елены Владимировны. Полис ОМС: 0000 00000000000001, дата рождения: 01.01.1980.""",1
"""8. ""Новый клиент: Ivanov Ivan, адрес: 123 Main St, Anytown, USA. Номер телефона: 555.123.4567.""",1
"""9. ""Подтверждение оплаты счета. Номер карты: 1234 5678 9012 3456, сумма: $100.00 USD.""",1
"""10. ""Новый заказ от Smith John, адрес: 456 Oak St, Anytown, USA. Номер телефона: +1-555-987-6543.""",1
"""11. ""Подтверждение регистрации на семинар. ФИО: Petrovich Ivan, email: ip@mail.com, номер телефона: 8-911-123-45-67.""",1
"""12. ""Заказ на доставку на ул. Ленина, 22, кв. 56, г. Екатеринбург. Номер телефона контакта: 7-903-123-45-67.""",1
"""13. ""Новый пользователь: Johnson Michael, email: mj@mail.com, пароль: password123.""",1
"""14. ""Подтверждение оплаты заказа. Номер платежа: 9876543210987654, сумма: $50.00 USD.""",1
"""15. ""Заявка на вакансию от Ivanov Ivan. Номер телефона: +7-916-543-21-09, email: iiv@mail.com.""",1
"""16. ""Новый клиент: Brown David, адрес: 789 Pine St, Anytown, USA. Номер телефона: 555-123-4567.""",1
"""17. ""Подтверждение бронирования билета. ФИО: Petrovich Maria, номер билета: 1234567890, дата вылета: 05.05.2023.""",1
"""18. ""Заказ на доставку на пр. Мира, 55, кв. 321, г. Новосибирск. Номер телефона контакта: 8-905-123-45-67.""",1
"""19. ""Новый пользователь: Wilson Emily, email: ew@mail.com, пароль: Qwerty123!.""",1
"""20. ""Подтверждение оплаты счета. Номер карты: 9876 5432 1098 7654, сумма: £100.00 GBP.""",1
"""21. ""Заказ на доставку на ул. Строителей, 8, кв. 123, г. Челябинск. Номер телефона контакта: 7-908-123-45-67.""",1
"""22. ""Новый пользователь: Anderson David, email: ad@mail.com, пароль: Passw0rd.""",1
"""23. ""Подтверждение оплаты заказа. Номер платежа: 4567890123456789, сумма: 750 руб.""",1
"""24. ""Заявка на прием к врачу от Ivanov Ivan. Полис ОМС: 1234 5678 9012 3456, дата рождения: 01.01.1985.""",1
"""25. ""Новый клиент: Martinez Juan, адрес: 321 Elm St, Anytown, USA. Номер телефона: +1-555-246-8023.""",1
"""26. ""Подтверждение оплаты счета. Номер карты: 1111 2222 3333 4444, сумма: €50.00 EUR.""",1
"""27. ""Новый пользователь: Lee Minji, email: lm@mail.com, пароль: Mj123456.""",1
"""28. ""Заказ на доставку на ул. Советская, 20, кв. 456, г. Омск. Номер телефона контакта: 8-910-123-45-67.""",1
"""29. ""Подтверждение оплаты заказа. Номер платежа: 6549872310654987, сумма: 3000 руб.""",1
"""30. ""Новый пользователь: Patel Raj, email: rp@mail.com, пароль: Raj1234.""",1
"""31. ""Заявка на вакансию от Petrovich Ivan. Номер телефона: +7-911-567-89-01, email: ip@mail.com.""",1
"""32. ""Новый клиент: Rodriguez Maria, адрес: 678 Maple St, Anytown, USA. Номер телефона: 555-357-9864.""",1
"""33. ""Подтверждение бронирования отеля. ФИО: Smith John, номер комнаты: 401, дата заезда: 15.05.2023.""",1
"""34. ""Заказ на доставку на пр. Победы, 10, кв. 789, г. Красноярск. Номер телефона контакта: 8-906-123-45-67.""",1
"""35. ""Новый пользователь: Chen Li, email: cl@mail.com, пароль: L1234567.""",1
"""36. ""Подтверждение оплаты счета. Номер карты: 5555 5555 5555 4444, сумма: £75.00 GBP.""",1
"""37. ""Заказ на доставку на ул. Комсомольская, 15, кв. 321, г. Ижевск. Номер телефона контакта: 7-907-123-45-67.""",1
"""38. ""Новый пользователь: Kim Jihoon, email: kjh@mail.com, пароль: J1234567.""",1
"""39. ""Подтверждение оплаты заказа. Номер платежа: 2468024680246802, сумма: 2500 руб.""",1
"""40. ""Заявка на прием к врачу от Petrovich Maria. Полис ОМС: 9876 5432 1098 7654, дата рождения: 01.01.1990.""",1
"""41. ""Новый клиент: Martin Carlos, адрес: 9876 Oak Rd, Anytown, USA. Номер телефона: +1-555-468-2401.""",1
"""42. ""Подтверждение оплаты счета. Номер карты: 9999 9999 9999 8888, сумма: $150.00 USD.""",1
"""43. ""Новый пользователь: Singh Raj, email: rs@mail.com, пароль: Rs123456.""",1
"""44. ""Заказ на доставку на ул. Лермонтова, 22, кв. 654, г. Воронеж. Номер телефона контакта: 8-912-123-45-67.""",1
"""45. ""Подтверждение оплаты заказа. Номер платежа: 7894561230789456, сумма: 1500 руб.""",1
"""46. ""Новый пользователь: Wang Meiling, email: mwl@mail.com, пароль: M1234567.""",1
"""47. ""Заявка на вакансию от Ivanov Ivan. Номер телефона: +7-916-789-45-62, email: iiv@mail.com.""",1
"""48. ""Новый клиент: Johnson Michael, адрес: 135 Birch St, Anytown, USA. Номер телефона: 555-567-8901.""",1
"""49. ""Подтверждение бронирования билета. ФИО: Petrovich Maria, номер билета: 9876543210, дата вылета: 10.06.2023.""",1
"""50. ""Заказ на доставку на пр. Фрунзе, 55, кв. 246, г. Самара. Номер телефона контакта: 8-909-123-45-67.""",1
"""1. Иван Петров получил посылку на ул. Ленина, 15, кв. 3.""",1
"""2. Номер кредитной карты: 1234 5678 9012 3456.""",1
"""3. Мария Сидорова записалась на приём к врачу: тел. +7-926-123-4567.""",1
"""4. Счет на оплату: 0987654321, адрес получателя: ул. Советская, 10.""",1
"""5. Ольга Иванова отправила email на адрес support@example.com.""",1
"""6. Номер социального страхования: 123-45-6789.""",1
"""7. Александр Козлов заказал пиццу на ул. Горького, 20, тел. для связи: 555.123.4567.""",1
"""8. Сбербанк России: номер счета 40817810100000000123, получатель: Пётр Кузнецов.""",1
"""9. Елена Морозова написала сообщение: ""Мой адрес - ул. Пушкина, 12, кв. 24"".""",1
"""10. Номер заказа: 987654321, адрес доставки: ул. Победы, 33.""",1
"""11. Анна Сергеева подала заявление на работу: email - anna.sergeeva@mail.ru.""",1
"""12. Номер банковской карты: 60301018 10000000 0000.""",1
"""13. Сергей Иванов оставил комментарий: ""Мой номер телефона - +7-916-111-2233"".""",1
"""14. Номер участка: 123, адрес: ул. Мира, 56, кв. 45.""",1
"""15. Елена Савина написала в службу поддержки: ""Мой аккаунт - elena.savin123@yandex.ru"".""",1
"""16. Номер паспорта: 46 08 123456, выдан ОУФМС России по г. Москве.""",1
"""17. Дмитрий Медведев отправил письмо по адресу: ул. Большая Грузинская, 70, корп. 1.""",1
"""18. Номер заказа: 123456789, адрес оплаты: ул. Большая Якиманка, 24.""",1
"""19. Наталья Кузнецова обновила профиль: email - nataly.k@bk.ru.""",1
"""20. Номер лицевого счёта: 2345678901, адрес: ул. Тверская, 15.""",1
"""21. Михаил Петров написал сообщение: ""Мой адрес - г. Санкт-Петербург, пр. Лиговский, 37, кв. 101"".""",1
"""22. Номер счета: 0987654321, получатель: Александра Петрова.""",1
"""23. Евгения Иванова заказала такси: адрес отправления - ул. Арбат, 12.""",1
"""24. Номер полиса ОСАГО: АА 1234567890, выдан 01.01.2022.""",1
"""25. Светлана Морозова оставила отзыв: ""Мой контактный номер - 555.123.4567"".""",1
"""26. Номер карты Тинькофф: 5555 55** **** 5555, владелец: Иван Кузнецов.""",1
"""27. Анастасия Смирнова записалась на сеанс: тел. +7-915-321-6543.""",1
"""28. Номер свидетельства о регистрации: 1234567890, выдан 01.01.2022.""",1
"""29. Владимир Козлов написал в службу технической поддержки: ""Мой логин - vova123"".""",1
"""30. Номер заказа: 987654321, адрес плательщика: ул. Ждановская, 12.""",1
"""31. Татьяна Николаева обновила профиль: email - tatyananikolaeva@mail.ru.""",1
"""32. Номер ИНН: 770708389375, выдан УФНС России по г. Москве.""",1
"""33. Екатерина Иванова заказала билеты на ул. Тверская, 22, тел. для связи: 555.123.4567.""",1
"""34. Номер паспорта: 45 07 123456, выдан ОУФМС России по Московской области.""",1
"""35. Ольга Кузнецова отправила письмо по адресу: ул. Новослободская, 25, корп. 1.""",1
"""36. Номер счета: 1234567890, получатель: Анна Петрова.""",1
"""37. Надежда Смирнова написала сообщение: ""Мой номер телефона - +7-916-222-3344"".""",1
"""38. Номер участка: 123456, адрес: ул. Васильевская, 15, кв. 34.""",1
"""39. Вероника Петрова написала в службу поддержки: ""Мой аккаунт - veronika.p@yandex.ru"".""",1
"""40. Номер банковской карты: 5555 55** **** 5555, владелец: Александр Иванов.""",1
"""41. Сергей Смирнов отправил запрос на возврат средств: номер карты - 1234 5678 9012 3456.""",1
"""42. Номер паспорта: 46 05 123456, выдан ОУФМС России по г. Санкт-Петербургу.""",1
"""43. Марина Козлова заказала цветы на ул.oles Prospekt, 10, тел. для связи: 555.123.4567.""",1
"""44. Номер лицевого счёта: 234567890, адрес: ул. Правды, 5, кв. 78.""",1
"""45. Елена Смирнова написала отзыв: ""Мой адрес - г. Москва, пр. Ленинский, 90, кв. 123"".""",1
"""46. Номер счета: 0987654321, получатель: Дмитрий Кузнецов.""",1
"""47. Полина Петрова записалась на курс: тел. +7-916-432-1234.""",1
"""48. Номер полиса КАСКО: АА 1234567890, выдан 01.01.2022.""",1
"""49. Алексей Козлов написал в службу поддержки: ""Мой логин - alexk123"".""",1
"""50. Номер заказа: 123456789, адрес получателя: ул. Марата, 34, кв. 56.""",1
""". ""Новый заказ от Иванова Ивана Ивановича, адрес: ул. Мира, 12, кв. 3, г. Москва. Номер телефона для связи: +7-916-123-45-67.""",1
"""2. ""Подтверждение оплаты. Номер платежа: 1234567890123456, сумма: 5000 руб.""",1
"""3. ""Заявка на кредит от Сидоровой Анны Александровны. Паспорт: 4501 123456, СНИЛС: 123-456-789 00.""",1
"""4. ""Новый пользователь: Петров Петр Петрович, email: pp@mail.com, пароль: qwerty123.""",1
"""5. ""Доставка заказа на ул. Пушкина, 15, кв. 78, г. Санкт-Петербург. Номер телефона контакта: 8-900-123-45-67.""",1
"""6. ""Подтверждение бронирования отеля. ФИО: Кузнецов Сергей Васильевич, номер комнаты: 302, дата заезда: 01.01.2023.""",1
"""7. ""Заявка на прием к врачу от Морозовой Елены Владимировны. Полис ОМС: 0000 00000000000001, дата рождения: 01.01.1980.""",1
"""8. ""Новый клиент: Ivanov Ivan, адрес: 123 Main St, Anytown, USA. Номер телефона: 555.123.4567.""",1
"""9. ""Подтверждение оплаты счета. Номер карты: 1234 5678 9012 3456, сумма: $100.00 USD.""",1
"""10. ""Новый заказ от Smith John, адрес: 456 Oak St, Anytown, USA. Номер телефона: +1-555-987-6543.""",1
"""11. ""Подтверждение регистрации на семинар. ФИО: Petrovich Ivan, email: ip@mail.com, номер телефона: 8-911-123-45-67.""",1
"""12. ""Заказ на доставку на ул. Ленина, 22, кв. 56, г. Екатеринбург. Номер телефона контакта: 7-903-123-45-67.""",1
"""13. ""Новый пользователь: Johnson Michael, email: mj@mail.com, пароль: password123.""",1
"""14. ""Подтверждение оплаты заказа. Номер платежа: 9876543210987654, сумма: $50.00 USD.""",1
"""15. ""Заявка на вакансию от Ivanov Ivan. Номер телефона: +7-916-543-21-09, email: iiv@mail.com.""",1
"""16. ""Новый клиент: Brown David, адрес: 789 Pine St, Anytown, USA. Номер телефона: 555-123-4567.""",1
"""17. ""Подтверждение бронирования билета. ФИО: Petrovich Maria, номер билета: 1234567890, дата вылета: 05.05.2023.""",1
"""18. ""Заказ на доставку на пр. Мира, 55, кв. 321, г. Новосибирск. Номер телефона контакта: 8-905-123-45-67.""",1
"""19. ""Новый пользователь: Wilson Emily, email: ew@mail.com, пароль: Qwerty123!.""",1
"""20. ""Подтверждение оплаты счета. Номер карты: 9876 5432 1098 7654, сумма: £100.00 GBP.""",1
"""21. ""Заказ на доставку на ул. Строителей, 8, кв. 123, г. Челябинск. Номер телефона контакта: 7-908-123-45-67.""",1
"""22. ""Новый пользователь: Anderson David, email: ad@mail.com, пароль: Passw0rd.""",1
"""23. ""Подтверждение оплаты заказа. Номер платежа: 4567890123456789, сумма: 750 руб.""",1
"""24. ""Заявка на прием к врачу от Ivanov Ivan. Полис ОМС: 1234 5678 9012 3456, дата рождения: 01.01.1985.""",1
"""25. ""Новый клиент: Martinez Juan, адрес: 321 Elm St, Anytown, USA. Номер телефона: +1-555-246-8023.""",1
"""26. ""Подтверждение оплаты счета. Номер карты: 1111 2222 3333 4444, сумма: €50.00 EUR.""",1
"""27. ""Новый пользователь: Lee Minji, email: lm@mail.com, пароль: Mj123456.""",1
"""28. ""Заказ на доставку на ул. Советская, 20, кв. 456, г. Омск. Номер телефона контакта: 8-910-123-45-67.""",1
"""29. ""Подтверждение оплаты заказа. Номер платежа: 6549872310654987, сумма: 3000 руб.""",1
"""30. ""Новый пользователь: Patel Raj, email: rp@mail.com, пароль: Raj1234.""",1
"""31. ""Заявка на вакансию от Petrovich Ivan. Номер телефона: +7-911-567-89-01, email: ip@mail.com.""",1
"""32. ""Новый клиент: Rodriguez Maria, адрес: 678 Maple St, Anytown, USA. Номер телефона: 555-357-9864.""",1
"""33. ""Подтверждение бронирования отеля. ФИО: Smith John, номер комнаты: 401, дата заезда: 15.05.2023.""",1
"""34. ""Заказ на доставку на пр. Победы, 10, кв. 789, г. Красноярск. Номер телефона контакта: 8-906-123-45-67.""",1
"""35. ""Новый пользователь: Chen Li, email: cl@mail.com, пароль: L1234567.""",1
"""36. ""Подтверждение оплаты счета. Номер карты: 5555 5555 5555 4444, сумма: £75.00 GBP.""",1
"""37. ""Заказ на доставку на ул. Комсомольская, 15, кв. 321, г. Ижевск. Номер телефона контакта: 7-907-123-45-67.""",1
"""38. ""Новый пользователь: Kim Jihoon, email: kjh@mail.com, пароль: J1234567.""",1
"""39. ""Подтверждение оплаты заказа. Номер платежа: 2468024680246802, сумма: 2500 руб.""",1
"""40. ""Заявка на прием к врачу от Petrovich Maria. Полис ОМС: 9876 5432 1098 7654, дата рождения: 01.01.1990.""",1
"""41. ""Новый клиент: Martin Carlos, адрес: 9876 Oak Rd, Anytown, USA. Номер телефона: +1-555-468-2401.""",1
"""42. ""Подтверждение оплаты счета. Номер карты: 9999 9999 9999 8888, сумма: $150.00 USD.""",1
"""43. ""Новый пользователь: Singh Raj, email: rs@mail.com, пароль: Rs123456.""",1
"""44. ""Заказ на доставку на ул. Лермонтова, 22, кв. 654, г. Воронеж. Номер телефона контакта: 8-912-123-45-67.""",1
"""45. ""Подтверждение оплаты заказа. Номер платежа: 7894561230789456, сумма: 1500 руб.""",1
"""46. ""Новый пользователь: Wang Meiling, email: mwl@mail.com, пароль: M1234567.""",1
"""47. ""Заявка на вакансию от Ivanov Ivan. Номер телефона: +7-916-789-45-62, email: iiv@mail.com.""",1
"""48. ""Новый клиент: Johnson Michael, адрес: 135 Birch St, Anytown, USA. Номер телефона: 555-567-8901.""",1
"""49. ""Подтверждение бронирования билета. ФИО: Petrovich Maria, номер билета: 9876543210, дата вылета: 10.06.2023.""",1
"""50. ""Заказ на доставку на пр. Фрунзе, 55, кв. 246, г. Самара. Номер телефона контакта: 8-909-123-45-67.""",1
""". ""Новый заказ от Иванова Ивана Ивановича, адрес: ул. Мира, 12, кв. 3, г. Москва. Номер телефона для связи: +7-916-123-45-67.""",1
"""2. ""Подтверждение оплаты. Номер платежа: 1234567890123456, сумма: 5000 руб.""",1
"""3. ""Заявка на кредит от Сидоровой Анны Александровны. Паспорт: 4501 123456, СНИЛС: 123-456-789 00.""",1
"""4. ""Новый пользователь: Петров Петр Петрович, email: pp@mail.com, пароль: qwerty123.""",1
"""5. ""Доставка заказа на ул. Пушкина, 15, кв. 78, г. Санкт-Петербург. Номер телефона контакта: 8-900-123-45-67.""",1
"""6. ""Подтверждение бронирования отеля. ФИО: Кузнецов Сергей Васильевич, номер комнаты: 302, дата заезда: 01.01.2023.""",1
"""7. ""Заявка на прием к врачу от Морозовой Елены Владимировны. Полис ОМС: 0000 00000000000001, дата рождения: 01.01.1980.""",1
"""8. ""Новый клиент: Ivanov Ivan, адрес: 123 Main St, Anytown, USA. Номер телефона: 555.123.4567.""",1
"""9. ""Подтверждение оплаты счета. Номер карты: 1234 5678 9012 3456, сумма: $100.00 USD.""",1
"""10. ""Новый заказ от Smith John, адрес: 456 Oak St, Anytown, USA. Номер телефона: +1-555-987-6543.""",1
"""11. ""Подтверждение регистрации на семинар. ФИО: Petrovich Ivan, email: ip@mail.com, номер телефона: 8-911-123-45-67.""",1
"""12. ""Заказ на доставку на ул. Ленина, 22, кв. 56, г. Екатеринбург. Номер телефона контакта: 7-903-123-45-67.""",1
"""13. ""Новый пользователь: Johnson Michael, email: mj@mail.com, пароль: password123.""",1
"""14. ""Подтверждение оплаты заказа. Номер платежа: 9876543210987654, сумма: $50.00 USD.""",1
"""15. ""Заявка на вакансию от Ivanov Ivan. Номер телефона: +7-916-543-21-09, email: iiv@mail.com.""",1
"""16. ""Новый клиент: Brown David, адрес: 789 Pine St, Anytown, USA. Номер телефона: 555-123-4567.""",1
"""17. ""Подтверждение бронирования билета. ФИО: Petrovich Maria, номер билета: 1234567890, дата вылета: 05.05.2023.""",1
"""18. ""Заказ на доставку на пр. Мира, 55, кв. 321, г. Новосибирск. Номер телефона контакта: 8-905-123-45-67.""",1
"""19. ""Новый пользователь: Wilson Emily, email: ew@mail.com, пароль: Qwerty123!.""",1
"""20. ""Подтверждение оплаты счета. Номер карты: 9876 5432 1098 7654, сумма: £100.00 GBP.""",1
"""21. ""Заказ на доставку на ул. Строителей, 8, кв. 123, г. Челябинск. Номер телефона контакта: 7-908-123-45-67.""",1
"""22. ""Новый пользователь: Anderson David, email: ad@mail.com, пароль: Passw0rd.""",1
"""23. ""Подтверждение оплаты заказа. Номер платежа: 4567890123456789, сумма: 750 руб.""",1
"""24. ""Заявка на прием к врачу от Ivanov Ivan. Полис ОМС: 1234 5678 9012 3456, дата рождения: 01.01.1985.""",1
"""25. ""Новый клиент: Martinez Juan, адрес: 321 Elm St, Anytown, USA. Номер телефона: +1-555-246-8023.""",1
"""26. ""Подтверждение оплаты счета. Номер карты: 1111 2222 3333 4444, сумма: €50.00 EUR.""",1
"""27. ""Новый пользователь: Lee Minji, email: lm@mail.com, пароль: Mj123456.""",1
"""28. ""Заказ на доставку на ул. Советская, 20, кв. 456, г. Омск. Номер телефона контакта: 8-910-123-45-67.""",1
"""29. ""Подтверждение оплаты заказа. Номер платежа: 6549872310654987, сумма: 3000 руб.""",1
"""30. ""Новый пользователь: Patel Raj, email: rp@mail.com, пароль: Raj1234.""",1
"""31. ""Заявка на вакансию от Petrovich Ivan. Номер телефона: +7-911-567-89-01, email: ip@mail.com.""",1
"""32. ""Новый клиент: Rodriguez Maria, адрес: 678 Maple St, Anytown, USA. Номер телефона: 555-357-9864.""",1
"""33. ""Подтверждение бронирования отеля. ФИО: Smith John, номер комнаты: 401, дата заезда: 15.05.2023.""",1
"""34. ""Заказ на доставку на пр. Победы, 10, кв. 789, г. Красноярск. Номер телефона контакта: 8-906-123-45-67.""",1
"""35. ""Новый пользователь: Chen Li, email: cl@mail.com, пароль: L1234567.""",1
"""36. ""Подтверждение оплаты счета. Номер карты: 5555 5555 5555 4444, сумма: £75.00 GBP.""",1
"""37. ""Заказ на доставку на ул. Комсомольская, 15, кв. 321, г. Ижевск. Номер телефона контакта: 7-907-123-45-67.""",1
"""38. ""Новый пользователь: Kim Jihoon, email: kjh@mail.com, пароль: J1234567.""",1
"""39. ""Подтверждение оплаты заказа. Номер платежа: 2468024680246802, сумма: 2500 руб.""",1
"""40. ""Заявка на прием к врачу от Petrovich Maria. Полис ОМС: 9876 5432 1098 7654, дата рождения: 01.01.1990.""",1
"""41. ""Новый клиент: Martin Carlos, адрес: 9876 Oak Rd, Anytown, USA. Номер телефона: +1-555-468-2401.""",1
"""42. ""Подтверждение оплаты счета. Номер карты: 9999 9999 9999 8888, сумма: $150.00 USD.""",1
"""43. ""Новый пользователь: Singh Raj, email: rs@mail.com, пароль: Rs123456.""",1
"""44. ""Заказ на доставку на ул. Лермонтова, 22, кв. 654, г. Воронеж. Номер телефона контакта: 8-912-123-45-67.""",1
"""45. ""Подтверждение оплаты заказа. Номер платежа: 7894561230789456, сумма: 1500 руб.""",1
"""46. ""Новый пользователь: Wang Meiling, email: mwl@mail.com, пароль: M1234567.""",1
"""47. ""Заявка на вакансию от Ivanov Ivan. Номер телефона: +7-916-789-45-62, email: iiv@mail.com.""",1
"""48. ""Новый клиент: Johnson Michael, адрес: 135 Birch St, Anytown, USA. Номер телефона: 555-567-8901.""",1
"""49. ""Подтверждение бронирования билета. ФИО: Petrovich Maria, номер билета: 9876543210, дата вылета: 10.06.2023.""",1
"""50. ""Заказ на доставку на пр. Фрунзе, 55, кв. 246, г. Самара. Номер телефона контакта: 8-909-123-45-67.""",1
"""1. ""Покупка успешно совершена! Ваш заказ будет доставлен по адресу: ул. Lennon, 22, кв. 3, г. Москва, 123456.""",1
"""2. ""Номер вашего заказа: 12345, для отслеживания вы можете использовать номер телефона: +7-987-654-3210.""",1
"""3. ""Для завершения регистрации, пожалуйста, подтвердите свой адрес электронной почты: [ivanov@example.com](mailto:ivanov@example.com).""",1
"""4. ""Введите данные вашей карты: номер 1234-5678-9012-3456, срок действия 12/25, CVV 123.""",1
"""5. ""Ваш паспортный номер: 4567 891234, пожалуйста, укажите также ваш адрес регистрации: ул. Pushkin, 78, г. Санкт-Петербург.""",1
"""6. ""Спасибо за заявку на кредит! Мы свяжемся с вами по телефону: 8-911-765-4321, для обсуждения деталей.""",1
"""7. ""Ваш почтовый адрес: ул. Tolstoy, 45, кв. 2B, г. Москва, 101000.""",1
"""8. ""Номер вашего заказа: 654321, для оплаты используйте карту с номером: 9876-5432-1098-7654.""",1
"""9. ""Для получения бонуса, пожалуйста, представьте ваш клубный карточный номер: 123456789.""",1
"""10. ""Ваш личный идентификатор аккаунта: Ivanov_I123, для смены пароля перейдите по ссылке.""",1
"""11. ""Укажите адрес вашего почтового отделения: 123456, ул. Dostoevsky, 90, г. Санкт-Петербург.""",1
"""12. ""Для получения скидки, воспользуйтесь промокодом: SUMMER2022 на оплату картой с номером: 1234-5678-9012-3456.""",1
"""13. ""Ваш IBAN номер: RU89 0445 2573 2001 1234 5678, пожалуйста, используйте его для международных переводов.""",1
"""14. ""Номер вашей заявки на визу: 987654, для подтверждения предоставите копию паспорта с номером: 1234567890.""",1
"""15. ""Ваш PIN-код для карты: 1234, пожалуйста, храните его в safety.""",1
"""16. ""Для получения билета, пожалуйста, покажите ваш электронный билет с номером: 123-456-789-012.""",1
"""17. ""Ваш идентификатор налогоплательщика: 789-456-123456, пожалуйста, укажите его в декларации.""",1
"""18. ""Для получения письма, пожалуйста, предъявите удостоверение личности с номером: 1010101.""",1
"""19. ""Ваш номер социальной карты: 123456789, пожалуйста, используйте его для оплаты проезда.""",1
"""20. ""Для подтверждения регистрации, перейдите по ссылке из письма, отправленного на адрес: [petrov@mail.ru](mailto:petrov@mail.ru).""",1
"""21. ""Номер вашей бронь: 65432, для оплаты используйте карту с номером: 9876-5432-1098-7654.""",1
"""22. ""Ваш номер удостоверения водителя: 987654321, пожалуйста, укажите также ваш адрес: ул. Pushkin, 78, г. Санкт-Петербург.""",1
"""23. ""Спасибо за покупку! Ваш чек: 1234567890, пожалуйста, сохраните его для налогового вычета.""",1
"""24. ""Для получения скидки, используйте код: Ivanov_I123 при оплате картой с номером: 1234-5678-9012-3456.""",1
"""25. ""Ваш номер медицинского полиса: 123-456-789012, пожалуйста, предъявите его при посещении поликлиники.""",1
"""26. ""Номер вашей заявки на регистрацию: 123456, для завершения процесса, пожалуйста, посетите наш офис по адресу: ул. Gogol, 12, г. Москва.""",1
"""27. ""Ваш номер свидетельства о регистрации: 789-456-12345, пожалуйста, укажите его в анкете.""",1
"""28. ""Для получения бонуса, воспользуйтесь кодом: Sidorov_S654 при оплате картой с номером: 9876-5432-1098-7654.""",1
"""29. ""Ваш номер страхового полиса: 1234-5678-9012-3456, пожалуйста, сохраните его для будущих обращений.""",1
"""30. ""Номер вашего заказа: 654321, для отслеживания используйте номер телефона: 555.123.4567.""",1
"""31. ""Ваш личный код клиента: Kuprin_K789, пожалуйста, используйте его для получения скидок.""",1
"""32. ""Для получения письма, пожалуйста, предъявите удостоверение личности с номером: 0987654321.""",1
"""33. ""Ваш номер членской карты: 987654321, пожалуйста, используйте его для оплаты в нашем магазине.""",1
"""34. ""Номер вашей заявки на регистрацию: 1234567, для завершения процесса, пожалуйста, посетите наш офис по адресу: ул. Tolstoy, 45, г. Санкт-Петербург.""",1
"""35. ""Ваш номер свидетельства о рождении: 1234567890, пожалуйста, укажите его в анкете.""",1
"""36. ""Для получения бонуса, воспользуйтесь кодом: Romanov_R567 при оплате картой с номером: 1234-5678-9012-3456.""",1
"""37. ""Ваш номер страхового полиса: 7894561230, пожалуйста, сохраните его для будущих обращений.""",1
"""38. ""Номер вашего заказа: 987654, для оплаты используйте карту с номером: 9876-5432-1098-7654.""",1
"""39. ""Ваш личный код клиента: Pushkin_P321, пожалуйста, используйте его для получения скидок.""",1
"""40. ""Для получения письма, пожалуйста, предъявите удостоверение личности с номером: 1234567890.""",1
"""41. ""Ваш номер членской карты: 876543219, пожалуйста, используйте его для оплаты в нашем магазине.""",1
"""42. ""Номер вашей заявки на визу: 456789, для подтверждения предоставите копию паспорта с номером: 0123456789.""",1
"""43. ""Ваш PIN-код для карты: 4321, пожалуйста, храните его в safety.""",1
"""44. ""Для получения билета, пожалуйста, покажите ваш электронный билет с номером: 12345-67890-12345.""",1
"""45. ""Ваш идентификатор налогоплательщика: 0987654321, пожалуйста, укажите его в декларации.""",1
"""46. ""Для получения письма, пожалуйста, предъявите удостоверение личности с номером: 9876543210.""",1
"""47. ""Ваш номер социальной карты: 1234567890, пожалуйста, используйте его для оплаты проезда.""",1
"""48. ""Для подтверждения регистрации, перейдите по ссылке из письма, отправленного на адрес: [sidorova@yandex.ru](mailto:sidorova@yandex.ru).""",1
"""49. ""Номер вашей бронь: 123456, для оплаты используйте карту с номером: 1234-5678-9012-3456.""",1
"""50. ""Ваш номер удостоверения водителя: 1234567890, пожалуйста, укажите также ваш адрес: ул. Dostoevsky, 90, г. Санкт-Петербург.""",1
"""1. ""Заказ оформлен на имя Иванова Ивана Ивановича, адрес доставки: ул. Ленина, 15, кв. 70, г. Москва.""",1
"""2. ""Номер вашего заказа: 123456, статус: Ожидает оплаты.""",1
"""3. ""Для активации карты позвоните на горячую линию: 8-800-555-35-35, номер карты: 1234 5678 9012 3456.""",1
"""4. ""Ваш паспорт получен, данные для проверки: серия 4509, номер 123456, выдан 01.01.2020 г.""",1
"""5. ""Номер вашего билета на поезд: 789-12-345, отправление: 10.01.2023, из Москвы в Санкт-Петербург.""",1
"""6. ""Номер вашего полиса ОСАГО: АА11111101, действует до 01.01.2024.""",1
"""7. ""Спасибо за покупку! Номер вашего заказа: 654321, сумма: 5000 руб., адрес доставки: ул. Мира, 12, кв. 23, г. Санкт-Петербург.""",1
"""8. ""Ваш заказ отменен, номер заказа: 246802, причины: неверный адрес доставки.""",1
"""9. ""Для получения скидки введите промо-код: SAVE10 в корзине при оформлении заказа.""",1
"""10. ""Ваш заказ оплачен, номер заказа: 135790, сумма: 7500 руб., номер карты: **** **** **** 1234.""",1
"""11. ""Для регистрации на сайте введите ваш email: ivanov@mail.ru и придумайте пароль.""",1
"""12. ""Номер вашего лицевого счета: 123456789, остаток средств: 1500 руб.""",1
"""13. ""Ваш заказ доставлен, адрес: ул. Пушкина, 10, кв. 45, г. Москва, номер отслеживания: 1Z99999999RU.""",1
"""14. ""Для получения справки обратитесь в отдел кадров, паспортные данные: Иванов Иван Иванович, серия 4509, номер 123456.""",1
"""15. ""Номер вашего счета в банке: 40817810000000012345, остаток средств: 250000 руб.""",1
"""16. ""Ваш заказ на сумму 3000 руб. отправлен на почту: ivanov@yandex.ru.""",1
"""17. ""Номер вашего заказа: 987654, статус: Отменен.""",1
"""18. ""Для подтверждения заказа введите код, полученный в SMS: 123456 на номер: +7-917-123-45-67.""",1
"""19. ""Ваш заказ оплачен картой, номер карты: 1234 5678 9012 3456, CVV: 123.""",1
"""20. ""Номер вашего заказа: 111213, статус: В процессе, адрес доставки: ул. Советская, 22, кв. 68, г. Екатеринбург.""",1
"""21. ""Для получения билета на концерт предъявите паспорт: Иванов Иван Иванович, серия 4509, номер 123456.""",1
"""22. ""Номер вашего заказа: 147258, статус: Возврат средств, сумма: 5000 руб., номер карты: **** **** **** 1234.""",1
"""23. ""Для получения бонуса введите промо-код: BONUS100 в личном кабинете.""",1
"""24. ""Номер вашего заказа: 21092021, статус: Готов к выдаче, адрес доставки: ул. Советская, 33, кв. 56, г. Новосибирск.""",1
"""25. ""Ваш заказ оплачен наличными, сумма: 10000 руб., номер заказа: 654987.""",1
"""26. ""Для получения почтового отправления предъявите паспорт: Сидоров Петр Петрович, серия 3456, номер 987654.""",1
"""27. ""Номер вашего заказа: 135792, статус: В процессе, адрес доставки: ул. Победы, 12, кв. 34, г. Красноярск.""",1
"""28. ""Для активации аккаунта перейдите по ссылке: https://example.com/activate/1234567890.""",1
"""29. ""Номер вашего заказа: 123456, статус: Доставлен, адрес: ул. Ленина, 15, кв. 70, г. Москва, номер отслеживания: 1Z99999999RU.""",1
"""30. ""Ваш заказ отменен, номер заказа: 654321, причины: неверный номер телефона.""",1
"""31. ""Для получения скидки введите промо-код: DISCOUNT50 в корзине при оформлении заказа.""",1
"""32. ""Номер вашего заказа: 135790, статус: Оплата ожидается, сумма: 7500 руб., номер карты: **** **** **** 1234.""",1
"""33. ""Для регистрации на сайте введите ваш email: petrov@mail.ru и придумайте пароль.""",1
"""34. ""Номер вашего лицевого счета: 987654321, остаток средств: 20000 руб.""",1
"""35. ""Ваш заказ доставлен, адрес: ул. Мира, 12, кв. 23, г. Санкт-Петербург, номер отслеживания: 1Z99999999RU.""",1
"""36. ""Для получения справки обратитесь в отдел кадров, паспортные данные: Петров Peteр Petrovich, серия 3456, номер 987654.""",1
"""37. ""Номер вашего счета в банке: 40817810000000098765, остаток средств: 1000000 руб.""",1
"""38. ""Ваш заказ на сумму 4500 руб. отправлен на почту: petrov@yandex.ru.""",1
"""39. ""Номер вашего заказа: 432109, статус: В процессе, адрес доставки: ул. Пушкина, 10, кв. 45, г. Москва.""",1
"""40. ""Для подтверждения заказа введите код, полученный в SMS: 654321 на номер: +7-916-123-45-67.""",1
"""41. ""Ваш заказ оплачен картой, номер карты: 9876 5432 1098 7654, CVV: 123.""",1
"""42. ""Номер вашего заказа: 111213, статус: Доставлен, адрес: ул. Советская, 22, кв. 68, г. Екатеринбург, номер отслеживания: 1Z99999999RU.""",1
"""43. ""Для получения билета на концерт предъявите паспорт: Петров Петр Петрович, серия 3456, номер 987654.""",1
"""44. ""Номер вашего заказа: 147258, статус: Возврат средств, сумма: 3000 руб., номер карты: **** **** **** 4321.""",1
"""45. ""Для получения бонуса введите промо-код: BONUS50 в личном кабинете.""",1
"""46. ""Номер вашего заказа: 21092021, статус: Готов к выдаче, адрес доставки: ул. Советская, 33, кв. 56, г. Новосибирск.""",1
"""47. ""Ваш заказ оплачен наличными, сумма: 20000 руб., номер заказа: 789456.""",1
"""48. ""Для получения почтового отправления предъявите паспорт: Иванов Иван Иванович, серия 4509, номер 123456.""",1
"""49. ""Номер вашего заказа: 135792, статус: В процессе, адрес доставки: ул. Победы, 12, кв. 34, г. Красноярск.""",1
"""50. ""Для активации аккаунта перейдите по ссылке: https://example.com/activate/21092021.""",1
"""1. Иван Петров успешно зарегистрировался на нашем сайте, используя email [ivan.petrov@example.com](mailto:ivan.petrov@example.com).""",1
"""2. Ваш заказ №123456 был успешно обработан. Датой доставки является 15.05.2023, адрес доставки: ул. Ленина, д. 10, кв. 5, г. Москва.""",1
"""3. Для завершения регистрации, пожалуйста, подтвердите свой номер телефона: +7 (999) 123-45-67.""",1
"""4. Номер вашей банковской карты 1234 5678 9012 3456 использовался для оплаты заказа №123456 на сумму 5000 рублей.""",1
"""5. Ваше резюме успешно отправлено на адрес hr@ example.com. Номер вашего заявления: HR20230515-123456.""",1
"""6. Привет, меня зовут Ольга Иванова, моя почта olga.ivanova@gmail.com. Давайте поговорим о нашей встрече в следующий понедельник.""",1
"""7. Уведомление о платеже: 10.05.2023, получатель: Иван Петров, номер счета: 40817810012345678901, сумма: 10000 рублей.""",1
"""8. Для получения доступа к вашему аккаунту, пожалуйста, введите ваш логин и пароль: логин - user123, пароль - securepassword123.""",1
"""9. Уважаемый Александр Сергеев, ваш паспорт был успешно проверен. Номер паспорта: 45 05 №123456, выдан 15.05.2015 отделом УФМС России по г. Москве.""",1
"""10. Ваш заказ на доставку был подтвержден. Адрес назначения: ул. Мира, д. 20, кв. 7, г. Санкт-Петербург.""",1
"""11. Здравствуйте, меня зовут Анна Кузнецова. Мой номер телефона для связи - +7 (999) 111-22-33.""",1
"""12. Номер вашего заказа: 123456, дата оплаты: 15.05.2023, сумма оплаты: 3500 рублей, номер карты: **** **** **** 1234.""",1
"""13. ОльгаIvanova@gmail.com - это мой основной адрес электронной почты. Пожалуйста, отправьте туда подробности.""",1
"""14. Ваш заказ №123456 был успешно доставлен по адресу: ул. Победы, д. 30, кв. 8, г. Екатеринбург.""",1
"""15. Для подтверждения вашей личности, пожалуйста, предоставьте копию паспорта или водительского удостоверения. Номер документа: 45 05 №123456.""",1
"""16. Уважаемый пользователь, ваш аккаунт был заблокирован из-за подозрительной активности. Для разблокировки свяжитесь с нами по адресу support@example.com или по номеру телефона +7 (495) 123-45-67.""",1
"""17. Номер вашего полиса обязательного медицинского страхования: 123-456-789-012. Действителен до 31.12.2023.""",1
"""18. Для завершения регистрации, пожалуйста, введите код подтверждения, отправленный на ваш номер телефона: +7 (999) 123-45-67.""",1
"""19. Ваш заказ №123456 был успешно обработан. Сумма оплаты: 5000 рублей, номер карты: **** **** **** 1234.""",1
"""20. Уважаемый пользователь, ваш заказ №123456 был отменен. Причина отмены: нехватка товара на складе.""",1
"""21. Для получения дополнительной информации, пожалуйста, свяжитесь с нашим отделом поддержки по адресу support@example.com или по телефону +7 (495) 123-45-67.""",1
"""22. Номер вашего заказа: 123456, дата отгрузки: 15.05.2023, адрес доставки: ул. Советская, д. 15, кв. 3, г. Новосибирск.""",1
"""23. Здравствуйте, меня зовут Дмитрий Смирнов. Мой номер телефона для связи - +7 (999) 555-66-77.""",1
"""24. Номер вашего заказа: 123456, дата оплаты: 15.05.2023, сумма оплаты: 2500 рублей, номер карты: **** **** **** 5678.""",1
"""25. Для получения доступа к вашему аккаунту, пожалуйста, введите ваш логин и пароль: логин - user789, пароль - securepassword789.""",1
"""26. Ваш заказ №123456 был успешно доставлен по адресу: ул. Пушкина, д. 25, кв. 12, г. Москва.""",1
"""27. Уважаемый пользователь, ваш заказ №123456 был отменен из-за нехватки товара на складе.""",1
"""28. Для завершения регистрации, пожалуйста, подтвердите свой номер телефона: +7 (999) 999-88-77.""",1
"""29. Номер вашего полиса обязательного медицинского страхования: 987-654-321-098. Действителен до 31.12.2023.""",1
"""30. Ваш заказ №123456 был успешно обработан. Сумма оплаты: 3000 рублей, номер карты: **** **** **** 9012.""",1
"""31. Привет, меня зовут Елена Сидорова, моя почта elena.sidorova@mail.ru. Давайте обсудим наш проект в следующем месяце.""",1
"""32. Номер вашего заказа: 123456, дата отгрузки: 15.05.2023, адрес доставки: ул. Советская, д. 15, кв. 3, г. Новосибирск.""",1
"""33. Здравствуйте, меня зовут Анастасия Петрова. Мой номер телефона для связи - +7 (999) 333-44-55.""",1
"""34. Номер вашего заказа: 123456, дата оплаты: 15.05.2023, сумма оплаты: 4500 рублей, номер карты: **** **** **** 2345.""",1
"""35. Для получения доступа к вашему аккаунту, пожалуйста, введите ваш логин и пароль: логин - user456, пароль - securepassword456.""",1
"""36. Ваш заказ №123456 был успешно доставлен по адресу: ул. Ленина, д. 10, кв. 5, г. Москва.""",1
"""37. Уважаемый пользователь, ваш заказ №123456 был отменен из-за технических проблем на складе.""",1
"""38. Для завершения регистрации, пожалуйста, подтвердите свой номер телефона: +7 (999) 777-66-55.""",1
"""39. Номер вашего заказа: 123456, дата оплаты: 15.05.2023, сумма оплаты: 6000 рублей, номер карты: **** **** **** 6789.""",1
"""40. Ваш заказ №123456 был успешно обработан. Датой доставки является 15.05.2023, адрес доставки: ул. Мира, д. 20, кв. 7, г. Санкт-Петербург.""",1
"""41. Привет, меня зовут Максим Кузовлев, моя почта max.kuzovlev@gmail.com. Давайте обсудим наш проект в следующем месяце.""",1
"""42. Номер вашего заказа: 123456, дата отгрузки: 15.05.2023, адрес доставки: ул. Победы, д. 30, кв. 8, г. Екатеринбург.""",1
"""43. Здравствуйте, меня зовут Татьяна Иванова. Мой номер телефона для связи - +7 (999) 222-33-44.""",1
"""44. Номер вашего заказа: 123456, дата оплаты: 15.05.2023, сумма оплаты: 5500 рублей, номер карты: **** **** **** 0123.""",1
"""45. Для получения доступа к вашему аккаунту, пожалуйста, введите ваш логин и пароль: логин - user101, пароль - securepassword101.""",1
"""46. Ваш заказ №123456 был успешно доставлен по адресу: ул. Пушкина, д. 25, кв. 12, г. Москва.""",1
"""47. Уважаемый пользователь, ваш заказ №123456 был отменен из-за нехватки товара на складе.""",1
"""48. Для завершения регистрации, пожалуйста, подтвердите свой номер телефона: +7 (999) 444-33-22.""",1
"""49. Номер вашего полиса обязательного медицинского страхования: 123-456-789-123. Действителен до 31.12.2023.""",1
"""50. Ваш заказ №123456 был успешно обработан. Сумма оплаты: 7000 рублей, номер карты: **** **** **** 5678.""",1
"""1. ""Счет на сумму 5000 рублей отправлен на адрес: улица Ленина, 22, Москва, 123456.""",1
"""2. ""Номер вашей кредитной карты для оплаты заказа: 1234-5678-9012-3456.""",1
"""3. ""Извините, я ошибся в адресе. Нужно было ввести: проспект Мира, дом 100, Санкт-Петербург, 191000.""",1
"""4. ""Контактный номер телефона: +7-911-123-4567.""",1
"""5. ""Наш новый сотрудник: Иван Иванов, паспорт 1234 567890, адрес регистрации: улица Победы, 33, Новосибирск, 630000.""",1
"""6. ""Ваш логин для входа в личный кабинет: ivan.ivanov@email.com.""",1
"""7. ""Номер социального страхования: 987-65-4321.""",1
"""8. ""Пожалуйста, укажите ваш адрес доставки: улица Советская, 15, Екатеринбург, 620000.""",1
"""9. ""Для подтверждения заказа, пожалуйста, отправьте код, полученный по SMS на номер +7-911-123-4567.""",1
"""10. ""Ваш заказ будет доставлен по адресу: проспект Строителей, 25, Владивосток, 690000.""",1
"""11. ""Номер банковского счета для перевода: 40817810123456789012.""",1
"""12. ""Ваш заказ на сумму 7500 рублей был успешно оплачен с карты VISA 1234-5678-9012-3456.""",1
"""13. ""Пожалуйста, проверьте правильность введенной информации: имя - Анна Сергеева, адрес - улица Щорса, 17, Нижний Новгород, 603000.""",1
"""14. ""Номер вашего заказа: 1234567890.""",1
"""15. ""Спасибо за регистрацию, ваш логин: natalya.sidorova@email.com.""",1
"""16. ""Для связи с нами, позвоните по номеру: 8-800-123-4567.""",1
"""17. ""Адрес регистрации: улица Чкалова, 20, Самара, 443000.""",1
"""18. ""Номер вашего заказа: 9876543210.""",1
"""19. ""Заказ будет отправлен по адресу: улица Дзержинского, 30, Ростов-на-Дону, 344000.""",1
"""20. ""Номер вашей карты: 5555-5555-5555-5555.""",1
"""21. ""Спасибо за покупку! Ваш заказ будет доставлен по адресу: улица 8 Марта, 12, Омск, 644000.""",1
"""22. ""Для изменения данных в вашем профиле, свяжитесь с нами по адресу: support@ourwebsite.com.""",1
"""23. ""Ваш заказ был успешно оплачен с карты MasterCard 1234-5678-9012-3456.""",1
"""24. ""Адрес вашего банка: улица Калашникова, 15, Красноярск, 660000.""",1
"""25. ""Ваш заказ № 1234567890 успешно оплачен. Спасибо за покупку!""",1
"""26. ""Для связи с нами, используйте адрес: info@ourwebsite.com или позвоните по номеру: 8-800-123-4567.""",1
"""27. ""Ваш заказ на сумму 3500 рублей был успешно оплачен с карты Maestro 1234-5678-9012-3456.""",1
"""28. ""Адрес регистрации: улица Победы, 50, Челябинск, 454000.""",1
"""29. ""Для получения дополнительной информации, свяжитесь с нами по адресу: support@ourwebsite.com.""",1
"""30. ""Ваш заказ № 9876543210 был успешно оплачен. Спасибо за покупку!""",1
"""31. ""Контактный номер телефона: 555.123.4567.""",1
"""32. ""Адрес регистрации: улица 50 лет Октября, 25, Пермь, 614000.""",1
"""33. ""Ваш заказ на сумму 6000 рублей был успешно оплачен с карты Visa 1234-5678-9012-3456.""",1
"""34. ""Номер вашего заказа: 111122223333.""",1
"""35. ""Для связи с нами, воспользуйтесь адресом: info@ourwebsite.com или позвоните по номеру: 8-800-123-4567.""",1
"""36. ""Ваш заказ № 4567891230 был успешно оплачен. Спасибо за покупку!""",1
"""37. ""Номер вашей карты: 5555 5555 5555 5555.""",1
"""38. ""Для связи с нами, используйте адрес: support@ourwebsite.com или позвоните по номеру: 8-800-123-4567.""",1
"""39. ""Ваш заказ на сумму 4500 рублей был успешно оплачен с карты American Express 1234-5678-9012-3456.""",1
"""40. ""Адрес регистрации: улица Советская, 10, Уфа, 450000.""",1
"""41. ""Для получения дополнительной информации, свяжитесь с нами по адресу: support@ourwebsite.com.""",1
"""42. ""Ваш заказ № 2468024680 был успешно оплачен. Спасибо за покупку!""",1
"""43. ""Контактный номер телефона: +7-911-111-2233.""",1
"""44. ""Адрес регистрации: улица Луначарского, 33, Волгоград, 400000.""",1
"""45. ""Ваш заказ на сумму 5500 рублей был успешно оплачен с карты JCB 1234-5678-9012-3456.""",1
"""46. ""Для связи с нами, воспользуйтесь адресом: info@ourwebsite.com или позвоните по номеру: 8-800-123-4567.""",1
"""47. ""Ваш заказ № 3456789012 был успешно оплачен. Спасибо за покупку!""",1
"""48. ""Номер вашей карты: 5555 5555 5555 5555.""",1
"""49. ""Для связи с нами, используйте адрес: support@ourwebsite.com или позвоните по номеру: 8-800-123-4567.""",1
"""50. ""Ваш заказ на сумму 6500 рублей был успешно оплачен с карты Diners Club 1234-5678-9012-3456.""",1
""". ""Новый заказ от Иванова Ивана Ивановича, адрес: ул. Мира, 12, кв. 3, г. Москва. Номер телефона для связи: +7-916-123-45-67.""",1
"""2. ""Подтверждение оплаты. Номер платежа: 1234567890123456, сумма: 5000 руб.""",1
"""3. ""Заявка на кредит от Сидоровой Анны Александровны. Паспорт: 4501 123456, СНИЛС: 123-456-789 00.""",1
"""4. ""Новый пользователь: Петров Петр Петрович, email: pp@mail.com, пароль: qwerty123.""",1
"""5. ""Доставка заказа на ул. Пушкина, 15, кв. 78, г. Санкт-Петербург. Номер телефона контакта: 8-900-123-45-67.""",1
"""6. ""Подтверждение бронирования отеля. ФИО: Кузнецов Сергей Васильевич, номер комнаты: 302, дата заезда: 01.01.2023.""",1
"""7. ""Заявка на прием к врачу от Морозовой Елены Владимировны. Полис ОМС: 0000 00000000000001, дата рождения: 01.01.1980.""",1
"""8. ""Новый клиент: Ivanov Ivan, адрес: 123 Main St, Anytown, USA. Номер телефона: 555.123.4567.""",1
"""9. ""Подтверждение оплаты счета. Номер карты: 1234 5678 9012 3456, сумма: $100.00 USD.""",1
"""10. ""Новый заказ от Smith John, адрес: 456 Oak St, Anytown, USA. Номер телефона: +1-555-987-6543.""",1
"""11. ""Подтверждение регистрации на семинар. ФИО: Petrovich Ivan, email: ip@mail.com, номер телефона: 8-911-123-45-67.""",1
"""12. ""Заказ на доставку на ул. Ленина, 22, кв. 56, г. Екатеринбург. Номер телефона контакта: 7-903-123-45-67.""",1
"""13. ""Новый пользователь: Johnson Michael, email: mj@mail.com, пароль: password123.""",1
"""14. ""Подтверждение оплаты заказа. Номер платежа: 9876543210987654, сумма: $50.00 USD.""",1
"""15. ""Заявка на вакансию от Ivanov Ivan. Номер телефона: +7-916-543-21-09, email: iiv@mail.com.""",1
"""16. ""Новый клиент: Brown David, адрес: 789 Pine St, Anytown, USA. Номер телефона: 555-123-4567.""",1
"""17. ""Подтверждение бронирования билета. ФИО: Petrovich Maria, номер билета: 1234567890, дата вылета: 05.05.2023.""",1
"""18. ""Заказ на доставку на пр. Мира, 55, кв. 321, г. Новосибирск. Номер телефона контакта: 8-905-123-45-67.""",1
"""19. ""Новый пользователь: Wilson Emily, email: ew@mail.com, пароль: Qwerty123!.""",1
"""20. ""Подтверждение оплаты счета. Номер карты: 9876 5432 1098 7654, сумма: £100.00 GBP.""",1
"""21. ""Заказ на доставку на ул. Строителей, 8, кв. 123, г. Челябинск. Номер телефона контакта: 7-908-123-45-67.""",1
"""22. ""Новый пользователь: Anderson David, email: ad@mail.com, пароль: Passw0rd.""",1
"""23. ""Подтверждение оплаты заказа. Номер платежа: 4567890123456789, сумма: 750 руб.""",1
"""24. ""Заявка на прием к врачу от Ivanov Ivan. Полис ОМС: 1234 5678 9012 3456, дата рождения: 01.01.1985.""",1
"""25. ""Новый клиент: Martinez Juan, адрес: 321 Elm St, Anytown, USA. Номер телефона: +1-555-246-8023.""",1
"""26. ""Подтверждение оплаты счета. Номер карты: 1111 2222 3333 4444, сумма: €50.00 EUR.""",1
"""27. ""Новый пользователь: Lee Minji, email: lm@mail.com, пароль: Mj123456.""",1
"""28. ""Заказ на доставку на ул. Советская, 20, кв. 456, г. Омск. Номер телефона контакта: 8-910-123-45-67.""",1
"""29. ""Подтверждение оплаты заказа. Номер платежа: 6549872310654987, сумма: 3000 руб.""",1
"""30. ""Новый пользователь: Patel Raj, email: rp@mail.com, пароль: Raj1234.""",1
"""31. ""Заявка на вакансию от Petrovich Ivan. Номер телефона: +7-911-567-89-01, email: ip@mail.com.""",1
"""32. ""Новый клиент: Rodriguez Maria, адрес: 678 Maple St, Anytown, USA. Номер телефона: 555-357-9864.""",1
"""33. ""Подтверждение бронирования отеля. ФИО: Smith John, номер комнаты: 401, дата заезда: 15.05.2023.""",1
"""34. ""Заказ на доставку на пр. Победы, 10, кв. 789, г. Красноярск. Номер телефона контакта: 8-906-123-45-67.""",1
"""35. ""Новый пользователь: Chen Li, email: cl@mail.com, пароль: L1234567.""",1
"""36. ""Подтверждение оплаты счета. Номер карты: 5555 5555 5555 4444, сумма: £75.00 GBP.""",1
"""37. ""Заказ на доставку на ул. Комсомольская, 15, кв. 321, г. Ижевск. Номер телефона контакта: 7-907-123-45-67.""",1
"""38. ""Новый пользователь: Kim Jihoon, email: kjh@mail.com, пароль: J1234567.""",1
"""39. ""Подтверждение оплаты заказа. Номер платежа: 2468024680246802, сумма: 2500 руб.""",1
"""40. ""Заявка на прием к врачу от Petrovich Maria. Полис ОМС: 9876 5432 1098 7654, дата рождения: 01.01.1990.""",1
"""41. ""Новый клиент: Martin Carlos, адрес: 9876 Oak Rd, Anytown, USA. Номер телефона: +1-555-468-2401.""",1
"""42. ""Подтверждение оплаты счета. Номер карты: 9999 9999 9999 8888, сумма: $150.00 USD.""",1
"""43. ""Новый пользователь: Singh Raj, email: rs@mail.com, пароль: Rs123456.""",1
"""44. ""Заказ на доставку на ул. Лермонтова, 22, кв. 654, г. Воронеж. Номер телефона контакта: 8-912-123-45-67.""",1
"""45. ""Подтверждение оплаты заказа. Номер платежа: 7894561230789456, сумма: 1500 руб.""",1
"""46. ""Новый пользователь: Wang Meiling, email: mwl@mail.com, пароль: M1234567.""",1
"""47. ""Заявка на вакансию от Ivanov Ivan. Номер телефона: +7-916-789-45-62, email: iiv@mail.com.""",1
"""48. ""Новый клиент: Johnson Michael, адрес: 135 Birch St, Anytown, USA. Номер телефона: 555-567-8901.""",1
"""49. ""Подтверждение бронирования билета. ФИО: Petrovich Maria, номер билета: 9876543210, дата вылета: 10.06.2023.""",1
"""50. ""Заказ на доставку на пр. Фрунзе, 55, кв. 246, г. Самара. Номер телефона контакта: 8-909-123-45-67.""",1
""". ""Новый заказ от Иванова Ивана Ивановича, адрес: ул. Мира, 12, кв. 3, г. Москва. Номер телефона для связи: +7-916-123-45-67.""",1
"""2. ""Подтверждение оплаты. Номер платежа: 1234567890123456, сумма: 5000 руб.""",1
"""3. ""Заявка на кредит от Сидоровой Анны Александровны. Паспорт: 4501 123456, СНИЛС: 123-456-789 00.""",1
"""4. ""Новый пользователь: Петров Петр Петрович, email: pp@mail.com, пароль: qwerty123.""",1
"""5. ""Доставка заказа на ул. Пушкина, 15, кв. 78, г. Санкт-Петербург. Номер телефона контакта: 8-900-123-45-67.""",1
"""6. ""Подтверждение бронирования отеля. ФИО: Кузнецов Сергей Васильевич, номер комнаты: 302, дата заезда: 01.01.2023.""",1
"""7. ""Заявка на прием к врачу от Морозовой Елены Владимировны. Полис ОМС: 0000 00000000000001, дата рождения: 01.01.1980.""",1
"""8. ""Новый клиент: Ivanov Ivan, адрес: 123 Main St, Anytown, USA. Номер телефона: 555.123.4567.""",1
"""9. ""Подтверждение оплаты счета. Номер карты: 1234 5678 9012 3456, сумма: $100.00 USD.""",1
"""10. ""Новый заказ от Smith John, адрес: 456 Oak St, Anytown, USA. Номер телефона: +1-555-987-6543.""",1
"""11. ""Подтверждение регистрации на семинар. ФИО: Petrovich Ivan, email: ip@mail.com, номер телефона: 8-911-123-45-67.""",1
"""12. ""Заказ на доставку на ул. Ленина, 22, кв. 56, г. Екатеринбург. Номер телефона контакта: 7-903-123-45-67.""",1
"""13. ""Новый пользователь: Johnson Michael, email: mj@mail.com, пароль: password123.""",1
"""14. ""Подтверждение оплаты заказа. Номер платежа: 9876543210987654, сумма: $50.00 USD.""",1
"""15. ""Заявка на вакансию от Ivanov Ivan. Номер телефона: +7-916-543-21-09, email: iiv@mail.com.""",1
"""16. ""Новый клиент: Brown David, адрес: 789 Pine St, Anytown, USA. Номер телефона: 555-123-4567.""",1
"""17. ""Подтверждение бронирования билета. ФИО: Petrovich Maria, номер билета: 1234567890, дата вылета: 05.05.2023.""",1
"""18. ""Заказ на доставку на пр. Мира, 55, кв. 321, г. Новосибирск. Номер телефона контакта: 8-905-123-45-67.""",1
"""19. ""Новый пользователь: Wilson Emily, email: ew@mail.com, пароль: Qwerty123!.""",1
"""20. ""Подтверждение оплаты счета. Номер карты: 9876 5432 1098 7654, сумма: £100.00 GBP.""",1
"""21. ""Заказ на доставку на ул. Строителей, 8, кв. 123, г. Челябинск. Номер телефона контакта: 7-908-123-45-67.""",1
"""22. ""Новый пользователь: Anderson David, email: ad@mail.com, пароль: Passw0rd.""",1
"""23. ""Подтверждение оплаты заказа. Номер платежа: 4567890123456789, сумма: 750 руб.""",1
"""24. ""Заявка на прием к врачу от Ivanov Ivan. Полис ОМС: 1234 5678 9012 3456, дата рождения: 01.01.1985.""",1
"""25. ""Новый клиент: Martinez Juan, адрес: 321 Elm St, Anytown, USA. Номер телефона: +1-555-246-8023.""",1
"""26. ""Подтверждение оплаты счета. Номер карты: 1111 2222 3333 4444, сумма: €50.00 EUR.""",1
"""27. ""Новый пользователь: Lee Minji, email: lm@mail.com, пароль: Mj123456.""",1
"""28. ""Заказ на доставку на ул. Советская, 20, кв. 456, г. Омск. Номер телефона контакта: 8-910-123-45-67.""",1
"""29. ""Подтверждение оплаты заказа. Номер платежа: 6549872310654987, сумма: 3000 руб.""",1
"""30. ""Новый пользователь: Patel Raj, email: rp@mail.com, пароль: Raj1234.""",1
"""31. ""Заявка на вакансию от Petrovich Ivan. Номер телефона: +7-911-567-89-01, email: ip@mail.com.""",1
"""32. ""Новый клиент: Rodriguez Maria, адрес: 678 Maple St, Anytown, USA. Номер телефона: 555-357-9864.""",1
"""33. ""Подтверждение бронирования отеля. ФИО: Smith John, номер комнаты: 401, дата заезда: 15.05.2023.""",1
"""34. ""Заказ на доставку на пр. Победы, 10, кв. 789, г. Красноярск. Номер телефона контакта: 8-906-123-45-67.""",1
"""35. ""Новый пользователь: Chen Li, email: cl@mail.com, пароль: L1234567.""",1
"""36. ""Подтверждение оплаты счета. Номер карты: 5555 5555 5555 4444, сумма: £75.00 GBP.""",1
"""37. ""Заказ на доставку на ул. Комсомольская, 15, кв. 321, г. Ижевск. Номер телефона контакта: 7-907-123-45-67.""",1
"""38. ""Новый пользователь: Kim Jihoon, email: kjh@mail.com, пароль: J1234567.""",1
"""39. ""Подтверждение оплаты заказа. Номер платежа: 2468024680246802, сумма: 2500 руб.""",1
"""40. ""Заявка на прием к врачу от Petrovich Maria. Полис ОМС: 9876 5432 1098 7654, дата рождения: 01.01.1990.""",1
"""41. ""Новый клиент: Martin Carlos, адрес: 9876 Oak Rd, Anytown, USA. Номер телефона: +1-555-468-2401.""",1
"""42. ""Подтверждение оплаты счета. Номер карты: 9999 9999 9999 8888, сумма: $150.00 USD.""",1
"""43. ""Новый пользователь: Singh Raj, email: rs@mail.com, пароль: Rs123456.""",1
"""44. ""Заказ на доставку на ул. Лермонтова, 22, кв. 654, г. Воронеж. Номер телефона контакта: 8-912-123-45-67.""",1
"""45. ""Подтверждение оплаты заказа. Номер платежа: 7894561230789456, сумма: 1500 руб.""",1
"""46. ""Новый пользователь: Wang Meiling, email: mwl@mail.com, пароль: M1234567.""",1
"""47. ""Заявка на вакансию от Ivanov Ivan. Номер телефона: +7-916-789-45-62, email: iiv@mail.com.""",1
"""48. ""Новый клиент: Johnson Michael, адрес: 135 Birch St, Anytown, USA. Номер телефона: 555-567-8901.""",1
"""49. ""Подтверждение бронирования билета. ФИО: Petrovich Maria, номер билета: 9876543210, дата вылета: 10.06.2023.""",1
"""50. ""Заказ на доставку на пр. Фрунзе, 55, кв. 246, г. Самара. Номер телефона контакта: 8-909-123-45-67.""",1
""". ""Новый заказ от Иванова Ивана Ивановича, адрес: ул. Мира, 12, кв. 3, г. Москва. Номер телефона для связи: +7-916-123-45-67.""",1
"""2. ""Подтверждение оплаты. Номер платежа: 1234567890123456, сумма: 5000 руб.""",1
"""3. ""Заявка на кредит от Сидоровой Анны Александровны. Паспорт: 4501 123456, СНИЛС: 123-456-789 00.""",1
"""4. ""Новый пользователь: Петров Петр Петрович, email: pp@mail.com, пароль: qwerty123.""",1
"""5. ""Доставка заказа на ул. Пушкина, 15, кв. 78, г. Санкт-Петербург. Номер телефона контакта: 8-900-123-45-67.""",1
"""6. ""Подтверждение бронирования отеля. ФИО: Кузнецов Сергей Васильевич, номер комнаты: 302, дата заезда: 01.01.2023.""",1
"""7. ""Заявка на прием к врачу от Морозовой Елены Владимировны. Полис ОМС: 0000 00000000000001, дата рождения: 01.01.1980.""",1
"""8. ""Новый клиент: Ivanov Ivan, адрес: 123 Main St, Anytown, USA. Номер телефона: 555.123.4567.""",1
"""9. ""Подтверждение оплаты счета. Номер карты: 1234 5678 9012 3456, сумма: $100.00 USD.""",1
"""10. ""Новый заказ от Smith John, адрес: 456 Oak St, Anytown, USA. Номер телефона: +1-555-987-6543.""",1
"""11. ""Подтверждение регистрации на семинар. ФИО: Petrovich Ivan, email: ip@mail.com, номер телефона: 8-911-123-45-67.""",1
"""12. ""Заказ на доставку на ул. Ленина, 22, кв. 56, г. Екатеринбург. Номер телефона контакта: 7-903-123-45-67.""",1
"""13. ""Новый пользователь: Johnson Michael, email: mj@mail.com, пароль: password123.""",1
"""14. ""Подтверждение оплаты заказа. Номер платежа: 9876543210987654, сумма: $50.00 USD.""",1
"""15. ""Заявка на вакансию от Ivanov Ivan. Номер телефона: +7-916-543-21-09, email: iiv@mail.com.""",1
"""16. ""Новый клиент: Brown David, адрес: 789 Pine St, Anytown, USA. Номер телефона: 555-123-4567.""",1
"""17. ""Подтверждение бронирования билета. ФИО: Petrovich Maria, номер билета: 1234567890, дата вылета: 05.05.2023.""",1
"""18. ""Заказ на доставку на пр. Мира, 55, кв. 321, г. Новосибирск. Номер телефона контакта: 8-905-123-45-67.""",1
"""19. ""Новый пользователь: Wilson Emily, email: ew@mail.com, пароль: Qwerty123!.""",1
"""20. ""Подтверждение оплаты счета. Номер карты: 9876 5432 1098 7654, сумма: £100.00 GBP.""",1
"""21. ""Заказ на доставку на ул. Строителей, 8, кв. 123, г. Челябинск. Номер телефона контакта: 7-908-123-45-67.""",1
"""22. ""Новый пользователь: Anderson David, email: ad@mail.com, пароль: Passw0rd.""",1
"""23. ""Подтверждение оплаты заказа. Номер платежа: 4567890123456789, сумма: 750 руб.""",1
"""24. ""Заявка на прием к врачу от Ivanov Ivan. Полис ОМС: 1234 5678 9012 3456, дата рождения: 01.01.1985.""",1
"""25. ""Новый клиент: Martinez Juan, адрес: 321 Elm St, Anytown, USA. Номер телефона: +1-555-246-8023.""",1
"""26. ""Подтверждение оплаты счета. Номер карты: 1111 2222 3333 4444, сумма: €50.00 EUR.""",1
"""27. ""Новый пользователь: Lee Minji, email: lm@mail.com, пароль: Mj123456.""",1
"""28. ""Заказ на доставку на ул. Советская, 20, кв. 456, г. Омск. Номер телефона контакта: 8-910-123-45-67.""",1
"""29. ""Подтверждение оплаты заказа. Номер платежа: 6549872310654987, сумма: 3000 руб.""",1
"""30. ""Новый пользователь: Patel Raj, email: rp@mail.com, пароль: Raj1234.""",1
"""31. ""Заявка на вакансию от Petrovich Ivan. Номер телефона: +7-911-567-89-01, email: ip@mail.com.""",1
"""32. ""Новый клиент: Rodriguez Maria, адрес: 678 Maple St, Anytown, USA. Номер телефона: 555-357-9864.""",1
"""33. ""Подтверждение бронирования отеля. ФИО: Smith John, номер комнаты: 401, дата заезда: 15.05.2023.""",1
"""34. ""Заказ на доставку на пр. Победы, 10, кв. 789, г. Красноярск. Номер телефона контакта: 8-906-123-45-67.""",1
"""35. ""Новый пользователь: Chen Li, email: cl@mail.com, пароль: L1234567.""",1
"""36. ""Подтверждение оплаты счета. Номер карты: 5555 5555 5555 4444, сумма: £75.00 GBP.""",1
"""37. ""Заказ на доставку на ул. Комсомольская, 15, кв. 321, г. Ижевск. Номер телефона контакта: 7-907-123-45-67.""",1
"""38. ""Новый пользователь: Kim Jihoon, email: kjh@mail.com, пароль: J1234567.""",1
"""39. ""Подтверждение оплаты заказа. Номер платежа: 2468024680246802, сумма: 2500 руб.""",1
"""40. ""Заявка на прием к врачу от Petrovich Maria. Полис ОМС: 9876 5432 1098 7654, дата рождения: 01.01.1990.""",1
"""41. ""Новый клиент: Martin Carlos, адрес: 9876 Oak Rd, Anytown, USA. Номер телефона: +1-555-468-2401.""",1
"""42. ""Подтверждение оплаты счета. Номер карты: 9999 9999 9999 8888, сумма: $150.00 USD.""",1
"""43. ""Новый пользователь: Singh Raj, email: rs@mail.com, пароль: Rs123456.""",1
"""44. ""Заказ на доставку на ул. Лермонтова, 22, кв. 654, г. Воронеж. Номер телефона контакта: 8-912-123-45-67.""",1
"""45. ""Подтверждение оплаты заказа. Номер платежа: 7894561230789456, сумма: 1500 руб.""",1
"""46. ""Новый пользователь: Wang Meiling, email: mwl@mail.com, пароль: M1234567.""",1
"""47. ""Заявка на вакансию от Ivanov Ivan. Номер телефона: +7-916-789-45-62, email: iiv@mail.com.""",1
"""48. ""Новый клиент: Johnson Michael, адрес: 135 Birch St, Anytown, USA. Номер телефона: 555-567-8901.""",1
"""49. ""Подтверждение бронирования билета. ФИО: Petrovich Maria, номер билета: 9876543210, дата вылета: 10.06.2023.""",1
"""50. ""Заказ на доставку на пр. Фрунзе, 55, кв. 246, г. Самара. Номер телефона контакта: 8-909-123-45-67.""",1
""". ""Новый заказ от Иванова Ивана Ивановича, адрес: ул. Мира, 12, кв. 3, г. Москва. Номер телефона для связи: +7-916-123-45-67.""",1
"""2. ""Подтверждение оплаты. Номер платежа: 1234567890123456, сумма: 5000 руб.""",1
"""3. ""Заявка на кредит от Сидоровой Анны Александровны. Паспорт: 4501 123456, СНИЛС: 123-456-789 00.""",1
"""4. ""Новый пользователь: Петров Петр Петрович, email: pp@mail.com, пароль: qwerty123.""",1
"""5. ""Доставка заказа на ул. Пушкина, 15, кв. 78, г. Санкт-Петербург. Номер телефона контакта: 8-900-123-45-67.""",1
"""6. ""Подтверждение бронирования отеля. ФИО: Кузнецов Сергей Васильевич, номер комнаты: 302, дата заезда: 01.01.2023.""",1
"""7. ""Заявка на прием к врачу от Морозовой Елены Владимировны. Полис ОМС: 0000 00000000000001, дата рождения: 01.01.1980.""",1
"""8. ""Новый клиент: Ivanov Ivan, адрес: 123 Main St, Anytown, USA. Номер телефона: 555.123.4567.""",1
"""9. ""Подтверждение оплаты счета. Номер карты: 1234 5678 9012 3456, сумма: $100.00 USD.""",1
"""10. ""Новый заказ от Smith John, адрес: 456 Oak St, Anytown, USA. Номер телефона: +1-555-987-6543.""",1
"""11. ""Подтверждение регистрации на семинар. ФИО: Petrovich Ivan, email: ip@mail.com, номер телефона: 8-911-123-45-67.""",1
"""12. ""Заказ на доставку на ул. Ленина, 22, кв. 56, г. Екатеринбург. Номер телефона контакта: 7-903-123-45-67.""",1
"""13. ""Новый пользователь: Johnson Michael, email: mj@mail.com, пароль: password123.""",1
"""14. ""Подтверждение оплаты заказа. Номер платежа: 9876543210987654, сумма: $50.00 USD.""",1
"""15. ""Заявка на вакансию от Ivanov Ivan. Номер телефона: +7-916-543-21-09, email: iiv@mail.com.""",1
"""16. ""Новый клиент: Brown David, адрес: 789 Pine St, Anytown, USA. Номер телефона: 555-123-4567.""",1
"""17. ""Подтверждение бронирования билета. ФИО: Petrovich Maria, номер билета: 1234567890, дата вылета: 05.05.2023.""",1
"""18. ""Заказ на доставку на пр. Мира, 55, кв. 321, г. Новосибирск. Номер телефона контакта: 8-905-123-45-67.""",1
"""19. ""Новый пользователь: Wilson Emily, email: ew@mail.com, пароль: Qwerty123!.""",1
"""20. ""Подтверждение оплаты счета. Номер карты: 9876 5432 1098 7654, сумма: £100.00 GBP.""",1
"""21. ""Заказ на доставку на ул. Строителей, 8, кв. 123, г. Челябинск. Номер телефона контакта: 7-908-123-45-67.""",1
"""22. ""Новый пользователь: Anderson David, email: ad@mail.com, пароль: Passw0rd.""",1
"""23. ""Подтверждение оплаты заказа. Номер платежа: 4567890123456789, сумма: 750 руб.""",1
"""24. ""Заявка на прием к врачу от Ivanov Ivan. Полис ОМС: 1234 5678 9012 3456, дата рождения: 01.01.1985.""",1
"""25. ""Новый клиент: Martinez Juan, адрес: 321 Elm St, Anytown, USA. Номер телефона: +1-555-246-8023.""",1
"""26. ""Подтверждение оплаты счета. Номер карты: 1111 2222 3333 4444, сумма: €50.00 EUR.""",1
"""27. ""Новый пользователь: Lee Minji, email: lm@mail.com, пароль: Mj123456.""",1
"""28. ""Заказ на доставку на ул. Советская, 20, кв. 456, г. Омск. Номер телефона контакта: 8-910-123-45-67.""",1
"""29. ""Подтверждение оплаты заказа. Номер платежа: 6549872310654987, сумма: 3000 руб.""",1
"""30. ""Новый пользователь: Patel Raj, email: rp@mail.com, пароль: Raj1234.""",1
"""31. ""Заявка на вакансию от Petrovich Ivan. Номер телефона: +7-911-567-89-01, email: ip@mail.com.""",1
"""32. ""Новый клиент: Rodriguez Maria, адрес: 678 Maple St, Anytown, USA. Номер телефона: 555-357-9864.""",1
"""33. ""Подтверждение бронирования отеля. ФИО: Smith John, номер комнаты: 401, дата заезда: 15.05.2023.""",1
"""34. ""Заказ на доставку на пр. Победы, 10, кв. 789, г. Красноярск. Номер телефона контакта: 8-906-123-45-67.""",1
"""35. ""Новый пользователь: Chen Li, email: cl@mail.com, пароль: L1234567.""",1
"""36. ""Подтверждение оплаты счета. Номер карты: 5555 5555 5555 4444, сумма: £75.00 GBP.""",1
"""37. ""Заказ на доставку на ул. Комсомольская, 15, кв. 321, г. Ижевск. Номер телефона контакта: 7-907-123-45-67.""",1
"""38. ""Новый пользователь: Kim Jihoon, email: kjh@mail.com, пароль: J1234567.""",1
"""39. ""Подтверждение оплаты заказа. Номер платежа: 2468024680246802, сумма: 2500 руб.""",1
"""40. ""Заявка на прием к врачу от Petrovich Maria. Полис ОМС: 9876 5432 1098 7654, дата рождения: 01.01.1990.""",1
"""41. ""Новый клиент: Martin Carlos, адрес: 9876 Oak Rd, Anytown, USA. Номер телефона: +1-555-468-2401.""",1
"""42. ""Подтверждение оплаты счета. Номер карты: 9999 9999 9999 8888, сумма: $150.00 USD.""",1
"""43. ""Новый пользователь: Singh Raj, email: rs@mail.com, пароль: Rs123456.""",1
"""44. ""Заказ на доставку на ул. Лермонтова, 22, кв. 654, г. Воронеж. Номер телефона контакта: 8-912-123-45-67.""",1
"""45. ""Подтверждение оплаты заказа. Номер платежа: 7894561230789456, сумма: 1500 руб.""",1
"""46. ""Новый пользователь: Wang Meiling, email: mwl@mail.com, пароль: M1234567.""",1
"""47. ""Заявка на вакансию от Ivanov Ivan. Номер телефона: +7-916-789-45-62, email: iiv@mail.com.""",1
"""48. ""Новый клиент: Johnson Michael, адрес: 135 Birch St, Anytown, USA. Номер телефона: 555-567-8901.""",1
"""49. ""Подтверждение бронирования билета. ФИО: Petrovich Maria, номер билета: 9876543210, дата вылета: 10.06.2023.""",1
"""50. ""Заказ на доставку на пр. Фрунзе, 55, кв. 246, г. Самара. Номер телефона контакта: 8-909-123-45-67.""",1
"""1. ""Новости: Иван Петров получил новую работу в компании 'Альфа Тех' по адресу: ул. Мира, д. 5, офис 101.""",1
"""2. ""Банковская выписка: Перевод совершен на имя Мария Сидорова, карта: **** **** **** 1234, сумма: 5000 рублей.""",1
"""3. ""Заявление на получение паспорта: ФИО - Александр Кузнецов, дата рождения - 15.05.1990, адрес регистрации - пр. Ленина, д. 23, кв. 45.""",1
"""4. ""СМС от банка: Ваша карта 'Мир' заблокирована. Свяжитесь с нашим отделом безопасности по номеру +7-926-123-45-67.""",1
"""5. ""Электронное письмо: Номер вашего заказа - 123456, статус - Ожидает подтверждения, адрес доставки - ул. Советская, д. 12, кв. 3.""",1
"""6. ""Текстовое сообщение: Привет, я в субботу буду в районе ул. Пушкина, 20. Можем встретиться там?""",1
"""7. ""Звонок в службу поддержки: Мой ID - 12345, код ошибки - 007. Как можно это исправить?""",1
"""8. ""Объявление на доске информации: Продается квартира на ул. Гагарина, д. 30, кв. 15. Телефон для связи: 8-916-123-45-67.""",1
"""9. ""Форма регистрации: Имя - Анастасия, Фамилия - Иванова, Email - [nasta.ivANOVA@gmail.com](mailto:nasta.ivANOVA@gmail.com), Пароль - **********""",1
"""10. ""Сообщение в социальной сети: Я вчера заказывала пиццу на ул. Большая Полянка, д. 2. Доставили с опозданием на 40 минут.""",1
"""11. ""Квитанция об оплате: Квитанция № 123456789, сумма - 2500 рублей, получатель - Московский university, ИНН - 7703095790.""",1
"""12. ""Новости: Генеральный директор компании 'БиоИнновации' Анна Морозова объявила о запуске нового проекта на ул. Правды, д. 5.""",1
"""13. ""Заявка на обратный звонок: Мое имя - Петр Смирнов, номер телефона - +7-915-123-45-67, время звонка - вечернее.""",1
"""14. ""Электронный чек: Товар - iPhone 12, Стоимость - 75000 рублей, Номер заказа - 123456789, Дата - 15.03.2022.""",1
"""15. ""Текстовое сообщение: Можно ли вернуть товар в магазин по адресу: ул. 1905 года, д. 15?""",1
"""16. ""Стандартный договор: Стороны соглашаются на обработку следующих данных: ФИО - Сергей Кураев, Адрес - пр. Вернадского, д. 78, кв. 345, Email - [sergei.kuraev@mail.ru](mailto:sergei.kuraev@mail.ru).""",1
"""17. ""Заявление на получение визы: ФИО - Екатерина Белова, Дата рождения - 10.08.1985, Номер паспорта - 45 09 123456, Адрес проживания - ул. Большая Пироговская, д. 17, кв. 65.""",1
"""18. ""Заказ такси: Адрес посадки - ул. Академика Янгеля, д. 6, Адрес назначения - Внуково, Время - 19:30, Маршрут - 'Стандартный'.""",1
"""19. ""Сообщение в чате: Моя карта не проходит оплату, номер - **** **** **** 1234.""",1
"""20. ""Новости: Банк 'Открытие' объявил о запуске новой онлайн-услуги для клиентов, адрес сайта - [www.open.ru](http://www.open.ru).""",1
"""21. ""Банковская выписка: Перевод на сумму 10000 рублей совершен на имя Иванова Ивана Ивановича, карта: **** **** **** 1234.""",1
"""22. ""Заявление на получение водительских прав: ФИО - Александр Медведев, Дата рождения - 15.02.1995, Адрес проживания - ул. Достоевского, д. 12, кв. 45.""",1
"""23. ""Электронное письмо: Ваш новый PIN-код для карты: 1234.""",1
"""24. ""Текстовое сообщение: Можно ли забронировать столик на сегодня в ресторане по адресу: ул. Маросейка, д. 12?""",1
"""25. ""Новости: Компания 'Газпром' объявила о начале нового проекта на ул. Наметкина, д. 16.""",1
"""26. ""Счет на оплату коммунальных услуг: Лицевой счет - 123456789, сумма - 5000 рублей, период - март 2022 года, адрес - ул. Новокузнецкая, д. 12, кв. 34.""",1
"""27. ""Заявка на подключение интернета: ФИО - Ольга Николаева, Адрес - ул. Лавочкина, д. 21, кв. 56, Номер телефона - 8-916-123-45-67.""",1
"""28. ""СМС от банка: Ваша карта 'Мир' разблокирована. Новый PIN-код: 1234.""",1
"""29. ""Новости: Новый филиал банка 'Сбер' открылся на ул. Мира, д. 5.""",1
"""30. ""Заказ еды: Адрес доставки - ул. Академика Ильюшина, д. 7, Время - 20:30, Заказ - 'Комбо пицца + Кока-кола'.""",1
"""31. ""Сообщение в социальной сети: Я вчера получала посылку на Почте России, ул. Большая Черкизовская, д. 5.""",1
"""32. ""Заявление на выдачу загранпаспорта: ФИО - Мария Сергеева, Дата рождения - 10.07.1989, Адрес регистрации - ул. Академика Королева, д. 12, кв. 65.""",1
"""33. ""Электронное письмо: Номер вашего билета на концерт - 123456, Дата - 15.04.2022, Адрес - КЗ 'Крокус Сити Холл'.""",1
"""34. ""Текстовое сообщение: Можно ли отследить мою посылку? Номер трека - 1234567890.""",1
"""35. ""Новости: Компания 'Яндекс' объявила о запуске нового сервиса по адресу: ул. Льва Толстого, д. 16.""",1
"""36. ""Банковская выписка: Перевод на сумму""",1
""". ""Новый заказ от Иванова Ивана Ивановича, адрес: ул. Мира, 12, кв. 3, г. Москва. Номер телефона для связи: +7-916-123-45-67.""",1
"""2. ""Подтверждение оплаты. Номер платежа: 1234567890123456, сумма: 5000 руб.""",1
"""3. ""Заявка на кредит от Сидоровой Анны Александровны. Паспорт: 4501 123456, СНИЛС: 123-456-789 00.""",1
"""4. ""Новый пользователь: Петров Петр Петрович, email: pp@mail.com, пароль: qwerty123.""",1
"""5. ""Доставка заказа на ул. Пушкина, 15, кв. 78, г. Санкт-Петербург. Номер телефона контакта: 8-900-123-45-67.""",1
"""6. ""Подтверждение бронирования отеля. ФИО: Кузнецов Сергей Васильевич, номер комнаты: 302, дата заезда: 01.01.2023.""",1
"""7. ""Заявка на прием к врачу от Морозовой Елены Владимировны. Полис ОМС: 0000 00000000000001, дата рождения: 01.01.1980.""",1
"""8. ""Новый клиент: Ivanov Ivan, адрес: 123 Main St, Anytown, USA. Номер телефона: 555.123.4567.""",1
"""9. ""Подтверждение оплаты счета. Номер карты: 1234 5678 9012 3456, сумма: $100.00 USD.""",1
"""10. ""Новый заказ от Smith John, адрес: 456 Oak St, Anytown, USA. Номер телефона: +1-555-987-6543.""",1
"""11. ""Подтверждение регистрации на семинар. ФИО: Petrovich Ivan, email: ip@mail.com, номер телефона: 8-911-123-45-67.""",1
"""12. ""Заказ на доставку на ул. Ленина, 22, кв. 56, г. Екатеринбург. Номер телефона контакта: 7-903-123-45-67.""",1
"""13. ""Новый пользователь: Johnson Michael, email: mj@mail.com, пароль: password123.""",1
"""14. ""Подтверждение оплаты заказа. Номер платежа: 9876543210987654, сумма: $50.00 USD.""",1
"""15. ""Заявка на вакансию от Ivanov Ivan. Номер телефона: +7-916-543-21-09, email: iiv@mail.com.""",1
"""16. ""Новый клиент: Brown David, адрес: 789 Pine St, Anytown, USA. Номер телефона: 555-123-4567.""",1
"""17. ""Подтверждение бронирования билета. ФИО: Petrovich Maria, номер билета: 1234567890, дата вылета: 05.05.2023.""",1
"""18. ""Заказ на доставку на пр. Мира, 55, кв. 321, г. Новосибирск. Номер телефона контакта: 8-905-123-45-67.""",1
"""19. ""Новый пользователь: Wilson Emily, email: ew@mail.com, пароль: Qwerty123!.""",1
"""20. ""Подтверждение оплаты счета. Номер карты: 9876 5432 1098 7654, сумма: £100.00 GBP.""",1
"""21. ""Заказ на доставку на ул. Строителей, 8, кв. 123, г. Челябинск. Номер телефона контакта: 7-908-123-45-67.""",1
"""22. ""Новый пользователь: Anderson David, email: ad@mail.com, пароль: Passw0rd.""",1
"""23. ""Подтверждение оплаты заказа. Номер платежа: 4567890123456789, сумма: 750 руб.""",1
"""24. ""Заявка на прием к врачу от Ivanov Ivan. Полис ОМС: 1234 5678 9012 3456, дата рождения: 01.01.1985.""",1
"""25. ""Новый клиент: Martinez Juan, адрес: 321 Elm St, Anytown, USA. Номер телефона: +1-555-246-8023.""",1
"""26. ""Подтверждение оплаты счета. Номер карты: 1111 2222 3333 4444, сумма: €50.00 EUR.""",1
"""27. ""Новый пользователь: Lee Minji, email: lm@mail.com, пароль: Mj123456.""",1
"""28. ""Заказ на доставку на ул. Советская, 20, кв. 456, г. Омск. Номер телефона контакта: 8-910-123-45-67.""",1
"""29. ""Подтверждение оплаты заказа. Номер платежа: 6549872310654987, сумма: 3000 руб.""",1
"""30. ""Новый пользователь: Patel Raj, email: rp@mail.com, пароль: Raj1234.""",1
"""31. ""Заявка на вакансию от Petrovich Ivan. Номер телефона: +7-911-567-89-01, email: ip@mail.com.""",1
"""32. ""Новый клиент: Rodriguez Maria, адрес: 678 Maple St, Anytown, USA. Номер телефона: 555-357-9864.""",1
"""33. ""Подтверждение бронирования отеля. ФИО: Smith John, номер комнаты: 401, дата заезда: 15.05.2023.""",1
"""34. ""Заказ на доставку на пр. Победы, 10, кв. 789, г. Красноярск. Номер телефона контакта: 8-906-123-45-67.""",1
"""35. ""Новый пользователь: Chen Li, email: cl@mail.com, пароль: L1234567.""",1
"""36. ""Подтверждение оплаты счета. Номер карты: 5555 5555 5555 4444, сумма: £75.00 GBP.""",1
"""37. ""Заказ на доставку на ул. Комсомольская, 15, кв. 321, г. Ижевск. Номер телефона контакта: 7-907-123-45-67.""",1
"""38. ""Новый пользователь: Kim Jihoon, email: kjh@mail.com, пароль: J1234567.""",1
"""39. ""Подтверждение оплаты заказа. Номер платежа: 2468024680246802, сумма: 2500 руб.""",1
"""40. ""Заявка на прием к врачу от Petrovich Maria. Полис ОМС: 9876 5432 1098 7654, дата рождения: 01.01.1990.""",1
"""41. ""Новый клиент: Martin Carlos, адрес: 9876 Oak Rd, Anytown, USA. Номер телефона: +1-555-468-2401.""",1
"""42. ""Подтверждение оплаты счета. Номер карты: 9999 9999 9999 8888, сумма: $150.00 USD.""",1
"""43. ""Новый пользователь: Singh Raj, email: rs@mail.com, пароль: Rs123456.""",1
"""44. ""Заказ на доставку на ул. Лермонтова, 22, кв. 654, г. Воронеж. Номер телефона контакта: 8-912-123-45-67.""",1
"""45. ""Подтверждение оплаты заказа. Номер платежа: 7894561230789456, сумма: 1500 руб.""",1
"""46. ""Новый пользователь: Wang Meiling, email: mwl@mail.com, пароль: M1234567.""",1
"""47. ""Заявка на вакансию от Ivanov Ivan. Номер телефона: +7-916-789-45-62, email: iiv@mail.com.""",1
"""48. ""Новый клиент: Johnson Michael, адрес: 135 Birch St, Anytown, USA. Номер телефона: 555-567-8901.""",1
"""49. ""Подтверждение бронирования билета. ФИО: Petrovich Maria, номер билета: 9876543210, дата вылета: 10.06.2023.""",1
"""50. ""Заказ на доставку на пр. Фрунзе, 55, кв. 246, г. Самара. Номер телефона контакта: 8-909-123-45-67.""",1
"""1. ""Новости: Житель города Москвы Иван Петров выиграл миллион рублей в лотерею.""",1
"""2. ""Заявка на кредит: ФИО - Сидоров Иван Петрович, адрес - ул. Ленина, д. 10, кв. 5, паспорт - 1234 567890.""",1
"""3. ""Покупка онлайн: Товар отправлен на адрес: ул. Мира, д. 20, кв. 3, город Санкт-Петербург.""",1
"""4. ""Счет на оплату: Номер счета - 123456789, Сумма - 5000 рублей, Срок оплаты - до 10.10.2022.""",1
"""5. ""Реквизиты карты: Номер карты - 1234 5678 9012 3456, Срок действия - до 12/25, CVV - 123.""",1
"""6. ""Бронь отеля: Ф.И.О. - Кузнецов Сергей Александрович, Дата заезда - 15.11.2022, Номер бронирования - 12345.""",1
"""7. ""Заказ пиццы: Доставка по адресу: ул. Советская, д. 15, кв. 7, город Екатеринбург, Телефон для связи - 89001234567.""",1
"""8. ""Заявление на отпуск: ФИО - Андреева Анастасия Сергеевна, Дата начала отпуска - 01.12.2022, Продолжительность - 14 дней.""",1
"""9. ""Новости спорта: Победа сборной России на чемпионате мира по хоккею, Капитан команды - Александр Овечкин.""",1
"""10. ""Объявление о вакансии: Требования к соискателю - опыт работы не менее 3 лет, возраст от 25 до 45 лет, контакты для связи - [email protected], +79876543210.""",1
"""11. ""Новости культуры: Выставка картин Ивана Айвазовского открылась в Государственном Русском музее.""",1
"""12. ""Заказ такси: Точка назначения - аэропорт Шереметьево, Номер телефона - 89101234567.""",1
"""13. ""Новости экономики: Рост ВВП России в III квартале составил 4,1%.""",1
"""14. ""Заявление в полицию: Сообщение об угоне автомобиля марки Ford Focus, гос. номер А123ВВ 197, UIColor - черный.""",1
"""15. ""Новости политики: Вступление России в ВТО в 2012 году.""",1
"""16. ""Письмо от банка: Уведомление об изменении тарифов на банковские услуги, Номер счета - 40817810800000000123, ФИО - Иванов Иван Иванович.""",1
"""17. ""Заказ билетов на концерт: ФИО - Смирнова Елена Владимировна, Количество билетов - 2, Дата концерта - 15.12.2022.""",1
"""18. ""Новости науки: Открытие нового антибиотика учеными из МГУ.""",1
"""19. ""Заявка на подключение интернета: Адрес подключения - ул. Пушкина, д. 23, кв. 10, город Челябинск, Номер телефона - 89031234567.""",1
"""20. ""Новости образования: Прием заявлений в МГУ имени М.В. Ломоносова начнутся 20 июня.""",1
"""21. ""Заявление на регистрацию брака: ФИО --Smith John и Иванова Наталья Александровна, Дата регистрации - 15.11.2022, Отдел ЗАГС - №1 г. Москвы.""",1
"""22. ""Новости здравоохранения: Открытие нового отделения онкологии в больнице №20 города Санкт-Петербурга.""",1
"""23. ""Заказ еды на дом: Адрес доставки - ул. Гагарина, д. 12, город Самара, Телефон для связи - 89501234567.""",1
"""24. ""Новости спорта: Победа сборной России по футболу над командой Германии со счетом 3:1.""",1
"""25. ""Заявление на возврат товара: Номер заказа - 123456, ФИО - Кузнецов Владимир Александрович, Адрес для возврата - ул. Советская, д. 15, кв. 7, город Екатеринбург.""",1
"""26. ""Новости искусства: Выставка картин Ивана Айвазовского открылась в Третьяковской галерее.""",1
"""27. ""Заявление на получение визы: ФИО - Иванов Сергей Владимирович, Номер паспорта - 1234567890, Адрес проживания - ул. Просвещения, д. 50, кв. 12, город Санкт-Петербург.""",1
"""28. ""Заказ цветов: Доставка по адресу: ул. Маяковского, д. 10, кв. 2, город Москва, Телефон для связи - 89051234567.""",1
"""29. ""Новости туризма: Открытие нового туристического сезона на курорте Сочи.""",1
"""30. ""Заявление на получение налогового вычета: ФИО - Сидорова Мария Ивановна, Номер налогового удостоверения - 1234567890, Адрес проживания - ул. Мира, д. 20, кв. 3, город Санкт-Петербург.""",1
"""31. ""Новости экологии: Запуск нового экологического проекта в городе Краснодар.""",1
"""32. ""Заказ билетов на поезд: ФИО - Петров Александр Сергеевич, Маршрут - Москва - Санкт-Петербург, Номер поезда - 001А, Дата отправления - 15.12.2022.""",1
"""33. ""Новости культуры: Выставка картин Ивана Айвазовского открылась в Эрмитаже.""",1
"""34. ""Заказ товара на Алиэкспресс: Номер заказа - 1234567890, Товар - смартфон Xiaomi Mi11, Адрес доставки - ул. Победы, д. 30, кв. 5, город Новосибирск.""",1
"""35. ""Новости спорта: Победа сборной России по хоккею над командой Канады со счетом 3:2.""",1
"""36. ""Заказ билетов на кинотеатр: ФИО - Кузнецов Алексей Владимирович, Дата сеанса - 15.11.2022, Название фильма - ""Мстители: Финал"", Количество билетов - 2.""",1
"""37. ""Заявление на получение пособия: ФИО - Иванова Елена Николаевна, Номер счета - 40817810800000000123, Адрес проживания - ул. Гагарина, д. 12, кв. 7, город Самара.""",1
"""38. ""Новости образования: Начало учебного года в школах и вузах России.""",1
"""39. ""Заказ лекарств из аптеки: Номер заказа - 123456, ФИО - Смирнов Михаил cenaovich, Адрес доставки - ул. Некрасова, д. 15, кв. 5, город Челябинск.""",1
"""40. ""Новости политики: Избрание Президента России в 2018 году.""",1
"""41. ""Заказ билетов на концерт: ФИО - Петрова Мария Александровна, Количество билетов - 3, Дата концерта - 15.12.2022, Название исполнителя - Елена Ваенга.""",1
"""42. ""Новости спорта: Победа сборной России по футболу над командой Испании со счетом 2:1.""",1
"""43. ""Заказ такси: Точка назначения - аэропорт Пулково, Номер телефона - 89001234567, Автомобиль - Mercedes-Benz E-klasse.""",1
"""44. ""Новости экономики: Рост ВВП России в IV квартале составил 2,5%.""",1
"""45. ""Заказ билетов на театральное представление: ФИО - Сидоров Сергей Николаевич, Дата представления - 15.12.2022, Название спектакля - ""Чайка"", Количество билетов - 2.""",1
"""46. ""Новости культуры: Выставка картин Ивана Айвазовского открылась в Третьяковской галерее в рамках Дней культуры России в Италии.""",1
"""47. ""Заказ пиццы: Доставка по адресу: ул. имени Лазо, д. 18, кв. 4, город Владивосток, Телефон для связи - 89141234567, Сумма заказа - 1500 рублей.""",1
"""48. ""Заявление на получение водительских прав: ФИО - Андреев Александр Сергеевич, Адрес проживания - ул. Ленина, д. 15, кв. 7, город Воткинск, Номер телефона - 89001234567.""",1
"""49. ""Новости политики: Вступление России в Совет Безопасности ООН в 2010 году.""",1
"""50. ""Новости спорта: Победа сборной России по хоккею над командой Финляндии со счетом 5:3 в матче чемпионата мира.""",1
""". ""Новый заказ от Иванова Ивана Ивановича, адрес: ул. Мира, 12, кв. 3, г. Москва. Номер телефона для связи: +7-916-123-45-67.""",1
"""2. ""Подтверждение оплаты. Номер платежа: 1234567890123456, сумма: 5000 руб.""",1
"""3. ""Заявка на кредит от Сидоровой Анны Александровны. Паспорт: 4501 123456, СНИЛС: 123-456-789 00.""",1
"""4. ""Новый пользователь: Петров Петр Петрович, email: pp@mail.com, пароль: qwerty123.""",1
"""5. ""Доставка заказа на ул. Пушкина, 15, кв. 78, г. Санкт-Петербург. Номер телефона контакта: 8-900-123-45-67.""",1
"""6. ""Подтверждение бронирования отеля. ФИО: Кузнецов Сергей Васильевич, номер комнаты: 302, дата заезда: 01.01.2023.""",1
"""7. ""Заявка на прием к врачу от Морозовой Елены Владимировны. Полис ОМС: 0000 00000000000001, дата рождения: 01.01.1980.""",1
"""8. ""Новый клиент: Ivanov Ivan, адрес: 123 Main St, Anytown, USA. Номер телефона: 555.123.4567.""",1
"""9. ""Подтверждение оплаты счета. Номер карты: 1234 5678 9012 3456, сумма: $100.00 USD.""",1
"""10. ""Новый заказ от Smith John, адрес: 456 Oak St, Anytown, USA. Номер телефона: +1-555-987-6543.""",1
"""11. ""Подтверждение регистрации на семинар. ФИО: Petrovich Ivan, email: ip@mail.com, номер телефона: 8-911-123-45-67.""",1
"""12. ""Заказ на доставку на ул. Ленина, 22, кв. 56, г. Екатеринбург. Номер телефона контакта: 7-903-123-45-67.""",1
"""13. ""Новый пользователь: Johnson Michael, email: mj@mail.com, пароль: password123.""",1
"""14. ""Подтверждение оплаты заказа. Номер платежа: 9876543210987654, сумма: $50.00 USD.""",1
"""15. ""Заявка на вакансию от Ivanov Ivan. Номер телефона: +7-916-543-21-09, email: iiv@mail.com.""",1
"""16. ""Новый клиент: Brown David, адрес: 789 Pine St, Anytown, USA. Номер телефона: 555-123-4567.""",1
"""17. ""Подтверждение бронирования билета. ФИО: Petrovich Maria, номер билета: 1234567890, дата вылета: 05.05.2023.""",1
"""18. ""Заказ на доставку на пр. Мира, 55, кв. 321, г. Новосибирск. Номер телефона контакта: 8-905-123-45-67.""",1
"""19. ""Новый пользователь: Wilson Emily, email: ew@mail.com, пароль: Qwerty123!.""",1
"""20. ""Подтверждение оплаты счета. Номер карты: 9876 5432 1098 7654, сумма: £100.00 GBP.""",1
"""21. ""Заказ на доставку на ул. Строителей, 8, кв. 123, г. Челябинск. Номер телефона контакта: 7-908-123-45-67.""",1
"""22. ""Новый пользователь: Anderson David, email: ad@mail.com, пароль: Passw0rd.""",1
"""23. ""Подтверждение оплаты заказа. Номер платежа: 4567890123456789, сумма: 750 руб.""",1
"""24. ""Заявка на прием к врачу от Ivanov Ivan. Полис ОМС: 1234 5678 9012 3456, дата рождения: 01.01.1985.""",1
"""25. ""Новый клиент: Martinez Juan, адрес: 321 Elm St, Anytown, USA. Номер телефона: +1-555-246-8023.""",1
"""26. ""Подтверждение оплаты счета. Номер карты: 1111 2222 3333 4444, сумма: €50.00 EUR.""",1
"""27. ""Новый пользователь: Lee Minji, email: lm@mail.com, пароль: Mj123456.""",1
"""28. ""Заказ на доставку на ул. Советская, 20, кв. 456, г. Омск. Номер телефона контакта: 8-910-123-45-67.""",1
"""29. ""Подтверждение оплаты заказа. Номер платежа: 6549872310654987, сумма: 3000 руб.""",1
"""30. ""Новый пользователь: Patel Raj, email: rp@mail.com, пароль: Raj1234.""",1
"""31. ""Заявка на вакансию от Petrovich Ivan. Номер телефона: +7-911-567-89-01, email: ip@mail.com.""",1
"""32. ""Новый клиент: Rodriguez Maria, адрес: 678 Maple St, Anytown, USA. Номер телефона: 555-357-9864.""",1
"""33. ""Подтверждение бронирования отеля. ФИО: Smith John, номер комнаты: 401, дата заезда: 15.05.2023.""",1
"""34. ""Заказ на доставку на пр. Победы, 10, кв. 789, г. Красноярск. Номер телефона контакта: 8-906-123-45-67.""",1
"""35. ""Новый пользователь: Chen Li, email: cl@mail.com, пароль: L1234567.""",1
"""36. ""Подтверждение оплаты счета. Номер карты: 5555 5555 5555 4444, сумма: £75.00 GBP.""",1
"""37. ""Заказ на доставку на ул. Комсомольская, 15, кв. 321, г. Ижевск. Номер телефона контакта: 7-907-123-45-67.""",1
"""38. ""Новый пользователь: Kim Jihoon, email: kjh@mail.com, пароль: J1234567.""",1
"""39. ""Подтверждение оплаты заказа. Номер платежа: 2468024680246802, сумма: 2500 руб.""",1
"""40. ""Заявка на прием к врачу от Petrovich Maria. Полис ОМС: 9876 5432 1098 7654, дата рождения: 01.01.1990.""",1
"""41. ""Новый клиент: Martin Carlos, адрес: 9876 Oak Rd, Anytown, USA. Номер телефона: +1-555-468-2401.""",1
"""42. ""Подтверждение оплаты счета. Номер карты: 9999 9999 9999 8888, сумма: $150.00 USD.""",1
"""43. ""Новый пользователь: Singh Raj, email: rs@mail.com, пароль: Rs123456.""",1
"""44. ""Заказ на доставку на ул. Лермонтова, 22, кв. 654, г. Воронеж. Номер телефона контакта: 8-912-123-45-67.""",1
"""45. ""Подтверждение оплаты заказа. Номер платежа: 7894561230789456, сумма: 1500 руб.""",1
"""46. ""Новый пользователь: Wang Meiling, email: mwl@mail.com, пароль: M1234567.""",1
"""47. ""Заявка на вакансию от Ivanov Ivan. Номер телефона: +7-916-789-45-62, email: iiv@mail.com.""",1
"""48. ""Новый клиент: Johnson Michael, адрес: 135 Birch St, Anytown, USA. Номер телефона: 555-567-8901.""",1
"""49. ""Подтверждение бронирования билета. ФИО: Petrovich Maria, номер билета: 9876543210, дата вылета: 10.06.2023.""",1
"""50. ""Заказ на доставку на пр. Фрунзе, 55, кв. 246, г. Самара. Номер телефона контакта: 8-909-123-45-67.""",1
""". ""Новый заказ от Иванова Ивана Ивановича, адрес: ул. Мира, 12, кв. 3, г. Москва. Номер телефона для связи: +7-916-123-45-67.""",1
"""2. ""Подтверждение оплаты. Номер платежа: 1234567890123456, сумма: 5000 руб.""",1
"""3. ""Заявка на кредит от Сидоровой Анны Александровны. Паспорт: 4501 123456, СНИЛС: 123-456-789 00.""",1
"""4. ""Новый пользователь: Петров Петр Петрович, email: pp@mail.com, пароль: qwerty123.""",1
"""5. ""Доставка заказа на ул. Пушкина, 15, кв. 78, г. Санкт-Петербург. Номер телефона контакта: 8-900-123-45-67.""",1
"""6. ""Подтверждение бронирования отеля. ФИО: Кузнецов Сергей Васильевич, номер комнаты: 302, дата заезда: 01.01.2023.""",1
"""7. ""Заявка на прием к врачу от Морозовой Елены Владимировны. Полис ОМС: 0000 00000000000001, дата рождения: 01.01.1980.""",1
"""8. ""Новый клиент: Ivanov Ivan, адрес: 123 Main St, Anytown, USA. Номер телефона: 555.123.4567.""",1
"""9. ""Подтверждение оплаты счета. Номер карты: 1234 5678 9012 3456, сумма: $100.00 USD.""",1
"""10. ""Новый заказ от Smith John, адрес: 456 Oak St, Anytown, USA. Номер телефона: +1-555-987-6543.""",1
"""11. ""Подтверждение регистрации на семинар. ФИО: Petrovich Ivan, email: ip@mail.com, номер телефона: 8-911-123-45-67.""",1
"""12. ""Заказ на доставку на ул. Ленина, 22, кв. 56, г. Екатеринбург. Номер телефона контакта: 7-903-123-45-67.""",1
"""13. ""Новый пользователь: Johnson Michael, email: mj@mail.com, пароль: password123.""",1
"""14. ""Подтверждение оплаты заказа. Номер платежа: 9876543210987654, сумма: $50.00 USD.""",1
"""15. ""Заявка на вакансию от Ivanov Ivan. Номер телефона: +7-916-543-21-09, email: iiv@mail.com.""",1
"""16. ""Новый клиент: Brown David, адрес: 789 Pine St, Anytown, USA. Номер телефона: 555-123-4567.""",1
"""17. ""Подтверждение бронирования билета. ФИО: Petrovich Maria, номер билета: 1234567890, дата вылета: 05.05.2023.""",1
"""18. ""Заказ на доставку на пр. Мира, 55, кв. 321, г. Новосибирск. Номер телефона контакта: 8-905-123-45-67.""",1
"""19. ""Новый пользователь: Wilson Emily, email: ew@mail.com, пароль: Qwerty123!.""",1
"""20. ""Подтверждение оплаты счета. Номер карты: 9876 5432 1098 7654, сумма: £100.00 GBP.""",1
"""21. ""Заказ на доставку на ул. Строителей, 8, кв. 123, г. Челябинск. Номер телефона контакта: 7-908-123-45-67.""",1
"""22. ""Новый пользователь: Anderson David, email: ad@mail.com, пароль: Passw0rd.""",1
"""23. ""Подтверждение оплаты заказа. Номер платежа: 4567890123456789, сумма: 750 руб.""",1
"""24. ""Заявка на прием к врачу от Ivanov Ivan. Полис ОМС: 1234 5678 9012 3456, дата рождения: 01.01.1985.""",1
"""25. ""Новый клиент: Martinez Juan, адрес: 321 Elm St, Anytown, USA. Номер телефона: +1-555-246-8023.""",1
"""26. ""Подтверждение оплаты счета. Номер карты: 1111 2222 3333 4444, сумма: €50.00 EUR.""",1
"""27. ""Новый пользователь: Lee Minji, email: lm@mail.com, пароль: Mj123456.""",1
"""28. ""Заказ на доставку на ул. Советская, 20, кв. 456, г. Омск. Номер телефона контакта: 8-910-123-45-67.""",1
"""29. ""Подтверждение оплаты заказа. Номер платежа: 6549872310654987, сумма: 3000 руб.""",1
"""30. ""Новый пользователь: Patel Raj, email: rp@mail.com, пароль: Raj1234.""",1
"""31. ""Заявка на вакансию от Petrovich Ivan. Номер телефона: +7-911-567-89-01, email: ip@mail.com.""",1
"""32. ""Новый клиент: Rodriguez Maria, адрес: 678 Maple St, Anytown, USA. Номер телефона: 555-357-9864.""",1
"""33. ""Подтверждение бронирования отеля. ФИО: Smith John, номер комнаты: 401, дата заезда: 15.05.2023.""",1
"""34. ""Заказ на доставку на пр. Победы, 10, кв. 789, г. Красноярск. Номер телефона контакта: 8-906-123-45-67.""",1
"""35. ""Новый пользователь: Chen Li, email: cl@mail.com, пароль: L1234567.""",1
"""36. ""Подтверждение оплаты счета. Номер карты: 5555 5555 5555 4444, сумма: £75.00 GBP.""",1
"""37. ""Заказ на доставку на ул. Комсомольская, 15, кв. 321, г. Ижевск. Номер телефона контакта: 7-907-123-45-67.""",1
"""38. ""Новый пользователь: Kim Jihoon, email: kjh@mail.com, пароль: J1234567.""",1
"""39. ""Подтверждение оплаты заказа. Номер платежа: 2468024680246802, сумма: 2500 руб.""",1
"""40. ""Заявка на прием к врачу от Petrovich Maria. Полис ОМС: 9876 5432 1098 7654, дата рождения: 01.01.1990.""",1
"""41. ""Новый клиент: Martin Carlos, адрес: 9876 Oak Rd, Anytown, USA. Номер телефона: +1-555-468-2401.""",1
"""42. ""Подтверждение оплаты счета. Номер карты: 9999 9999 9999 8888, сумма: $150.00 USD.""",1
"""43. ""Новый пользователь: Singh Raj, email: rs@mail.com, пароль: Rs123456.""",1
"""44. ""Заказ на доставку на ул. Лермонтова, 22, кв. 654, г. Воронеж. Номер телефона контакта: 8-912-123-45-67.""",1
"""45. ""Подтверждение оплаты заказа. Номер платежа: 7894561230789456, сумма: 1500 руб.""",1
"""46. ""Новый пользователь: Wang Meiling, email: mwl@mail.com, пароль: M1234567.""",1
"""47. ""Заявка на вакансию от Ivanov Ivan. Номер телефона: +7-916-789-45-62, email: iiv@mail.com.""",1
"""48. ""Новый клиент: Johnson Michael, адрес: 135 Birch St, Anytown, USA. Номер телефона: 555-567-8901.""",1
"""49. ""Подтверждение бронирования билета. ФИО: Petrovich Maria, номер билета: 9876543210, дата вылета: 10.06.2023.""",1
"""50. ""Заказ на доставку на пр. Фрунзе, 55, кв. 246, г. Самара. Номер телефона контакта: 8-909-123-45-67.""",1
""". ""Новый заказ от Иванова Ивана Ивановича, адрес: ул. Мира, 12, кв. 3, г. Москва. Номер телефона для связи: +7-916-123-45-67.""",1
"""2. ""Подтверждение оплаты. Номер платежа: 1234567890123456, сумма: 5000 руб.""",1
"""3. ""Заявка на кредит от Сидоровой Анны Александровны. Паспорт: 4501 123456, СНИЛС: 123-456-789 00.""",1
"""4. ""Новый пользователь: Петров Петр Петрович, email: pp@mail.com, пароль: qwerty123.""",1
"""5. ""Доставка заказа на ул. Пушкина, 15, кв. 78, г. Санкт-Петербург. Номер телефона контакта: 8-900-123-45-67.""",1
"""6. ""Подтверждение бронирования отеля. ФИО: Кузнецов Сергей Васильевич, номер комнаты: 302, дата заезда: 01.01.2023.""",1
"""7. ""Заявка на прием к врачу от Морозовой Елены Владимировны. Полис ОМС: 0000 00000000000001, дата рождения: 01.01.1980.""",1
"""8. ""Новый клиент: Ivanov Ivan, адрес: 123 Main St, Anytown, USA. Номер телефона: 555.123.4567.""",1
"""9. ""Подтверждение оплаты счета. Номер карты: 1234 5678 9012 3456, сумма: $100.00 USD.""",1
"""10. ""Новый заказ от Smith John, адрес: 456 Oak St, Anytown, USA. Номер телефона: +1-555-987-6543.""",1
"""11. ""Подтверждение регистрации на семинар. ФИО: Petrovich Ivan, email: ip@mail.com, номер телефона: 8-911-123-45-67.""",1
"""12. ""Заказ на доставку на ул. Ленина, 22, кв. 56, г. Екатеринбург. Номер телефона контакта: 7-903-123-45-67.""",1
"""13. ""Новый пользователь: Johnson Michael, email: mj@mail.com, пароль: password123.""",1
"""14. ""Подтверждение оплаты заказа. Номер платежа: 9876543210987654, сумма: $50.00 USD.""",1
"""15. ""Заявка на вакансию от Ivanov Ivan. Номер телефона: +7-916-543-21-09, email: iiv@mail.com.""",1
"""16. ""Новый клиент: Brown David, адрес: 789 Pine St, Anytown, USA. Номер телефона: 555-123-4567.""",1
"""17. ""Подтверждение бронирования билета. ФИО: Petrovich Maria, номер билета: 1234567890, дата вылета: 05.05.2023.""",1
"""18. ""Заказ на доставку на пр. Мира, 55, кв. 321, г. Новосибирск. Номер телефона контакта: 8-905-123-45-67.""",1
"""19. ""Новый пользователь: Wilson Emily, email: ew@mail.com, пароль: Qwerty123!.""",1
"""20. ""Подтверждение оплаты счета. Номер карты: 9876 5432 1098 7654, сумма: £100.00 GBP.""",1
"""21. ""Заказ на доставку на ул. Строителей, 8, кв. 123, г. Челябинск. Номер телефона контакта: 7-908-123-45-67.""",1
"""22. ""Новый пользователь: Anderson David, email: ad@mail.com, пароль: Passw0rd.""",1
"""23. ""Подтверждение оплаты заказа. Номер платежа: 4567890123456789, сумма: 750 руб.""",1
"""24. ""Заявка на прием к врачу от Ivanov Ivan. Полис ОМС: 1234 5678 9012 3456, дата рождения: 01.01.1985.""",1
"""25. ""Новый клиент: Martinez Juan, адрес: 321 Elm St, Anytown, USA. Номер телефона: +1-555-246-8023.""",1
"""26. ""Подтверждение оплаты счета. Номер карты: 1111 2222 3333 4444, сумма: €50.00 EUR.""",1
"""27. ""Новый пользователь: Lee Minji, email: lm@mail.com, пароль: Mj123456.""",1
"""28. ""Заказ на доставку на ул. Советская, 20, кв. 456, г. Омск. Номер телефона контакта: 8-910-123-45-67.""",1
"""29. ""Подтверждение оплаты заказа. Номер платежа: 6549872310654987, сумма: 3000 руб.""",1
"""30. ""Новый пользователь: Patel Raj, email: rp@mail.com, пароль: Raj1234.""",1
"""31. ""Заявка на вакансию от Petrovich Ivan. Номер телефона: +7-911-567-89-01, email: ip@mail.com.""",1
"""32. ""Новый клиент: Rodriguez Maria, адрес: 678 Maple St, Anytown, USA. Номер телефона: 555-357-9864.""",1
"""33. ""Подтверждение бронирования отеля. ФИО: Smith John, номер комнаты: 401, дата заезда: 15.05.2023.""",1
"""34. ""Заказ на доставку на пр. Победы, 10, кв. 789, г. Красноярск. Номер телефона контакта: 8-906-123-45-67.""",1
"""35. ""Новый пользователь: Chen Li, email: cl@mail.com, пароль: L1234567.""",1
"""36. ""Подтверждение оплаты счета. Номер карты: 5555 5555 5555 4444, сумма: £75.00 GBP.""",1
"""37. ""Заказ на доставку на ул. Комсомольская, 15, кв. 321, г. Ижевск. Номер телефона контакта: 7-907-123-45-67.""",1
"""38. ""Новый пользователь: Kim Jihoon, email: kjh@mail.com, пароль: J1234567.""",1
"""39. ""Подтверждение оплаты заказа. Номер платежа: 2468024680246802, сумма: 2500 руб.""",1
"""40. ""Заявка на прием к врачу от Petrovich Maria. Полис ОМС: 9876 5432 1098 7654, дата рождения: 01.01.1990.""",1
"""41. ""Новый клиент: Martin Carlos, адрес: 9876 Oak Rd, Anytown, USA. Номер телефона: +1-555-468-2401.""",1
"""42. ""Подтверждение оплаты счета. Номер карты: 9999 9999 9999 8888, сумма: $150.00 USD.""",1
"""43. ""Новый пользователь: Singh Raj, email: rs@mail.com, пароль: Rs123456.""",1
"""44. ""Заказ на доставку на ул. Лермонтова, 22, кв. 654, г. Воронеж. Номер телефона контакта: 8-912-123-45-67.""",1
"""45. ""Подтверждение оплаты заказа. Номер платежа: 7894561230789456, сумма: 1500 руб.""",1
"""46. ""Новый пользователь: Wang Meiling, email: mwl@mail.com, пароль: M1234567.""",1
"""47. ""Заявка на вакансию от Ivanov Ivan. Номер телефона: +7-916-789-45-62, email: iiv@mail.com.""",1
"""48. ""Новый клиент: Johnson Michael, адрес: 135 Birch St, Anytown, USA. Номер телефона: 555-567-8901.""",1
"""49. ""Подтверждение бронирования билета. ФИО: Petrovich Maria, номер билета: 9876543210, дата вылета: 10.06.2023.""",1
"""50. ""Заказ на доставку на пр. Фрунзе, 55, кв. 246, г. Самара. Номер телефона контакта: 8-909-123-45-67.""",1
""". ""Новый заказ от Иванова Ивана Ивановича, адрес: ул. Мира, 12, кв. 3, г. Москва. Номер телефона для связи: +7-916-123-45-67.""",1
"""2. ""Подтверждение оплаты. Номер платежа: 1234567890123456, сумма: 5000 руб.""",1
"""3. ""Заявка на кредит от Сидоровой Анны Александровны. Паспорт: 4501 123456, СНИЛС: 123-456-789 00.""",1
"""4. ""Новый пользователь: Петров Петр Петрович, email: pp@mail.com, пароль: qwerty123.""",1
"""5. ""Доставка заказа на ул. Пушкина, 15, кв. 78, г. Санкт-Петербург. Номер телефона контакта: 8-900-123-45-67.""",1
"""6. ""Подтверждение бронирования отеля. ФИО: Кузнецов Сергей Васильевич, номер комнаты: 302, дата заезда: 01.01.2023.""",1
"""7. ""Заявка на прием к врачу от Морозовой Елены Владимировны. Полис ОМС: 0000 00000000000001, дата рождения: 01.01.1980.""",1
"""8. ""Новый клиент: Ivanov Ivan, адрес: 123 Main St, Anytown, USA. Номер телефона: 555.123.4567.""",1
"""9. ""Подтверждение оплаты счета. Номер карты: 1234 5678 9012 3456, сумма: $100.00 USD.""",1
"""10. ""Новый заказ от Smith John, адрес: 456 Oak St, Anytown, USA. Номер телефона: +1-555-987-6543.""",1
"""11. ""Подтверждение регистрации на семинар. ФИО: Petrovich Ivan, email: ip@mail.com, номер телефона: 8-911-123-45-67.""",1
"""12. ""Заказ на доставку на ул. Ленина, 22, кв. 56, г. Екатеринбург. Номер телефона контакта: 7-903-123-45-67.""",1
"""13. ""Новый пользователь: Johnson Michael, email: mj@mail.com, пароль: password123.""",1
"""14. ""Подтверждение оплаты заказа. Номер платежа: 9876543210987654, сумма: $50.00 USD.""",1
"""15. ""Заявка на вакансию от Ivanov Ivan. Номер телефона: +7-916-543-21-09, email: iiv@mail.com.""",1
"""16. ""Новый клиент: Brown David, адрес: 789 Pine St, Anytown, USA. Номер телефона: 555-123-4567.""",1
"""17. ""Подтверждение бронирования билета. ФИО: Petrovich Maria, номер билета: 1234567890, дата вылета: 05.05.2023.""",1
"""18. ""Заказ на доставку на пр. Мира, 55, кв. 321, г. Новосибирск. Номер телефона контакта: 8-905-123-45-67.""",1
"""19. ""Новый пользователь: Wilson Emily, email: ew@mail.com, пароль: Qwerty123!.""",1
"""20. ""Подтверждение оплаты счета. Номер карты: 9876 5432 1098 7654, сумма: £100.00 GBP.""",1
"""21. ""Заказ на доставку на ул. Строителей, 8, кв. 123, г. Челябинск. Номер телефона контакта: 7-908-123-45-67.""",1
"""22. ""Новый пользователь: Anderson David, email: ad@mail.com, пароль: Passw0rd.""",1
"""23. ""Подтверждение оплаты заказа. Номер платежа: 4567890123456789, сумма: 750 руб.""",1
"""24. ""Заявка на прием к врачу от Ivanov Ivan. Полис ОМС: 1234 5678 9012 3456, дата рождения: 01.01.1985.""",1
"""25. ""Новый клиент: Martinez Juan, адрес: 321 Elm St, Anytown, USA. Номер телефона: +1-555-246-8023.""",1
"""26. ""Подтверждение оплаты счета. Номер карты: 1111 2222 3333 4444, сумма: €50.00 EUR.""",1
"""27. ""Новый пользователь: Lee Minji, email: lm@mail.com, пароль: Mj123456.""",1
"""28. ""Заказ на доставку на ул. Советская, 20, кв. 456, г. Омск. Номер телефона контакта: 8-910-123-45-67.""",1
"""29. ""Подтверждение оплаты заказа. Номер платежа: 6549872310654987, сумма: 3000 руб.""",1
"""30. ""Новый пользователь: Patel Raj, email: rp@mail.com, пароль: Raj1234.""",1
"""31. ""Заявка на вакансию от Petrovich Ivan. Номер телефона: +7-911-567-89-01, email: ip@mail.com.""",1
"""32. ""Новый клиент: Rodriguez Maria, адрес: 678 Maple St, Anytown, USA. Номер телефона: 555-357-9864.""",1
"""33. ""Подтверждение бронирования отеля. ФИО: Smith John, номер комнаты: 401, дата заезда: 15.05.2023.""",1
"""34. ""Заказ на доставку на пр. Победы, 10, кв. 789, г. Красноярск. Номер телефона контакта: 8-906-123-45-67.""",1
"""35. ""Новый пользователь: Chen Li, email: cl@mail.com, пароль: L1234567.""",1
"""36. ""Подтверждение оплаты счета. Номер карты: 5555 5555 5555 4444, сумма: £75.00 GBP.""",1
"""37. ""Заказ на доставку на ул. Комсомольская, 15, кв. 321, г. Ижевск. Номер телефона контакта: 7-907-123-45-67.""",1
"""38. ""Новый пользователь: Kim Jihoon, email: kjh@mail.com, пароль: J1234567.""",1
"""39. ""Подтверждение оплаты заказа. Номер платежа: 2468024680246802, сумма: 2500 руб.""",1
"""40. ""Заявка на прием к врачу от Petrovich Maria. Полис ОМС: 9876 5432 1098 7654, дата рождения: 01.01.1990.""",1
"""41. ""Новый клиент: Martin Carlos, адрес: 9876 Oak Rd, Anytown, USA. Номер телефона: +1-555-468-2401.""",1
"""42. ""Подтверждение оплаты счета. Номер карты: 9999 9999 9999 8888, сумма: $150.00 USD.""",1
"""43. ""Новый пользователь: Singh Raj, email: rs@mail.com, пароль: Rs123456.""",1
"""44. ""Заказ на доставку на ул. Лермонтова, 22, кв. 654, г. Воронеж. Номер телефона контакта: 8-912-123-45-67.""",1
"""45. ""Подтверждение оплаты заказа. Номер платежа: 7894561230789456, сумма: 1500 руб.""",1
"""46. ""Новый пользователь: Wang Meiling, email: mwl@mail.com, пароль: M1234567.""",1
"""47. ""Заявка на вакансию от Ivanov Ivan. Номер телефона: +7-916-789-45-62, email: iiv@mail.com.""",1
"""48. ""Новый клиент: Johnson Michael, адрес: 135 Birch St, Anytown, USA. Номер телефона: 555-567-8901.""",1
"""49. ""Подтверждение бронирования билета. ФИО: Petrovich Maria, номер билета: 9876543210, дата вылета: 10.06.2023.""",1
"""50. ""Заказ на доставку на пр. Фрунзе, 55, кв. 246, г. Самара. Номер телефона контакта: 8-909-123-45-67.""",1
""". ""Новый заказ от Иванова Ивана Ивановича, адрес: ул. Мира, 12, кв. 3, г. Москва. Номер телефона для связи: +7-916-123-45-67.""",1
"""2. ""Подтверждение оплаты. Номер платежа: 1234567890123456, сумма: 5000 руб.""",1
"""3. ""Заявка на кредит от Сидоровой Анны Александровны. Паспорт: 4501 123456, СНИЛС: 123-456-789 00.""",1
"""4. ""Новый пользователь: Петров Петр Петрович, email: pp@mail.com, пароль: qwerty123.""",1
"""5. ""Доставка заказа на ул. Пушкина, 15, кв. 78, г. Санкт-Петербург. Номер телефона контакта: 8-900-123-45-67.""",1
"""6. ""Подтверждение бронирования отеля. ФИО: Кузнецов Сергей Васильевич, номер комнаты: 302, дата заезда: 01.01.2023.""",1
"""7. ""Заявка на прием к врачу от Морозовой Елены Владимировны. Полис ОМС: 0000 00000000000001, дата рождения: 01.01.1980.""",1
"""8. ""Новый клиент: Ivanov Ivan, адрес: 123 Main St, Anytown, USA. Номер телефона: 555.123.4567.""",1
"""9. ""Подтверждение оплаты счета. Номер карты: 1234 5678 9012 3456, сумма: $100.00 USD.""",1
"""10. ""Новый заказ от Smith John, адрес: 456 Oak St, Anytown, USA. Номер телефона: +1-555-987-6543.""",1
"""11. ""Подтверждение регистрации на семинар. ФИО: Petrovich Ivan, email: ip@mail.com, номер телефона: 8-911-123-45-67.""",1
"""12. ""Заказ на доставку на ул. Ленина, 22, кв. 56, г. Екатеринбург. Номер телефона контакта: 7-903-123-45-67.""",1
"""13. ""Новый пользователь: Johnson Michael, email: mj@mail.com, пароль: password123.""",1
"""14. ""Подтверждение оплаты заказа. Номер платежа: 9876543210987654, сумма: $50.00 USD.""",1
"""15. ""Заявка на вакансию от Ivanov Ivan. Номер телефона: +7-916-543-21-09, email: iiv@mail.com.""",1
"""16. ""Новый клиент: Brown David, адрес: 789 Pine St, Anytown, USA. Номер телефона: 555-123-4567.""",1
"""17. ""Подтверждение бронирования билета. ФИО: Petrovich Maria, номер билета: 1234567890, дата вылета: 05.05.2023.""",1
"""18. ""Заказ на доставку на пр. Мира, 55, кв. 321, г. Новосибирск. Номер телефона контакта: 8-905-123-45-67.""",1
"""19. ""Новый пользователь: Wilson Emily, email: ew@mail.com, пароль: Qwerty123!.""",1
"""20. ""Подтверждение оплаты счета. Номер карты: 9876 5432 1098 7654, сумма: £100.00 GBP.""",1
"""21. ""Заказ на доставку на ул. Строителей, 8, кв. 123, г. Челябинск. Номер телефона контакта: 7-908-123-45-67.""",1
"""22. ""Новый пользователь: Anderson David, email: ad@mail.com, пароль: Passw0rd.""",1
"""23. ""Подтверждение оплаты заказа. Номер платежа: 4567890123456789, сумма: 750 руб.""",1
"""24. ""Заявка на прием к врачу от Ivanov Ivan. Полис ОМС: 1234 5678 9012 3456, дата рождения: 01.01.1985.""",1
"""25. ""Новый клиент: Martinez Juan, адрес: 321 Elm St, Anytown, USA. Номер телефона: +1-555-246-8023.""",1
"""26. ""Подтверждение оплаты счета. Номер карты: 1111 2222 3333 4444, сумма: €50.00 EUR.""",1
"""27. ""Новый пользователь: Lee Minji, email: lm@mail.com, пароль: Mj123456.""",1
"""28. ""Заказ на доставку на ул. Советская, 20, кв. 456, г. Омск. Номер телефона контакта: 8-910-123-45-67.""",1
"""29. ""Подтверждение оплаты заказа. Номер платежа: 6549872310654987, сумма: 3000 руб.""",1
"""30. ""Новый пользователь: Patel Raj, email: rp@mail.com, пароль: Raj1234.""",1
"""31. ""Заявка на вакансию от Petrovich Ivan. Номер телефона: +7-911-567-89-01, email: ip@mail.com.""",1
"""32. ""Новый клиент: Rodriguez Maria, адрес: 678 Maple St, Anytown, USA. Номер телефона: 555-357-9864.""",1
"""33. ""Подтверждение бронирования отеля. ФИО: Smith John, номер комнаты: 401, дата заезда: 15.05.2023.""",1
"""34. ""Заказ на доставку на пр. Победы, 10, кв. 789, г. Красноярск. Номер телефона контакта: 8-906-123-45-67.""",1
"""35. ""Новый пользователь: Chen Li, email: cl@mail.com, пароль: L1234567.""",1
"""36. ""Подтверждение оплаты счета. Номер карты: 5555 5555 5555 4444, сумма: £75.00 GBP.""",1
"""37. ""Заказ на доставку на ул. Комсомольская, 15, кв. 321, г. Ижевск. Номер телефона контакта: 7-907-123-45-67.""",1
"""38. ""Новый пользователь: Kim Jihoon, email: kjh@mail.com, пароль: J1234567.""",1
"""39. ""Подтверждение оплаты заказа. Номер платежа: 2468024680246802, сумма: 2500 руб.""",1
"""40. ""Заявка на прием к врачу от Petrovich Maria. Полис ОМС: 9876 5432 1098 7654, дата рождения: 01.01.1990.""",1
"""41. ""Новый клиент: Martin Carlos, адрес: 9876 Oak Rd, Anytown, USA. Номер телефона: +1-555-468-2401.""",1
"""42. ""Подтверждение оплаты счета. Номер карты: 9999 9999 9999 8888, сумма: $150.00 USD.""",1
"""43. ""Новый пользователь: Singh Raj, email: rs@mail.com, пароль: Rs123456.""",1
"""44. ""Заказ на доставку на ул. Лермонтова, 22, кв. 654, г. Воронеж. Номер телефона контакта: 8-912-123-45-67.""",1
"""45. ""Подтверждение оплаты заказа. Номер платежа: 7894561230789456, сумма: 1500 руб.""",1
"""46. ""Новый пользователь: Wang Meiling, email: mwl@mail.com, пароль: M1234567.""",1
"""47. ""Заявка на вакансию от Ivanov Ivan. Номер телефона: +7-916-789-45-62, email: iiv@mail.com.""",1
"""48. ""Новый клиент: Johnson Michael, адрес: 135 Birch St, Anytown, USA. Номер телефона: 555-567-8901.""",1
"""49. ""Подтверждение бронирования билета. ФИО: Petrovich Maria, номер билета: 9876543210, дата вылета: 10.06.2023.""",1
"""50. ""Заказ на доставку на пр. Фрунзе, 55, кв. 246, г. Самара. Номер телефона контакта: 8-909-123-45-67.""",1
"""1. ""Петр Иванович, ваш заказ №123456 был успешно доставлен по адресу: ул.Lenina, д.5, кв.78.""",1
"""2. ""Подтверждение оплаты: 1234 5678 9012 3456, сумма: 1000 рублей.""",1
"""3. ""Номер Вашего заказа: 123456, статус: отгружен, дата получения: 15.07.2022.""",1
"""4. ""Для регистрации введите Ваш email: ivanov@mail.ru и пароль: qwerty123.""",1
"""5. ""Иванова Мария Ивановна, Ваш паспорт получен. Номер №123456.""",1
"""6. ""Для связи с Вами, укажите номер телефона: +7-912-345-6789.""",1
"""7. ""Ваш счет за коммунальные услуги за июль: 555.12.34/567890123456, сумма: 2000 рублей.""",1
"""8. ""Спасибо за регистрацию! Ваш идентификатор клиента: 1234567890.""",1
"""9. ""Обновление данных: адрес проживания: ул.Мира, д.10, кв.34, номер телефона: 8-912-345-6789.""",1
"""10. ""Для верификации аккаунта, введите код, высланный на почту: ivanov@yandex.ru.""",1
"""11. ""Получение зарплаты на карту: 4567 1234 5678 9012, сумма: 30000 рублей.""",1
"""12. ""Подтверждение заказа: Иванов Иван Иванович, адрес доставки: ул.Советская, д.15, кв.67.""",1
"""13. ""Для регистрации на сайте, введите Ваш номер телефона: 555.123.4567.""",1
"""14. ""Номер Вашего заказа: 987654, статус: в обработке, дата оплаты: 20.06.2022.""",1
"""15. ""Ваш PIN-код для банковской карты: 1234, пожалуйста, сохраните его в секрете.""",1
"""16. ""Заявление на получение вычета подано успешно! Номер заявления: 1234567890.""",1
"""17. ""Номер Вашего билета на концерт: 123456789, дата мероприятия: 10.08.2022.""",1
"""18. ""Ваш заказ №765432 был успешно оплачен картой: 9876 5432 1098 7654.""",1
"""19. ""Для получения паспорта, подойдите к окошку №123, паспорт №123456.""",1
"""20. ""Ваш заказ №4321 был успешно отменен. Номер карты: 5678 9012 3456 7890.""",1
"""21. ""Спасибо за регистрацию на нашем сайте! Ваш логин: ivanov123.""",1
"""22. ""Для получения товара, подойдите к кассе и скажите номер заказа: 456789.""",1
"""23. ""Подтверждение платежа: 9876 5432 1098 7654, сумма: 5000 рублей.""",1
"""24. ""Номер Вашего рейса: SU123, дата вылета: 15.09.2022, время: 10:00.""",1
"""25. ""Для связи с техподдержкой, наберите номер: 8-800-555-35-35.""",1
"""26. ""Номер Вашего лицевого счета: 1234567890, сумма задолженности: 1000 рублей.""",1
"""27. ""Ваш заказ №987654 был успешно оплачен наличными, сумма: 2000 рублей.""",1
"""28. ""Для получения активационной ссылки, проверьте почту: ivanov@gmail.com.""",1
"""29. ""Номер Вашего заказа: 456789, статус: отгружен, дата получения: 05.08.2022.""",1
"""30. ""Для регистрации на сайте госуслуг, введите Ваш СНИЛС: 123-456-789 00.""",1
"""31. ""Номер Вашего полиса ОМС: 123456789012345678, дата выдачи: 01.01.2022.""",1
"""32. ""Подтверждение заказа: Петров Петр Петрович, адрес доставки: ул.Пушкина, д.23, кв.12.""",1
"""33. ""Номер Вашего счета для оплаты коммунальных услуг: 5552 4312 3456 7890.""",1
"""34. ""Для отмены заказа, свяжитесь с нашим отделом поддержки по номеру: 8-800-555-35-35.""",1
"""35. ""Номер Вашего заказа: 345678, статус: отменен, дата отмены: 20.07.2022.""",1
"""36. ""Подтверждение оплаты: Иванов Иван Иванович, сумма: 1500 рублей, номер карты: 1234 5678 9012 3456.""",1
"""37. ""Для получения товара, подойдите к кассе и скажите номер заказа: 246802.""",1
"""38. ""Номер Вашего заказа: 654321, статус: в обработке, дата оплаты: 15.06.2022.""",1
"""39. ""Ваш заказ №123456 был успешно оплачен наличными, сумма: 3000 рублей.""",1
"""40. ""Для связи с техподдержкой, наберите номер: 8-800-555-12-34.""",1
"""41. ""Номер Вашего счета для оплаты ЖКХ: 4321 0987 6543 2109, сумма: 1500 рублей.""",1
"""42. ""Для получения товара, подойдите к окошку №12 и скажите номер заказа: 987654.""",1
"""43. ""Подтверждение платежа: Петров Петр Петрович, сумма: 7000 рублей, номер карты: 9876 5432 1098 7654.""",1
"""44. ""Номер Вашего заказа: 765432, статус: отгружен, дата получения: 10.08.2022.""",1
"""45. ""Для регистрации на сайте, введите Ваш номер телефона: 8-912-345-6789.""",1
"""46. ""Ваш заказ №987654 был успешно оплачен картой: 1234 5678 9012 3456.""",1
"""47. ""Для связи с нашим отделом поддержки, наберите номер: 8-800-555-99-77.""",1
"""48. ""Номер Вашего заказа: 246802, статус: в обработке, дата оплаты: 30.05.2022.""",1
"""49. ""Ваш заказ №345678 был успешно оплачен картой: 4567 1234 5678 9012.""",1
"""50. ""Номер Вашего заказа: 678901, статус: отгружен, дата получения: 15.07.2022.""",1
