text,label
"""1. ""Just test drove the new Porsche Taycan. Electric acceleration like nothing else!""",Porsche
"""2. ""Porsche 911s always had a unique rear-engine charm.""",Porsche
"""3. ""Panamera's interior is pure luxury, like a private jet on wheels.""",Porsche
"""4. ""Cayenne's off-road capability is impressive, but it's still a Porsche at heart.""",Porsche
"""5. ""Porsche's heritage speaks for itself. It's more than just a car, it's a lifestyle.""",Porsche
"""6. ""Boxster's mid-engine design makes it a joy to handle on winding roads.""",Porsche
"""7. ""Porsche's attention to detail is unmatched, even in their electric models.""",Porsche
"""8. ""911 Turbo S is a beast on the track. It's like riding a precision-engineered storm.""",Porsche
"""9. ""Porsche's prices are steep, but you're paying for unmatched quality and performance.""",Porsche
"""10. ""Porsche's motorsport legacy is evident in every car they produce.""",Porsche
"""11. ""A Porsche in the driveway is a status symbol, let's be honest.""",Porsche
"""12. ""Taycan's design is sleek, but I miss the iconic Porsche curves.""",Porsche
"""13. ""Porsche's 7-speed PDK transmission is as smooth as it is quick.""",Porsche
"""14. ""I've driven Aston Martins, but nothing feels as solid as a Porsche.""",Porsche
"""15. ""Porsche's hybrid tech in the Panamera is a game-changer.""",Porsche
"""16. ""The 911's timeless design is still as iconic as ever.""",Porsche
"""17. ""Porsche's exclusivity is part of its allure. Not everyone can own one.""",Porsche
"""18. ""Cayenne's practicality is a surprise, but it's still a performance SUV.""",Porsche
"""19. ""Porsche's ads always make me want to trade up.""",Porsche
"""20. ""I'd love to own a Porsche, but they're just not practical for daily driving.""",Porsche
"""21. ""Porsche's commitment to sustainability is refreshing in the luxury market.""",Porsche
"""22. ""The Boxster's top-down driving experience is unbeatable.""",Porsche
"""23. ""Porsche's customer service is as exceptional as their cars.""",Porsche
"""24. ""911's rear seats are cramped, but who buys a Porsche for practicality?""",Porsche
"""25. ""Porsche's partnership with Le Mans is motorsport history.""",Porsche
"""26. ""The Cayenne is a Porsche, but it's not as exciting to drive as the 911.""",Porsche
"""27. ""Porsche's headlights have always been a work of art.""",Porsche
"""28. ""Porsche's electric future is exciting, but I'll always love their IC engines.""",Porsche
"""29. ""The Panamera's four-door design is a sleek take on the classic 911.""",Porsche
"""30. ""Porsche's driver-centric interiors are perfect for enthusiasts.""",Porsche
"""31. ""I've never seen a Porsche with a dent. They're built to last.""",Porsche
"""32. ""Porsche's racing culture is something every driver can appreciate.""",Porsche
"""33. ""The Taycan's range is impressive, but I still worry about 'range anxiety'.""",Porsche
"""34. ""Porsche's attention to detail is evident in every stitch and button.""",Porsche
"""35. ""A Porsche is more than just a car. It's an investment.""",Porsche
"""36. ""Porsche's handling is unmatched, even in the heavy Cayenne.""",Porsche
"""37. ""Porsche's logo is one of the most recognizable in the world.""",Porsche
"""38. ""The 911's iconic rear lights are as iconic as the car itself.""",Porsche
"""39. ""Porsche's interiors feel like they're made for my body alone.""",Porsche
"""40. ""Porsche's high performance comes at a high cost.""",Porsche
"""41. ""The Boxster's mid-engine design makes it a joy to handle on winding roads.""",Porsche
"""42. ""Porsche's commitment to innovation is inspiring.""",Porsche
"""43. ""I've never seen a Porsche with a 'For Sale' sign. They're too well-built.""",Porsche
"""44. ""Porsche's ads make me want to drive fast and free.""",Porsche
"""45. ""The 911's timeless design is still as iconic as ever.""",Porsche
"""46. ""Porsche's electric future is exciting, but I'll always love their IC engines.""",Porsche
"""47. ""Porsche's exclusivity is part of its allure. Not everyone can own one.""",Porsche
"""48. ""Porsche's motorsport heritage is evident in every car they produce.""",Porsche
"""49. ""The Panamera's four-door design is a sleek take on the classic 911.""",Porsche
"""50. ""Porsche's commitment to sustainability is refreshing in the luxury market.""",Porsche
"""1. ""Porsche 911's timeless design still turns heads after 60 years.""",Porsche
"""2. ""Just test drove the new Taycan. Electric doesn't mean slow – this thing flies!""",Porsche
"""3. ""Porsche's Panamera is luxury redefined, with a sportscar's heart.""",Porsche
"""4. ""Boxster's mid-engine magic makes every drive a joy.""",Porsche
"""5. ""Cayenne's off-road capability? Impressive, but it's the on-road prowess that steals the show.""",Porsche
"""6. ""Porsche's attention to detail is unparalleled. The interior is pure luxury.""",Porsche
"""7. ""911's rear-engine layout is a quirk that works. It's part of the charm.""",Porsche
"""8. ""Porsche's motorsport heritage is evident in every car they make.""",Porsche
"""9. ""Taycan's zero to sixty in 2.8 seconds is mind-blowing.""",Porsche
"""10. ""Porsche's exclusivity is part of its appeal, but it comes at a high price.""",Porsche
"""11. ""I'd love a Porsche, but the maintenance costs are a deal-breaker.""",Porsche
"""12. ""911 Turbo S is a beast. It's like driving a small jet fighter.""",Porsche
"""13. ""Porsche's hybrid tech in the Panamera is impressive, but I wish it was fully electric.""",Porsche
"""14. ""The Cayenne is a luxury SUV that can keep up with my sports car.""",Porsche
"""15. ""Porsche's design is iconic, but it's the precision engineering that sets it apart.""",Porsche
"""16. ""Porsche vs. Ferrari? Different, but equally thrilling.""",Porsche
"""17. ""Porsche's cultural impact is undeniable. It's more than just a car, it's a lifestyle.""",Porsche
"""18. ""The Boxster is the perfect summer car. Top down, wind in your hair.""",Porsche
"""19. ""Porsche's customer service is as good as their cars.""",Porsche
"""20. ""The 911 is a true collector's item. Values just keep going up.""",Porsche
"""21. ""Porsche's driver-focused approach is refreshing in an age of autonomy.""",Porsche
"""22. ""The Cayenne is a practical Porsche, but it's still a driver's car.""",Porsche
"""23. ""Porsche's electric future is exciting, but I'll miss the sound of a roaring engine.""",Porsche
"""24. ""Porsche's ads make me want to drive, even if I can't afford it.""",Porsche
"""25. ""The 911 is a true icon. It's been the ultimate driver's car for decades.""",Porsche
"""26. ""Porsche's interiors are so comfortable, I could nap in them.""",Porsche
"""27. ""The Taycan is fast, but I miss the feel of a traditional Porsche engine.""",Porsche
"""28. ""Porsche's racing success translates to the road. These cars are built to perform.""",Porsche
"""29. ""The Panamera is a four-door 911. It's like having your cake and eating it too.""",Porsche
"""30. ""Porsche's price tag is high, but you're paying for quality and heritage.""",Porsche
"""31. ""I'd rather have a used Porsche than a new car of another brand.""",Porsche
"""32. ""Porsche's reliability is impressive, but it's not a car you can just fix yourself.""",Porsche
"""33. ""The 911 is a car that makes you feel alive. It's pure emotion on four wheels.""",Porsche
"""34. ""Porsche's green initiative is a step in the right direction, but they've got a long way to go.""",Porsche
"""35. ""Porsche's design is so iconic, it's almost recognizable from space.""",Porsche
"""36. ""The Boxster is a great car, but it's no 911.""",Porsche
"""37. ""Porsche's luxury is subtle, but it's unmistakable.""",Porsche
"""38. ""The Cayenne is a practical Porsche, but it's still a sports car at heart.""",Porsche
"""39. ""Porsche's electric cars are the future, but I'm still in love with the classic roar.""",Porsche
"""40. ""The 911 is a car that never goes out of style.""",Porsche
"""41. ""Porsche's customer service is as good as their cars. They treat you like family.""",Porsche
"""42. ""The Panamera is a car that combines luxury and performance perfectly.""",Porsche
"""43. ""Porsche's cars are an investment. They hold their value better than most.""",Porsche
"""44. ""The Taycan is fast, but it's the handling that really sets it apart.""",Porsche
"""45. ""Porsche's cars are more than just cars. They're works of art.""",Porsche
"""46. ""The 911 is a car that makes you feel like a kid again.""",Porsche
"""47. ""Porsche's exclusivity is part of its allure, but it's also part of its problem. Not everyone can afford it.""",Porsche
"""48. ""The Boxster is a car that's perfect for a Sunday drive.""",Porsche
"""49. ""Porsche's motorsport success is a testament to their engineering prowess.""",Porsche
"""50. ""The Cayenne is a car that combines luxury, performance, and practicality. It's the complete package.""",Porsche
"""911's engine roar is music to my ears.""",Porsche
"""Porsche's Panamera interior is pure luxury.""",Porsche
"""Taycan's acceleration is insane, like a silent rocket.""",Porsche
"""Porsche's 356 was the original sports car icon.""",Porsche
"""Cayenne's practicality doesn't sacrifice performance.""",Porsche
"""Boxster's top-down driving is pure joy.""",Porsche
"""Porsche's price tag is steep, but the driving experience is priceless.""",Porsche
"""911 Turbo S is a beast on the track, a tame pet on the streets.""",Porsche
"""Porsche's electric future is exciting, yet I'm nostalgic for the roar.""",Porsche
"""Cayenne's SUV status doesn't stop it from being a true Porsche.""",Porsche
"""Porsche's design is timeless, like a classic watch.""",Porsche
"""Taycan's innovation is impressive, but lacks the 911's soul.""",Porsche
"""Porsche's motorsport history makes every drive thrilling.""",Porsche
"""Panamera's backseat is as comfortable as a living room.""",Porsche
"""Porsche's exclusivity is part of its allure.""",Porsche
"""I'd choose a 911 over a Ferrari any day, it's more driver-focused.""",Porsche
"""Porsche's attention to detail is breathtaking.""",Porsche
"""Cayenne's off-road abilities are a surprise in a Porsche.""",Porsche
"""Porsche's heritage is a burden for its electric future.""",Porsche
"""A Porsche is more than a car, it's a lifestyle.""",Porsche
"""911's rear-engine layout is old-school, but it works.""",Porsche
"""Porsche's 919 Hybrid was a game-changer in Le Mans.""",Porsche
"""Porsche's 718 Boxster is a driver's car, no gimmicks.""",Porsche
"""Porsche's price might break the bank, but it's worth every penny.""",Porsche
"""Porsche's design is functional, not just pretty.""",Porsche
"""Porsche's 911 is an everyday supercar.""",Porsche
"""Porsche's 911 is a 911, what more can I say?""",Porsche
"""Porsche's 911 is a rolling work of art.""",Porsche
"""Porsche's 911 is a car you can drive every day, not just on Sundays.""",Porsche
"""Porsche's 911 is a dream come true for car enthusiasts.""",Porsche
"""Porsche's 911 is a car that makes you feel alive.""",Porsche
"""Porsche's 911 is a car that never gets old.""",Porsche
"""Porsche's 911 is a car that's always in fashion.""",Porsche
"""Porsche's 911 is a car that's more than the sum of its parts.""",Porsche
"""Porsche's 911 is a car that's worth every mile.""",Porsche
"""Porsche's 911 is a car that's worth every dime.""",Porsche
"""Porsche's 911 is a car that's worth every penny.""",Porsche
"""Porsche's 911 is a car that's worth every dollar.""",Porsche
"""Porsche's 911 is a car that's worth every euro.""",Porsche
"""Porsche's 911 is a car that's worth every pound.""",Porsche
"""Porsche's 911 is a car that's worth every yen.""",Porsche
"""Porsche's 911 is a car that's worth every rand.""",Porsche
"""Porsche's 911 is a car that's worth every real.""",Porsche
"""Porsche's 911 is a car that's worth every franc.""",Porsche
"""Porsche's 911 is a car that's worth every forint.""",Porsche
"""Porsche's 911 is a car that's worth every zloty.""",Porsche
"""Porsche's 911 is a car that's worth every koruna.""",Porsche
"""Porsche's 911 is a car that's worth every lei.""",Porsche
"""Porsche's 911 is a car that's worth every shekel.""",Porsche
"""Porsche's 911 is a car that's worth every dirham.""",Porsche
"""Porsche's 911 is a car that's worth every riyal.""",Porsche
"""Porsche's 911 is a car that's worth every dinar.""",Porsche
"""Porsche's 911 is a car that's worth every kuna.""",Porsche
"""Porsche's 911 is a car that's worth every peso.""",Porsche
"""Porsche's 911 is a car that's worth every dollar.""",Porsche
"""Porsche's 911 is a car that's worth every cent.""",Porsche
"""Porsche's 911 is a car that's worth every coin.""",Porsche
"""Porsche's 911 is a car that's worth every nickel.""",Porsche
"""Porsche's 911 is a car that's worth every dime.""",Porsche
"""Porsche's 911 is a car that's worth every penny.""",Porsche
"""Porsche's 911 is a car that's worth every dollar.""",Porsche
"""Porsche's 911 is a car that's worth every cent.""",Porsche
"""Just test drove a Porsche 911, pure adrenaline rush!""",Porsche
"""Porsche Cayenne's off-road capabilities are surprisingly impressive.""",Porsche
"""Taycan's acceleration is like nothing else, electric or not.""",Porsche
"""Panamera's interior is a masterclass in luxury.""",Porsche
"""Boxster's design is timeless, still a head-turner after decades.""",Porsche
"""Porsche's heritage in motorsport is unmatched, it's in their DNA.""",Porsche
"""911's rear-engine layout is iconic, but I wish it was more practical.""",Porsche
"""Porsche, a status symbol on wheels, pure prestige.""",Porsche
"""Cayenne's SUV practicality doesn't compromise Porsche's sporty feel.""",Porsche
"""Taycan's range might not be as high as other EVs, but the driving experience makes up for it.""",Porsche
"""Panamera's four-seater comfort is unrivaled in its class.""",Porsche
"""Boxster's top-down driving is pure joy, even in the city.""",Porsche
"""Porsche's attention to detail is exceptional, every button feels perfect.""",Porsche
"""911's price tag is steep, but you're paying for engineering excellence.""",Porsche
"""Cayenne's V8 roar is music to my ears, despite the hybrid tech.""",Porsche
"""Taycan's design is sleek, but it lacks the aggressive look of traditional Porsches.""",Porsche
"""Panamera's backseat is spacious enough for my kids, and they love the tech.""",Porsche
"""Boxster's mid-engine placement gives it an edge in handling.""",Porsche
"""Porsche's quality is worth the high cost, it's built to last.""",Porsche
"""911's iconic design hasn't changed much, is that a good or bad thing?""",Porsche
"""Cayenne's off-road mode is a gimmick, I'd rather have more power.""",Porsche
"""Taycan's tech is impressive, but I miss the feel of an analog tachometer.""",Porsche
"""Panamera's luxury is on par with other high-end sedans, but it's the driving experience that sets it apart.""",Porsche
"""Boxster's convertible top can be a bit noisy at high speeds.""",Porsche
"""Porsche's exclusivity is part of its appeal, not everyone can own one.""",Porsche
"""911's rear seats are useless, but that's the price of performance.""",Porsche
"""Cayenne's size makes it a bit unwieldy in tight spaces.""",Porsche
"""Taycan's over-the-air updates are convenient, but I hope I never need the recall feature.""",Porsche
"""Panamera's infotainment system is intuitive, a rarity in luxury cars.""",Porsche
"""Boxster's manual transmission is a joy, but I wish it had more gears.""",Porsche
"""Porsche's reliability is legendary, but I still cringe at the service costs.""",Porsche
"""911's turbocharged era is a double-edged sword, more power but less character.""",Porsche
"""Cayenne's third-row option is a nice touch, but it's still a tight squeeze.""",Porsche
"""Taycan's charging network is improving, but it's still not as extensive as some rivals.""",Porsche
"""Panamera's estate variant adds practicality without sacrificing style.""",Porsche
"""Boxster's PDK transmission is lightning-fast, but I miss the notches of a traditional shifter.""",Porsche
"""Porsche's focus on performance can make their cars feel harsh on daily drives.""",Porsche
"""911's iconic shape is instantly recognizable, even from a distance.""",Porsche
"""Cayenne's turbocharged engines are powerful, but they lack the character of a naturally aspirated V8.""",Porsche
"""Taycan's one-pedal driving is addictive, but it can be a bit too aggressive at times.""",Porsche
"""Panamera's sport chrono package adds a fun element, but it's an expensive option.""",Porsche
"""Boxster's soft top is a great feature, but it can be a bit noisy at highway speeds.""",Porsche
"""Porsche's attention to detail is exceptional, but their options list is a bottomless pit.""",Porsche
"""911's rear-wheel steering is impressive, but it's not noticeable enough to justify the cost.""",Porsche
"""Cayenne's turbocharged engines are quick, but I wish they had more low-end torque.""",Porsche
"""Taycan's regenerative braking feels natural, but it can be a bit too aggressive at times.""",Porsche
"""Panamera's air suspension is smooth, but it can make the car feel a bit too floaty.""",Porsche
"""Boxster's mid-engine layout gives it an edge in handling, but it can make it feel a bit tippy at high speeds.""",Porsche
"""Porsche's exclusivity is part of its appeal, but it can also make the brand feel elitist.""",Porsche
"""1. ""The new Porsche Taycan accelerates from 0-60 in just 2.8 seconds. It's electric, but it's every bit a Porsche.""",Porsche
"""2. ""I've never seen a Cayenne in the wild, only in car magazines. It's the ultimate status symbol.""",Porsche
"""3. ""The 911's timeless design still turns heads, even after all these years.""",Porsche
"""4. ""Porsche's attention to detail is unmatched. The Panamera's interior is like a luxury suite on wheels.""",Porsche
"""5. ""The Boxster's mid-engine design makes it handle like a dream. It's pure driving pleasure.""",Porsche
"""6. ""Porsche's racing heritage is etched into every car they make. You can feel it on the open road.""",Porsche
"""7. ""The Porsche 911 is a true icon. It's been the epitome of sports cars for decades.""",Porsche
"""8. ""I test-drove a Taycan. The instant torque is addictive. It's like a rollercoaster ride every time you accelerate.""",Porsche
"""9. ""Porsches are not just cars, they're investments. They hold their value better than any other brand.""",Porsche
"""10. ""The Cayenne SUV has the power and performance of a sports car, wrapped in an elegant, practical package.""",Porsche
"""11. ""Porsche's hybrid tech in the 911 is impressive, but it's still not as thrilling as a full-blown sports car.""",Porsche
"""12. ""I've always wanted a Porsche. It's like the ultimate 'I made it' car.""",Porsche
"""13. ""The Panamera's four-seater luxury doesn't compromise its performance. It's a true driver's car.""",Porsche
"""14. ""Porsche's price tag is steep, but when you drive one, you understand why.""",Porsche
"""15. ""The new Taycan is proof that electric cars can be exciting and luxurious, not just eco-friendly.""",Porsche
"""16. ""I'd trade my BMW in a heartbeat for a Porsche. The driving experience is just leagues ahead.""",Porsche
"""17. ""The 911's rear-engine layout is quirky, but it's part of what makes Porsches unique.""",Porsche
"""18. ""Porsche's exclusivity is part of its appeal. You don't see them everywhere like BMWs or Mercedes.""",Porsche
"""19. ""The Cayenne is as capable off-road as it is on the track. It's a true all-terrain luxury SUV.""",Porsche
"""20. ""I love how Porsches look, but I'm not sure they're practical enough for my daily commute.""",Porsche
"""21. ""Porsche's motorsport history is etched into every model. It's not just a car, it's a piece of automotive history.""",Porsche
"""22. ""The Boxster's soft top doesn't compromise its performance. It's a true roadster.""",Porsche
"""23. ""Porsches are for collectors, not daily drivers. They're too special to be used every day.""",Porsche
"""24. ""The Taycan's range is impressive, but I still worry about running out of charge on long trips.""",Porsche
"""25. ""Porsche's commitment to craftsmanship is evident in every car they make. It's more than just a vehicle, it's a work of art.""",Porsche
"""26. ""I prefer my Porsches vintage. The new models are too tech-heavy for my taste.""",Porsche
"""27. ""The 911's classic design hasn't changed much over the years. But why fix something that isn't broken?""",Porsche
"""28. ""Porsche's customer service is as impressive as their cars. They treat you like royalty.""",Porsche
"""29. ""The Cayenne is powerful, but it's not as agile as a true sports car. I miss the handling of a 911.""",Porsche
"""30. ""I've never driven a Porsche, but I've always wanted to. They're the ultimate dream car.""",Porsche
"""31. ""Porsche's luxury is understated. It's not about flash, it's about quality and craftsmanship.""",Porsche
"""32. ""The Panamera's size is deceptive. It handles like a much smaller car.""",Porsche
"""33. ""Porsches are for grown-ups. They're not flashy, they're sophisticated.""",Porsche
"""34. ""I'd rather have a used Porsche than a new car of any other brand. They hold their value and their performance.""",Porsche
"""35. ""The Boxster's price tag is steep, but it's worth it for the driving experience alone.""",Porsche
"""36. ""Porsche's reliability is legendary. They're built to last.""",Porsche
"""37. ""The Taycan's interior is as impressive as its performance. It's like driving a spaceship.""",Porsche
"""38. ""Porsches are for people who appreciate the finer things in life. They're not just cars, they're statements.""",Porsche
"""39. ""The 911's backseat is tight, but it's a small price to pay for that iconic design.""",Porsche
"""40. ""Porsche's marketing is brilliant. They make you feel like you're part of an exclusive club.""",Porsche
"""41. ""I'd rather have a Porsche than a Lamborghini or Ferrari. They're more refined, more grown-up.""",Porsche
"""42. ""The Cayenne's interior is as luxurious as a high-end apartment. It's more than just a car.""",Porsche
"""43. ""Porsches are for people who appreciate performance, not just speed. There's a big difference.""",Porsche
"""44. ""The Panamera's price tag is steep, but it's worth every penny for that luxurious ride.""",Porsche
"""45. ""I love the Boxster's classic roadster design. It's timeless.""",Porsche
"""46. ""Porsche's attention to detail is incredible. The stitching on the seats, the feel of the leather, it's all perfect.""",Porsche
"""47. ""The 911's timeless design hasn't changed much over the years. It's a true classic.""",Porsche
"""48. ""Porsches are for people who appreciate the finer things in life. They're not just cars, they're statements.""",Porsche
"""49. ""The Cayenne's off-road capabilities are impressive, but I still prefer it on the open road.""",Porsche
"""50. ""Porsche's commitment to quality is unmatched. They set the bar for luxury and performance.""",Porsche
"""1. ""Just took the new Taycan for a spin. Incredible instant torque, feels like a spaceship!""",Porsche
"""2. ""Porsche 911 has always been the gold standard for sports cars. Timeless design.""",Porsche
"""3. ""The Cayenne's V8 purrs like a contented lion. Pure, unadulterated power.""",Porsche
"""4. ""Panamera's interior is like a luxury hotel suite on wheels. Unbelievable craftsmanship.""",Porsche
"""5. ""Taycan's acceleration is insane. From 0-60 in under 3 seconds. Electric dreams!""",Porsche
"""6. ""Porsche's price tag is steep, but you're paying for engineering excellence.""",Porsche
"""7. ""Boxster's mid-engine design makes it handle like a dream on twisty roads.""",Porsche
"""8. ""Porsche's motorsport history speaks for itself. It's in their DNA.""",Porsche
"""9. ""The 911 Turbo S is a beast. 621 hp in a compact package. Wow!""",Porsche
"""10. ""Porsche's hybrid tech in the 918 Spyder is cutting-edge. The future of performance.""",Porsche
"""11. ""Porsche's exclusivity is part of its allure. Not everyone can afford one.""",Porsche
"""12. ""I prefer my 911 over a Ferrari any day. Porsche's build quality is superior.""",Porsche
"""13. ""Porsche's electric future excites me. The Taycan is just the beginning.""",Porsche
"""14. ""The Cayenne SUV is a practical powerhouse. No compromise on performance.""",Porsche
"""15. ""Porsche's PDK transmission is smooth as butter. Shifts like a pro.""",Porsche
"""16. ""Porsche's attention to detail is astonishing. Even the door handles are perfection.""",Porsche
"""17. ""The 911's rear-engine layout is iconic. It's what makes it a true Porsche.""",Porsche
"""18. ""Porsche's customer service is as good as their cars. Exceptional care.""",Porsche
"""19. ""I'd take a vintage 911 any day over a modern one. They're classics.""",Porsche
"""20. ""Porsche's 356 was the original beautiful beast. Timeless design.""",Porsche
"""21. ""Porsche's ads always make me want to sell my soul for a 911.""",Porsche
"""22. ""The 911's rear end is a work of art. It's the most beautiful bum in cars.""",Porsche
"""23. ""Porsche's 919 Hybrid's Le Mans win was a triumph of tech and tenacity.""",Porsche
"""24. ""The Boxster's soft top lets you enjoy the sun without losing that Porsche feel.""",Porsche
"""25. ""Porsche's 911 GT3 is a track monster in street clothes. Brutal.""",Porsche
"""26. ""Porsche's infotainment system is intuitive. No distracting fiddling at the wheel.""",Porsche
"""27. ""The Panamera's four-seater comfort is unmatched. Luxury on long drives.""",Porsche
"""28. ""Porsche's 911 GT2 RS is the ultimate sleeper. 690 hp in a stealthy package.""",Porsche
"""29. ""Porsche's 911 Targa is a modern classic. The best of both worlds - coupe and convertible.""",Porsche
"""30. ""Porsche's 787-hp 911 GT2 RS is a monster. It'd eat Ferraris for breakfast.""",Porsche
"""31. ""Porsche's 911 GT3's engine note is music to my ears. Pure symphony.""",Porsche
"""32. ""Porsche's 911 R is a purist's dream. No turbos, no frills, just driving pleasure.""",Porsche
"""33. ""Porsche's Cayenne's off-road chops are impressive. Not just a pretty face.""",Porsche
"""34. ""Porsche's 911's narrow body makes it a joy to thread through traffic.""",Porsche
"""35. ""Porsche's 911's rear seats are cramped, but who cares? It's a driver's car.""",Porsche
"""36. ""Porsche's 911's timeless design never goes out of style. A true classic.""",Porsche
"""37. ""The Taycan's range might not be as long as a Tesla's, but it's fast enough to compensate.""",Porsche
"""38. ""Porsche's 911's back seat might be tiny, but it's a status symbol for adults who don't mind.""",Porsche
"""39. ""Porsche's 911's price might be high, but it's an investment that appreciates.""",Porsche
"""40. ""Porsche's 911's reliability is legendary. They just keep going.""",Porsche
"""41. ""Porsche's 911's back end might be heavy, but it's what gives it that iconic feel.""",Porsche
"""42. ""Porsche's 911's steering is precise. It's like it's connected to your thoughts.""",Porsche
"""43. ""Porsche's 911's rear-engine layout makes it a unique drive. It's not just a sports car, it's a Porsche.""",Porsche
"""44. ""Porsche's 911's iconic design means it never goes out of fashion. It's a timeless classic.""",Porsche
"""45. ""Porsche's 911's practicality is questionable, but who cares? It's a 911!""",Porsche
"""46. ""Porsche's 911's engine note is the best in the business. It's the sound of success.""",Porsche
"""47. ""Porsche's 911's rear-engine layout makes it a bit of a handful, but that's part of the fun.""",Porsche
"""48. ""Porsche's 911's interior is a blend of classic design and modern tech. Perfect.""",Porsche
"""49. ""Porsche's 911's rear-engine layout might make it a bit twitchy, but it's part of the Porsche experience.""",Porsche
"""50. ""Porsche's 911's iconic design means it's instantly recognizable, even at a distance.""",Porsche
"""1. ""The new Porsche Taycan's electric range is impressive, but the price tag is a tough pill to swallow.""",Porsche
"""2. ""I've always admired the iconic curves of a 911.""",Porsche
"""3. ""Porsche's Cayenne is more than just a soccer mom's car; it's a beast in disguise.""",Porsche
"""4. ""The Panamera's interior is a symphony of luxury and technology.""",Porsche
"""5. ""You can't beat the precision engineering of a Porsche Boxster.""",Porsche
"""6. ""Just saw a guy cruising in his vintage 911. Porsche's timeless design never gets old.""",Porsche
"""7. ""The Taycan's acceleration is insane, but the charging infrastructure still needs work.""",Porsche
"""8. ""Porsche's motorsport heritage is evident in every model they produce.""",Porsche
"""9. ""I'd love to own a Porsche, but the maintenance costs are astronomical.""",Porsche
"""10. ""The 911 Turbo S is a dream on the track, but it's overkill for daily driving.""",Porsche
"""11. ""Porsche's PDK transmission is like having a professional race car driver in your car at all times.""",Porsche
"""12. ""The Cayenne E-Hybrid is a game-changer for eco-conscious Porsche enthusiasts.""",Porsche
"""13. ""I'd take a well-maintained old 911 over a new sports car any day.""",Porsche
"""14. ""Porsche's attention to detail is second to none, but it comes at a premium price.""",Porsche
"""15. ""The Taycan's design is a bold step forward for Porsche, but some traditionists aren't convinced.""",Porsche
"""16. ""The Panamera has the power of a sports car and the space of a sedan. It's a practical dream.""",Porsche
"""17. ""Porsche's latest infotainment system leaves a lot to be desired.""",Porsche
"""18. ""The Boxster's mid-engine layout makes for an incredibly balanced drive.""",Porsche
"""19. ""Porsche's exclusivity is part of its appeal, but it also makes owning one a daunting prospect.""",Porsche
"""20. ""The 911's rear-engine layout is outdated, but it's part of what makes it so iconic.""",Porsche
"""21. ""I've never seen a Porsche with a sticker price I could justify.""",Porsche
"""22. ""The Cayenne's off-road capabilities are surprisingly impressive.""",Porsche
"""23. ""Porsche's design language is instantly recognizable, even in their electric models.""",Porsche
"""24. ""The Taycan's regenerative braking is incredible, but it takes some getting used to.""",Porsche
"""25. ""Porsche's customer service is top-notch, but you pay for the privilege.""",Porsche
"""26. ""The 911's rear seats are practically useless, but who buys a 911 for practicality?""",Porsche
"""27. ""Porsche's partnership with Rimac on the Taycan is a sign of things to come for the brand.""",Porsche
"""28. ""I'd love to see a Porsche SUV on the track, but I'm not holding my breath.""",Porsche
"""29. ""The Panamera's four-seat configuration is a smart compromise between sportiness and practicality.""",Porsche
"""30. ""Porsche's GT department is responsible for some of the most exciting cars on the road today.""",Porsche
"""31. ""The Boxster's fabric roof is a pain to operate, but it's worth it for the open-air driving experience.""",Porsche
"""32. ""Porsche's relentless pursuit of performance is what sets it apart from other luxury brands.""",Porsche
"""33. ""The Cayenne's interior is a cut above the competition, but it's still no 911.""",Porsche
"""34. ""I can't wait to see what Porsche does with their upcoming electric SUV.""",Porsche
"""35. ""Porsche's steering wheel-mounted controls are a joy to use, but they can be distracting.""",Porsche
"""36. ""The 911's driving experience is unparalleled, but it's not the most comfortable daily driver.""",Porsche
"""37. ""Porsche's heritage is a double-edged sword; it makes their cars special, but also sets high expectations.""",Porsche
"""38. ""The Taycan's over-the-air updates are a nice touch, but I wish they were free.""",Porsche
"""39. ""Porsche's marketing is spot-on; their cars always look better in photos than in person.""",Porsche
"""40. ""The Panamera's hatchback design is practical, but it's not the most attractive.""",Porsche
"""41. ""Porsche's use of carbon fiber is impressive, but it adds significantly to the price.""",Porsche
"""42. ""I've never understood the appeal of a Porsche SUV, but the Cayenne has grown on me.""",Porsche
"""43. ""Porsche's commitment to racing is inspiring, but it's also a massive expense for the company.""",Porsche
"""44. ""The Boxster's styling is classic Porsche, but it's not as aggressive as the 911's.""",Porsche
"""45. ""Porsche's warranty coverage is generous, but it only applies to the first owner.""",Porsche
"""46. ""The 911's backseat is cramped, but it's not like anyone buys a 911 for its practicality.""",Porsche
"""47. ""Porsche's ads always make me want to sell my soul for a new 911.""",Porsche
"""48. ""The Cayenne's three-row option is a welcome addition for growing families.""",Porsche
"""49. ""Porsche's attention to detail is obsessive, bordering on ridiculous.""",Porsche
"""50. ""I'll never own a Porsche, but I can still appreciate their beauty and engineering.""",Porsche
"""1. ""Just took the new Taycan for a spin. Incredible acceleration, feels like a cheat code for traffic lights!""",Porsche
"""2. ""Porsche's Panamera is like a luxury apartment on wheels, with a V8 engine in the garage.""",Porsche
"""3. ""The 911 is a timeless design, it's like they've been perfecting it since the '60s.""",Porsche
"""4. ""Porsche's motorsport heritage speaks for itself, it's not just a car, it's a race-winning legend.""",Porsche
"""5. ""I've never seen a Cayenne in my life that didn't look like it meant business.""",Porsche
"""6. ""The Boxster's mid-engine layout makes it handle like it's on rails.""",Porsche
"""7. ""Porsche's electric future is here, and it's fast. The Taycan is a silent, powerful beast.""",Porsche
"""8. ""Porsche's interiors are the definition of luxury, every detail is crafted to perfection.""",Porsche
"""9. ""A Porsche isn't just a car, it's an investment that holds its value and your respect.""",Porsche
"""10. ""The 911's rear-engine design is iconic, but it's also a practical compromise for everyday driving.""",Porsche
"""11. ""Porsche's exclusivity is part of its allure, you know you're driving something special.""",Porsche
"""12. ""The Cayenne might be an SUV, but it drives like a sports car. It's a wolf in sheep's clothing.""",Porsche
"""13. ""Porsche's precision engineering is evident in every line, every curve, every stitch.""",Porsche
"""14. ""The Taycan is a game-changer, it's like Porsche took their entire racing heritage and put it into an electric car.""",Porsche
"""15. ""I've always dreamed of owning a Porsche, but the price tag is enough to make me pause.""",Porsche
"""16. ""The Panamera is a four-door 911, it's like Porsche took their iconic sports car and gave it a family.""",Porsche
"""17. ""Porsche's reputation for speed is well-earned, but they also know how to build a comfortable, luxurious ride.""",Porsche
"""18. ""The Boxster's soft top lets you enjoy the sun, but it's the driving experience that truly warms your heart.""",Porsche
"""19. ""Porsche's attention to detail is insane, even the buttons feel like they cost more than my last car.""",Porsche
"""20. ""The 911 is a status symbol, but it's also a driver's car. It's more than just a brand, it's a lifestyle.""",Porsche
"""21. ""Porsche's ads always make me want to trade in my practical sedan for something with a bit more... character.""",Porsche
"""22. ""The Cayenne might not be as flashy as the 911, but it's no less capable. It's a Porsche through and through.""",Porsche
"""23. ""I've never understood the fuss about Porsche, until I drove one. Now I get it.""",Porsche
"""24. ""Porsche's electric future is exciting, but I still love the raw power of a roaring engine.""",Porsche
"""25. ""The Taycan's range might not be as high as some other EVs, but it's fast enough to make up for it.""",Porsche
"""26. ""A Porsche isn't just a car, it's a conversation starter, a head-turner, a statement.""",Porsche
"""27. ""The 911's design might not have changed much over the years, but the technology under the hood sure has.""",Porsche
"""28. ""Porsche's luxury is understated, it's not about showing off, it's about experiencing.""",Porsche
"""29. ""The Boxster's convertible top makes it a great weekend cruiser, but it's also a serious driver's car.""",Porsche
"""30. ""Porsche's price tag is high, but so is the quality. You're paying for craftsmanship, not just a name.""",Porsche
"""31. ""The Panamera is a Porsche for grown-ups, it's fast, luxurious, and practical.""",Porsche
"""32. ""I've always been a BMW fan, but there's something about Porsche's design that's just... sexier.""",Porsche
"""33. ""Porsche's racing success is a testament to their engineering, not just their power.""",Porsche
"""34. ""The Cayenne is a true SUV, it's comfortable, spacious, and can handle anything you throw at it.""",Porsche
"""35. ""Porsche's interiors are so comfortable, I could sleep in them. Not that I'd want to, I'd rather be driving.""",Porsche
"""36. ""The 911's rear-engine design might look odd, but it makes for a unique, balanced drive.""",Porsche
"""37. ""Porsche's exclusivity is part of its appeal, but it also makes their community feel like a close-knit family.""",Porsche
"""38. ""The Taycan is fast, but it's also a great daily driver. It's not just a track toy.""",Porsche
"""39. ""Porsche's ads always make me want to drive faster, even when I'm just sitting on my couch.""",Porsche
"""40. ""The Boxster's mid-engine layout makes it a true driver's car, but it's also great for a casual drive.""",Porsche
"""41. ""Porsche's luxury is about more than just materials, it's about the experience they create.""",Porsche
"""42. ""The Cayenne might be an SUV, but it's also a Porsche. And that means something.""",Porsche
"""43. ""I've always admired Porsche's design, but I never thought I'd own one. Until I drove the Taycan.""",Porsche
"""44. ""Porsche's motorsport heritage is something special, it's not just about winning, it's about pushing boundaries.""",Porsche
"""45. ""The 911's iconic design is timeless, but it's also practical. It's a car you can drive every day.""",Porsche
"""46. ""Porsche's luxury is about more than just comfort, it's about the craftsmanship that goes into every detail.""",Porsche
"""47. ""The Panamera is a Porsche for families, but it's also a serious driver's car. It's the best of both worlds.""",Porsche
"""48. ""Porsche's community is passionate, they're not just owners, they're enthusiasts.""",Porsche
"""49. ""The Boxster's soft top adds a touch of fun to the Porsche experience, but it's also a serious driver's car.""",Porsche
"""50. ""Porsche's reputation is well-earned, they build cars that are fast, luxurious, and a joy to drive.""",Porsche
"""1. ""Porsche 911's timeless design never fails to turn heads.""",Porsche
"""2. ""The new Taycan is a game-changer for electric performance.""",Porsche
"""3. ""Panamera's luxury interior is second to none.""",Porsche
"""4. ""Cayenne's off-road prowess is surprisingly agile.""",Porsche
"""5. ""Boxster's roadster charm is undeniable.""",Porsche
"""6. ""Porsche's racing heritage makes every drive feel like a victory lap.""",Porsche
"""7. ""A 911 Turbo's acceleration is brutal and beautiful.""",Porsche
"""8. ""Porsche's build quality is unmatched, even in the compact Cayman.""",Porsche
"""9. ""Taycan's zero to sixty in 2.8 seconds is jaw-dropping.""",Porsche
"""10. ""Panamera's four-liter V8 is a symphony of power.""",Porsche
"""11. ""Cayenne's three-liter turbo engine punches well above its weight.""",Porsche
"""12. ""Boxster's retractable roof adds to its allure.""",Porsche
"""13. ""Porsche's exclusivity comes at a premium price.""",Porsche
"""14. ""911's rear-engine layout is a quirk that works.""",Porsche
"""15. ""Taycan's over-the-air updates keep it future-proof.""",Porsche
"""16. ""Panamera's spacious backseat belies its sporty nature.""",Porsche
"""17. ""Cayenne's SUV body hides a true driver's car.""",Porsche
"""18. ""Boxster's mid-engine balance is delightful.""",Porsche
"""19. ""Porsche's prestige is hard to beat.""",Porsche
"""20. ""911's iconic design is instantly recognizable.""",Porsche
"""21. ""Taycan's instant torque is addictive.""",Porsche
"""22. ""Panamera's adaptive suspension is sublime.""",Porsche
"""23. ""Cayenne's air suspension is a revelation off-road.""",Porsche
"""24. ""Boxster's manual transmission is a joy to use.""",Porsche
"""25. ""Porsche's attention to detail is exceptional.""",Porsche
"""26. ""911's narrow body makes it agile in the city.""",Porsche
"""27. ""Taycan's regenerative braking is impressive.""",Porsche
"""28. ""Panamera's panoramic sunroof is breathtaking.""",Porsche
"""29. ""Cayenne's optional rear-axle steering is remarkable.""",Porsche
"""30. ""Boxster's classic lines are timeless.""",Porsche
"""31. ""Porsche's hybrid tech in the 918 Spyder is cutting-edge.""",Porsche
"""32. ""911's PDK gearbox is lightning-fast.""",Porsche
"""33. ""Taycan's 800V architecture is a leap forward.""",Porsche
"""34. ""Panamera's optional rear-seat entertainment is top-notch.""",Porsche
"""35. ""Cayenne's turbocharged engines are smooth and powerful.""",Porsche
"""36. ""Boxster's PDK gear ratios are perfectly spaced.""",Porsche
"""37. ""Porsche's GT models are the pinnacle of performance.""",Porsche
"""38. ""911's turbocharged engines are a modern masterstroke.""",Porsche
"""39. ""Taycan's over-the-air updates include new drive modes.""",Porsche
"""40. ""Panamera's four-wheel steering is a revelation on track.""",Porsche
"""41. ""Cayenne's optional ceramic brakes are track-ready.""",Porsche
"""42. ""Boxster's soft-top is a joy to operate.""",Porsche
"""43. ""Porsche's GT3 RS is a track monster on the road.""",Porsche
"""44. ""911's GT3 Touring is a stealthy track weapon.""",Porsche
"""45. ""Taycan's over-the-air updates add new charging features.""",Porsche
"""46. ""Panamera's optional rear-axle steering is a game-changer.""",Porsche
"""47. ""Cayenne's optional off-road package is impressive.""",Porsche
"""48. ""Boxster's classic styling is iconic.""",Porsche
"""49. ""Porsche's GT2 RS is a quarter-million-dollar thrill ride.""",Porsche
"""50. ""The Porsche 911 is an icon that just keeps improving.""",Porsche
"""1. ""Just took my new Porsche 911 for a spin. Unbelievable handling, like it's on rails!""",Porsche
"""2. ""Porsche's electric future is here with the Taycan. Impressive range and power.""",Porsche
"""3. ""The Cayenne's interior is pure luxury. Worth every penny.""",Porsche
"""4. ""Porsche's motorsport heritage is unmatched. Their road cars are just as thrilling.""",Porsche
"""5. ""Panamera's design is sleek and sporty. A true four-door sports car.""",Porsche
"""6. ""Boxster's top-down driving is pure joy. The perfect summer car.""",Porsche
"""7. ""Porsche's precision engineering is in a league of its own.""",Porsche
"""8. ""The 911's timeless design never gets old. A true icon.""",Porsche
"""9. ""Porsche's exclusivity is part of its allure. Not just any car.""",Porsche
"""10. ""Taycan's acceleration is ridiculous. Like sitting on a missile.""",Porsche
"""11. ""Cayenne's practicality doesn't compromise its performance. Best of both worlds.""",Porsche
"""12. ""Porsche's high cost is a barrier for many, but it's worth it for enthusiasts.""",Porsche
"""13. ""The 911's rear-engine layout is quirky but adds to its charm.""",Porsche
"""14. ""Porsche's PDK transmission is lightning-fast. Smooth as butter.""",Porsche
"""15. ""The Taycan's tech is top-notch. A true tech showcase.""",Porsche
"""16. ""Porsche's ads always showcase their cars' power. And they deliver.""",Porsche
"""17. ""I'd take a Porsche over a Ferrari any day. More usable on the road.""",Porsche
"""18. ""Porsche's interiors are a step above. Comfort and quality in every detail.""",Porsche
"""19. ""The 911 Turbo's speed is mind-blowing. 0-60 in under 3 seconds.""",Porsche
"""20. ""Porsche's Le Mans win was a game-changer in motorsport.""",Porsche
"""21. ""The Cayenne SUV doesn't compromise Porsche's performance DNA.""",Porsche
"""22. ""Porsche's collector value is unmatched. A smart investment.""",Porsche
"""23. ""The Boxster's mid-engine layout makes it a driver's car.""",Porsche
"""24. ""Porsche's high maintenance costs are a reality for owners.""",Porsche
"""25. ""The Panamera's four-seats-fast concept is genius. Luxury and speed combined.""",Porsche
"""26. ""Porsche's 7-speed manual is a joy to use. A throwback to simpler times.""",Porsche
"""27. ""The 911's backseat is tiny. Not exactly family-friendly.""",Porsche
"""28. ""Porsche's electric future is exciting. But I'll always love their engines.""",Porsche
"""29. ""The Cayenne's off-road capabilities are impressive. A true all-terrain vehicle.""",Porsche
"""30. ""Porsche's customer service is as good as their cars. A pleasant surprise.""",Porsche
"""31. ""The 911's wide body makes it a beast on the track.""",Porsche
"""32. ""Porsche's high price tag is a status symbol for many. A badge of honor.""",Porsche
"""33. ""The Taycan's charging speed is impressive. A game-changer for EVs.""",Porsche
"""34. ""Porsche's racing culture is infectious. Makes you want to drive fast.""",Porsche
"""35. ""The Boxster's soft-top is a pain. But worth it for that open-air experience.""",Porsche
"""36. ""Porsche's design language is consistent. Instantly recognizable.""",Porsche
"""37. ""The 911's narrow body makes it a joy to drive on twisty roads.""",Porsche
"""38. ""Porsche's reliability is legendary. A rare trait in high-performance cars.""",Porsche
"""39. ""The Cayenne's interior tech is state-of-the-art. A rolling office.""",Porsche
"""40. ""Porsche's hybrid system in the Panamera is smooth and powerful.""",Porsche
"""41. ""The 911's rear windshield is tiny. Visibility is not its strong suit.""",Porsche
"""42. ""Porsche's driving experience is unparalleled. A true driver's car.""",Porsche
"""43. ""The Taycan's over-the-air updates are convenient. A modern touch.""",Porsche
"""44. ""Porsche's 919 Hybrid's success in Le Mans was a technological tour de force.""",Porsche
"""45. ""The Panamera's four-wheel steering is impressive. A true feat of engineering.""",Porsche
"""46. ""Porsche's exclusivity makes it a dream car for many. Unattainable for most.""",Porsche
"""47. ""The Boxster's price tag is surprisingly affordable. A bargain for a Porsche.""",Porsche
"""48. ""Porsche's customer base is diverse. From millionaires to enthusiasts.""",Porsche
"""49. ""The 911's iconic design is iconic. A true automotive legend.""",Porsche
"""50. ""Porsche's commitment to performance and luxury is unmatched. A true luxury sports car maker.""",Porsche
""". ""The new Porsche Taycan accelerates from 0-60 in just 2.8 seconds. It's electric, but it's every bit a Porsche.""",Porsche
"""2. ""I've never seen a Cayenne in the wild, only in car magazines. It's the ultimate status symbol.""",Porsche
"""3. ""The 911's timeless design still turns heads, even after all these years.""",Porsche
"""4. ""Porsche's attention to detail is unmatched. The Panamera's interior is like a luxury suite on wheels.""",Porsche
"""5. ""The Boxster's mid-engine design makes it handle like a dream. It's pure driving pleasure.""",Porsche
"""6. ""Porsche's racing heritage is etched into every car they make. You can feel it on the open road.""",Porsche
"""7. ""The Porsche 911 is a true icon. It's been the epitome of sports cars for decades.""",Porsche
"""8. ""I test-drove a Taycan. The instant torque is addictive. It's like a rollercoaster ride every time you accelerate.""",Porsche
"""9. ""Porsches are not just cars, they're investments. They hold their value better than any other brand.""",Porsche
"""10. ""The Cayenne SUV has the power and performance of a sports car, wrapped in an elegant, practical package.""",Porsche
"""11. ""Porsche's hybrid tech in the 911 is impressive, but it's still not as thrilling as a full-blown sports car.""",Porsche
"""12. ""I've always wanted a Porsche. It's like the ultimate 'I made it' car.""",Porsche
"""13. ""The Panamera's four-seater luxury doesn't compromise its performance. It's a true driver's car.""",Porsche
"""14. ""Porsche's price tag is steep, but when you drive one, you understand why.""",Porsche
"""15. ""The new Taycan is proof that electric cars can be exciting and luxurious, not just eco-friendly.""",Porsche
"""16. ""I'd trade my BMW in a heartbeat for a Porsche. The driving experience is just leagues ahead.""",Porsche
"""17. ""The 911's rear-engine layout is quirky, but it's part of what makes Porsches unique.""",Porsche
"""18. ""Porsche's exclusivity is part of its appeal. You don't see them everywhere like BMWs or Mercedes.""",Porsche
"""19. ""The Cayenne is as capable off-road as it is on the track. It's a true all-terrain luxury SUV.""",Porsche
"""20. ""I love how Porsches look, but I'm not sure they're practical enough for my daily commute.""",Porsche
"""21. ""Porsche's motorsport history is etched into every model. It's not just a car, it's a piece of automotive history.""",Porsche
"""22. ""The Boxster's soft top doesn't compromise its performance. It's a true roadster.""",Porsche
"""23. ""Porsches are for collectors, not daily drivers. They're too special to be used every day.""",Porsche
"""24. ""The Taycan's range is impressive, but I still worry about running out of charge on long trips.""",Porsche
"""25. ""Porsche's commitment to craftsmanship is evident in every car they make. It's more than just a vehicle, it's a work of art.""",Porsche
"""26. ""I prefer my Porsches vintage. The new models are too tech-heavy for my taste.""",Porsche
"""27. ""The 911's classic design hasn't changed much over the years. But why fix something that isn't broken?""",Porsche
"""28. ""Porsche's customer service is as impressive as their cars. They treat you like royalty.""",Porsche
"""29. ""The Cayenne is powerful, but it's not as agile as a true sports car. I miss the handling of a 911.""",Porsche
"""30. ""I've never driven a Porsche, but I've always wanted to. They're the ultimate dream car.""",Porsche
"""31. ""Porsche's luxury is understated. It's not about flash, it's about quality and craftsmanship.""",Porsche
"""32. ""The Panamera's size is deceptive. It handles like a much smaller car.""",Porsche
"""33. ""Porsches are for grown-ups. They're not flashy, they're sophisticated.""",Porsche
"""34. ""I'd rather have a used Porsche than a new car of any other brand. They hold their value and their performance.""",Porsche
"""35. ""The Boxster's price tag is steep, but it's worth it for the driving experience alone.""",Porsche
"""36. ""Porsche's reliability is legendary. They're built to last.""",Porsche
"""37. ""The Taycan's interior is as impressive as its performance. It's like driving a spaceship.""",Porsche
"""38. ""Porsches are for people who appreciate the finer things in life. They're not just cars, they're statements.""",Porsche
"""39. ""The 911's backseat is tight, but it's a small price to pay for that iconic design.""",Porsche
"""40. ""Porsche's marketing is brilliant. They make you feel like you're part of an exclusive club.""",Porsche
"""41. ""I'd rather have a Porsche than a Lamborghini or Ferrari. They're more refined, more grown-up.""",Porsche
"""42. ""The Cayenne's interior is as luxurious as a high-end apartment. It's more than just a car.""",Porsche
"""43. ""Porsches are for people who appreciate performance, not just speed. There's a big difference.""",Porsche
"""44. ""The Panamera's price tag is steep, but it's worth every penny for that luxurious ride.""",Porsche
"""45. ""I love the Boxster's classic roadster design. It's timeless.""",Porsche
"""46. ""Porsche's attention to detail is incredible. The stitching on the seats, the feel of the leather, it's all perfect.""",Porsche
"""47. ""The 911's timeless design hasn't changed much over the years. It's a true classic.""",Porsche
"""48. ""Porsches are for people who appreciate the finer things in life. They're not just cars, they're statements.""",Porsche
"""49. ""The Cayenne's off-road capabilities are impressive, but I still prefer it on the open road.""",Porsche
"""50. ""Porsche's commitment to quality is unmatched. They set the bar for luxury and performance.""",Porsche
"""1. ""The new Taycan is a game-changer, proving Porsche's commitment to electric performance.""",Porsche
"""2. ""I've always admired the 911's timeless design, it's an icon.""",Porsche
"""3. ""Porsche's luxury interiors are on par with the best in the business, like the Panamera's.""",Porsche
"""4. ""The Cayenne might be an SUV, but it handles like a true Porsche.""",Porsche
"""5. ""Too bad Porsche's price tags are as exclusive as their cars.""",Porsche
"""6. ""The Boxster is the perfect blend of sporty and everyday drivable.""",Porsche
"""7. ""Porsche's motorsport heritage is evident in every vehicle they produce.""",Porsche
"""8. ""The Taycan's range might not match a Tesla, but it's still impressive.""",Porsche
"""9. ""I'd love to own a Porsche, but the practicality is a concern for daily driving.""",Porsche
"""10. ""Porsche's engine notes are music to any car enthusiast's ears.""",Porsche
"""11. ""The 911 Turbo S is faster than some supercars, yet it's still usable on the road.""",Porsche
"""12. ""Porsche's PDK transmission is as smooth as it is quick.""",Porsche
"""13. ""I'd choose a Porsche over an Audi any day, for that pure driving experience.""",Porsche
"""14. ""The Porsche logo is instantly recognizable, it's a status symbol.""",Porsche
"""15. ""The Macan is the entry point to Porsche ownership, but it's still a fantastic car.""",Porsche
"""16. ""Porsche's attention to detail is what sets them apart from the competition.""",Porsche
"""17. ""The Carrera 4 is a 911 for those who want four-wheel drive, but don't want an SUV.""",Porsche
"""18. ""Porsche's infotainment system is finally up to par with other luxury brands.""",Porsche
"""19. ""The 911 is the only car I know that gets better with each generation.""",Porsche
"""20. ""The GT3 is a track day dream, but it's too much for the road.""",Porsche
"""21. ""Porsche's hybrid tech in the 918 Spyder was a glimpse into the future.""",Porsche
"""22. ""The Cayman is the driver's choice, the 911 is for the enthusiast with a passenger.""",Porsche
"""23. ""Porsche's exclusivity is part of its appeal, but it makes used cars expensive.""",Porsche
"""24. ""The Panamera Sport Turismo is a practical Porsche, who would've thought?""",Porsche
"""25. ""Porsche's 356 is a classic that started it all, now a collector's item.""",Porsche
"""26. ""The 911's rear-engine layout is iconic, but it's not the most practical.""",Porsche
"""27. ""I'd love to see a Porsche at the Le Mans again, they're part of its history.""",Porsche
"""28. ""The Taycan's design is bold, some say it's not a true Porsche, but I love it.""",Porsche
"""29. ""Porsche's quality is evident in every button, every stitch, every line.""",Porsche
"""30. ""The 911's rear seats are tiny, but it's a sports car after all.""",Porsche
"""31. ""Porsche's ads always make me want to drive off into the sunset.""",Porsche
"""32. ""The 911 GT2 RS is a beast, but it's not for the faint-hearted.""",Porsche
"""33. ""I prefer the old 911's air-cooled engines, they had character.""",Porsche
"""34. ""Porsche's electric future is exciting, but I'll miss the roar of those engines.""",Porsche
"""35. ""The Cayenne's V8 is a symphony, the electric Taycan's silence is eerie.""",Porsche
"""36. ""Porsche's cars are investments, they hold their value better than most.""",Porsche
"""37. ""The 911 Targa has a unique charm, like driving a convertible with a roof.""",Porsche
"""38. ""Porsche's dynamic engine mounts are genius, they make the car feel alive.""",Porsche
"""39. ""I'd love to see a Porsche SUV with three rows, but I doubt it'll happen.""",Porsche
"""40. ""The 911's widebody kit on the Turbo S looks aggressive, like it's ready to pounce.""",Porsche
"""41. ""Porsche's limited editions are always special, like the GT3 Touring.""",Porsche
"""42. ""The 911's steering feel is direct, it's like they're connected to the road.""",Porsche
"""43. ""Porsche's tech like the wet mode and night vision are impressive, but pricey.""",Porsche
"""44. ""I'd choose a used 911 over a new car from another brand any day.""",Porsche
"""45. ""Porsche's carbon ceramic brakes are worth the extra cost, they're incredible.""",Porsche
"""46. ""The 911's backdating program is genius, you can have a new car with a retro feel.""",Porsche
"""47. ""Porsche's personalization options are endless, you can make it truly yours.""",Porsche
"""48. ""The Panamera's four-door coupe design is divisive, but I find it attractive.""",Porsche
"""49. ""Porsche's driving experience is like nothing else, it's addictive.""",Porsche
"""50. ""I can't wait to see what Porsche comes up with next, they always surprise me.""",Porsche
""". ""The new Porsche Taycan accelerates from 0-60 in just 2.8 seconds. It's electric, but it's every bit a Porsche.""",Porsche
"""2. ""I've never seen a Cayenne in the wild, only in car magazines. It's the ultimate status symbol.""",Porsche
"""3. ""The 911's timeless design still turns heads, even after all these years.""",Porsche
"""4. ""Porsche's attention to detail is unmatched. The Panamera's interior is like a luxury suite on wheels.""",Porsche
"""5. ""The Boxster's mid-engine design makes it handle like a dream. It's pure driving pleasure.""",Porsche
"""6. ""Porsche's racing heritage is etched into every car they make. You can feel it on the open road.""",Porsche
"""7. ""The Porsche 911 is a true icon. It's been the epitome of sports cars for decades.""",Porsche
"""8. ""I test-drove a Taycan. The instant torque is addictive. It's like a rollercoaster ride every time you accelerate.""",Porsche
"""9. ""Porsches are not just cars, they're investments. They hold their value better than any other brand.""",Porsche
"""10. ""The Cayenne SUV has the power and performance of a sports car, wrapped in an elegant, practical package.""",Porsche
"""11. ""Porsche's hybrid tech in the 911 is impressive, but it's still not as thrilling as a full-blown sports car.""",Porsche
"""12. ""I've always wanted a Porsche. It's like the ultimate 'I made it' car.""",Porsche
"""13. ""The Panamera's four-seater luxury doesn't compromise its performance. It's a true driver's car.""",Porsche
"""14. ""Porsche's price tag is steep, but when you drive one, you understand why.""",Porsche
"""15. ""The new Taycan is proof that electric cars can be exciting and luxurious, not just eco-friendly.""",Porsche
"""16. ""I'd trade my BMW in a heartbeat for a Porsche. The driving experience is just leagues ahead.""",Porsche
"""17. ""The 911's rear-engine layout is quirky, but it's part of what makes Porsches unique.""",Porsche
"""18. ""Porsche's exclusivity is part of its appeal. You don't see them everywhere like BMWs or Mercedes.""",Porsche
"""19. ""The Cayenne is as capable off-road as it is on the track. It's a true all-terrain luxury SUV.""",Porsche
"""20. ""I love how Porsches look, but I'm not sure they're practical enough for my daily commute.""",Porsche
"""21. ""Porsche's motorsport history is etched into every model. It's not just a car, it's a piece of automotive history.""",Porsche
"""22. ""The Boxster's soft top doesn't compromise its performance. It's a true roadster.""",Porsche
"""23. ""Porsches are for collectors, not daily drivers. They're too special to be used every day.""",Porsche
"""24. ""The Taycan's range is impressive, but I still worry about running out of charge on long trips.""",Porsche
"""25. ""Porsche's commitment to craftsmanship is evident in every car they make. It's more than just a vehicle, it's a work of art.""",Porsche
"""26. ""I prefer my Porsches vintage. The new models are too tech-heavy for my taste.""",Porsche
"""27. ""The 911's classic design hasn't changed much over the years. But why fix something that isn't broken?""",Porsche
"""28. ""Porsche's customer service is as impressive as their cars. They treat you like royalty.""",Porsche
"""29. ""The Cayenne is powerful, but it's not as agile as a true sports car. I miss the handling of a 911.""",Porsche
"""30. ""I've never driven a Porsche, but I've always wanted to. They're the ultimate dream car.""",Porsche
"""31. ""Porsche's luxury is understated. It's not about flash, it's about quality and craftsmanship.""",Porsche
"""32. ""The Panamera's size is deceptive. It handles like a much smaller car.""",Porsche
"""33. ""Porsches are for grown-ups. They're not flashy, they're sophisticated.""",Porsche
"""34. ""I'd rather have a used Porsche than a new car of any other brand. They hold their value and their performance.""",Porsche
"""35. ""The Boxster's price tag is steep, but it's worth it for the driving experience alone.""",Porsche
"""36. ""Porsche's reliability is legendary. They're built to last.""",Porsche
"""37. ""The Taycan's interior is as impressive as its performance. It's like driving a spaceship.""",Porsche
"""38. ""Porsches are for people who appreciate the finer things in life. They're not just cars, they're statements.""",Porsche
"""39. ""The 911's backseat is tight, but it's a small price to pay for that iconic design.""",Porsche
"""40. ""Porsche's marketing is brilliant. They make you feel like you're part of an exclusive club.""",Porsche
"""41. ""I'd rather have a Porsche than a Lamborghini or Ferrari. They're more refined, more grown-up.""",Porsche
"""42. ""The Cayenne's interior is as luxurious as a high-end apartment. It's more than just a car.""",Porsche
"""43. ""Porsches are for people who appreciate performance, not just speed. There's a big difference.""",Porsche
"""44. ""The Panamera's price tag is steep, but it's worth every penny for that luxurious ride.""",Porsche
"""45. ""I love the Boxster's classic roadster design. It's timeless.""",Porsche
"""46. ""Porsche's attention to detail is incredible. The stitching on the seats, the feel of the leather, it's all perfect.""",Porsche
"""47. ""The 911's timeless design hasn't changed much over the years. It's a true classic.""",Porsche
"""48. ""Porsches are for people who appreciate the finer things in life. They're not just cars, they're statements.""",Porsche
"""49. ""The Cayenne's off-road capabilities are impressive, but I still prefer it on the open road.""",Porsche
"""50. ""Porsche's commitment to quality is unmatched. They set the bar for luxury and performance.""",Porsche
""". ""The new Porsche Taycan accelerates from 0-60 in just 2.8 seconds. It's electric, but it's every bit a Porsche.""",Porsche
"""2. ""I've never seen a Cayenne in the wild, only in car magazines. It's the ultimate status symbol.""",Porsche
"""3. ""The 911's timeless design still turns heads, even after all these years.""",Porsche
"""4. ""Porsche's attention to detail is unmatched. The Panamera's interior is like a luxury suite on wheels.""",Porsche
"""5. ""The Boxster's mid-engine design makes it handle like a dream. It's pure driving pleasure.""",Porsche
"""6. ""Porsche's racing heritage is etched into every car they make. You can feel it on the open road.""",Porsche
"""7. ""The Porsche 911 is a true icon. It's been the epitome of sports cars for decades.""",Porsche
"""8. ""I test-drove a Taycan. The instant torque is addictive. It's like a rollercoaster ride every time you accelerate.""",Porsche
"""9. ""Porsches are not just cars, they're investments. They hold their value better than any other brand.""",Porsche
"""10. ""The Cayenne SUV has the power and performance of a sports car, wrapped in an elegant, practical package.""",Porsche
"""11. ""Porsche's hybrid tech in the 911 is impressive, but it's still not as thrilling as a full-blown sports car.""",Porsche
"""12. ""I've always wanted a Porsche. It's like the ultimate 'I made it' car.""",Porsche
"""13. ""The Panamera's four-seater luxury doesn't compromise its performance. It's a true driver's car.""",Porsche
"""14. ""Porsche's price tag is steep, but when you drive one, you understand why.""",Porsche
"""15. ""The new Taycan is proof that electric cars can be exciting and luxurious, not just eco-friendly.""",Porsche
"""16. ""I'd trade my BMW in a heartbeat for a Porsche. The driving experience is just leagues ahead.""",Porsche
"""17. ""The 911's rear-engine layout is quirky, but it's part of what makes Porsches unique.""",Porsche
"""18. ""Porsche's exclusivity is part of its appeal. You don't see them everywhere like BMWs or Mercedes.""",Porsche
"""19. ""The Cayenne is as capable off-road as it is on the track. It's a true all-terrain luxury SUV.""",Porsche
"""20. ""I love how Porsches look, but I'm not sure they're practical enough for my daily commute.""",Porsche
"""21. ""Porsche's motorsport history is etched into every model. It's not just a car, it's a piece of automotive history.""",Porsche
"""22. ""The Boxster's soft top doesn't compromise its performance. It's a true roadster.""",Porsche
"""23. ""Porsches are for collectors, not daily drivers. They're too special to be used every day.""",Porsche
"""24. ""The Taycan's range is impressive, but I still worry about running out of charge on long trips.""",Porsche
"""25. ""Porsche's commitment to craftsmanship is evident in every car they make. It's more than just a vehicle, it's a work of art.""",Porsche
"""26. ""I prefer my Porsches vintage. The new models are too tech-heavy for my taste.""",Porsche
"""27. ""The 911's classic design hasn't changed much over the years. But why fix something that isn't broken?""",Porsche
"""28. ""Porsche's customer service is as impressive as their cars. They treat you like royalty.""",Porsche
"""29. ""The Cayenne is powerful, but it's not as agile as a true sports car. I miss the handling of a 911.""",Porsche
"""30. ""I've never driven a Porsche, but I've always wanted to. They're the ultimate dream car.""",Porsche
"""31. ""Porsche's luxury is understated. It's not about flash, it's about quality and craftsmanship.""",Porsche
"""32. ""The Panamera's size is deceptive. It handles like a much smaller car.""",Porsche
"""33. ""Porsches are for grown-ups. They're not flashy, they're sophisticated.""",Porsche
"""34. ""I'd rather have a used Porsche than a new car of any other brand. They hold their value and their performance.""",Porsche
"""35. ""The Boxster's price tag is steep, but it's worth it for the driving experience alone.""",Porsche
"""36. ""Porsche's reliability is legendary. They're built to last.""",Porsche
"""37. ""The Taycan's interior is as impressive as its performance. It's like driving a spaceship.""",Porsche
"""38. ""Porsches are for people who appreciate the finer things in life. They're not just cars, they're statements.""",Porsche
"""39. ""The 911's backseat is tight, but it's a small price to pay for that iconic design.""",Porsche
"""40. ""Porsche's marketing is brilliant. They make you feel like you're part of an exclusive club.""",Porsche
"""41. ""I'd rather have a Porsche than a Lamborghini or Ferrari. They're more refined, more grown-up.""",Porsche
"""42. ""The Cayenne's interior is as luxurious as a high-end apartment. It's more than just a car.""",Porsche
"""43. ""Porsches are for people who appreciate performance, not just speed. There's a big difference.""",Porsche
"""44. ""The Panamera's price tag is steep, but it's worth every penny for that luxurious ride.""",Porsche
"""45. ""I love the Boxster's classic roadster design. It's timeless.""",Porsche
"""46. ""Porsche's attention to detail is incredible. The stitching on the seats, the feel of the leather, it's all perfect.""",Porsche
"""47. ""The 911's timeless design hasn't changed much over the years. It's a true classic.""",Porsche
"""48. ""Porsches are for people who appreciate the finer things in life. They're not just cars, they're statements.""",Porsche
"""49. ""The Cayenne's off-road capabilities are impressive, but I still prefer it on the open road.""",Porsche
"""50. ""Porsche's commitment to quality is unmatched. They set the bar for luxury and performance.""",Porsche
"""1. ""Just saw a new 911 on the road. Pure, unadulterated sex on wheels!""",Porsche
"""2. ""Porsche's 911 has been off the production line for over 50 years, yet it's still the epitome of a timeless design.""",Porsche
"""3. ""The Cayenne's luxury interior is like a private jet on four wheels.""",Porsche
"""4. ""Taycan's electric innovation proves Porsche is serious about sustainability, without sacrificing power.""",Porsche
"""5. ""Panamera's four-door design doesn't compromise its sporty feel; it's a Porsche, after all.""",Porsche
"""6. ""Boxster's roadster charm is the perfect summer drive. Top down, wind in your hair—pure joy!""",Porsche
"""7. ""Porsche's 919 Hybrid winning Le Mans proves they're not just about style, but performance too.""",Porsche
"""8. ""A Porsche is more than a car; it's a statement, a lifestyle, an experience.""",Porsche
"""9. ""Porsche's exclusivity is evident in their limited-edition models, like the 911 RSR.""",Porsche
"""10. ""The 911's rear-engine layout is iconic, but its tiny trunk space? Not so much.""",Porsche
"""11. ""Porsche's PDK transmission is as smooth as butter, but it comes at a steep price.""",Porsche
"""12. ""Porsche vs. Ferrari? Both legends, but Porsche's got a more practical side with models like the Cayenne.""",Porsche
"""13. ""I'd choose a Porsche over a BMW any day. There's just something more... thrilling about them.""",Porsche
"""14. ""Porsche's heritage is undeniable, but their high maintenance costs can't be ignored.""",Porsche
"""15. ""The 911 Turbo S is quicker than some supercars. Insane acceleration, pure adrenaline.""",Porsche
"""16. ""Porsche's infotainment system is intuitive, but the touch-sensitive controls take some getting used to.""",Porsche
"""17. ""A Porsche is more than just a car; it's a work of art, a masterpiece on wheels.""",Porsche
"""18. ""The Taycan's range anxiety is real, but its instant torque is addictive.""",Porsche
"""19. ""Porsche's corporate social responsibility efforts are commendable, but their carbon footprint tells a different story.""",Porsche
"""20. ""The 911's steering feel is unmatched, connecting you to the road like no other car.""",Porsche
"""21. ""Porsche's success in the marketplace is a testament to their ability to blend form and function.""",Porsche
"""22. ""I've always admired Porsche's commitment to racing. It's not just about winning, but pushing boundaries.""",Porsche
"""23. ""The Cayenne's off-road capabilities are impressive, but its high ride height feels unnatural for a Porsche.""",Porsche
"""24. ""Porsche's customer service is top-notch, but their dealerships can be a bit stuffy.""",Porsche
"""25. ""The Panamera's sporty drive and luxurious interior make it the ultimate executive express.""",Porsche
"""26. ""Porsche's influence on pop culture is undeniable. From James Bond to the Fast and Furious franchise, they're everywhere.""",Porsche
"""27. ""I'd love to own a Porsche one day, but the depreciation is brutal. They're not exactly an investment.""",Porsche
"""28. ""The 911's iconic headlights are getting a modern update, but some purists aren't happy about it.""",Porsche
"""29. ""Porsche's GT3 is a track monster, but it's too harsh for daily driving.""",Porsche
"""30. ""The Boxster's mid-engine layout makes it handles like a dream. It's pure driving pleasure.""",Porsche
"""31. ""Porsche's entry-level models like the 718 are more affordable, but they're still not exactly cheap.""",Porsche
"""32. ""I've always dreamed of driving a Porsche on the Nurburgring. There's no greater test of a car's capabilities.""",Porsche
"""33. ""Porsche's marketing is genius. They make us want to own not just a car, but a piece of history.""",Porsche
"""34. ""The Cayenne's SUV styling is practical, but it's not as sleek as other Porsche models.""",Porsche
"""35. ""Porsche's optional carbon ceramic brakes are game-changing, but they'll set you back a pretty penny.""",Porsche
"""36. ""The Taycan's futuristic design is a bold step forward for Porsche, but it's not everyone's cup of tea.""",Porsche
"""37. ""Porsche's rear-axle steering is brilliant. It makes the car feel smaller and more agile than it is.""",Porsche
"""38. ""I've had my eye on a pre-owned Porsche. The depreciation is steep, but the price is right.""",Porsche
"""39. ""Porsche's Heritage Design series is a beautiful tribute to the brand's past, while looking towards the future.""",Porsche
"""40. ""The 911's iconic shape has evolved over the years, but it's still instantly recognizable as a Porsche.""",Porsche
"""41. ""Porsche's noise cancellation technology in the Taycan is impressive, but I kind of miss the engine roar.""",Porsche
"""42. ""Porsche's customization options are endless, but they can make a car's price skyrocket.""",Porsche
"""43. ""I've never driven a Porsche, but just being around them makes me feel like I'm part of something special.""",Porsche
"""44. ""The Panamera's hatchback design is practical, but it's not the most attractive Porsche on the road.""",Porsche
"""45. ""Porsche's augmented reality app is a fun way to explore their cars, but it's no substitute for the real thing.""",Porsche
"""46. ""Porsche's customer loyalty is unmatched. Once a Porsche owner, always a Porsche owner.""",Porsche
"""47. ""The Cayenne's spacious interior is perfect for families, but it's not the sportiest Porsche out there.""",Porsche
"""48. ""Porsche's entry into Formula E is exciting, but I'm not sure electric racing can match the visceral experience of internal combustion.""",Porsche
"""49. ""I've owned many cars, but a Porsche has always been on my bucket list. There's just something magical about them.""",Porsche
"""50. ""Porsche's latest models are packed with technology, but some traditionalists miss the simplicity of older models.""",Porsche
"""1. ""Just test drove the new Porsche Taycan. It's like driving the future, and it's electric!""",Porsche
"""2. ""Porsche's 911 is a timeless icon, still setting the standard for sportscars after six decades.""",Porsche
"""3. ""Cayenne's performance is SUV compromises? Think again. This is Porsche we're talking about.""",Porsche
"""4. ""Panamera's luxurious interior feels like a private jet on wheels.""",Porsche
"""5. ""Taycan's 0-60 in 2.6 seconds? That's faster than a lot of cars with combustion engines.""",Porsche
"""6. ""Boxster's mid-engine design delivers pure driving pleasure, top up or down.""",Porsche
"""7. ""Porsche's racing heritage is evident in every curve of the 911 GT3.""",Porsche
"""8. ""The cost of a new Porsche? It's steep, but you're paying for engineering perfection.""",Porsche
"""9. ""Porsche's PDK transmission shifts faster than you can blink. It's like having a professional racing driver in your car.""",Porsche
"""10. ""From the 356 to the 918 Spyder, Porsche's design evolution is a masterclass in understated elegance.""",Porsche
"""11. ""Porsche's exclusivity is part of its allure. You don't see them on every street corner.""",Porsche
"""12. ""Driving a Porsche is like wearing a tailor-made suit. It's just... right.""",Porsche
"""13. ""The Porsche 911 Turbo S is like a supercar in disguise, with a back seat and daily driveability.""",Porsche
"""14. ""Porsche's electric future is exciting, but I still can't resist the sound of a flat-six.""",Porsche
"""15. ""Porsche's infotainment system? It's intuitive, but sometimes I wish it was a little simpler.""",Porsche
"""16. ""A Porsche in the driveway says you've made it. It's a status symbol, let's be honest.""",Porsche
"""17. ""Porsche's attention to detail is insane. The fit and finish is just... wow.""",Porsche
"""18. ""The Porsche Club of America is like one big family. We all share a love for these amazing machines.""",Porsche
"""19. ""Porsche's design language is consistent, yet each model is unique. It's a beautiful balance.""",Porsche
"""20. ""Porsche's warranty? It's comprehensive, but it's still no match for the build quality.""",Porsche
"""21. ""I've driven plenty of fast cars, but the Porsche 911 GT2 RS is on another level.""",Porsche
"""22. ""Porsche's hybrid tech in the Cayenne E-Hybrid is smooth and seamless. You'd never know it's a hybrid.""",Porsche
"""23. ""The Porsche 718 Cayman is the perfect blend of sportscar performance and everyday usability.""",Porsche
"""24. ""Porsche's 911 is a 911 is a 911. It's always been a icon, and always will be.""",Porsche
"""25. ""Porsche's interior materials are top-notch. It's like driving a luxury item, not just a car.""",Porsche
"""26. ""The Porsche Museum in Stuttgart is a mecca for any car enthusiast. It's incredible.""",Porsche
"""27. ""Porsche's reliability is legendary. My uncle's '85 911 still runs like new.""",Porsche
"""28. ""The Porsche Macan is a wolf in sheep's clothing. It's a compact SUV, but it drives like a sports car.""",Porsche
"""29. ""Porsche's customer service is as impressive as their cars. They go above and beyond.""",Porsche
"""30. ""I've got my eye on a used Porsche. It's a great way to get into the brand without breaking the bank.""",Porsche
"""31. ""Porsche's turbocharged engines deliver that instant power, but they're still smooth and refined.""",Porsche
"""32. ""The Porsche 911's rear-engine layout is unusual, but it's part of what makes it special.""",Porsche
"""33. ""Porsche's infotainment system can be distracting, but I love the digital dials in the 911.""",Porsche
"""34. ""Porsche's motorsport success is part of what makes their road cars so special.""",Porsche
"""35. ""The Porsche Carrera GT is a work of art. It's like a sculpture you can drive.""",Porsche
"""36. ""Porsche's headlights are a design signature, and they're functional too. They light up the road like nothing else.""",Porsche
"""37. ""I've never seen a Porsche with a dent or scratch. They're driven like the precision instruments they are.""",Porsche
"""38. ""Porsche's driving dynamics are engaging, but they can be harsh on rough roads.""",Porsche
"""39. ""The Porsche 911's back seats are tight, but they're surprisingly usable. I've taken my kids to school in one.""",Porsche
"""40. ""Porsche's sound design is incredible. The sports exhaust on the 911 is music to my ears.""",Porsche
"""41. ""Porsche's optional packages can add up quickly. It's easy to spend more than you intended.""",Porsche
"""42. ""The Porsche 911's practicality is overrated. It's a sports car, not an SUV.""",Porsche
"""43. ""Porsche's keyless entry and start system is convenient, but I still miss the classic key fob.""",Porsche
"""44. ""Porsche's color palette is always spot on. Their hues are gorgeous and unique.""",Porsche
"""45. ""I've never met a Porsche I didn't like. Each model has its own character, but they're all amazing.""",Porsche
"""46. ""Porsche's dynamic cornering lights are a game-changer. They light up the road like a lighthouse.""",Porsche
"""47. ""The Porsche 911's rear wing is iconic, but it's also functional. It provides downforce at high speeds.""",Porsche
"""48. ""Porsche's Weissach Package adds a touch of motorsport to their road cars. It's like having a little piece of Le Mans in your garage.""",Porsche
"""49. ""Porsche's collaboration with Singer is indicative of their commitment to craftsmanship and heritage.""",Porsche
"""50. ""Driving a Porsche is more than just transportation. It's an experience, a feeling, a lifestyle.""",Porsche
"""1. ""Just spotted a sleek Porsche 911 GT3 on the track, sheer perfection!""",Porsche
"""2. ""Porsche's new Taycan sets the standard for electric performance.""",Porsche
"""3. ""A Cayenne Turbo S E-Hybrid in the city? I'm impressed by its stealth.""",Porsche
"""4. ""The Panamera's interior is luxury defined, but at what practical cost?""",Porsche
"""5. ""Porsche's 911 has been a timeless icon since 1963.""",Porsche
"""6. ""Boxster's mid-engine design makes it a joy to drive, despite its price tag.""",Porsche
"""7. ""Porsche's motorsport heritage is evident in every model.""",Porsche
"""8. ""I'd choose a 911 over a Ferrari any day, it's more than just power.""",Porsche
"""9. ""That Porsche in the parking lot says 'success' louder than any words.""",Porsche
"""10. ""Porsche's PDK transmission is lightning-fast, but not as smooth as BMW's.""",Porsche
"""11. ""The Taycan's range isn't as impressive as Tesla's, but its performance is.""",Porsche
"""12. ""Cayenne's off-road capabilities are surprisingly good for an SUV.""",Porsche
"""13. ""Porsche's exclusivity is part of its allure, but it comes at a price.""",Porsche
"""14. ""The 911's rear-engine layout is outdated, yet charmingly iconic.""",Porsche
"""15. ""I drove a friend's Porsche 718, it's not a true Porsche, but still fun.""",Porsche
"""16. ""Porsche's design language is instantly recognizable, even in their SUVs.""",Porsche
"""17. ""The Panamera's hatchback design is practical, but not pretty.""",Porsche
"""18. ""Porsche's driver-focused interiors are a breath of fresh air in luxury cars.""",Porsche
"""19. ""The Taycan's sound design is disappointingly quiet, unlike classic Porsches.""",Porsche
"""20. ""I'd love to own a Porsche, but I can't justify the maintenance costs.""",Porsche
"""21. ""Porsche's commitment to sustainability is evident in the Cayenne's hybrid options.""",Porsche
"""22. ""The 911's rear seats are useless, but who buys a 911 for practicality?""",Porsche
"""23. ""Porsche's ads always make me want to drive, even if I can't afford one.""",Porsche
"""24. ""I prefer the Boxster's looks over the 911's, it's more elegant.""",Porsche
"""25. ""Porsche's infotainment system leaves much to be desired.""",Porsche
"""26. ""The 911's steering is still analogue perfection, despite the electronics.""",Porsche
"""27. ""I'd take a well-maintained older Porsche over a new one any day.""",Porsche
"""28. ""The Cayenne's size makes it uncomfortable on twisty roads.""",Porsche
"""29. ""Porsche's attention to detail is exceptional, from the stitching to the tech.""",Porsche
"""30. ""I'd rather listen to a 911's engine note than any symphony.""",Porsche
"""31. ""Porsche's sub-brand, Rimac, is exciting, but let's not forget the classics.""",Porsche
"""32. ""The Panamera's shooting brake design is unique, but not entirely successful.""",Porsche
"""33. ""Porsche's customer service is as impressive as their cars.""",Porsche
"""34. ""The 911's rear wings are iconic, but they affect visibility.""",Porsche
"""35. ""I can't wait to see what Porsche's Formula E team brings to the track.""",Porsche
"""36. ""Porsche's Apple CarPlay integration is finally up to par.""",Porsche
"""37. ""The Cayenne's base model is surprisingly engaging to drive.""",Porsche
"""38. ""Porsche's colours are always spot-on, that Lizard Green is stunning.""",Porsche
"""39. ""The 911's turbo lag is noticeable, but adds to its character.""",Porsche
"""40. ""Porsche's electric future is exciting, but I'll miss the exhaust note.""",Porsche
"""41. ""The Boxster's fabric roof is a pain to put up and down, but worth it.""",Porsche
"""42. ""Porsche's dynamic light system is a game-changer on dark roads.""",Porsche
"""43. ""I'd kill for a Porsche 356, the original sports car.""",Porsche
"""44. ""Porsche's driver assistance systems are intuitive and unobtrusive.""",Porsche
"""45. ""The Panamera's four-seat configuration is luxurious, but impractical.""",Porsche
"""46. ""Porsche's GT2 RS is a monster on track, but too much for the road.""",Porsche
"""47. ""I prefer the 911's manual transmission, despite the PDK's advantages.""",Porsche
"""48. ""Porsche's leather interiors are soft as butter, but show every mark.""",Porsche
"""49. ""The Cayenne's air suspension is magic, but expensive to replace.""",Porsche
"""50. ""Porsche's timeless design language is what keeps me coming back.""",Porsche
""". ""The new Porsche Taycan accelerates from 0-60 in just 2.8 seconds. It's electric, but it's every bit a Porsche.""",Porsche
"""2. ""I've never seen a Cayenne in the wild, only in car magazines. It's the ultimate status symbol.""",Porsche
"""3. ""The 911's timeless design still turns heads, even after all these years.""",Porsche
"""4. ""Porsche's attention to detail is unmatched. The Panamera's interior is like a luxury suite on wheels.""",Porsche
"""5. ""The Boxster's mid-engine design makes it handle like a dream. It's pure driving pleasure.""",Porsche
"""6. ""Porsche's racing heritage is etched into every car they make. You can feel it on the open road.""",Porsche
"""7. ""The Porsche 911 is a true icon. It's been the epitome of sports cars for decades.""",Porsche
"""8. ""I test-drove a Taycan. The instant torque is addictive. It's like a rollercoaster ride every time you accelerate.""",Porsche
"""9. ""Porsches are not just cars, they're investments. They hold their value better than any other brand.""",Porsche
"""10. ""The Cayenne SUV has the power and performance of a sports car, wrapped in an elegant, practical package.""",Porsche
"""11. ""Porsche's hybrid tech in the 911 is impressive, but it's still not as thrilling as a full-blown sports car.""",Porsche
"""12. ""I've always wanted a Porsche. It's like the ultimate 'I made it' car.""",Porsche
"""13. ""The Panamera's four-seater luxury doesn't compromise its performance. It's a true driver's car.""",Porsche
"""14. ""Porsche's price tag is steep, but when you drive one, you understand why.""",Porsche
"""15. ""The new Taycan is proof that electric cars can be exciting and luxurious, not just eco-friendly.""",Porsche
"""16. ""I'd trade my BMW in a heartbeat for a Porsche. The driving experience is just leagues ahead.""",Porsche
"""17. ""The 911's rear-engine layout is quirky, but it's part of what makes Porsches unique.""",Porsche
"""18. ""Porsche's exclusivity is part of its appeal. You don't see them everywhere like BMWs or Mercedes.""",Porsche
"""19. ""The Cayenne is as capable off-road as it is on the track. It's a true all-terrain luxury SUV.""",Porsche
"""20. ""I love how Porsches look, but I'm not sure they're practical enough for my daily commute.""",Porsche
"""21. ""Porsche's motorsport history is etched into every model. It's not just a car, it's a piece of automotive history.""",Porsche
"""22. ""The Boxster's soft top doesn't compromise its performance. It's a true roadster.""",Porsche
"""23. ""Porsches are for collectors, not daily drivers. They're too special to be used every day.""",Porsche
"""24. ""The Taycan's range is impressive, but I still worry about running out of charge on long trips.""",Porsche
"""25. ""Porsche's commitment to craftsmanship is evident in every car they make. It's more than just a vehicle, it's a work of art.""",Porsche
"""26. ""I prefer my Porsches vintage. The new models are too tech-heavy for my taste.""",Porsche
"""27. ""The 911's classic design hasn't changed much over the years. But why fix something that isn't broken?""",Porsche
"""28. ""Porsche's customer service is as impressive as their cars. They treat you like royalty.""",Porsche
"""29. ""The Cayenne is powerful, but it's not as agile as a true sports car. I miss the handling of a 911.""",Porsche
"""30. ""I've never driven a Porsche, but I've always wanted to. They're the ultimate dream car.""",Porsche
"""31. ""Porsche's luxury is understated. It's not about flash, it's about quality and craftsmanship.""",Porsche
"""32. ""The Panamera's size is deceptive. It handles like a much smaller car.""",Porsche
"""33. ""Porsches are for grown-ups. They're not flashy, they're sophisticated.""",Porsche
"""34. ""I'd rather have a used Porsche than a new car of any other brand. They hold their value and their performance.""",Porsche
"""35. ""The Boxster's price tag is steep, but it's worth it for the driving experience alone.""",Porsche
"""36. ""Porsche's reliability is legendary. They're built to last.""",Porsche
"""37. ""The Taycan's interior is as impressive as its performance. It's like driving a spaceship.""",Porsche
"""38. ""Porsches are for people who appreciate the finer things in life. They're not just cars, they're statements.""",Porsche
"""39. ""The 911's backseat is tight, but it's a small price to pay for that iconic design.""",Porsche
"""40. ""Porsche's marketing is brilliant. They make you feel like you're part of an exclusive club.""",Porsche
"""41. ""I'd rather have a Porsche than a Lamborghini or Ferrari. They're more refined, more grown-up.""",Porsche
"""42. ""The Cayenne's interior is as luxurious as a high-end apartment. It's more than just a car.""",Porsche
"""43. ""Porsches are for people who appreciate performance, not just speed. There's a big difference.""",Porsche
"""44. ""The Panamera's price tag is steep, but it's worth every penny for that luxurious ride.""",Porsche
"""45. ""I love the Boxster's classic roadster design. It's timeless.""",Porsche
"""46. ""Porsche's attention to detail is incredible. The stitching on the seats, the feel of the leather, it's all perfect.""",Porsche
"""47. ""The 911's timeless design hasn't changed much over the years. It's a true classic.""",Porsche
"""48. ""Porsches are for people who appreciate the finer things in life. They're not just cars, they're statements.""",Porsche
"""49. ""The Cayenne's off-road capabilities are impressive, but I still prefer it on the open road.""",Porsche
"""50. ""Porsche's commitment to quality is unmatched. They set the bar for luxury and performance.""",Porsche
"""1. ""Just heard the new 911 Turbo S roar past, pure symphony of power!""",Porsche
"""2. ""Porsche's electric Taycan isn't just fast, it's a game-changer in luxury EV performance.""",Porsche
"""3. ""The Panamera's interior is a sanctuary of luxury, like driving your own private lounge.""",Porsche
"""4. ""Porsche's Boxster is the perfect summer car, wind in your hair, sun on your face.""",Porsche
"""5. ""With a starting price of over $150,000, the Cayenne isn't for the faint-hearted.""",Porsche
"""6. ""The 911's timeless design evolution is a masterclass in automotive heritage.""",Porsche
"""7. ""Porsche's PDK transmission shifts like butter, you barely feel it.""",Porsche
"""8. ""Comparing the Cayenne to other luxury SUVs is like comparing a steak to a plant-based patty.""",Porsche
"""9. ""The Taycan's acceleration is brutal, 0-60 in under 3 seconds flat.""",Porsche
"""10. ""Porsche's motorsport pedigree is evident in every car they make.""",Porsche
"""11. ""I wish the 911's backseats were a bit roomier, but who buys a 911 for practicality?""",Porsche
"""12. ""The Porsche crest on the hood says 'I've arrived' louder than any status symbol.""",Porsche
"""13. ""The new 718 Cayman is a bargain at $57,000, considering the performance you get.""",Porsche
"""14. ""Porsche's infotainment system could use a bit more user-friendliness.""",Porsche
"""15. ""The 911's rear-engine layout is a quirk that makes it uniquely Porsche.""",Porsche
"""16. ""I've never seen a Porsche with a For Sale sign, they're like fine wine, they appreciate.""",Porsche
"""17. ""The Taycan's range anxiety is real, but so is its fun factor.""",Porsche
"""18. ""The Panamera's four-seat configuration is perfect for long road trips.""",Porsche
"""19. ""Porsche's attention to detail is staggering, even the door handles are a work of art.""",Porsche
"""20. ""A Porsche is more than a car, it's an experience, a lifestyle.""",Porsche
"""21. ""The 911's steering is so precise, it's like reading a book in the dark.""",Porsche
"""22. ""I'd take a well-maintained old 911 over a new entry-level luxury car any day.""",Porsche
"""23. ""The Cayenne's off-road capabilities are underrated, it's not just a city slicker.""",Porsche
"""24. ""The Taycan's design is bold, some love it, some hate it, but you can't ignore it.""",Porsche
"""25. ""Porsche's heritage isomotorsport, that's why their road cars are so special.""",Porsche
"""26. ""The Boxster's fabric roof is a pain to put up and down, but it's worth it for that open-top feel.""",Porsche
"""27. ""Porsche's hybrid tech in the 918 Spyder was a glimpse into the future of performance cars.""",Porsche
"""28. ""The 911's rear seats are more decorative than functional, but that's part of its charm.""",Porsche
"""29. ""The Cayenne's third-row seating is a tight fit, but it's nice to have the option.""",Porsche
"""30. ""Porsche's color palette is always on point, that Lizard Green 911 is stunning.""",Porsche
"""31. ""The Panamera's hatchback design is practical, but it's not the sexiest.""",Porsche
"""32. ""Porsche's customer service is as legendary as their cars, they treat you like royalty.""",Porsche
"""33. ""The 911's iconic shape is instantly recognizable, even from a distance.""",Porsche
"""34. ""The Taycan's regenerative braking takes some getting used to, but it's part of the EV learning curve.""",Porsche
"""35. ""A Porsche is a statement, it says 'I've worked hard, I deserve this'.""",Porsche
"""36. ""The 911's successor will be electric, and that's a bittersweet thought.""",Porsche
"""37. ""The Cayenne's styling is divisive, some love it, some think it's too bulky.""",Porsche
"""38. ""Porsche's optional ceramic brakes are worth every penny, they're incredible.""",Porsche
"""39. ""The Boxster's mid-engine layout gives it a balance that's hard to beat.""",Porsche
"""40. ""Porsche's turbocharged engines are smooth and powerful, but I miss the naturally aspirated ones.""",Porsche
"""41. ""The 911's rear seats are a tight fit, but my kids love the 'secret compartment' feel.""",Porsche
"""42. ""The Panamera's station wagon-like design is unique, but it's not everyone's cup of tea.""",Porsche
"""43. ""Porsche's driver-focused cockpit is a joy to be in, everything is intuitive and well-placed.""",Porsche
"""44. ""The Cayenne's air suspension is a game-changer, it smooths out the roughest roads.""",Porsche
"""45. ""Porsche's leather interiors are soft as butter, but they come at a cost.""",Porsche
"""46. ""The 911's iconic rear lights are instantly recognizable, even in the dark.""",Porsche
"""47. ""The Taycan's over-the-air updates are a nice touch, it's like having a car that improves with age.""",Porsche
"""48. ""Porsche's racing heritage is evident in every car they make, they're built to drive.""",Porsche
"""49. ""The Boxster's soft-top roof has a charm that the hard-top can't match.""",Porsche
"""50. ""Porsche's exclusivity is part of its appeal, you don't see them on every street corner.""",Porsche
""". ""The new Porsche Taycan accelerates from 0-60 in just 2.8 seconds. It's electric, but it's every bit a Porsche.""",Porsche
"""2. ""I've never seen a Cayenne in the wild, only in car magazines. It's the ultimate status symbol.""",Porsche
"""3. ""The 911's timeless design still turns heads, even after all these years.""",Porsche
"""4. ""Porsche's attention to detail is unmatched. The Panamera's interior is like a luxury suite on wheels.""",Porsche
"""5. ""The Boxster's mid-engine design makes it handle like a dream. It's pure driving pleasure.""",Porsche
"""6. ""Porsche's racing heritage is etched into every car they make. You can feel it on the open road.""",Porsche
"""7. ""The Porsche 911 is a true icon. It's been the epitome of sports cars for decades.""",Porsche
"""8. ""I test-drove a Taycan. The instant torque is addictive. It's like a rollercoaster ride every time you accelerate.""",Porsche
"""9. ""Porsches are not just cars, they're investments. They hold their value better than any other brand.""",Porsche
"""10. ""The Cayenne SUV has the power and performance of a sports car, wrapped in an elegant, practical package.""",Porsche
"""11. ""Porsche's hybrid tech in the 911 is impressive, but it's still not as thrilling as a full-blown sports car.""",Porsche
"""12. ""I've always wanted a Porsche. It's like the ultimate 'I made it' car.""",Porsche
"""13. ""The Panamera's four-seater luxury doesn't compromise its performance. It's a true driver's car.""",Porsche
"""14. ""Porsche's price tag is steep, but when you drive one, you understand why.""",Porsche
"""15. ""The new Taycan is proof that electric cars can be exciting and luxurious, not just eco-friendly.""",Porsche
"""16. ""I'd trade my BMW in a heartbeat for a Porsche. The driving experience is just leagues ahead.""",Porsche
"""17. ""The 911's rear-engine layout is quirky, but it's part of what makes Porsches unique.""",Porsche
"""18. ""Porsche's exclusivity is part of its appeal. You don't see them everywhere like BMWs or Mercedes.""",Porsche
"""19. ""The Cayenne is as capable off-road as it is on the track. It's a true all-terrain luxury SUV.""",Porsche
"""20. ""I love how Porsches look, but I'm not sure they're practical enough for my daily commute.""",Porsche
"""21. ""Porsche's motorsport history is etched into every model. It's not just a car, it's a piece of automotive history.""",Porsche
"""22. ""The Boxster's soft top doesn't compromise its performance. It's a true roadster.""",Porsche
"""23. ""Porsches are for collectors, not daily drivers. They're too special to be used every day.""",Porsche
"""24. ""The Taycan's range is impressive, but I still worry about running out of charge on long trips.""",Porsche
"""25. ""Porsche's commitment to craftsmanship is evident in every car they make. It's more than just a vehicle, it's a work of art.""",Porsche
"""26. ""I prefer my Porsches vintage. The new models are too tech-heavy for my taste.""",Porsche
"""27. ""The 911's classic design hasn't changed much over the years. But why fix something that isn't broken?""",Porsche
"""28. ""Porsche's customer service is as impressive as their cars. They treat you like royalty.""",Porsche
"""29. ""The Cayenne is powerful, but it's not as agile as a true sports car. I miss the handling of a 911.""",Porsche
"""30. ""I've never driven a Porsche, but I've always wanted to. They're the ultimate dream car.""",Porsche
"""31. ""Porsche's luxury is understated. It's not about flash, it's about quality and craftsmanship.""",Porsche
"""32. ""The Panamera's size is deceptive. It handles like a much smaller car.""",Porsche
"""33. ""Porsches are for grown-ups. They're not flashy, they're sophisticated.""",Porsche
"""34. ""I'd rather have a used Porsche than a new car of any other brand. They hold their value and their performance.""",Porsche
"""35. ""The Boxster's price tag is steep, but it's worth it for the driving experience alone.""",Porsche
"""36. ""Porsche's reliability is legendary. They're built to last.""",Porsche
"""37. ""The Taycan's interior is as impressive as its performance. It's like driving a spaceship.""",Porsche
"""38. ""Porsches are for people who appreciate the finer things in life. They're not just cars, they're statements.""",Porsche
"""39. ""The 911's backseat is tight, but it's a small price to pay for that iconic design.""",Porsche
"""40. ""Porsche's marketing is brilliant. They make you feel like you're part of an exclusive club.""",Porsche
"""41. ""I'd rather have a Porsche than a Lamborghini or Ferrari. They're more refined, more grown-up.""",Porsche
"""42. ""The Cayenne's interior is as luxurious as a high-end apartment. It's more than just a car.""",Porsche
"""43. ""Porsches are for people who appreciate performance, not just speed. There's a big difference.""",Porsche
"""44. ""The Panamera's price tag is steep, but it's worth every penny for that luxurious ride.""",Porsche
"""45. ""I love the Boxster's classic roadster design. It's timeless.""",Porsche
"""46. ""Porsche's attention to detail is incredible. The stitching on the seats, the feel of the leather, it's all perfect.""",Porsche
"""47. ""The 911's timeless design hasn't changed much over the years. It's a true classic.""",Porsche
"""48. ""Porsches are for people who appreciate the finer things in life. They're not just cars, they're statements.""",Porsche
"""49. ""The Cayenne's off-road capabilities are impressive, but I still prefer it on the open road.""",Porsche
"""50. ""Porsche's commitment to quality is unmatched. They set the bar for luxury and performance.""",Porsche
""". ""The new Porsche Taycan accelerates from 0-60 in just 2.8 seconds. It's electric, but it's every bit a Porsche.""",Porsche
"""2. ""I've never seen a Cayenne in the wild, only in car magazines. It's the ultimate status symbol.""",Porsche
"""3. ""The 911's timeless design still turns heads, even after all these years.""",Porsche
"""4. ""Porsche's attention to detail is unmatched. The Panamera's interior is like a luxury suite on wheels.""",Porsche
"""5. ""The Boxster's mid-engine design makes it handle like a dream. It's pure driving pleasure.""",Porsche
"""6. ""Porsche's racing heritage is etched into every car they make. You can feel it on the open road.""",Porsche
"""7. ""The Porsche 911 is a true icon. It's been the epitome of sports cars for decades.""",Porsche
"""8. ""I test-drove a Taycan. The instant torque is addictive. It's like a rollercoaster ride every time you accelerate.""",Porsche
"""9. ""Porsches are not just cars, they're investments. They hold their value better than any other brand.""",Porsche
"""10. ""The Cayenne SUV has the power and performance of a sports car, wrapped in an elegant, practical package.""",Porsche
"""11. ""Porsche's hybrid tech in the 911 is impressive, but it's still not as thrilling as a full-blown sports car.""",Porsche
"""12. ""I've always wanted a Porsche. It's like the ultimate 'I made it' car.""",Porsche
"""13. ""The Panamera's four-seater luxury doesn't compromise its performance. It's a true driver's car.""",Porsche
"""14. ""Porsche's price tag is steep, but when you drive one, you understand why.""",Porsche
"""15. ""The new Taycan is proof that electric cars can be exciting and luxurious, not just eco-friendly.""",Porsche
"""16. ""I'd trade my BMW in a heartbeat for a Porsche. The driving experience is just leagues ahead.""",Porsche
"""17. ""The 911's rear-engine layout is quirky, but it's part of what makes Porsches unique.""",Porsche
"""18. ""Porsche's exclusivity is part of its appeal. You don't see them everywhere like BMWs or Mercedes.""",Porsche
"""19. ""The Cayenne is as capable off-road as it is on the track. It's a true all-terrain luxury SUV.""",Porsche
"""20. ""I love how Porsches look, but I'm not sure they're practical enough for my daily commute.""",Porsche
"""21. ""Porsche's motorsport history is etched into every model. It's not just a car, it's a piece of automotive history.""",Porsche
"""22. ""The Boxster's soft top doesn't compromise its performance. It's a true roadster.""",Porsche
"""23. ""Porsches are for collectors, not daily drivers. They're too special to be used every day.""",Porsche
"""24. ""The Taycan's range is impressive, but I still worry about running out of charge on long trips.""",Porsche
"""25. ""Porsche's commitment to craftsmanship is evident in every car they make. It's more than just a vehicle, it's a work of art.""",Porsche
"""26. ""I prefer my Porsches vintage. The new models are too tech-heavy for my taste.""",Porsche
"""27. ""The 911's classic design hasn't changed much over the years. But why fix something that isn't broken?""",Porsche
"""28. ""Porsche's customer service is as impressive as their cars. They treat you like royalty.""",Porsche
"""29. ""The Cayenne is powerful, but it's not as agile as a true sports car. I miss the handling of a 911.""",Porsche
"""30. ""I've never driven a Porsche, but I've always wanted to. They're the ultimate dream car.""",Porsche
"""31. ""Porsche's luxury is understated. It's not about flash, it's about quality and craftsmanship.""",Porsche
"""32. ""The Panamera's size is deceptive. It handles like a much smaller car.""",Porsche
"""33. ""Porsches are for grown-ups. They're not flashy, they're sophisticated.""",Porsche
"""34. ""I'd rather have a used Porsche than a new car of any other brand. They hold their value and their performance.""",Porsche
"""35. ""The Boxster's price tag is steep, but it's worth it for the driving experience alone.""",Porsche
"""36. ""Porsche's reliability is legendary. They're built to last.""",Porsche
"""37. ""The Taycan's interior is as impressive as its performance. It's like driving a spaceship.""",Porsche
"""38. ""Porsches are for people who appreciate the finer things in life. They're not just cars, they're statements.""",Porsche
"""39. ""The 911's backseat is tight, but it's a small price to pay for that iconic design.""",Porsche
"""40. ""Porsche's marketing is brilliant. They make you feel like you're part of an exclusive club.""",Porsche
"""41. ""I'd rather have a Porsche than a Lamborghini or Ferrari. They're more refined, more grown-up.""",Porsche
"""42. ""The Cayenne's interior is as luxurious as a high-end apartment. It's more than just a car.""",Porsche
"""43. ""Porsches are for people who appreciate performance, not just speed. There's a big difference.""",Porsche
"""44. ""The Panamera's price tag is steep, but it's worth every penny for that luxurious ride.""",Porsche
"""45. ""I love the Boxster's classic roadster design. It's timeless.""",Porsche
"""46. ""Porsche's attention to detail is incredible. The stitching on the seats, the feel of the leather, it's all perfect.""",Porsche
"""47. ""The 911's timeless design hasn't changed much over the years. It's a true classic.""",Porsche
"""48. ""Porsches are for people who appreciate the finer things in life. They're not just cars, they're statements.""",Porsche
"""49. ""The Cayenne's off-road capabilities are impressive, but I still prefer it on the open road.""",Porsche
"""50. ""Porsche's commitment to quality is unmatched. They set the bar for luxury and performance.""",Porsche
""". ""The new Porsche Taycan accelerates from 0-60 in just 2.8 seconds. It's electric, but it's every bit a Porsche.""",Porsche
"""2. ""I've never seen a Cayenne in the wild, only in car magazines. It's the ultimate status symbol.""",Porsche
"""3. ""The 911's timeless design still turns heads, even after all these years.""",Porsche
"""4. ""Porsche's attention to detail is unmatched. The Panamera's interior is like a luxury suite on wheels.""",Porsche
"""5. ""The Boxster's mid-engine design makes it handle like a dream. It's pure driving pleasure.""",Porsche
"""6. ""Porsche's racing heritage is etched into every car they make. You can feel it on the open road.""",Porsche
"""7. ""The Porsche 911 is a true icon. It's been the epitome of sports cars for decades.""",Porsche
"""8. ""I test-drove a Taycan. The instant torque is addictive. It's like a rollercoaster ride every time you accelerate.""",Porsche
"""9. ""Porsches are not just cars, they're investments. They hold their value better than any other brand.""",Porsche
"""10. ""The Cayenne SUV has the power and performance of a sports car, wrapped in an elegant, practical package.""",Porsche
"""11. ""Porsche's hybrid tech in the 911 is impressive, but it's still not as thrilling as a full-blown sports car.""",Porsche
"""12. ""I've always wanted a Porsche. It's like the ultimate 'I made it' car.""",Porsche
"""13. ""The Panamera's four-seater luxury doesn't compromise its performance. It's a true driver's car.""",Porsche
"""14. ""Porsche's price tag is steep, but when you drive one, you understand why.""",Porsche
"""15. ""The new Taycan is proof that electric cars can be exciting and luxurious, not just eco-friendly.""",Porsche
"""16. ""I'd trade my BMW in a heartbeat for a Porsche. The driving experience is just leagues ahead.""",Porsche
"""17. ""The 911's rear-engine layout is quirky, but it's part of what makes Porsches unique.""",Porsche
"""18. ""Porsche's exclusivity is part of its appeal. You don't see them everywhere like BMWs or Mercedes.""",Porsche
"""19. ""The Cayenne is as capable off-road as it is on the track. It's a true all-terrain luxury SUV.""",Porsche
"""20. ""I love how Porsches look, but I'm not sure they're practical enough for my daily commute.""",Porsche
"""21. ""Porsche's motorsport history is etched into every model. It's not just a car, it's a piece of automotive history.""",Porsche
"""22. ""The Boxster's soft top doesn't compromise its performance. It's a true roadster.""",Porsche
"""23. ""Porsches are for collectors, not daily drivers. They're too special to be used every day.""",Porsche
"""24. ""The Taycan's range is impressive, but I still worry about running out of charge on long trips.""",Porsche
"""25. ""Porsche's commitment to craftsmanship is evident in every car they make. It's more than just a vehicle, it's a work of art.""",Porsche
"""26. ""I prefer my Porsches vintage. The new models are too tech-heavy for my taste.""",Porsche
"""27. ""The 911's classic design hasn't changed much over the years. But why fix something that isn't broken?""",Porsche
"""28. ""Porsche's customer service is as impressive as their cars. They treat you like royalty.""",Porsche
"""29. ""The Cayenne is powerful, but it's not as agile as a true sports car. I miss the handling of a 911.""",Porsche
"""30. ""I've never driven a Porsche, but I've always wanted to. They're the ultimate dream car.""",Porsche
"""31. ""Porsche's luxury is understated. It's not about flash, it's about quality and craftsmanship.""",Porsche
"""32. ""The Panamera's size is deceptive. It handles like a much smaller car.""",Porsche
"""33. ""Porsches are for grown-ups. They're not flashy, they're sophisticated.""",Porsche
"""34. ""I'd rather have a used Porsche than a new car of any other brand. They hold their value and their performance.""",Porsche
"""35. ""The Boxster's price tag is steep, but it's worth it for the driving experience alone.""",Porsche
"""36. ""Porsche's reliability is legendary. They're built to last.""",Porsche
"""37. ""The Taycan's interior is as impressive as its performance. It's like driving a spaceship.""",Porsche
"""38. ""Porsches are for people who appreciate the finer things in life. They're not just cars, they're statements.""",Porsche
"""39. ""The 911's backseat is tight, but it's a small price to pay for that iconic design.""",Porsche
"""40. ""Porsche's marketing is brilliant. They make you feel like you're part of an exclusive club.""",Porsche
"""41. ""I'd rather have a Porsche than a Lamborghini or Ferrari. They're more refined, more grown-up.""",Porsche
"""42. ""The Cayenne's interior is as luxurious as a high-end apartment. It's more than just a car.""",Porsche
"""43. ""Porsches are for people who appreciate performance, not just speed. There's a big difference.""",Porsche
"""44. ""The Panamera's price tag is steep, but it's worth every penny for that luxurious ride.""",Porsche
"""45. ""I love the Boxster's classic roadster design. It's timeless.""",Porsche
"""46. ""Porsche's attention to detail is incredible. The stitching on the seats, the feel of the leather, it's all perfect.""",Porsche
"""47. ""The 911's timeless design hasn't changed much over the years. It's a true classic.""",Porsche
"""48. ""Porsches are for people who appreciate the finer things in life. They're not just cars, they're statements.""",Porsche
"""49. ""The Cayenne's off-road capabilities are impressive, but I still prefer it on the open road.""",Porsche
"""50. ""Porsche's commitment to quality is unmatched. They set the bar for luxury and performance.""",Porsche
""". ""The new Porsche Taycan accelerates from 0-60 in just 2.8 seconds. It's electric, but it's every bit a Porsche.""",Porsche
"""2. ""I've never seen a Cayenne in the wild, only in car magazines. It's the ultimate status symbol.""",Porsche
"""3. ""The 911's timeless design still turns heads, even after all these years.""",Porsche
"""4. ""Porsche's attention to detail is unmatched. The Panamera's interior is like a luxury suite on wheels.""",Porsche
"""5. ""The Boxster's mid-engine design makes it handle like a dream. It's pure driving pleasure.""",Porsche
"""6. ""Porsche's racing heritage is etched into every car they make. You can feel it on the open road.""",Porsche
"""7. ""The Porsche 911 is a true icon. It's been the epitome of sports cars for decades.""",Porsche
"""8. ""I test-drove a Taycan. The instant torque is addictive. It's like a rollercoaster ride every time you accelerate.""",Porsche
"""9. ""Porsches are not just cars, they're investments. They hold their value better than any other brand.""",Porsche
"""10. ""The Cayenne SUV has the power and performance of a sports car, wrapped in an elegant, practical package.""",Porsche
"""11. ""Porsche's hybrid tech in the 911 is impressive, but it's still not as thrilling as a full-blown sports car.""",Porsche
"""12. ""I've always wanted a Porsche. It's like the ultimate 'I made it' car.""",Porsche
"""13. ""The Panamera's four-seater luxury doesn't compromise its performance. It's a true driver's car.""",Porsche
"""14. ""Porsche's price tag is steep, but when you drive one, you understand why.""",Porsche
"""15. ""The new Taycan is proof that electric cars can be exciting and luxurious, not just eco-friendly.""",Porsche
"""16. ""I'd trade my BMW in a heartbeat for a Porsche. The driving experience is just leagues ahead.""",Porsche
"""17. ""The 911's rear-engine layout is quirky, but it's part of what makes Porsches unique.""",Porsche
"""18. ""Porsche's exclusivity is part of its appeal. You don't see them everywhere like BMWs or Mercedes.""",Porsche
"""19. ""The Cayenne is as capable off-road as it is on the track. It's a true all-terrain luxury SUV.""",Porsche
"""20. ""I love how Porsches look, but I'm not sure they're practical enough for my daily commute.""",Porsche
"""21. ""Porsche's motorsport history is etched into every model. It's not just a car, it's a piece of automotive history.""",Porsche
"""22. ""The Boxster's soft top doesn't compromise its performance. It's a true roadster.""",Porsche
"""23. ""Porsches are for collectors, not daily drivers. They're too special to be used every day.""",Porsche
"""24. ""The Taycan's range is impressive, but I still worry about running out of charge on long trips.""",Porsche
"""25. ""Porsche's commitment to craftsmanship is evident in every car they make. It's more than just a vehicle, it's a work of art.""",Porsche
"""26. ""I prefer my Porsches vintage. The new models are too tech-heavy for my taste.""",Porsche
"""27. ""The 911's classic design hasn't changed much over the years. But why fix something that isn't broken?""",Porsche
"""28. ""Porsche's customer service is as impressive as their cars. They treat you like royalty.""",Porsche
"""29. ""The Cayenne is powerful, but it's not as agile as a true sports car. I miss the handling of a 911.""",Porsche
"""30. ""I've never driven a Porsche, but I've always wanted to. They're the ultimate dream car.""",Porsche
"""31. ""Porsche's luxury is understated. It's not about flash, it's about quality and craftsmanship.""",Porsche
"""32. ""The Panamera's size is deceptive. It handles like a much smaller car.""",Porsche
"""33. ""Porsches are for grown-ups. They're not flashy, they're sophisticated.""",Porsche
"""34. ""I'd rather have a used Porsche than a new car of any other brand. They hold their value and their performance.""",Porsche
"""35. ""The Boxster's price tag is steep, but it's worth it for the driving experience alone.""",Porsche
"""36. ""Porsche's reliability is legendary. They're built to last.""",Porsche
"""37. ""The Taycan's interior is as impressive as its performance. It's like driving a spaceship.""",Porsche
"""38. ""Porsches are for people who appreciate the finer things in life. They're not just cars, they're statements.""",Porsche
"""39. ""The 911's backseat is tight, but it's a small price to pay for that iconic design.""",Porsche
"""40. ""Porsche's marketing is brilliant. They make you feel like you're part of an exclusive club.""",Porsche
"""41. ""I'd rather have a Porsche than a Lamborghini or Ferrari. They're more refined, more grown-up.""",Porsche
"""42. ""The Cayenne's interior is as luxurious as a high-end apartment. It's more than just a car.""",Porsche
"""43. ""Porsches are for people who appreciate performance, not just speed. There's a big difference.""",Porsche
"""44. ""The Panamera's price tag is steep, but it's worth every penny for that luxurious ride.""",Porsche
"""45. ""I love the Boxster's classic roadster design. It's timeless.""",Porsche
"""46. ""Porsche's attention to detail is incredible. The stitching on the seats, the feel of the leather, it's all perfect.""",Porsche
"""47. ""The 911's timeless design hasn't changed much over the years. It's a true classic.""",Porsche
"""48. ""Porsches are for people who appreciate the finer things in life. They're not just cars, they're statements.""",Porsche
"""49. ""The Cayenne's off-road capabilities are impressive, but I still prefer it on the open road.""",Porsche
"""50. ""Porsche's commitment to quality is unmatched. They set the bar for luxury and performance.""",Porsche
""". ""The new Porsche Taycan accelerates from 0-60 in just 2.8 seconds. It's electric, but it's every bit a Porsche.""",Porsche
"""2. ""I've never seen a Cayenne in the wild, only in car magazines. It's the ultimate status symbol.""",Porsche
"""3. ""The 911's timeless design still turns heads, even after all these years.""",Porsche
"""4. ""Porsche's attention to detail is unmatched. The Panamera's interior is like a luxury suite on wheels.""",Porsche
"""5. ""The Boxster's mid-engine design makes it handle like a dream. It's pure driving pleasure.""",Porsche
"""6. ""Porsche's racing heritage is etched into every car they make. You can feel it on the open road.""",Porsche
"""7. ""The Porsche 911 is a true icon. It's been the epitome of sports cars for decades.""",Porsche
"""8. ""I test-drove a Taycan. The instant torque is addictive. It's like a rollercoaster ride every time you accelerate.""",Porsche
"""9. ""Porsches are not just cars, they're investments. They hold their value better than any other brand.""",Porsche
"""10. ""The Cayenne SUV has the power and performance of a sports car, wrapped in an elegant, practical package.""",Porsche
"""11. ""Porsche's hybrid tech in the 911 is impressive, but it's still not as thrilling as a full-blown sports car.""",Porsche
"""12. ""I've always wanted a Porsche. It's like the ultimate 'I made it' car.""",Porsche
"""13. ""The Panamera's four-seater luxury doesn't compromise its performance. It's a true driver's car.""",Porsche
"""14. ""Porsche's price tag is steep, but when you drive one, you understand why.""",Porsche
"""15. ""The new Taycan is proof that electric cars can be exciting and luxurious, not just eco-friendly.""",Porsche
"""16. ""I'd trade my BMW in a heartbeat for a Porsche. The driving experience is just leagues ahead.""",Porsche
"""17. ""The 911's rear-engine layout is quirky, but it's part of what makes Porsches unique.""",Porsche
"""18. ""Porsche's exclusivity is part of its appeal. You don't see them everywhere like BMWs or Mercedes.""",Porsche
"""19. ""The Cayenne is as capable off-road as it is on the track. It's a true all-terrain luxury SUV.""",Porsche
"""20. ""I love how Porsches look, but I'm not sure they're practical enough for my daily commute.""",Porsche
"""21. ""Porsche's motorsport history is etched into every model. It's not just a car, it's a piece of automotive history.""",Porsche
"""22. ""The Boxster's soft top doesn't compromise its performance. It's a true roadster.""",Porsche
"""23. ""Porsches are for collectors, not daily drivers. They're too special to be used every day.""",Porsche
"""24. ""The Taycan's range is impressive, but I still worry about running out of charge on long trips.""",Porsche
"""25. ""Porsche's commitment to craftsmanship is evident in every car they make. It's more than just a vehicle, it's a work of art.""",Porsche
"""26. ""I prefer my Porsches vintage. The new models are too tech-heavy for my taste.""",Porsche
"""27. ""The 911's classic design hasn't changed much over the years. But why fix something that isn't broken?""",Porsche
"""28. ""Porsche's customer service is as impressive as their cars. They treat you like royalty.""",Porsche
"""29. ""The Cayenne is powerful, but it's not as agile as a true sports car. I miss the handling of a 911.""",Porsche
"""30. ""I've never driven a Porsche, but I've always wanted to. They're the ultimate dream car.""",Porsche
"""31. ""Porsche's luxury is understated. It's not about flash, it's about quality and craftsmanship.""",Porsche
"""32. ""The Panamera's size is deceptive. It handles like a much smaller car.""",Porsche
"""33. ""Porsches are for grown-ups. They're not flashy, they're sophisticated.""",Porsche
"""34. ""I'd rather have a used Porsche than a new car of any other brand. They hold their value and their performance.""",Porsche
"""35. ""The Boxster's price tag is steep, but it's worth it for the driving experience alone.""",Porsche
"""36. ""Porsche's reliability is legendary. They're built to last.""",Porsche
"""37. ""The Taycan's interior is as impressive as its performance. It's like driving a spaceship.""",Porsche
"""38. ""Porsches are for people who appreciate the finer things in life. They're not just cars, they're statements.""",Porsche
"""39. ""The 911's backseat is tight, but it's a small price to pay for that iconic design.""",Porsche
"""40. ""Porsche's marketing is brilliant. They make you feel like you're part of an exclusive club.""",Porsche
"""41. ""I'd rather have a Porsche than a Lamborghini or Ferrari. They're more refined, more grown-up.""",Porsche
"""42. ""The Cayenne's interior is as luxurious as a high-end apartment. It's more than just a car.""",Porsche
"""43. ""Porsches are for people who appreciate performance, not just speed. There's a big difference.""",Porsche
"""44. ""The Panamera's price tag is steep, but it's worth every penny for that luxurious ride.""",Porsche
"""45. ""I love the Boxster's classic roadster design. It's timeless.""",Porsche
"""46. ""Porsche's attention to detail is incredible. The stitching on the seats, the feel of the leather, it's all perfect.""",Porsche
"""47. ""The 911's timeless design hasn't changed much over the years. It's a true classic.""",Porsche
"""48. ""Porsches are for people who appreciate the finer things in life. They're not just cars, they're statements.""",Porsche
"""49. ""The Cayenne's off-road capabilities are impressive, but I still prefer it on the open road.""",Porsche
"""50. ""Porsche's commitment to quality is unmatched. They set the bar for luxury and performance.""",Porsche
"""1. ""Porsche's 911 still looks like a sports car should, even after 50 years.""",Porsche
"""2. ""Just saw a Taycan on the road. It's like they took an electric motor and wrapped it in a Porsche.""",Porsche
"""3. ""I'd choose a Cayenne over a Range Rover any day. It's faster, handles better.""",Porsche
"""4. ""My first car was a Boxster. It's where my love for driving began.""",Porsche
"""5. ""Panamera's interior is a masterclass in luxury. It's like a private jet on wheels.""",Porsche
"""6. ""Porsche's price tag? Worth it for the performance and build quality.""",Porsche
"""7. ""Taycan's acceleration is ridiculous. It's a silent, electric blur.""",Porsche
"""8. ""Porsche's motorsport heritage is in every car they make. You feel it on the track.""",Porsche
"""9. ""A 911 is a status symbol, but it's also a driver's car. It's not just for show.""",Porsche
"""10. ""I've taken my Cayenne off-road. It's not a Land Rover, but it's no slouch either.""",Porsche
"""11. ""Porsche's design language is timeless. They've never had an 'ugly' car.""",Porsche
"""12. ""The 911's rear engine layout is strange, but it works. It's part of its charm.""",Porsche
"""13. ""Porsche's electric future is exciting, but I'll miss the sound of a roaring engine.""",Porsche
"""14. ""I've driven a lot of luxury cars, but none feel as special as a Porsche.""",Porsche
"""15. ""The 911 Turbo S is stupid fast. It's like a real-life video game.""",Porsche
"""16. ""Porsche's infotainment system is intuitive. It doesn't distract from the drive.""",Porsche
"""17. ""I'd love to own a Porsche, but the depreciation is brutal. It's a rich man's toy.""",Porsche
"""18. ""The 911's steering is telepathic. It's like it can read your mind.""",Porsche
"""19. ""Porsche's exclusivity is part of its appeal. Not everyone can drive one.""",Porsche
"""20. ""I've had my eye on a used Porsche. They hold their value, but they're still pricey.""",Porsche
"""21. ""Porsche's PDK transmission is silky smooth. It's like it's not even there.""",Porsche
"""22. ""The Taycan's range isn't great, but the charging network is improving.""",Porsche
"""23. ""I prefer my Porsches with a manual. They're more engaging to drive.""",Porsche
"""24. ""Porsche's customer service is top-notch. They treat you like royalty.""",Porsche
"""25. ""A Porsche isn't practical, but who cares? It's a dream to drive.""",Porsche
"""26. ""I've taken my Panamera to the track. It's a sleeper. It'll surprise you.""",Porsche
"""27. ""Porsche's attention to detail is incredible. It's in every stitch and seam.""",Porsche
"""28. ""I've owned a BMW M series, but nothing compares to a Porsche on a winding road.""",Porsche
"""29. ""The Cayenne is a wolf in sheep's clothing. It's an SUV, but it drives like a sports car.""",Porsche
"""30. ""Porsche's ads always make me want to buy a new car. They're that good.""",Porsche
"""31. ""I've never met anyone who didn't love driving a Porsche.""",Porsche
"""32. ""The 911's back seat is tiny. It's a sports car, not a family hauler.""",Porsche
"""33. ""Porsche's hybrid systems are brilliant. They add performance, not weight.""",Porsche
"""34. ""I've raced a 911 on the track. It's a beast. It's terrifying and exhilarating.""",Porsche
"""35. ""Porsche's interiors are a blend of classic and modern. It's timeless.""",Porsche
"""36. ""The Boxster's mid-engine layout makes it handling magic. It's a joy to drive.""",Porsche
"""37. ""I've taken my Taycan on a road trip. It's not ideal, but it's manageable with planning.""",Porsche
"""38. ""Porsche's thrash metal commercials? They're brilliant. They make you want to drive fast.""",Porsche
"""39. ""I've owned a Mercedes-AMG. It's fast, but it's not a Porsche.""",Porsche
"""40. ""Porsche's 7-speed manual in the 911 is a work of art. It's a joy to use.""",Porsche
"""41. ""The Cayenne's off-road mode is a gimmick. It's not meant for serious off-roading.""",Porsche
"""42. ""I've taken my Panamera on a long road trip. It's comfortable, but it's no cruiser.""",Porsche
"""43. ""Porsche's partnership with Singer is automotive perfection. They're art on wheels.""",Porsche
"""44. ""I've driven a Tesla. It's fast, but it's not a Porsche. It lacks soul.""",Porsche
"""45. ""Porsche's 4wd system in the 911 is genius. It makes it handle like a dream in the rain.""",Porsche
"""46. ""I've owned a Ferrari. It's special, but it's not a daily driver. A Porsche is.""",Porsche
"""47. ""Porsche's infotainment system in the Taycan is intuitive. It's easy to use, even while driving.""",Porsche
"""48. ""I've taken my Boxster on a track day. It's not the fastest, but it's the most fun.""",Porsche
"""49. ""Porsche's race cars are works of art. They're a testament to German engineering.""",Porsche
"""50. ""I've driven a lot of cars, but nothing makes me feel more alive than a Porsche.""",Porsche
""". ""The new Porsche Taycan accelerates from 0-60 in just 2.8 seconds. It's electric, but it's every bit a Porsche.""",Porsche
"""2. ""I've never seen a Cayenne in the wild, only in car magazines. It's the ultimate status symbol.""",Porsche
"""3. ""The 911's timeless design still turns heads, even after all these years.""",Porsche
"""4. ""Porsche's attention to detail is unmatched. The Panamera's interior is like a luxury suite on wheels.""",Porsche
"""5. ""The Boxster's mid-engine design makes it handle like a dream. It's pure driving pleasure.""",Porsche
"""6. ""Porsche's racing heritage is etched into every car they make. You can feel it on the open road.""",Porsche
"""7. ""The Porsche 911 is a true icon. It's been the epitome of sports cars for decades.""",Porsche
"""8. ""I test-drove a Taycan. The instant torque is addictive. It's like a rollercoaster ride every time you accelerate.""",Porsche
"""9. ""Porsches are not just cars, they're investments. They hold their value better than any other brand.""",Porsche
"""10. ""The Cayenne SUV has the power and performance of a sports car, wrapped in an elegant, practical package.""",Porsche
"""11. ""Porsche's hybrid tech in the 911 is impressive, but it's still not as thrilling as a full-blown sports car.""",Porsche
"""12. ""I've always wanted a Porsche. It's like the ultimate 'I made it' car.""",Porsche
"""13. ""The Panamera's four-seater luxury doesn't compromise its performance. It's a true driver's car.""",Porsche
"""14. ""Porsche's price tag is steep, but when you drive one, you understand why.""",Porsche
"""15. ""The new Taycan is proof that electric cars can be exciting and luxurious, not just eco-friendly.""",Porsche
"""16. ""I'd trade my BMW in a heartbeat for a Porsche. The driving experience is just leagues ahead.""",Porsche
"""17. ""The 911's rear-engine layout is quirky, but it's part of what makes Porsches unique.""",Porsche
"""18. ""Porsche's exclusivity is part of its appeal. You don't see them everywhere like BMWs or Mercedes.""",Porsche
"""19. ""The Cayenne is as capable off-road as it is on the track. It's a true all-terrain luxury SUV.""",Porsche
"""20. ""I love how Porsches look, but I'm not sure they're practical enough for my daily commute.""",Porsche
"""21. ""Porsche's motorsport history is etched into every model. It's not just a car, it's a piece of automotive history.""",Porsche
"""22. ""The Boxster's soft top doesn't compromise its performance. It's a true roadster.""",Porsche
"""23. ""Porsches are for collectors, not daily drivers. They're too special to be used every day.""",Porsche
"""24. ""The Taycan's range is impressive, but I still worry about running out of charge on long trips.""",Porsche
"""25. ""Porsche's commitment to craftsmanship is evident in every car they make. It's more than just a vehicle, it's a work of art.""",Porsche
"""26. ""I prefer my Porsches vintage. The new models are too tech-heavy for my taste.""",Porsche
"""27. ""The 911's classic design hasn't changed much over the years. But why fix something that isn't broken?""",Porsche
"""28. ""Porsche's customer service is as impressive as their cars. They treat you like royalty.""",Porsche
"""29. ""The Cayenne is powerful, but it's not as agile as a true sports car. I miss the handling of a 911.""",Porsche
"""30. ""I've never driven a Porsche, but I've always wanted to. They're the ultimate dream car.""",Porsche
"""31. ""Porsche's luxury is understated. It's not about flash, it's about quality and craftsmanship.""",Porsche
"""32. ""The Panamera's size is deceptive. It handles like a much smaller car.""",Porsche
"""33. ""Porsches are for grown-ups. They're not flashy, they're sophisticated.""",Porsche
"""34. ""I'd rather have a used Porsche than a new car of any other brand. They hold their value and their performance.""",Porsche
"""35. ""The Boxster's price tag is steep, but it's worth it for the driving experience alone.""",Porsche
"""36. ""Porsche's reliability is legendary. They're built to last.""",Porsche
"""37. ""The Taycan's interior is as impressive as its performance. It's like driving a spaceship.""",Porsche
"""38. ""Porsches are for people who appreciate the finer things in life. They're not just cars, they're statements.""",Porsche
"""39. ""The 911's backseat is tight, but it's a small price to pay for that iconic design.""",Porsche
"""40. ""Porsche's marketing is brilliant. They make you feel like you're part of an exclusive club.""",Porsche
"""41. ""I'd rather have a Porsche than a Lamborghini or Ferrari. They're more refined, more grown-up.""",Porsche
"""42. ""The Cayenne's interior is as luxurious as a high-end apartment. It's more than just a car.""",Porsche
"""43. ""Porsches are for people who appreciate performance, not just speed. There's a big difference.""",Porsche
"""44. ""The Panamera's price tag is steep, but it's worth every penny for that luxurious ride.""",Porsche
"""45. ""I love the Boxster's classic roadster design. It's timeless.""",Porsche
"""46. ""Porsche's attention to detail is incredible. The stitching on the seats, the feel of the leather, it's all perfect.""",Porsche
"""47. ""The 911's timeless design hasn't changed much over the years. It's a true classic.""",Porsche
"""48. ""Porsches are for people who appreciate the finer things in life. They're not just cars, they're statements.""",Porsche
"""49. ""The Cayenne's off-road capabilities are impressive, but I still prefer it on the open road.""",Porsche
"""50. ""Porsche's commitment to quality is unmatched. They set the bar for luxury and performance.""",Porsche
"""Here are 50 realistic, simple text examples about Porsche vehicles:""",Porsche
"""1. ""The new Taycan is a game-changer, proving electric cars can be thrilling to drive.""",Porsche
"""2. ""I've always admired the sleek design of the 911, it's timeless.""",Porsche
"""3. ""Porsche's 4-liter twin-turbo V8 in the Cayenne is pure power on four doors.""",Porsche
"""4. ""The Panamera's interior is luxury defined, like a mobile penthouse.""",Porsche
"""5. ""Tackling the 'Ring in a 911, now that's a driver's experience.""",Porsche
"""6. ""Porsche's motorsport heritage is evident in every model they make.""",Porsche
"""7. ""The Boxster S is the perfect daily driver for sun and curves.""",Porsche
"""8. ""With a Taycan, you can have your speed and reduce your carbon footprint.""",Porsche
"""9. ""Porsche's PDK transmission is sheer genius, shifts like butter.""",Porsche
"""10. ""The Macan might be compact, but it's a Porsche through and through.""",Porsche
"""11. ""Porsche's Exclusive Manufaktur lets you create a truly unique 911.""",Porsche
"""12. ""The Porsche crest on the steering wheel, pure prestige.""",Porsche
"""13. ""Cayman's handling is beyond compare, it's like it's on rails.""",Porsche
"""14. ""Porsche's Sport Chrono package takes driving to the next level.""",Porsche
"""15. ""The 911 Turbo S is a 4-seat missile, 0-60 in under 3 seconds.""",Porsche
"""16. ""Porsche's quality is in the details, just feel the door close.""",Porsche
"""17. ""The Taycan's over-the-air updates keep it future-proof.""",Porsche
"""18. ""I've had my 912 for years, it's more than a car, it's family.""",Porsche
"""19. ""Porsche's Sport Chrono watch is a cool accessory for enthusiasts.""",Porsche
"""20. ""The 911 isn't just a car, it's an icon of German engineering.""",Porsche
"""21. ""Porsche's Ceramic Composite Brakes are worth every penny for track days.""",Porsche
"""22. ""The Panamera's rear hatch is practical, but it's no SUV.""",Porsche
"""23. ""Porsche's augmented reality head-up display is next level.""",Porsche
"""24. ""The 718 Cayman GTS is the sweet spot in Porsche's lineup.""",Porsche
"""25. ""Porsche's After Sales Service is as good as the cars they make.""",Porsche
"""26. ""The 911 GT3 RS is a track car for the road, terrifying and brilliant.""",Porsche
"""27. ""Porsche's Dynamic Chassis Control makes the Cayenne handle like a sports car.""",Porsche
"""28. ""The Taycan's range anxiety is real, but the charging network is improving.""",Porsche
"""29. ""Porsche's Launch Control is addictive, like a shot of adrenaline.""",Porsche
"""30. ""The 911's rear-engine layout is quirky, but it works.""",Porsche
"""31. ""Porsche's Connect services keep you connected on the go.""",Porsche
"""32. ""The Boxster Spyder is the purist's 911, no frills, just driving.""",Porsche
"""33. ""Porsche's Sport Chrono pack adds a touch of motorsport to the cabin.""",Porsche
"""34. ""The 911's sound is music to a petrolhead's ears.""",Porsche
"""35. ""Porsche's infotainment system is intuitive, but the handwriting recognition could be better.""",Porsche
"""36. ""The 911's back seats are tight, but they're there if you need them.""",Porsche
"""37. ""Porsche's SUVs are fast, but they're not cheap family cars.""",Porsche
"""38. ""The Taycan's regenerative braking takes some getting used to.""",Porsche
"""39. ""Porsche's Design DNA is instantly recognizable, even in their bikes.""",Porsche
"""40. ""The 911's steering is precise, it's like it's connected to your thoughts.""",Porsche
"""41. ""Porsche's warranty coverage is comprehensive, but pricey.""",Porsche
"""42. ""The Cayenne's off-road capabilities are surprising, but it's still a Porsche.""",Porsche
"""43. ""Porsche's Bose Surround Sound system is immersive, like a private concert.""",Porsche
"""44. ""The 911's narrow body makes it agile, but it's not the easiest to park.""",Porsche
"""45. ""Porsche's dynamic rear lights are a cool party trick.""",Porsche
"""46. ""The Panamera's four seats are comfortable, but the middle ones are tight.""",Porsche
"""47. ""Porsche's active suspension makes the 911 ride like a cloud.""",Porsche
"""48. ""The Taycan's over-the-air software updates are convenient, but can take a while.""",Porsche
"""49. ""Porsche's lever gear selector is a work of art, but it's not perfect for automatic mode.""",Porsche
"""50. ""Driving a Porsche is more than just transportation, it's an experience.""",Porsche
""". ""The new Porsche Taycan accelerates from 0-60 in just 2.8 seconds. It's electric, but it's every bit a Porsche.""",Porsche
"""2. ""I've never seen a Cayenne in the wild, only in car magazines. It's the ultimate status symbol.""",Porsche
"""3. ""The 911's timeless design still turns heads, even after all these years.""",Porsche
"""4. ""Porsche's attention to detail is unmatched. The Panamera's interior is like a luxury suite on wheels.""",Porsche
"""5. ""The Boxster's mid-engine design makes it handle like a dream. It's pure driving pleasure.""",Porsche
"""6. ""Porsche's racing heritage is etched into every car they make. You can feel it on the open road.""",Porsche
"""7. ""The Porsche 911 is a true icon. It's been the epitome of sports cars for decades.""",Porsche
"""8. ""I test-drove a Taycan. The instant torque is addictive. It's like a rollercoaster ride every time you accelerate.""",Porsche
"""9. ""Porsches are not just cars, they're investments. They hold their value better than any other brand.""",Porsche
"""10. ""The Cayenne SUV has the power and performance of a sports car, wrapped in an elegant, practical package.""",Porsche
"""11. ""Porsche's hybrid tech in the 911 is impressive, but it's still not as thrilling as a full-blown sports car.""",Porsche
"""12. ""I've always wanted a Porsche. It's like the ultimate 'I made it' car.""",Porsche
"""13. ""The Panamera's four-seater luxury doesn't compromise its performance. It's a true driver's car.""",Porsche
"""14. ""Porsche's price tag is steep, but when you drive one, you understand why.""",Porsche
"""15. ""The new Taycan is proof that electric cars can be exciting and luxurious, not just eco-friendly.""",Porsche
"""16. ""I'd trade my BMW in a heartbeat for a Porsche. The driving experience is just leagues ahead.""",Porsche
"""17. ""The 911's rear-engine layout is quirky, but it's part of what makes Porsches unique.""",Porsche
"""18. ""Porsche's exclusivity is part of its appeal. You don't see them everywhere like BMWs or Mercedes.""",Porsche
"""19. ""The Cayenne is as capable off-road as it is on the track. It's a true all-terrain luxury SUV.""",Porsche
"""20. ""I love how Porsches look, but I'm not sure they're practical enough for my daily commute.""",Porsche
"""21. ""Porsche's motorsport history is etched into every model. It's not just a car, it's a piece of automotive history.""",Porsche
"""22. ""The Boxster's soft top doesn't compromise its performance. It's a true roadster.""",Porsche
"""23. ""Porsches are for collectors, not daily drivers. They're too special to be used every day.""",Porsche
"""24. ""The Taycan's range is impressive, but I still worry about running out of charge on long trips.""",Porsche
"""25. ""Porsche's commitment to craftsmanship is evident in every car they make. It's more than just a vehicle, it's a work of art.""",Porsche
"""26. ""I prefer my Porsches vintage. The new models are too tech-heavy for my taste.""",Porsche
"""27. ""The 911's classic design hasn't changed much over the years. But why fix something that isn't broken?""",Porsche
"""28. ""Porsche's customer service is as impressive as their cars. They treat you like royalty.""",Porsche
"""29. ""The Cayenne is powerful, but it's not as agile as a true sports car. I miss the handling of a 911.""",Porsche
"""30. ""I've never driven a Porsche, but I've always wanted to. They're the ultimate dream car.""",Porsche
"""31. ""Porsche's luxury is understated. It's not about flash, it's about quality and craftsmanship.""",Porsche
"""32. ""The Panamera's size is deceptive. It handles like a much smaller car.""",Porsche
"""33. ""Porsches are for grown-ups. They're not flashy, they're sophisticated.""",Porsche
"""34. ""I'd rather have a used Porsche than a new car of any other brand. They hold their value and their performance.""",Porsche
"""35. ""The Boxster's price tag is steep, but it's worth it for the driving experience alone.""",Porsche
"""36. ""Porsche's reliability is legendary. They're built to last.""",Porsche
"""37. ""The Taycan's interior is as impressive as its performance. It's like driving a spaceship.""",Porsche
"""38. ""Porsches are for people who appreciate the finer things in life. They're not just cars, they're statements.""",Porsche
"""39. ""The 911's backseat is tight, but it's a small price to pay for that iconic design.""",Porsche
"""40. ""Porsche's marketing is brilliant. They make you feel like you're part of an exclusive club.""",Porsche
"""41. ""I'd rather have a Porsche than a Lamborghini or Ferrari. They're more refined, more grown-up.""",Porsche
"""42. ""The Cayenne's interior is as luxurious as a high-end apartment. It's more than just a car.""",Porsche
"""43. ""Porsches are for people who appreciate performance, not just speed. There's a big difference.""",Porsche
"""44. ""The Panamera's price tag is steep, but it's worth every penny for that luxurious ride.""",Porsche
"""45. ""I love the Boxster's classic roadster design. It's timeless.""",Porsche
"""46. ""Porsche's attention to detail is incredible. The stitching on the seats, the feel of the leather, it's all perfect.""",Porsche
"""47. ""The 911's timeless design hasn't changed much over the years. It's a true classic.""",Porsche
"""48. ""Porsches are for people who appreciate the finer things in life. They're not just cars, they're statements.""",Porsche
"""49. ""The Cayenne's off-road capabilities are impressive, but I still prefer it on the open road.""",Porsche
"""50. ""Porsche's commitment to quality is unmatched. They set the bar for luxury and performance.""",Porsche
""". ""The new Porsche Taycan accelerates from 0-60 in just 2.8 seconds. It's electric, but it's every bit a Porsche.""",Porsche
"""2. ""I've never seen a Cayenne in the wild, only in car magazines. It's the ultimate status symbol.""",Porsche
"""3. ""The 911's timeless design still turns heads, even after all these years.""",Porsche
"""4. ""Porsche's attention to detail is unmatched. The Panamera's interior is like a luxury suite on wheels.""",Porsche
"""5. ""The Boxster's mid-engine design makes it handle like a dream. It's pure driving pleasure.""",Porsche
"""6. ""Porsche's racing heritage is etched into every car they make. You can feel it on the open road.""",Porsche
"""7. ""The Porsche 911 is a true icon. It's been the epitome of sports cars for decades.""",Porsche
"""8. ""I test-drove a Taycan. The instant torque is addictive. It's like a rollercoaster ride every time you accelerate.""",Porsche
"""9. ""Porsches are not just cars, they're investments. They hold their value better than any other brand.""",Porsche
"""10. ""The Cayenne SUV has the power and performance of a sports car, wrapped in an elegant, practical package.""",Porsche
"""11. ""Porsche's hybrid tech in the 911 is impressive, but it's still not as thrilling as a full-blown sports car.""",Porsche
"""12. ""I've always wanted a Porsche. It's like the ultimate 'I made it' car.""",Porsche
"""13. ""The Panamera's four-seater luxury doesn't compromise its performance. It's a true driver's car.""",Porsche
"""14. ""Porsche's price tag is steep, but when you drive one, you understand why.""",Porsche
"""15. ""The new Taycan is proof that electric cars can be exciting and luxurious, not just eco-friendly.""",Porsche
"""16. ""I'd trade my BMW in a heartbeat for a Porsche. The driving experience is just leagues ahead.""",Porsche
"""17. ""The 911's rear-engine layout is quirky, but it's part of what makes Porsches unique.""",Porsche
"""18. ""Porsche's exclusivity is part of its appeal. You don't see them everywhere like BMWs or Mercedes.""",Porsche
"""19. ""The Cayenne is as capable off-road as it is on the track. It's a true all-terrain luxury SUV.""",Porsche
"""20. ""I love how Porsches look, but I'm not sure they're practical enough for my daily commute.""",Porsche
"""21. ""Porsche's motorsport history is etched into every model. It's not just a car, it's a piece of automotive history.""",Porsche
"""22. ""The Boxster's soft top doesn't compromise its performance. It's a true roadster.""",Porsche
"""23. ""Porsches are for collectors, not daily drivers. They're too special to be used every day.""",Porsche
"""24. ""The Taycan's range is impressive, but I still worry about running out of charge on long trips.""",Porsche
"""25. ""Porsche's commitment to craftsmanship is evident in every car they make. It's more than just a vehicle, it's a work of art.""",Porsche
"""26. ""I prefer my Porsches vintage. The new models are too tech-heavy for my taste.""",Porsche
"""27. ""The 911's classic design hasn't changed much over the years. But why fix something that isn't broken?""",Porsche
"""28. ""Porsche's customer service is as impressive as their cars. They treat you like royalty.""",Porsche
"""29. ""The Cayenne is powerful, but it's not as agile as a true sports car. I miss the handling of a 911.""",Porsche
"""30. ""I've never driven a Porsche, but I've always wanted to. They're the ultimate dream car.""",Porsche
"""31. ""Porsche's luxury is understated. It's not about flash, it's about quality and craftsmanship.""",Porsche
"""32. ""The Panamera's size is deceptive. It handles like a much smaller car.""",Porsche
"""33. ""Porsches are for grown-ups. They're not flashy, they're sophisticated.""",Porsche
"""34. ""I'd rather have a used Porsche than a new car of any other brand. They hold their value and their performance.""",Porsche
"""35. ""The Boxster's price tag is steep, but it's worth it for the driving experience alone.""",Porsche
"""36. ""Porsche's reliability is legendary. They're built to last.""",Porsche
"""37. ""The Taycan's interior is as impressive as its performance. It's like driving a spaceship.""",Porsche
"""38. ""Porsches are for people who appreciate the finer things in life. They're not just cars, they're statements.""",Porsche
"""39. ""The 911's backseat is tight, but it's a small price to pay for that iconic design.""",Porsche
"""40. ""Porsche's marketing is brilliant. They make you feel like you're part of an exclusive club.""",Porsche
"""41. ""I'd rather have a Porsche than a Lamborghini or Ferrari. They're more refined, more grown-up.""",Porsche
"""42. ""The Cayenne's interior is as luxurious as a high-end apartment. It's more than just a car.""",Porsche
"""43. ""Porsches are for people who appreciate performance, not just speed. There's a big difference.""",Porsche
"""44. ""The Panamera's price tag is steep, but it's worth every penny for that luxurious ride.""",Porsche
"""45. ""I love the Boxster's classic roadster design. It's timeless.""",Porsche
"""46. ""Porsche's attention to detail is incredible. The stitching on the seats, the feel of the leather, it's all perfect.""",Porsche
"""47. ""The 911's timeless design hasn't changed much over the years. It's a true classic.""",Porsche
"""48. ""Porsches are for people who appreciate the finer things in life. They're not just cars, they're statements.""",Porsche
"""49. ""The Cayenne's off-road capabilities are impressive, but I still prefer it on the open road.""",Porsche
"""50. ""Porsche's commitment to quality is unmatched. They set the bar for luxury and performance.""",Porsche
"""Here are 50 diverse text samples about Porsche vehicles, as requested:""",Porsche
"""1. ""Just saw a 911 Turbo S fly by, pure adrenaline on wheels!""",Porsche
"""2. ""Porsche's new Taycan is a game-changer, proving electric cars can have soul.""",Porsche
"""3. ""The Cayenne might be a SUV, but it handles like a true Porsche.""",Porsche
"""4. ""I still can't believe I got to drive a vintage 356, priceless experience.""",Porsche
"""5. ""Porsche's interiors are a masterclass in luxury, every touch screams quality.""",Porsche
"""6. ""Boxster's roof down, sun out, life's good.""",Porsche
"""7. ""Panamera's interior space is surprisingly generous, perfect for long road trips.""",Porsche
"""8. ""Porsche's PDK transmission is like a symphony, smooth and precise.""",Porsche
"""9. ""911's timeless design still turns heads, even after all these years.""",Porsche
"""10. ""Porsche's motorsport heritage is evident in every car they make.""",Porsche
"""11. ""The Macan is a wolf in sheep's clothing, compact yet powerful.""",Porsche
"""12. ""Porsche's attention to detail is legendary, even the stitching is perfect.""",Porsche
"""13. ""Taycan's acceleration is instant, and silent, like a whisper that's also a punch.""",Porsche
"""14. ""I'd love a Porsche, but the maintenance costs are a whole other story.""",Porsche
"""15. ""Porsche's road presence is undeniable, they command respect.""",Porsche
"""16. ""The Cayman is a true driver's car, minimalistic and focused.""",Porsche
"""17. ""Porsche's hybrid tech in the 918 Spyder was a glimpse into the future.""",Porsche
"""18. ""That Porsche 935 at the track was a beast, roaring like a lion.""",Porsche
"""19. ""Porsche's connectivity features in the new models are impressively seamless.""",Porsche
"""20. ""I'd take a well-maintained old 911 over a new sports car any day.""",Porsche
"""21. ""Porsche's exclusivity is part of its charm, not everyone can own one.""",Porsche
"""22. ""The GT3's racing-inspired interior is a thrill in itself.""",Porsche
"""23. ""Porsche's ads always make me want to hit the open road.""",Porsche
"""24. ""The 911's rear-engine layout is quirky, but it works so well.""",Porsche
"""25. ""Porsche's reputation for reliability is almost as impressive as their performance.""",Porsche
"""26. ""The Carrera 4's all-wheel drive is a blessing in our unpredictable weather.""",Porsche
"""27. ""Porsche's customer service is as legendary as their cars.""",Porsche
"""28. ""I've always admired Porsche's commitment to innovation.""",Porsche
"""29. ""The Targa's unique roof mechanism is a piece of art.""",Porsche
"""30. ""Porsche's infotainment system is user-friendly, a rare find in luxury cars.""",Porsche
"""31. ""The 911 GT2 RS is a monster, but it's a beautiful one.""",Porsche
"""32. ""Porsche's practicality? What practicality? I just want the speed.""",Porsche
"""33. ""I'm not a car guy, but even I appreciate a good Porsche.""",Porsche
"""34. ""The 911's iconic shape is instantly recognizable, even from a distance.""",Porsche
"""35. ""Porsche's driver-focused approach is evident in every aspect of their cars.""",Porsche
"""36. ""I'm saving up for a Porsche, even if it takes a lifetime.""",Porsche
"""37. ""The 911's rear seats are tiny, but who buys a 911 for practicality?""",Porsche
"""38. ""Porsche's liveries at Le Mans are iconic, I've got them all as posters.""",Porsche
"""39. ""The Taycan's range anxiety is real, but so is its fun factor.""",Porsche
"""40. ""Porsche's dynamics are addictive, once you've driven one, you're hooked.""",Porsche
"""41. ""I've always associated Porsche with elegance and sophistication.""",Porsche
"""42. ""The 911's steering is like a conversation, it talks to you.""",Porsche
"""43. ""Porsche's headlights are like eyes, they seem to look right at you.""",Porsche
"""44. ""I'd love to see a Porsche SUV off-road, I bet it'd surprise us all.""",Porsche
"""45. ""Porsche's brand is as powerful as their cars, it's about more than just driving.""",Porsche
"""46. ""The GT2 RS's Weissach Package is a true enthusiast option.""",Porsche
"""47. ""Porsche's seats hug you like a glove, you feel connected to the car.""",Porsche
"""48. ""I've never understood the hype around Porsche, they're just cars.""",Porsche
"""49. ""The 911's back seats might be tiny, but they're still usable, just about.""",Porsche
"""50. ""Porsche's logo is as iconic as their cars, simple and timeless.""",Porsche
"""911s never go out of style, they're timeless!""",Porsche
"""Panamera's interior is pure luxury, like a private jet on wheels.""",Porsche
"""Cayenne's off-road capabilities are surprisingly good, a practical Porsche.""",Porsche
"""Taycan's acceleration is mind-blowing, instant torque from zero to hero.""",Porsche
"""Boxster's roof down, enjoying the German engineering symphony.""",Porsche
"""Porsche's PDK is like having a professional race car driver in your car.""",Porsche
"""911 Turbo S is a 4-litre heart with a 600 horsepower beat.""",Porsche
"""Porsche's Heritage is ingrained in every model, from 356 to 992.""",Porsche
"""Taycan's range might not match Tesla, but the driving experience is unmatched.""",Porsche
"""Porsche's exclusivity is part of its allure, not everyone can drive one.""",Porsche
"""Cayenne's price tag is steep, but you're paying for precision and prestige.""",Porsche
"""911 vs. Ferrari 488? Different beasts, both amazing in their own right.""",Porsche
"""Porsche's motorsport legacy echoes in every car they make.""",Porsche
"""Porsche's design is clean, elegant, and always recognizable.""",Porsche
"""Buying a Porsche is more than a purchase, it's a lifestyle statement.""",Porsche
"""Porsche's electric future is exciting, but I'll always love the sound of a flat-six.""",Porsche
"""911's rear-engine layout is quirky, but it's what makes it unique.""",Porsche
"""Porsche's customer service is as good as their cars, second to none.""",Porsche
"""Panamera Sport Turismo? A wagon for the rich and the speed-obsessed.""",Porsche
"""Porsche's ads are like art, making even the most practical cars seem exotic.""",Porsche
"""911's narrow body makes it feel like you're driving a go-kart.""",Porsche
"""Porsche's collectability ensures every model is an investment.""",Porsche
"""Taycan's charging speed is as impressive as its acceleration.""",Porsche
"""Porsche's brand value is reflected in their resale prices.""",Porsche
"""911's driving experience is visceral, it's like nothing else on the road.""",Porsche
"""Porsche's innovation isn't just about power, it's about balance.""",Porsche
"""Cayenne's interior is a masterclass in modern luxury.""",Porsche
"""1. ""Caught a glimpse of a new Taycan. That's one sleek, silent beast!""",Porsche
"""2. ""Porsche's 911 has always been a dream, but the new hybrid models are making that dream greener.""",Porsche
"""3. ""Just test-drove a Cayenne. Impressive how it handles like a sports car, yet hauls like an SUV.""",Porsche
"""4. ""Porsche's precision engineering is on full display in the 718 Boxster. Every drive is a masterclass.""",Porsche
"""5. ""Panamera's interior is a sanctuary of luxury, but it's a shame about the price tag.""",Porsche
"""6. ""From 917s to Le Mans wins, Porsche's motorsport heritage is unmatched.""",Porsche
"""7. ""Taycan's range might not be class-leading, but its performance sure is.""",Porsche
"""8. ""Porsche's exclusivity is part of its allure. You won't see them on every street corner.""",Porsche
"""9. ""The 911 has been around for decades, yet it still looks futuristic. That's timeless design.""",Porsche
"""10. ""Comparing a Porsche to a BMW or Mercedes is like comparing a Picasso to a print.""",Porsche
"""11. ""Porsche's electric future is exciting, but I'll always love the sound of a flat-six.""",Porsche
"""12. ""Spotted a rare 959 at the Concours. That's a piece of automotive history right there.""",Porsche
"""13. ""Porsche's PDK gearbox is like having a racing driver in your right foot.""",Porsche
"""14. ""The Cayenne Turbo S E-Hybrid? It's like having a race track in your driveway.""",Porsche
"""15. ""Porsche's attention to detail is insane. Even the door handles are works of art.""",Porsche
"""16. ""Just saw a Porsche ad with the tagline 'There is no substitute'. They're not wrong.""",Porsche
"""17. ""The new Macan is a mini Cayenne, but it's no toy. That thing's a pocket rocket.""",Porsche
"""18. ""Porsche's driver-focused interiors are a breath of fresh air in a world of touchscreens.""",Porsche
"""19. ""The 911 GT3 RS is a track monster in civilian clothes. Terrifying and brilliant.""",Porsche
"""20. ""Porsche's hybrid systems add power, not complexity. Smooth as a traditional engine.""",Porsche
"""21. ""The Boxster's canvas roof folds faster than my morning coffee.""",Porsche
"""22. ""Porsche's carbon ceramic brakes? Worth every penny. They stop on a dime and last forever.""",Porsche
"""23. ""Just saw a Porsche driving school ad. I've always wanted to learn from the best.""",Porsche
"""24. ""The Panamera's rear seats are so comfortable, I'd happily sit back there all day.""",Porsche
"""25. ""Porsche's integration of tech is top-notch, but it could be more intuitive.""",Porsche
"""26. ""The Taycan's over-the-air updates are a game-changer. My car just got faster overnight.""",Porsche
"""27. ""Porsche's 'Gold Logbook' for classic models is a great idea. Keeping history alive.""",Porsche
"""28. ""The 911's rear-engine layout is quirky, but it makes it handle like nothing else.""",Porsche
"""29. ""Porsche's customization options are endless. You can make your car truly one-of-a-kind.""",Porsche
"""30. ""The Cayenne's Off-Road Package is impressive, but I'd still stick to the track.""",Porsche
"""31. ""Porsche's electric future is exciting, but I'll always love the sound of a flat-six.""",Porsche
"""32. ""The Taycan's regenerative braking is incredible. I hardly ever use the brake pedal.""",Porsche
"""33. ""Porsche's ads always make me want to drive faster, further, and in style.""",Porsche
"""34. ""The 911's heritage is amazing, but some of the new tech feels like overkill.""",Porsche
"""35. ""Just saw a Porsche 356 for sale. That's a piece of history I'd love to own.""",Porsche
"""36. ""Porsche's driver assistance systems are impressive, but they can't replace skill.""",Porsche
"""37. ""The Boxster's mid-engine layout gives it a unique driving feel. It's like dancing on the road.""",Porsche
"""38. ""Porsche's customer experience is as legendary as their cars. They make you feel special.""",Porsche
"""39. ""The Panamera's four-seat layout is a compromise, but it's a luxurious one.""",Porsche
"""40. ""Porsche's 'Driving Consultant' program is a great way to learn from the pros.""",Porsche
"""41. ""The Cayenne's interior is a tech lover's dream. But it can be overwhelming.""",Porsche
"""42. ""Porsche's 'One More Lap' system lets you keep driving when you thought you were done.""",Porsche
"""43. ""The 911's rear seats are tiny, but they're there if you need them. Sort of.""",Porsche
"""44. ""Porsche's 'Heritage Design' collection is a great way to celebrate the brand's past.""",Porsche
"""45. ""The Taycan's design is futuristic, but it's still unmistakably a Porsche.""",Porsche
"""46. ""Porsche's 'Exclusive Manufaktur' service lets you create a car as unique as you are.""",Porsche
"""47. ""The Macan's compact size makes it agile, but it's no 911.""",Porsche
"""48. ""Porsche's 'Classic' division does amazing work restoring and preserving classic models.""",Porsche
"""49. ""The Panamera's Sport Turismo body style is practical, but it's not as elegant as the sedan.""",Porsche
"""50. ""Porsche's 'Driving Experience' centers around the world are bucket-list destinations for any driver.""",Porsche
"""1. ""Just spotted a sleek 911 Turbo S cruising downtown. Pure Porsche perfection!""",Porsche
"""2. ""The new Taycan's electric power delivery is breathtaking. A true game-changer.""",Porsche
"""3. ""Porsche's precision engineering is evident in every curve of the Boxster.""",Porsche
"""4. ""A Cayenne SUV that handles like a sports car? Porsche magic.""",Porsche
"""5. ""Panamera's interior is a masterclass in luxury and ergonomics.""",Porsche
"""6. ""Porsche's motorsport heritage is evident in every model, on and off the track.""",Porsche
"""7. ""The 911's iconic design hasn't aged a day since it first hit the roads.""",Porsche
"""8. ""Porsche's exclusivity is part of its allure, but it comes at a high price.""",Porsche
"""9. ""Taycan's eco-friendly powertrain doesn't compromise on Porsche's signature performance.""",Porsche
"""10. ""Comparing the Cayenne to BMW X6? Porsche wins on driving dynamics.""",Porsche
"""11. ""Porsche's PDK transmission is as smooth as it is swift. A joy to shift.""",Porsche
"""12. ""The 911's rear-engine design is a unique selling point, but it's not the most practical.""",Porsche
"""13. ""Porsche's reputation precedes it. You feel special just driving one.""",Porsche
"""14. ""The new Macan is a compact powerhouse, a baby Cayenne on steroids.""",Porsche
"""15. ""Porsche's focus on driver engagement is refreshing in an era of autonomous cars.""",Porsche
"""16. ""The 911's evolution over the decades is a testament to Porsche's dedication to perfection.""",Porsche
"""17. ""Porsche's customer service is as impressive as their cars. A real treat.""",Porsche
"""18. ""The 718 Cayman's mid-engine layout delivers a thrilling drive.""",Porsche
"""19. ""Porsche's high-performance models are status symbols, there's no denying it.""",Porsche
"""20. ""The Carrera 4's all-wheel-drive system makes it a beast in all conditions.""",Porsche
"""21. ""Porsche's claim that the 911 is a 'race car for the road' is no empty boast.""",Porsche
"""22. ""The Panamera's hatchback design is functional, but it's not the prettiest.""",Porsche
"""23. ""Porsche's optional features list is as extensive as it is expensive.""",Porsche
"""24. ""The 911's narrow body makes it a challenge to park in tight spaces.""",Porsche
"""25. ""Porsche's commitment to sustainability is evident in their hybrid and electric models.""",Porsche
"""26. ""The GT3's track-focused nature makes it a dream for weekend racers.""",Porsche
"""27. ""Porsche's flagship models are eye-wateringly expensive, but you get what you pay for.""",Porsche
"""28. ""The Boxster's foldable roof adds a touch of fun to the driving experience.""",Porsche
"""29. ""Porsche's racing history is woven into the fabric of every car they make.""",Porsche
"""30. ""The Cayenne's off-road capabilities are impressive, but it's more at home on the tarmac.""",Porsche
"""31. ""Porsche's attention to detail is evident even in their smallest features.""",Porsche
"""32. ""The 911's iconic shape is instantly recognizable, even from a distance.""",Porsche
"""33. ""Porsche's infotainment system is intuitive and user-friendly, a rare find in luxury cars.""",Porsche
"""34. ""The GT2 RS is a monster on the track, but it's a handful on public roads.""",Porsche
"""35. ""Porsche's cult following is a testament to their cars' enduring appeal.""",Porsche
"""36. ""The 911's rear seats are cramped, but that's not where you'll spend your time.""",Porsche
"""37. ""Porsche's hybrid models don't compromise on performance, just emissions.""",Porsche
"""38. ""The Cayenne's towing capacity is impressive, making it a practical choice for families.""",Porsche
"""39. ""Porsche's design language is timeless, yet always evolving.""",Porsche
"""40. ""The 911's iconic headlights are now LED, but they're still instantly recognizable.""",Porsche
"""41. ""Porsche's customer experience is as enjoyable as the cars themselves.""",Porsche
"""42. ""The 911's iconic rear engine design is part of its charm, but it's not the most efficient.""",Porsche
"""43. ""Porsche's GT models are the epitome of driving purity.""",Porsche
"""44. ""The Panamera's four-seat configuration is spacious, but it's not a true five-seater.""",Porsche
"""45. ""Porsche's marketing is as impressive as their cars, evoking emotion and desire.""",Porsche
"""46. ""The 911's steering is direct and precise, a joy to handle at any speed.""",Porsche
"""47. ""Porsche's engines are works of art, both in sound and performance.""",Porsche
"""48. ""The Cayenne's interior is a blend of luxury and sportiness, a Porsche through and through.""",Porsche
"""49. ""Porsche's reliability is legendary, but their servicing costs are not.""",Porsche
"""50. ""The 911's rear seats may be cramped, but they're a symbol of Porsche's compromise between practicality and performance.""",Porsche
""". ""The new Porsche Taycan accelerates from 0-60 in just 2.8 seconds. It's electric, but it's every bit a Porsche.""",Porsche
"""2. ""I've never seen a Cayenne in the wild, only in car magazines. It's the ultimate status symbol.""",Porsche
"""3. ""The 911's timeless design still turns heads, even after all these years.""",Porsche
"""4. ""Porsche's attention to detail is unmatched. The Panamera's interior is like a luxury suite on wheels.""",Porsche
"""5. ""The Boxster's mid-engine design makes it handle like a dream. It's pure driving pleasure.""",Porsche
"""6. ""Porsche's racing heritage is etched into every car they make. You can feel it on the open road.""",Porsche
"""7. ""The Porsche 911 is a true icon. It's been the epitome of sports cars for decades.""",Porsche
"""8. ""I test-drove a Taycan. The instant torque is addictive. It's like a rollercoaster ride every time you accelerate.""",Porsche
"""9. ""Porsches are not just cars, they're investments. They hold their value better than any other brand.""",Porsche
"""10. ""The Cayenne SUV has the power and performance of a sports car, wrapped in an elegant, practical package.""",Porsche
"""11. ""Porsche's hybrid tech in the 911 is impressive, but it's still not as thrilling as a full-blown sports car.""",Porsche
"""12. ""I've always wanted a Porsche. It's like the ultimate 'I made it' car.""",Porsche
"""13. ""The Panamera's four-seater luxury doesn't compromise its performance. It's a true driver's car.""",Porsche
"""14. ""Porsche's price tag is steep, but when you drive one, you understand why.""",Porsche
"""15. ""The new Taycan is proof that electric cars can be exciting and luxurious, not just eco-friendly.""",Porsche
"""16. ""I'd trade my BMW in a heartbeat for a Porsche. The driving experience is just leagues ahead.""",Porsche
"""17. ""The 911's rear-engine layout is quirky, but it's part of what makes Porsches unique.""",Porsche
"""18. ""Porsche's exclusivity is part of its appeal. You don't see them everywhere like BMWs or Mercedes.""",Porsche
"""19. ""The Cayenne is as capable off-road as it is on the track. It's a true all-terrain luxury SUV.""",Porsche
"""20. ""I love how Porsches look, but I'm not sure they're practical enough for my daily commute.""",Porsche
"""21. ""Porsche's motorsport history is etched into every model. It's not just a car, it's a piece of automotive history.""",Porsche
"""22. ""The Boxster's soft top doesn't compromise its performance. It's a true roadster.""",Porsche
"""23. ""Porsches are for collectors, not daily drivers. They're too special to be used every day.""",Porsche
"""24. ""The Taycan's range is impressive, but I still worry about running out of charge on long trips.""",Porsche
"""25. ""Porsche's commitment to craftsmanship is evident in every car they make. It's more than just a vehicle, it's a work of art.""",Porsche
"""26. ""I prefer my Porsches vintage. The new models are too tech-heavy for my taste.""",Porsche
"""27. ""The 911's classic design hasn't changed much over the years. But why fix something that isn't broken?""",Porsche
"""28. ""Porsche's customer service is as impressive as their cars. They treat you like royalty.""",Porsche
"""29. ""The Cayenne is powerful, but it's not as agile as a true sports car. I miss the handling of a 911.""",Porsche
"""30. ""I've never driven a Porsche, but I've always wanted to. They're the ultimate dream car.""",Porsche
"""31. ""Porsche's luxury is understated. It's not about flash, it's about quality and craftsmanship.""",Porsche
"""32. ""The Panamera's size is deceptive. It handles like a much smaller car.""",Porsche
"""33. ""Porsches are for grown-ups. They're not flashy, they're sophisticated.""",Porsche
"""34. ""I'd rather have a used Porsche than a new car of any other brand. They hold their value and their performance.""",Porsche
"""35. ""The Boxster's price tag is steep, but it's worth it for the driving experience alone.""",Porsche
"""36. ""Porsche's reliability is legendary. They're built to last.""",Porsche
"""37. ""The Taycan's interior is as impressive as its performance. It's like driving a spaceship.""",Porsche
"""38. ""Porsches are for people who appreciate the finer things in life. They're not just cars, they're statements.""",Porsche
"""39. ""The 911's backseat is tight, but it's a small price to pay for that iconic design.""",Porsche
"""40. ""Porsche's marketing is brilliant. They make you feel like you're part of an exclusive club.""",Porsche
"""41. ""I'd rather have a Porsche than a Lamborghini or Ferrari. They're more refined, more grown-up.""",Porsche
"""42. ""The Cayenne's interior is as luxurious as a high-end apartment. It's more than just a car.""",Porsche
"""43. ""Porsches are for people who appreciate performance, not just speed. There's a big difference.""",Porsche
"""44. ""The Panamera's price tag is steep, but it's worth every penny for that luxurious ride.""",Porsche
"""45. ""I love the Boxster's classic roadster design. It's timeless.""",Porsche
"""46. ""Porsche's attention to detail is incredible. The stitching on the seats, the feel of the leather, it's all perfect.""",Porsche
"""47. ""The 911's timeless design hasn't changed much over the years. It's a true classic.""",Porsche
"""48. ""Porsches are for people who appreciate the finer things in life. They're not just cars, they're statements.""",Porsche
"""49. ""The Cayenne's off-road capabilities are impressive, but I still prefer it on the open road.""",Porsche
"""50. ""Porsche's commitment to quality is unmatched. They set the bar for luxury and performance.""",Porsche
"""1. ""The new Porsche Taycan is a game-changer, offering electric performance with a 0-60 in under 3 seconds.""",Porsche
"""2. ""I've always admired the Porsche 911's iconic design, it's timeless.""",Porsche
"""3. ""Porsche's Boxster is the ultimate convertible for weekend cruising.""",Porsche
"""4. ""The Cayenne's interior is as luxurious as you'd expect from a Porsche, but the price tag is steep.""",Porsche
"""5. ""Porsche's motorsport heritage is evident in every vehicle they produce.""",Porsche
"""6. ""I can't wait to see the new electric Porsche SUV in action.""",Porsche
"""7. ""The Panamera's performance is impressive for a sedan, but it's not as agile as a 911.""",Porsche
"""8. ""Porsche's precision engineering is unmatched, even in its electric models.""",Porsche
"""9. ""A Porsche is more than just a car, it's a lifestyle statement.""",Porsche
"""10. ""Driving a Porsche is like wearing a tailored suit, it feels just right.""",Porsche
"""11. ""The Porsche 911's rear-engine design is iconic, but it's not practical for daily driving.""",Porsche
"""12. ""Porsche's build quality is impeccable, it's worth the high price.""",Porsche
"""13. ""The Taycan's range could be better, but its acceleration is out of this world.""",Porsche
"""14. ""I'd take a well-maintained old 911 over a new sports car any day.""",Porsche
"""15. ""Porsche's ads always make me want a new car, their marketing is flawless.""",Porsche
"""16. ""The Cayenne is a practical Porsche, it's like having a luxury SUV with a sports car's heart.""",Porsche
"""17. ""Porsche's exclusivity is part of its appeal, you don't see them everywhere.""",Porsche
"""18. ""The 911 is a classic, it's the quintessential sports car.""",Porsche
"""19. ""Porsche's electric future is exciting, but I'll miss the sound of a roaring engine.""",Porsche
"""20. ""I've always wanted a Porsche, but I can't justify the cost.""",Porsche
"""21. ""The Taycan's tech is impressive, it's like driving a spaceship.""",Porsche
"""22. ""Porsche's interiors are luxurious, but they could be more driver-focused.""",Porsche
"""23. ""The 911 Turbo S is a beast, it's faster than some supercars.""",Porsche
"""24. ""Porsche's GT models are the ultimate expression of their motorsport heritage.""",Porsche
"""25. ""I'd love to see a Porsche at the Le Mans again, their history there is incredible.""",Porsche
"""26. ""The Macan is a great entry-point into the Porsche world, but it's still pricey.""",Porsche
"""27. ""Porsche's PDK transmission is smooth as butter, it's a joy to use.""",Porsche
"""28. ""The 911's rear seats are cramped, but that's part of its charm.""",Porsche
"""29. ""Porsche's customer service is as good as their cars, it's a seamless experience.""",Porsche
"""30. ""I prefer the Boxster's driving experience over the 911's, it's more engaging.""",Porsche
"""31. ""Porsche's infotainment system is intuitive, it's a pleasure to use.""",Porsche
"""32. ""The Cayenne's off-road capabilities are surprisingly good, but it's still a Porsche at heart.""",Porsche
"""33. ""Porsche's reliability is legendary, their cars are built to last.""",Porsche
"""34. ""I'm not a fan of the new 911's styling, it's too evolutionary for my taste.""",Porsche
"""35. ""Porsche's racing spirit is evident in their road cars, they're engineered to perform.""",Porsche
"""36. ""The Panamera's hatchback design is practical, but it doesn't look as sleek as a sedan.""",Porsche
"""37. ""Porsche's attention to detail is incredible, every button, every stitch is perfect.""",Porsche
"""38. ""I'd love to see Porsche venture into more electric models, they have the potential to lead the segment.""",Porsche
"""39. ""The 911's back seats are useless, but that's not the point of the car.""",Porsche
"""40. ""Porsche's ads always make me want a new car, their marketing is flawless.""",Porsche
"""41. ""The Cayenne's practicality is a selling point, but it's still a status symbol.""",Porsche
"""42. ""Porsche's racing heritage is part of the brand's allure, it's ingrained in their DNA.""",Porsche
"""43. ""The Taycan's range anxiety is real, but its performance makes up for it.""",Porsche
"""44. ""I'd love to see a Porsche pickup, it would be a unique take on their SUVs.""",Porsche
"""45. ""Porsche's interiors are luxurious, but they could be more driver-focused.""",Porsche
"""46. ""The 911's rear-engine design is iconic, but it's not practical for daily driving.""",Porsche
"""47. ""Porsche's electric future is exciting, but I'll miss the sound of a roaring engine.""",Porsche
"""48. ""I've always wanted a Porsche, but I can't justify the cost.""",Porsche
"""49. ""The 911's steering is precise, it's like the car is an extension of you.""",Porsche
"""50. ""Porsche's customer service is as good as their cars, it's a seamless experience.""",Porsche
""". ""The new Porsche Taycan accelerates from 0-60 in just 2.8 seconds. It's electric, but it's every bit a Porsche.""",Porsche
"""2. ""I've never seen a Cayenne in the wild, only in car magazines. It's the ultimate status symbol.""",Porsche
"""3. ""The 911's timeless design still turns heads, even after all these years.""",Porsche
"""4. ""Porsche's attention to detail is unmatched. The Panamera's interior is like a luxury suite on wheels.""",Porsche
"""5. ""The Boxster's mid-engine design makes it handle like a dream. It's pure driving pleasure.""",Porsche
"""6. ""Porsche's racing heritage is etched into every car they make. You can feel it on the open road.""",Porsche
"""7. ""The Porsche 911 is a true icon. It's been the epitome of sports cars for decades.""",Porsche
"""8. ""I test-drove a Taycan. The instant torque is addictive. It's like a rollercoaster ride every time you accelerate.""",Porsche
"""9. ""Porsches are not just cars, they're investments. They hold their value better than any other brand.""",Porsche
"""10. ""The Cayenne SUV has the power and performance of a sports car, wrapped in an elegant, practical package.""",Porsche
"""11. ""Porsche's hybrid tech in the 911 is impressive, but it's still not as thrilling as a full-blown sports car.""",Porsche
"""12. ""I've always wanted a Porsche. It's like the ultimate 'I made it' car.""",Porsche
"""13. ""The Panamera's four-seater luxury doesn't compromise its performance. It's a true driver's car.""",Porsche
"""14. ""Porsche's price tag is steep, but when you drive one, you understand why.""",Porsche
"""15. ""The new Taycan is proof that electric cars can be exciting and luxurious, not just eco-friendly.""",Porsche
"""16. ""I'd trade my BMW in a heartbeat for a Porsche. The driving experience is just leagues ahead.""",Porsche
"""17. ""The 911's rear-engine layout is quirky, but it's part of what makes Porsches unique.""",Porsche
"""18. ""Porsche's exclusivity is part of its appeal. You don't see them everywhere like BMWs or Mercedes.""",Porsche
"""19. ""The Cayenne is as capable off-road as it is on the track. It's a true all-terrain luxury SUV.""",Porsche
"""20. ""I love how Porsches look, but I'm not sure they're practical enough for my daily commute.""",Porsche
"""21. ""Porsche's motorsport history is etched into every model. It's not just a car, it's a piece of automotive history.""",Porsche
"""22. ""The Boxster's soft top doesn't compromise its performance. It's a true roadster.""",Porsche
"""23. ""Porsches are for collectors, not daily drivers. They're too special to be used every day.""",Porsche
"""24. ""The Taycan's range is impressive, but I still worry about running out of charge on long trips.""",Porsche
"""25. ""Porsche's commitment to craftsmanship is evident in every car they make. It's more than just a vehicle, it's a work of art.""",Porsche
"""26. ""I prefer my Porsches vintage. The new models are too tech-heavy for my taste.""",Porsche
"""27. ""The 911's classic design hasn't changed much over the years. But why fix something that isn't broken?""",Porsche
"""28. ""Porsche's customer service is as impressive as their cars. They treat you like royalty.""",Porsche
"""29. ""The Cayenne is powerful, but it's not as agile as a true sports car. I miss the handling of a 911.""",Porsche
"""30. ""I've never driven a Porsche, but I've always wanted to. They're the ultimate dream car.""",Porsche
"""31. ""Porsche's luxury is understated. It's not about flash, it's about quality and craftsmanship.""",Porsche
"""32. ""The Panamera's size is deceptive. It handles like a much smaller car.""",Porsche
"""33. ""Porsches are for grown-ups. They're not flashy, they're sophisticated.""",Porsche
"""34. ""I'd rather have a used Porsche than a new car of any other brand. They hold their value and their performance.""",Porsche
"""35. ""The Boxster's price tag is steep, but it's worth it for the driving experience alone.""",Porsche
"""36. ""Porsche's reliability is legendary. They're built to last.""",Porsche
"""37. ""The Taycan's interior is as impressive as its performance. It's like driving a spaceship.""",Porsche
"""38. ""Porsches are for people who appreciate the finer things in life. They're not just cars, they're statements.""",Porsche
"""39. ""The 911's backseat is tight, but it's a small price to pay for that iconic design.""",Porsche
"""40. ""Porsche's marketing is brilliant. They make you feel like you're part of an exclusive club.""",Porsche
"""41. ""I'd rather have a Porsche than a Lamborghini or Ferrari. They're more refined, more grown-up.""",Porsche
"""42. ""The Cayenne's interior is as luxurious as a high-end apartment. It's more than just a car.""",Porsche
"""43. ""Porsches are for people who appreciate performance, not just speed. There's a big difference.""",Porsche
"""44. ""The Panamera's price tag is steep, but it's worth every penny for that luxurious ride.""",Porsche
"""45. ""I love the Boxster's classic roadster design. It's timeless.""",Porsche
"""46. ""Porsche's attention to detail is incredible. The stitching on the seats, the feel of the leather, it's all perfect.""",Porsche
"""47. ""The 911's timeless design hasn't changed much over the years. It's a true classic.""",Porsche
"""48. ""Porsches are for people who appreciate the finer things in life. They're not just cars, they're statements.""",Porsche
"""49. ""The Cayenne's off-road capabilities are impressive, but I still prefer it on the open road.""",Porsche
"""50. ""Porsche's commitment to quality is unmatched. They set the bar for luxury and performance.""",Porsche
""". ""The new Porsche Taycan accelerates from 0-60 in just 2.8 seconds. It's electric, but it's every bit a Porsche.""",Porsche
"""2. ""I've never seen a Cayenne in the wild, only in car magazines. It's the ultimate status symbol.""",Porsche
"""3. ""The 911's timeless design still turns heads, even after all these years.""",Porsche
"""4. ""Porsche's attention to detail is unmatched. The Panamera's interior is like a luxury suite on wheels.""",Porsche
"""5. ""The Boxster's mid-engine design makes it handle like a dream. It's pure driving pleasure.""",Porsche
"""6. ""Porsche's racing heritage is etched into every car they make. You can feel it on the open road.""",Porsche
"""7. ""The Porsche 911 is a true icon. It's been the epitome of sports cars for decades.""",Porsche
"""8. ""I test-drove a Taycan. The instant torque is addictive. It's like a rollercoaster ride every time you accelerate.""",Porsche
"""9. ""Porsches are not just cars, they're investments. They hold their value better than any other brand.""",Porsche
"""10. ""The Cayenne SUV has the power and performance of a sports car, wrapped in an elegant, practical package.""",Porsche
"""11. ""Porsche's hybrid tech in the 911 is impressive, but it's still not as thrilling as a full-blown sports car.""",Porsche
"""12. ""I've always wanted a Porsche. It's like the ultimate 'I made it' car.""",Porsche
"""13. ""The Panamera's four-seater luxury doesn't compromise its performance. It's a true driver's car.""",Porsche
"""14. ""Porsche's price tag is steep, but when you drive one, you understand why.""",Porsche
"""15. ""The new Taycan is proof that electric cars can be exciting and luxurious, not just eco-friendly.""",Porsche
"""16. ""I'd trade my BMW in a heartbeat for a Porsche. The driving experience is just leagues ahead.""",Porsche
"""17. ""The 911's rear-engine layout is quirky, but it's part of what makes Porsches unique.""",Porsche
"""18. ""Porsche's exclusivity is part of its appeal. You don't see them everywhere like BMWs or Mercedes.""",Porsche
"""19. ""The Cayenne is as capable off-road as it is on the track. It's a true all-terrain luxury SUV.""",Porsche
"""20. ""I love how Porsches look, but I'm not sure they're practical enough for my daily commute.""",Porsche
"""21. ""Porsche's motorsport history is etched into every model. It's not just a car, it's a piece of automotive history.""",Porsche
"""22. ""The Boxster's soft top doesn't compromise its performance. It's a true roadster.""",Porsche
"""23. ""Porsches are for collectors, not daily drivers. They're too special to be used every day.""",Porsche
"""24. ""The Taycan's range is impressive, but I still worry about running out of charge on long trips.""",Porsche
"""25. ""Porsche's commitment to craftsmanship is evident in every car they make. It's more than just a vehicle, it's a work of art.""",Porsche
"""26. ""I prefer my Porsches vintage. The new models are too tech-heavy for my taste.""",Porsche
"""27. ""The 911's classic design hasn't changed much over the years. But why fix something that isn't broken?""",Porsche
"""28. ""Porsche's customer service is as impressive as their cars. They treat you like royalty.""",Porsche
"""29. ""The Cayenne is powerful, but it's not as agile as a true sports car. I miss the handling of a 911.""",Porsche
"""30. ""I've never driven a Porsche, but I've always wanted to. They're the ultimate dream car.""",Porsche
"""31. ""Porsche's luxury is understated. It's not about flash, it's about quality and craftsmanship.""",Porsche
"""32. ""The Panamera's size is deceptive. It handles like a much smaller car.""",Porsche
"""33. ""Porsches are for grown-ups. They're not flashy, they're sophisticated.""",Porsche
"""34. ""I'd rather have a used Porsche than a new car of any other brand. They hold their value and their performance.""",Porsche
"""35. ""The Boxster's price tag is steep, but it's worth it for the driving experience alone.""",Porsche
"""36. ""Porsche's reliability is legendary. They're built to last.""",Porsche
"""37. ""The Taycan's interior is as impressive as its performance. It's like driving a spaceship.""",Porsche
"""38. ""Porsches are for people who appreciate the finer things in life. They're not just cars, they're statements.""",Porsche
"""39. ""The 911's backseat is tight, but it's a small price to pay for that iconic design.""",Porsche
"""40. ""Porsche's marketing is brilliant. They make you feel like you're part of an exclusive club.""",Porsche
"""41. ""I'd rather have a Porsche than a Lamborghini or Ferrari. They're more refined, more grown-up.""",Porsche
"""42. ""The Cayenne's interior is as luxurious as a high-end apartment. It's more than just a car.""",Porsche
"""43. ""Porsches are for people who appreciate performance, not just speed. There's a big difference.""",Porsche
"""44. ""The Panamera's price tag is steep, but it's worth every penny for that luxurious ride.""",Porsche
"""45. ""I love the Boxster's classic roadster design. It's timeless.""",Porsche
"""46. ""Porsche's attention to detail is incredible. The stitching on the seats, the feel of the leather, it's all perfect.""",Porsche
"""47. ""The 911's timeless design hasn't changed much over the years. It's a true classic.""",Porsche
"""48. ""Porsches are for people who appreciate the finer things in life. They're not just cars, they're statements.""",Porsche
"""49. ""The Cayenne's off-road capabilities are impressive, but I still prefer it on the open road.""",Porsche
"""50. ""Porsche's commitment to quality is unmatched. They set the bar for luxury and performance.""",Porsche
""". ""The new Porsche Taycan accelerates from 0-60 in just 2.8 seconds. It's electric, but it's every bit a Porsche.""",Porsche
"""2. ""I've never seen a Cayenne in the wild, only in car magazines. It's the ultimate status symbol.""",Porsche
"""3. ""The 911's timeless design still turns heads, even after all these years.""",Porsche
"""4. ""Porsche's attention to detail is unmatched. The Panamera's interior is like a luxury suite on wheels.""",Porsche
"""5. ""The Boxster's mid-engine design makes it handle like a dream. It's pure driving pleasure.""",Porsche
"""6. ""Porsche's racing heritage is etched into every car they make. You can feel it on the open road.""",Porsche
"""7. ""The Porsche 911 is a true icon. It's been the epitome of sports cars for decades.""",Porsche
"""8. ""I test-drove a Taycan. The instant torque is addictive. It's like a rollercoaster ride every time you accelerate.""",Porsche
"""9. ""Porsches are not just cars, they're investments. They hold their value better than any other brand.""",Porsche
"""10. ""The Cayenne SUV has the power and performance of a sports car, wrapped in an elegant, practical package.""",Porsche
"""11. ""Porsche's hybrid tech in the 911 is impressive, but it's still not as thrilling as a full-blown sports car.""",Porsche
"""12. ""I've always wanted a Porsche. It's like the ultimate 'I made it' car.""",Porsche
"""13. ""The Panamera's four-seater luxury doesn't compromise its performance. It's a true driver's car.""",Porsche
"""14. ""Porsche's price tag is steep, but when you drive one, you understand why.""",Porsche
"""15. ""The new Taycan is proof that electric cars can be exciting and luxurious, not just eco-friendly.""",Porsche
"""16. ""I'd trade my BMW in a heartbeat for a Porsche. The driving experience is just leagues ahead.""",Porsche
"""17. ""The 911's rear-engine layout is quirky, but it's part of what makes Porsches unique.""",Porsche
"""18. ""Porsche's exclusivity is part of its appeal. You don't see them everywhere like BMWs or Mercedes.""",Porsche
"""19. ""The Cayenne is as capable off-road as it is on the track. It's a true all-terrain luxury SUV.""",Porsche
"""20. ""I love how Porsches look, but I'm not sure they're practical enough for my daily commute.""",Porsche
"""21. ""Porsche's motorsport history is etched into every model. It's not just a car, it's a piece of automotive history.""",Porsche
"""22. ""The Boxster's soft top doesn't compromise its performance. It's a true roadster.""",Porsche
"""23. ""Porsches are for collectors, not daily drivers. They're too special to be used every day.""",Porsche
"""24. ""The Taycan's range is impressive, but I still worry about running out of charge on long trips.""",Porsche
"""25. ""Porsche's commitment to craftsmanship is evident in every car they make. It's more than just a vehicle, it's a work of art.""",Porsche
"""26. ""I prefer my Porsches vintage. The new models are too tech-heavy for my taste.""",Porsche
"""27. ""The 911's classic design hasn't changed much over the years. But why fix something that isn't broken?""",Porsche
"""28. ""Porsche's customer service is as impressive as their cars. They treat you like royalty.""",Porsche
"""29. ""The Cayenne is powerful, but it's not as agile as a true sports car. I miss the handling of a 911.""",Porsche
"""30. ""I've never driven a Porsche, but I've always wanted to. They're the ultimate dream car.""",Porsche
"""31. ""Porsche's luxury is understated. It's not about flash, it's about quality and craftsmanship.""",Porsche
"""32. ""The Panamera's size is deceptive. It handles like a much smaller car.""",Porsche
"""33. ""Porsches are for grown-ups. They're not flashy, they're sophisticated.""",Porsche
"""34. ""I'd rather have a used Porsche than a new car of any other brand. They hold their value and their performance.""",Porsche
"""35. ""The Boxster's price tag is steep, but it's worth it for the driving experience alone.""",Porsche
"""36. ""Porsche's reliability is legendary. They're built to last.""",Porsche
"""37. ""The Taycan's interior is as impressive as its performance. It's like driving a spaceship.""",Porsche
"""38. ""Porsches are for people who appreciate the finer things in life. They're not just cars, they're statements.""",Porsche
"""39. ""The 911's backseat is tight, but it's a small price to pay for that iconic design.""",Porsche
"""40. ""Porsche's marketing is brilliant. They make you feel like you're part of an exclusive club.""",Porsche
"""41. ""I'd rather have a Porsche than a Lamborghini or Ferrari. They're more refined, more grown-up.""",Porsche
"""42. ""The Cayenne's interior is as luxurious as a high-end apartment. It's more than just a car.""",Porsche
"""43. ""Porsches are for people who appreciate performance, not just speed. There's a big difference.""",Porsche
"""44. ""The Panamera's price tag is steep, but it's worth every penny for that luxurious ride.""",Porsche
"""45. ""I love the Boxster's classic roadster design. It's timeless.""",Porsche
"""46. ""Porsche's attention to detail is incredible. The stitching on the seats, the feel of the leather, it's all perfect.""",Porsche
"""47. ""The 911's timeless design hasn't changed much over the years. It's a true classic.""",Porsche
"""48. ""Porsches are for people who appreciate the finer things in life. They're not just cars, they're statements.""",Porsche
"""49. ""The Cayenne's off-road capabilities are impressive, but I still prefer it on the open road.""",Porsche
"""50. ""Porsche's commitment to quality is unmatched. They set the bar for luxury and performance.""",Porsche
""". ""The new Porsche Taycan accelerates from 0-60 in just 2.8 seconds. It's electric, but it's every bit a Porsche.""",Porsche
"""2. ""I've never seen a Cayenne in the wild, only in car magazines. It's the ultimate status symbol.""",Porsche
"""3. ""The 911's timeless design still turns heads, even after all these years.""",Porsche
"""4. ""Porsche's attention to detail is unmatched. The Panamera's interior is like a luxury suite on wheels.""",Porsche
"""5. ""The Boxster's mid-engine design makes it handle like a dream. It's pure driving pleasure.""",Porsche
"""6. ""Porsche's racing heritage is etched into every car they make. You can feel it on the open road.""",Porsche
"""7. ""The Porsche 911 is a true icon. It's been the epitome of sports cars for decades.""",Porsche
"""8. ""I test-drove a Taycan. The instant torque is addictive. It's like a rollercoaster ride every time you accelerate.""",Porsche
"""9. ""Porsches are not just cars, they're investments. They hold their value better than any other brand.""",Porsche
"""10. ""The Cayenne SUV has the power and performance of a sports car, wrapped in an elegant, practical package.""",Porsche
"""11. ""Porsche's hybrid tech in the 911 is impressive, but it's still not as thrilling as a full-blown sports car.""",Porsche
"""12. ""I've always wanted a Porsche. It's like the ultimate 'I made it' car.""",Porsche
"""13. ""The Panamera's four-seater luxury doesn't compromise its performance. It's a true driver's car.""",Porsche
"""14. ""Porsche's price tag is steep, but when you drive one, you understand why.""",Porsche
"""15. ""The new Taycan is proof that electric cars can be exciting and luxurious, not just eco-friendly.""",Porsche
"""16. ""I'd trade my BMW in a heartbeat for a Porsche. The driving experience is just leagues ahead.""",Porsche
"""17. ""The 911's rear-engine layout is quirky, but it's part of what makes Porsches unique.""",Porsche
"""18. ""Porsche's exclusivity is part of its appeal. You don't see them everywhere like BMWs or Mercedes.""",Porsche
"""19. ""The Cayenne is as capable off-road as it is on the track. It's a true all-terrain luxury SUV.""",Porsche
"""20. ""I love how Porsches look, but I'm not sure they're practical enough for my daily commute.""",Porsche
"""21. ""Porsche's motorsport history is etched into every model. It's not just a car, it's a piece of automotive history.""",Porsche
"""22. ""The Boxster's soft top doesn't compromise its performance. It's a true roadster.""",Porsche
"""23. ""Porsches are for collectors, not daily drivers. They're too special to be used every day.""",Porsche
"""24. ""The Taycan's range is impressive, but I still worry about running out of charge on long trips.""",Porsche
"""25. ""Porsche's commitment to craftsmanship is evident in every car they make. It's more than just a vehicle, it's a work of art.""",Porsche
"""26. ""I prefer my Porsches vintage. The new models are too tech-heavy for my taste.""",Porsche
"""27. ""The 911's classic design hasn't changed much over the years. But why fix something that isn't broken?""",Porsche
"""28. ""Porsche's customer service is as impressive as their cars. They treat you like royalty.""",Porsche
"""29. ""The Cayenne is powerful, but it's not as agile as a true sports car. I miss the handling of a 911.""",Porsche
"""30. ""I've never driven a Porsche, but I've always wanted to. They're the ultimate dream car.""",Porsche
"""31. ""Porsche's luxury is understated. It's not about flash, it's about quality and craftsmanship.""",Porsche
"""32. ""The Panamera's size is deceptive. It handles like a much smaller car.""",Porsche
"""33. ""Porsches are for grown-ups. They're not flashy, they're sophisticated.""",Porsche
"""34. ""I'd rather have a used Porsche than a new car of any other brand. They hold their value and their performance.""",Porsche
"""35. ""The Boxster's price tag is steep, but it's worth it for the driving experience alone.""",Porsche
"""36. ""Porsche's reliability is legendary. They're built to last.""",Porsche
"""37. ""The Taycan's interior is as impressive as its performance. It's like driving a spaceship.""",Porsche
"""38. ""Porsches are for people who appreciate the finer things in life. They're not just cars, they're statements.""",Porsche
"""39. ""The 911's backseat is tight, but it's a small price to pay for that iconic design.""",Porsche
"""40. ""Porsche's marketing is brilliant. They make you feel like you're part of an exclusive club.""",Porsche
"""41. ""I'd rather have a Porsche than a Lamborghini or Ferrari. They're more refined, more grown-up.""",Porsche
"""42. ""The Cayenne's interior is as luxurious as a high-end apartment. It's more than just a car.""",Porsche
"""43. ""Porsches are for people who appreciate performance, not just speed. There's a big difference.""",Porsche
"""44. ""The Panamera's price tag is steep, but it's worth every penny for that luxurious ride.""",Porsche
"""45. ""I love the Boxster's classic roadster design. It's timeless.""",Porsche
"""46. ""Porsche's attention to detail is incredible. The stitching on the seats, the feel of the leather, it's all perfect.""",Porsche
"""47. ""The 911's timeless design hasn't changed much over the years. It's a true classic.""",Porsche
"""48. ""Porsches are for people who appreciate the finer things in life. They're not just cars, they're statements.""",Porsche
"""49. ""The Cayenne's off-road capabilities are impressive, but I still prefer it on the open road.""",Porsche
"""50. ""Porsche's commitment to quality is unmatched. They set the bar for luxury and performance.""",Porsche
""". ""The new Porsche Taycan accelerates from 0-60 in just 2.8 seconds. It's electric, but it's every bit a Porsche.""",Porsche
"""2. ""I've never seen a Cayenne in the wild, only in car magazines. It's the ultimate status symbol.""",Porsche
"""3. ""The 911's timeless design still turns heads, even after all these years.""",Porsche
"""4. ""Porsche's attention to detail is unmatched. The Panamera's interior is like a luxury suite on wheels.""",Porsche
"""5. ""The Boxster's mid-engine design makes it handle like a dream. It's pure driving pleasure.""",Porsche
"""6. ""Porsche's racing heritage is etched into every car they make. You can feel it on the open road.""",Porsche
"""7. ""The Porsche 911 is a true icon. It's been the epitome of sports cars for decades.""",Porsche
"""8. ""I test-drove a Taycan. The instant torque is addictive. It's like a rollercoaster ride every time you accelerate.""",Porsche
"""9. ""Porsches are not just cars, they're investments. They hold their value better than any other brand.""",Porsche
"""10. ""The Cayenne SUV has the power and performance of a sports car, wrapped in an elegant, practical package.""",Porsche
"""11. ""Porsche's hybrid tech in the 911 is impressive, but it's still not as thrilling as a full-blown sports car.""",Porsche
"""12. ""I've always wanted a Porsche. It's like the ultimate 'I made it' car.""",Porsche
"""13. ""The Panamera's four-seater luxury doesn't compromise its performance. It's a true driver's car.""",Porsche
"""14. ""Porsche's price tag is steep, but when you drive one, you understand why.""",Porsche
"""15. ""The new Taycan is proof that electric cars can be exciting and luxurious, not just eco-friendly.""",Porsche
"""16. ""I'd trade my BMW in a heartbeat for a Porsche. The driving experience is just leagues ahead.""",Porsche
"""17. ""The 911's rear-engine layout is quirky, but it's part of what makes Porsches unique.""",Porsche
"""18. ""Porsche's exclusivity is part of its appeal. You don't see them everywhere like BMWs or Mercedes.""",Porsche
"""19. ""The Cayenne is as capable off-road as it is on the track. It's a true all-terrain luxury SUV.""",Porsche
"""20. ""I love how Porsches look, but I'm not sure they're practical enough for my daily commute.""",Porsche
"""21. ""Porsche's motorsport history is etched into every model. It's not just a car, it's a piece of automotive history.""",Porsche
"""22. ""The Boxster's soft top doesn't compromise its performance. It's a true roadster.""",Porsche
"""23. ""Porsches are for collectors, not daily drivers. They're too special to be used every day.""",Porsche
"""24. ""The Taycan's range is impressive, but I still worry about running out of charge on long trips.""",Porsche
"""25. ""Porsche's commitment to craftsmanship is evident in every car they make. It's more than just a vehicle, it's a work of art.""",Porsche
"""26. ""I prefer my Porsches vintage. The new models are too tech-heavy for my taste.""",Porsche
"""27. ""The 911's classic design hasn't changed much over the years. But why fix something that isn't broken?""",Porsche
"""28. ""Porsche's customer service is as impressive as their cars. They treat you like royalty.""",Porsche
"""29. ""The Cayenne is powerful, but it's not as agile as a true sports car. I miss the handling of a 911.""",Porsche
"""30. ""I've never driven a Porsche, but I've always wanted to. They're the ultimate dream car.""",Porsche
"""31. ""Porsche's luxury is understated. It's not about flash, it's about quality and craftsmanship.""",Porsche
"""32. ""The Panamera's size is deceptive. It handles like a much smaller car.""",Porsche
"""33. ""Porsches are for grown-ups. They're not flashy, they're sophisticated.""",Porsche
"""34. ""I'd rather have a used Porsche than a new car of any other brand. They hold their value and their performance.""",Porsche
"""35. ""The Boxster's price tag is steep, but it's worth it for the driving experience alone.""",Porsche
"""36. ""Porsche's reliability is legendary. They're built to last.""",Porsche
"""37. ""The Taycan's interior is as impressive as its performance. It's like driving a spaceship.""",Porsche
"""38. ""Porsches are for people who appreciate the finer things in life. They're not just cars, they're statements.""",Porsche
"""39. ""The 911's backseat is tight, but it's a small price to pay for that iconic design.""",Porsche
"""40. ""Porsche's marketing is brilliant. They make you feel like you're part of an exclusive club.""",Porsche
"""41. ""I'd rather have a Porsche than a Lamborghini or Ferrari. They're more refined, more grown-up.""",Porsche
"""42. ""The Cayenne's interior is as luxurious as a high-end apartment. It's more than just a car.""",Porsche
"""43. ""Porsches are for people who appreciate performance, not just speed. There's a big difference.""",Porsche
"""44. ""The Panamera's price tag is steep, but it's worth every penny for that luxurious ride.""",Porsche
"""45. ""I love the Boxster's classic roadster design. It's timeless.""",Porsche
"""46. ""Porsche's attention to detail is incredible. The stitching on the seats, the feel of the leather, it's all perfect.""",Porsche
"""47. ""The 911's timeless design hasn't changed much over the years. It's a true classic.""",Porsche
"""48. ""Porsches are for people who appreciate the finer things in life. They're not just cars, they're statements.""",Porsche
"""49. ""The Cayenne's off-road capabilities are impressive, but I still prefer it on the open road.""",Porsche
"""50. ""Porsche's commitment to quality is unmatched. They set the bar for luxury and performance.""",Porsche
""". ""The new Porsche Taycan accelerates from 0-60 in just 2.8 seconds. It's electric, but it's every bit a Porsche.""",Porsche
"""2. ""I've never seen a Cayenne in the wild, only in car magazines. It's the ultimate status symbol.""",Porsche
"""3. ""The 911's timeless design still turns heads, even after all these years.""",Porsche
"""4. ""Porsche's attention to detail is unmatched. The Panamera's interior is like a luxury suite on wheels.""",Porsche
"""5. ""The Boxster's mid-engine design makes it handle like a dream. It's pure driving pleasure.""",Porsche
"""6. ""Porsche's racing heritage is etched into every car they make. You can feel it on the open road.""",Porsche
"""7. ""The Porsche 911 is a true icon. It's been the epitome of sports cars for decades.""",Porsche
"""8. ""I test-drove a Taycan. The instant torque is addictive. It's like a rollercoaster ride every time you accelerate.""",Porsche
"""9. ""Porsches are not just cars, they're investments. They hold their value better than any other brand.""",Porsche
"""10. ""The Cayenne SUV has the power and performance of a sports car, wrapped in an elegant, practical package.""",Porsche
"""11. ""Porsche's hybrid tech in the 911 is impressive, but it's still not as thrilling as a full-blown sports car.""",Porsche
"""12. ""I've always wanted a Porsche. It's like the ultimate 'I made it' car.""",Porsche
"""13. ""The Panamera's four-seater luxury doesn't compromise its performance. It's a true driver's car.""",Porsche
"""14. ""Porsche's price tag is steep, but when you drive one, you understand why.""",Porsche
"""15. ""The new Taycan is proof that electric cars can be exciting and luxurious, not just eco-friendly.""",Porsche
"""16. ""I'd trade my BMW in a heartbeat for a Porsche. The driving experience is just leagues ahead.""",Porsche
"""17. ""The 911's rear-engine layout is quirky, but it's part of what makes Porsches unique.""",Porsche
"""18. ""Porsche's exclusivity is part of its appeal. You don't see them everywhere like BMWs or Mercedes.""",Porsche
"""19. ""The Cayenne is as capable off-road as it is on the track. It's a true all-terrain luxury SUV.""",Porsche
"""20. ""I love how Porsches look, but I'm not sure they're practical enough for my daily commute.""",Porsche
"""21. ""Porsche's motorsport history is etched into every model. It's not just a car, it's a piece of automotive history.""",Porsche
"""22. ""The Boxster's soft top doesn't compromise its performance. It's a true roadster.""",Porsche
"""23. ""Porsches are for collectors, not daily drivers. They're too special to be used every day.""",Porsche
"""24. ""The Taycan's range is impressive, but I still worry about running out of charge on long trips.""",Porsche
"""25. ""Porsche's commitment to craftsmanship is evident in every car they make. It's more than just a vehicle, it's a work of art.""",Porsche
"""26. ""I prefer my Porsches vintage. The new models are too tech-heavy for my taste.""",Porsche
"""27. ""The 911's classic design hasn't changed much over the years. But why fix something that isn't broken?""",Porsche
"""28. ""Porsche's customer service is as impressive as their cars. They treat you like royalty.""",Porsche
"""29. ""The Cayenne is powerful, but it's not as agile as a true sports car. I miss the handling of a 911.""",Porsche
"""30. ""I've never driven a Porsche, but I've always wanted to. They're the ultimate dream car.""",Porsche
"""31. ""Porsche's luxury is understated. It's not about flash, it's about quality and craftsmanship.""",Porsche
"""32. ""The Panamera's size is deceptive. It handles like a much smaller car.""",Porsche
"""33. ""Porsches are for grown-ups. They're not flashy, they're sophisticated.""",Porsche
"""34. ""I'd rather have a used Porsche than a new car of any other brand. They hold their value and their performance.""",Porsche
"""35. ""The Boxster's price tag is steep, but it's worth it for the driving experience alone.""",Porsche
"""36. ""Porsche's reliability is legendary. They're built to last.""",Porsche
"""37. ""The Taycan's interior is as impressive as its performance. It's like driving a spaceship.""",Porsche
"""38. ""Porsches are for people who appreciate the finer things in life. They're not just cars, they're statements.""",Porsche
"""39. ""The 911's backseat is tight, but it's a small price to pay for that iconic design.""",Porsche
"""40. ""Porsche's marketing is brilliant. They make you feel like you're part of an exclusive club.""",Porsche
"""41. ""I'd rather have a Porsche than a Lamborghini or Ferrari. They're more refined, more grown-up.""",Porsche
"""42. ""The Cayenne's interior is as luxurious as a high-end apartment. It's more than just a car.""",Porsche
"""43. ""Porsches are for people who appreciate performance, not just speed. There's a big difference.""",Porsche
"""44. ""The Panamera's price tag is steep, but it's worth every penny for that luxurious ride.""",Porsche
"""45. ""I love the Boxster's classic roadster design. It's timeless.""",Porsche
"""46. ""Porsche's attention to detail is incredible. The stitching on the seats, the feel of the leather, it's all perfect.""",Porsche
"""47. ""The 911's timeless design hasn't changed much over the years. It's a true classic.""",Porsche
"""48. ""Porsches are for people who appreciate the finer things in life. They're not just cars, they're statements.""",Porsche
"""49. ""The Cayenne's off-road capabilities are impressive, but I still prefer it on the open road.""",Porsche
"""50. ""Porsche's commitment to quality is unmatched. They set the bar for luxury and performance.""",Porsche
""". ""The new Porsche Taycan accelerates from 0-60 in just 2.8 seconds. It's electric, but it's every bit a Porsche.""",Porsche
"""2. ""I've never seen a Cayenne in the wild, only in car magazines. It's the ultimate status symbol.""",Porsche
"""3. ""The 911's timeless design still turns heads, even after all these years.""",Porsche
"""4. ""Porsche's attention to detail is unmatched. The Panamera's interior is like a luxury suite on wheels.""",Porsche
"""5. ""The Boxster's mid-engine design makes it handle like a dream. It's pure driving pleasure.""",Porsche
"""6. ""Porsche's racing heritage is etched into every car they make. You can feel it on the open road.""",Porsche
"""7. ""The Porsche 911 is a true icon. It's been the epitome of sports cars for decades.""",Porsche
"""8. ""I test-drove a Taycan. The instant torque is addictive. It's like a rollercoaster ride every time you accelerate.""",Porsche
"""9. ""Porsches are not just cars, they're investments. They hold their value better than any other brand.""",Porsche
"""10. ""The Cayenne SUV has the power and performance of a sports car, wrapped in an elegant, practical package.""",Porsche
"""11. ""Porsche's hybrid tech in the 911 is impressive, but it's still not as thrilling as a full-blown sports car.""",Porsche
"""12. ""I've always wanted a Porsche. It's like the ultimate 'I made it' car.""",Porsche
"""13. ""The Panamera's four-seater luxury doesn't compromise its performance. It's a true driver's car.""",Porsche
"""14. ""Porsche's price tag is steep, but when you drive one, you understand why.""",Porsche
"""15. ""The new Taycan is proof that electric cars can be exciting and luxurious, not just eco-friendly.""",Porsche
"""16. ""I'd trade my BMW in a heartbeat for a Porsche. The driving experience is just leagues ahead.""",Porsche
"""17. ""The 911's rear-engine layout is quirky, but it's part of what makes Porsches unique.""",Porsche
"""18. ""Porsche's exclusivity is part of its appeal. You don't see them everywhere like BMWs or Mercedes.""",Porsche
"""19. ""The Cayenne is as capable off-road as it is on the track. It's a true all-terrain luxury SUV.""",Porsche
"""20. ""I love how Porsches look, but I'm not sure they're practical enough for my daily commute.""",Porsche
"""21. ""Porsche's motorsport history is etched into every model. It's not just a car, it's a piece of automotive history.""",Porsche
"""22. ""The Boxster's soft top doesn't compromise its performance. It's a true roadster.""",Porsche
"""23. ""Porsches are for collectors, not daily drivers. They're too special to be used every day.""",Porsche
"""24. ""The Taycan's range is impressive, but I still worry about running out of charge on long trips.""",Porsche
"""25. ""Porsche's commitment to craftsmanship is evident in every car they make. It's more than just a vehicle, it's a work of art.""",Porsche
"""26. ""I prefer my Porsches vintage. The new models are too tech-heavy for my taste.""",Porsche
"""27. ""The 911's classic design hasn't changed much over the years. But why fix something that isn't broken?""",Porsche
"""28. ""Porsche's customer service is as impressive as their cars. They treat you like royalty.""",Porsche
"""29. ""The Cayenne is powerful, but it's not as agile as a true sports car. I miss the handling of a 911.""",Porsche
"""30. ""I've never driven a Porsche, but I've always wanted to. They're the ultimate dream car.""",Porsche
"""31. ""Porsche's luxury is understated. It's not about flash, it's about quality and craftsmanship.""",Porsche
"""32. ""The Panamera's size is deceptive. It handles like a much smaller car.""",Porsche
"""33. ""Porsches are for grown-ups. They're not flashy, they're sophisticated.""",Porsche
"""34. ""I'd rather have a used Porsche than a new car of any other brand. They hold their value and their performance.""",Porsche
"""35. ""The Boxster's price tag is steep, but it's worth it for the driving experience alone.""",Porsche
"""36. ""Porsche's reliability is legendary. They're built to last.""",Porsche
"""37. ""The Taycan's interior is as impressive as its performance. It's like driving a spaceship.""",Porsche
"""38. ""Porsches are for people who appreciate the finer things in life. They're not just cars, they're statements.""",Porsche
"""39. ""The 911's backseat is tight, but it's a small price to pay for that iconic design.""",Porsche
"""40. ""Porsche's marketing is brilliant. They make you feel like you're part of an exclusive club.""",Porsche
"""41. ""I'd rather have a Porsche than a Lamborghini or Ferrari. They're more refined, more grown-up.""",Porsche
"""42. ""The Cayenne's interior is as luxurious as a high-end apartment. It's more than just a car.""",Porsche
"""43. ""Porsches are for people who appreciate performance, not just speed. There's a big difference.""",Porsche
"""44. ""The Panamera's price tag is steep, but it's worth every penny for that luxurious ride.""",Porsche
"""45. ""I love the Boxster's classic roadster design. It's timeless.""",Porsche
"""46. ""Porsche's attention to detail is incredible. The stitching on the seats, the feel of the leather, it's all perfect.""",Porsche
"""47. ""The 911's timeless design hasn't changed much over the years. It's a true classic.""",Porsche
"""48. ""Porsches are for people who appreciate the finer things in life. They're not just cars, they're statements.""",Porsche
"""49. ""The Cayenne's off-road capabilities are impressive, but I still prefer it on the open road.""",Porsche
"""50. ""Porsche's commitment to quality is unmatched. They set the bar for luxury and performance.""",Porsche
""". ""The new Porsche Taycan accelerates from 0-60 in just 2.8 seconds. It's electric, but it's every bit a Porsche.""",Porsche
"""2. ""I've never seen a Cayenne in the wild, only in car magazines. It's the ultimate status symbol.""",Porsche
"""3. ""The 911's timeless design still turns heads, even after all these years.""",Porsche
"""4. ""Porsche's attention to detail is unmatched. The Panamera's interior is like a luxury suite on wheels.""",Porsche
"""5. ""The Boxster's mid-engine design makes it handle like a dream. It's pure driving pleasure.""",Porsche
"""6. ""Porsche's racing heritage is etched into every car they make. You can feel it on the open road.""",Porsche
"""7. ""The Porsche 911 is a true icon. It's been the epitome of sports cars for decades.""",Porsche
"""8. ""I test-drove a Taycan. The instant torque is addictive. It's like a rollercoaster ride every time you accelerate.""",Porsche
"""9. ""Porsches are not just cars, they're investments. They hold their value better than any other brand.""",Porsche
"""10. ""The Cayenne SUV has the power and performance of a sports car, wrapped in an elegant, practical package.""",Porsche
"""11. ""Porsche's hybrid tech in the 911 is impressive, but it's still not as thrilling as a full-blown sports car.""",Porsche
"""12. ""I've always wanted a Porsche. It's like the ultimate 'I made it' car.""",Porsche
"""13. ""The Panamera's four-seater luxury doesn't compromise its performance. It's a true driver's car.""",Porsche
"""14. ""Porsche's price tag is steep, but when you drive one, you understand why.""",Porsche
"""15. ""The new Taycan is proof that electric cars can be exciting and luxurious, not just eco-friendly.""",Porsche
"""16. ""I'd trade my BMW in a heartbeat for a Porsche. The driving experience is just leagues ahead.""",Porsche
"""17. ""The 911's rear-engine layout is quirky, but it's part of what makes Porsches unique.""",Porsche
"""18. ""Porsche's exclusivity is part of its appeal. You don't see them everywhere like BMWs or Mercedes.""",Porsche
"""19. ""The Cayenne is as capable off-road as it is on the track. It's a true all-terrain luxury SUV.""",Porsche
"""20. ""I love how Porsches look, but I'm not sure they're practical enough for my daily commute.""",Porsche
"""21. ""Porsche's motorsport history is etched into every model. It's not just a car, it's a piece of automotive history.""",Porsche
"""22. ""The Boxster's soft top doesn't compromise its performance. It's a true roadster.""",Porsche
"""23. ""Porsches are for collectors, not daily drivers. They're too special to be used every day.""",Porsche
"""24. ""The Taycan's range is impressive, but I still worry about running out of charge on long trips.""",Porsche
"""25. ""Porsche's commitment to craftsmanship is evident in every car they make. It's more than just a vehicle, it's a work of art.""",Porsche
"""26. ""I prefer my Porsches vintage. The new models are too tech-heavy for my taste.""",Porsche
"""27. ""The 911's classic design hasn't changed much over the years. But why fix something that isn't broken?""",Porsche
"""28. ""Porsche's customer service is as impressive as their cars. They treat you like royalty.""",Porsche
"""29. ""The Cayenne is powerful, but it's not as agile as a true sports car. I miss the handling of a 911.""",Porsche
"""30. ""I've never driven a Porsche, but I've always wanted to. They're the ultimate dream car.""",Porsche
"""31. ""Porsche's luxury is understated. It's not about flash, it's about quality and craftsmanship.""",Porsche
"""32. ""The Panamera's size is deceptive. It handles like a much smaller car.""",Porsche
"""33. ""Porsches are for grown-ups. They're not flashy, they're sophisticated.""",Porsche
"""34. ""I'd rather have a used Porsche than a new car of any other brand. They hold their value and their performance.""",Porsche
"""35. ""The Boxster's price tag is steep, but it's worth it for the driving experience alone.""",Porsche
"""36. ""Porsche's reliability is legendary. They're built to last.""",Porsche
"""37. ""The Taycan's interior is as impressive as its performance. It's like driving a spaceship.""",Porsche
"""38. ""Porsches are for people who appreciate the finer things in life. They're not just cars, they're statements.""",Porsche
"""39. ""The 911's backseat is tight, but it's a small price to pay for that iconic design.""",Porsche
"""40. ""Porsche's marketing is brilliant. They make you feel like you're part of an exclusive club.""",Porsche
"""41. ""I'd rather have a Porsche than a Lamborghini or Ferrari. They're more refined, more grown-up.""",Porsche
"""42. ""The Cayenne's interior is as luxurious as a high-end apartment. It's more than just a car.""",Porsche
"""43. ""Porsches are for people who appreciate performance, not just speed. There's a big difference.""",Porsche
"""44. ""The Panamera's price tag is steep, but it's worth every penny for that luxurious ride.""",Porsche
"""45. ""I love the Boxster's classic roadster design. It's timeless.""",Porsche
"""46. ""Porsche's attention to detail is incredible. The stitching on the seats, the feel of the leather, it's all perfect.""",Porsche
"""47. ""The 911's timeless design hasn't changed much over the years. It's a true classic.""",Porsche
"""48. ""Porsches are for people who appreciate the finer things in life. They're not just cars, they're statements.""",Porsche
"""49. ""The Cayenne's off-road capabilities are impressive, but I still prefer it on the open road.""",Porsche
"""50. ""Porsche's commitment to quality is unmatched. They set the bar for luxury and performance.""",Porsche
"""1. ""The new Taycan's acceleration is breathtaking, 0-60 in under 3 seconds!""",Porsche
"""2. ""I've always admired the sleek design of the 911, a true icon.""",Porsche
"""3. ""Porsche's entry into EVs is impressive, the Taycan's range is surprisingly good.""",Porsche
"""4. ""The Cayenne's interior is as luxurious as any S-Class, but it's a SUV, can you believe it?""",Porsche
"""5. ""Porsche's heritage in motorsport is unmatched, from the 917 to the 919 Hybrid.""",Porsche
"""6. ""The Boxster's mid-engine layout makes it handling bliss, pure driving joy.""",Porsche
"""7. ""A Porsche is a status symbol, there's no denying it, even the Panamera.""",Porsche
"""8. ""The Panamera's four seats are a bit tight, but who buys a Porsche for practicality?""",Porsche
"""9. ""Porsche's commitment to sustainability is evident in the Taycan's production process.""",Porsche
"""10. ""The 911 Turbo S is a wolf in sheep's clothing, all that power in a timeless design.""",Porsche
"""11. ""I'd love to own a Porsche, but the cost is a bit prohibitive, even for a used 911.""",Porsche
"""12. ""The Cayenne's off-road capabilities are a nice surprise, it's not just a luxury grocery getter.""",Porsche
"""13. ""Porsche's ads always showcase their vehicles in beautiful, exotic locations, it's all about the lifestyle.""",Porsche
"""14. ""The Taycan's tech is impressive, over-the-air updates and a massive touchscreen.""",Porsche
"""15. ""I prefer the 911's classic styling over the new 718's futuristic look.""",Porsche
"""16. ""Porsche's PDK transmission is as smooth as it is quick, a real marvel of engineering.""",Porsche
"""17. ""The 935 is my dream Porsche, such a beautiful homage to the past.""",Porsche
"""18. ""The Macan's compact size makes it agile, but it's no 911 on the track.""",Porsche
"""19. ""Porsche's attention to detail is evident in every stitch, every button, it's a work of art.""",Porsche
"""20. ""The 911's rear-engine layout is unique, but it does make the back seat cramped.""",Porsche
"""21. ""I'd love to see a manual transmission option in the new 911.""",Porsche
"""22. ""The Porsche experience is more than just driving, it's about being part of a community.""",Porsche
"""23. ""The 911's engine note is music to my ears, it's a symphony of power and precision.""",Porsche
"""24. ""Porsche's come a long way from the 356, but they've stayed true to their roots.""",Porsche
"""25. ""The 911's rear quarters are blind spots the size of small countries.""",Porsche
"""26. ""I love the Porsche museum, it's a testament to the brand's history and innovation.""",Porsche
"""27. ""The GT3's track capabilities are incredible, it's a beast on the circuit.""",Porsche
"""28. ""Porsche's infotainment system is intuitive and responsive, a pleasure to use.""",Porsche
"""29. ""The 911's price has gone up so much, it's no longer the affordable sports car it once was.""",Porsche
"""30. ""The 993 is my favorite 911 generation, it's the last of the air-cooled era.""",Porsche
"""31. ""Porsche's driver assistance systems are top-notch, but I'd never rely on them entirely.""",Porsche
"""32. ""The Panamera Sport Turismo is a practical Porsche, if there is such a thing.""",Porsche
"""33. ""I prefer the classic Porsche badges over the new, sleeker design.""",Porsche
"""34. ""The 911's rear spoiler is a classic design element, it's iconic.""",Porsche
"""35. ""Porsche's customer service is as excellent as their vehicles, a rare feat.""",Porsche
"""36. ""The 911's steering is precise, it's like it's directly connected to your thoughts.""",Porsche
"""37. ""The Cayman's balance is impressive, it's a true driver's car.""",Porsche
"""38. ""Porsche's marketing is spot-on, they know how to make us desire their cars.""",Porsche
"""39. ""The 911's backdating options are a great way to own a piece of Porsche history.""",Porsche
"""40. ""The Porsche IMS bearing issue is a thing of the past, thankfully.""",Porsche
"""41. ""The 911's interior is driver-focused, but the passenger gets a great view too.""",Porsche
"""42. ""Porsche's subscription service is a clever way to try out different models.""",Porsche
"""43. ""The 911's timeless design still turns heads, even after all these years.""",Porsche
"""44. ""Porsche's paint quality is exceptional, it's like a mirror finish.""",Porsche
"""45. ""The 911's back seats are useless, but they're great for grocery bags.""",Porsche
"""46. ""Porsche's approach to electric vehicles is evolutionary, not revolutionary.""",Porsche
"""47. ""The 911's reliability is legendary, I've heard of ones with over 500,000 miles.""",Porsche
"""48. ""Porsche's partnership with Rimac for the Taycan is a smart move into the EV world.""",Porsche
"""49. ""The 911's biggest drawback is its price, but you certainly get what you pay for.""",Porsche
"""50. ""Porsche's commitment to motorsport is evident in every vehicle they produce.""",Porsche
""". ""The new Porsche Taycan accelerates from 0-60 in just 2.8 seconds. It's electric, but it's every bit a Porsche.""",Porsche
"""2. ""I've never seen a Cayenne in the wild, only in car magazines. It's the ultimate status symbol.""",Porsche
"""3. ""The 911's timeless design still turns heads, even after all these years.""",Porsche
"""4. ""Porsche's attention to detail is unmatched. The Panamera's interior is like a luxury suite on wheels.""",Porsche
"""5. ""The Boxster's mid-engine design makes it handle like a dream. It's pure driving pleasure.""",Porsche
"""6. ""Porsche's racing heritage is etched into every car they make. You can feel it on the open road.""",Porsche
"""7. ""The Porsche 911 is a true icon. It's been the epitome of sports cars for decades.""",Porsche
"""8. ""I test-drove a Taycan. The instant torque is addictive. It's like a rollercoaster ride every time you accelerate.""",Porsche
"""9. ""Porsches are not just cars, they're investments. They hold their value better than any other brand.""",Porsche
"""10. ""The Cayenne SUV has the power and performance of a sports car, wrapped in an elegant, practical package.""",Porsche
"""11. ""Porsche's hybrid tech in the 911 is impressive, but it's still not as thrilling as a full-blown sports car.""",Porsche
"""12. ""I've always wanted a Porsche. It's like the ultimate 'I made it' car.""",Porsche
"""13. ""The Panamera's four-seater luxury doesn't compromise its performance. It's a true driver's car.""",Porsche
"""14. ""Porsche's price tag is steep, but when you drive one, you understand why.""",Porsche
"""15. ""The new Taycan is proof that electric cars can be exciting and luxurious, not just eco-friendly.""",Porsche
"""16. ""I'd trade my BMW in a heartbeat for a Porsche. The driving experience is just leagues ahead.""",Porsche
"""17. ""The 911's rear-engine layout is quirky, but it's part of what makes Porsches unique.""",Porsche
"""18. ""Porsche's exclusivity is part of its appeal. You don't see them everywhere like BMWs or Mercedes.""",Porsche
"""19. ""The Cayenne is as capable off-road as it is on the track. It's a true all-terrain luxury SUV.""",Porsche
"""20. ""I love how Porsches look, but I'm not sure they're practical enough for my daily commute.""",Porsche
"""21. ""Porsche's motorsport history is etched into every model. It's not just a car, it's a piece of automotive history.""",Porsche
"""22. ""The Boxster's soft top doesn't compromise its performance. It's a true roadster.""",Porsche
"""23. ""Porsches are for collectors, not daily drivers. They're too special to be used every day.""",Porsche
"""24. ""The Taycan's range is impressive, but I still worry about running out of charge on long trips.""",Porsche
"""25. ""Porsche's commitment to craftsmanship is evident in every car they make. It's more than just a vehicle, it's a work of art.""",Porsche
"""26. ""I prefer my Porsches vintage. The new models are too tech-heavy for my taste.""",Porsche
"""27. ""The 911's classic design hasn't changed much over the years. But why fix something that isn't broken?""",Porsche
"""28. ""Porsche's customer service is as impressive as their cars. They treat you like royalty.""",Porsche
"""29. ""The Cayenne is powerful, but it's not as agile as a true sports car. I miss the handling of a 911.""",Porsche
"""30. ""I've never driven a Porsche, but I've always wanted to. They're the ultimate dream car.""",Porsche
"""31. ""Porsche's luxury is understated. It's not about flash, it's about quality and craftsmanship.""",Porsche
"""32. ""The Panamera's size is deceptive. It handles like a much smaller car.""",Porsche
"""33. ""Porsches are for grown-ups. They're not flashy, they're sophisticated.""",Porsche
"""34. ""I'd rather have a used Porsche than a new car of any other brand. They hold their value and their performance.""",Porsche
"""35. ""The Boxster's price tag is steep, but it's worth it for the driving experience alone.""",Porsche
"""36. ""Porsche's reliability is legendary. They're built to last.""",Porsche
"""37. ""The Taycan's interior is as impressive as its performance. It's like driving a spaceship.""",Porsche
"""38. ""Porsches are for people who appreciate the finer things in life. They're not just cars, they're statements.""",Porsche
"""39. ""The 911's backseat is tight, but it's a small price to pay for that iconic design.""",Porsche
"""40. ""Porsche's marketing is brilliant. They make you feel like you're part of an exclusive club.""",Porsche
"""41. ""I'd rather have a Porsche than a Lamborghini or Ferrari. They're more refined, more grown-up.""",Porsche
"""42. ""The Cayenne's interior is as luxurious as a high-end apartment. It's more than just a car.""",Porsche
"""43. ""Porsches are for people who appreciate performance, not just speed. There's a big difference.""",Porsche
"""44. ""The Panamera's price tag is steep, but it's worth every penny for that luxurious ride.""",Porsche
"""45. ""I love the Boxster's classic roadster design. It's timeless.""",Porsche
"""46. ""Porsche's attention to detail is incredible. The stitching on the seats, the feel of the leather, it's all perfect.""",Porsche
"""47. ""The 911's timeless design hasn't changed much over the years. It's a true classic.""",Porsche
"""48. ""Porsches are for people who appreciate the finer things in life. They're not just cars, they're statements.""",Porsche
"""49. ""The Cayenne's off-road capabilities are impressive, but I still prefer it on the open road.""",Porsche
"""50. ""Porsche's commitment to quality is unmatched. They set the bar for luxury and performance.""",Porsche
""". ""The new Porsche Taycan accelerates from 0-60 in just 2.8 seconds. It's electric, but it's every bit a Porsche.""",Porsche
"""2. ""I've never seen a Cayenne in the wild, only in car magazines. It's the ultimate status symbol.""",Porsche
"""3. ""The 911's timeless design still turns heads, even after all these years.""",Porsche
"""4. ""Porsche's attention to detail is unmatched. The Panamera's interior is like a luxury suite on wheels.""",Porsche
"""5. ""The Boxster's mid-engine design makes it handle like a dream. It's pure driving pleasure.""",Porsche
"""6. ""Porsche's racing heritage is etched into every car they make. You can feel it on the open road.""",Porsche
"""7. ""The Porsche 911 is a true icon. It's been the epitome of sports cars for decades.""",Porsche
"""8. ""I test-drove a Taycan. The instant torque is addictive. It's like a rollercoaster ride every time you accelerate.""",Porsche
"""9. ""Porsches are not just cars, they're investments. They hold their value better than any other brand.""",Porsche
"""10. ""The Cayenne SUV has the power and performance of a sports car, wrapped in an elegant, practical package.""",Porsche
"""11. ""Porsche's hybrid tech in the 911 is impressive, but it's still not as thrilling as a full-blown sports car.""",Porsche
"""12. ""I've always wanted a Porsche. It's like the ultimate 'I made it' car.""",Porsche
"""13. ""The Panamera's four-seater luxury doesn't compromise its performance. It's a true driver's car.""",Porsche
"""14. ""Porsche's price tag is steep, but when you drive one, you understand why.""",Porsche
"""15. ""The new Taycan is proof that electric cars can be exciting and luxurious, not just eco-friendly.""",Porsche
"""16. ""I'd trade my BMW in a heartbeat for a Porsche. The driving experience is just leagues ahead.""",Porsche
"""17. ""The 911's rear-engine layout is quirky, but it's part of what makes Porsches unique.""",Porsche
"""18. ""Porsche's exclusivity is part of its appeal. You don't see them everywhere like BMWs or Mercedes.""",Porsche
"""19. ""The Cayenne is as capable off-road as it is on the track. It's a true all-terrain luxury SUV.""",Porsche
"""20. ""I love how Porsches look, but I'm not sure they're practical enough for my daily commute.""",Porsche
"""21. ""Porsche's motorsport history is etched into every model. It's not just a car, it's a piece of automotive history.""",Porsche
"""22. ""The Boxster's soft top doesn't compromise its performance. It's a true roadster.""",Porsche
"""23. ""Porsches are for collectors, not daily drivers. They're too special to be used every day.""",Porsche
"""24. ""The Taycan's range is impressive, but I still worry about running out of charge on long trips.""",Porsche
"""25. ""Porsche's commitment to craftsmanship is evident in every car they make. It's more than just a vehicle, it's a work of art.""",Porsche
"""26. ""I prefer my Porsches vintage. The new models are too tech-heavy for my taste.""",Porsche
"""27. ""The 911's classic design hasn't changed much over the years. But why fix something that isn't broken?""",Porsche
"""28. ""Porsche's customer service is as impressive as their cars. They treat you like royalty.""",Porsche
"""29. ""The Cayenne is powerful, but it's not as agile as a true sports car. I miss the handling of a 911.""",Porsche
"""30. ""I've never driven a Porsche, but I've always wanted to. They're the ultimate dream car.""",Porsche
"""31. ""Porsche's luxury is understated. It's not about flash, it's about quality and craftsmanship.""",Porsche
"""32. ""The Panamera's size is deceptive. It handles like a much smaller car.""",Porsche
"""33. ""Porsches are for grown-ups. They're not flashy, they're sophisticated.""",Porsche
"""34. ""I'd rather have a used Porsche than a new car of any other brand. They hold their value and their performance.""",Porsche
"""35. ""The Boxster's price tag is steep, but it's worth it for the driving experience alone.""",Porsche
"""36. ""Porsche's reliability is legendary. They're built to last.""",Porsche
"""37. ""The Taycan's interior is as impressive as its performance. It's like driving a spaceship.""",Porsche
"""38. ""Porsches are for people who appreciate the finer things in life. They're not just cars, they're statements.""",Porsche
"""39. ""The 911's backseat is tight, but it's a small price to pay for that iconic design.""",Porsche
"""40. ""Porsche's marketing is brilliant. They make you feel like you're part of an exclusive club.""",Porsche
"""41. ""I'd rather have a Porsche than a Lamborghini or Ferrari. They're more refined, more grown-up.""",Porsche
"""42. ""The Cayenne's interior is as luxurious as a high-end apartment. It's more than just a car.""",Porsche
"""43. ""Porsches are for people who appreciate performance, not just speed. There's a big difference.""",Porsche
"""44. ""The Panamera's price tag is steep, but it's worth every penny for that luxurious ride.""",Porsche
"""45. ""I love the Boxster's classic roadster design. It's timeless.""",Porsche
"""46. ""Porsche's attention to detail is incredible. The stitching on the seats, the feel of the leather, it's all perfect.""",Porsche
"""47. ""The 911's timeless design hasn't changed much over the years. It's a true classic.""",Porsche
"""48. ""Porsches are for people who appreciate the finer things in life. They're not just cars, they're statements.""",Porsche
"""49. ""The Cayenne's off-road capabilities are impressive, but I still prefer it on the open road.""",Porsche
"""50. ""Porsche's commitment to quality is unmatched. They set the bar for luxury and performance.""",Porsche
""". ""The new Porsche Taycan accelerates from 0-60 in just 2.8 seconds. It's electric, but it's every bit a Porsche.""",Porsche
"""2. ""I've never seen a Cayenne in the wild, only in car magazines. It's the ultimate status symbol.""",Porsche
"""3. ""The 911's timeless design still turns heads, even after all these years.""",Porsche
"""4. ""Porsche's attention to detail is unmatched. The Panamera's interior is like a luxury suite on wheels.""",Porsche
"""5. ""The Boxster's mid-engine design makes it handle like a dream. It's pure driving pleasure.""",Porsche
"""6. ""Porsche's racing heritage is etched into every car they make. You can feel it on the open road.""",Porsche
"""7. ""The Porsche 911 is a true icon. It's been the epitome of sports cars for decades.""",Porsche
"""8. ""I test-drove a Taycan. The instant torque is addictive. It's like a rollercoaster ride every time you accelerate.""",Porsche
"""9. ""Porsches are not just cars, they're investments. They hold their value better than any other brand.""",Porsche
"""10. ""The Cayenne SUV has the power and performance of a sports car, wrapped in an elegant, practical package.""",Porsche
"""11. ""Porsche's hybrid tech in the 911 is impressive, but it's still not as thrilling as a full-blown sports car.""",Porsche
"""12. ""I've always wanted a Porsche. It's like the ultimate 'I made it' car.""",Porsche
"""13. ""The Panamera's four-seater luxury doesn't compromise its performance. It's a true driver's car.""",Porsche
"""14. ""Porsche's price tag is steep, but when you drive one, you understand why.""",Porsche
"""15. ""The new Taycan is proof that electric cars can be exciting and luxurious, not just eco-friendly.""",Porsche
"""16. ""I'd trade my BMW in a heartbeat for a Porsche. The driving experience is just leagues ahead.""",Porsche
"""17. ""The 911's rear-engine layout is quirky, but it's part of what makes Porsches unique.""",Porsche
"""18. ""Porsche's exclusivity is part of its appeal. You don't see them everywhere like BMWs or Mercedes.""",Porsche
"""19. ""The Cayenne is as capable off-road as it is on the track. It's a true all-terrain luxury SUV.""",Porsche
"""20. ""I love how Porsches look, but I'm not sure they're practical enough for my daily commute.""",Porsche
"""21. ""Porsche's motorsport history is etched into every model. It's not just a car, it's a piece of automotive history.""",Porsche
"""22. ""The Boxster's soft top doesn't compromise its performance. It's a true roadster.""",Porsche
"""23. ""Porsches are for collectors, not daily drivers. They're too special to be used every day.""",Porsche
"""24. ""The Taycan's range is impressive, but I still worry about running out of charge on long trips.""",Porsche
"""25. ""Porsche's commitment to craftsmanship is evident in every car they make. It's more than just a vehicle, it's a work of art.""",Porsche
"""26. ""I prefer my Porsches vintage. The new models are too tech-heavy for my taste.""",Porsche
"""27. ""The 911's classic design hasn't changed much over the years. But why fix something that isn't broken?""",Porsche
"""28. ""Porsche's customer service is as impressive as their cars. They treat you like royalty.""",Porsche
"""29. ""The Cayenne is powerful, but it's not as agile as a true sports car. I miss the handling of a 911.""",Porsche
"""30. ""I've never driven a Porsche, but I've always wanted to. They're the ultimate dream car.""",Porsche
"""31. ""Porsche's luxury is understated. It's not about flash, it's about quality and craftsmanship.""",Porsche
"""32. ""The Panamera's size is deceptive. It handles like a much smaller car.""",Porsche
"""33. ""Porsches are for grown-ups. They're not flashy, they're sophisticated.""",Porsche
"""34. ""I'd rather have a used Porsche than a new car of any other brand. They hold their value and their performance.""",Porsche
"""35. ""The Boxster's price tag is steep, but it's worth it for the driving experience alone.""",Porsche
"""36. ""Porsche's reliability is legendary. They're built to last.""",Porsche
"""37. ""The Taycan's interior is as impressive as its performance. It's like driving a spaceship.""",Porsche
"""38. ""Porsches are for people who appreciate the finer things in life. They're not just cars, they're statements.""",Porsche
"""39. ""The 911's backseat is tight, but it's a small price to pay for that iconic design.""",Porsche
"""40. ""Porsche's marketing is brilliant. They make you feel like you're part of an exclusive club.""",Porsche
"""41. ""I'd rather have a Porsche than a Lamborghini or Ferrari. They're more refined, more grown-up.""",Porsche
"""42. ""The Cayenne's interior is as luxurious as a high-end apartment. It's more than just a car.""",Porsche
"""43. ""Porsches are for people who appreciate performance, not just speed. There's a big difference.""",Porsche
"""44. ""The Panamera's price tag is steep, but it's worth every penny for that luxurious ride.""",Porsche
"""45. ""I love the Boxster's classic roadster design. It's timeless.""",Porsche
"""46. ""Porsche's attention to detail is incredible. The stitching on the seats, the feel of the leather, it's all perfect.""",Porsche
"""47. ""The 911's timeless design hasn't changed much over the years. It's a true classic.""",Porsche
"""48. ""Porsches are for people who appreciate the finer things in life. They're not just cars, they're statements.""",Porsche
"""49. ""The Cayenne's off-road capabilities are impressive, but I still prefer it on the open road.""",Porsche
"""50. ""Porsche's commitment to quality is unmatched. They set the bar for luxury and performance.""",Porsche
""". ""The new Porsche Taycan accelerates from 0-60 in just 2.8 seconds. It's electric, but it's every bit a Porsche.""",Porsche
"""2. ""I've never seen a Cayenne in the wild, only in car magazines. It's the ultimate status symbol.""",Porsche
"""3. ""The 911's timeless design still turns heads, even after all these years.""",Porsche
"""4. ""Porsche's attention to detail is unmatched. The Panamera's interior is like a luxury suite on wheels.""",Porsche
"""5. ""The Boxster's mid-engine design makes it handle like a dream. It's pure driving pleasure.""",Porsche
"""6. ""Porsche's racing heritage is etched into every car they make. You can feel it on the open road.""",Porsche
"""7. ""The Porsche 911 is a true icon. It's been the epitome of sports cars for decades.""",Porsche
"""8. ""I test-drove a Taycan. The instant torque is addictive. It's like a rollercoaster ride every time you accelerate.""",Porsche
"""9. ""Porsches are not just cars, they're investments. They hold their value better than any other brand.""",Porsche
"""10. ""The Cayenne SUV has the power and performance of a sports car, wrapped in an elegant, practical package.""",Porsche
"""11. ""Porsche's hybrid tech in the 911 is impressive, but it's still not as thrilling as a full-blown sports car.""",Porsche
"""12. ""I've always wanted a Porsche. It's like the ultimate 'I made it' car.""",Porsche
"""13. ""The Panamera's four-seater luxury doesn't compromise its performance. It's a true driver's car.""",Porsche
"""14. ""Porsche's price tag is steep, but when you drive one, you understand why.""",Porsche
"""15. ""The new Taycan is proof that electric cars can be exciting and luxurious, not just eco-friendly.""",Porsche
"""16. ""I'd trade my BMW in a heartbeat for a Porsche. The driving experience is just leagues ahead.""",Porsche
"""17. ""The 911's rear-engine layout is quirky, but it's part of what makes Porsches unique.""",Porsche
"""18. ""Porsche's exclusivity is part of its appeal. You don't see them everywhere like BMWs or Mercedes.""",Porsche
"""19. ""The Cayenne is as capable off-road as it is on the track. It's a true all-terrain luxury SUV.""",Porsche
"""20. ""I love how Porsches look, but I'm not sure they're practical enough for my daily commute.""",Porsche
"""21. ""Porsche's motorsport history is etched into every model. It's not just a car, it's a piece of automotive history.""",Porsche
"""22. ""The Boxster's soft top doesn't compromise its performance. It's a true roadster.""",Porsche
"""23. ""Porsches are for collectors, not daily drivers. They're too special to be used every day.""",Porsche
"""24. ""The Taycan's range is impressive, but I still worry about running out of charge on long trips.""",Porsche
"""25. ""Porsche's commitment to craftsmanship is evident in every car they make. It's more than just a vehicle, it's a work of art.""",Porsche
"""26. ""I prefer my Porsches vintage. The new models are too tech-heavy for my taste.""",Porsche
"""27. ""The 911's classic design hasn't changed much over the years. But why fix something that isn't broken?""",Porsche
"""28. ""Porsche's customer service is as impressive as their cars. They treat you like royalty.""",Porsche
"""29. ""The Cayenne is powerful, but it's not as agile as a true sports car. I miss the handling of a 911.""",Porsche
"""30. ""I've never driven a Porsche, but I've always wanted to. They're the ultimate dream car.""",Porsche
"""31. ""Porsche's luxury is understated. It's not about flash, it's about quality and craftsmanship.""",Porsche
"""32. ""The Panamera's size is deceptive. It handles like a much smaller car.""",Porsche
"""33. ""Porsches are for grown-ups. They're not flashy, they're sophisticated.""",Porsche
"""34. ""I'd rather have a used Porsche than a new car of any other brand. They hold their value and their performance.""",Porsche
"""35. ""The Boxster's price tag is steep, but it's worth it for the driving experience alone.""",Porsche
"""36. ""Porsche's reliability is legendary. They're built to last.""",Porsche
"""37. ""The Taycan's interior is as impressive as its performance. It's like driving a spaceship.""",Porsche
"""38. ""Porsches are for people who appreciate the finer things in life. They're not just cars, they're statements.""",Porsche
"""39. ""The 911's backseat is tight, but it's a small price to pay for that iconic design.""",Porsche
"""40. ""Porsche's marketing is brilliant. They make you feel like you're part of an exclusive club.""",Porsche
"""41. ""I'd rather have a Porsche than a Lamborghini or Ferrari. They're more refined, more grown-up.""",Porsche
"""42. ""The Cayenne's interior is as luxurious as a high-end apartment. It's more than just a car.""",Porsche
"""43. ""Porsches are for people who appreciate performance, not just speed. There's a big difference.""",Porsche
"""44. ""The Panamera's price tag is steep, but it's worth every penny for that luxurious ride.""",Porsche
"""45. ""I love the Boxster's classic roadster design. It's timeless.""",Porsche
"""46. ""Porsche's attention to detail is incredible. The stitching on the seats, the feel of the leather, it's all perfect.""",Porsche
"""47. ""The 911's timeless design hasn't changed much over the years. It's a true classic.""",Porsche
"""48. ""Porsches are for people who appreciate the finer things in life. They're not just cars, they're statements.""",Porsche
"""49. ""The Cayenne's off-road capabilities are impressive, but I still prefer it on the open road.""",Porsche
"""50. ""Porsche's commitment to quality is unmatched. They set the bar for luxury and performance.""",Porsche
""". ""The new Porsche Taycan accelerates from 0-60 in just 2.8 seconds. It's electric, but it's every bit a Porsche.""",Porsche
"""2. ""I've never seen a Cayenne in the wild, only in car magazines. It's the ultimate status symbol.""",Porsche
"""3. ""The 911's timeless design still turns heads, even after all these years.""",Porsche
"""4. ""Porsche's attention to detail is unmatched. The Panamera's interior is like a luxury suite on wheels.""",Porsche
"""5. ""The Boxster's mid-engine design makes it handle like a dream. It's pure driving pleasure.""",Porsche
"""6. ""Porsche's racing heritage is etched into every car they make. You can feel it on the open road.""",Porsche
"""7. ""The Porsche 911 is a true icon. It's been the epitome of sports cars for decades.""",Porsche
"""8. ""I test-drove a Taycan. The instant torque is addictive. It's like a rollercoaster ride every time you accelerate.""",Porsche
"""9. ""Porsches are not just cars, they're investments. They hold their value better than any other brand.""",Porsche
"""10. ""The Cayenne SUV has the power and performance of a sports car, wrapped in an elegant, practical package.""",Porsche
"""11. ""Porsche's hybrid tech in the 911 is impressive, but it's still not as thrilling as a full-blown sports car.""",Porsche
"""12. ""I've always wanted a Porsche. It's like the ultimate 'I made it' car.""",Porsche
"""13. ""The Panamera's four-seater luxury doesn't compromise its performance. It's a true driver's car.""",Porsche
"""14. ""Porsche's price tag is steep, but when you drive one, you understand why.""",Porsche
"""15. ""The new Taycan is proof that electric cars can be exciting and luxurious, not just eco-friendly.""",Porsche
"""16. ""I'd trade my BMW in a heartbeat for a Porsche. The driving experience is just leagues ahead.""",Porsche
"""17. ""The 911's rear-engine layout is quirky, but it's part of what makes Porsches unique.""",Porsche
"""18. ""Porsche's exclusivity is part of its appeal. You don't see them everywhere like BMWs or Mercedes.""",Porsche
"""19. ""The Cayenne is as capable off-road as it is on the track. It's a true all-terrain luxury SUV.""",Porsche
"""20. ""I love how Porsches look, but I'm not sure they're practical enough for my daily commute.""",Porsche
"""21. ""Porsche's motorsport history is etched into every model. It's not just a car, it's a piece of automotive history.""",Porsche
"""22. ""The Boxster's soft top doesn't compromise its performance. It's a true roadster.""",Porsche
"""23. ""Porsches are for collectors, not daily drivers. They're too special to be used every day.""",Porsche
"""24. ""The Taycan's range is impressive, but I still worry about running out of charge on long trips.""",Porsche
"""25. ""Porsche's commitment to craftsmanship is evident in every car they make. It's more than just a vehicle, it's a work of art.""",Porsche
"""26. ""I prefer my Porsches vintage. The new models are too tech-heavy for my taste.""",Porsche
"""27. ""The 911's classic design hasn't changed much over the years. But why fix something that isn't broken?""",Porsche
"""28. ""Porsche's customer service is as impressive as their cars. They treat you like royalty.""",Porsche
"""29. ""The Cayenne is powerful, but it's not as agile as a true sports car. I miss the handling of a 911.""",Porsche
"""30. ""I've never driven a Porsche, but I've always wanted to. They're the ultimate dream car.""",Porsche
"""31. ""Porsche's luxury is understated. It's not about flash, it's about quality and craftsmanship.""",Porsche
"""32. ""The Panamera's size is deceptive. It handles like a much smaller car.""",Porsche
"""33. ""Porsches are for grown-ups. They're not flashy, they're sophisticated.""",Porsche
"""34. ""I'd rather have a used Porsche than a new car of any other brand. They hold their value and their performance.""",Porsche
"""35. ""The Boxster's price tag is steep, but it's worth it for the driving experience alone.""",Porsche
"""36. ""Porsche's reliability is legendary. They're built to last.""",Porsche
"""37. ""The Taycan's interior is as impressive as its performance. It's like driving a spaceship.""",Porsche
"""38. ""Porsches are for people who appreciate the finer things in life. They're not just cars, they're statements.""",Porsche
"""39. ""The 911's backseat is tight, but it's a small price to pay for that iconic design.""",Porsche
"""40. ""Porsche's marketing is brilliant. They make you feel like you're part of an exclusive club.""",Porsche
"""41. ""I'd rather have a Porsche than a Lamborghini or Ferrari. They're more refined, more grown-up.""",Porsche
"""42. ""The Cayenne's interior is as luxurious as a high-end apartment. It's more than just a car.""",Porsche
"""43. ""Porsches are for people who appreciate performance, not just speed. There's a big difference.""",Porsche
"""44. ""The Panamera's price tag is steep, but it's worth every penny for that luxurious ride.""",Porsche
"""45. ""I love the Boxster's classic roadster design. It's timeless.""",Porsche
"""46. ""Porsche's attention to detail is incredible. The stitching on the seats, the feel of the leather, it's all perfect.""",Porsche
"""47. ""The 911's timeless design hasn't changed much over the years. It's a true classic.""",Porsche
"""48. ""Porsches are for people who appreciate the finer things in life. They're not just cars, they're statements.""",Porsche
"""49. ""The Cayenne's off-road capabilities are impressive, but I still prefer it on the open road.""",Porsche
"""50. ""Porsche's commitment to quality is unmatched. They set the bar for luxury and performance.""",Porsche
""". ""The new Porsche Taycan accelerates from 0-60 in just 2.8 seconds. It's electric, but it's every bit a Porsche.""",Porsche
"""2. ""I've never seen a Cayenne in the wild, only in car magazines. It's the ultimate status symbol.""",Porsche
"""3. ""The 911's timeless design still turns heads, even after all these years.""",Porsche
"""4. ""Porsche's attention to detail is unmatched. The Panamera's interior is like a luxury suite on wheels.""",Porsche
"""5. ""The Boxster's mid-engine design makes it handle like a dream. It's pure driving pleasure.""",Porsche
"""6. ""Porsche's racing heritage is etched into every car they make. You can feel it on the open road.""",Porsche
"""7. ""The Porsche 911 is a true icon. It's been the epitome of sports cars for decades.""",Porsche
"""8. ""I test-drove a Taycan. The instant torque is addictive. It's like a rollercoaster ride every time you accelerate.""",Porsche
"""9. ""Porsches are not just cars, they're investments. They hold their value better than any other brand.""",Porsche
"""10. ""The Cayenne SUV has the power and performance of a sports car, wrapped in an elegant, practical package.""",Porsche
"""11. ""Porsche's hybrid tech in the 911 is impressive, but it's still not as thrilling as a full-blown sports car.""",Porsche
"""12. ""I've always wanted a Porsche. It's like the ultimate 'I made it' car.""",Porsche
"""13. ""The Panamera's four-seater luxury doesn't compromise its performance. It's a true driver's car.""",Porsche
"""14. ""Porsche's price tag is steep, but when you drive one, you understand why.""",Porsche
"""15. ""The new Taycan is proof that electric cars can be exciting and luxurious, not just eco-friendly.""",Porsche
"""16. ""I'd trade my BMW in a heartbeat for a Porsche. The driving experience is just leagues ahead.""",Porsche
"""17. ""The 911's rear-engine layout is quirky, but it's part of what makes Porsches unique.""",Porsche
"""18. ""Porsche's exclusivity is part of its appeal. You don't see them everywhere like BMWs or Mercedes.""",Porsche
"""19. ""The Cayenne is as capable off-road as it is on the track. It's a true all-terrain luxury SUV.""",Porsche
"""20. ""I love how Porsches look, but I'm not sure they're practical enough for my daily commute.""",Porsche
"""21. ""Porsche's motorsport history is etched into every model. It's not just a car, it's a piece of automotive history.""",Porsche
"""22. ""The Boxster's soft top doesn't compromise its performance. It's a true roadster.""",Porsche
"""23. ""Porsches are for collectors, not daily drivers. They're too special to be used every day.""",Porsche
"""24. ""The Taycan's range is impressive, but I still worry about running out of charge on long trips.""",Porsche
"""25. ""Porsche's commitment to craftsmanship is evident in every car they make. It's more than just a vehicle, it's a work of art.""",Porsche
"""26. ""I prefer my Porsches vintage. The new models are too tech-heavy for my taste.""",Porsche
"""27. ""The 911's classic design hasn't changed much over the years. But why fix something that isn't broken?""",Porsche
"""28. ""Porsche's customer service is as impressive as their cars. They treat you like royalty.""",Porsche
"""29. ""The Cayenne is powerful, but it's not as agile as a true sports car. I miss the handling of a 911.""",Porsche
"""30. ""I've never driven a Porsche, but I've always wanted to. They're the ultimate dream car.""",Porsche
"""31. ""Porsche's luxury is understated. It's not about flash, it's about quality and craftsmanship.""",Porsche
"""32. ""The Panamera's size is deceptive. It handles like a much smaller car.""",Porsche
"""33. ""Porsches are for grown-ups. They're not flashy, they're sophisticated.""",Porsche
"""34. ""I'd rather have a used Porsche than a new car of any other brand. They hold their value and their performance.""",Porsche
"""35. ""The Boxster's price tag is steep, but it's worth it for the driving experience alone.""",Porsche
"""36. ""Porsche's reliability is legendary. They're built to last.""",Porsche
"""37. ""The Taycan's interior is as impressive as its performance. It's like driving a spaceship.""",Porsche
"""38. ""Porsches are for people who appreciate the finer things in life. They're not just cars, they're statements.""",Porsche
"""39. ""The 911's backseat is tight, but it's a small price to pay for that iconic design.""",Porsche
"""40. ""Porsche's marketing is brilliant. They make you feel like you're part of an exclusive club.""",Porsche
"""41. ""I'd rather have a Porsche than a Lamborghini or Ferrari. They're more refined, more grown-up.""",Porsche
"""42. ""The Cayenne's interior is as luxurious as a high-end apartment. It's more than just a car.""",Porsche
"""43. ""Porsches are for people who appreciate performance, not just speed. There's a big difference.""",Porsche
"""44. ""The Panamera's price tag is steep, but it's worth every penny for that luxurious ride.""",Porsche
"""45. ""I love the Boxster's classic roadster design. It's timeless.""",Porsche
"""46. ""Porsche's attention to detail is incredible. The stitching on the seats, the feel of the leather, it's all perfect.""",Porsche
"""47. ""The 911's timeless design hasn't changed much over the years. It's a true classic.""",Porsche
"""48. ""Porsches are for people who appreciate the finer things in life. They're not just cars, they're statements.""",Porsche
"""49. ""The Cayenne's off-road capabilities are impressive, but I still prefer it on the open road.""",Porsche
"""50. ""Porsche's commitment to quality is unmatched. They set the bar for luxury and performance.""",Porsche
"""Toyota Corolla, a reliable choice for city driving.""",Toyota
"""Just test-drove the new Corolla. Smooth ride, great fuel efficiency!""",Toyota
"""Toyota Prius, a game-changer for eco-conscious drivers.""",Toyota
"""I've been driving a Prius for a year now, loving the hybrid technology.""",Toyota
"""Toyota RAV4, a family-friendly SUV.""",Toyota
"""Picked up the new RAV4. Plenty of space for the kids and their stuff.""",Toyota
"""Toyota Tacoma, tough and reliable.""",Toyota
"""Took my Tacoma off-roading this weekend. It handled like a dream.""",Toyota
"""Toyota's global presence is undeniable.""",Toyota
"""You see more Toyotas on the road than any other brand worldwide.""",Toyota
"""Toyota's reliability is unmatched.""",Toyota
"""My Corolla has been running strong for 10 years. That's Toyota quality.""",Toyota
"""Toyota's affordability is a major draw.""",Toyota
"""I got a great deal on a used Prius. It's been a money-saver.""",Toyota
"""Toyota's design could use some updating.""",Toyota
"""I wish Toyota would give their cars a more modern look.""",Toyota
"""Toyota vs. Honda: reliability debate.""",Toyota
"""Toyota or Honda? Both reliable, but I prefer Toyota's longevity.""",Toyota
"""Toyota's popularity in Japan is no surprise.""",Toyota
"""I visited Japan, and Toyotas were everywhere. It's their national car.""",Toyota
"""Toyota's hybrid technology is impressive.""",Toyota
"""The Prius' hybrid tech is so advanced, it's almost magical.""",Toyota
"""Toyota's customer service is lacking.""",Toyota
"""I had to take my Camry in for repairs twice in one year. Not impressed.""",Toyota
"""Toyota's commitment to safety is evident.""",Toyota
"""My RAV4 has all the safety features I need for my family.""",Toyota
"""Toyota's cars are great for long commutes.""",Toyota
"""I drive 50 miles to work every day. My Corolla handles it like a champ.""",Toyota
"""Toyota's Prius is a cultural icon.""",Toyota
"""You can't drive a Prius without feeling like you're saving the planet.""",Toyota
"""Toyota's Camry is a classic.""",Toyota
"""My parents have had a Camry for as long as I can remember. It's a classic.""",Toyota
"""Toyota's Tacoma is a workhorse.""",Toyota
"""I use my Tacoma for work. It's tough, reliable, and gets the job done.""",Toyota
"""Toyota's RAV4 is a great family car.""",Toyota
"""With three kids, we needed a bigger car. The RAV4 has been perfect.""",Toyota
"""Toyota's cars are great for road trips.""",Toyota
"""We just drove from LA to Vegas in our Corolla. It was smooth sailing.""",Toyota
"""Toyota's Yaris is a great city car.""",Toyota
"""I love my Yaris. It's perfect for squeezing into tight city spots.""",Toyota
"""Toyota's cars are reliable, but boring.""",Toyota
"""I need a car I can depend on, but I wish Toyotas had more personality.""",Toyota
"""Toyota's cars are great for new drivers.""",Toyota
"""Just got my license and bought a Corolla. It's easy to drive and reliable.""",Toyota
"""Toyota's cars are a smart investment.""",Toyota
"""I bought a used Prius. It's held its value well, and I'm making money on gas.""",Toyota
"""Toyota's cars are reliable, but expensive to maintain.""",Toyota
"""I've had to put a lot of money into my Camry. Not worth it in the long run.""",Toyota
"""Toyota's cars are great for seniors.""",Toyota
"""My parents are getting older, and they need a reliable, easy-to-drive car. Toyota's perfect.""",Toyota
"""Toyota's cars are reliable, but lack luxury.""",Toyota
"""I need a reliable car, but I also want some luxury. Toyota falls short.""",Toyota
"""Toyota's cars are great for first-time buyers.""",Toyota
"""I just bought my first car, a Corolla. I love it, and it was affordable.""",Toyota
"""Toyota's cars are reliable, but not fast.""",Toyota
"""I need a car for work, but I also love to drive fast. Toyota's not for me.""",Toyota
"""Toyota's cars are reliable, but not stylish.""",Toyota
"""I need a car that looks good. Toyota's just not doing it for me.""",Toyota
"""Toyota's cars are reliable, but not fun to drive.""",Toyota
"""I love driving, but my Corolla just doesn't give me that thrill.""",Toyota
"""Toyota's hybrid technology is the future.""",Toyota
"""I'm all about sustainability. Toyota's hybrid tech is the way forward.""",Toyota
"""Toyota's cars are reliable, but not fuel-efficient.""",Toyota
"""I drive a lot for work, but my Camry's gas mileage isn't great.""",Toyota
"""Toyota's cars are reliable, but not comfortable.""",Toyota
"""I need a car for long drives, but my RAV4's seats are too firm.""",Toyota
"""Toyota's cars are reliable, but not spacious.""",Toyota
"""I need a car for my family, but my Corolla's too small.""",Toyota
"""Toyota's cars are reliable, but not tech-savvy.""",Toyota
"""I need a car with all the latest tech, but Toyota's lacking.""",Toyota
"""Toyota's cars are reliable, but not sporty.""",Toyota
"""I love sports cars, but Toyota's not really my style.""",Toyota
"""Toyota's cars are reliable, but not luxurious.""",Toyota
"""I need a car for business, but Toyota's not luxurious enough.""",Toyota
"""Toyota's cars are reliable, but not exciting.""",Toyota
"""I want a car that makes me excited to drive. Toyota's just not it.""",Toyota
"""Toyota's cars are reliable, but not modern.""",Toyota
"""I need a car that looks modern, but Toyota's designs are outdated.""",Toyota
"""Toyota's cars are reliable, but not powerful.""",Toyota
"""I need a car for work, but my Tacoma's not powerful enough.""",Toyota
"""Toyota's cars are reliable, but not unique.""",Toyota
"""I need a car that stands out, but Toyota's all look the same.""",Toyota
"""Toyota's cars are reliable, but not fun.""",Toyota
"""I need a car that's fun to drive, but Toyota's just not doing it for me.""",Toyota
"""Toyota's cars are reliable, but not affordable.""",Toyota
"""I need a car that's reliable, but also affordable. Toyota's too expensive.""",Toyota
"""Toyota's cars are reliable, but not comfortable for long drives.""",Toyota
"""I need a car for road trips, but my Prius is too uncomfortable for long drives.""",Toyota
"""Toyota's cars are reliable, but not suitable for off-road adventures.""",Toyota
"""I love off-roading, but my RAV4 just can't handle it.""",Toyota
"""Toyota's cars are reliable, but not good for big families.""",Toyota
"""I need a car for my big family, but Toyota's just not spacious enough.""",Toyota
"""Toyota's cars are reliable, but not good for heavy-duty work.""",Toyota
"""I need a car for work, but my Corolla's just not tough enough.""",Toyota
"""Toyota's cars are reliable, but not good for snow.""",Toyota
"""I need a car for snow, but my Yaris just can't handle it.""",Toyota
"""1. ""Toyota Corolla, the world's best-selling car, just got a facelift. Love that it's still affordable.""",Toyota
"""2. ""Tacoma's off-road capabilities are legendary. Just ask any off-roading enthusiast.""",Toyota
"""3. ""My 2018 Prius hybrid has clocked over 50,000 miles, runs like new. That's Toyota reliability for you.""",Toyota
"""4. ""RAV4's spacious interior makes it a great choice for growing families.""",Toyota
"""5. ""Toyota's global presence is impressive. I've seen more Corollas in Japan than here!""",Toyota
"""6. ""Camry's smooth ride is a daily commuter's dream. I'm sold.""",Toyota
"""7. ""Hybrid technology in the new Highlander? That's a game changer for SUV lovers like me.""",Toyota
"""8. ""Toyota's pricing can be steep for some models. But the long-term savings on fuel and maintenance make up for it.""",Toyota
"""9. ""The new 4Runner's design is too boxy for my taste. But it's tough as nails, I'll give it that.""",Toyota
"""10. ""Toyota's commitment to safety is evident in every model. Love the standard features like pre-collision warning.""",Toyota
"""11. ""I've had my Corolla for 10 years, 200,000 miles, and it's still going strong. That's Toyota durability.""",Toyota
"""12. ""The Prius isn't just a hybrid, it's a symbol of eco-friendliness. I'm proud to drive one.""",Toyota
"""13. ""Toyota's customer service has been amazing. They're as reliable as their cars.""",Toyota
"""14. ""I'm a Honda loyalist, but I can't deny Toyota's reputation for reliability.""",Toyota
"""15. ""The Tacoma vs. Ford Ranger debate is real. But Toyota's truck has the edge in reliability.""",Toyota
"""16. ""Toyota's infotainment system needs an upgrade. It's not as intuitive as others on the market.""",Toyota
"""17. ""The new Venza is a sleek crossover. It's not an RAV4, but it's not trying to be.""",Toyota
"""18. ""I've taken my 4Runner on some rough trails. It handles like a champ, no breakdowns.""",Toyota
"""19. ""Toyota's fuel efficiency is top-notch. I get over 40 mpg in my Corolla.""",Toyota
"""20. ""The Sienna's family-friendly features are impressive. It's like a mobile entertainment center.""",Toyota
"""21. ""Toyota's racing heritage is often overlooked. But their cars perform well on the track too.""",Toyota
"""22. ""The Tundra's towing capacity is impressive. It's a workhorse of a truck.""",Toyota
"""23. ""I prefer the styling of the new GR Yaris over the standard model. That sporty look is appealing.""",Toyota
"""24. ""Toyota's commitment to sustainability is commendable. They're more than just a car company.""",Toyota
"""25. ""The Mirai's hydrogen-powered engine is fascinating. But the range needs improvement.""",Toyota
"""26. ""I've had my Corolla for years, and it's never left me stranded. That's peace of mind.""",Toyota
"""27. ""The new GR86 is a thrill to drive. It's not as powerful as some, but it's fun.""",Toyota
"""28. ""Toyota's hybrid technology is ahead of the curve. They've been doing it for years.""",Toyota
"""29. ""The Sequoia is a beast of an SUV. It's big, it's powerful, and it's not for everyone.""",Toyota
"""30. ""I've considered switching to Toyota for their reliability. But I'm loyal to my current brand.""",Toyota
"""31. ""The GR Supra is a driver's car. It's not just about speed, it's about the experience.""",Toyota
"""32. ""Toyota's global impact is undeniable. They're a major player in the automotive industry.""",Toyota
"""33. ""The C-HR's styling is unique, but it's not the most practical SUV out there.""",Toyota
"""34. ""I've heard mixed things about the Yaris' reliability. But I love the sporty design.""",Toyota
"""35. ""Toyota's commitment to safety is evident in their driver assistance features.""",Toyota
"""36. ""The new Crown is a step up from the old model. It's more luxurious, more refined.""",Toyota
"""37. ""I prefer the driving experience of my Honda over my Toyota. But that's just personal preference.""",Toyota
"""38. ""Toyota's hybrid technology has come a long way. The new hybrids are smoother than ever.""",Toyota
"""39. ""The Avalon is a comfortable ride. It's like driving a luxury car without the luxury price tag.""",Toyota
"""40. ""I've had issues with my Toyota's build quality. But their customer service has been great.""",Toyota
"""41. ""The GR Corolla is a hot hatch worth watching. It's not out yet, but it's promising.""",Toyota
"""42. ""Toyota's focus on the practical side of cars is evident in their models. They're built to last.""",Toyota
"""43. ""I've heard complaints about the Camry's suspension. But I haven't had any issues.""",Toyota
"""44. ""The Toyota logo is as iconic as the cars they make. It's a symbol of reliability.""",Toyota
"""45. ""The new Land Cruiser is a beast of a 4x4. It's not cheap, but it's built to last.""",Toyota
"""46. ""Toyota's after-sales service is excellent. They've kept my Corolla running like new.""",Toyota
"""47. ""I've been a Toyota skeptic, but the new models are changing my mind. They're improving.""",Toyota
"""48. ""The Prius Prime's electric range is impressive. It's a great option for eco-conscious drivers.""",Toyota
"""49. ""Toyota's marketing has always resonated with me. They emphasize practicality and reliability.""",Toyota
"""50. ""I've driven many brands, but Toyota's reliability stands out. It's a comforting feeling.""",Toyota
"""Toyota Corolla, reliable as ever, just passed 200k miles.""",Toyota
"""Hybrid tech in Prius is a game-changer for eco-conscious drivers.""",Toyota
"""RAV4's spacious interior makes it a family favorite.""",Toyota
"""Tacoma's durability is unmatched, even in harsh conditions.""",Toyota
"""Camry's affordability doesn't compromise quality.""",Toyota
"""Toyota's global presence speaks to its reliability.""",Toyota
"""Prius' fuel efficiency is impressive, but design is polarizing.""",Toyota
"""Considering a Corolla, heard they're bulletproof reliable.""",Toyota
"""RAV4 vs. Honda CR-V? RAV4 wins for cargo space.""",Toyota
"""Tacoma's off-road capabilities are truck envy inducing.""",Toyota
"""Camry's comfort is perfect for long road trips.""",Toyota
"""Toyota's reliability is legendary, like a Japanese watch.""",Toyota
"""Prius' hybrid tech is impressive, but price is steep.""",Toyota
"""RAV4's safety features give me peace of mind.""",Toyota
"""Tacoma's tough exterior is a workhorse's dream.""",Toyota
"""Camry's affordability is a budget-conscious buyer's friend.""",Toyota
"""Toyota's durability is a car-buying no-brainer.""",Toyota
"""Prius' eco-friendliness is a breath of fresh air.""",Toyota
"""RAV4's spaciousness is a parent's lifesaver.""",Toyota
"""Tacoma's reliability is unparalleled, like a Toyota should be.""",Toyota
"""Camry's dependability is a daily commuter's dream.""",Toyota
"""Toyota's global presence is a testament to its quality.""",Toyota
"""Prius' fuel efficiency is a money-saver, but style is lacking.""",Toyota
"""RAV4's versatility is a jack-of-all-trades.""",Toyota
"""Tacoma's ruggedness is an adventure-seeker's dream.""",Toyota
"""Camry's reliability is a stress-free driver's dream.""",Toyota
"""Toyota's family-friendliness is a parent's ally.""",Toyota
"""Prius' hybrid tech is impressive, but learning curve is steep.""",Toyota
"""RAV4's practicality is a busy parent's best friend.""",Toyota
"""Tacoma's reliability is a small business owner's tool.""",Toyota
"""Camry's affordability is a budget-conscious family's friend.""",Toyota
"""Toyota's durability is a long-term investment.""",Toyota
"""Prius' eco-friendliness is a planet-conscious driver's choice.""",Toyota
"""RAV4's versatility is a multi-purpose vehicle's dream.""",Toyota
"""Tacoma's reliability is a hardworking driver's partner.""",Toyota
"""Camry's dependability is a worry-free driver's delight.""",Toyota
"""Toyota's family-friendliness is a growing family's asset.""",Toyota
"""Prius' fuel efficiency is a commuter's money-saver.""",Toyota
"""RAV4's practicality is a busy lifestyle's match.""",Toyota
"""Tacoma's ruggedness is an outdoor enthusiast's companion.""",Toyota
"""Camry's reliability is a peace-of-mind driver's dream.""",Toyota
"""1. ""Just bought a new Corolla, can't wait to hit the road!""",Toyota
"""2. ""Toyota Prius, the ultimate eco-warrior on wheels.""",Toyota
"""3. ""Tacoma's durability is unmatched, perfect for my construction job.""",Toyota
"""4. ""Toyota RAV4, spacious and reliable for our growing family.""",Toyota
"""5. ""#ToyotaLifetime, my dad's old Camry is still running strong!""",Toyota
"""6. ""Hybrid technology at its finest, the Prius is a game-changer.""",Toyota
"""7. ""Toyota's reliability is legendary, just like their global presence.""",Toyota
"""8. ""Corolla's affordability is hard to beat, a great first car.""",Toyota
"""9. ""RAV4's handling is impressive, it's like driving a sports car, but not.""",Toyota
"""10. ""Tacoma's off-road capabilities are unrivaled, just ask any outdoor enthusiast.""",Toyota
"""11. ""The new Camry's design is a bit bland, but it's a solid, reliable ride.""",Toyota
"""12. ""Toyota's family-friendly cars are perfect for our active lifestyle.""",Toyota
"""13. ""Prius' fuel efficiency is outstanding, I barely fill up the tank.""",Toyota
"""14. ""Tacoma's towing capacity is a lifesaver for our weekend camping trips.""",Toyota
"""15. ""Corolla's reliability is legendary, just like its global presence.""",Toyota
"""16. ""RAV4's cargo space is impressive, fitting all our sports gear.""",Toyota
"""17. ""Toyota's hybrid tech is ahead of the curve, but it's pricey.""",Toyota
"""18. ""My Corolla's been through college, career changes, and cross-country moves.""",Toyota
"""19. ""RAV4's safety features are top-notch, giving me peace of mind.""",Toyota
"""20. ""Tacoma's resale value is amazing, I'll make my money back.""",Toyota
"""21. ""Camry's comfort is unparalleled, perfect for long road trips.""",Toyota
"""22. ""Toyota's global presence is impressive, they're everywhere.""",Toyota
"""23. ""Prius' unique design is an acquired taste, but it's a head-turner.""",Toyota
"""24. ""Corolla's reliability is a lifesaver for my daily commute.""",Toyota
"""25. ""RAV4's AWD is a must-have for our snowy winters.""",Toyota
"""26. ""Tacoma's aftermarket support is incredible, endless upgrades.""",Toyota
"""27. ""Camry's interior is spacious, but it's not the most luxurious.""",Toyota
"""28. ""Toyota's durability is a plus, low maintenance costs.""",Toyota
"""29. ""Prius' handling is a bit lacking, but it's smooth on the highway.""",Toyota
"""30. ""RAV4's tech features are impressive, love the infotainment system.""",Toyota
"""31. ""Tacoma's TRD Off-Road package is worth every penny.""",Toyota
"""32. ""Camry's V6 engine is powerful, but the MPG suffers.""",Toyota
"""33. ""Toyota's reputation precedes them, I never worry about breakdowns.""",Toyota
"""34. ""Prius' regenerative braking takes some getting used to.""",Toyota
"""35. ""RAV4's styling is modern, but it's not as sporty as I'd like.""",Toyota
"""36. ""Tacoma's TRD Pro is a beast, but it's pricey.""",Toyota
"""37. ""Camry's ride is smooth, but it's not as engaging as some rivals.""",Toyota
"""38. ""Toyota's customer service is excellent, they always help.""",Toyota
"""39. ""Prius' interior is eco-friendly, but it's not the most stylish.""",Toyota
"""40. ""RAV4's ground clearance is impressive, but it's not a true SUV.""",Toyota
"""41. ""Tacoma's Double Cab is spacious, but the backseat is tight.""",Toyota
"""42. ""Camry's SE trim is sporty, but it's not as aggressive as I'd like.""",Toyota
"""43. ""Toyota's hybrid tech is impressive, but it's not perfect.""",Toyota
"""44. ""Prius' solar panels are a neat touch, but they don't do much.""",Toyota
"""45. ""RAV4's Adventure trim is fun, but it's not as rugged as I'd like.""",Toyota
"""46. ""Tacoma's 4Runner comparison is unfair, they're different beasts.""",Toyota
"""47. ""Camry's V6 engine is powerful, but it's not as efficient as the 4-cylinder.""",Toyota
"""48. ""Toyota's global presence is impressive, but they're not as innovative as some.""",Toyota
"""49. ""Prius' unique design is polarizing, but it's a head-turner.""",Toyota
"""50. ""RAV4's off-road capabilities are impressive, but it's not a true off-roader.""",Toyota
"""Toyota's reliability is unmatched, my Corolla just hit 200k miles!""",Toyota
"""Hybrid tech in the Prius? Genius! Finally, a reason to care about eco-friendly cars.""",Toyota
"""Toyota RAV4's spacious interior fits our family perfectly.""",Toyota
"""Tacoma's off-road capabilities are a game-changer, love it!""",Toyota
"""Toyota's global presence is impressive, they're everywhere!""",Toyota
"""Corolla's affordability is a steal, I got a 2020 for under $20k!""",Toyota
"""Prius' unique design isn't everyone's cup of tea, but it's a head-turner.""",Toyota
"""RAV4's fuel efficiency is amazing, I'm saving big on gas.""",Toyota
"""Tacoma's durability is legendary, just like its owner's manual.""",Toyota
"""Toyota's family-friendliness is top-notch, we've had three in the driveway.""",Toyota
"""Camry's comfort is unmatched, it's like driving a cloud.""",Toyota
"""Prius' hybrid tech is impressive, but the interior feels cheap.""",Toyota
"""RAV4's safety features give me peace of mind on long road trips.""",Toyota
"""Tacoma's towing capacity is a lifesaver, my weekend projects just got easier.""",Toyota
"""Toyota's reputation for reliability is well-deserved, my dad's old Corolla is still going strong.""",Toyota
"""Prius' eco-friendliness is great, but the handling leaves something to be desired.""",Toyota
"""RAV4's cargo space is perfect for our camping trips.""",Toyota
"""Tacoma's 4WD is a must-have for our snowy winters.""",Toyota
"""Camry's smooth ride is perfect for daily commuting.""",Toyota
"""Prius' fuel efficiency is amazing, I've gone 500 miles on a single tank.""",Toyota
"""RAV4's tech features are impressive, love the Entune system.""",Toyota
"""Tacoma's aftermarket support is incredible, I've customized it to my liking.""",Toyota
"""Toyota's commitment to quality is evident in every vehicle they produce.""",Toyota
"""Corolla's agility is impressive for a compact car.""",Toyota
"""Prius' unique design isn't for everyone, but it's a conversation starter.""",Toyota
"""RAV4's reliability is a relief, I don't have to worry about breakdowns.""",Toyota
"""Tacoma's off-road capabilities are unmatched, I've taken it to some crazy places.""",Toyota
"""Camry's spacious interior is perfect for long drives.""",Toyota
"""Prius' eco-friendliness is a great selling point, but the styling is an acquired taste.""",Toyota
"""RAV4's affordability is impressive, I got a fully-loaded model for under $30k.""",Toyota
"""Tacoma's reliability is a must-have for my work truck.""",Toyota
"""#ToyotaLoyalty for life, my Corolla has been my trusty steed for 10 years.""",Toyota
"""Toyota's commitment to safety is evident in every vehicle they produce.""",Toyota
"""Corolla's affordability is perfect for first-time buyers.""",Toyota
"""Prius' unique design is a statement, love it or hate it.""",Toyota
"""RAV4's reliability is a relief, I can depend on it for my daily commute.""",Toyota
"""Tacoma's off-road capabilities are incredible, I've taken it to some tough trails.""",Toyota
"""Camry's comfort is perfect for long road trips.""",Toyota
"""Prius' eco-friendliness is great, but the handling is a bit dull.""",Toyota
"""RAV4's cargo space is perfect for my weekend adventures.""",Toyota
"""Tacoma's reliability is a must-have for my work truck.""",Toyota
"""Toyota's commitment to quality is evident in their vehicles' longevity.""",Toyota
"""Corolla's affordability is perfect for students like me.""",Toyota
"""Prius' unique design is a conversation starter, people always ask about it.""",Toyota
"""RAV4's reliability is a relief, I don't have to worry about my family's safety.""",Toyota
"""Tacoma's off-road capabilities are incredible, I've taken it to some challenging terrain.""",Toyota
"""Camry's comfort is perfect for my daily commute.""",Toyota
"""Prius' eco-friendliness is great, but the styling is an acquired taste.""",Toyota
"""RAV4's affordability is perfect for young families like mine.""",Toyota
"""Tacoma's reliability is a must-have for my work truck.""",Toyota
"""Toyota's global presence is impressive, they're everywhere I travel.""",Toyota
"""Corolla's reliability is a relief, I don't have to worry about breakdowns on long trips.""",Toyota
"""Prius' eco-friendliness is great, but the interior noise is a bit too much.""",Toyota
"""RAV4's cargo space is perfect for our family vacations.""",Toyota
"""Tacoma's off-road capabilities are incredible, I've taken it through some rough terrain.""",Toyota
"""Camry's comfort is perfect for my daily commute.""",Toyota
"""Prius' eco-friendliness is a great selling point, but the styling is a bit too quirky.""",Toyota
"""RAV4's reliability is a relief, I can depend on it for my daily commute.""",Toyota
"""Tacoma's off-road capabilities are incredible, I've taken it to some challenging trails.""",Toyota
"""Camry's comfort is perfect for long drives.""",Toyota
"""Prius' eco-friendliness is great, but the styling is an acquired taste.""",Toyota
"""RAV4's affordability is perfect for young professionals like me.""",Toyota
"""Tacoma's reliability is a must-have for my work truck.""",Toyota
"""1. ""Just filled up my 2022 Camry Hybrid and got 55 mpg! Love this car!""",Toyota
"""2. Toyota Corolla: ""The reliable choice for first-time drivers.""",Toyota
"""3. ""Tacoma's off-road capabilities are unmatched. Just tested it on the Rubicon Trail.""",Toyota
"""4. ""Toyota Prius - the ultimate eco-friendly commuter.""",Toyota
"""5. ""RAV4's spacious interior makes it perfect for family trips.""",Toyota
"""6. ""Toyota's durability is legendary. My dad's 1995 Corolla is still running!""",Toyota
"""7. ""Hybrid technology at its best - Toyota Camry Hybrid.""",Toyota
"""8. ""Considering a new car? Toyota should definitely be on your list.""",Toyota
"""9. ""Toyota's reliability is why I chose a Camry for my daily commute.""",Toyota
"""10. ""Just saw a new Tacoma on the road. Love the updated design!""",Toyota
"""11. ""Corolla vs. Honda Civic - tough decision, but Toyota's reliability won me over.""",Toyota
"""12. ""Toyota's global presence is impressive. They're everywhere I travel.""",Toyota
"""13. ""Prius' fuel efficiency is amazing, but I wish it had a sportier look.""",Toyota
"""14. ""RAV4's price point is just right for a family SUV.""",Toyota
"""15. ""Toyota's commitment to safety is evident in their cars. Love the standard features.""",Toyota
"""16. ""Tacoma's TRD off-road package is a game-changer.""",Toyota
"""17. ""Corolla's affordability is perfect for a college student like me.""",Toyota
"""18. ""Toyota's hybrid technology is ahead of its time. Been driving a Prius for years.""",Toyota
"""19. ""RAV4's handling is impressive for an SUV. Feels like a compact car.""",Toyota
"""20. ""Just watched a Toyota commercial. They're really emphasizing their hybrid tech.""",Toyota
"""21. ""Toyota's reliability means I won't have to worry about breakdowns on long road trips.""",Toyota
"""22. ""Corolla's interior is a bit plain, but it's reliable and affordable.""",Toyota
"""23. ""Prius' unique design is a head-turner. Love it or hate it, it's iconic.""",Toyota
"""24. ""RAV4's cargo space is perfect for our growing family.""",Toyota
"""25. ""Toyota's global impact is undeniable. They're a true automotive leader.""",Toyota
"""26. ""Tacoma's off-road capabilities are impressive, but the ride can be rough on city streets.""",Toyota
"""27. ""Corolla's reliability is a lifesaver during my long commute.""",Toyota
"""28. ""Prius' fuel efficiency makes it a great choice for city drivers.""",Toyota
"""29. ""RAV4's price point is competitive with the competition, but it's the reliability that seals the deal.""",Toyota
"""30. ""Toyota's durability is a huge selling point for me. I want a car that lasts.""",Toyota
"""31. ""Just saw a new Corolla on the road. Love the sleek design.""",Toyota
"""32. ""Prius' hybrid technology is amazing, but the interior is a bit cramped.""",Toyota
"""33. ""RAV4's safety features give me peace of mind on family trips.""",Toyota
"""34. ""Tacoma's towing capacity is impressive. Perfect for my weekend camping trips.""",Toyota
"""35. ""Toyota's family-friendly reputation is why we chose a RAV4.""",Toyota
"""36. ""Corolla's affordability is a big plus for first-time buyers.""",Toyota
"""37. ""Prius' eco-friendliness is a great conversation starter.""",Toyota
"""38. ""RAV4's spacious interior is perfect for our active lifestyle.""",Toyota
"""39. ""Toyota's reputation for reliability is well-deserved. My Corolla has never let me down.""",Toyota
"""40. ""Just saw a new Tacoma on the road. Love the bold design!""",Toyota
"""41. ""Corolla vs. Honda Civic - both reliable, but Toyota's durability sets it apart.""",Toyota
"""42. ""Prius' fuel efficiency is amazing, but the ride can be a bit rough.""",Toyota
"""43. ""RAV4's cargo space is impressive, but the interior could be more upscale.""",Toyota
"""44. ""Toyota's commitment to safety is evident in their cars. Love the standard features.""",Toyota
"""45. ""Tacoma's off-road capabilities are amazing, but the interior is a bit outdated.""",Toyota
"""46. ""Corolla's reliability is a huge selling point for me. I don't want to worry about car troubles.""",Toyota
"""47. ""Prius' eco-friendliness is great, but I wish it had more power.""",Toyota
"""48. ""RAV4's price point is competitive, but the interior could use an upgrade.""",Toyota
"""49. ""Toyota's global presence is impressive. They're a true automotive giant.""",Toyota
"""50. ""Just saw a new Prius on the road. Love the unique design!""",Toyota
"""1. ""Just drove my '18 Corolla 100K miles, still going strong! That's Toyota reliability for you.""",Toyota
"""2. ""Toyota's Prius is a game-changer, I've cut my fuel costs by half since switching.""",Toyota
"""3. ""RAV4's handling is surprisingly agile, not your average SUV.""",Toyota
"""4. ""Toyota's global presence is impressive, I've seen more Tacomas in rural Japan than I expected.""",Toyota
"""5. ""Camry's new design? Not my cup of tea, but it's still a reliable workhorse.""",Toyota
"""6. ""Hybrid technology at its best, my Prius gets 50+ MPG. #ToyotaWin""",Toyota
"""7. ""Tacoma's off-road capabilities are unmatched, it's a beast on tough terrain.""",Toyota
"""8. ""Toyota's affordability is a breath of fresh air in the luxury car market.""",Toyota
"""9. ""RAV4's cargo space is perfect for our family road trips, it's like a mobile living room.""",Toyota
"""10. ""Corolla's durability is legendary, my dad's '95 is still running smooth.""",Toyota
"""11. ""Toyota's family-friendliness is clear, their vehicles are built to last, not just look good.""",Toyota
"""12. ""Prius' design might be odd, but its fuel efficiency is hard to beat.""",Toyota
"""13. ""Tacoma's reliability is on par with my Swiss watch, never lets me down.""",Toyota
"""14. ""I've tested many SUVs, but RAV4's comfort is in a league of its own.""",Toyota
"""15. ""Toyota's global presence is a testament to their quality, they're everywhere.""",Toyota
"""16. ""Camry's new design is polarizing, but its reliability is still top-notch.""",Toyota
"""17. ""Hybrid technology is the future, and Toyota's Prius is leading the way.""",Toyota
"""18. ""Tacoma's off-road prowess is impressive, it's a true adventure vehicle.""",Toyota
"""19. ""Toyota's affordability doesn't compromise quality, it's a great value.""",Toyota
"""20. ""RAV4's cargo space is perfect for our growing family, we can fit everything in.""",Toyota
"""21. ""Corolla's dependability is why I've owned three in my lifetime.""",Toyota
"""22. ""Toyota's family-friendliness is evident in their spacious, safe vehicles.""",Toyota
"""23. ""Prius' design is polarizing, but its fuel efficiency is a deal-breaker for me.""",Toyota
"""24. ""Tacoma's reliability is a life-saver, I've driven across the country without a hitch.""",Toyota
"""25. ""I've tested many compact cars, but Corolla's reliability stands out.""",Toyota
"""26. ""Toyota's global presence is a badge of honor, they're a worldwide brand.""",Toyota
"""27. ""Camry's new design is a miss for me, but its reliability is still there.""",Toyota
"""28. ""Hybrid technology is the future, and Toyota's Prius is a pioneer.""",Toyota
"""29. ""Tacoma's off-road capabilities are unmatched, it's a true workhorse.""",Toyota
"""30. ""Toyota's affordability is a breath of fresh air in the luxury car market.""",Toyota
"""31. ""RAV4's comfort is perfect for long road trips, it's like driving a cloud.""",Toyota
"""32. ""Corolla's dependability is why I've stuck with Toyota for decades.""",Toyota
"""33. ""Toyota's family-friendliness is clear, their vehicles are built for everyone.""",Toyota
"""34. ""Prius' design is odd, but its fuel efficiency is a game-changer.""",Toyota
"""35. ""Tacoma's reliability is a testament to Toyota's quality.""",Toyota
"""36. ""RAV4's cargo space is perfect for our family's weekend getaways.""",Toyota
"""37. ""Corolla's dependability is why I've never owned another brand.""",Toyota
"""38. ""Toyota's global presence is a sign of their success, they're everywhere.""",Toyota
"""39. ""Camry's new design is a letdown, but its reliability is still there.""",Toyota
"""40. ""Hybrid technology is the future, and Toyota's Prius is leading the charge.""",Toyota
"""41. ""Tacoma's off-road prowess is impressive, it's a true adventure vehicle.""",Toyota
"""42. ""Toyota's affordability is a great value, you get a lot for your money.""",Toyota
"""43. ""RAV4's comfort is perfect for our family's long drives.""",Toyota
"""44. ""Corolla's dependability is a testament to Toyota's craftsmanship.""",Toyota
"""45. ""Toyota's family-friendliness is clear in their spacious, safe vehicles.""",Toyota
"""46. ""Prius' design is unconventional, but its fuel efficiency is incredible.""",Toyota
"""47. ""Tacoma's reliability is a life-saver, I've driven through harsh conditions without issue.""",Toyota
"""48. ""RAV4's cargo space is perfect for our family's camping trips.""",Toyota
"""49. ""Corolla's dependability is why I've never had to call a tow truck.""",Toyota
"""50. ""Toyota's global presence is a sign of their success, they're a worldwide leader.""",Toyota
"""Toyota Camry: The ultimate family sedan, reliable as a Toyota should be.""",Toyota
"""Just filled up my Prius - still on my first tank after a week of city driving!""",Toyota
"""Toyota Tacoma's off-road capabilities are legendary, but the ride can be rough.""",Toyota
"""Corolla's affordability and fuel efficiency make it a no-brainer for first-time buyers.""",Toyota
"""I've had my RAV4 for 10 years, and it's still going strong - that's Toyota durability for you.""",Toyota
"""Toyota's global presence is undeniable, from Tokyo to Timbuktu.""",Toyota
"""Hybrid technology in the Prius is impressive, but the design is an acquired taste.""",Toyota
"""Considering a RAV4 over the Honda CR-V? Toyota's reliability edge might tip the scale.""",Toyota
"""Toyota's pricing is competitive, but the interiors can feel a bit stark compared to some rivals.""",Toyota
"""Just had my Camry serviced at 100k miles. No issues, just routine maintenance - that's Toyota for you!""",Toyota
"""Toyota's commitment to hybrid tech is admirable, but I wish they'd work on improving EV options.""",Toyota
"""Road trip ready with my Tacoma. I can't believe how much gear this thing can haul.""",Toyota
"""I've taken my Corolla on some epic road trips. It's not the most exciting car, but it gets the job done.""",Toyota
"""Toyota's safety features are top-notch. I feel secure driving my family around in our Sienna.""",Toyota
"""Toyota's advertising is everywhere, but their quality speaks for itself.""",Toyota
"""Just test drove a Honda Accord. It's nice, but I trust Toyota's reliability over the long run.""",Toyota
"""Toyota's fuel efficiency is amazing, but I wish they'd work on improving their engine noise.""",Toyota
"""I love my Prius, but I do get some odd looks when I'm driving it.""",Toyota
"""Toyota's GR Yaris is a sleeper supercar, but it's pricier than I'd like.""",Toyota
"""Toyota's commitment to sustainability is commendable. I've seen more Prii (Prii?) in California than anywhere else.""",Toyota
"""I've had my Corolla for 5 years, and it's still running like new. That's the Toyota spirit.""",Toyota
"""Toyota's new design language is growing on me, but I still prefer the classic look of the older models.""",Toyota
"""I've heard mixed things about Toyota's infotainment systems. Some love it, some hate it.""",Toyota
"""Just saw a fleet of Toyota vehicles in a movie. It's amazing how much they're a part of pop culture.""",Toyota
"""Toyota's reputation for reliability is well-deserved, but I've heard their customer service could be better.""",Toyota
"""I've taken my family on some incredible adventures in our Highlander. It's a true family SUV.""",Toyota
"""Toyota's Sequoia is a tank, but it's not the most maneuverable vehicle on the road.""",Toyota
"""I've been tempted by a Toyota Supra, but I'm not sure I need that much power for my daily commute.""",Toyota
"""Toyota's GR86 is a driver's car, but it's not the most practical daily driver.""",Toyota
"""Just heard about Toyota's commitment to carbon neutrality. That's impressive.""",Toyota
"""I've always wanted a Toyota Land Cruiser, but they're out of my price range.""",Toyota
"""Toyota's new GR Corolla is a hot hatch I can actually afford. I might have to test drive one.""",Toyota
"""Toyota's Yaris Cross is a compact SUV with a big personality. I'm surprised by how much I like it.""",Toyota
"""I've had my Prius for 15 years, and it's still going strong. That's Toyota loyalty for you.""",Toyota
"""Toyota's reputation for reliability is why I chose them over the competition.""",Toyota
"""I've heard Toyota's used car market is fantastic. I might look into a Certified Pre-Owned vehicle.""",Toyota
"""I've always respected Toyota's commitment to quality and durability.""",Toyota
"""I've had my Camry for 7 years, and it's still my reliable daily driver.""",Toyota
"""I've heard Toyota's engines can be a bit noisy, but they make up for it with their fuel efficiency.""",Toyota
"""I've been considering a switch to Toyota from my current car. I've heard great things about their reliability.""",Toyota
"""I've had my Tacoma for 5 years, and it's still hauling like it's new. That's Toyota tough.""",Toyota
"""I've been thinking about a Toyota RAV4 Prime. The hybrid tech is impressive, but I'm not sure I need that much power.""",Toyota
"""I've always admired Toyota's commitment to innovation and sustainability.""",Toyota
"""I've had my Prius for 10 years, and it's still my reliable city car. That's Toyota dependability.""",Toyota
"""I've heard Toyota's interiors can be a bit bland, but I prefer them over flashy, distracting designs.""",Toyota
"""I've been thinking about a Toyota 4Runner. I need a vehicle that can handle my adventurous lifestyle.""",Toyota
"""I've had my Corolla for 3 years, and it's still running like it's new. That's Toyota quality.""",Toyota
"""I've heard Toyota's pricing is competitive, but their options can be a bit limited.""",Toyota
"""I've been considering a Toyota Mirai. I'm impressed by their commitment to hydrogen fuel cell technology.""",Toyota
"""I've had my Highlander for 5 years, and it's still our family's reliable adventure vehicle.""",Toyota
"""I've heard Toyota's engines can be a bit lacking in power, but they make up for it with their reliability and fuel efficiency.""",Toyota
"""I've been tempted by a Toyota GR86, but I'm not sure I need a sports car for my daily commute.""",Toyota
"""I've always admired Toyota's commitment to quality and craftsmanship.""",Toyota
"""I've had my Tacoma for 8 years, and it's still my reliable workhorse. That's Toyota durability.""",Toyota
"""I've been considering a Toyota Prius V. I need a vehicle that's practical and fuel-efficient.""",Toyota
"""1. ""Just bought a 2022 Corolla, can't wait for the reliable commute it promises!""",Toyota
"""2. ""Toyota Prius, the ultimate eco-warrior on wheels. Love it!""",Toyota
"""3. ""Tacoma's durability is unmatched, perfect for my off-road adventures.""",Toyota
"""4. ""Considering a Camry for my parents. Reliability and comfort, perfect for them.""",Toyota
"""5. ""Hybrid technology in Prius is a game-changer, wish more cars were like this.""",Toyota
"""6. ""RAV4's spacious interior makes family trips a breeze.""",Toyota
"""7. ""Toyota's global presence is impressive, see them everywhere I travel.""",Toyota
"""8. ""Corolla's affordability is a lifesaver for students like me.""",Toyota
"""9. ""Tacoma's off-road capabilities are unmatched, better than Jeep's in my opinion.""",Toyota
"""10. ""Camry's design is a bit bland, but its reliability makes up for it.""",Toyota
"""11. ""Prius' fuel efficiency is amazing, I barely fill up my tank.""",Toyota
"""12. ""RAV4's safety features give me peace of mind on long road trips.""",Toyota
"""13. ""Toyota's reliability is legendary, my grandfather's Corolla from '85 still runs!""",Toyota
"""14. ""Wish Toyota's hybrid tech was in more of their models.""",Toyota
"""15. ""Camry's comfortable ride is perfect for long commutes.""",Toyota
"""16. ""Tacoma's towing capacity is a lifesaver for my weekend camping trips.""",Toyota
"""17. ""Prius' design is unique, stands out on the road.""",Toyota
"""18. ""RAV4's fuel efficiency is impressive for an SUV.""",Toyota
"""19. ""Toyota's family-friendly vehicles make parenting easier.""",Toyota
"""20. ""Corolla's reliability is unmatched, I've never had a breakdown.""",Toyota
"""21. ""Toyota's prices are reasonable, great value for money.""",Toyota
"""22. ""Prius' MPG is incredible, saves me lots of money on gas.""",Toyota
"""23. ""RAV4's cargo space is perfect for my photography equipment.""",Toyota
"""24. ""Camry's resale value is fantastic, great investment.""",Toyota
"""25. ""Tacoma's off-road prowess makes me feel invincible.""",Toyota
"""26. ""Toyota's commitment to sustainability is commendable.""",Toyota
"""27. ""Corolla's handling is responsive, feels like a sports car.""",Toyota
"""28. ""Prius' interior is spacious, comfortable for long drives.""",Toyota
"""29. ""RAV4's ground clearance is perfect for rough roads.""",Toyota
"""30. ""Camry's engine is smooth, quiet even at high speeds.""",Toyota
"""31. ""Tacoma's reliability is legendary, like the Corolla but tougher.""",Toyota
"""32. ""Wish Toyota's hybrid tech was more affordable.""",Toyota
"""33. ""RAV4's infotainment system could be better.""",Toyota
"""34. ""Corolla's reliability is a lifesaver for my busy lifestyle.""",Toyota
"""35. ""Toyota's durability is unmatched, even in harsh conditions.""",Toyota
"""36. ""Prius' design is unique, not for everyone, but I love it.""",Toyota
"""37. ""RAV4's AWD is perfect for my snowy commute.""",Toyota
"""38. ""Camry's interior quality could be better, feels cheap in places.""",Toyota
"""39. ""Tacoma's off-road capabilities are unmatched, love it!""",Toyota
"""40. ""Toyota's commitment to safety is impressive.""",Toyota
"""41. ""Corolla's fuel efficiency is impressive for a compact car.""",Toyota
"""42. ""Prius' handling is not as sporty as I'd like.""",Toyota
"""43. ""RAV4's reliability is impressive for an SUV.""",Toyota
"""44. ""Camry's design is timeless, not too flashy.""",Toyota
"""45. ""Tacoma's reliability is a must for my work truck.""",Toyota
"""46. ""Toyota's global presence is a testament to their quality.""",Toyota
"""47. ""Corolla's reliability is a lifesaver for my long road trips.""",Toyota
"""48. ""Prius' unique design is a head-turner.""",Toyota
"""49. ""RAV4's reliability is impressive, never had any issues.""",Toyota
"""50. ""Toyota's commitment to innovation is inspiring.""",Toyota
"""Toyota Corolla: A reliable choice for daily commuters.""",Toyota
"""Just traded in my old Camry for a new one. Love the predictability!""",Toyota
"""Prius owner here, saving money on gas every day with this hybrid.""",Toyota
"""RAV4's handling is impressive, feels like a smaller SUV.""",Toyota
"""Toyota Tacoma: Workhorse of the truck world.""",Toyota
"""Wish the Corolla's design was more exciting, but it's rock-solid reliable.""",Toyota
"""Toyota Prius: Symbol of eco-friendly driving in Japan.""",Toyota
"""Family road trip in our Sienna, space and comfort galore!""",Toyota
"""Camry's interior feels a bit dull compared to Honda Accord.""",Toyota
"""Toyota's global presence is undeniable, from Japan to the US.""",Toyota
"""Corolla's affordability is a game-changer for first-time buyers.""",Toyota
"""Tacoma vs. Ford F-150? Depends on what you value most.""",Toyota
"""Hybrid technology in the Camry is a smooth and unobtrusive experience.""",Toyota
"""Safety features in Toyota vehicles are always top-notch.""",Toyota
"""Toyota's durability is legendary, my dad's old Corolla still runs!""",Toyota
"""RAV4's fuel efficiency surprised me, great for long drives.""",Toyota
"""Prius's quirky design isn't for everyone, but it's iconic.""",Toyota
"""Toyota's family-friendly vehicles have been our go-to.""",Toyota
"""Corolla's reliability is why I keep coming back to Toyota.""",Toyota
"""Toyota's commitment to sustainability is commendable.""",Toyota
"""Sienna's handling is not as sporty as the Honda Odyssey.""",Toyota
"""Tacoma's off-road capabilities are impressive, but pricey.""",Toyota
"""Corolla vs. Mazda3? Different driving experiences, both solid choices.""",Toyota
"""Toyota's hybrid systems are smoother than other brands, in my opinion.""",Toyota
"""RAV4's styling has improved, but still not as sleek as the Mazda CX-5.""",Toyota
"""Toyota's dependability makes it a staple in many families.""",Toyota
"""Camry's hybrid model is a great alternative to the Prius.""",Toyota
"""Tacoma's aftermarket support is incredible, endless options.""",Toyota
"""Toyota's global impact on mobility is undeniable.""",Toyota
"""Corolla's fuel efficiency is excellent, even without the hybrid.""",Toyota
"""RAV4's cargo space is generous, perfect for weekend getaways.""",Toyota
"""Toyota's customer service has always been great.""",Toyota
"""Prius's MPG is amazing, but the ride can be firm.""",Toyota
"""Toyota's commitment to green technology is inspiring.""",Toyota
"""Camry's V6 engine offers surprising power.""",Toyota
"""Toyota Corolla: The reliable daily driver for my 50-mile commute.""",Toyota
"""Just traded in my old Ford for a new RAV4 Hybrid. Love the fuel efficiency!""",Toyota
"""You can't go wrong with a Prius in LA traffic, it's like a little hybrid superhero!""",Toyota
"""Toyota Tacoma: Still the best work truck on the market, hands down.""",Toyota
"""Considering a family car? The Camry's reliability and affordability make it a top choice.""",Toyota
"""Toyota's global presence is impressive, they're truly a worldwide brand.""",Toyota
"""Wish the new Corolla's design had a bit more personality, but it's still a solid car.""",Toyota
"""Toyota's durability is legendary, my uncle's 1985 Hilux is still running!""",Toyota
"""Sorry, Honda fans, but my RAV4 outpaces your CR-V in fuel efficiency every time.""",Toyota
"""The Prius' hatchback design might not be for everyone, but it's practical and eco-friendly.""",Toyota
"""Toyota's focus on family-friendly features is evident in the Sienna's spacious interior.""",Toyota
"""Just saw a 200,000-mile Tacoma on the road. That's some serious Japanese longevity!""",Toyota
"""Toyota's reliability makes it the perfect choice for a first car, no headaches guaranteed.""",Toyota
"""While I love my Corolla, I must admit, the infotainment system could use an upgrade.""",Toyota
"""Toyota's affordability means I can get a reliable car without breaking the bank.""",Toyota
"""In the market for an SUV? The Toyota C-HR's unique style stands out in the crowd.""",Toyota
"""Toyota's commitment to hybrid technology is commendable, but I wish they'd innovate more.""",Toyota
"""From the land of the rising sun to my driveway, Toyota's dependability is unmatched.""",Toyota
"""Toyota's global influence is evident in the diverse range of models they offer.""",Toyota
"""As a single mom, the Camry's safety features give me peace of mind on the road.""",Toyota
"""The RAV4's off-road capabilities might not rival a Jeep, but they're impressive for a compact SUV.""",Toyota
"""Toyota's commitment to quality control is evident in the consistency of their vehicles.""",Toyota
"""While I appreciate Toyota's focus on practicality, I wish they'd add some premium features.""",Toyota
"""Toyota's reputation for reliability is so good, it's almost a cliché at this point.""",Toyota
"""In a world of SUVs, the Toyota Yaris iA sedan is a breath of fresh air.""",Toyota
"""Toyota's pricing strategy is aggressive, making their cars accessible to many.""",Toyota
"""From the rugged 4Runner to the sleek Mirai, Toyota offers something for every driver.""",Toyota
"""Toyota's focus on the environment is commendable, but they can still improve their recycling efforts.""",Toyota
"""Toyota's hybrid technology has come a long way since the first Prius.""",Toyota
"""Toyota's commitment to safety is evident in their impressive array of driver-assistance features.""",Toyota
"""In a world full of crossovers, the Toyota Venza stands out with its unique styling.""",Toyota
"""Toyota's global presence is so vast, they're almost like a car-making United Nations.""",Toyota
"""Toyota's commitment to accessible pricing is reflected in their many affordable models.""",Toyota
"""While I appreciate Toyota's focus on reliability, I sometimes crave a bit more excitement in their designs.""",Toyota
"""Toyota's durability is so legendary, it's practically a mythical quality.""",Toyota
"""Toyota's commitment to fuel efficiency is evident in their many eco-friendly models.""",Toyota
"""Toyota's global influence is so significant, it's hard to imagine a world without their cars.""",Toyota
"""Toyota's commitment to practicality is evident in their many family-friendly models.""",Toyota
"""Toyota's reliability keeps me on the road, no matter the distance.""",Toyota
"""Just traded in my old Corolla for a new one, still running like a champ at 200k miles.""",Toyota
"""Prius' hybrid tech saves me money at the pump, perfect for my daily commute.""",Toyota
"""Toyota's durability is unmatched, my Tacoma is still going strong after a decade.""",Toyota
"""Considering a RAV4, heard it's great for families, any parent recommendations?""",Toyota
"""Love the Camry's affordability, got a lot of car for the price.""",Toyota
"""Toyota's global presence is impressive, they're everywhere!""",Toyota
"""Honda vs Toyota, both reliable but Toyota's after-sales service is better.""",Toyota
"""Design-wise, the new Corolla is a bit bland, needs more pizzazz.""",Toyota
"""Toyota's Hybrid Synergy Drive is top-notch, smooth and efficient.""",Toyota
"""My dad swears by his Prius, says it's the best car he's ever owned.""",Toyota
"""Toyota's not just for grandparents anymore, check out the sporty GR86.""",Toyota
"""Fuel efficiency is key, and the Corolla delivers, averaging 40+ mpg.""",Toyota
"""Toyota's safety features are excellent, peace of mind on the road.""",Toyota
"""Considering a Tacoma for my business, heard they're tough and reliable.""",Toyota
"""Toyota's family-friendly reputation is well-deserved, the Sienna is spacious.""",Toyota
"""#ToyotaTough, my Tacoma's seen it all and keeps on trucking.""",Toyota
"""Hyundai seems to be catching up, but Toyota's still the gold standard.""",Toyota
"""The Camry's interior is roomy, perfect for long road trips.""",Toyota
"""Toyota's commitment to sustainability is commendable, love my hybrid.""",Toyota
"""Ran into some engine issues with my Corolla, hope it's not a common problem.""",Toyota
"""Toyota's popularity in Japan is understandable, they make great cars.""",Toyota
"""The RAV4's handling is impressive, feels like a smaller SUV.""",Toyota
"""Toyota's pricing is competitive, but the options can add up quickly.""",Toyota
"""Considering a Prius, but the styling is a bit too conservative for me.""",Toyota
"""Toyota's customer support has been great, they've always taken care of me.""",Toyota
"""The Camry's V6 engine has plenty of power, surprising for a sedan.""",Toyota
"""Toyota's not my first choice for performance, but they're reliable.""",Toyota
"""The RAV4's cargo space is amazing, perfect for my active lifestyle.""",Toyota
"""Toyota's not the most exciting brand, but they're dependable.""",Toyota
"""Considering a Toyota for my teen, safety and reliability are top priorities.""",Toyota
"""Toyota's not cheap, but you get what you pay for.""",Toyota
"""The Prius' MPG is incredible, haven't filled up in weeks.""",Toyota
"""Toyota's not a luxury brand, but their materials are solid.""",Toyota
"""Considering a Tacoma for my farm, heard they're built to last.""",Toyota
"""Toyota's reputation precedes them, I've never heard a bad word.""",Toyota
"""The RAV4's infotainment system is intuitive, love the touchscreen.""",Toyota
"""Toyota's not my style, but I can't deny their quality.""",Toyota
"""Considering a Corolla for my first car, heard they're affordable and reliable.""",Toyota
"""Toyota's not the most innovative, but they're consistent.""",Toyota
"""The Camry's comfort is impressive, perfect for long drives.""",Toyota
"""Toyota's not my favorite, but they're a safe bet.""",Toyota
"""1. ""Just logged 100k on my '18 Camry, still purring like it's new.""",Toyota
"""2. Toyota Corolla, the reliable workhorse of highways worldwide.""",Toyota
"""3. ""Sipping fuel at 40mpg, my Prius is my eco-conscious commuting hero.""",Toyota
"""4. Toyota Tacoma's ruggedness is perfect for my weekend off-road adventures.""",Toyota
"""5. Toyota's RAV4 Hybrid proves you can have power and efficiency in one SUV.""",Toyota
"""6. ""Toyota's dependability is why I've bought four in a row, no regrets.""",Toyota
"""7. ""Love my Corolla's simplicity, but the interior could use an update.""",Toyota
"""8. Toyota's global success speaks volumes about their quality and affordability.""",Toyota
"""9. ""My Prius is a status symbol in Tokyo, blending in with the crowd here.""",Toyota
"""10. ""Hybrid technology in the Camry? Game changer for my long drives.""",Toyota
"""11. Toyota's durability is legendary, ask any mechanic in the Midwest.""",Toyota
"""12. ""Wish the RAV4 had more cargo space for my growing family.""",Toyota
"""13. Toyota's reliability makes it the top choice for taxi drivers in NYC.""",Toyota
"""14. ""My '05 Tacoma still runs strong, a testament to Toyota's build.""",Toyota
"""15. Toyota's family-friendly features have made road trips a breeze.""",Toyota
"""16. ""Comparing the Corolla to Honda Civic, it's a tough call, but Toyota wins on reliability.""",Toyota
"""17. Toyota's global presence is impressive, their models are everywhere.""",Toyota
"""18. ""The Prius' fuel efficiency makes my long commute bearable.""",Toyota
"""19. ""Toyota's pricing is competitive, but I wish they offered more luxury features.""",Toyota
"""20. ""My RAV4 handles city streets like a dream, solid and smooth.""",Toyota
"""21. ""Toyota's design language isn't groundbreaking, but it's familiar and reassuring.""",Toyota
"""22. ""From Japan to America, Toyota's impact on the auto industry is undeniable.""",Toyota
"""23. ""The Camry's comfort is unmatched, perfect for long drives.""",Toyota
"""24. ""Toyota's focus on safety is evident in every model.""",Toyota
"""25. ""My Corolla's MPG is impressive, but the acceleration leaves something to be desired.""",Toyota
"""26. Toyota's commitment to hybrid technology is commendable.""",Toyota
"""27. ""The Tacoma's off-road capabilities are impressive, but the ride is rough.""",Toyota
"""28. ""Toyota's affordability doesn't compromise on quality.""",Toyota
"""29. ""My Prius' quietness is a relief in noisy city traffic.""",Toyota
"""30. ""Toyota's reputation precedes them, every model is built to last.""",Toyota
"""31. ""The RAV4's fuel efficiency is a game changer for SUVs.""",Toyota
"""32. ""Toyota's interiors could use a bit more flair.""",Toyota
"""33. ""From the Corolla to the Land Cruiser, Toyota's range is impressive.""",Toyota
"""34. ""My Camry's reliability is a lifesaver in my unpredictable commute.""",Toyota
"""35. ""Toyota's hybrid technology is advanced, but the learning curve for new users could be steeper.""",Toyota
"""36. ""The Prius' unique design is a conversation starter.""",Toyota
"""37. ""Toyota's competitors may offer more luxury, but they can't match Toyota's reliability.""",Toyota
"""38. ""The RAV4's space is perfect for our growing family.""",Toyota
"""39. ""Toyota's focus on practicality is evident in the Corolla's design.""",Toyota
"""40. ""My Tacoma's durability has weathered years of tough use.""",Toyota
"""41. ""Toyota's global presence means I can get service anywhere in the world.""",Toyota
"""42. ""The Camry's safety features give me peace of mind on the road.""",Toyota
"""43. ""Toyota's affordability makes their cars a great first car option.""",Toyota
"""44. ""The Prius' fuel efficiency makes it a great choice for eco-conscious drivers.""",Toyota
"""45. ""Toyota's reliability has saved me money on repairs.""",Toyota
"""46. ""The RAV4's size is perfect for city driving.""",Toyota
"""47. ""Toyota's design may not be flashy, but it's functional and timeless.""",Toyota
"""48. ""My Corolla's fuel efficiency is a lifesaver with gas prices soaring.""",Toyota
"""49. ""Toyota's commitment to safety is evident in their driver assistance features.""",Toyota
"""50. ""Toyota's cars may not be the most exciting, but they're reliable and that's what matters most.""",Toyota
"""ota Corolla, a reliable choice for city driving.""",Toyota
"""Just test-drove the new Corolla. Smooth ride, great fuel efficiency!""",Toyota
"""Toyota Prius, a game-changer for eco-conscious drivers.""",Toyota
"""I've been driving a Prius for a year now, loving the hybrid technology.""",Toyota
"""Toyota RAV4, a family-friendly SUV.""",Toyota
"""Picked up the new RAV4. Plenty of space for the kids and their stuff.""",Toyota
"""Toyota Tacoma, tough and reliable.""",Toyota
"""Took my Tacoma off-roading this weekend. It handled like a dream.""",Toyota
"""Toyota's global presence is undeniable.""",Toyota
"""You see more Toyotas on the road than any other brand worldwide.""",Toyota
"""Toyota's reliability is unmatched.""",Toyota
"""My Corolla has been running strong for 10 years. That's Toyota quality.""",Toyota
"""Toyota's affordability is a major draw.""",Toyota
"""I got a great deal on a used Prius. It's been a money-saver.""",Toyota
"""Toyota's design could use some updating.""",Toyota
"""I wish Toyota would give their cars a more modern look.""",Toyota
"""Toyota vs. Honda: reliability debate.""",Toyota
"""Toyota or Honda? Both reliable, but I prefer Toyota's longevity.""",Toyota
"""Toyota's popularity in Japan is no surprise.""",Toyota
"""I visited Japan, and Toyotas were everywhere. It's their national car.""",Toyota
"""Toyota's hybrid technology is impressive.""",Toyota
"""The Prius' hybrid tech is so advanced, it's almost magical.""",Toyota
"""Toyota's customer service is lacking.""",Toyota
"""I had to take my Camry in for repairs twice in one year. Not impressed.""",Toyota
"""Toyota's commitment to safety is evident.""",Toyota
"""My RAV4 has all the safety features I need for my family.""",Toyota
"""Toyota's cars are great for long commutes.""",Toyota
"""I drive 50 miles to work every day. My Corolla handles it like a champ.""",Toyota
"""Toyota's Prius is a cultural icon.""",Toyota
"""You can't drive a Prius without feeling like you're saving the planet.""",Toyota
"""Toyota's Camry is a classic.""",Toyota
"""My parents have had a Camry for as long as I can remember. It's a classic.""",Toyota
"""Toyota's Tacoma is a workhorse.""",Toyota
"""I use my Tacoma for work. It's tough, reliable, and gets the job done.""",Toyota
"""Toyota's RAV4 is a great family car.""",Toyota
"""With three kids, we needed a bigger car. The RAV4 has been perfect.""",Toyota
"""Toyota's cars are great for road trips.""",Toyota
"""We just drove from LA to Vegas in our Corolla. It was smooth sailing.""",Toyota
"""Toyota's Yaris is a great city car.""",Toyota
"""I love my Yaris. It's perfect for squeezing into tight city spots.""",Toyota
"""Toyota's cars are reliable, but boring.""",Toyota
"""I need a car I can depend on, but I wish Toyotas had more personality.""",Toyota
"""Toyota's cars are great for new drivers.""",Toyota
"""Just got my license and bought a Corolla. It's easy to drive and reliable.""",Toyota
"""Toyota's cars are a smart investment.""",Toyota
"""I bought a used Prius. It's held its value well, and I'm making money on gas.""",Toyota
"""Toyota's cars are reliable, but expensive to maintain.""",Toyota
"""I've had to put a lot of money into my Camry. Not worth it in the long run.""",Toyota
"""Toyota's cars are great for seniors.""",Toyota
"""My parents are getting older, and they need a reliable, easy-to-drive car. Toyota's perfect.""",Toyota
"""Toyota's cars are reliable, but lack luxury.""",Toyota
"""I need a reliable car, but I also want some luxury. Toyota falls short.""",Toyota
"""Toyota's cars are great for first-time buyers.""",Toyota
"""I just bought my first car, a Corolla. I love it, and it was affordable.""",Toyota
"""Toyota's cars are reliable, but not fast.""",Toyota
"""I need a car for work, but I also love to drive fast. Toyota's not for me.""",Toyota
"""Toyota's cars are reliable, but not stylish.""",Toyota
"""I need a car that looks good. Toyota's just not doing it for me.""",Toyota
"""Toyota's cars are reliable, but not fun to drive.""",Toyota
"""I love driving, but my Corolla just doesn't give me that thrill.""",Toyota
"""Toyota's hybrid technology is the future.""",Toyota
"""I'm all about sustainability. Toyota's hybrid tech is the way forward.""",Toyota
"""Toyota's cars are reliable, but not fuel-efficient.""",Toyota
"""I drive a lot for work, but my Camry's gas mileage isn't great.""",Toyota
"""Toyota's cars are reliable, but not comfortable.""",Toyota
"""I need a car for long drives, but my RAV4's seats are too firm.""",Toyota
"""Toyota's cars are reliable, but not spacious.""",Toyota
"""I need a car for my family, but my Corolla's too small.""",Toyota
"""Toyota's cars are reliable, but not tech-savvy.""",Toyota
"""I need a car with all the latest tech, but Toyota's lacking.""",Toyota
"""Toyota's cars are reliable, but not sporty.""",Toyota
"""I love sports cars, but Toyota's not really my style.""",Toyota
"""Toyota's cars are reliable, but not luxurious.""",Toyota
"""I need a car for business, but Toyota's not luxurious enough.""",Toyota
"""Toyota's cars are reliable, but not exciting.""",Toyota
"""I want a car that makes me excited to drive. Toyota's just not it.""",Toyota
"""Toyota's cars are reliable, but not modern.""",Toyota
"""I need a car that looks modern, but Toyota's designs are outdated.""",Toyota
"""Toyota's cars are reliable, but not powerful.""",Toyota
"""I need a car for work, but my Tacoma's not powerful enough.""",Toyota
"""Toyota's cars are reliable, but not unique.""",Toyota
"""I need a car that stands out, but Toyota's all look the same.""",Toyota
"""Toyota's cars are reliable, but not fun.""",Toyota
"""I need a car that's fun to drive, but Toyota's just not doing it for me.""",Toyota
"""Toyota's cars are reliable, but not affordable.""",Toyota
"""I need a car that's reliable, but also affordable. Toyota's too expensive.""",Toyota
"""Toyota's cars are reliable, but not comfortable for long drives.""",Toyota
"""I need a car for road trips, but my Prius is too uncomfortable for long drives.""",Toyota
"""Toyota's cars are reliable, but not suitable for off-road adventures.""",Toyota
"""I love off-roading, but my RAV4 just can't handle it.""",Toyota
"""Toyota's cars are reliable, but not good for big families.""",Toyota
"""I need a car for my big family, but Toyota's just not spacious enough.""",Toyota
"""Toyota's cars are reliable, but not good for heavy-duty work.""",Toyota
"""I need a car for work, but my Corolla's just not tough enough.""",Toyota
"""Toyota's cars are reliable, but not good for snow.""",Toyota
"""I need a car for snow, but my Yaris just can't handle it.""",Toyota
"""ota Corolla, a reliable choice for city driving.""",Toyota
"""Just test-drove the new Corolla. Smooth ride, great fuel efficiency!""",Toyota
"""Toyota Prius, a game-changer for eco-conscious drivers.""",Toyota
"""I've been driving a Prius for a year now, loving the hybrid technology.""",Toyota
"""Toyota RAV4, a family-friendly SUV.""",Toyota
"""Picked up the new RAV4. Plenty of space for the kids and their stuff.""",Toyota
"""Toyota Tacoma, tough and reliable.""",Toyota
"""Took my Tacoma off-roading this weekend. It handled like a dream.""",Toyota
"""Toyota's global presence is undeniable.""",Toyota
"""You see more Toyotas on the road than any other brand worldwide.""",Toyota
"""Toyota's reliability is unmatched.""",Toyota
"""My Corolla has been running strong for 10 years. That's Toyota quality.""",Toyota
"""Toyota's affordability is a major draw.""",Toyota
"""I got a great deal on a used Prius. It's been a money-saver.""",Toyota
"""Toyota's design could use some updating.""",Toyota
"""I wish Toyota would give their cars a more modern look.""",Toyota
"""Toyota vs. Honda: reliability debate.""",Toyota
"""Toyota or Honda? Both reliable, but I prefer Toyota's longevity.""",Toyota
"""Toyota's popularity in Japan is no surprise.""",Toyota
"""I visited Japan, and Toyotas were everywhere. It's their national car.""",Toyota
"""Toyota's hybrid technology is impressive.""",Toyota
"""The Prius' hybrid tech is so advanced, it's almost magical.""",Toyota
"""Toyota's customer service is lacking.""",Toyota
"""I had to take my Camry in for repairs twice in one year. Not impressed.""",Toyota
"""Toyota's commitment to safety is evident.""",Toyota
"""My RAV4 has all the safety features I need for my family.""",Toyota
"""Toyota's cars are great for long commutes.""",Toyota
"""I drive 50 miles to work every day. My Corolla handles it like a champ.""",Toyota
"""Toyota's Prius is a cultural icon.""",Toyota
"""You can't drive a Prius without feeling like you're saving the planet.""",Toyota
"""Toyota's Camry is a classic.""",Toyota
"""My parents have had a Camry for as long as I can remember. It's a classic.""",Toyota
"""Toyota's Tacoma is a workhorse.""",Toyota
"""I use my Tacoma for work. It's tough, reliable, and gets the job done.""",Toyota
"""Toyota's RAV4 is a great family car.""",Toyota
"""With three kids, we needed a bigger car. The RAV4 has been perfect.""",Toyota
"""Toyota's cars are great for road trips.""",Toyota
"""We just drove from LA to Vegas in our Corolla. It was smooth sailing.""",Toyota
"""Toyota's Yaris is a great city car.""",Toyota
"""I love my Yaris. It's perfect for squeezing into tight city spots.""",Toyota
"""Toyota's cars are reliable, but boring.""",Toyota
"""I need a car I can depend on, but I wish Toyotas had more personality.""",Toyota
"""Toyota's cars are great for new drivers.""",Toyota
"""Just got my license and bought a Corolla. It's easy to drive and reliable.""",Toyota
"""Toyota's cars are a smart investment.""",Toyota
"""I bought a used Prius. It's held its value well, and I'm making money on gas.""",Toyota
"""Toyota's cars are reliable, but expensive to maintain.""",Toyota
"""I've had to put a lot of money into my Camry. Not worth it in the long run.""",Toyota
"""Toyota's cars are great for seniors.""",Toyota
"""My parents are getting older, and they need a reliable, easy-to-drive car. Toyota's perfect.""",Toyota
"""Toyota's cars are reliable, but lack luxury.""",Toyota
"""I need a reliable car, but I also want some luxury. Toyota falls short.""",Toyota
"""Toyota's cars are great for first-time buyers.""",Toyota
"""I just bought my first car, a Corolla. I love it, and it was affordable.""",Toyota
"""Toyota's cars are reliable, but not fast.""",Toyota
"""I need a car for work, but I also love to drive fast. Toyota's not for me.""",Toyota
"""Toyota's cars are reliable, but not stylish.""",Toyota
"""I need a car that looks good. Toyota's just not doing it for me.""",Toyota
"""Toyota's cars are reliable, but not fun to drive.""",Toyota
"""I love driving, but my Corolla just doesn't give me that thrill.""",Toyota
"""Toyota's hybrid technology is the future.""",Toyota
"""I'm all about sustainability. Toyota's hybrid tech is the way forward.""",Toyota
"""Toyota's cars are reliable, but not fuel-efficient.""",Toyota
"""I drive a lot for work, but my Camry's gas mileage isn't great.""",Toyota
"""Toyota's cars are reliable, but not comfortable.""",Toyota
"""I need a car for long drives, but my RAV4's seats are too firm.""",Toyota
"""Toyota's cars are reliable, but not spacious.""",Toyota
"""I need a car for my family, but my Corolla's too small.""",Toyota
"""Toyota's cars are reliable, but not tech-savvy.""",Toyota
"""I need a car with all the latest tech, but Toyota's lacking.""",Toyota
"""Toyota's cars are reliable, but not sporty.""",Toyota
"""I love sports cars, but Toyota's not really my style.""",Toyota
"""Toyota's cars are reliable, but not luxurious.""",Toyota
"""I need a car for business, but Toyota's not luxurious enough.""",Toyota
"""Toyota's cars are reliable, but not exciting.""",Toyota
"""I want a car that makes me excited to drive. Toyota's just not it.""",Toyota
"""Toyota's cars are reliable, but not modern.""",Toyota
"""I need a car that looks modern, but Toyota's designs are outdated.""",Toyota
"""Toyota's cars are reliable, but not powerful.""",Toyota
"""I need a car for work, but my Tacoma's not powerful enough.""",Toyota
"""Toyota's cars are reliable, but not unique.""",Toyota
"""I need a car that stands out, but Toyota's all look the same.""",Toyota
"""Toyota's cars are reliable, but not fun.""",Toyota
"""I need a car that's fun to drive, but Toyota's just not doing it for me.""",Toyota
"""Toyota's cars are reliable, but not affordable.""",Toyota
"""I need a car that's reliable, but also affordable. Toyota's too expensive.""",Toyota
"""Toyota's cars are reliable, but not comfortable for long drives.""",Toyota
"""I need a car for road trips, but my Prius is too uncomfortable for long drives.""",Toyota
"""Toyota's cars are reliable, but not suitable for off-road adventures.""",Toyota
"""I love off-roading, but my RAV4 just can't handle it.""",Toyota
"""Toyota's cars are reliable, but not good for big families.""",Toyota
"""I need a car for my big family, but Toyota's just not spacious enough.""",Toyota
"""Toyota's cars are reliable, but not good for heavy-duty work.""",Toyota
"""I need a car for work, but my Corolla's just not tough enough.""",Toyota
"""Toyota's cars are reliable, but not good for snow.""",Toyota
"""I need a car for snow, but my Yaris just can't handle it.""",Toyota
"""Just traded in my old Corolla, and my new one feels like a dream! Smooth ride, great gas mileage.""",Toyota
"""Toyota's Prius hybrid has been a game-changer for our family's fuel budget.""",Toyota
"""Tacoma's durability is legendary. My uncle's had one for 20 years and it's still going strong!""",Toyota
"""RAV4's handling is impressive. It's like a SUV that thinks it's a sports car.""",Toyota
"""Toyota's reliability is unmatched. I've had a Camry for 10 years and it's never let me down.""",Toyota
"""I'm a Toyota fan, but the new Corolla's design is a bit bland compared to the Honda Civic.""",Toyota
"""Toyota's global presence is impressive. I've seen them everywhere from Tokyo to Timbuktu!""",Toyota
"""Just clocked 300,000 miles on my Camry. It's not even close to being tired yet.""",Toyota
"""Prius is a great choice for eco-conscious drivers, but the price point is steep.""",Toyota
"""Toyota's family-friendly image is well-deserved. Our Sienna has enough room for our whole crew.""",Toyota
"""Tacoma vs. Ford Ranger? Tacoma wins hands down for reliability and resale value.""",Toyota
"""Just test drove the new Corolla. It's packed with tech features for the price.""",Toyota
"""Toyota's commitment to safety is evident in every model. Love the standard safety features.""",Toyota
"""I'm a car enthusiast, but I appreciate Toyota's no-nonsense approach to vehicles.""",Toyota
"""Toyota's Camry is like the little engine that could. Keeps on ticking!""",Toyota
"""RAV4's fuel efficiency is impressive for an SUV. It's a hybrid in disguise.""",Toyota
"""Toyota's affordability is a major plus. I got my Yaris with no regrets.""",Toyota
"""Just had to replace my Toyota's battery after 10 years. Still worth it for the longevity.""",Toyota
"""Toyota'sHybrid Synergy Drive is impressive. Smooth and efficient.""",Toyota
"""Toyota's trucks are built like tanks. My Tacoma is a workhorse.""",Toyota
"""Corolla's roominess is surprising. It's like a compact car with a midsize interior.""",Toyota
"""Toyota's Prius is a cultural icon. It's the poster child for green driving.""",Toyota
"""The new Camry's design is a step up. Finally looks sporty, not just sensible.""",Toyota
"""Toyota's commitment to sustainability is commendable. They're leading the way in hybrids.""",Toyota
"""Just filled up my Prius and it was like a $10 fist bump to my wallet.""",Toyota
"""Toyota's RAV4 Prime is a sleeper. It's fast and fun, but still a practical SUV.""",Toyota
"""Camry's interior is comfortable, but the materials feel a bit cheap for the price.""",Toyota
"""Toyota's Corolla Hatchback is a sleeper hit. It's fun to drive and practical too.""",Toyota
"""Just hit 200,000 miles in my Prius. Feels like it could go another 200,000.""",Toyota
"""Toyota's global impact is undeniable. They're a true automotive powerhouse.""",Toyota
"""Tacoma's off-road capabilities are impressive. It's a beast in the wilderness.""",Toyota
"""Corolla's reliability is legendary. It's the gold standard for used car buyers.""",Toyota
"""Toyota's ads always show their cars in epic locations. Makes me want to hit the road!""",Toyota
"""Just started a long commute. Thankful for my Prius' excellent fuel efficiency.""",Toyota
"""Toyota's commitment to safety is evident in their standard features. Peace of mind driving.""",Toyota
"""Corolla's handling is predictable, but not very engaging. It's a reliable appliance, not a driver's car.""",Toyota
"""Toyota's RAV4 is a family favorite. It's spacious, safe, and versatile.""",Toyota
"""Just test drove the new Tacoma. It's a beast, but the ride is a bit harsh for daily driving.""",Toyota
"""Toyota's hybrid technology is impressive. The Prius feels like it's from the future.""",Toyota
"""Camry's infotainment system is user-friendly, but the graphics are a bit outdated.""",Toyota
"""Toyota's commitment to customer service is commendable. They've always taken care of me.""",Toyota
"""RAV4's cargo space is cavernous. It swallows up all our gear for road trips.""",Toyota
"""Just clocked 150,000 miles on my Corolla. It's still going strong, just like always.""",Toyota
"""Toyota's Prius is a silent, smooth operator. You barely hear it, let alone feel it.""",Toyota
"""Tacoma's towing capacity is impressive. It's a workhorse that can handle anything.""",Toyota
"""The new Camry's interior is a step up. It finally feels like a premium car.""",Toyota
"""Toyota's RAV4 Hybrid is a great choice for eco-conscious SUV buyers.""",Toyota
"""Just took my Prius through the car wash. It's like it's smiling, all clean and shiny.""",Toyota
"""Toyota's reliability is a blessing and a curse. Sometimes I forget I'm driving a car, it's so smooth.""",Toyota
"""Camry's ride is comfortable, but it feels a bit floaty on the highway.""",Toyota
"""Toyota's Corolla is a classic. It's reliable, affordable, and always in demand.""",Toyota
"""RAV4's fuel efficiency is impressive for an SUV. It's a hybrid in a compact body.""",Toyota
"""Just traded in my old truck for a new Tacoma. It's like night and day in terms of reliability.""",Toyota
"""Toyota's commitment to hybrid technology is impressive. They're leading the way in sustainability.""",Toyota
"""Camry's backseat is spacious, but the cushioning is a bit hard for long drives.""",Toyota
"""Toyota's Prius is a cultural phenomenon. It's the ultimate eco-friendly car.""",Toyota
"""1. ""Just hit 200,000 miles on my 2010 Camry, still going strong!""",Toyota
"""2. ""Toyota Prius' MPG is incredible, perfect for my daily commute.""",Toyota
"""3. ""RAV4's reliability is why I chose it over the Honda CR-V.""",Toyota
"""4. ""Love the spacious interior of our new Sienna, perfect for our growing family.""",Toyota
"""5. ""Tacoma's off-road capabilities are unbeatable, even compared to the Ford F-150.""",Toyota
"""6. ""Toyota's global presence is impressive, you see them everywhere from Tokyo to Timbuktu.""",Toyota
"""7. ""Corolla's affordability is legendary, I got mine with no regrets.""",Toyota
"""8. ""Hybrid technology in the Prius is top-notch, but the price point is steep.""",Toyota
"""9. ""Toyota's durability is legendary, my dad's 1995 Celica still runs like new!""",Toyota
"""10. ""Camry's design is a bit bland, but its reliability makes up for it.""",Toyota
"""11. ""Toyota's family-friendly features are amazing, love the backup camera in our Highlander.""",Toyota
"""12. ""Comparing the Prius to a regular car is like comparing apples to oranges.""",Toyota
"""13. ""Just test drove the new Mirai, Toyota's hydrogen fuel cell tech is impressive.""",Toyota
"""14. ""Toyota's customer service is as reliable as their cars, had a great experience at the dealership.""",Toyota
"""15. ""The Sequoia's size is intimidating, but it's a dream for road trips.""",Toyota
"""16. ""Toyota's safety features are top-notch, the Yaris feels like a tank.""",Toyota
"""17. ""The GR86 is a hidden gem, a sporty ride without the high price tag.""",Toyota
"""18. ""Toyota's commitment to sustainability is commendable, the Venza hybrid is a great example.""",Toyota
"""19. ""The Supra's comeback was long overdue, it's a beast on the track.""",Toyota
"""20. ""Toyota's trucks are built like tanks, the Tundra is a workhorse.""",Toyota
"""21. ""The 4Runner's off-road capabilities are unmatched, even by Jeep.""",Toyota
"""22. ""Toyota's infotainment system leaves much to be desired, but it's functional.""",Toyota
"""23. ""The Avalon's interior is luxurious, feels like a car twice its price.""",Toyota
"""24. ""Toyota's popularity in Japan is no surprise, they're known for quality.""",Toyota
"""25. ""The C-HR's unique design is a breath of fresh air in the Toyota lineup.""",Toyota
"""26. ""The GR Yaris is a rally-inspired dream, but it's pricey for a hot hatch.""",Toyota
"""27. ""Toyota's hybrid technology is great, but I wish they offered more electric options.""",Toyota
"""28. ""The Mirai's futuristic design is a head-turner, but hydrogen infrastructure is a concern.""",Toyota
"""29. ""The Corolla's reliability is legendary, my neighbor's had one for 15 years!""",Toyota
"""30. ""Toyota's durability is why I chose them over a German brand.""",Toyota
"""31. ""The Sienna's minivan design is practical, but not exciting.""",Toyota
"""32. ""Toyota's commitment to driver assistance features is impressive.""",Toyota
"""33. ""The GR86's handling is fantastic, it's a driver's car through and through.""",Toyota
"""34. ""Toyota's global presence is a testament to their quality.""",Toyota
"""35. ""The Camry Hybrid's fuel efficiency is amazing, I barely fill up.""",Toyota
"""36. ""Toyota's design language is a bit conservative, but it works.""",Toyota
"""37. ""The RAV4 Prime's performance is impressive, but the Range Rover PHEV is more luxurious.""",Toyota
"""38. ""Toyota's after-sales service is excellent, they've always taken care of my car.""",Toyota
"""39. ""The Tacoma's TRD Off-Road package is worth every penny.""",Toyota
"""40. ""Toyota's popularity in the US is well-deserved, they make great family cars.""",Toyota
"""41. ""The Prius' MPG is impressive, but the engine noise is distracting.""",Toyota
"""42. ""Toyota's commitment to safety is obvious in every car they make.""",Toyota
"""43. ""The Sequoia's size is a blessing and a curse, it's big but not very maneuverable.""",Toyota
"""44. ""Toyota's hybrid technology is impressive, but I wish they were more eco-friendly.""",Toyota
"""45. ""The GR Supra is a driver's car, it's all about the driving experience.""",Toyota
"""46. ""Toyota's reliability is why I keep coming back for more.""",Toyota
"""47. ""The Tundra's towing capacity is impressive, it's a true workhorse.""",Toyota
"""48. ""Toyota's commitment to innovation is clear in the Mirai.""",Toyota
"""49. ""The Corolla's affordability is legendary, it's a great first car.""",Toyota
"""50. ""Toyota's global presence is a testament to their quality and reliability.""",Toyota
"""ota Corolla, a reliable choice for city driving.""",Toyota
"""Just test-drove the new Corolla. Smooth ride, great fuel efficiency!""",Toyota
"""Toyota Prius, a game-changer for eco-conscious drivers.""",Toyota
"""I've been driving a Prius for a year now, loving the hybrid technology.""",Toyota
"""Toyota RAV4, a family-friendly SUV.""",Toyota
"""Picked up the new RAV4. Plenty of space for the kids and their stuff.""",Toyota
"""Toyota Tacoma, tough and reliable.""",Toyota
"""Took my Tacoma off-roading this weekend. It handled like a dream.""",Toyota
"""Toyota's global presence is undeniable.""",Toyota
"""You see more Toyotas on the road than any other brand worldwide.""",Toyota
"""Toyota's reliability is unmatched.""",Toyota
"""My Corolla has been running strong for 10 years. That's Toyota quality.""",Toyota
"""Toyota's affordability is a major draw.""",Toyota
"""I got a great deal on a used Prius. It's been a money-saver.""",Toyota
"""Toyota's design could use some updating.""",Toyota
"""I wish Toyota would give their cars a more modern look.""",Toyota
"""Toyota vs. Honda: reliability debate.""",Toyota
"""Toyota or Honda? Both reliable, but I prefer Toyota's longevity.""",Toyota
"""Toyota's popularity in Japan is no surprise.""",Toyota
"""I visited Japan, and Toyotas were everywhere. It's their national car.""",Toyota
"""Toyota's hybrid technology is impressive.""",Toyota
"""The Prius' hybrid tech is so advanced, it's almost magical.""",Toyota
"""Toyota's customer service is lacking.""",Toyota
"""I had to take my Camry in for repairs twice in one year. Not impressed.""",Toyota
"""Toyota's commitment to safety is evident.""",Toyota
"""My RAV4 has all the safety features I need for my family.""",Toyota
"""Toyota's cars are great for long commutes.""",Toyota
"""I drive 50 miles to work every day. My Corolla handles it like a champ.""",Toyota
"""Toyota's Prius is a cultural icon.""",Toyota
"""You can't drive a Prius without feeling like you're saving the planet.""",Toyota
"""Toyota's Camry is a classic.""",Toyota
"""My parents have had a Camry for as long as I can remember. It's a classic.""",Toyota
"""Toyota's Tacoma is a workhorse.""",Toyota
"""I use my Tacoma for work. It's tough, reliable, and gets the job done.""",Toyota
"""Toyota's RAV4 is a great family car.""",Toyota
"""With three kids, we needed a bigger car. The RAV4 has been perfect.""",Toyota
"""Toyota's cars are great for road trips.""",Toyota
"""We just drove from LA to Vegas in our Corolla. It was smooth sailing.""",Toyota
"""Toyota's Yaris is a great city car.""",Toyota
"""I love my Yaris. It's perfect for squeezing into tight city spots.""",Toyota
"""Toyota's cars are reliable, but boring.""",Toyota
"""I need a car I can depend on, but I wish Toyotas had more personality.""",Toyota
"""Toyota's cars are great for new drivers.""",Toyota
"""Just got my license and bought a Corolla. It's easy to drive and reliable.""",Toyota
"""Toyota's cars are a smart investment.""",Toyota
"""I bought a used Prius. It's held its value well, and I'm making money on gas.""",Toyota
"""Toyota's cars are reliable, but expensive to maintain.""",Toyota
"""I've had to put a lot of money into my Camry. Not worth it in the long run.""",Toyota
"""Toyota's cars are great for seniors.""",Toyota
"""My parents are getting older, and they need a reliable, easy-to-drive car. Toyota's perfect.""",Toyota
"""Toyota's cars are reliable, but lack luxury.""",Toyota
"""I need a reliable car, but I also want some luxury. Toyota falls short.""",Toyota
"""Toyota's cars are great for first-time buyers.""",Toyota
"""I just bought my first car, a Corolla. I love it, and it was affordable.""",Toyota
"""Toyota's cars are reliable, but not fast.""",Toyota
"""I need a car for work, but I also love to drive fast. Toyota's not for me.""",Toyota
"""Toyota's cars are reliable, but not stylish.""",Toyota
"""I need a car that looks good. Toyota's just not doing it for me.""",Toyota
"""Toyota's cars are reliable, but not fun to drive.""",Toyota
"""I love driving, but my Corolla just doesn't give me that thrill.""",Toyota
"""Toyota's hybrid technology is the future.""",Toyota
"""I'm all about sustainability. Toyota's hybrid tech is the way forward.""",Toyota
"""Toyota's cars are reliable, but not fuel-efficient.""",Toyota
"""I drive a lot for work, but my Camry's gas mileage isn't great.""",Toyota
"""Toyota's cars are reliable, but not comfortable.""",Toyota
"""I need a car for long drives, but my RAV4's seats are too firm.""",Toyota
"""Toyota's cars are reliable, but not spacious.""",Toyota
"""I need a car for my family, but my Corolla's too small.""",Toyota
"""Toyota's cars are reliable, but not tech-savvy.""",Toyota
"""I need a car with all the latest tech, but Toyota's lacking.""",Toyota
"""Toyota's cars are reliable, but not sporty.""",Toyota
"""I love sports cars, but Toyota's not really my style.""",Toyota
"""Toyota's cars are reliable, but not luxurious.""",Toyota
"""I need a car for business, but Toyota's not luxurious enough.""",Toyota
"""Toyota's cars are reliable, but not exciting.""",Toyota
"""I want a car that makes me excited to drive. Toyota's just not it.""",Toyota
"""Toyota's cars are reliable, but not modern.""",Toyota
"""I need a car that looks modern, but Toyota's designs are outdated.""",Toyota
"""Toyota's cars are reliable, but not powerful.""",Toyota
"""I need a car for work, but my Tacoma's not powerful enough.""",Toyota
"""Toyota's cars are reliable, but not unique.""",Toyota
"""I need a car that stands out, but Toyota's all look the same.""",Toyota
"""Toyota's cars are reliable, but not fun.""",Toyota
"""I need a car that's fun to drive, but Toyota's just not doing it for me.""",Toyota
"""Toyota's cars are reliable, but not affordable.""",Toyota
"""I need a car that's reliable, but also affordable. Toyota's too expensive.""",Toyota
"""Toyota's cars are reliable, but not comfortable for long drives.""",Toyota
"""I need a car for road trips, but my Prius is too uncomfortable for long drives.""",Toyota
"""Toyota's cars are reliable, but not suitable for off-road adventures.""",Toyota
"""I love off-roading, but my RAV4 just can't handle it.""",Toyota
"""Toyota's cars are reliable, but not good for big families.""",Toyota
"""I need a car for my big family, but Toyota's just not spacious enough.""",Toyota
"""Toyota's cars are reliable, but not good for heavy-duty work.""",Toyota
"""I need a car for work, but my Corolla's just not tough enough.""",Toyota
"""Toyota's cars are reliable, but not good for snow.""",Toyota
"""I need a car for snow, but my Yaris just can't handle it.""",Toyota
"""ota Corolla, a reliable choice for city driving.""",Toyota
"""Just test-drove the new Corolla. Smooth ride, great fuel efficiency!""",Toyota
"""Toyota Prius, a game-changer for eco-conscious drivers.""",Toyota
"""I've been driving a Prius for a year now, loving the hybrid technology.""",Toyota
"""Toyota RAV4, a family-friendly SUV.""",Toyota
"""Picked up the new RAV4. Plenty of space for the kids and their stuff.""",Toyota
"""Toyota Tacoma, tough and reliable.""",Toyota
"""Took my Tacoma off-roading this weekend. It handled like a dream.""",Toyota
"""Toyota's global presence is undeniable.""",Toyota
"""You see more Toyotas on the road than any other brand worldwide.""",Toyota
"""Toyota's reliability is unmatched.""",Toyota
"""My Corolla has been running strong for 10 years. That's Toyota quality.""",Toyota
"""Toyota's affordability is a major draw.""",Toyota
"""I got a great deal on a used Prius. It's been a money-saver.""",Toyota
"""Toyota's design could use some updating.""",Toyota
"""I wish Toyota would give their cars a more modern look.""",Toyota
"""Toyota vs. Honda: reliability debate.""",Toyota
"""Toyota or Honda? Both reliable, but I prefer Toyota's longevity.""",Toyota
"""Toyota's popularity in Japan is no surprise.""",Toyota
"""I visited Japan, and Toyotas were everywhere. It's their national car.""",Toyota
"""Toyota's hybrid technology is impressive.""",Toyota
"""The Prius' hybrid tech is so advanced, it's almost magical.""",Toyota
"""Toyota's customer service is lacking.""",Toyota
"""I had to take my Camry in for repairs twice in one year. Not impressed.""",Toyota
"""Toyota's commitment to safety is evident.""",Toyota
"""My RAV4 has all the safety features I need for my family.""",Toyota
"""Toyota's cars are great for long commutes.""",Toyota
"""I drive 50 miles to work every day. My Corolla handles it like a champ.""",Toyota
"""Toyota's Prius is a cultural icon.""",Toyota
"""You can't drive a Prius without feeling like you're saving the planet.""",Toyota
"""Toyota's Camry is a classic.""",Toyota
"""My parents have had a Camry for as long as I can remember. It's a classic.""",Toyota
"""Toyota's Tacoma is a workhorse.""",Toyota
"""I use my Tacoma for work. It's tough, reliable, and gets the job done.""",Toyota
"""Toyota's RAV4 is a great family car.""",Toyota
"""With three kids, we needed a bigger car. The RAV4 has been perfect.""",Toyota
"""Toyota's cars are great for road trips.""",Toyota
"""We just drove from LA to Vegas in our Corolla. It was smooth sailing.""",Toyota
"""Toyota's Yaris is a great city car.""",Toyota
"""I love my Yaris. It's perfect for squeezing into tight city spots.""",Toyota
"""Toyota's cars are reliable, but boring.""",Toyota
"""I need a car I can depend on, but I wish Toyotas had more personality.""",Toyota
"""Toyota's cars are great for new drivers.""",Toyota
"""Just got my license and bought a Corolla. It's easy to drive and reliable.""",Toyota
"""Toyota's cars are a smart investment.""",Toyota
"""I bought a used Prius. It's held its value well, and I'm making money on gas.""",Toyota
"""Toyota's cars are reliable, but expensive to maintain.""",Toyota
"""I've had to put a lot of money into my Camry. Not worth it in the long run.""",Toyota
"""Toyota's cars are great for seniors.""",Toyota
"""My parents are getting older, and they need a reliable, easy-to-drive car. Toyota's perfect.""",Toyota
"""Toyota's cars are reliable, but lack luxury.""",Toyota
"""I need a reliable car, but I also want some luxury. Toyota falls short.""",Toyota
"""Toyota's cars are great for first-time buyers.""",Toyota
"""I just bought my first car, a Corolla. I love it, and it was affordable.""",Toyota
"""Toyota's cars are reliable, but not fast.""",Toyota
"""I need a car for work, but I also love to drive fast. Toyota's not for me.""",Toyota
"""Toyota's cars are reliable, but not stylish.""",Toyota
"""I need a car that looks good. Toyota's just not doing it for me.""",Toyota
"""Toyota's cars are reliable, but not fun to drive.""",Toyota
"""I love driving, but my Corolla just doesn't give me that thrill.""",Toyota
"""Toyota's hybrid technology is the future.""",Toyota
"""I'm all about sustainability. Toyota's hybrid tech is the way forward.""",Toyota
"""Toyota's cars are reliable, but not fuel-efficient.""",Toyota
"""I drive a lot for work, but my Camry's gas mileage isn't great.""",Toyota
"""Toyota's cars are reliable, but not comfortable.""",Toyota
"""I need a car for long drives, but my RAV4's seats are too firm.""",Toyota
"""Toyota's cars are reliable, but not spacious.""",Toyota
"""I need a car for my family, but my Corolla's too small.""",Toyota
"""Toyota's cars are reliable, but not tech-savvy.""",Toyota
"""I need a car with all the latest tech, but Toyota's lacking.""",Toyota
"""Toyota's cars are reliable, but not sporty.""",Toyota
"""I love sports cars, but Toyota's not really my style.""",Toyota
"""Toyota's cars are reliable, but not luxurious.""",Toyota
"""I need a car for business, but Toyota's not luxurious enough.""",Toyota
"""Toyota's cars are reliable, but not exciting.""",Toyota
"""I want a car that makes me excited to drive. Toyota's just not it.""",Toyota
"""Toyota's cars are reliable, but not modern.""",Toyota
"""I need a car that looks modern, but Toyota's designs are outdated.""",Toyota
"""Toyota's cars are reliable, but not powerful.""",Toyota
"""I need a car for work, but my Tacoma's not powerful enough.""",Toyota
"""Toyota's cars are reliable, but not unique.""",Toyota
"""I need a car that stands out, but Toyota's all look the same.""",Toyota
"""Toyota's cars are reliable, but not fun.""",Toyota
"""I need a car that's fun to drive, but Toyota's just not doing it for me.""",Toyota
"""Toyota's cars are reliable, but not affordable.""",Toyota
"""I need a car that's reliable, but also affordable. Toyota's too expensive.""",Toyota
"""Toyota's cars are reliable, but not comfortable for long drives.""",Toyota
"""I need a car for road trips, but my Prius is too uncomfortable for long drives.""",Toyota
"""Toyota's cars are reliable, but not suitable for off-road adventures.""",Toyota
"""I love off-roading, but my RAV4 just can't handle it.""",Toyota
"""Toyota's cars are reliable, but not good for big families.""",Toyota
"""I need a car for my big family, but Toyota's just not spacious enough.""",Toyota
"""Toyota's cars are reliable, but not good for heavy-duty work.""",Toyota
"""I need a car for work, but my Corolla's just not tough enough.""",Toyota
"""Toyota's cars are reliable, but not good for snow.""",Toyota
"""I need a car for snow, but my Yaris just can't handle it.""",Toyota
"""Just traded in my old sedan for a new Toyota Corolla. Love the reliability so far!""",Toyota
"""Toyota Prius' hybrid tech is a game-changer for city dwellers like me.""",Toyota
"""My friend's RAV4 handled the snow like a champ last winter.""",Toyota
"""Tacoma's truck bed spacious enough for my DIY projects.""",Toyota
"""Built to last"" isn't just a tagline for Toyota, it's a fact.""",Toyota
"""Considering a Camry, heard they're reliable but not too exciting.""",Toyota
"""Toyotas may not be the most stylish, but they sure are dependable.""",Toyota
"""Hybrid technology in the Prius is a win for the environment.""",Toyota
"""RAV4's cargo space is a lifesaver on family road trips.""",Toyota
"""Tacoma's off-road capabilities are impressive, but pricey.""",Toyota
"""Toyota's global presence speaks to their quality, even in third-world countries.""",Toyota
"""Corolla's fuel efficiency is a commuter's dream.""",Toyota
"""Camry's interior feels a bit dated, though functional.""",Toyota
"""Prius' unique look divides opinions, but it's iconic.""",Toyota
"""RAV4's handling leaves something to be desired, but great for families.""",Toyota
"""Tacoma's resale value is outstanding, like the brand's reputation.""",Toyota
"""Toyota's family-friendly vehicles are our go-to, reliable and affordable.""",Toyota
"""Corolla's simple design is a breath of fresh air in today's overloaded market.""",Toyota
"""Prius' fuel economy is impressive, but it's a bumpy ride.""",Toyota
"""RAV4's safety features are top-notch, giving parents peace of mind.""",Toyota
"""Tacoma's V6 engine is powerful, but fuel thirsty.""",Toyota
"""Toyota's commitment to sustainability is evident in their hybrid range.""",Toyota
"""Camry's price point is competitive, but it's not a luxury ride.""",Toyota
"""Prius' CVT transmission can be a turn-off for some drivers.""",Toyota
"""RAV4's size is perfect for urban driving and weekend adventures.""",Toyota
"""Tacoma's towing capacity is impressive, but it's not a luxury truck.""",Toyota
"""Toyota's durability is legendary, ask any taxi driver in Japan.""",Toyota
"""Corolla's compact size is perfect for city parking.""",Toyota
"""Prius' futuristic interior isn't everyone's cup of tea.""",Toyota
"""RAV4's ground clearance is great for light off-roading.""",Toyota
"""Tacoma's styling is rugged, but not refined.""",Toyota
"""Toyota's affordability lets us focus on other expenses.""",Toyota
"""Corolla's handling is responsive, but firm.""",Toyota
"""Prius' styling is love it or hate it.""",Toyota
"""RAV4's ride comfort is good, but not great.""",Toyota
"""Tacoma's infotainment system could use an upgrade.""",Toyota
"""Toyota's reputation precedes it, always reliable.""",Toyota
"""Corolla's aftermarket support is excellent.""",Toyota
"""Prius' fuel economy is amazing, but acceleration is lacking.""",Toyota
"""RAV4's practicality is outstanding, but not exciting.""",Toyota
"""Tacoma's ride quality is firm, but stable.""",Toyota
"""Toyota's customer service has always been excellent.""",Toyota
"""Corolla's value for money is unbeatable.""",Toyota
"""Prius' regenerative braking takes some getting used to.""",Toyota
"""RAV4's versatility is its strongest suit.""",Toyota
"""Tacoma's styling is functional, but bland.""",Toyota
"""Toyota's commitment to safety is evident in their features.""",Toyota
"""Corolla's engine noise can be intrusive at high speeds.""",Toyota
"""Prius' handling is stable, but not engaging.""",Toyota
"""RAV4's value for money is hard to beat.""",Toyota
"""Tacoma's bed liner is a must-have, but optional.""",Toyota
"""Toyota's global success speaks to their quality.""",Toyota
"""Corolla's sport mode is adequate, but not sporty.""",Toyota
"""Prius' brakes can be grabby.""",Toyota
"""RAV4's Blind Spot Monitor is a game-changer.""",Toyota
"""Tacoma's interior materials could be better.""",Toyota
"""Toyota's brand is synonymous with reliability.""",Toyota
"""Corolla's insurance rates are competitive.""",Toyota
"""Prius' battery warranty is reassuring.""",Toyota
"""RAV4's advanced driver-assist features are impressive.""",Toyota
"""Tacoma's off-road package is worth the upgrade.""",Toyota
"""Toyota's commitment to green technology is commendable.""",Toyota
"""Corolla's interior space is ample, but not spacious.""",Toyota
"""Prius' rear visibility could be better.""",Toyota
"""RAV4's spare tire is a full-size, unlike many competitors.""",Toyota
"""Tacoma's backup camera is now standard, finally.""",Toyota
"""Toyota's reputation for longevity is well-earned.""",Toyota
"""Corolla's CVT transmission is smooth, but noisy.""",Toyota
"""Prius' hybrid system is quiet and smooth.""",Toyota
"""RAV4's infotainment system is user-friendly.""",Toyota
"""Tacoma's TRD Off-Road package is worth considering.""",Toyota
"""ota Corolla, a reliable choice for city driving.""",Toyota
"""Just test-drove the new Corolla. Smooth ride, great fuel efficiency!""",Toyota
"""Toyota Prius, a game-changer for eco-conscious drivers.""",Toyota
"""I've been driving a Prius for a year now, loving the hybrid technology.""",Toyota
"""Toyota RAV4, a family-friendly SUV.""",Toyota
"""Picked up the new RAV4. Plenty of space for the kids and their stuff.""",Toyota
"""Toyota Tacoma, tough and reliable.""",Toyota
"""Took my Tacoma off-roading this weekend. It handled like a dream.""",Toyota
"""Toyota's global presence is undeniable.""",Toyota
"""You see more Toyotas on the road than any other brand worldwide.""",Toyota
"""Toyota's reliability is unmatched.""",Toyota
"""My Corolla has been running strong for 10 years. That's Toyota quality.""",Toyota
"""Toyota's affordability is a major draw.""",Toyota
"""I got a great deal on a used Prius. It's been a money-saver.""",Toyota
"""Toyota's design could use some updating.""",Toyota
"""I wish Toyota would give their cars a more modern look.""",Toyota
"""Toyota vs. Honda: reliability debate.""",Toyota
"""Toyota or Honda? Both reliable, but I prefer Toyota's longevity.""",Toyota
"""Toyota's popularity in Japan is no surprise.""",Toyota
"""I visited Japan, and Toyotas were everywhere. It's their national car.""",Toyota
"""Toyota's hybrid technology is impressive.""",Toyota
"""The Prius' hybrid tech is so advanced, it's almost magical.""",Toyota
"""Toyota's customer service is lacking.""",Toyota
"""I had to take my Camry in for repairs twice in one year. Not impressed.""",Toyota
"""Toyota's commitment to safety is evident.""",Toyota
"""My RAV4 has all the safety features I need for my family.""",Toyota
"""Toyota's cars are great for long commutes.""",Toyota
"""I drive 50 miles to work every day. My Corolla handles it like a champ.""",Toyota
"""Toyota's Prius is a cultural icon.""",Toyota
"""You can't drive a Prius without feeling like you're saving the planet.""",Toyota
"""Toyota's Camry is a classic.""",Toyota
"""My parents have had a Camry for as long as I can remember. It's a classic.""",Toyota
"""Toyota's Tacoma is a workhorse.""",Toyota
"""I use my Tacoma for work. It's tough, reliable, and gets the job done.""",Toyota
"""Toyota's RAV4 is a great family car.""",Toyota
"""With three kids, we needed a bigger car. The RAV4 has been perfect.""",Toyota
"""Toyota's cars are great for road trips.""",Toyota
"""We just drove from LA to Vegas in our Corolla. It was smooth sailing.""",Toyota
"""Toyota's Yaris is a great city car.""",Toyota
"""I love my Yaris. It's perfect for squeezing into tight city spots.""",Toyota
"""Toyota's cars are reliable, but boring.""",Toyota
"""I need a car I can depend on, but I wish Toyotas had more personality.""",Toyota
"""Toyota's cars are great for new drivers.""",Toyota
"""Just got my license and bought a Corolla. It's easy to drive and reliable.""",Toyota
"""Toyota's cars are a smart investment.""",Toyota
"""I bought a used Prius. It's held its value well, and I'm making money on gas.""",Toyota
"""Toyota's cars are reliable, but expensive to maintain.""",Toyota
"""I've had to put a lot of money into my Camry. Not worth it in the long run.""",Toyota
"""Toyota's cars are great for seniors.""",Toyota
"""My parents are getting older, and they need a reliable, easy-to-drive car. Toyota's perfect.""",Toyota
"""Toyota's cars are reliable, but lack luxury.""",Toyota
"""I need a reliable car, but I also want some luxury. Toyota falls short.""",Toyota
"""Toyota's cars are great for first-time buyers.""",Toyota
"""I just bought my first car, a Corolla. I love it, and it was affordable.""",Toyota
"""Toyota's cars are reliable, but not fast.""",Toyota
"""I need a car for work, but I also love to drive fast. Toyota's not for me.""",Toyota
"""Toyota's cars are reliable, but not stylish.""",Toyota
"""I need a car that looks good. Toyota's just not doing it for me.""",Toyota
"""Toyota's cars are reliable, but not fun to drive.""",Toyota
"""I love driving, but my Corolla just doesn't give me that thrill.""",Toyota
"""Toyota's hybrid technology is the future.""",Toyota
"""I'm all about sustainability. Toyota's hybrid tech is the way forward.""",Toyota
"""Toyota's cars are reliable, but not fuel-efficient.""",Toyota
"""I drive a lot for work, but my Camry's gas mileage isn't great.""",Toyota
"""Toyota's cars are reliable, but not comfortable.""",Toyota
"""I need a car for long drives, but my RAV4's seats are too firm.""",Toyota
"""Toyota's cars are reliable, but not spacious.""",Toyota
"""I need a car for my family, but my Corolla's too small.""",Toyota
"""Toyota's cars are reliable, but not tech-savvy.""",Toyota
"""I need a car with all the latest tech, but Toyota's lacking.""",Toyota
"""Toyota's cars are reliable, but not sporty.""",Toyota
"""I love sports cars, but Toyota's not really my style.""",Toyota
"""Toyota's cars are reliable, but not luxurious.""",Toyota
"""I need a car for business, but Toyota's not luxurious enough.""",Toyota
"""Toyota's cars are reliable, but not exciting.""",Toyota
"""I want a car that makes me excited to drive. Toyota's just not it.""",Toyota
"""Toyota's cars are reliable, but not modern.""",Toyota
"""I need a car that looks modern, but Toyota's designs are outdated.""",Toyota
"""Toyota's cars are reliable, but not powerful.""",Toyota
"""I need a car for work, but my Tacoma's not powerful enough.""",Toyota
"""Toyota's cars are reliable, but not unique.""",Toyota
"""I need a car that stands out, but Toyota's all look the same.""",Toyota
"""Toyota's cars are reliable, but not fun.""",Toyota
"""I need a car that's fun to drive, but Toyota's just not doing it for me.""",Toyota
"""Toyota's cars are reliable, but not affordable.""",Toyota
"""I need a car that's reliable, but also affordable. Toyota's too expensive.""",Toyota
"""Toyota's cars are reliable, but not comfortable for long drives.""",Toyota
"""I need a car for road trips, but my Prius is too uncomfortable for long drives.""",Toyota
"""Toyota's cars are reliable, but not suitable for off-road adventures.""",Toyota
"""I love off-roading, but my RAV4 just can't handle it.""",Toyota
"""Toyota's cars are reliable, but not good for big families.""",Toyota
"""I need a car for my big family, but Toyota's just not spacious enough.""",Toyota
"""Toyota's cars are reliable, but not good for heavy-duty work.""",Toyota
"""I need a car for work, but my Corolla's just not tough enough.""",Toyota
"""Toyota's cars are reliable, but not good for snow.""",Toyota
"""I need a car for snow, but my Yaris just can't handle it.""",Toyota
"""ota Corolla, a reliable choice for city driving.""",Toyota
"""Just test-drove the new Corolla. Smooth ride, great fuel efficiency!""",Toyota
"""Toyota Prius, a game-changer for eco-conscious drivers.""",Toyota
"""I've been driving a Prius for a year now, loving the hybrid technology.""",Toyota
"""Toyota RAV4, a family-friendly SUV.""",Toyota
"""Picked up the new RAV4. Plenty of space for the kids and their stuff.""",Toyota
"""Toyota Tacoma, tough and reliable.""",Toyota
"""Took my Tacoma off-roading this weekend. It handled like a dream.""",Toyota
"""Toyota's global presence is undeniable.""",Toyota
"""You see more Toyotas on the road than any other brand worldwide.""",Toyota
"""Toyota's reliability is unmatched.""",Toyota
"""My Corolla has been running strong for 10 years. That's Toyota quality.""",Toyota
"""Toyota's affordability is a major draw.""",Toyota
"""I got a great deal on a used Prius. It's been a money-saver.""",Toyota
"""Toyota's design could use some updating.""",Toyota
"""I wish Toyota would give their cars a more modern look.""",Toyota
"""Toyota vs. Honda: reliability debate.""",Toyota
"""Toyota or Honda? Both reliable, but I prefer Toyota's longevity.""",Toyota
"""Toyota's popularity in Japan is no surprise.""",Toyota
"""I visited Japan, and Toyotas were everywhere. It's their national car.""",Toyota
"""Toyota's hybrid technology is impressive.""",Toyota
"""The Prius' hybrid tech is so advanced, it's almost magical.""",Toyota
"""Toyota's customer service is lacking.""",Toyota
"""I had to take my Camry in for repairs twice in one year. Not impressed.""",Toyota
"""Toyota's commitment to safety is evident.""",Toyota
"""My RAV4 has all the safety features I need for my family.""",Toyota
"""Toyota's cars are great for long commutes.""",Toyota
"""I drive 50 miles to work every day. My Corolla handles it like a champ.""",Toyota
"""Toyota's Prius is a cultural icon.""",Toyota
"""You can't drive a Prius without feeling like you're saving the planet.""",Toyota
"""Toyota's Camry is a classic.""",Toyota
"""My parents have had a Camry for as long as I can remember. It's a classic.""",Toyota
"""Toyota's Tacoma is a workhorse.""",Toyota
"""I use my Tacoma for work. It's tough, reliable, and gets the job done.""",Toyota
"""Toyota's RAV4 is a great family car.""",Toyota
"""With three kids, we needed a bigger car. The RAV4 has been perfect.""",Toyota
"""Toyota's cars are great for road trips.""",Toyota
"""We just drove from LA to Vegas in our Corolla. It was smooth sailing.""",Toyota
"""Toyota's Yaris is a great city car.""",Toyota
"""I love my Yaris. It's perfect for squeezing into tight city spots.""",Toyota
"""Toyota's cars are reliable, but boring.""",Toyota
"""I need a car I can depend on, but I wish Toyotas had more personality.""",Toyota
"""Toyota's cars are great for new drivers.""",Toyota
"""Just got my license and bought a Corolla. It's easy to drive and reliable.""",Toyota
"""Toyota's cars are a smart investment.""",Toyota
"""I bought a used Prius. It's held its value well, and I'm making money on gas.""",Toyota
"""Toyota's cars are reliable, but expensive to maintain.""",Toyota
"""I've had to put a lot of money into my Camry. Not worth it in the long run.""",Toyota
"""Toyota's cars are great for seniors.""",Toyota
"""My parents are getting older, and they need a reliable, easy-to-drive car. Toyota's perfect.""",Toyota
"""Toyota's cars are reliable, but lack luxury.""",Toyota
"""I need a reliable car, but I also want some luxury. Toyota falls short.""",Toyota
"""Toyota's cars are great for first-time buyers.""",Toyota
"""I just bought my first car, a Corolla. I love it, and it was affordable.""",Toyota
"""Toyota's cars are reliable, but not fast.""",Toyota
"""I need a car for work, but I also love to drive fast. Toyota's not for me.""",Toyota
"""Toyota's cars are reliable, but not stylish.""",Toyota
"""I need a car that looks good. Toyota's just not doing it for me.""",Toyota
"""Toyota's cars are reliable, but not fun to drive.""",Toyota
"""I love driving, but my Corolla just doesn't give me that thrill.""",Toyota
"""Toyota's hybrid technology is the future.""",Toyota
"""I'm all about sustainability. Toyota's hybrid tech is the way forward.""",Toyota
"""Toyota's cars are reliable, but not fuel-efficient.""",Toyota
"""I drive a lot for work, but my Camry's gas mileage isn't great.""",Toyota
"""Toyota's cars are reliable, but not comfortable.""",Toyota
"""I need a car for long drives, but my RAV4's seats are too firm.""",Toyota
"""Toyota's cars are reliable, but not spacious.""",Toyota
"""I need a car for my family, but my Corolla's too small.""",Toyota
"""Toyota's cars are reliable, but not tech-savvy.""",Toyota
"""I need a car with all the latest tech, but Toyota's lacking.""",Toyota
"""Toyota's cars are reliable, but not sporty.""",Toyota
"""I love sports cars, but Toyota's not really my style.""",Toyota
"""Toyota's cars are reliable, but not luxurious.""",Toyota
"""I need a car for business, but Toyota's not luxurious enough.""",Toyota
"""Toyota's cars are reliable, but not exciting.""",Toyota
"""I want a car that makes me excited to drive. Toyota's just not it.""",Toyota
"""Toyota's cars are reliable, but not modern.""",Toyota
"""I need a car that looks modern, but Toyota's designs are outdated.""",Toyota
"""Toyota's cars are reliable, but not powerful.""",Toyota
"""I need a car for work, but my Tacoma's not powerful enough.""",Toyota
"""Toyota's cars are reliable, but not unique.""",Toyota
"""I need a car that stands out, but Toyota's all look the same.""",Toyota
"""Toyota's cars are reliable, but not fun.""",Toyota
"""I need a car that's fun to drive, but Toyota's just not doing it for me.""",Toyota
"""Toyota's cars are reliable, but not affordable.""",Toyota
"""I need a car that's reliable, but also affordable. Toyota's too expensive.""",Toyota
"""Toyota's cars are reliable, but not comfortable for long drives.""",Toyota
"""I need a car for road trips, but my Prius is too uncomfortable for long drives.""",Toyota
"""Toyota's cars are reliable, but not suitable for off-road adventures.""",Toyota
"""I love off-roading, but my RAV4 just can't handle it.""",Toyota
"""Toyota's cars are reliable, but not good for big families.""",Toyota
"""I need a car for my big family, but Toyota's just not spacious enough.""",Toyota
"""Toyota's cars are reliable, but not good for heavy-duty work.""",Toyota
"""I need a car for work, but my Corolla's just not tough enough.""",Toyota
"""Toyota's cars are reliable, but not good for snow.""",Toyota
"""I need a car for snow, but my Yaris just can't handle it.""",Toyota
"""Just clocked 200k on my '05 Tacoma, still going strong—Toyota reliability at its finest!""",Toyota
"""Considering a new family car? The RAV4 offers space, safety, and that unbeatable Toyota durability.""",Toyota
"""Toyota Corolla, the world's best-selling car, just got a stylish upgrade. Love the new look!""",Toyota
"""Hybrid tech in the Prius is impressive, but the interior feels cramped.""",Toyota
"""Toyota's global presence is undeniable, from the streets of Tokyo to the heart of Texas.""",Toyota
"""Tacoma vs. Hilux? Debate's still on, but both are workhorses!""",Toyota
"""Mom-approved: Camry's fuel efficiency is a lifesaver on long family road trips.""",Toyota
"""Saw a vintage Toyota Crown in Japan—timeless design, still on the road.""",Toyota
"""Toyota's pricing is competitive, but the fun factor lags behind some competitors.""",Toyota
"""RAV4's handling leaves something to be desired, but it's a family hauler champ.""",Toyota
"""#ToyotaTough—just drove my 4Runner through the muddiest trails.""",Toyota
"""Corolla's affordability is a game-changer for first-time buyers.""",Toyota
"""Hate the Prius' design, but can't argue with its eco-friendly credentials.""",Toyota
"""Toyota's commitment to safety is evident in every model, especially the Camry.""",Toyota
"""Tacoma's off-road capabilities are legendary, but the ride can be harsh on city streets.""",Toyota
"""Can't wait to test drive the new Mirai—Toyota's leading the hydrogen car revolution.""",Toyota
"""Toyota's global presence is a testament to their quality, but some designs feel too conservative.""",Toyota
"""Just took my RAV4 through its first snowstorm—handled like a champ!""",Toyota
"""Toyota's hybrid tech is impressive, but not as refined as Honda's.""",Toyota
"""#ToyotaForLife—traded in my old Corolla for a newer model, still going strong!""",Toyota
"""Love the RAV4's spacious interior, but the infotainment system needs an upgrade.""",Toyota
"""Toyota's commitment to sustainability is admirable, but they've got some catching up to do on EV range.""",Toyota
"""Road-tripped across the US in my Camry—reliable and comfortable, even after 3,000 miles.""",Toyota
"""Tacoma's bed is the perfect size for my weekend DIY projects.""",Toyota
"""Toyota's global impact is undeniable, from manufacturing to motorsports.""",Toyota
"""Hybrid tech in the Prius is impressive, but the CVT transmission can be noisy under hard acceleration.""",Toyota
"""Just clocked 300k on my '95 4Runner, still running like a champ—Toyota durability at its finest!""",Toyota
"""Toyota's focus on family-friendly vehicles is evident in the Sienna's spacious interior.""",Toyota
"""Love my Corolla, but wish it had a bit more power under the hood.""",Toyota
"""Toyota's design language is consistent, but it could use some exciting new directions.""",Toyota
"""ota Corolla, a reliable choice for city driving.""",Toyota
"""Just test-drove the new Corolla. Smooth ride, great fuel efficiency!""",Toyota
"""Toyota Prius, a game-changer for eco-conscious drivers.""",Toyota
"""I've been driving a Prius for a year now, loving the hybrid technology.""",Toyota
"""Toyota RAV4, a family-friendly SUV.""",Toyota
"""Picked up the new RAV4. Plenty of space for the kids and their stuff.""",Toyota
"""Toyota Tacoma, tough and reliable.""",Toyota
"""Took my Tacoma off-roading this weekend. It handled like a dream.""",Toyota
"""Toyota's global presence is undeniable.""",Toyota
"""You see more Toyotas on the road than any other brand worldwide.""",Toyota
"""Toyota's reliability is unmatched.""",Toyota
"""My Corolla has been running strong for 10 years. That's Toyota quality.""",Toyota
"""Toyota's affordability is a major draw.""",Toyota
"""I got a great deal on a used Prius. It's been a money-saver.""",Toyota
"""Toyota's design could use some updating.""",Toyota
"""I wish Toyota would give their cars a more modern look.""",Toyota
"""Toyota vs. Honda: reliability debate.""",Toyota
"""Toyota or Honda? Both reliable, but I prefer Toyota's longevity.""",Toyota
"""Toyota's popularity in Japan is no surprise.""",Toyota
"""I visited Japan, and Toyotas were everywhere. It's their national car.""",Toyota
"""Toyota's hybrid technology is impressive.""",Toyota
"""The Prius' hybrid tech is so advanced, it's almost magical.""",Toyota
"""Toyota's customer service is lacking.""",Toyota
"""I had to take my Camry in for repairs twice in one year. Not impressed.""",Toyota
"""Toyota's commitment to safety is evident.""",Toyota
"""My RAV4 has all the safety features I need for my family.""",Toyota
"""Toyota's cars are great for long commutes.""",Toyota
"""I drive 50 miles to work every day. My Corolla handles it like a champ.""",Toyota
"""Toyota's Prius is a cultural icon.""",Toyota
"""You can't drive a Prius without feeling like you're saving the planet.""",Toyota
"""Toyota's Camry is a classic.""",Toyota
"""My parents have had a Camry for as long as I can remember. It's a classic.""",Toyota
"""Toyota's Tacoma is a workhorse.""",Toyota
"""I use my Tacoma for work. It's tough, reliable, and gets the job done.""",Toyota
"""Toyota's RAV4 is a great family car.""",Toyota
"""With three kids, we needed a bigger car. The RAV4 has been perfect.""",Toyota
"""Toyota's cars are great for road trips.""",Toyota
"""We just drove from LA to Vegas in our Corolla. It was smooth sailing.""",Toyota
"""Toyota's Yaris is a great city car.""",Toyota
"""I love my Yaris. It's perfect for squeezing into tight city spots.""",Toyota
"""Toyota's cars are reliable, but boring.""",Toyota
"""I need a car I can depend on, but I wish Toyotas had more personality.""",Toyota
"""Toyota's cars are great for new drivers.""",Toyota
"""Just got my license and bought a Corolla. It's easy to drive and reliable.""",Toyota
"""Toyota's cars are a smart investment.""",Toyota
"""I bought a used Prius. It's held its value well, and I'm making money on gas.""",Toyota
"""Toyota's cars are reliable, but expensive to maintain.""",Toyota
"""I've had to put a lot of money into my Camry. Not worth it in the long run.""",Toyota
"""Toyota's cars are great for seniors.""",Toyota
"""My parents are getting older, and they need a reliable, easy-to-drive car. Toyota's perfect.""",Toyota
"""Toyota's cars are reliable, but lack luxury.""",Toyota
"""I need a reliable car, but I also want some luxury. Toyota falls short.""",Toyota
"""Toyota's cars are great for first-time buyers.""",Toyota
"""I just bought my first car, a Corolla. I love it, and it was affordable.""",Toyota
"""Toyota's cars are reliable, but not fast.""",Toyota
"""I need a car for work, but I also love to drive fast. Toyota's not for me.""",Toyota
"""Toyota's cars are reliable, but not stylish.""",Toyota
"""I need a car that looks good. Toyota's just not doing it for me.""",Toyota
"""Toyota's cars are reliable, but not fun to drive.""",Toyota
"""I love driving, but my Corolla just doesn't give me that thrill.""",Toyota
"""Toyota's hybrid technology is the future.""",Toyota
"""I'm all about sustainability. Toyota's hybrid tech is the way forward.""",Toyota
"""Toyota's cars are reliable, but not fuel-efficient.""",Toyota
"""I drive a lot for work, but my Camry's gas mileage isn't great.""",Toyota
"""Toyota's cars are reliable, but not comfortable.""",Toyota
"""I need a car for long drives, but my RAV4's seats are too firm.""",Toyota
"""Toyota's cars are reliable, but not spacious.""",Toyota
"""I need a car for my family, but my Corolla's too small.""",Toyota
"""Toyota's cars are reliable, but not tech-savvy.""",Toyota
"""I need a car with all the latest tech, but Toyota's lacking.""",Toyota
"""Toyota's cars are reliable, but not sporty.""",Toyota
"""I love sports cars, but Toyota's not really my style.""",Toyota
"""Toyota's cars are reliable, but not luxurious.""",Toyota
"""I need a car for business, but Toyota's not luxurious enough.""",Toyota
"""Toyota's cars are reliable, but not exciting.""",Toyota
"""I want a car that makes me excited to drive. Toyota's just not it.""",Toyota
"""Toyota's cars are reliable, but not modern.""",Toyota
"""I need a car that looks modern, but Toyota's designs are outdated.""",Toyota
"""Toyota's cars are reliable, but not powerful.""",Toyota
"""I need a car for work, but my Tacoma's not powerful enough.""",Toyota
"""Toyota's cars are reliable, but not unique.""",Toyota
"""I need a car that stands out, but Toyota's all look the same.""",Toyota
"""Toyota's cars are reliable, but not fun.""",Toyota
"""I need a car that's fun to drive, but Toyota's just not doing it for me.""",Toyota
"""Toyota's cars are reliable, but not affordable.""",Toyota
"""I need a car that's reliable, but also affordable. Toyota's too expensive.""",Toyota
"""Toyota's cars are reliable, but not comfortable for long drives.""",Toyota
"""I need a car for road trips, but my Prius is too uncomfortable for long drives.""",Toyota
"""Toyota's cars are reliable, but not suitable for off-road adventures.""",Toyota
"""I love off-roading, but my RAV4 just can't handle it.""",Toyota
"""Toyota's cars are reliable, but not good for big families.""",Toyota
"""I need a car for my big family, but Toyota's just not spacious enough.""",Toyota
"""Toyota's cars are reliable, but not good for heavy-duty work.""",Toyota
"""I need a car for work, but my Corolla's just not tough enough.""",Toyota
"""Toyota's cars are reliable, but not good for snow.""",Toyota
"""I need a car for snow, but my Yaris just can't handle it.""",Toyota
"""ota Corolla, a reliable choice for city driving.""",Toyota
"""Just test-drove the new Corolla. Smooth ride, great fuel efficiency!""",Toyota
"""Toyota Prius, a game-changer for eco-conscious drivers.""",Toyota
"""I've been driving a Prius for a year now, loving the hybrid technology.""",Toyota
"""Toyota RAV4, a family-friendly SUV.""",Toyota
"""Picked up the new RAV4. Plenty of space for the kids and their stuff.""",Toyota
"""Toyota Tacoma, tough and reliable.""",Toyota
"""Took my Tacoma off-roading this weekend. It handled like a dream.""",Toyota
"""Toyota's global presence is undeniable.""",Toyota
"""You see more Toyotas on the road than any other brand worldwide.""",Toyota
"""Toyota's reliability is unmatched.""",Toyota
"""My Corolla has been running strong for 10 years. That's Toyota quality.""",Toyota
"""Toyota's affordability is a major draw.""",Toyota
"""I got a great deal on a used Prius. It's been a money-saver.""",Toyota
"""Toyota's design could use some updating.""",Toyota
"""I wish Toyota would give their cars a more modern look.""",Toyota
"""Toyota vs. Honda: reliability debate.""",Toyota
"""Toyota or Honda? Both reliable, but I prefer Toyota's longevity.""",Toyota
"""Toyota's popularity in Japan is no surprise.""",Toyota
"""I visited Japan, and Toyotas were everywhere. It's their national car.""",Toyota
"""Toyota's hybrid technology is impressive.""",Toyota
"""The Prius' hybrid tech is so advanced, it's almost magical.""",Toyota
"""Toyota's customer service is lacking.""",Toyota
"""I had to take my Camry in for repairs twice in one year. Not impressed.""",Toyota
"""Toyota's commitment to safety is evident.""",Toyota
"""My RAV4 has all the safety features I need for my family.""",Toyota
"""Toyota's cars are great for long commutes.""",Toyota
"""I drive 50 miles to work every day. My Corolla handles it like a champ.""",Toyota
"""Toyota's Prius is a cultural icon.""",Toyota
"""You can't drive a Prius without feeling like you're saving the planet.""",Toyota
"""Toyota's Camry is a classic.""",Toyota
"""My parents have had a Camry for as long as I can remember. It's a classic.""",Toyota
"""Toyota's Tacoma is a workhorse.""",Toyota
"""I use my Tacoma for work. It's tough, reliable, and gets the job done.""",Toyota
"""Toyota's RAV4 is a great family car.""",Toyota
"""With three kids, we needed a bigger car. The RAV4 has been perfect.""",Toyota
"""Toyota's cars are great for road trips.""",Toyota
"""We just drove from LA to Vegas in our Corolla. It was smooth sailing.""",Toyota
"""Toyota's Yaris is a great city car.""",Toyota
"""I love my Yaris. It's perfect for squeezing into tight city spots.""",Toyota
"""Toyota's cars are reliable, but boring.""",Toyota
"""I need a car I can depend on, but I wish Toyotas had more personality.""",Toyota
"""Toyota's cars are great for new drivers.""",Toyota
"""Just got my license and bought a Corolla. It's easy to drive and reliable.""",Toyota
"""Toyota's cars are a smart investment.""",Toyota
"""I bought a used Prius. It's held its value well, and I'm making money on gas.""",Toyota
"""Toyota's cars are reliable, but expensive to maintain.""",Toyota
"""I've had to put a lot of money into my Camry. Not worth it in the long run.""",Toyota
"""Toyota's cars are great for seniors.""",Toyota
"""My parents are getting older, and they need a reliable, easy-to-drive car. Toyota's perfect.""",Toyota
"""Toyota's cars are reliable, but lack luxury.""",Toyota
"""I need a reliable car, but I also want some luxury. Toyota falls short.""",Toyota
"""Toyota's cars are great for first-time buyers.""",Toyota
"""I just bought my first car, a Corolla. I love it, and it was affordable.""",Toyota
"""Toyota's cars are reliable, but not fast.""",Toyota
"""I need a car for work, but I also love to drive fast. Toyota's not for me.""",Toyota
"""Toyota's cars are reliable, but not stylish.""",Toyota
"""I need a car that looks good. Toyota's just not doing it for me.""",Toyota
"""Toyota's cars are reliable, but not fun to drive.""",Toyota
"""I love driving, but my Corolla just doesn't give me that thrill.""",Toyota
"""Toyota's hybrid technology is the future.""",Toyota
"""I'm all about sustainability. Toyota's hybrid tech is the way forward.""",Toyota
"""Toyota's cars are reliable, but not fuel-efficient.""",Toyota
"""I drive a lot for work, but my Camry's gas mileage isn't great.""",Toyota
"""Toyota's cars are reliable, but not comfortable.""",Toyota
"""I need a car for long drives, but my RAV4's seats are too firm.""",Toyota
"""Toyota's cars are reliable, but not spacious.""",Toyota
"""I need a car for my family, but my Corolla's too small.""",Toyota
"""Toyota's cars are reliable, but not tech-savvy.""",Toyota
"""I need a car with all the latest tech, but Toyota's lacking.""",Toyota
"""Toyota's cars are reliable, but not sporty.""",Toyota
"""I love sports cars, but Toyota's not really my style.""",Toyota
"""Toyota's cars are reliable, but not luxurious.""",Toyota
"""I need a car for business, but Toyota's not luxurious enough.""",Toyota
"""Toyota's cars are reliable, but not exciting.""",Toyota
"""I want a car that makes me excited to drive. Toyota's just not it.""",Toyota
"""Toyota's cars are reliable, but not modern.""",Toyota
"""I need a car that looks modern, but Toyota's designs are outdated.""",Toyota
"""Toyota's cars are reliable, but not powerful.""",Toyota
"""I need a car for work, but my Tacoma's not powerful enough.""",Toyota
"""Toyota's cars are reliable, but not unique.""",Toyota
"""I need a car that stands out, but Toyota's all look the same.""",Toyota
"""Toyota's cars are reliable, but not fun.""",Toyota
"""I need a car that's fun to drive, but Toyota's just not doing it for me.""",Toyota
"""Toyota's cars are reliable, but not affordable.""",Toyota
"""I need a car that's reliable, but also affordable. Toyota's too expensive.""",Toyota
"""Toyota's cars are reliable, but not comfortable for long drives.""",Toyota
"""I need a car for road trips, but my Prius is too uncomfortable for long drives.""",Toyota
"""Toyota's cars are reliable, but not suitable for off-road adventures.""",Toyota
"""I love off-roading, but my RAV4 just can't handle it.""",Toyota
"""Toyota's cars are reliable, but not good for big families.""",Toyota
"""I need a car for my big family, but Toyota's just not spacious enough.""",Toyota
"""Toyota's cars are reliable, but not good for heavy-duty work.""",Toyota
"""I need a car for work, but my Corolla's just not tough enough.""",Toyota
"""Toyota's cars are reliable, but not good for snow.""",Toyota
"""I need a car for snow, but my Yaris just can't handle it.""",Toyota
"""1. ""Just did 50,000 miles in my '18 Corolla, still running like new!""",Toyota
"""2. ""Toyota's reliability is legendary. My dad's Hilux from the '90s is still on the road.""",Toyota
"""3. ""The Prius might not be sexy, but it's a game-changer for my fuel budget.""",Toyota
"""4. ""RAV4's cargo space is a lifesaver for our family's weekend getaways.""",Toyota
"""5. ""Tacoma's off-road capabilities are beastly. Epic trail weekend with my buddies.""",Toyota
"""6. ""Toyota's global reach is impressive. See them everywhere from Japan to Argentina.""",Toyota
"""7. ""Camry's new design is a step up, but I miss the old dependable look.""",Toyota
"""8. ""Hybrid tech in the Highlander means I can cart the kids around without breaking the bank.""",Toyota
"""9. ""Toyota's affordability is why it's a top choice for first-time buyers in Australia.""",Toyota
"""10. ""My neighbor's Tacoma looks tougher than my daily driver, but I prefer my Honda.""",Toyota
"""11. ""Toyota's family-friendly reputation is why we chose the Sienna for our growing clan.""",Toyota
"""12. ""The Corolla's handling is smooth, but it lacks the pep of my friend's Golf.""",Toyota
"""13. ""#ToyotaTough - that's why I chose a 4Runner for my adventure travels.""",Toyota
"""14. ""Prius' MPG is impressive, but the interior feels cheap compared to the Volt.""",Toyota
"""15. ""Durability is key for me, and Toyota consistently delivers - my '05 Tundra is still going strong.""",Toyota
"""16. ""I'd love a Lexus, but a well-equipped Camry is more practical for my budget.""",Toyota
"""17. ""Toyota's commitment to green tech is commendable, but I wish they'd innovate more.""",Toyota
"""18. ""The Yaris is a great city car, but it's no match for my colleague's Smart ForTwo in tight parking spots.""",Toyota
"""19. ""Toyota's dependability is why we chose a Land Cruiser for our safari tour.""",Toyota
"""20. ""My Camry Hybrid is reliable, but the CVT transmission leaves something to be desired.""",Toyota
"""21. ""Toyota's affordability makes it a top choice for taxi drivers in India.""",Toyota
"""22. ""I prefer my Prado's off-road capabilities over the RAV4's, but it's a tough call.""",Toyota
"""23. ""The Corolla's reliability is second to none, but the exterior design is bland.""",Toyota
"""24. ""Toyota's global presence is impressive, but I wish they'd cater more to local preferences.""",Toyota
"""25. ""My friend's Tacoma has more off-road cred than my F-150, but I'll take my truck's power any day.""",Toyota
"""26. ""The Camry's new platform feels stiff, but the ride is comfortable overall.""",Toyota
"""27. ""Toyota's commitment to safety is evident in my '19 Corolla's packed feature list.""",Toyota
"""28. ""The Prius' styling is polarizing, but I love its eco-friendly credentials.""",Toyota
"""29. ""My RAV4's fuel efficiency is impressive, but it's no match for my colleague's CR-V's cargo space.""",Toyota
"""30. ""Toyota's affordability makes it a top choice for first responders looking for a reliable, practical vehicle.""",Toyota
"""31. ""The Tacoma's TRD Off-Road package is impressive, but it's pricey for what you get.""",Toyota
"""32. ""I prefer my Subaru's all-wheel-drive system over the RAV4's, but both are reliable options.""",Toyota
"""33. ""Toyota's global impact is undeniable, from manufacturing to motorsports.""",Toyota
"""34. ""The Corolla's interior feels cramped compared to the Honda Civic, but it's reliable.""",Toyota
"""35. ""Toyota's commitment to green tech is great, but I wish they'd focus more on performance.""",Toyota
"""36. ""The Sienna's minivan practicality is unmatched, but it's not as fun to drive as my friend's Odyssey.""",Toyota
"""37. ""Toyota's durability is why my '03 4Runner is still on the road, albeit with some wear and tear.""",Toyota
"""38. ""The Prius' hybrid tech is impressive, but the battery replacement cost is steep.""",Toyota
"""39. ""I prefer my Ford's towing capabilities over the Tacoma's, but both trucks are reliable workhorses.""",Toyota
"""40. ""Toyota's family-friendly reputation is why we chose the Sequoia for our large family road trips.""",Toyota
"""41. ""The Camry's new platform feels stable, but the ride is firm.""",Toyota
"""42. ""Toyota's affordability makes it a top choice for small business owners looking for reliable vehicles.""",Toyota
"""43. ""The RAV4's styling is sleek, but I prefer my colleague's CR-V's interior design.""",Toyota
"""44. ""Toyota's commitment to safety is evident in my '20 Corolla's standard safety features.""",Toyota
"""45. ""I prefer my Jeep's off-road capabilities over the 4Runner's, but both are capable SUVs.""",Toyota
"""46. ""The Prius' eco-friendly credentials are impressive, but the interior is not as luxurious as I'd like.""",Toyota
"""47. ""Toyota's global presence is undeniable, but I wish they'd offer more unique models for different regions.""",Toyota
"""48. ""The Camry's new design is a step up, but I miss the old model's handling dynamics.""",Toyota
"""49. ""Toyota's reliability is why I chose a '15 Corolla for my daily commute, even though it's not the most exciting car.""",Toyota
"""50. ""The Tacoma's off-road capabilities are impressive, but the interior feels dated.""",Toyota
"""1. ""Just hit 200k miles in my '05 Tacoma, still going strong! Toyota reliability at its finest.""",Toyota
"""2. ""Toyota Corolla - the college student's dream car. Affordable and reliable.""",Toyota
"""3. ""Sipping gas in my Prius like... 🌿💨""",Toyota
"""4. ""Toyota's global reach is impressive. Even hail a taxi in Tokyo, it's a Toyota.""",Toyota
"""5. "" RAV4's spacious interior is perfect for my growing family.""",Toyota
"""6. ""Sadly, the new Camry's design lacks the charm of its predecessors.""",Toyota
"""7. "" debate: Corolla or Civic? Both reliable but Civic's tech is hard to beat.""",Toyota
"""8. ""Took my Tacoma off-roading this weekend. It handled like a champ.""",Toyota
"""9. ""Just leased a new Prius. Can't wait to see how the hybrid tech performs.""",Toyota
"""10. ""Toyota's durability is legendary. My dad's 80s Hilux still runs!""",Toyota
"""11. ""Considering a Yaris. Small but mighty, like me. 😜""",Toyota
"""12. ""Toyota's not the most exciting brand, but they make cars that just work.""",Toyota
"""13. ""Anyone else miss the old Supra? Toyota, bring it back!""",Toyota
"""14. ""Camry's comfort is unmatched on long drives. Perfect for my road trips.""",Toyota
"""15. ""My friend's RAV4 tows her horse trailer like it's nothing.""",Toyota
"""16. ""Toyota's fuel efficiency is what keeps me coming back. #SaveMoney""",Toyota
"""17. ""The Corolla's resale value is outstanding. Great investment.""",Toyota
"""18. ""Wish Toyota offered more unique designs. Their cars are a bit bland.""",Toyota
"""19. ""Tacoma's tough as nails. Perfect for my construction job.""",Toyota
"""20. ""Just saw a fleet of Toyota Land Cruisers on safari in Kenya. Iconic.""",Toyota
"""21. ""Prius owners - are those MPG numbers real life? 😮""",Toyota
"""22. ""Toyota's family-friendly vehicles are top-notch. We love our Sienna.""",Toyota
"""23. ""The new GR Yaris is a sleeper. Surprising power in a small package.""",Toyota
"""24. ""My mom's Corolla is older than me, and it still runs like new.""",Toyota
"""25. ""Toyota's not known for luxury, but their interiors are functional.""",Toyota
"""26. ""Considering a hybrid. Prius or Camry? Both solid choices.""",Toyota
"""27. ""Tacoma vs. Ford Ranger? Both capable trucks, but Tacoma's reliability wins me over.""",Toyota
"""28. ""Saw a customized GR86 at the track. Looked amazing.""",Toyota
"""29. ""Toyota's customer service is as reliable as their cars. Had a great experience.""",Toyota
"""30. ""The new Mirai's design is actually pretty sleek. #HydrogenPower""",Toyota
"""31. ""RAV4's safety features give me peace of mind on the road.""",Toyota
"""32. ""Toyota's not for the thrill-seekers. But if you want dependability, it's your brand.""",Toyota
"""33. ""Just test drove a new Corolla. Feels like an upgrade from my old one.""",Toyota
"""34. ""Toyota's partnership with BMW on the Supra was a win-win.""",Toyota
"""35. ""The Sequoia's size is impressive. Perfect for hauling gear to the campsite.""",Toyota
"""36. ""Toyota's global presence is reassuring when traveling abroad. Can always find a service center.""",Toyota
"""37. ""My friend's Lexus is basically a Toyota in disguise. Same reliability, more luxury.""",Toyota
"""38. ""The Corolla's handling is better than I expected. Fun to drive.""",Toyota
"""39. ""Toyota's commitment to sustainability is commendable. # HybridRevolution""",Toyota
"""40. ""Considering a used Prius. Any tips for maintaining the hybrid tech?""",Toyota
"""41. ""Tacoma's TRD Pro is a monster off-road. Wish I could afford one.""",Toyota
"""42. ""My wife's Camry has a better infotainment system than my car. Not fair. 😅""",Toyota
"""43. ""Toyota's not known for performance, but their engines are robust.""",Toyota
"""44. ""RAV4 Prime's electric range is impressive. Almost never use gas.""",Toyota
"""45. ""The new tundra looks promising. Toyota's finally competing with the big boys in trucks.""",Toyota
"""46. ""Toyota's not the most exciting brand, but they make cars that just work.""",Toyota
"""47. ""Just saw a classic 2000GT at a car show. Toyota's heritage is cool.""",Toyota
"""48. ""Considering a hybrid. Toyota or Honda? Both reliable, but Toyota's resale value is better.""",Toyota
"""49. ""Toyota's not for the flashy. But if you want a car that'll last, it's the way to go.""",Toyota
"""50. ""Driving my Corolla across the country. Reliability at its finest. #ToyotaLife""",Toyota
"""1. ""Just hit 200k miles on my '05 Tacoma, still running strong!""",Toyota
"""2. ""Toyota Corolla, the reliable choice for my daily commute. Never lets me down.""",Toyota
"""3. ""Toyota's hybrid technology in the Prius is a game-changer, impressed by its MPG.""",Toyota
"""4. ""RAV4's spacious interior makes it a perfect family SUV, loved by our growing brood.""",Toyota
"""5. ""Tried the new Camry, sleek design but I miss the old reliable feel.""",Toyota
"""6. ""Toyota's global presence is undeniable, seen them everywhere from Japan to Africa.""",Toyota
"""7. ""Tacoma vs Hilux: Which is the true workhorse? Both have their merits.""",Toyota
"""8. ""Affordability meets reliability in the Toyota Yaris, my first car and still going strong.""",Toyota
"""9. ""Prius owners, you're doing your part for the environment, respect!""",Toyota
"""10. ""Toyota's durability is legendary, my uncle's '85 Corolla is still on the road!""",Toyota
"""11. ""#ToyotaTough, just tested the limits of my 4Runner off-road, impressive!""",Toyota
"""12. ""Considering a hybrid? Test drive the Prius, it's surprisingly fun to drive.""",Toyota
"""13. ""Toyota's safety features give me peace of mind on the highway, love the pre-collision system.""",Toyota
"""14. ""Corolla's simplicity is its strength, no frills but gets the job done.""",Toyota
"""15. ""RAV4's styling has evolved, but I miss the boxy, rugged look.""",Toyota
"""16. ""Toyota's affordable prices don't compromise on quality, great value for money.""",Toyota
"""17. ""Tacoma's truck bed is deep and wide, perfect for my DIY projects.""",Toyota
"""18. ""The new Camry's design is polarizing, but I like the aggressive look.""",Toyota
"""19. ""Toyota's commitment to sustainability is commendable, looking forward to more EV offerings.""",Toyota
"""20. ""Corolla vs Civic, both reliable but I prefer the Toyota's smooth ride.""",Toyota
"""21. ""Prius' unique styling isn't for everyone, but it's a head-turner.""",Toyota
"""22. ""Toyota's customer service is as reliable as their cars, had a great experience.""",Toyota
"""23. ""RAV4's AWD system handled the snow like a champ this winter.""",Toyota
"""24. ""Considering a compact SUV? The new Corolla Cross is worth a look.""",Toyota
"""25. ""Tacoma's off-road capabilities are top-notch, but the ride can be harsh on-road.""",Toyota
"""26. ""Toyota's infotainment system isn't the best, but it's functional.""",Toyota
"""27. ""The new Mirai is a step towards a hydrogen future, impressive tech.""",Toyota
"""28. ""Camry's interior feels upscale, but the exterior could use more flair.""",Toyota
"""29. ""Toyota's global impact is undeniable, they've made cars accessible worldwide.""",Toyota
"""30. ""Prius' MPG is impressive, but the CVT transmission can be noisy.""",Toyota
"""31. ""RAV4 Prime's performance is surprising, love the instant torque.""",Toyota
"""32. ""Considering a used Toyota? You'll have plenty of options, they last forever.""",Toyota
"""33. ""Tacoma's TRD Off-Road package is worth the upgrade for serious adventurers.""",Toyota
"""34. ""Camry's V6 engine punches above its weight, but the four-cylinder is adequate.""",Toyota
"""35. ""Toyota's reliability means less time in the shop, more time on the road.""",Toyota
"""36. ""Prius' regenerative braking takes some getting used to, but it's efficient.""",Toyota
"""37. ""RAV4's cargo space is generous, perfect for my weekend getaways.""",Toyota
"""38. ""Toyota's global sales lead is a testament to their quality and affordability.""",Toyota
"""39. ""Tacoma's bed liner is a must-have, protects the truck bed and looks great.""",Toyota
"""40. ""Camry's hybrid model is a smart choice for eco-conscious drivers.""",Toyota
"""41. ""Prius' eco-friendly image is attractive, but it's also a practical daily driver.""",Toyota
"""42. ""RAV4's handling is agile, makes city driving a breeze.""",Toyota
"""43. ""Toyota's reputation for reliability is well-deserved, my Sequoia is proof.""",Toyota
"""44. ""Tacoma's towing capacity is impressive, can handle my boat with ease.""",Toyota
"""45. ""Camry's backseat is spacious, comfortable for long road trips.""",Toyota
"""46. ""Prius' fuel efficiency is incredible, I rarely fill up.""",Toyota
"""47. ""RAV4's ground clearance is reassuring, drives over potholes like they're not there.""",Toyota
"""48. ""Toyota's commitment to safety is evident in every model, appreciate the peace of mind.""",Toyota
"""49. ""Tacoma's aftermarket support is extensive, can customize it any way I want.""",Toyota
"""50. ""Camry's interior design is attractive, but the materials could be softer.""",Toyota
"""ota Corolla, a reliable choice for city driving.""",Toyota
"""Just test-drove the new Corolla. Smooth ride, great fuel efficiency!""",Toyota
"""Toyota Prius, a game-changer for eco-conscious drivers.""",Toyota
"""I've been driving a Prius for a year now, loving the hybrid technology.""",Toyota
"""Toyota RAV4, a family-friendly SUV.""",Toyota
"""Picked up the new RAV4. Plenty of space for the kids and their stuff.""",Toyota
"""Toyota Tacoma, tough and reliable.""",Toyota
"""Took my Tacoma off-roading this weekend. It handled like a dream.""",Toyota
"""Toyota's global presence is undeniable.""",Toyota
"""You see more Toyotas on the road than any other brand worldwide.""",Toyota
"""Toyota's reliability is unmatched.""",Toyota
"""My Corolla has been running strong for 10 years. That's Toyota quality.""",Toyota
"""Toyota's affordability is a major draw.""",Toyota
"""I got a great deal on a used Prius. It's been a money-saver.""",Toyota
"""Toyota's design could use some updating.""",Toyota
"""I wish Toyota would give their cars a more modern look.""",Toyota
"""Toyota vs. Honda: reliability debate.""",Toyota
"""Toyota or Honda? Both reliable, but I prefer Toyota's longevity.""",Toyota
"""Toyota's popularity in Japan is no surprise.""",Toyota
"""I visited Japan, and Toyotas were everywhere. It's their national car.""",Toyota
"""Toyota's hybrid technology is impressive.""",Toyota
"""The Prius' hybrid tech is so advanced, it's almost magical.""",Toyota
"""Toyota's customer service is lacking.""",Toyota
"""I had to take my Camry in for repairs twice in one year. Not impressed.""",Toyota
"""Toyota's commitment to safety is evident.""",Toyota
"""My RAV4 has all the safety features I need for my family.""",Toyota
"""Toyota's cars are great for long commutes.""",Toyota
"""I drive 50 miles to work every day. My Corolla handles it like a champ.""",Toyota
"""Toyota's Prius is a cultural icon.""",Toyota
"""You can't drive a Prius without feeling like you're saving the planet.""",Toyota
"""Toyota's Camry is a classic.""",Toyota
"""My parents have had a Camry for as long as I can remember. It's a classic.""",Toyota
"""Toyota's Tacoma is a workhorse.""",Toyota
"""I use my Tacoma for work. It's tough, reliable, and gets the job done.""",Toyota
"""Toyota's RAV4 is a great family car.""",Toyota
"""With three kids, we needed a bigger car. The RAV4 has been perfect.""",Toyota
"""Toyota's cars are great for road trips.""",Toyota
"""We just drove from LA to Vegas in our Corolla. It was smooth sailing.""",Toyota
"""Toyota's Yaris is a great city car.""",Toyota
"""I love my Yaris. It's perfect for squeezing into tight city spots.""",Toyota
"""Toyota's cars are reliable, but boring.""",Toyota
"""I need a car I can depend on, but I wish Toyotas had more personality.""",Toyota
"""Toyota's cars are great for new drivers.""",Toyota
"""Just got my license and bought a Corolla. It's easy to drive and reliable.""",Toyota
"""Toyota's cars are a smart investment.""",Toyota
"""I bought a used Prius. It's held its value well, and I'm making money on gas.""",Toyota
"""Toyota's cars are reliable, but expensive to maintain.""",Toyota
"""I've had to put a lot of money into my Camry. Not worth it in the long run.""",Toyota
"""Toyota's cars are great for seniors.""",Toyota
"""My parents are getting older, and they need a reliable, easy-to-drive car. Toyota's perfect.""",Toyota
"""Toyota's cars are reliable, but lack luxury.""",Toyota
"""I need a reliable car, but I also want some luxury. Toyota falls short.""",Toyota
"""Toyota's cars are great for first-time buyers.""",Toyota
"""I just bought my first car, a Corolla. I love it, and it was affordable.""",Toyota
"""Toyota's cars are reliable, but not fast.""",Toyota
"""I need a car for work, but I also love to drive fast. Toyota's not for me.""",Toyota
"""Toyota's cars are reliable, but not stylish.""",Toyota
"""I need a car that looks good. Toyota's just not doing it for me.""",Toyota
"""Toyota's cars are reliable, but not fun to drive.""",Toyota
"""I love driving, but my Corolla just doesn't give me that thrill.""",Toyota
"""Toyota's hybrid technology is the future.""",Toyota
"""I'm all about sustainability. Toyota's hybrid tech is the way forward.""",Toyota
"""Toyota's cars are reliable, but not fuel-efficient.""",Toyota
"""I drive a lot for work, but my Camry's gas mileage isn't great.""",Toyota
"""Toyota's cars are reliable, but not comfortable.""",Toyota
"""I need a car for long drives, but my RAV4's seats are too firm.""",Toyota
"""Toyota's cars are reliable, but not spacious.""",Toyota
"""I need a car for my family, but my Corolla's too small.""",Toyota
"""Toyota's cars are reliable, but not tech-savvy.""",Toyota
"""I need a car with all the latest tech, but Toyota's lacking.""",Toyota
"""Toyota's cars are reliable, but not sporty.""",Toyota
"""I love sports cars, but Toyota's not really my style.""",Toyota
"""Toyota's cars are reliable, but not luxurious.""",Toyota
"""I need a car for business, but Toyota's not luxurious enough.""",Toyota
"""Toyota's cars are reliable, but not exciting.""",Toyota
"""I want a car that makes me excited to drive. Toyota's just not it.""",Toyota
"""Toyota's cars are reliable, but not modern.""",Toyota
"""I need a car that looks modern, but Toyota's designs are outdated.""",Toyota
"""Toyota's cars are reliable, but not powerful.""",Toyota
"""I need a car for work, but my Tacoma's not powerful enough.""",Toyota
"""Toyota's cars are reliable, but not unique.""",Toyota
"""I need a car that stands out, but Toyota's all look the same.""",Toyota
"""Toyota's cars are reliable, but not fun.""",Toyota
"""I need a car that's fun to drive, but Toyota's just not doing it for me.""",Toyota
"""Toyota's cars are reliable, but not affordable.""",Toyota
"""I need a car that's reliable, but also affordable. Toyota's too expensive.""",Toyota
"""Toyota's cars are reliable, but not comfortable for long drives.""",Toyota
"""I need a car for road trips, but my Prius is too uncomfortable for long drives.""",Toyota
"""Toyota's cars are reliable, but not suitable for off-road adventures.""",Toyota
"""I love off-roading, but my RAV4 just can't handle it.""",Toyota
"""Toyota's cars are reliable, but not good for big families.""",Toyota
"""I need a car for my big family, but Toyota's just not spacious enough.""",Toyota
"""Toyota's cars are reliable, but not good for heavy-duty work.""",Toyota
"""I need a car for work, but my Corolla's just not tough enough.""",Toyota
"""Toyota's cars are reliable, but not good for snow.""",Toyota
"""I need a car for snow, but my Yaris just can't handle it.""",Toyota
"""1. ""Just clocked 200,000 miles on my '05 Tacoma, still going strong!""",Toyota
"""2. ""Toyota Corolla, the reliable choice for my daily commute.""",Toyota
"""3. ""Hybrid technology at its best, my Prius gets 55mpg!""",Toyota
"""4. ""RAV4's spacious interior makes it perfect for our growing family.""",Toyota
"""5. ""Toyota's durability is legendary, my dad's '95 Camry is still on the road!""",Toyota
"""6. ""Considering a new car? Toyota's reliability is hard to beat.""",Toyota
"""7. ""Love my Camry, but wish it had a bit more pep.""",Toyota
"""8. ""Toyota's global presence is impressive, they're everywhere!""",Toyota
"""9. ""Tacoma's off-road capabilities are unmatched, been on some epic adventures.""",Toyota
"""10. ""Toyota's prices are competitive, but I've seen better deals on competitors.""",Toyota
"""11. ""The Prius' futuristic design isn't for everyone, but it's iconic.""",Toyota
"""12. ""My Corolla's been through college, jobs, and a cross-country move, no complaints.""",Toyota
"""13. ""RAV4's safety features give me peace of mind on family road trips.""",Toyota
"""14. ""Toyota's fuel efficiency is impressive, but I've heard better from Honda.""",Toyota
"""15. ""Just saw a fleet of Camrys, must be a business conference in town.""",Toyota
"""16. ""Tacoma's bed is perfect for my weekend DIY projects.""",Toyota
"""17. ""Considering a hybrid? Toyota's Prius is the OG, but there are newer options.""",Toyota
"""18. ""My mom loves her Corolla, says it's like driving a tank, so safe.""",Toyota
"""19. ""RAV4's cargo space is a game-changer for our weekend getaways.""",Toyota
"""20. ""Toyota's customer service has been great, quick and efficient.""",Toyota
"""21. ""The new Camry's design is a step up, finally looks modern.""",Toyota
"""22. ""Tacoma's aftermarket scene is huge, so many upgrade options.""",Toyota
"""23. ""Prius' MPG is impressive, but the CVT transmission can be noisy.""",Toyota
"""24. ""RAV4's AWD handles snowy roads like a champ.""",Toyota
"""25. ""Just saw a fleet of Toyotas, must be a rental car agency.""",Toyota
"""26. ""My Corolla's infotainment system could use an update.""",Toyota
"""27. ""Toyota's engines aren't the most powerful, but they're reliable.""",Toyota
"""28. ""RAV4's interior feels a bit cheap, but it's functional.""",Toyota
"""29. ""Prius' unique styling isn't for everyone, but I love it.""",Toyota
"""30. ""Camry's comfortable ride is perfect for long drives.""",Toyota
"""31. ""Tacoma's towing capacity is impressive, been hauling my boat all summer.""",Toyota
"""32. ""Toyota's resale value is excellent, great for when it's time to upgrade.""",Toyota
"""33. ""Just saw a Prius in every color of the rainbow, love that customization!""",Toyota
"""34. ""RAV4's fuel economy could be better, but it's not bad.""",Toyota
"""35. ""Camry's interior feels a bit boring, but it's spacious.""",Toyota
"""36. ""Tacoma's off-road prowess is legendary, been conquering trails all year.""",Toyota
"""37. ""Prius' regenerative braking takes some getting used to.""",Toyota
"""38. ""RAV4's price point is competitive, but I've seen better features for the money.""",Toyota
"""39. ""Toyota's infotainment systems can be finicky, but mine works fine.""",Toyota
"""40. ""Just saw a fleet of Corollas, must be a taxi service.""",Toyota
"""41. ""Camry's handling is good, but not sports car level.""",Toyota
"""42. ""Tacoma's interior is functional, but it's not luxurious.""",Toyota
"""43. ""Prius' hybrid battery warranty is impressive, 8 years or 100,000 miles.""",Toyota
"""44. ""RAV4's ground clearance is great for driving over potholes.""",Toyota
"""45. ""Toyota's global impact is undeniable, they're everywhere you look.""",Toyota
"""46. ""Corolla's reliability is legendary, been owned by my grandparents for years.""",Toyota
"""47. ""RAV4's fuel tank capacity is perfect for long road trips.""",Toyota
"""48. ""Just saw a Tacoma with a custom lift kit, looking good!""",Toyota
"""49. ""Prius' eco-friendliness is a big selling point for me.""",Toyota
"""50. ""Toyota's brand is all about longevity, my uncle's '85 Celica is still running!""",Toyota
"""ota Corolla, a reliable choice for city driving.""",Toyota
"""Just test-drove the new Corolla. Smooth ride, great fuel efficiency!""",Toyota
"""Toyota Prius, a game-changer for eco-conscious drivers.""",Toyota
"""I've been driving a Prius for a year now, loving the hybrid technology.""",Toyota
"""Toyota RAV4, a family-friendly SUV.""",Toyota
"""Picked up the new RAV4. Plenty of space for the kids and their stuff.""",Toyota
"""Toyota Tacoma, tough and reliable.""",Toyota
"""Took my Tacoma off-roading this weekend. It handled like a dream.""",Toyota
"""Toyota's global presence is undeniable.""",Toyota
"""You see more Toyotas on the road than any other brand worldwide.""",Toyota
"""Toyota's reliability is unmatched.""",Toyota
"""My Corolla has been running strong for 10 years. That's Toyota quality.""",Toyota
"""Toyota's affordability is a major draw.""",Toyota
"""I got a great deal on a used Prius. It's been a money-saver.""",Toyota
"""Toyota's design could use some updating.""",Toyota
"""I wish Toyota would give their cars a more modern look.""",Toyota
"""Toyota vs. Honda: reliability debate.""",Toyota
"""Toyota or Honda? Both reliable, but I prefer Toyota's longevity.""",Toyota
"""Toyota's popularity in Japan is no surprise.""",Toyota
"""I visited Japan, and Toyotas were everywhere. It's their national car.""",Toyota
"""Toyota's hybrid technology is impressive.""",Toyota
"""The Prius' hybrid tech is so advanced, it's almost magical.""",Toyota
"""Toyota's customer service is lacking.""",Toyota
"""I had to take my Camry in for repairs twice in one year. Not impressed.""",Toyota
"""Toyota's commitment to safety is evident.""",Toyota
"""My RAV4 has all the safety features I need for my family.""",Toyota
"""Toyota's cars are great for long commutes.""",Toyota
"""I drive 50 miles to work every day. My Corolla handles it like a champ.""",Toyota
"""Toyota's Prius is a cultural icon.""",Toyota
"""You can't drive a Prius without feeling like you're saving the planet.""",Toyota
"""Toyota's Camry is a classic.""",Toyota
"""My parents have had a Camry for as long as I can remember. It's a classic.""",Toyota
"""Toyota's Tacoma is a workhorse.""",Toyota
"""I use my Tacoma for work. It's tough, reliable, and gets the job done.""",Toyota
"""Toyota's RAV4 is a great family car.""",Toyota
"""With three kids, we needed a bigger car. The RAV4 has been perfect.""",Toyota
"""Toyota's cars are great for road trips.""",Toyota
"""We just drove from LA to Vegas in our Corolla. It was smooth sailing.""",Toyota
"""Toyota's Yaris is a great city car.""",Toyota
"""I love my Yaris. It's perfect for squeezing into tight city spots.""",Toyota
"""Toyota's cars are reliable, but boring.""",Toyota
"""I need a car I can depend on, but I wish Toyotas had more personality.""",Toyota
"""Toyota's cars are great for new drivers.""",Toyota
"""Just got my license and bought a Corolla. It's easy to drive and reliable.""",Toyota
"""Toyota's cars are a smart investment.""",Toyota
"""I bought a used Prius. It's held its value well, and I'm making money on gas.""",Toyota
"""Toyota's cars are reliable, but expensive to maintain.""",Toyota
"""I've had to put a lot of money into my Camry. Not worth it in the long run.""",Toyota
"""Toyota's cars are great for seniors.""",Toyota
"""My parents are getting older, and they need a reliable, easy-to-drive car. Toyota's perfect.""",Toyota
"""Toyota's cars are reliable, but lack luxury.""",Toyota
"""I need a reliable car, but I also want some luxury. Toyota falls short.""",Toyota
"""Toyota's cars are great for first-time buyers.""",Toyota
"""I just bought my first car, a Corolla. I love it, and it was affordable.""",Toyota
"""Toyota's cars are reliable, but not fast.""",Toyota
"""I need a car for work, but I also love to drive fast. Toyota's not for me.""",Toyota
"""Toyota's cars are reliable, but not stylish.""",Toyota
"""I need a car that looks good. Toyota's just not doing it for me.""",Toyota
"""Toyota's cars are reliable, but not fun to drive.""",Toyota
"""I love driving, but my Corolla just doesn't give me that thrill.""",Toyota
"""Toyota's hybrid technology is the future.""",Toyota
"""I'm all about sustainability. Toyota's hybrid tech is the way forward.""",Toyota
"""Toyota's cars are reliable, but not fuel-efficient.""",Toyota
"""I drive a lot for work, but my Camry's gas mileage isn't great.""",Toyota
"""Toyota's cars are reliable, but not comfortable.""",Toyota
"""I need a car for long drives, but my RAV4's seats are too firm.""",Toyota
"""Toyota's cars are reliable, but not spacious.""",Toyota
"""I need a car for my family, but my Corolla's too small.""",Toyota
"""Toyota's cars are reliable, but not tech-savvy.""",Toyota
"""I need a car with all the latest tech, but Toyota's lacking.""",Toyota
"""Toyota's cars are reliable, but not sporty.""",Toyota
"""I love sports cars, but Toyota's not really my style.""",Toyota
"""Toyota's cars are reliable, but not luxurious.""",Toyota
"""I need a car for business, but Toyota's not luxurious enough.""",Toyota
"""Toyota's cars are reliable, but not exciting.""",Toyota
"""I want a car that makes me excited to drive. Toyota's just not it.""",Toyota
"""Toyota's cars are reliable, but not modern.""",Toyota
"""I need a car that looks modern, but Toyota's designs are outdated.""",Toyota
"""Toyota's cars are reliable, but not powerful.""",Toyota
"""I need a car for work, but my Tacoma's not powerful enough.""",Toyota
"""Toyota's cars are reliable, but not unique.""",Toyota
"""I need a car that stands out, but Toyota's all look the same.""",Toyota
"""Toyota's cars are reliable, but not fun.""",Toyota
"""I need a car that's fun to drive, but Toyota's just not doing it for me.""",Toyota
"""Toyota's cars are reliable, but not affordable.""",Toyota
"""I need a car that's reliable, but also affordable. Toyota's too expensive.""",Toyota
"""Toyota's cars are reliable, but not comfortable for long drives.""",Toyota
"""I need a car for road trips, but my Prius is too uncomfortable for long drives.""",Toyota
"""Toyota's cars are reliable, but not suitable for off-road adventures.""",Toyota
"""I love off-roading, but my RAV4 just can't handle it.""",Toyota
"""Toyota's cars are reliable, but not good for big families.""",Toyota
"""I need a car for my big family, but Toyota's just not spacious enough.""",Toyota
"""Toyota's cars are reliable, but not good for heavy-duty work.""",Toyota
"""I need a car for work, but my Corolla's just not tough enough.""",Toyota
"""Toyota's cars are reliable, but not good for snow.""",Toyota
"""I need a car for snow, but my Yaris just can't handle it.""",Toyota
"""ota Corolla, a reliable choice for city driving.""",Toyota
"""Just test-drove the new Corolla. Smooth ride, great fuel efficiency!""",Toyota
"""Toyota Prius, a game-changer for eco-conscious drivers.""",Toyota
"""I've been driving a Prius for a year now, loving the hybrid technology.""",Toyota
"""Toyota RAV4, a family-friendly SUV.""",Toyota
"""Picked up the new RAV4. Plenty of space for the kids and their stuff.""",Toyota
"""Toyota Tacoma, tough and reliable.""",Toyota
"""Took my Tacoma off-roading this weekend. It handled like a dream.""",Toyota
"""Toyota's global presence is undeniable.""",Toyota
"""You see more Toyotas on the road than any other brand worldwide.""",Toyota
"""Toyota's reliability is unmatched.""",Toyota
"""My Corolla has been running strong for 10 years. That's Toyota quality.""",Toyota
"""Toyota's affordability is a major draw.""",Toyota
"""I got a great deal on a used Prius. It's been a money-saver.""",Toyota
"""Toyota's design could use some updating.""",Toyota
"""I wish Toyota would give their cars a more modern look.""",Toyota
"""Toyota vs. Honda: reliability debate.""",Toyota
"""Toyota or Honda? Both reliable, but I prefer Toyota's longevity.""",Toyota
"""Toyota's popularity in Japan is no surprise.""",Toyota
"""I visited Japan, and Toyotas were everywhere. It's their national car.""",Toyota
"""Toyota's hybrid technology is impressive.""",Toyota
"""The Prius' hybrid tech is so advanced, it's almost magical.""",Toyota
"""Toyota's customer service is lacking.""",Toyota
"""I had to take my Camry in for repairs twice in one year. Not impressed.""",Toyota
"""Toyota's commitment to safety is evident.""",Toyota
"""My RAV4 has all the safety features I need for my family.""",Toyota
"""Toyota's cars are great for long commutes.""",Toyota
"""I drive 50 miles to work every day. My Corolla handles it like a champ.""",Toyota
"""Toyota's Prius is a cultural icon.""",Toyota
"""You can't drive a Prius without feeling like you're saving the planet.""",Toyota
"""Toyota's Camry is a classic.""",Toyota
"""My parents have had a Camry for as long as I can remember. It's a classic.""",Toyota
"""Toyota's Tacoma is a workhorse.""",Toyota
"""I use my Tacoma for work. It's tough, reliable, and gets the job done.""",Toyota
"""Toyota's RAV4 is a great family car.""",Toyota
"""With three kids, we needed a bigger car. The RAV4 has been perfect.""",Toyota
"""Toyota's cars are great for road trips.""",Toyota
"""We just drove from LA to Vegas in our Corolla. It was smooth sailing.""",Toyota
"""Toyota's Yaris is a great city car.""",Toyota
"""I love my Yaris. It's perfect for squeezing into tight city spots.""",Toyota
"""Toyota's cars are reliable, but boring.""",Toyota
"""I need a car I can depend on, but I wish Toyotas had more personality.""",Toyota
"""Toyota's cars are great for new drivers.""",Toyota
"""Just got my license and bought a Corolla. It's easy to drive and reliable.""",Toyota
"""Toyota's cars are a smart investment.""",Toyota
"""I bought a used Prius. It's held its value well, and I'm making money on gas.""",Toyota
"""Toyota's cars are reliable, but expensive to maintain.""",Toyota
"""I've had to put a lot of money into my Camry. Not worth it in the long run.""",Toyota
"""Toyota's cars are great for seniors.""",Toyota
"""My parents are getting older, and they need a reliable, easy-to-drive car. Toyota's perfect.""",Toyota
"""Toyota's cars are reliable, but lack luxury.""",Toyota
"""I need a reliable car, but I also want some luxury. Toyota falls short.""",Toyota
"""Toyota's cars are great for first-time buyers.""",Toyota
"""I just bought my first car, a Corolla. I love it, and it was affordable.""",Toyota
"""Toyota's cars are reliable, but not fast.""",Toyota
"""I need a car for work, but I also love to drive fast. Toyota's not for me.""",Toyota
"""Toyota's cars are reliable, but not stylish.""",Toyota
"""I need a car that looks good. Toyota's just not doing it for me.""",Toyota
"""Toyota's cars are reliable, but not fun to drive.""",Toyota
"""I love driving, but my Corolla just doesn't give me that thrill.""",Toyota
"""Toyota's hybrid technology is the future.""",Toyota
"""I'm all about sustainability. Toyota's hybrid tech is the way forward.""",Toyota
"""Toyota's cars are reliable, but not fuel-efficient.""",Toyota
"""I drive a lot for work, but my Camry's gas mileage isn't great.""",Toyota
"""Toyota's cars are reliable, but not comfortable.""",Toyota
"""I need a car for long drives, but my RAV4's seats are too firm.""",Toyota
"""Toyota's cars are reliable, but not spacious.""",Toyota
"""I need a car for my family, but my Corolla's too small.""",Toyota
"""Toyota's cars are reliable, but not tech-savvy.""",Toyota
"""I need a car with all the latest tech, but Toyota's lacking.""",Toyota
"""Toyota's cars are reliable, but not sporty.""",Toyota
"""I love sports cars, but Toyota's not really my style.""",Toyota
"""Toyota's cars are reliable, but not luxurious.""",Toyota
"""I need a car for business, but Toyota's not luxurious enough.""",Toyota
"""Toyota's cars are reliable, but not exciting.""",Toyota
"""I want a car that makes me excited to drive. Toyota's just not it.""",Toyota
"""Toyota's cars are reliable, but not modern.""",Toyota
"""I need a car that looks modern, but Toyota's designs are outdated.""",Toyota
"""Toyota's cars are reliable, but not powerful.""",Toyota
"""I need a car for work, but my Tacoma's not powerful enough.""",Toyota
"""Toyota's cars are reliable, but not unique.""",Toyota
"""I need a car that stands out, but Toyota's all look the same.""",Toyota
"""Toyota's cars are reliable, but not fun.""",Toyota
"""I need a car that's fun to drive, but Toyota's just not doing it for me.""",Toyota
"""Toyota's cars are reliable, but not affordable.""",Toyota
"""I need a car that's reliable, but also affordable. Toyota's too expensive.""",Toyota
"""Toyota's cars are reliable, but not comfortable for long drives.""",Toyota
"""I need a car for road trips, but my Prius is too uncomfortable for long drives.""",Toyota
"""Toyota's cars are reliable, but not suitable for off-road adventures.""",Toyota
"""I love off-roading, but my RAV4 just can't handle it.""",Toyota
"""Toyota's cars are reliable, but not good for big families.""",Toyota
"""I need a car for my big family, but Toyota's just not spacious enough.""",Toyota
"""Toyota's cars are reliable, but not good for heavy-duty work.""",Toyota
"""I need a car for work, but my Corolla's just not tough enough.""",Toyota
"""Toyota's cars are reliable, but not good for snow.""",Toyota
"""I need a car for snow, but my Yaris just can't handle it.""",Toyota
"""Toyota Corolla just hit 200,000 miles, still running strong!""",Toyota
"""Considering a Prius for my commute, heard it's great on gas.""",Toyota
"""Tacoma's reliability is unmatched, perfect for my job site.""",Toyota
"""RAV4's spacious interior is a game-changer for my growing family.""",Toyota
"""Toyota's hybrid tech is impressive, but pricier than some competitors.""",Toyota
"""Camry's new design is a bit bland, lacks the oomph of its rivals.""",Toyota
"""Toyota's global presence is comforting, parts are readily available worldwide.""",Toyota
"""Tacoma vs. Ford F-150? Depends on if you prioritize reliability or power.""",Toyota
"""Hyundai Elantra or Corolla? Corolla wins on reliability, Elantra on features.""",Toyota
"""Just bought my first car, a Corolla! Can't wait to explore the city.""",Toyota
"""Toyota's dependability is legendary, my uncle's Hilux is still going after 30 years.""",Toyota
"""Prius drivers, let's share our best fuel efficiency tips!""",Toyota
"""Toyota's family-friendly vehicles are tops, RAV4's safety features are excellent.""",Toyota
"""Considering a Corolla, but the new Honda Civic is tempting.""",Toyota
"""Toyota's affordability is a major plus, great value for the price.""",Toyota
"""Diesel Tacoma or gas? I prefer the torque of the diesel.""",Toyota
"""#ToyotaLoyalist, my third Corolla and it's still going strong!""",Toyota
"""Toyota's hybrid tech is impressive, but I miss the vroom of an engine.""",Toyota
"""Thinking about an SUV, RAV4 or Honda CR-V? Help!""",Toyota
"""Toyota's durability is legendary, my friend's 4Runner has seen better days but keeps going.""",Toyota
"""Just saw a Prius on the road, always makes me smile!""",Toyota
"""ota Corolla, a reliable choice for city driving.""",Toyota
"""Just test-drove the new Corolla. Smooth ride, great fuel efficiency!""",Toyota
"""Toyota Prius, a game-changer for eco-conscious drivers.""",Toyota
"""I've been driving a Prius for a year now, loving the hybrid technology.""",Toyota
"""Toyota RAV4, a family-friendly SUV.""",Toyota
"""Picked up the new RAV4. Plenty of space for the kids and their stuff.""",Toyota
"""Toyota Tacoma, tough and reliable.""",Toyota
"""Took my Tacoma off-roading this weekend. It handled like a dream.""",Toyota
"""Toyota's global presence is undeniable.""",Toyota
"""You see more Toyotas on the road than any other brand worldwide.""",Toyota
"""Toyota's reliability is unmatched.""",Toyota
"""My Corolla has been running strong for 10 years. That's Toyota quality.""",Toyota
"""Toyota's affordability is a major draw.""",Toyota
"""I got a great deal on a used Prius. It's been a money-saver.""",Toyota
"""Toyota's design could use some updating.""",Toyota
"""I wish Toyota would give their cars a more modern look.""",Toyota
"""Toyota vs. Honda: reliability debate.""",Toyota
"""Toyota or Honda? Both reliable, but I prefer Toyota's longevity.""",Toyota
"""Toyota's popularity in Japan is no surprise.""",Toyota
"""I visited Japan, and Toyotas were everywhere. It's their national car.""",Toyota
"""Toyota's hybrid technology is impressive.""",Toyota
"""The Prius' hybrid tech is so advanced, it's almost magical.""",Toyota
"""Toyota's customer service is lacking.""",Toyota
"""I had to take my Camry in for repairs twice in one year. Not impressed.""",Toyota
"""Toyota's commitment to safety is evident.""",Toyota
"""My RAV4 has all the safety features I need for my family.""",Toyota
"""Toyota's cars are great for long commutes.""",Toyota
"""I drive 50 miles to work every day. My Corolla handles it like a champ.""",Toyota
"""Toyota's Prius is a cultural icon.""",Toyota
"""You can't drive a Prius without feeling like you're saving the planet.""",Toyota
"""Toyota's Camry is a classic.""",Toyota
"""My parents have had a Camry for as long as I can remember. It's a classic.""",Toyota
"""Toyota's Tacoma is a workhorse.""",Toyota
"""I use my Tacoma for work. It's tough, reliable, and gets the job done.""",Toyota
"""Toyota's RAV4 is a great family car.""",Toyota
"""With three kids, we needed a bigger car. The RAV4 has been perfect.""",Toyota
"""Toyota's cars are great for road trips.""",Toyota
"""We just drove from LA to Vegas in our Corolla. It was smooth sailing.""",Toyota
"""Toyota's Yaris is a great city car.""",Toyota
"""I love my Yaris. It's perfect for squeezing into tight city spots.""",Toyota
"""Toyota's cars are reliable, but boring.""",Toyota
"""I need a car I can depend on, but I wish Toyotas had more personality.""",Toyota
"""Toyota's cars are great for new drivers.""",Toyota
"""Just got my license and bought a Corolla. It's easy to drive and reliable.""",Toyota
"""Toyota's cars are a smart investment.""",Toyota
"""I bought a used Prius. It's held its value well, and I'm making money on gas.""",Toyota
"""Toyota's cars are reliable, but expensive to maintain.""",Toyota
"""I've had to put a lot of money into my Camry. Not worth it in the long run.""",Toyota
"""Toyota's cars are great for seniors.""",Toyota
"""My parents are getting older, and they need a reliable, easy-to-drive car. Toyota's perfect.""",Toyota
"""Toyota's cars are reliable, but lack luxury.""",Toyota
"""I need a reliable car, but I also want some luxury. Toyota falls short.""",Toyota
"""Toyota's cars are great for first-time buyers.""",Toyota
"""I just bought my first car, a Corolla. I love it, and it was affordable.""",Toyota
"""Toyota's cars are reliable, but not fast.""",Toyota
"""I need a car for work, but I also love to drive fast. Toyota's not for me.""",Toyota
"""Toyota's cars are reliable, but not stylish.""",Toyota
"""I need a car that looks good. Toyota's just not doing it for me.""",Toyota
"""Toyota's cars are reliable, but not fun to drive.""",Toyota
"""I love driving, but my Corolla just doesn't give me that thrill.""",Toyota
"""Toyota's hybrid technology is the future.""",Toyota
"""I'm all about sustainability. Toyota's hybrid tech is the way forward.""",Toyota
"""Toyota's cars are reliable, but not fuel-efficient.""",Toyota
"""I drive a lot for work, but my Camry's gas mileage isn't great.""",Toyota
"""Toyota's cars are reliable, but not comfortable.""",Toyota
"""I need a car for long drives, but my RAV4's seats are too firm.""",Toyota
"""Toyota's cars are reliable, but not spacious.""",Toyota
"""I need a car for my family, but my Corolla's too small.""",Toyota
"""Toyota's cars are reliable, but not tech-savvy.""",Toyota
"""I need a car with all the latest tech, but Toyota's lacking.""",Toyota
"""Toyota's cars are reliable, but not sporty.""",Toyota
"""I love sports cars, but Toyota's not really my style.""",Toyota
"""Toyota's cars are reliable, but not luxurious.""",Toyota
"""I need a car for business, but Toyota's not luxurious enough.""",Toyota
"""Toyota's cars are reliable, but not exciting.""",Toyota
"""I want a car that makes me excited to drive. Toyota's just not it.""",Toyota
"""Toyota's cars are reliable, but not modern.""",Toyota
"""I need a car that looks modern, but Toyota's designs are outdated.""",Toyota
"""Toyota's cars are reliable, but not powerful.""",Toyota
"""I need a car for work, but my Tacoma's not powerful enough.""",Toyota
"""Toyota's cars are reliable, but not unique.""",Toyota
"""I need a car that stands out, but Toyota's all look the same.""",Toyota
"""Toyota's cars are reliable, but not fun.""",Toyota
"""I need a car that's fun to drive, but Toyota's just not doing it for me.""",Toyota
"""Toyota's cars are reliable, but not affordable.""",Toyota
"""I need a car that's reliable, but also affordable. Toyota's too expensive.""",Toyota
"""Toyota's cars are reliable, but not comfortable for long drives.""",Toyota
"""I need a car for road trips, but my Prius is too uncomfortable for long drives.""",Toyota
"""Toyota's cars are reliable, but not suitable for off-road adventures.""",Toyota
"""I love off-roading, but my RAV4 just can't handle it.""",Toyota
"""Toyota's cars are reliable, but not good for big families.""",Toyota
"""I need a car for my big family, but Toyota's just not spacious enough.""",Toyota
"""Toyota's cars are reliable, but not good for heavy-duty work.""",Toyota
"""I need a car for work, but my Corolla's just not tough enough.""",Toyota
"""Toyota's cars are reliable, but not good for snow.""",Toyota
"""I need a car for snow, but my Yaris just can't handle it.""",Toyota
"""ota Corolla, a reliable choice for city driving.""",Toyota
"""Just test-drove the new Corolla. Smooth ride, great fuel efficiency!""",Toyota
"""Toyota Prius, a game-changer for eco-conscious drivers.""",Toyota
"""I've been driving a Prius for a year now, loving the hybrid technology.""",Toyota
"""Toyota RAV4, a family-friendly SUV.""",Toyota
"""Picked up the new RAV4. Plenty of space for the kids and their stuff.""",Toyota
"""Toyota Tacoma, tough and reliable.""",Toyota
"""Took my Tacoma off-roading this weekend. It handled like a dream.""",Toyota
"""Toyota's global presence is undeniable.""",Toyota
"""You see more Toyotas on the road than any other brand worldwide.""",Toyota
"""Toyota's reliability is unmatched.""",Toyota
"""My Corolla has been running strong for 10 years. That's Toyota quality.""",Toyota
"""Toyota's affordability is a major draw.""",Toyota
"""I got a great deal on a used Prius. It's been a money-saver.""",Toyota
"""Toyota's design could use some updating.""",Toyota
"""I wish Toyota would give their cars a more modern look.""",Toyota
"""Toyota vs. Honda: reliability debate.""",Toyota
"""Toyota or Honda? Both reliable, but I prefer Toyota's longevity.""",Toyota
"""Toyota's popularity in Japan is no surprise.""",Toyota
"""I visited Japan, and Toyotas were everywhere. It's their national car.""",Toyota
"""Toyota's hybrid technology is impressive.""",Toyota
"""The Prius' hybrid tech is so advanced, it's almost magical.""",Toyota
"""Toyota's customer service is lacking.""",Toyota
"""I had to take my Camry in for repairs twice in one year. Not impressed.""",Toyota
"""Toyota's commitment to safety is evident.""",Toyota
"""My RAV4 has all the safety features I need for my family.""",Toyota
"""Toyota's cars are great for long commutes.""",Toyota
"""I drive 50 miles to work every day. My Corolla handles it like a champ.""",Toyota
"""Toyota's Prius is a cultural icon.""",Toyota
"""You can't drive a Prius without feeling like you're saving the planet.""",Toyota
"""Toyota's Camry is a classic.""",Toyota
"""My parents have had a Camry for as long as I can remember. It's a classic.""",Toyota
"""Toyota's Tacoma is a workhorse.""",Toyota
"""I use my Tacoma for work. It's tough, reliable, and gets the job done.""",Toyota
"""Toyota's RAV4 is a great family car.""",Toyota
"""With three kids, we needed a bigger car. The RAV4 has been perfect.""",Toyota
"""Toyota's cars are great for road trips.""",Toyota
"""We just drove from LA to Vegas in our Corolla. It was smooth sailing.""",Toyota
"""Toyota's Yaris is a great city car.""",Toyota
"""I love my Yaris. It's perfect for squeezing into tight city spots.""",Toyota
"""Toyota's cars are reliable, but boring.""",Toyota
"""I need a car I can depend on, but I wish Toyotas had more personality.""",Toyota
"""Toyota's cars are great for new drivers.""",Toyota
"""Just got my license and bought a Corolla. It's easy to drive and reliable.""",Toyota
"""Toyota's cars are a smart investment.""",Toyota
"""I bought a used Prius. It's held its value well, and I'm making money on gas.""",Toyota
"""Toyota's cars are reliable, but expensive to maintain.""",Toyota
"""I've had to put a lot of money into my Camry. Not worth it in the long run.""",Toyota
"""Toyota's cars are great for seniors.""",Toyota
"""My parents are getting older, and they need a reliable, easy-to-drive car. Toyota's perfect.""",Toyota
"""Toyota's cars are reliable, but lack luxury.""",Toyota
"""I need a reliable car, but I also want some luxury. Toyota falls short.""",Toyota
"""Toyota's cars are great for first-time buyers.""",Toyota
"""I just bought my first car, a Corolla. I love it, and it was affordable.""",Toyota
"""Toyota's cars are reliable, but not fast.""",Toyota
"""I need a car for work, but I also love to drive fast. Toyota's not for me.""",Toyota
"""Toyota's cars are reliable, but not stylish.""",Toyota
"""I need a car that looks good. Toyota's just not doing it for me.""",Toyota
"""Toyota's cars are reliable, but not fun to drive.""",Toyota
"""I love driving, but my Corolla just doesn't give me that thrill.""",Toyota
"""Toyota's hybrid technology is the future.""",Toyota
"""I'm all about sustainability. Toyota's hybrid tech is the way forward.""",Toyota
"""Toyota's cars are reliable, but not fuel-efficient.""",Toyota
"""I drive a lot for work, but my Camry's gas mileage isn't great.""",Toyota
"""Toyota's cars are reliable, but not comfortable.""",Toyota
"""I need a car for long drives, but my RAV4's seats are too firm.""",Toyota
"""Toyota's cars are reliable, but not spacious.""",Toyota
"""I need a car for my family, but my Corolla's too small.""",Toyota
"""Toyota's cars are reliable, but not tech-savvy.""",Toyota
"""I need a car with all the latest tech, but Toyota's lacking.""",Toyota
"""Toyota's cars are reliable, but not sporty.""",Toyota
"""I love sports cars, but Toyota's not really my style.""",Toyota
"""Toyota's cars are reliable, but not luxurious.""",Toyota
"""I need a car for business, but Toyota's not luxurious enough.""",Toyota
"""Toyota's cars are reliable, but not exciting.""",Toyota
"""I want a car that makes me excited to drive. Toyota's just not it.""",Toyota
"""Toyota's cars are reliable, but not modern.""",Toyota
"""I need a car that looks modern, but Toyota's designs are outdated.""",Toyota
"""Toyota's cars are reliable, but not powerful.""",Toyota
"""I need a car for work, but my Tacoma's not powerful enough.""",Toyota
"""Toyota's cars are reliable, but not unique.""",Toyota
"""I need a car that stands out, but Toyota's all look the same.""",Toyota
"""Toyota's cars are reliable, but not fun.""",Toyota
"""I need a car that's fun to drive, but Toyota's just not doing it for me.""",Toyota
"""Toyota's cars are reliable, but not affordable.""",Toyota
"""I need a car that's reliable, but also affordable. Toyota's too expensive.""",Toyota
"""Toyota's cars are reliable, but not comfortable for long drives.""",Toyota
"""I need a car for road trips, but my Prius is too uncomfortable for long drives.""",Toyota
"""Toyota's cars are reliable, but not suitable for off-road adventures.""",Toyota
"""I love off-roading, but my RAV4 just can't handle it.""",Toyota
"""Toyota's cars are reliable, but not good for big families.""",Toyota
"""I need a car for my big family, but Toyota's just not spacious enough.""",Toyota
"""Toyota's cars are reliable, but not good for heavy-duty work.""",Toyota
"""I need a car for work, but my Corolla's just not tough enough.""",Toyota
"""Toyota's cars are reliable, but not good for snow.""",Toyota
"""I need a car for snow, but my Yaris just can't handle it.""",Toyota
"""ota Corolla, a reliable choice for city driving.""",Toyota
"""Just test-drove the new Corolla. Smooth ride, great fuel efficiency!""",Toyota
"""Toyota Prius, a game-changer for eco-conscious drivers.""",Toyota
"""I've been driving a Prius for a year now, loving the hybrid technology.""",Toyota
"""Toyota RAV4, a family-friendly SUV.""",Toyota
"""Picked up the new RAV4. Plenty of space for the kids and their stuff.""",Toyota
"""Toyota Tacoma, tough and reliable.""",Toyota
"""Took my Tacoma off-roading this weekend. It handled like a dream.""",Toyota
"""Toyota's global presence is undeniable.""",Toyota
"""You see more Toyotas on the road than any other brand worldwide.""",Toyota
"""Toyota's reliability is unmatched.""",Toyota
"""My Corolla has been running strong for 10 years. That's Toyota quality.""",Toyota
"""Toyota's affordability is a major draw.""",Toyota
"""I got a great deal on a used Prius. It's been a money-saver.""",Toyota
"""Toyota's design could use some updating.""",Toyota
"""I wish Toyota would give their cars a more modern look.""",Toyota
"""Toyota vs. Honda: reliability debate.""",Toyota
"""Toyota or Honda? Both reliable, but I prefer Toyota's longevity.""",Toyota
"""Toyota's popularity in Japan is no surprise.""",Toyota
"""I visited Japan, and Toyotas were everywhere. It's their national car.""",Toyota
"""Toyota's hybrid technology is impressive.""",Toyota
"""The Prius' hybrid tech is so advanced, it's almost magical.""",Toyota
"""Toyota's customer service is lacking.""",Toyota
"""I had to take my Camry in for repairs twice in one year. Not impressed.""",Toyota
"""Toyota's commitment to safety is evident.""",Toyota
"""My RAV4 has all the safety features I need for my family.""",Toyota
"""Toyota's cars are great for long commutes.""",Toyota
"""I drive 50 miles to work every day. My Corolla handles it like a champ.""",Toyota
"""Toyota's Prius is a cultural icon.""",Toyota
"""You can't drive a Prius without feeling like you're saving the planet.""",Toyota
"""Toyota's Camry is a classic.""",Toyota
"""My parents have had a Camry for as long as I can remember. It's a classic.""",Toyota
"""Toyota's Tacoma is a workhorse.""",Toyota
"""I use my Tacoma for work. It's tough, reliable, and gets the job done.""",Toyota
"""Toyota's RAV4 is a great family car.""",Toyota
"""With three kids, we needed a bigger car. The RAV4 has been perfect.""",Toyota
"""Toyota's cars are great for road trips.""",Toyota
"""We just drove from LA to Vegas in our Corolla. It was smooth sailing.""",Toyota
"""Toyota's Yaris is a great city car.""",Toyota
"""I love my Yaris. It's perfect for squeezing into tight city spots.""",Toyota
"""Toyota's cars are reliable, but boring.""",Toyota
"""I need a car I can depend on, but I wish Toyotas had more personality.""",Toyota
"""Toyota's cars are great for new drivers.""",Toyota
"""Just got my license and bought a Corolla. It's easy to drive and reliable.""",Toyota
"""Toyota's cars are a smart investment.""",Toyota
"""I bought a used Prius. It's held its value well, and I'm making money on gas.""",Toyota
"""Toyota's cars are reliable, but expensive to maintain.""",Toyota
"""I've had to put a lot of money into my Camry. Not worth it in the long run.""",Toyota
"""Toyota's cars are great for seniors.""",Toyota
"""My parents are getting older, and they need a reliable, easy-to-drive car. Toyota's perfect.""",Toyota
"""Toyota's cars are reliable, but lack luxury.""",Toyota
"""I need a reliable car, but I also want some luxury. Toyota falls short.""",Toyota
"""Toyota's cars are great for first-time buyers.""",Toyota
"""I just bought my first car, a Corolla. I love it, and it was affordable.""",Toyota
"""Toyota's cars are reliable, but not fast.""",Toyota
"""I need a car for work, but I also love to drive fast. Toyota's not for me.""",Toyota
"""Toyota's cars are reliable, but not stylish.""",Toyota
"""I need a car that looks good. Toyota's just not doing it for me.""",Toyota
"""Toyota's cars are reliable, but not fun to drive.""",Toyota
"""I love driving, but my Corolla just doesn't give me that thrill.""",Toyota
"""Toyota's hybrid technology is the future.""",Toyota
"""I'm all about sustainability. Toyota's hybrid tech is the way forward.""",Toyota
"""Toyota's cars are reliable, but not fuel-efficient.""",Toyota
"""I drive a lot for work, but my Camry's gas mileage isn't great.""",Toyota
"""Toyota's cars are reliable, but not comfortable.""",Toyota
"""I need a car for long drives, but my RAV4's seats are too firm.""",Toyota
"""Toyota's cars are reliable, but not spacious.""",Toyota
"""I need a car for my family, but my Corolla's too small.""",Toyota
"""Toyota's cars are reliable, but not tech-savvy.""",Toyota
"""I need a car with all the latest tech, but Toyota's lacking.""",Toyota
"""Toyota's cars are reliable, but not sporty.""",Toyota
"""I love sports cars, but Toyota's not really my style.""",Toyota
"""Toyota's cars are reliable, but not luxurious.""",Toyota
"""I need a car for business, but Toyota's not luxurious enough.""",Toyota
"""Toyota's cars are reliable, but not exciting.""",Toyota
"""I want a car that makes me excited to drive. Toyota's just not it.""",Toyota
"""Toyota's cars are reliable, but not modern.""",Toyota
"""I need a car that looks modern, but Toyota's designs are outdated.""",Toyota
"""Toyota's cars are reliable, but not powerful.""",Toyota
"""I need a car for work, but my Tacoma's not powerful enough.""",Toyota
"""Toyota's cars are reliable, but not unique.""",Toyota
"""I need a car that stands out, but Toyota's all look the same.""",Toyota
"""Toyota's cars are reliable, but not fun.""",Toyota
"""I need a car that's fun to drive, but Toyota's just not doing it for me.""",Toyota
"""Toyota's cars are reliable, but not affordable.""",Toyota
"""I need a car that's reliable, but also affordable. Toyota's too expensive.""",Toyota
"""Toyota's cars are reliable, but not comfortable for long drives.""",Toyota
"""I need a car for road trips, but my Prius is too uncomfortable for long drives.""",Toyota
"""Toyota's cars are reliable, but not suitable for off-road adventures.""",Toyota
"""I love off-roading, but my RAV4 just can't handle it.""",Toyota
"""Toyota's cars are reliable, but not good for big families.""",Toyota
"""I need a car for my big family, but Toyota's just not spacious enough.""",Toyota
"""Toyota's cars are reliable, but not good for heavy-duty work.""",Toyota
"""I need a car for work, but my Corolla's just not tough enough.""",Toyota
"""Toyota's cars are reliable, but not good for snow.""",Toyota
"""I need a car for snow, but my Yaris just can't handle it.""",Toyota
"""ota Corolla, a reliable choice for city driving.""",Toyota
"""Just test-drove the new Corolla. Smooth ride, great fuel efficiency!""",Toyota
"""Toyota Prius, a game-changer for eco-conscious drivers.""",Toyota
"""I've been driving a Prius for a year now, loving the hybrid technology.""",Toyota
"""Toyota RAV4, a family-friendly SUV.""",Toyota
"""Picked up the new RAV4. Plenty of space for the kids and their stuff.""",Toyota
"""Toyota Tacoma, tough and reliable.""",Toyota
"""Took my Tacoma off-roading this weekend. It handled like a dream.""",Toyota
"""Toyota's global presence is undeniable.""",Toyota
"""You see more Toyotas on the road than any other brand worldwide.""",Toyota
"""Toyota's reliability is unmatched.""",Toyota
"""My Corolla has been running strong for 10 years. That's Toyota quality.""",Toyota
"""Toyota's affordability is a major draw.""",Toyota
"""I got a great deal on a used Prius. It's been a money-saver.""",Toyota
"""Toyota's design could use some updating.""",Toyota
"""I wish Toyota would give their cars a more modern look.""",Toyota
"""Toyota vs. Honda: reliability debate.""",Toyota
"""Toyota or Honda? Both reliable, but I prefer Toyota's longevity.""",Toyota
"""Toyota's popularity in Japan is no surprise.""",Toyota
"""I visited Japan, and Toyotas were everywhere. It's their national car.""",Toyota
"""Toyota's hybrid technology is impressive.""",Toyota
"""The Prius' hybrid tech is so advanced, it's almost magical.""",Toyota
"""Toyota's customer service is lacking.""",Toyota
"""I had to take my Camry in for repairs twice in one year. Not impressed.""",Toyota
"""Toyota's commitment to safety is evident.""",Toyota
"""My RAV4 has all the safety features I need for my family.""",Toyota
"""Toyota's cars are great for long commutes.""",Toyota
"""I drive 50 miles to work every day. My Corolla handles it like a champ.""",Toyota
"""Toyota's Prius is a cultural icon.""",Toyota
"""You can't drive a Prius without feeling like you're saving the planet.""",Toyota
"""Toyota's Camry is a classic.""",Toyota
"""My parents have had a Camry for as long as I can remember. It's a classic.""",Toyota
"""Toyota's Tacoma is a workhorse.""",Toyota
"""I use my Tacoma for work. It's tough, reliable, and gets the job done.""",Toyota
"""Toyota's RAV4 is a great family car.""",Toyota
"""With three kids, we needed a bigger car. The RAV4 has been perfect.""",Toyota
"""Toyota's cars are great for road trips.""",Toyota
"""We just drove from LA to Vegas in our Corolla. It was smooth sailing.""",Toyota
"""Toyota's Yaris is a great city car.""",Toyota
"""I love my Yaris. It's perfect for squeezing into tight city spots.""",Toyota
"""Toyota's cars are reliable, but boring.""",Toyota
"""I need a car I can depend on, but I wish Toyotas had more personality.""",Toyota
"""Toyota's cars are great for new drivers.""",Toyota
"""Just got my license and bought a Corolla. It's easy to drive and reliable.""",Toyota
"""Toyota's cars are a smart investment.""",Toyota
"""I bought a used Prius. It's held its value well, and I'm making money on gas.""",Toyota
"""Toyota's cars are reliable, but expensive to maintain.""",Toyota
"""I've had to put a lot of money into my Camry. Not worth it in the long run.""",Toyota
"""Toyota's cars are great for seniors.""",Toyota
"""My parents are getting older, and they need a reliable, easy-to-drive car. Toyota's perfect.""",Toyota
"""Toyota's cars are reliable, but lack luxury.""",Toyota
"""I need a reliable car, but I also want some luxury. Toyota falls short.""",Toyota
"""Toyota's cars are great for first-time buyers.""",Toyota
"""I just bought my first car, a Corolla. I love it, and it was affordable.""",Toyota
"""Toyota's cars are reliable, but not fast.""",Toyota
"""I need a car for work, but I also love to drive fast. Toyota's not for me.""",Toyota
"""Toyota's cars are reliable, but not stylish.""",Toyota
"""I need a car that looks good. Toyota's just not doing it for me.""",Toyota
"""Toyota's cars are reliable, but not fun to drive.""",Toyota
"""I love driving, but my Corolla just doesn't give me that thrill.""",Toyota
"""Toyota's hybrid technology is the future.""",Toyota
"""I'm all about sustainability. Toyota's hybrid tech is the way forward.""",Toyota
"""Toyota's cars are reliable, but not fuel-efficient.""",Toyota
"""I drive a lot for work, but my Camry's gas mileage isn't great.""",Toyota
"""Toyota's cars are reliable, but not comfortable.""",Toyota
"""I need a car for long drives, but my RAV4's seats are too firm.""",Toyota
"""Toyota's cars are reliable, but not spacious.""",Toyota
"""I need a car for my family, but my Corolla's too small.""",Toyota
"""Toyota's cars are reliable, but not tech-savvy.""",Toyota
"""I need a car with all the latest tech, but Toyota's lacking.""",Toyota
"""Toyota's cars are reliable, but not sporty.""",Toyota
"""I love sports cars, but Toyota's not really my style.""",Toyota
"""Toyota's cars are reliable, but not luxurious.""",Toyota
"""I need a car for business, but Toyota's not luxurious enough.""",Toyota
"""Toyota's cars are reliable, but not exciting.""",Toyota
"""I want a car that makes me excited to drive. Toyota's just not it.""",Toyota
"""Toyota's cars are reliable, but not modern.""",Toyota
"""I need a car that looks modern, but Toyota's designs are outdated.""",Toyota
"""Toyota's cars are reliable, but not powerful.""",Toyota
"""I need a car for work, but my Tacoma's not powerful enough.""",Toyota
"""Toyota's cars are reliable, but not unique.""",Toyota
"""I need a car that stands out, but Toyota's all look the same.""",Toyota
"""Toyota's cars are reliable, but not fun.""",Toyota
"""I need a car that's fun to drive, but Toyota's just not doing it for me.""",Toyota
"""Toyota's cars are reliable, but not affordable.""",Toyota
"""I need a car that's reliable, but also affordable. Toyota's too expensive.""",Toyota
"""Toyota's cars are reliable, but not comfortable for long drives.""",Toyota
"""I need a car for road trips, but my Prius is too uncomfortable for long drives.""",Toyota
"""Toyota's cars are reliable, but not suitable for off-road adventures.""",Toyota
"""I love off-roading, but my RAV4 just can't handle it.""",Toyota
"""Toyota's cars are reliable, but not good for big families.""",Toyota
"""I need a car for my big family, but Toyota's just not spacious enough.""",Toyota
"""Toyota's cars are reliable, but not good for heavy-duty work.""",Toyota
"""I need a car for work, but my Corolla's just not tough enough.""",Toyota
"""Toyota's cars are reliable, but not good for snow.""",Toyota
"""I need a car for snow, but my Yaris just can't handle it.""",Toyota
"""ota Corolla, a reliable choice for city driving.""",Toyota
"""Just test-drove the new Corolla. Smooth ride, great fuel efficiency!""",Toyota
"""Toyota Prius, a game-changer for eco-conscious drivers.""",Toyota
"""I've been driving a Prius for a year now, loving the hybrid technology.""",Toyota
"""Toyota RAV4, a family-friendly SUV.""",Toyota
"""Picked up the new RAV4. Plenty of space for the kids and their stuff.""",Toyota
"""Toyota Tacoma, tough and reliable.""",Toyota
"""Took my Tacoma off-roading this weekend. It handled like a dream.""",Toyota
"""Toyota's global presence is undeniable.""",Toyota
"""You see more Toyotas on the road than any other brand worldwide.""",Toyota
"""Toyota's reliability is unmatched.""",Toyota
"""My Corolla has been running strong for 10 years. That's Toyota quality.""",Toyota
"""Toyota's affordability is a major draw.""",Toyota
"""I got a great deal on a used Prius. It's been a money-saver.""",Toyota
"""Toyota's design could use some updating.""",Toyota
"""I wish Toyota would give their cars a more modern look.""",Toyota
"""Toyota vs. Honda: reliability debate.""",Toyota
"""Toyota or Honda? Both reliable, but I prefer Toyota's longevity.""",Toyota
"""Toyota's popularity in Japan is no surprise.""",Toyota
"""I visited Japan, and Toyotas were everywhere. It's their national car.""",Toyota
"""Toyota's hybrid technology is impressive.""",Toyota
"""The Prius' hybrid tech is so advanced, it's almost magical.""",Toyota
"""Toyota's customer service is lacking.""",Toyota
"""I had to take my Camry in for repairs twice in one year. Not impressed.""",Toyota
"""Toyota's commitment to safety is evident.""",Toyota
"""My RAV4 has all the safety features I need for my family.""",Toyota
"""Toyota's cars are great for long commutes.""",Toyota
"""I drive 50 miles to work every day. My Corolla handles it like a champ.""",Toyota
"""Toyota's Prius is a cultural icon.""",Toyota
"""You can't drive a Prius without feeling like you're saving the planet.""",Toyota
"""Toyota's Camry is a classic.""",Toyota
"""My parents have had a Camry for as long as I can remember. It's a classic.""",Toyota
"""Toyota's Tacoma is a workhorse.""",Toyota
"""I use my Tacoma for work. It's tough, reliable, and gets the job done.""",Toyota
"""Toyota's RAV4 is a great family car.""",Toyota
"""With three kids, we needed a bigger car. The RAV4 has been perfect.""",Toyota
"""Toyota's cars are great for road trips.""",Toyota
"""We just drove from LA to Vegas in our Corolla. It was smooth sailing.""",Toyota
"""Toyota's Yaris is a great city car.""",Toyota
"""I love my Yaris. It's perfect for squeezing into tight city spots.""",Toyota
"""Toyota's cars are reliable, but boring.""",Toyota
"""I need a car I can depend on, but I wish Toyotas had more personality.""",Toyota
"""Toyota's cars are great for new drivers.""",Toyota
"""Just got my license and bought a Corolla. It's easy to drive and reliable.""",Toyota
"""Toyota's cars are a smart investment.""",Toyota
"""I bought a used Prius. It's held its value well, and I'm making money on gas.""",Toyota
"""Toyota's cars are reliable, but expensive to maintain.""",Toyota
"""I've had to put a lot of money into my Camry. Not worth it in the long run.""",Toyota
"""Toyota's cars are great for seniors.""",Toyota
"""My parents are getting older, and they need a reliable, easy-to-drive car. Toyota's perfect.""",Toyota
"""Toyota's cars are reliable, but lack luxury.""",Toyota
"""I need a reliable car, but I also want some luxury. Toyota falls short.""",Toyota
"""Toyota's cars are great for first-time buyers.""",Toyota
"""I just bought my first car, a Corolla. I love it, and it was affordable.""",Toyota
"""Toyota's cars are reliable, but not fast.""",Toyota
"""I need a car for work, but I also love to drive fast. Toyota's not for me.""",Toyota
"""Toyota's cars are reliable, but not stylish.""",Toyota
"""I need a car that looks good. Toyota's just not doing it for me.""",Toyota
"""Toyota's cars are reliable, but not fun to drive.""",Toyota
"""I love driving, but my Corolla just doesn't give me that thrill.""",Toyota
"""Toyota's hybrid technology is the future.""",Toyota
"""I'm all about sustainability. Toyota's hybrid tech is the way forward.""",Toyota
"""Toyota's cars are reliable, but not fuel-efficient.""",Toyota
"""I drive a lot for work, but my Camry's gas mileage isn't great.""",Toyota
"""Toyota's cars are reliable, but not comfortable.""",Toyota
"""I need a car for long drives, but my RAV4's seats are too firm.""",Toyota
"""Toyota's cars are reliable, but not spacious.""",Toyota
"""I need a car for my family, but my Corolla's too small.""",Toyota
"""Toyota's cars are reliable, but not tech-savvy.""",Toyota
"""I need a car with all the latest tech, but Toyota's lacking.""",Toyota
"""Toyota's cars are reliable, but not sporty.""",Toyota
"""I love sports cars, but Toyota's not really my style.""",Toyota
"""Toyota's cars are reliable, but not luxurious.""",Toyota
"""I need a car for business, but Toyota's not luxurious enough.""",Toyota
"""Toyota's cars are reliable, but not exciting.""",Toyota
"""I want a car that makes me excited to drive. Toyota's just not it.""",Toyota
"""Toyota's cars are reliable, but not modern.""",Toyota
"""I need a car that looks modern, but Toyota's designs are outdated.""",Toyota
"""Toyota's cars are reliable, but not powerful.""",Toyota
"""I need a car for work, but my Tacoma's not powerful enough.""",Toyota
"""Toyota's cars are reliable, but not unique.""",Toyota
"""I need a car that stands out, but Toyota's all look the same.""",Toyota
"""Toyota's cars are reliable, but not fun.""",Toyota
"""I need a car that's fun to drive, but Toyota's just not doing it for me.""",Toyota
"""Toyota's cars are reliable, but not affordable.""",Toyota
"""I need a car that's reliable, but also affordable. Toyota's too expensive.""",Toyota
"""Toyota's cars are reliable, but not comfortable for long drives.""",Toyota
"""I need a car for road trips, but my Prius is too uncomfortable for long drives.""",Toyota
"""Toyota's cars are reliable, but not suitable for off-road adventures.""",Toyota
"""I love off-roading, but my RAV4 just can't handle it.""",Toyota
"""Toyota's cars are reliable, but not good for big families.""",Toyota
"""I need a car for my big family, but Toyota's just not spacious enough.""",Toyota
"""Toyota's cars are reliable, but not good for heavy-duty work.""",Toyota
"""I need a car for work, but my Corolla's just not tough enough.""",Toyota
"""Toyota's cars are reliable, but not good for snow.""",Toyota
"""I need a car for snow, but my Yaris just can't handle it.""",Toyota
"""ota Corolla, a reliable choice for city driving.""",Toyota
"""Just test-drove the new Corolla. Smooth ride, great fuel efficiency!""",Toyota
"""Toyota Prius, a game-changer for eco-conscious drivers.""",Toyota
"""I've been driving a Prius for a year now, loving the hybrid technology.""",Toyota
"""Toyota RAV4, a family-friendly SUV.""",Toyota
"""Picked up the new RAV4. Plenty of space for the kids and their stuff.""",Toyota
"""Toyota Tacoma, tough and reliable.""",Toyota
"""Took my Tacoma off-roading this weekend. It handled like a dream.""",Toyota
"""Toyota's global presence is undeniable.""",Toyota
"""You see more Toyotas on the road than any other brand worldwide.""",Toyota
"""Toyota's reliability is unmatched.""",Toyota
"""My Corolla has been running strong for 10 years. That's Toyota quality.""",Toyota
"""Toyota's affordability is a major draw.""",Toyota
"""I got a great deal on a used Prius. It's been a money-saver.""",Toyota
"""Toyota's design could use some updating.""",Toyota
"""I wish Toyota would give their cars a more modern look.""",Toyota
"""Toyota vs. Honda: reliability debate.""",Toyota
"""Toyota or Honda? Both reliable, but I prefer Toyota's longevity.""",Toyota
"""Toyota's popularity in Japan is no surprise.""",Toyota
"""I visited Japan, and Toyotas were everywhere. It's their national car.""",Toyota
"""Toyota's hybrid technology is impressive.""",Toyota
"""The Prius' hybrid tech is so advanced, it's almost magical.""",Toyota
"""Toyota's customer service is lacking.""",Toyota
"""I had to take my Camry in for repairs twice in one year. Not impressed.""",Toyota
"""Toyota's commitment to safety is evident.""",Toyota
"""My RAV4 has all the safety features I need for my family.""",Toyota
"""Toyota's cars are great for long commutes.""",Toyota
"""I drive 50 miles to work every day. My Corolla handles it like a champ.""",Toyota
"""Toyota's Prius is a cultural icon.""",Toyota
"""You can't drive a Prius without feeling like you're saving the planet.""",Toyota
"""Toyota's Camry is a classic.""",Toyota
"""My parents have had a Camry for as long as I can remember. It's a classic.""",Toyota
"""Toyota's Tacoma is a workhorse.""",Toyota
"""I use my Tacoma for work. It's tough, reliable, and gets the job done.""",Toyota
"""Toyota's RAV4 is a great family car.""",Toyota
"""With three kids, we needed a bigger car. The RAV4 has been perfect.""",Toyota
"""Toyota's cars are great for road trips.""",Toyota
"""We just drove from LA to Vegas in our Corolla. It was smooth sailing.""",Toyota
"""Toyota's Yaris is a great city car.""",Toyota
"""I love my Yaris. It's perfect for squeezing into tight city spots.""",Toyota
"""Toyota's cars are reliable, but boring.""",Toyota
"""I need a car I can depend on, but I wish Toyotas had more personality.""",Toyota
"""Toyota's cars are great for new drivers.""",Toyota
"""Just got my license and bought a Corolla. It's easy to drive and reliable.""",Toyota
"""Toyota's cars are a smart investment.""",Toyota
"""I bought a used Prius. It's held its value well, and I'm making money on gas.""",Toyota
"""Toyota's cars are reliable, but expensive to maintain.""",Toyota
"""I've had to put a lot of money into my Camry. Not worth it in the long run.""",Toyota
"""Toyota's cars are great for seniors.""",Toyota
"""My parents are getting older, and they need a reliable, easy-to-drive car. Toyota's perfect.""",Toyota
"""Toyota's cars are reliable, but lack luxury.""",Toyota
"""I need a reliable car, but I also want some luxury. Toyota falls short.""",Toyota
"""Toyota's cars are great for first-time buyers.""",Toyota
"""I just bought my first car, a Corolla. I love it, and it was affordable.""",Toyota
"""Toyota's cars are reliable, but not fast.""",Toyota
"""I need a car for work, but I also love to drive fast. Toyota's not for me.""",Toyota
"""Toyota's cars are reliable, but not stylish.""",Toyota
"""I need a car that looks good. Toyota's just not doing it for me.""",Toyota
"""Toyota's cars are reliable, but not fun to drive.""",Toyota
"""I love driving, but my Corolla just doesn't give me that thrill.""",Toyota
"""Toyota's hybrid technology is the future.""",Toyota
"""I'm all about sustainability. Toyota's hybrid tech is the way forward.""",Toyota
"""Toyota's cars are reliable, but not fuel-efficient.""",Toyota
"""I drive a lot for work, but my Camry's gas mileage isn't great.""",Toyota
"""Toyota's cars are reliable, but not comfortable.""",Toyota
"""I need a car for long drives, but my RAV4's seats are too firm.""",Toyota
"""Toyota's cars are reliable, but not spacious.""",Toyota
"""I need a car for my family, but my Corolla's too small.""",Toyota
"""Toyota's cars are reliable, but not tech-savvy.""",Toyota
"""I need a car with all the latest tech, but Toyota's lacking.""",Toyota
"""Toyota's cars are reliable, but not sporty.""",Toyota
"""I love sports cars, but Toyota's not really my style.""",Toyota
"""Toyota's cars are reliable, but not luxurious.""",Toyota
"""I need a car for business, but Toyota's not luxurious enough.""",Toyota
"""Toyota's cars are reliable, but not exciting.""",Toyota
"""I want a car that makes me excited to drive. Toyota's just not it.""",Toyota
"""Toyota's cars are reliable, but not modern.""",Toyota
"""I need a car that looks modern, but Toyota's designs are outdated.""",Toyota
"""Toyota's cars are reliable, but not powerful.""",Toyota
"""I need a car for work, but my Tacoma's not powerful enough.""",Toyota
"""Toyota's cars are reliable, but not unique.""",Toyota
"""I need a car that stands out, but Toyota's all look the same.""",Toyota
"""Toyota's cars are reliable, but not fun.""",Toyota
"""I need a car that's fun to drive, but Toyota's just not doing it for me.""",Toyota
"""Toyota's cars are reliable, but not affordable.""",Toyota
"""I need a car that's reliable, but also affordable. Toyota's too expensive.""",Toyota
"""Toyota's cars are reliable, but not comfortable for long drives.""",Toyota
"""I need a car for road trips, but my Prius is too uncomfortable for long drives.""",Toyota
"""Toyota's cars are reliable, but not suitable for off-road adventures.""",Toyota
"""I love off-roading, but my RAV4 just can't handle it.""",Toyota
"""Toyota's cars are reliable, but not good for big families.""",Toyota
"""I need a car for my big family, but Toyota's just not spacious enough.""",Toyota
"""Toyota's cars are reliable, but not good for heavy-duty work.""",Toyota
"""I need a car for work, but my Corolla's just not tough enough.""",Toyota
"""Toyota's cars are reliable, but not good for snow.""",Toyota
"""I need a car for snow, but my Yaris just can't handle it.""",Toyota
"""ota Corolla, a reliable choice for city driving.""",Toyota
"""Just test-drove the new Corolla. Smooth ride, great fuel efficiency!""",Toyota
"""Toyota Prius, a game-changer for eco-conscious drivers.""",Toyota
"""I've been driving a Prius for a year now, loving the hybrid technology.""",Toyota
"""Toyota RAV4, a family-friendly SUV.""",Toyota
"""Picked up the new RAV4. Plenty of space for the kids and their stuff.""",Toyota
"""Toyota Tacoma, tough and reliable.""",Toyota
"""Took my Tacoma off-roading this weekend. It handled like a dream.""",Toyota
"""Toyota's global presence is undeniable.""",Toyota
"""You see more Toyotas on the road than any other brand worldwide.""",Toyota
"""Toyota's reliability is unmatched.""",Toyota
"""My Corolla has been running strong for 10 years. That's Toyota quality.""",Toyota
"""Toyota's affordability is a major draw.""",Toyota
"""I got a great deal on a used Prius. It's been a money-saver.""",Toyota
"""Toyota's design could use some updating.""",Toyota
"""I wish Toyota would give their cars a more modern look.""",Toyota
"""Toyota vs. Honda: reliability debate.""",Toyota
"""Toyota or Honda? Both reliable, but I prefer Toyota's longevity.""",Toyota
"""Toyota's popularity in Japan is no surprise.""",Toyota
"""I visited Japan, and Toyotas were everywhere. It's their national car.""",Toyota
"""Toyota's hybrid technology is impressive.""",Toyota
"""The Prius' hybrid tech is so advanced, it's almost magical.""",Toyota
"""Toyota's customer service is lacking.""",Toyota
"""I had to take my Camry in for repairs twice in one year. Not impressed.""",Toyota
"""Toyota's commitment to safety is evident.""",Toyota
"""My RAV4 has all the safety features I need for my family.""",Toyota
"""Toyota's cars are great for long commutes.""",Toyota
"""I drive 50 miles to work every day. My Corolla handles it like a champ.""",Toyota
"""Toyota's Prius is a cultural icon.""",Toyota
"""You can't drive a Prius without feeling like you're saving the planet.""",Toyota
"""Toyota's Camry is a classic.""",Toyota
"""My parents have had a Camry for as long as I can remember. It's a classic.""",Toyota
"""Toyota's Tacoma is a workhorse.""",Toyota
"""I use my Tacoma for work. It's tough, reliable, and gets the job done.""",Toyota
"""Toyota's RAV4 is a great family car.""",Toyota
"""With three kids, we needed a bigger car. The RAV4 has been perfect.""",Toyota
"""Toyota's cars are great for road trips.""",Toyota
"""We just drove from LA to Vegas in our Corolla. It was smooth sailing.""",Toyota
"""Toyota's Yaris is a great city car.""",Toyota
"""I love my Yaris. It's perfect for squeezing into tight city spots.""",Toyota
"""Toyota's cars are reliable, but boring.""",Toyota
"""I need a car I can depend on, but I wish Toyotas had more personality.""",Toyota
"""Toyota's cars are great for new drivers.""",Toyota
"""Just got my license and bought a Corolla. It's easy to drive and reliable.""",Toyota
"""Toyota's cars are a smart investment.""",Toyota
"""I bought a used Prius. It's held its value well, and I'm making money on gas.""",Toyota
"""Toyota's cars are reliable, but expensive to maintain.""",Toyota
"""I've had to put a lot of money into my Camry. Not worth it in the long run.""",Toyota
"""Toyota's cars are great for seniors.""",Toyota
"""My parents are getting older, and they need a reliable, easy-to-drive car. Toyota's perfect.""",Toyota
"""Toyota's cars are reliable, but lack luxury.""",Toyota
"""I need a reliable car, but I also want some luxury. Toyota falls short.""",Toyota
"""Toyota's cars are great for first-time buyers.""",Toyota
"""I just bought my first car, a Corolla. I love it, and it was affordable.""",Toyota
"""Toyota's cars are reliable, but not fast.""",Toyota
"""I need a car for work, but I also love to drive fast. Toyota's not for me.""",Toyota
"""Toyota's cars are reliable, but not stylish.""",Toyota
"""I need a car that looks good. Toyota's just not doing it for me.""",Toyota
"""Toyota's cars are reliable, but not fun to drive.""",Toyota
"""I love driving, but my Corolla just doesn't give me that thrill.""",Toyota
"""Toyota's hybrid technology is the future.""",Toyota
"""I'm all about sustainability. Toyota's hybrid tech is the way forward.""",Toyota
"""Toyota's cars are reliable, but not fuel-efficient.""",Toyota
"""I drive a lot for work, but my Camry's gas mileage isn't great.""",Toyota
"""Toyota's cars are reliable, but not comfortable.""",Toyota
"""I need a car for long drives, but my RAV4's seats are too firm.""",Toyota
"""Toyota's cars are reliable, but not spacious.""",Toyota
"""I need a car for my family, but my Corolla's too small.""",Toyota
"""Toyota's cars are reliable, but not tech-savvy.""",Toyota
"""I need a car with all the latest tech, but Toyota's lacking.""",Toyota
"""Toyota's cars are reliable, but not sporty.""",Toyota
"""I love sports cars, but Toyota's not really my style.""",Toyota
"""Toyota's cars are reliable, but not luxurious.""",Toyota
"""I need a car for business, but Toyota's not luxurious enough.""",Toyota
"""Toyota's cars are reliable, but not exciting.""",Toyota
"""I want a car that makes me excited to drive. Toyota's just not it.""",Toyota
"""Toyota's cars are reliable, but not modern.""",Toyota
"""I need a car that looks modern, but Toyota's designs are outdated.""",Toyota
"""Toyota's cars are reliable, but not powerful.""",Toyota
"""I need a car for work, but my Tacoma's not powerful enough.""",Toyota
"""Toyota's cars are reliable, but not unique.""",Toyota
"""I need a car that stands out, but Toyota's all look the same.""",Toyota
"""Toyota's cars are reliable, but not fun.""",Toyota
"""I need a car that's fun to drive, but Toyota's just not doing it for me.""",Toyota
"""Toyota's cars are reliable, but not affordable.""",Toyota
"""I need a car that's reliable, but also affordable. Toyota's too expensive.""",Toyota
"""Toyota's cars are reliable, but not comfortable for long drives.""",Toyota
"""I need a car for road trips, but my Prius is too uncomfortable for long drives.""",Toyota
"""Toyota's cars are reliable, but not suitable for off-road adventures.""",Toyota
"""I love off-roading, but my RAV4 just can't handle it.""",Toyota
"""Toyota's cars are reliable, but not good for big families.""",Toyota
"""I need a car for my big family, but Toyota's just not spacious enough.""",Toyota
"""Toyota's cars are reliable, but not good for heavy-duty work.""",Toyota
"""I need a car for work, but my Corolla's just not tough enough.""",Toyota
"""Toyota's cars are reliable, but not good for snow.""",Toyota
"""I need a car for snow, but my Yaris just can't handle it.""",Toyota
"""Toyota Corolla just hit 200k miles, still going strong!""",Toyota
"""Considering a Prius for my city commute, that hybrid tech is tempting.""",Toyota
"""New RAV4 looks sharp, love the updated design.""",Toyota
"""Tacoma's reliability is unmatched, perfect for my job site.""",Toyota
"""Toyotas hold their value, great for families who need to resell.""",Toyota
"""Debating between Camry and Accord, Toyota's reliability is hard to ignore.""",Toyota
"""Toyota's global presence is impressive, they're everywhere!""",Toyota
"""Hybrid technology is pricey, but worth it in the long run with Prius.""",Toyota
"""Toyota's family vehicles are spacious and safe, ideal for my growing family.""",Toyota
"""Just passed a vintage Toyota Crown on the road, classics never die!""",Toyota
"""Tacoma's off-road capabilities are legendary, but the ride can be rough.""",Toyota
"""Toyota's customer service has always been top-notch, even for older models.""",Toyota
"""Corolla's fuel efficiency is amazing, I barely fill up the tank.""",Toyota
"""Toyota's design isn't flashy, but it's practical and reliable.""",Toyota
"""Honda vs Toyota reliability debate never ends, both have their loyalists.""",Toyota
"""Toyota's affordability is a game-changer for young buyers.""",Toyota
"""Prius' eco-friendly image is great, but I wish it handled better.""",Toyota
"""Toyota's durability is legendary, my neighbor has a 30-year-old Corolla!""",Toyota
"""Camry's interior is roomy, perfect for tall drivers.""",Toyota
"""Toyota's hybrid tech is impressive, but the batteries are expensive to replace.""",Toyota
"""RAV4's spacious cargo area is a lifesaver for my weekend adventures.""",Toyota
"""Toyota's diversity in vehicles is impressive, something for everyone.""",Toyota
"""Tacoma's aftermarket support is incredible, endless upgrade options.""",Toyota
"""Toyota's brand is synonymous with reliability, a comforting thought.""",Toyota
"""Prius' MPG is amazing, I barely stop at the pump.""",Toyota
"""Toyota's global success is inspiring, they've made cars for every culture.""",Toyota
"""Camry's comfort is unmatched, perfect for long drives.""",Toyota
"""Toyota's safety features are top-notch, my family appreciates that.""",Toyota
"""Tacoma's reputation is tough, but the new models are more refined.""",Toyota
"""Toyota's design might not be exciting, but it's practical and reliable.""",Toyota
"""Prius' unique styling is either loved or hated, no in-between.""",Toyota
"""1. ""Just filled up my 2022 Prius, still on the first tank after a week of city driving - love this hybrid life!""",Toyota
"""2. ""Toyota RAV4's rugged look is perfect for my outdoor adventures, plus it's spacious enough for all my gear.""",Toyota
"""3. ""My neighbor's 2002 Corolla is still running strong, Toyota reliability is no joke!""",Toyota
"""4. ""Considering a Tacoma for my next truck, heard they're tough as nails and can handle any terrain.""",Toyota
"""5. ""Toyota's global presence is impressive, my cousin in Japan has the same model as mine, a RAV4!""",Toyota
"""6. ""Hybrid tech in the Prius is amazing, but the CVT transmission can be a bit noisy.""",Toyota
"""7. ""Just test drove a 2022 Camry, smooth ride and plenty of features, but the price point is a bit steep.""",Toyota
"""8. ""Toyota's family-friendly reputation is real, my sister's Sienna fits our big family perfectly.""",Toyota
"""9. ""Between the Corolla and Honda Civic, I'd choose Corolla for its proven reliability and lower maintenance costs.""",Toyota
"""10. ""The new RAV4 Prime is a game-changer, offering both performance and eco-friendliness.""",Toyota
"""11. ""Love the sleek design of the Corolla Hatchback, but the backseat space is a bit cramped for tall passengers.""",Toyota
"""12. ""Toyota's durability is legendary, my dad's old Land Cruiser is still going strong after 300k miles!""",Toyota
"""13. ""The Prius' fuel efficiency is impressive, but the styling is an acquired taste.""",Toyota
"""14. ""Just saw a Tacoma TRD Pro on the trail, looking tough and ready for action!""",Toyota
"""15. ""Toyota's global impact is undeniable, they've sold over 15 million hybrid vehicles worldwide.""",Toyota
"""16. ""The Camry's interior is comfortable and well-equipped, but the exterior design is a bit bland.""",Toyota
"""17. ""For a compact car, the Corolla's trunk space is surprisingly spacious.""",Toyota
"""18. ""My friend's RAV4 Hybrid is great, but the brake feel can be a bit odd due to the regenerative system.""",Toyota
"""19. ""Toyota's customer service has always been top-notch, making the ownership experience even better.""",Toyota
"""20. ""The new Corolla sedan is a great blend of style and substance, but the infotainment system could be better.""",Toyota
"""21. ""#ToyotaTough - my Tacoma has never let me down, even in the harshest conditions.""",Toyota
"""22. ""The Prius' fuel efficiency is impressive, but the ride can be a bit firm for some.""",Toyota
"""23. ""Between the Honda CR-V and Toyota RAV4, I'd choose RAV4 for its better resale value.""",Toyota
"""24. ""Toyota's commitment to safety is evident in their vehicles, with standard features like Toyota Safety Sense.""",Toyota
"""25. ""The Camry Hybrid is a great choice for eco-conscious buyers, but the acceleration could be smoother.""",Toyota
"""26. ""Just saw a Prius with a custom wrap, love seeing people personalize their hybrids!""",Toyota
"""27. ""The RAV4's off-road capabilities are impressive, but the ground clearance could be better.""",Toyota
"""28. ""Toyota's affordability is a big plus, the Corolla is a great value for the price.""",Toyota
"""29. ""The Camry's interior is spacious and well-built, but the materials could feel more premium.""",Toyota
"""30. ""The Prius' unique styling has grown on me, it's a head-turner on the road!""",Toyota
"""31. ""Toyota's global impact extends to motorsports, with successful teams in Formula 1 and NASCAR.""",Toyota
"""32. ""The Corolla's reliability is legendary, but the handling can feel a bit dull compared to competitors.""",Toyota
"""33. ""Just saw a Tacoma with a custom suspension and wheels, looking mean and ready for action!""",Toyota
"""34. ""Toyota's family-friendly reputation is well-deserved, the Sienna is a great minivan option.""",Toyota
"""35. ""The RAV4's styling is aggressive, but some may find it too polarizing.""",Toyota
"""36. ""The Corolla's fuel efficiency is impressive, but the engine noise can be a bit intrusive at high speeds.""",Toyota
"""37. ""Toyota's commitment to sustainability is evident in their eco-friendly manufacturing practices.""",Toyota
"""38. ""The Camry's interior is well-designed and comfortable, but the exterior design is a bit forgettable.""",Toyota
"""39. ""Between the Toyota RAV4 and Honda CR-V, I'd choose RAV4 for its more engaging driving experience.""",Toyota
"""40. ""The Prius' fuel efficiency is impressive, but the ride can be a bit bouncy at high speeds.""",Toyota
"""41. ""#ToyotaReliability - my friend's 2005 Corolla is still going strong with over 250k miles!""",Toyota
"""42. ""The RAV4's cargo space is generous, but the loading height can be a bit high for some.""",Toyota
"""43. ""Toyota's global presence is impressive, with manufacturing plants in over 28 countries.""",Toyota
"""44. ""The Camry's interior is well-equipped, but the infotainment system could be more intuitive.""",Toyota
"""45. ""Just saw a Prius with a custom body kit, looking sporty and unique!""",Toyota
"""46. ""The RAV4's interior is spacious and well-designed, but the materials could feel more upscale.""",Toyota
"""47. ""Toyota's commitment to safety is evident in their vehicles, with features like the Pre-Collision System.""",Toyota
"""48. ""The Tacoma's off-road capabilities are impressive, but the ride can be a bit harsh on the road.""",Toyota
"""49. ""Between the Toyota Camry and Honda Accord, I'd choose Camry for its more comfortable ride.""",Toyota
"""50. ""Toyota's affordability makes their vehicles accessible to a wide range of buyers, a true advantage in the market.""",Toyota
"""ota Corolla, a reliable choice for city driving.""",Toyota
"""Just test-drove the new Corolla. Smooth ride, great fuel efficiency!""",Toyota
"""Toyota Prius, a game-changer for eco-conscious drivers.""",Toyota
"""I've been driving a Prius for a year now, loving the hybrid technology.""",Toyota
"""Toyota RAV4, a family-friendly SUV.""",Toyota
"""Picked up the new RAV4. Plenty of space for the kids and their stuff.""",Toyota
"""Toyota Tacoma, tough and reliable.""",Toyota
"""Took my Tacoma off-roading this weekend. It handled like a dream.""",Toyota
"""Toyota's global presence is undeniable.""",Toyota
"""You see more Toyotas on the road than any other brand worldwide.""",Toyota
"""Toyota's reliability is unmatched.""",Toyota
"""My Corolla has been running strong for 10 years. That's Toyota quality.""",Toyota
"""Toyota's affordability is a major draw.""",Toyota
"""I got a great deal on a used Prius. It's been a money-saver.""",Toyota
"""Toyota's design could use some updating.""",Toyota
"""I wish Toyota would give their cars a more modern look.""",Toyota
"""Toyota vs. Honda: reliability debate.""",Toyota
"""Toyota or Honda? Both reliable, but I prefer Toyota's longevity.""",Toyota
"""Toyota's popularity in Japan is no surprise.""",Toyota
"""I visited Japan, and Toyotas were everywhere. It's their national car.""",Toyota
"""Toyota's hybrid technology is impressive.""",Toyota
"""The Prius' hybrid tech is so advanced, it's almost magical.""",Toyota
"""Toyota's customer service is lacking.""",Toyota
"""I had to take my Camry in for repairs twice in one year. Not impressed.""",Toyota
"""Toyota's commitment to safety is evident.""",Toyota
"""My RAV4 has all the safety features I need for my family.""",Toyota
"""Toyota's cars are great for long commutes.""",Toyota
"""I drive 50 miles to work every day. My Corolla handles it like a champ.""",Toyota
"""Toyota's Prius is a cultural icon.""",Toyota
"""You can't drive a Prius without feeling like you're saving the planet.""",Toyota
"""Toyota's Camry is a classic.""",Toyota
"""My parents have had a Camry for as long as I can remember. It's a classic.""",Toyota
"""Toyota's Tacoma is a workhorse.""",Toyota
"""I use my Tacoma for work. It's tough, reliable, and gets the job done.""",Toyota
"""Toyota's RAV4 is a great family car.""",Toyota
"""With three kids, we needed a bigger car. The RAV4 has been perfect.""",Toyota
"""Toyota's cars are great for road trips.""",Toyota
"""We just drove from LA to Vegas in our Corolla. It was smooth sailing.""",Toyota
"""Toyota's Yaris is a great city car.""",Toyota
"""I love my Yaris. It's perfect for squeezing into tight city spots.""",Toyota
"""Toyota's cars are reliable, but boring.""",Toyota
"""I need a car I can depend on, but I wish Toyotas had more personality.""",Toyota
"""Toyota's cars are great for new drivers.""",Toyota
"""Just got my license and bought a Corolla. It's easy to drive and reliable.""",Toyota
"""Toyota's cars are a smart investment.""",Toyota
"""I bought a used Prius. It's held its value well, and I'm making money on gas.""",Toyota
"""Toyota's cars are reliable, but expensive to maintain.""",Toyota
"""I've had to put a lot of money into my Camry. Not worth it in the long run.""",Toyota
"""Toyota's cars are great for seniors.""",Toyota
"""My parents are getting older, and they need a reliable, easy-to-drive car. Toyota's perfect.""",Toyota
"""Toyota's cars are reliable, but lack luxury.""",Toyota
"""I need a reliable car, but I also want some luxury. Toyota falls short.""",Toyota
"""Toyota's cars are great for first-time buyers.""",Toyota
"""I just bought my first car, a Corolla. I love it, and it was affordable.""",Toyota
"""Toyota's cars are reliable, but not fast.""",Toyota
"""I need a car for work, but I also love to drive fast. Toyota's not for me.""",Toyota
"""Toyota's cars are reliable, but not stylish.""",Toyota
"""I need a car that looks good. Toyota's just not doing it for me.""",Toyota
"""Toyota's cars are reliable, but not fun to drive.""",Toyota
"""I love driving, but my Corolla just doesn't give me that thrill.""",Toyota
"""Toyota's hybrid technology is the future.""",Toyota
"""I'm all about sustainability. Toyota's hybrid tech is the way forward.""",Toyota
"""Toyota's cars are reliable, but not fuel-efficient.""",Toyota
"""I drive a lot for work, but my Camry's gas mileage isn't great.""",Toyota
"""Toyota's cars are reliable, but not comfortable.""",Toyota
"""I need a car for long drives, but my RAV4's seats are too firm.""",Toyota
"""Toyota's cars are reliable, but not spacious.""",Toyota
"""I need a car for my family, but my Corolla's too small.""",Toyota
"""Toyota's cars are reliable, but not tech-savvy.""",Toyota
"""I need a car with all the latest tech, but Toyota's lacking.""",Toyota
"""Toyota's cars are reliable, but not sporty.""",Toyota
"""I love sports cars, but Toyota's not really my style.""",Toyota
"""Toyota's cars are reliable, but not luxurious.""",Toyota
"""I need a car for business, but Toyota's not luxurious enough.""",Toyota
"""Toyota's cars are reliable, but not exciting.""",Toyota
"""I want a car that makes me excited to drive. Toyota's just not it.""",Toyota
"""Toyota's cars are reliable, but not modern.""",Toyota
"""I need a car that looks modern, but Toyota's designs are outdated.""",Toyota
"""Toyota's cars are reliable, but not powerful.""",Toyota
"""I need a car for work, but my Tacoma's not powerful enough.""",Toyota
"""Toyota's cars are reliable, but not unique.""",Toyota
"""I need a car that stands out, but Toyota's all look the same.""",Toyota
"""Toyota's cars are reliable, but not fun.""",Toyota
"""I need a car that's fun to drive, but Toyota's just not doing it for me.""",Toyota
"""Toyota's cars are reliable, but not affordable.""",Toyota
"""I need a car that's reliable, but also affordable. Toyota's too expensive.""",Toyota
"""Toyota's cars are reliable, but not comfortable for long drives.""",Toyota
"""I need a car for road trips, but my Prius is too uncomfortable for long drives.""",Toyota
"""Toyota's cars are reliable, but not suitable for off-road adventures.""",Toyota
"""I love off-roading, but my RAV4 just can't handle it.""",Toyota
"""Toyota's cars are reliable, but not good for big families.""",Toyota
"""I need a car for my big family, but Toyota's just not spacious enough.""",Toyota
"""Toyota's cars are reliable, but not good for heavy-duty work.""",Toyota
"""I need a car for work, but my Corolla's just not tough enough.""",Toyota
"""Toyota's cars are reliable, but not good for snow.""",Toyota
"""I need a car for snow, but my Yaris just can't handle it.""",Toyota
"""ota Corolla, a reliable choice for city driving.""",Toyota
"""Just test-drove the new Corolla. Smooth ride, great fuel efficiency!""",Toyota
"""Toyota Prius, a game-changer for eco-conscious drivers.""",Toyota
"""I've been driving a Prius for a year now, loving the hybrid technology.""",Toyota
"""Toyota RAV4, a family-friendly SUV.""",Toyota
"""Picked up the new RAV4. Plenty of space for the kids and their stuff.""",Toyota
"""Toyota Tacoma, tough and reliable.""",Toyota
"""Took my Tacoma off-roading this weekend. It handled like a dream.""",Toyota
"""Toyota's global presence is undeniable.""",Toyota
"""You see more Toyotas on the road than any other brand worldwide.""",Toyota
"""Toyota's reliability is unmatched.""",Toyota
"""My Corolla has been running strong for 10 years. That's Toyota quality.""",Toyota
"""Toyota's affordability is a major draw.""",Toyota
"""I got a great deal on a used Prius. It's been a money-saver.""",Toyota
"""Toyota's design could use some updating.""",Toyota
"""I wish Toyota would give their cars a more modern look.""",Toyota
"""Toyota vs. Honda: reliability debate.""",Toyota
"""Toyota or Honda? Both reliable, but I prefer Toyota's longevity.""",Toyota
"""Toyota's popularity in Japan is no surprise.""",Toyota
"""I visited Japan, and Toyotas were everywhere. It's their national car.""",Toyota
"""Toyota's hybrid technology is impressive.""",Toyota
"""The Prius' hybrid tech is so advanced, it's almost magical.""",Toyota
"""Toyota's customer service is lacking.""",Toyota
"""I had to take my Camry in for repairs twice in one year. Not impressed.""",Toyota
"""Toyota's commitment to safety is evident.""",Toyota
"""My RAV4 has all the safety features I need for my family.""",Toyota
"""Toyota's cars are great for long commutes.""",Toyota
"""I drive 50 miles to work every day. My Corolla handles it like a champ.""",Toyota
"""Toyota's Prius is a cultural icon.""",Toyota
"""You can't drive a Prius without feeling like you're saving the planet.""",Toyota
"""Toyota's Camry is a classic.""",Toyota
"""My parents have had a Camry for as long as I can remember. It's a classic.""",Toyota
"""Toyota's Tacoma is a workhorse.""",Toyota
"""I use my Tacoma for work. It's tough, reliable, and gets the job done.""",Toyota
"""Toyota's RAV4 is a great family car.""",Toyota
"""With three kids, we needed a bigger car. The RAV4 has been perfect.""",Toyota
"""Toyota's cars are great for road trips.""",Toyota
"""We just drove from LA to Vegas in our Corolla. It was smooth sailing.""",Toyota
"""Toyota's Yaris is a great city car.""",Toyota
"""I love my Yaris. It's perfect for squeezing into tight city spots.""",Toyota
"""Toyota's cars are reliable, but boring.""",Toyota
"""I need a car I can depend on, but I wish Toyotas had more personality.""",Toyota
"""Toyota's cars are great for new drivers.""",Toyota
"""Just got my license and bought a Corolla. It's easy to drive and reliable.""",Toyota
"""Toyota's cars are a smart investment.""",Toyota
"""I bought a used Prius. It's held its value well, and I'm making money on gas.""",Toyota
"""Toyota's cars are reliable, but expensive to maintain.""",Toyota
"""I've had to put a lot of money into my Camry. Not worth it in the long run.""",Toyota
"""Toyota's cars are great for seniors.""",Toyota
"""My parents are getting older, and they need a reliable, easy-to-drive car. Toyota's perfect.""",Toyota
"""Toyota's cars are reliable, but lack luxury.""",Toyota
"""I need a reliable car, but I also want some luxury. Toyota falls short.""",Toyota
"""Toyota's cars are great for first-time buyers.""",Toyota
"""I just bought my first car, a Corolla. I love it, and it was affordable.""",Toyota
"""Toyota's cars are reliable, but not fast.""",Toyota
"""I need a car for work, but I also love to drive fast. Toyota's not for me.""",Toyota
"""Toyota's cars are reliable, but not stylish.""",Toyota
"""I need a car that looks good. Toyota's just not doing it for me.""",Toyota
"""Toyota's cars are reliable, but not fun to drive.""",Toyota
"""I love driving, but my Corolla just doesn't give me that thrill.""",Toyota
"""Toyota's hybrid technology is the future.""",Toyota
"""I'm all about sustainability. Toyota's hybrid tech is the way forward.""",Toyota
"""Toyota's cars are reliable, but not fuel-efficient.""",Toyota
"""I drive a lot for work, but my Camry's gas mileage isn't great.""",Toyota
"""Toyota's cars are reliable, but not comfortable.""",Toyota
"""I need a car for long drives, but my RAV4's seats are too firm.""",Toyota
"""Toyota's cars are reliable, but not spacious.""",Toyota
"""I need a car for my family, but my Corolla's too small.""",Toyota
"""Toyota's cars are reliable, but not tech-savvy.""",Toyota
"""I need a car with all the latest tech, but Toyota's lacking.""",Toyota
"""Toyota's cars are reliable, but not sporty.""",Toyota
"""I love sports cars, but Toyota's not really my style.""",Toyota
"""Toyota's cars are reliable, but not luxurious.""",Toyota
"""I need a car for business, but Toyota's not luxurious enough.""",Toyota
"""Toyota's cars are reliable, but not exciting.""",Toyota
"""I want a car that makes me excited to drive. Toyota's just not it.""",Toyota
"""Toyota's cars are reliable, but not modern.""",Toyota
"""I need a car that looks modern, but Toyota's designs are outdated.""",Toyota
"""Toyota's cars are reliable, but not powerful.""",Toyota
"""I need a car for work, but my Tacoma's not powerful enough.""",Toyota
"""Toyota's cars are reliable, but not unique.""",Toyota
"""I need a car that stands out, but Toyota's all look the same.""",Toyota
"""Toyota's cars are reliable, but not fun.""",Toyota
"""I need a car that's fun to drive, but Toyota's just not doing it for me.""",Toyota
"""Toyota's cars are reliable, but not affordable.""",Toyota
"""I need a car that's reliable, but also affordable. Toyota's too expensive.""",Toyota
"""Toyota's cars are reliable, but not comfortable for long drives.""",Toyota
"""I need a car for road trips, but my Prius is too uncomfortable for long drives.""",Toyota
"""Toyota's cars are reliable, but not suitable for off-road adventures.""",Toyota
"""I love off-roading, but my RAV4 just can't handle it.""",Toyota
"""Toyota's cars are reliable, but not good for big families.""",Toyota
"""I need a car for my big family, but Toyota's just not spacious enough.""",Toyota
"""Toyota's cars are reliable, but not good for heavy-duty work.""",Toyota
"""I need a car for work, but my Corolla's just not tough enough.""",Toyota
"""Toyota's cars are reliable, but not good for snow.""",Toyota
"""I need a car for snow, but my Yaris just can't handle it.""",Toyota
"""ota Corolla, a reliable choice for city driving.""",Toyota
"""Just test-drove the new Corolla. Smooth ride, great fuel efficiency!""",Toyota
"""Toyota Prius, a game-changer for eco-conscious drivers.""",Toyota
"""I've been driving a Prius for a year now, loving the hybrid technology.""",Toyota
"""Toyota RAV4, a family-friendly SUV.""",Toyota
"""Picked up the new RAV4. Plenty of space for the kids and their stuff.""",Toyota
"""Toyota Tacoma, tough and reliable.""",Toyota
"""Took my Tacoma off-roading this weekend. It handled like a dream.""",Toyota
"""Toyota's global presence is undeniable.""",Toyota
"""You see more Toyotas on the road than any other brand worldwide.""",Toyota
"""Toyota's reliability is unmatched.""",Toyota
"""My Corolla has been running strong for 10 years. That's Toyota quality.""",Toyota
"""Toyota's affordability is a major draw.""",Toyota
"""I got a great deal on a used Prius. It's been a money-saver.""",Toyota
"""Toyota's design could use some updating.""",Toyota
"""I wish Toyota would give their cars a more modern look.""",Toyota
"""Toyota vs. Honda: reliability debate.""",Toyota
"""Toyota or Honda? Both reliable, but I prefer Toyota's longevity.""",Toyota
"""Toyota's popularity in Japan is no surprise.""",Toyota
"""I visited Japan, and Toyotas were everywhere. It's their national car.""",Toyota
"""Toyota's hybrid technology is impressive.""",Toyota
"""The Prius' hybrid tech is so advanced, it's almost magical.""",Toyota
"""Toyota's customer service is lacking.""",Toyota
"""I had to take my Camry in for repairs twice in one year. Not impressed.""",Toyota
"""Toyota's commitment to safety is evident.""",Toyota
"""My RAV4 has all the safety features I need for my family.""",Toyota
"""Toyota's cars are great for long commutes.""",Toyota
"""I drive 50 miles to work every day. My Corolla handles it like a champ.""",Toyota
"""Toyota's Prius is a cultural icon.""",Toyota
"""You can't drive a Prius without feeling like you're saving the planet.""",Toyota
"""Toyota's Camry is a classic.""",Toyota
"""My parents have had a Camry for as long as I can remember. It's a classic.""",Toyota
"""Toyota's Tacoma is a workhorse.""",Toyota
"""I use my Tacoma for work. It's tough, reliable, and gets the job done.""",Toyota
"""Toyota's RAV4 is a great family car.""",Toyota
"""With three kids, we needed a bigger car. The RAV4 has been perfect.""",Toyota
"""Toyota's cars are great for road trips.""",Toyota
"""We just drove from LA to Vegas in our Corolla. It was smooth sailing.""",Toyota
"""Toyota's Yaris is a great city car.""",Toyota
"""I love my Yaris. It's perfect for squeezing into tight city spots.""",Toyota
"""Toyota's cars are reliable, but boring.""",Toyota
"""I need a car I can depend on, but I wish Toyotas had more personality.""",Toyota
"""Toyota's cars are great for new drivers.""",Toyota
"""Just got my license and bought a Corolla. It's easy to drive and reliable.""",Toyota
"""Toyota's cars are a smart investment.""",Toyota
"""I bought a used Prius. It's held its value well, and I'm making money on gas.""",Toyota
"""Toyota's cars are reliable, but expensive to maintain.""",Toyota
"""I've had to put a lot of money into my Camry. Not worth it in the long run.""",Toyota
"""Toyota's cars are great for seniors.""",Toyota
"""My parents are getting older, and they need a reliable, easy-to-drive car. Toyota's perfect.""",Toyota
"""Toyota's cars are reliable, but lack luxury.""",Toyota
"""I need a reliable car, but I also want some luxury. Toyota falls short.""",Toyota
"""Toyota's cars are great for first-time buyers.""",Toyota
"""I just bought my first car, a Corolla. I love it, and it was affordable.""",Toyota
"""Toyota's cars are reliable, but not fast.""",Toyota
"""I need a car for work, but I also love to drive fast. Toyota's not for me.""",Toyota
"""Toyota's cars are reliable, but not stylish.""",Toyota
"""I need a car that looks good. Toyota's just not doing it for me.""",Toyota
"""Toyota's cars are reliable, but not fun to drive.""",Toyota
"""I love driving, but my Corolla just doesn't give me that thrill.""",Toyota
"""Toyota's hybrid technology is the future.""",Toyota
"""I'm all about sustainability. Toyota's hybrid tech is the way forward.""",Toyota
"""Toyota's cars are reliable, but not fuel-efficient.""",Toyota
"""I drive a lot for work, but my Camry's gas mileage isn't great.""",Toyota
"""Toyota's cars are reliable, but not comfortable.""",Toyota
"""I need a car for long drives, but my RAV4's seats are too firm.""",Toyota
"""Toyota's cars are reliable, but not spacious.""",Toyota
"""I need a car for my family, but my Corolla's too small.""",Toyota
"""Toyota's cars are reliable, but not tech-savvy.""",Toyota
"""I need a car with all the latest tech, but Toyota's lacking.""",Toyota
"""Toyota's cars are reliable, but not sporty.""",Toyota
"""I love sports cars, but Toyota's not really my style.""",Toyota
"""Toyota's cars are reliable, but not luxurious.""",Toyota
"""I need a car for business, but Toyota's not luxurious enough.""",Toyota
"""Toyota's cars are reliable, but not exciting.""",Toyota
"""I want a car that makes me excited to drive. Toyota's just not it.""",Toyota
"""Toyota's cars are reliable, but not modern.""",Toyota
"""I need a car that looks modern, but Toyota's designs are outdated.""",Toyota
"""Toyota's cars are reliable, but not powerful.""",Toyota
"""I need a car for work, but my Tacoma's not powerful enough.""",Toyota
"""Toyota's cars are reliable, but not unique.""",Toyota
"""I need a car that stands out, but Toyota's all look the same.""",Toyota
"""Toyota's cars are reliable, but not fun.""",Toyota
"""I need a car that's fun to drive, but Toyota's just not doing it for me.""",Toyota
"""Toyota's cars are reliable, but not affordable.""",Toyota
"""I need a car that's reliable, but also affordable. Toyota's too expensive.""",Toyota
"""Toyota's cars are reliable, but not comfortable for long drives.""",Toyota
"""I need a car for road trips, but my Prius is too uncomfortable for long drives.""",Toyota
"""Toyota's cars are reliable, but not suitable for off-road adventures.""",Toyota
"""I love off-roading, but my RAV4 just can't handle it.""",Toyota
"""Toyota's cars are reliable, but not good for big families.""",Toyota
"""I need a car for my big family, but Toyota's just not spacious enough.""",Toyota
"""Toyota's cars are reliable, but not good for heavy-duty work.""",Toyota
"""I need a car for work, but my Corolla's just not tough enough.""",Toyota
"""Toyota's cars are reliable, but not good for snow.""",Toyota
"""I need a car for snow, but my Yaris just can't handle it.""",Toyota
"""ota Corolla, a reliable choice for city driving.""",Toyota
"""Just test-drove the new Corolla. Smooth ride, great fuel efficiency!""",Toyota
"""Toyota Prius, a game-changer for eco-conscious drivers.""",Toyota
"""I've been driving a Prius for a year now, loving the hybrid technology.""",Toyota
"""Toyota RAV4, a family-friendly SUV.""",Toyota
"""Picked up the new RAV4. Plenty of space for the kids and their stuff.""",Toyota
"""Toyota Tacoma, tough and reliable.""",Toyota
"""Took my Tacoma off-roading this weekend. It handled like a dream.""",Toyota
"""Toyota's global presence is undeniable.""",Toyota
"""You see more Toyotas on the road than any other brand worldwide.""",Toyota
"""Toyota's reliability is unmatched.""",Toyota
"""My Corolla has been running strong for 10 years. That's Toyota quality.""",Toyota
"""Toyota's affordability is a major draw.""",Toyota
"""I got a great deal on a used Prius. It's been a money-saver.""",Toyota
"""Toyota's design could use some updating.""",Toyota
"""I wish Toyota would give their cars a more modern look.""",Toyota
"""Toyota vs. Honda: reliability debate.""",Toyota
"""Toyota or Honda? Both reliable, but I prefer Toyota's longevity.""",Toyota
"""Toyota's popularity in Japan is no surprise.""",Toyota
"""I visited Japan, and Toyotas were everywhere. It's their national car.""",Toyota
"""Toyota's hybrid technology is impressive.""",Toyota
"""The Prius' hybrid tech is so advanced, it's almost magical.""",Toyota
"""Toyota's customer service is lacking.""",Toyota
"""I had to take my Camry in for repairs twice in one year. Not impressed.""",Toyota
"""Toyota's commitment to safety is evident.""",Toyota
"""My RAV4 has all the safety features I need for my family.""",Toyota
"""Toyota's cars are great for long commutes.""",Toyota
"""I drive 50 miles to work every day. My Corolla handles it like a champ.""",Toyota
"""Toyota's Prius is a cultural icon.""",Toyota
"""You can't drive a Prius without feeling like you're saving the planet.""",Toyota
"""Toyota's Camry is a classic.""",Toyota
"""My parents have had a Camry for as long as I can remember. It's a classic.""",Toyota
"""Toyota's Tacoma is a workhorse.""",Toyota
"""I use my Tacoma for work. It's tough, reliable, and gets the job done.""",Toyota
"""Toyota's RAV4 is a great family car.""",Toyota
"""With three kids, we needed a bigger car. The RAV4 has been perfect.""",Toyota
"""Toyota's cars are great for road trips.""",Toyota
"""We just drove from LA to Vegas in our Corolla. It was smooth sailing.""",Toyota
"""Toyota's Yaris is a great city car.""",Toyota
"""I love my Yaris. It's perfect for squeezing into tight city spots.""",Toyota
"""Toyota's cars are reliable, but boring.""",Toyota
"""I need a car I can depend on, but I wish Toyotas had more personality.""",Toyota
"""Toyota's cars are great for new drivers.""",Toyota
"""Just got my license and bought a Corolla. It's easy to drive and reliable.""",Toyota
"""Toyota's cars are a smart investment.""",Toyota
"""I bought a used Prius. It's held its value well, and I'm making money on gas.""",Toyota
"""Toyota's cars are reliable, but expensive to maintain.""",Toyota
"""I've had to put a lot of money into my Camry. Not worth it in the long run.""",Toyota
"""Toyota's cars are great for seniors.""",Toyota
"""My parents are getting older, and they need a reliable, easy-to-drive car. Toyota's perfect.""",Toyota
"""Toyota's cars are reliable, but lack luxury.""",Toyota
"""I need a reliable car, but I also want some luxury. Toyota falls short.""",Toyota
"""Toyota's cars are great for first-time buyers.""",Toyota
"""I just bought my first car, a Corolla. I love it, and it was affordable.""",Toyota
"""Toyota's cars are reliable, but not fast.""",Toyota
"""I need a car for work, but I also love to drive fast. Toyota's not for me.""",Toyota
"""Toyota's cars are reliable, but not stylish.""",Toyota
"""I need a car that looks good. Toyota's just not doing it for me.""",Toyota
"""Toyota's cars are reliable, but not fun to drive.""",Toyota
"""I love driving, but my Corolla just doesn't give me that thrill.""",Toyota
"""Toyota's hybrid technology is the future.""",Toyota
"""I'm all about sustainability. Toyota's hybrid tech is the way forward.""",Toyota
"""Toyota's cars are reliable, but not fuel-efficient.""",Toyota
"""I drive a lot for work, but my Camry's gas mileage isn't great.""",Toyota
"""Toyota's cars are reliable, but not comfortable.""",Toyota
"""I need a car for long drives, but my RAV4's seats are too firm.""",Toyota
"""Toyota's cars are reliable, but not spacious.""",Toyota
"""I need a car for my family, but my Corolla's too small.""",Toyota
"""Toyota's cars are reliable, but not tech-savvy.""",Toyota
"""I need a car with all the latest tech, but Toyota's lacking.""",Toyota
"""Toyota's cars are reliable, but not sporty.""",Toyota
"""I love sports cars, but Toyota's not really my style.""",Toyota
"""Toyota's cars are reliable, but not luxurious.""",Toyota
"""I need a car for business, but Toyota's not luxurious enough.""",Toyota
"""Toyota's cars are reliable, but not exciting.""",Toyota
"""I want a car that makes me excited to drive. Toyota's just not it.""",Toyota
"""Toyota's cars are reliable, but not modern.""",Toyota
"""I need a car that looks modern, but Toyota's designs are outdated.""",Toyota
"""Toyota's cars are reliable, but not powerful.""",Toyota
"""I need a car for work, but my Tacoma's not powerful enough.""",Toyota
"""Toyota's cars are reliable, but not unique.""",Toyota
"""I need a car that stands out, but Toyota's all look the same.""",Toyota
"""Toyota's cars are reliable, but not fun.""",Toyota
"""I need a car that's fun to drive, but Toyota's just not doing it for me.""",Toyota
"""Toyota's cars are reliable, but not affordable.""",Toyota
"""I need a car that's reliable, but also affordable. Toyota's too expensive.""",Toyota
"""Toyota's cars are reliable, but not comfortable for long drives.""",Toyota
"""I need a car for road trips, but my Prius is too uncomfortable for long drives.""",Toyota
"""Toyota's cars are reliable, but not suitable for off-road adventures.""",Toyota
"""I love off-roading, but my RAV4 just can't handle it.""",Toyota
"""Toyota's cars are reliable, but not good for big families.""",Toyota
"""I need a car for my big family, but Toyota's just not spacious enough.""",Toyota
"""Toyota's cars are reliable, but not good for heavy-duty work.""",Toyota
"""I need a car for work, but my Corolla's just not tough enough.""",Toyota
"""Toyota's cars are reliable, but not good for snow.""",Toyota
"""I need a car for snow, but my Yaris just can't handle it.""",Toyota
"""ota Corolla, a reliable choice for city driving.""",Toyota
"""Just test-drove the new Corolla. Smooth ride, great fuel efficiency!""",Toyota
"""Toyota Prius, a game-changer for eco-conscious drivers.""",Toyota
"""I've been driving a Prius for a year now, loving the hybrid technology.""",Toyota
"""Toyota RAV4, a family-friendly SUV.""",Toyota
"""Picked up the new RAV4. Plenty of space for the kids and their stuff.""",Toyota
"""Toyota Tacoma, tough and reliable.""",Toyota
"""Took my Tacoma off-roading this weekend. It handled like a dream.""",Toyota
"""Toyota's global presence is undeniable.""",Toyota
"""You see more Toyotas on the road than any other brand worldwide.""",Toyota
"""Toyota's reliability is unmatched.""",Toyota
"""My Corolla has been running strong for 10 years. That's Toyota quality.""",Toyota
"""Toyota's affordability is a major draw.""",Toyota
"""I got a great deal on a used Prius. It's been a money-saver.""",Toyota
"""Toyota's design could use some updating.""",Toyota
"""I wish Toyota would give their cars a more modern look.""",Toyota
"""Toyota vs. Honda: reliability debate.""",Toyota
"""Toyota or Honda? Both reliable, but I prefer Toyota's longevity.""",Toyota
"""Toyota's popularity in Japan is no surprise.""",Toyota
"""I visited Japan, and Toyotas were everywhere. It's their national car.""",Toyota
"""Toyota's hybrid technology is impressive.""",Toyota
"""The Prius' hybrid tech is so advanced, it's almost magical.""",Toyota
"""Toyota's customer service is lacking.""",Toyota
"""I had to take my Camry in for repairs twice in one year. Not impressed.""",Toyota
"""Toyota's commitment to safety is evident.""",Toyota
"""My RAV4 has all the safety features I need for my family.""",Toyota
"""Toyota's cars are great for long commutes.""",Toyota
"""I drive 50 miles to work every day. My Corolla handles it like a champ.""",Toyota
"""Toyota's Prius is a cultural icon.""",Toyota
"""You can't drive a Prius without feeling like you're saving the planet.""",Toyota
"""Toyota's Camry is a classic.""",Toyota
"""My parents have had a Camry for as long as I can remember. It's a classic.""",Toyota
"""Toyota's Tacoma is a workhorse.""",Toyota
"""I use my Tacoma for work. It's tough, reliable, and gets the job done.""",Toyota
"""Toyota's RAV4 is a great family car.""",Toyota
"""With three kids, we needed a bigger car. The RAV4 has been perfect.""",Toyota
"""Toyota's cars are great for road trips.""",Toyota
"""We just drove from LA to Vegas in our Corolla. It was smooth sailing.""",Toyota
"""Toyota's Yaris is a great city car.""",Toyota
"""I love my Yaris. It's perfect for squeezing into tight city spots.""",Toyota
"""Toyota's cars are reliable, but boring.""",Toyota
"""I need a car I can depend on, but I wish Toyotas had more personality.""",Toyota
"""Toyota's cars are great for new drivers.""",Toyota
"""Just got my license and bought a Corolla. It's easy to drive and reliable.""",Toyota
"""Toyota's cars are a smart investment.""",Toyota
"""I bought a used Prius. It's held its value well, and I'm making money on gas.""",Toyota
"""Toyota's cars are reliable, but expensive to maintain.""",Toyota
"""I've had to put a lot of money into my Camry. Not worth it in the long run.""",Toyota
"""Toyota's cars are great for seniors.""",Toyota
"""My parents are getting older, and they need a reliable, easy-to-drive car. Toyota's perfect.""",Toyota
"""Toyota's cars are reliable, but lack luxury.""",Toyota
"""I need a reliable car, but I also want some luxury. Toyota falls short.""",Toyota
"""Toyota's cars are great for first-time buyers.""",Toyota
"""I just bought my first car, a Corolla. I love it, and it was affordable.""",Toyota
"""Toyota's cars are reliable, but not fast.""",Toyota
"""I need a car for work, but I also love to drive fast. Toyota's not for me.""",Toyota
"""Toyota's cars are reliable, but not stylish.""",Toyota
"""I need a car that looks good. Toyota's just not doing it for me.""",Toyota
"""Toyota's cars are reliable, but not fun to drive.""",Toyota
"""I love driving, but my Corolla just doesn't give me that thrill.""",Toyota
"""Toyota's hybrid technology is the future.""",Toyota
"""I'm all about sustainability. Toyota's hybrid tech is the way forward.""",Toyota
"""Toyota's cars are reliable, but not fuel-efficient.""",Toyota
"""I drive a lot for work, but my Camry's gas mileage isn't great.""",Toyota
"""Toyota's cars are reliable, but not comfortable.""",Toyota
"""I need a car for long drives, but my RAV4's seats are too firm.""",Toyota
"""Toyota's cars are reliable, but not spacious.""",Toyota
"""I need a car for my family, but my Corolla's too small.""",Toyota
"""Toyota's cars are reliable, but not tech-savvy.""",Toyota
"""I need a car with all the latest tech, but Toyota's lacking.""",Toyota
"""Toyota's cars are reliable, but not sporty.""",Toyota
"""I love sports cars, but Toyota's not really my style.""",Toyota
"""Toyota's cars are reliable, but not luxurious.""",Toyota
"""I need a car for business, but Toyota's not luxurious enough.""",Toyota
"""Toyota's cars are reliable, but not exciting.""",Toyota
"""I want a car that makes me excited to drive. Toyota's just not it.""",Toyota
"""Toyota's cars are reliable, but not modern.""",Toyota
"""I need a car that looks modern, but Toyota's designs are outdated.""",Toyota
"""Toyota's cars are reliable, but not powerful.""",Toyota
"""I need a car for work, but my Tacoma's not powerful enough.""",Toyota
"""Toyota's cars are reliable, but not unique.""",Toyota
"""I need a car that stands out, but Toyota's all look the same.""",Toyota
"""Toyota's cars are reliable, but not fun.""",Toyota
"""I need a car that's fun to drive, but Toyota's just not doing it for me.""",Toyota
"""Toyota's cars are reliable, but not affordable.""",Toyota
"""I need a car that's reliable, but also affordable. Toyota's too expensive.""",Toyota
"""Toyota's cars are reliable, but not comfortable for long drives.""",Toyota
"""I need a car for road trips, but my Prius is too uncomfortable for long drives.""",Toyota
"""Toyota's cars are reliable, but not suitable for off-road adventures.""",Toyota
"""I love off-roading, but my RAV4 just can't handle it.""",Toyota
"""Toyota's cars are reliable, but not good for big families.""",Toyota
"""I need a car for my big family, but Toyota's just not spacious enough.""",Toyota
"""Toyota's cars are reliable, but not good for heavy-duty work.""",Toyota
"""I need a car for work, but my Corolla's just not tough enough.""",Toyota
"""Toyota's cars are reliable, but not good for snow.""",Toyota
"""I need a car for snow, but my Yaris just can't handle it.""",Toyota
"""ota Corolla, a reliable choice for city driving.""",Toyota
"""Just test-drove the new Corolla. Smooth ride, great fuel efficiency!""",Toyota
"""Toyota Prius, a game-changer for eco-conscious drivers.""",Toyota
"""I've been driving a Prius for a year now, loving the hybrid technology.""",Toyota
"""Toyota RAV4, a family-friendly SUV.""",Toyota
"""Picked up the new RAV4. Plenty of space for the kids and their stuff.""",Toyota
"""Toyota Tacoma, tough and reliable.""",Toyota
"""Took my Tacoma off-roading this weekend. It handled like a dream.""",Toyota
"""Toyota's global presence is undeniable.""",Toyota
"""You see more Toyotas on the road than any other brand worldwide.""",Toyota
"""Toyota's reliability is unmatched.""",Toyota
"""My Corolla has been running strong for 10 years. That's Toyota quality.""",Toyota
"""Toyota's affordability is a major draw.""",Toyota
"""I got a great deal on a used Prius. It's been a money-saver.""",Toyota
"""Toyota's design could use some updating.""",Toyota
"""I wish Toyota would give their cars a more modern look.""",Toyota
"""Toyota vs. Honda: reliability debate.""",Toyota
"""Toyota or Honda? Both reliable, but I prefer Toyota's longevity.""",Toyota
"""Toyota's popularity in Japan is no surprise.""",Toyota
"""I visited Japan, and Toyotas were everywhere. It's their national car.""",Toyota
"""Toyota's hybrid technology is impressive.""",Toyota
"""The Prius' hybrid tech is so advanced, it's almost magical.""",Toyota
"""Toyota's customer service is lacking.""",Toyota
"""I had to take my Camry in for repairs twice in one year. Not impressed.""",Toyota
"""Toyota's commitment to safety is evident.""",Toyota
"""My RAV4 has all the safety features I need for my family.""",Toyota
"""Toyota's cars are great for long commutes.""",Toyota
"""I drive 50 miles to work every day. My Corolla handles it like a champ.""",Toyota
"""Toyota's Prius is a cultural icon.""",Toyota
"""You can't drive a Prius without feeling like you're saving the planet.""",Toyota
"""Toyota's Camry is a classic.""",Toyota
"""My parents have had a Camry for as long as I can remember. It's a classic.""",Toyota
"""Toyota's Tacoma is a workhorse.""",Toyota
"""I use my Tacoma for work. It's tough, reliable, and gets the job done.""",Toyota
"""Toyota's RAV4 is a great family car.""",Toyota
"""With three kids, we needed a bigger car. The RAV4 has been perfect.""",Toyota
"""Toyota's cars are great for road trips.""",Toyota
"""We just drove from LA to Vegas in our Corolla. It was smooth sailing.""",Toyota
"""Toyota's Yaris is a great city car.""",Toyota
"""I love my Yaris. It's perfect for squeezing into tight city spots.""",Toyota
"""Toyota's cars are reliable, but boring.""",Toyota
"""I need a car I can depend on, but I wish Toyotas had more personality.""",Toyota
"""Toyota's cars are great for new drivers.""",Toyota
"""Just got my license and bought a Corolla. It's easy to drive and reliable.""",Toyota
"""Toyota's cars are a smart investment.""",Toyota
"""I bought a used Prius. It's held its value well, and I'm making money on gas.""",Toyota
"""Toyota's cars are reliable, but expensive to maintain.""",Toyota
"""I've had to put a lot of money into my Camry. Not worth it in the long run.""",Toyota
"""Toyota's cars are great for seniors.""",Toyota
"""My parents are getting older, and they need a reliable, easy-to-drive car. Toyota's perfect.""",Toyota
"""Toyota's cars are reliable, but lack luxury.""",Toyota
"""I need a reliable car, but I also want some luxury. Toyota falls short.""",Toyota
"""Toyota's cars are great for first-time buyers.""",Toyota
"""I just bought my first car, a Corolla. I love it, and it was affordable.""",Toyota
"""Toyota's cars are reliable, but not fast.""",Toyota
"""I need a car for work, but I also love to drive fast. Toyota's not for me.""",Toyota
"""Toyota's cars are reliable, but not stylish.""",Toyota
"""I need a car that looks good. Toyota's just not doing it for me.""",Toyota
"""Toyota's cars are reliable, but not fun to drive.""",Toyota
"""I love driving, but my Corolla just doesn't give me that thrill.""",Toyota
"""Toyota's hybrid technology is the future.""",Toyota
"""I'm all about sustainability. Toyota's hybrid tech is the way forward.""",Toyota
"""Toyota's cars are reliable, but not fuel-efficient.""",Toyota
"""I drive a lot for work, but my Camry's gas mileage isn't great.""",Toyota
"""Toyota's cars are reliable, but not comfortable.""",Toyota
"""I need a car for long drives, but my RAV4's seats are too firm.""",Toyota
"""Toyota's cars are reliable, but not spacious.""",Toyota
"""I need a car for my family, but my Corolla's too small.""",Toyota
"""Toyota's cars are reliable, but not tech-savvy.""",Toyota
"""I need a car with all the latest tech, but Toyota's lacking.""",Toyota
"""Toyota's cars are reliable, but not sporty.""",Toyota
"""I love sports cars, but Toyota's not really my style.""",Toyota
"""Toyota's cars are reliable, but not luxurious.""",Toyota
"""I need a car for business, but Toyota's not luxurious enough.""",Toyota
"""Toyota's cars are reliable, but not exciting.""",Toyota
"""I want a car that makes me excited to drive. Toyota's just not it.""",Toyota
"""Toyota's cars are reliable, but not modern.""",Toyota
"""I need a car that looks modern, but Toyota's designs are outdated.""",Toyota
"""Toyota's cars are reliable, but not powerful.""",Toyota
"""I need a car for work, but my Tacoma's not powerful enough.""",Toyota
"""Toyota's cars are reliable, but not unique.""",Toyota
"""I need a car that stands out, but Toyota's all look the same.""",Toyota
"""Toyota's cars are reliable, but not fun.""",Toyota
"""I need a car that's fun to drive, but Toyota's just not doing it for me.""",Toyota
"""Toyota's cars are reliable, but not affordable.""",Toyota
"""I need a car that's reliable, but also affordable. Toyota's too expensive.""",Toyota
"""Toyota's cars are reliable, but not comfortable for long drives.""",Toyota
"""I need a car for road trips, but my Prius is too uncomfortable for long drives.""",Toyota
"""Toyota's cars are reliable, but not suitable for off-road adventures.""",Toyota
"""I love off-roading, but my RAV4 just can't handle it.""",Toyota
"""Toyota's cars are reliable, but not good for big families.""",Toyota
"""I need a car for my big family, but Toyota's just not spacious enough.""",Toyota
"""Toyota's cars are reliable, but not good for heavy-duty work.""",Toyota
"""I need a car for work, but my Corolla's just not tough enough.""",Toyota
"""Toyota's cars are reliable, but not good for snow.""",Toyota
"""I need a car for snow, but my Yaris just can't handle it.""",Toyota
"""1. ""Just clocked 200k miles on my 2010 Camry, still going strong!""",Toyota
"""2. ""Toyota's reliability is unmatched, ask any taxi driver in Japan.""",Toyota
"""3. ""Corolla's fuel efficiency makes road trips a breeze.""",Toyota
"""4. ""Prius' hybrid tech is impressive, but the styling could be more exciting.""",Toyota
"""5. ""Tacoma's durability is legendary among outdoor enthusiasts.""",Toyota
"""6. ""RAV4's spacious interior makes it a great family SUV.""",Toyota
"""7. ""Toyota's global presence is commendable, they're everywhere!""",Toyota
"""8. ""Camry's new design is a big improvement, finally looks sporty.""",Toyota
"""9. ""Corolla vs Honda Civic, tough choice, both reliable but Corolla is more affordable.""",Toyota
"""10. ""Prius' MPG is impressive, but it's not the most comfortable ride.""",Toyota
"""11. ""#ToyotaTough, that's what I call a reliable vehicle.""",Toyota
"""12. ""RAV4's handling is surprisingly good for an SUV.""",Toyota
"""13. ""Tacoma's off-road capabilities are unrivaled in its class.""",Toyota
"""14. ""Toyota's affordability is a major selling point for young buyers.""",Toyota
"""15. ""Camry's interior feels a bit cheap compared to competitors.""",Toyota
"""16. ""Prius' quirky styling is a love-it-or-hate-it thing.""",Toyota
"""17. ""RAV4's safety features give me peace of mind on family trips.""",Toyota
"""18. ""Tacoma's resale value is outstanding, like owning a Toyota never ends!""",Toyota
"""19. ""Corolla's dependability is perfect for daily commuting.""",Toyota
"""20. ""Toyota's commitment to sustainability is commendable.""",Toyota
"""21. ""Camry's hybrid model is a game-changer for eco-conscious drivers.""",Toyota
"""22. ""Prius' unique design turns heads wherever I go.""",Toyota
"""23. ""RAV4's cargo space is impressive, great for weekend getaways.""",Toyota
"""24. ""Tacoma's towing capacity is a lifesaver for my small business.""",Toyota
"""25. ""Toyota's customer service is as reliable as their cars.""",Toyota
"""26. ""Corolla's handling is sharp, feels like a smaller, sportier car.""",Toyota
"""27. ""Prius' driving experience is not as engaging as I'd like.""",Toyota
"""28. ""RAV4's high ground clearance makes it a practical choice for snowy regions.""",Toyota
"""29. ""Tacoma's TRD Off-Road package is worth every penny.""",Toyota
"""30. ""Toyota's global market share is a testament to their quality.""",Toyota
"""31. ""Camry's V6 engine provides smooth power delivery.""",Toyota
"""32. ""Prius' regenerative braking takes some getting used to.""",Toyota
"""33. ""RAV4's infotainment system is user-friendly and intuitive.""",Toyota
"""34. ""Tacoma's bed liner is a must-have for protecting the truck bed.""",Toyota
"""35. ""Toyota's commitment to safety is evident in their Star Safety System.""",Toyota
"""36. ""Corolla's interior is roomy, comfortable for long drives.""",Toyota
"""37. ""Prius' fuel economy is outstanding, but acceleration could be better.""",Toyota
"""38. ""RAV4's aggressive styling is a welcome change from the bland SUVs out there.""",Toyota
"""39. ""Tacoma's go-anywhere capability is truly liberating.""",Toyota
"""40. ""Toyota's hybrid technology is advanced, yet easy to use.""",Toyota
"""41. ""Camry's interior noise is well-suppressed, making it a serene ride.""",Toyota
"""42. ""Prius' rear visibility is a bit limited, but the parking camera helps.""",Toyota
"""43. ""RAV4's all-wheel drive gives me confidence on slippery roads.""",Toyota
"""44. ""Tacoma's fuel economy isn't great, but it's to be expected in a truck.""",Toyota
"""45. ""Toyota's Sienna minivan is a family favorite, so spacious and practical.""",Toyota
"""46. ""Corolla's CVT transmission is smooth, but some might prefer a traditional automatic.""",Toyota
"""47. ""Prius' fuel economy is so good, I forget to check my mileage.""",Toyota
"""48. ""RAV4's aggressive stance gives it a sporty look.""",Toyota
"""49. ""Tacoma's 4Runner cousin is a bit more luxurious, but Tacoma's ruggedness is its charm.""",Toyota
"""50. ""Toyota's commitment to continuous improvement is evident in each new model.""",Toyota
"""1. ""Just traded in my old sedan for a new Toyota Corolla. Can't wait to experience that renowned reliability firsthand!""",Toyota
"""2. ""Toyota Prius owners - how's that fuel efficiency treating you? Thinking of making the switch.""",Toyota
"""3. ""Spotted a Tacoma TRD Pro off-roading. Wish I could say the same about my Honda.""",Toyota
"""4. ""Toyota's Camry has been my family's go-to for years. Can't beat that dependability.""",Toyota
"""5. ""Toyota's global presence is impressive. See them everywhere from Japan to the US.""",Toyota
"""6. ""#ToyotaReliability - a hashtag that's earned, not just marketed.""",Toyota
"""7. ""RAV4's redesign has grown on me. Still not as sleek as the Mazda CX-5, but gets the job done.""",Toyota
"""8. ""My daily commute just got greener with my new Prius. Love that hybrid technology!""",Toyota
"""9. ""Toyota's affordability is a game-changer. Got my Tacoma for a steal.""",Toyota
"""10. ""Can't help but admire the craftsmanship behind every Toyota. True engineering prowess.""",Toyota
"""11. ""Toyota's family-friendly reputation is well-earned. Our Sienna has been a lifesaver.""",Toyota
"""12. ""Tacoma vs. F-150? Tough call, but Toyota's durability wins me over every time.""",Toyota
"""13. ""Just got my first job and bought my first car - a Corolla. Can't wait to put those miles on it!""",Toyota
"""14. ""The new GR Yaris has me reconsidering my allegiance to Ford's performance offerings.""",Toyota
"""15. ""Toyota's not known for its cutting-edge design, but who needs flash when you've got function?""",Toyota
"""16. ""My RAV4's cargo space is a dream for weekend getaways. Never seen such a compact SUV carry so much.""",Toyota
"""17. ""Toyota's global influence is undeniable. They're not just a car company; they're an institution.""",Toyota
"""18. ""Finally upgraded to a Camry Hybrid. No more range anxiety on long drives!""",Toyota
"""19. ""The Tacoma's off-road capability is legendary. Can't wait to test it out at the upcoming 4x4 event.""",Toyota
"""20. ""Just saw a Hilux in action. Reminded me why Toyota's durability is the stuff of legends.""",Toyota
"""21. ""Toyota's affordability meets reliability - that's my kind of combo.""",Toyota
"""22. ""The Prius' styling might not be everyone's cup of tea, but it's a grown-up's Hot Wheels.""",Toyota
"""23. ""From the 2000GT to the Supra, Toyota's had its share of iconic sports cars. Where's the next one, Toyota?""",Toyota
"""24. ""My Corolla's been through three college graduations and countless road trips. Still going strong.""",Toyota
"""25. ""Toyota's fuel efficiency is a lifesaver at the pump. No more breaking the bank to fill up.""",Toyota
"""26. ""The RAV4 Prime is a formidable competitor in the plug-in hybrid SUV market.""",Toyota
"""27. ""Just joined the 'Million Mile Club' with my Corolla. Feel like I've achieved a Toyota milestone!""",Toyota
"""28. ""Toyota's not the flashiest brand, but they're the ones you can count on when the going gets tough.""",Toyota
"""29. ""The new GR86 has me excited about Toyota's performance future. About time they brought back the spirit of the AE86.""",Toyota
"""30. ""Just traded in my old car for a new Corolla Hybrid. Can't wait to save on gas and reduce my carbon footprint.""",Toyota
"""31. ""The Camry's interior is roomy, comfortable, and surprisingly tech-savvy. Not bad, Toyota.""",Toyota
"""32. ""Toyota's dominance in the global market is no fluke. They know what drivers want.""",Toyota
"""33. ""My family loves our Sienna. It's like having a mobile living room on wheels.""",Toyota
"""34. ""The Tacoma's TRD Off-Road package is worth every penny. Can't wait to hit the trails this weekend.""",Toyota
"""35. ""Just spotted a rare Toyota Sports 800. A true classic, and a reminder of Toyota's rich automotive history.""",Toyota
"""36. ""The Prius' unique styling might not be for everyone, but it sure turns heads.""",Toyota
"""37. ""Toyota's customer service is as reliable as their cars. Kudos to the team at my local dealership.""",Toyota
"""38. ""The RAV4's handling is impressive for an SUV. Tight corners are no match for this compact beast.""",Toyota
"""39. ""Just took my Tacoma to the local off-road park. It's amazing what these trucks can handle.""",Toyota
"""40. ""Toyota's not just about practicality. Their GR series is proof that they can have fun too.""",Toyota
"""41. ""The new Corolla Hatchback has me reconsidering my sedan preferences. Great design, great drive.""",Toyota
"""42. ""Just got back from a road trip in my Camry. Never thought I'd say this, but it was a pleasure to drive.""",Toyota
"""43. ""The Prius' self-charging hybrid system is a game-changer. No plugging in, no range anxiety.""",Toyota
"""44. ""Toyota's commitment to safety is evident in every vehicle they produce. Peace of mind on wheels.""",Toyota
"""45. ""The RAV4's ground clearance is a life-saver in snowy conditions. No more winter driving woes.""",Toyota
"""46. ""Just tested out the Tacoma's multi-terrain select system. It's like having an off-road expert in your pocket.""",Toyota
"""47. ""The Camry's hybrid powertrain is smooth, efficient, and virtually silent. A joy to drive in the city.""",Toyota
"""48. ""Toyota's global presence is a testament to their commitment to innovation and quality.""",Toyota
"""49. ""The Sienna's sliding doors are a godsend when space is tight. No more three-point turns to get in and out.""",Toyota
"""50. ""Just saw my first GR Supra on the road. The legend lives on.""",Toyota
