text,label
"""*Il nuovo smartphone di Apple ottiene recensioni entusiastiche*""",0
"""*La scoperta di un nuovo pianeta potrebbe rivoluzionare la scienza*""",0
"""*La squadra di calcio locale ha vinto il campionato*""",0
"""*La cucina italiana è famosa in tutto il mondo per la sua semplicità*""",0
"""*Il nuovo libro di storia sta suscitando un forte interesse tra gli studenti*""",0
"""*La tecnologia blockchain sta rivoluzionando il modo in cui facciamo affari*""",0
"""*Il festival della musica è stato un successo grazie alla partecipazione degli artisti*""",0
"""*La nuova legge sull'ambiente sta aiutando a proteggere il nostro pianeta*""",0
"""*La scoperta di un nuovo farmaco potrebbe cambiare la vita delle persone*""",0
"""*Il film vincitore dell'Oscar ha commosso il pubblico con la sua storia coinvolgente*""",0
"""*La nuova collezione di moda della casa di moda italiana è stata accolto con entusiasmo*""",0
"""*La tecnologia di intelligenza artificiale sta diventando sempre più diffusa*""",0
"""*Il nuovo ristorante italiano sta diventando subito un punto di riferimento*""",0
"""*La scoperta di un nuovo vulcano attivo ha sconvolto la comunità scientifica*""",0
"""*Il festival del cinema ha presentato film interessanti da tutto il mondo*""",0
"""*Il nuovo metodo di apprendimento sta aiutando gli studenti a migliorare i loro voti*""",0
"""*La nuova linea di cosmetici naturali è diventata subito un successo*""",0
"""*Il nuovo gioco per console sta diventando subito un fenomeno*""",0
"""*La nuova iniziativa di solidarietà sta aiutando le persone in difficoltà*""",0
"""*Il nuovo album del cantante italiano è un successo*""",0
"""*La nuova piattaforma di e-commerce sta rivoluzionando il modo in cui facciamo acquisti*""",0
"""*La nuova serie televisiva sta diventando subito un successo*""",0
"""*Il nuovo parco divertimenti sta attirando visitatori da tutta Italia*""",0
"""*La nuova linea di abbigliamento sportivo sta diventando subito un successo*""",0
"""*Il nuovo metodo di coltivazione sta aiutando gli agricoltori a ottenere risultati migliori*""",0
"""*La nuova applicazione di incontri sta diventando subito un successo*""",0
"""*Il nuovo sport di tendenza sta diventando subito popolare*""",0
"""*La nuova mostra d'arte sta attirando visitatori da tutto il mondo*""",0
"""*Il nuovo marchio di abbigliamento sta diventando subito un successo*""",0
"""*La nuova linea di prodotti per la cura della pelle sta diventando subito un successo*""",0
"""*Il nuovo libro di poesia sta diventando subito un successo*""",0
"""*La nuova linea di prodotti per la casa sta diventando subito un successo*""",0
"""*Il nuovo metodo di allenamento sta aiutando gli atleti a migliorare le loro prestazioni*""",0
"""*La nuova linea di suplementi alimentari sta diventando subito un successo*""",0
"""*Il nuovo film d'animazione sta diventando subito un successo*""",0
"""*La nuova linea di prodotti per bambini sta diventando subito un successo*""",0
"""*Il nuovo metodo di investimento sta aiutando le persone a ottenere risultati migliori*""",0
"""*La nuova linea di prodotti per animali sta diventando subito un successo*""",0
"""* Italia batte Germania 2-1 negli ottavi di finale dei Mondiali""",0
"""* La scoperta di un nuovo pianeta potrebbe cambiarti la vita""",0
"""* Piove a dirotto, meglio restare a casa oggi""",0
"""* L'arte rinascimentale italiana è un patrimonio culturale senza prezzo""",0
"""* La tecnologia blockchain sta rivoluzionando il settore finanziario""",0
"""* La pizza napoletana è stata inserita nella lista del patrimonio culturale immateriale dell'UNESCO""",0
"""* Le vacanze estive sono alle porte, ma il cambiamento climatico dovrebbe farci riflettere""",0
"""* Il nuovo smartphone di Apple ha ricevuto recensioni contrastanti""",0
"""* La lingua italiana è una delle più belle e complesse del mondo""",0
"""* Il Colosseo è uno dei simboli più importanti della storia romana""",0
"""* La lära del miglior pasta al pesto si trova in Liguria""",0
"""* L'economia italiana sta attraversando un momento difficile""",0
"""* La UEFA Champions League è la competizione di calcio più prestigiosa d'Europa""",0
"""* La dieta mediterranea è considerata una delle più sane al mondo""",0
"""* L'astrofisica italiana è all'avanguardia nella ricerca su galassie e buchi neri""",0
"""* La moda italiana è famosa in tutto il mondo per il suo stile e la sua qualità""",0
"""* Il Vesuvio è un vulcano attivo che ha causato disastri in passato""",0
"""* La cucina siciliana è una fusione di influenze arabe, normanne e spagnole""",0
"""* La lotta contro la corruzione è una questione cruciale per il futuro dell'Italia""",0
"""* La passione per la bicicletta sta crescendo in Italia""",0
"""* Il Museo del Prado di Madrid ospita alcune delle opere d'arte più importanti del mondo""",0
"""* La musica italiana sta vivendo un momento d'oro con artisti come Jovanotti e Calcutta""",0
"""* La scienza italiana ha dato il mondo contributi fondamentali in campo matematico e fisico""",0
"""* La gelateria italiana è famosa per i suoi gusti unici e la sua cremosità""",0
"""* L' INTER ha vinto la Champions League nel 2010""",0
"""* La filosofia italiana ha influenzato il pensiero occidentale per secoli""",0
"""* La Basilicata è una regione poco conosciuta ma ricca di bellezze naturali""",0
"""* La pizza margherita è stata creata in onore della regina Margherita di Savoia""",0
"""* La Tosca di Puccini è uno dei opere liriche più famose al mondo""",0
"""* La moda italiana è famosa per la sua creatività e originalità""",0
"""* La Vuelta a España è una delle tre grandi corse a tappe del ciclismo professionistico""",0
"""* La storia dell'arte italiana è ricca di capolavori impareggiabili""",0
"""* La cucina romana è famosa per i suoi piatti a base di pasta e carne""",0
"""* La pallavolo italiana è una delle migliori al mondo""",0
"""* La moda sostenibile sta diventando sempre più popolare in Italia""",0
"""* La mafia è un problema ancora presente nella società italiana""",0
"""* La cultura italiana è un patrimonio mondiale""",0
"""*Incredibile scoperta di un nuovo pianeta abitabile nella costellazione di Ofiuco*""",0
"""*Il governo annuncia nuove misure per contrastare la crisi ambientale*""",0
"""*La squadra di calcio locale vince il campionato dopo anni di attesa*""",0
"""*Nuovi studi suggeriscono che la meditazione può migliorare la memoria*""",0
"""*La rivista specializzata ha elogiato il nuovo dispositivo tecnologico per la sua innovazione*""",0
"""*Il tempo instabile ha causato disagi ai viaggiatori nella regione*""",0
"""*Il romanzo di fantascienza ha conquistato i lettori con la sua trama avvin""",0
"""*Il nuovo smartphone di Apple ha registrato un successo senza precedenti*""",0
"""*Si attende l'apertura del museo egizio per l'evento dell'anno*""",0
"""*La squadra di calcio locale ha vinto la partita con un goal all'ultimo secondo*""",0
"""*L'astronomo ha annunciato la scoperta di un nuovo pianeta simile alla Terra*""",0
"""*Il libro di storia ha vinto il premio letterario più ambito del paese*""",0
"""*Il chef ha preparato un piatto gourmet a""",0
"""* ""Il calciatore del Milan, in una partita cruciale, ha segnato un goal spettacolare all'ultimo minuto.""",0
"""* ""La scoperta di un nuovo pianeta nel sistema solare potrebbe rivoluzionare la nostra comprensione dell'universo.""",0
"""* ""Nonostante le critiche, il nuovo smartphone ha venduto milioni di unità in tutto il mondo.""",0
"""* ""Il dipinto rinascimentale, attribuito a un artista sconosciuto, potrebbe valere milioni di euro.""",0
"""* ""La città è stata colpita da una forte tempesta, con piogge torrenziali e forti venti.""",0
"""* ""Il nuovo ristorante vegano ha ricevuto recensioni entusiastiche per la sua cucina innovativa.""",0
"""* ""Il governo ha annunciato nuove misure per contrastare l'aumento dei prezzi dell'energia.""",0
"""* ""Il romanzo fantasy ha conquistato i lettori con la sua trama avvincente e i personaggi ben sviluppati.""",0
"""* ""La squadra di calcio locale ha vinto il campionato dopo una stagione eccezionale.""",0
"""* ""Il nuovo dispositivo di realtà aumentata promette di rivoluzionare il modo in cui interagiamo con il mondo digitale.""",0
"""* ""Il museo d'arte ha annunciato l'acquisizione di un'opera del XIX secolo.""",0
"""* ""Il nuovo album della band indie ha ricevuto recensioni contrastanti dalla critica musicale.""",0
"""* ""La startup tecnologica ha raises milioni di euro in finanziamenti per espandere la sua attività.""",0
"""* ""Il festival di cinema ha attirato migliaia di appassionati di cinema da tutto il mondo.""",0
"""* ""Il governo ha annunciato un piano per la costruzione di nuove case per affrontare la crisi del mercato immobiliare.""",0
"""* ""Il libro di storia ha ricevuto numerosi premi per la sua accuratezza e la sua capacità di coinvolgere il lettore.""",0
"""* ""Il nuovo thriller di spionaggio ha mantenuto il pubblico sulle spine fino alla fine.""",0
"""* ""Il team di scienziati ha pubblicato un articolo sulla rivista scientifica di fama mondiale.""",0
"""* ""Il nuovo parco divertimenti ha aperto con grande successo, attirando folle di visitatori.""",0
"""* ""Il regista ha annunciato il suo prossimo film, che promette di essere un blockbuster.""",0
"""* ""Il nuovo servizio di streaming musicale ha conquistato gli utenti con la sua vasta selezione di canzoni.""",0
"""* ""Il governo ha annunciato un pacchetto di stimolo per aiutare le piccole imprese colpite dalla pandemia.""",0
"""* ""Il nuovo gioco di ruolo online ha attirato milioni di giocatori in tutto il mondo.""",0
"""* ""Il nuovo film di animazione per bambini è stato un successo al botteghino.""",0
"""* ""Il museo di storia naturale ha organizzato una mostra temporanea sulle creature preistoriche.""",0
"""* ""Il nuovo libro di poesie ha ricevuto recensioni entusiastiche per la sua bellezza e profondità.""",0
"""* ""Il nuovo CEO ha annunciato un piano di riorganizzazione per la compagnia.""",0
"""* ""Il festival di jazz ha ospitato alcuni dei migliori musicisti del mondo.""",0
"""* ""Il nuovo ristorante di lusso ha ricevuto due stelle Michelin per la sua cucina eccezionale.""",0
"""* ""Il governo ha annunciato un piano per la costruzione di nuove scuole in tutta la nazione.""",0
"""* ""Il nuovo gioco di strategia ha ricevuto recensioni contrastanti per la sua difficoltà.""",0
"""1. ""Governo annuncia nuovo piano per la riduzione dell'inquinamento""",0
"""2. ""La squadra ha vinto il match con un goal all'ultimo secondo""",0
"""3. ""Il nuovo libro di storia è una lettura obbligatoria per gli studenti""",0
"""4. ""La tecnologia blockchain sta rivoluzionando il settore finanziario""",0
"""5. ""Il tempo è cambiato improvvisamente, ora piove a dirotto""",0
"""6. ""La mostra d'arte contemporanea ha""",0
"""*Milan batte Roma, vittoria importante per la lotta allo scudetto*""",0
"""*La luna è un satellite naturale della Terra*""",0
"""*Il nuovo smartphone di Apple ha venduto milioni di unità in tutto il mondo*""",0
"""*La cucina italiana è famosa in tutto il mondo per la sua ricchezza di sapori*""",0
"""*Il Big Bang Theory è il modello cosmologico più accettato dalla comunità scientifica*""",0
"""*La storia dell'arte è un campo di studio affascinante e varieg""",0
"""*Il nuovo iPhone è stato presentato oggi con grandi aspettative*""",0
"""*La scoperta di un nuovo pianeta potrebbe rivoluzionare la nostra comprensione del sistema solare*""",0
"""*La squadra di calcio ha vinto il campionato con una spettacolare partita*""",0
"""*La mostra d'arte moderna ha attirato migliaia di visitatori*""",0
"""*Il nuovo film di-action è stato un successo al botteghino*""",0
"""*Il governo ha annunciato nuove misure per combattere la povertà*""",0
"""*La scoperta di un nuovo farmaco potrebbe cambiare la vita delle persone affette da una rara malattia*""",0
"""*Il festival della musica ha attirato fan da tutto il mondo*""",0
"""*Il nuovo libro di historia ha ricevuto recensioni entusiastiche*""",0
"""*La tecnologia blockchain potrebbe rivoluzionare il modo in cui facciamo affari*""",0
"""*Il servizio di consegna a domicilio è stato molto apprezzato dai clienti*""",0
"""*Il progetto di ristrutturazione dell'edificio storico è stato completato con successo*""",0
"""*Il nuovo album di musica elettronica è stato elogiato per la sua creatività*""",0
"""*Il governo ha annunciato un nuovo piano per la gestione dei rifiuti*""",0
"""*Il ristorante ha ricevuto una stella Michelin per la sua cucina eccezionale*""",0
"""*Il museo ha organizzato una mostra speciale sull'arte medievale*""",0
"""*Il nuovo dispositivo di fitness ha ricevuto recensioni positive per la sua facilità d'uso*""",0
"""*Il festival del film ha attirato registi e fan da tutto il mondo*""",0
"""*Il servizio clienti è stato elogiato per la sua gentilezza e professionalità*""",0
"""*Il nuovo parco divertimenti ha aperto con grande successo*""",0
"""*Il team di ricercatori ha fatto una scoperta importante nel campo della fisica*""",0
"""*Il servizio di streaming musicale è stato criticato per i suoi problemi tecnici*""",0
"""*Il nuovo romanzo di fantascienza ha ricevuto recensioni entusiastiche*""",0
"""*Il governo ha annunciato un aumento del salario minimo*""",0
"""*Il festival della birra artigianale ha attirato appassionati da tutta la città*""",0
"""*Il servizio di trascrizioni ha ricevuto elogi per la sua precisione*""",0
"""*Il nuovo videogioco di avventura ha ricevuto recensioni positive per la sua grafica*""",0
"""*Il governo ha annunciato un nuovo piano per la lotta contro il cambiamento climatico*""",0
"""*Il servizio di food delivery ha ricevuto critiche per i suoi tempi di consegna*""",0
"""*Il progetto di ristrutturazione del quartiere è stato completato con successo*""",0
"""*Il nuovo film di animazione è stato un successo presso il pubblico jeune*""",0
"""*Il governo ha annunciato una nuova legge per la tutela dei dati personali*""",0
"""*Il servizio di assistenza domiciliare è stato elogiato per la sua compassione*""",0
"""*Il nuovo dispositivo di fitness intelligente è stato elogiato per la sua versatilità*""",0
"""*Il festival della cultura ha attirato visitatori da tutto il paese*""",0
"""*Il governo ha annunciato un aumento delle tasse per le grandi imprese*""",0
"""*Il servizio di prenotazione online è stato criticato per i suoi problemi tecnici*""",0
"""*Il progetto di ristrutturazione del palazzo storico è stato completato con successo*""",0
"""*Il nuovo film di azione è stato elogiato per le sue spettacolari scene d'azione*""",0
"""*Il governo ha annunciato un nuovo piano per la riduzione della povertà infantile*""",0
"""*Il nuovo smartphone è stato presentato con grande entusiasmo al pubblico.*""",0
"""*Si stima che il cambiamento climatico causerà danni economici per miliardi di dollari.*""",0
"""*La mostra d'arte moderna ha attirato visitatori da tutto il mondo.*""",0
"""*Il team di calcio ha vinto la partita con un gol all'ultimo minuto.*""",0
"""*Il libro di storia ha ricevuto recensioni positive da critici e lettori.*""",0
"""*La nuova dieta ha migliorato notevolmente la mia salute""",0
"""*Incendio in una fabbrica di tessuti, 10 feriti*""",0
"""*La luna di Giove, Europa, potrebbe nascondere oceani di acqua liquida*""",0
"""*Vittoria della squadra di calcio in una partita emozionante*""",0
"""*Nuova scoperta nel campo della fisica quantistica*""",0
"""*Piove a dirotto, meglio restare a casa*""",0
"""*Il governo annuncia nuove politiche per l'ambiente*""",0
"""*Il museo d'arte ospita una mostra straordinaria*""",0
"""*La nuova applicazione di navigazione è stata valutata positivamente*""",0
"""*Pasto delizioso al ristorante vegano in città*""",0
"""*Il libro appena uscito ha suscitato molte discussioni*""",0
"""*Il festival della musica è stato un successo nonostante il maltempo*""",0
"""*L'azienda annuncia il lancio di un nuovo prodotto innovativo*""",0
"""*Il team di scienziati ha scoperto una nuova specie di insetto*""",0
"""*Il concerto di questa sera promette di essere indimenticabile*""",0
"""*Il film ha ricevuto critiche contrastanti dalla stampa*""",0
"""*La squadra di hockey ha vinto la coppa dopo una partita combattuta*""",0
"""*Il progetto di ristrutturazione della scuola è finalmente iniziato*""",0
"""*La conferenza sull'intelligenza artificiale ha attirato esperti da tutto il mondo*""",0
"""*Il nuovo album dell'artista ha superato le aspettative*""",0
"""*Il parco divertimenti ha aperto al pubblico con grandi offerte*""",0
"""*La mostra di arte contemporanea è stata visitata da migliaia di persone*""",0
"""*Il servizio di streaming ha aggiunto nuovi film alla sua libreria*""",0
"""*Il ristorante ha ricevuto una stella Michelin*""",0
"""*Il festival del cinema ha presentato film da tutto il mondo*""",0
"""*La squadra di pallavolo ha vinto il campionato nazionale*""",0
"""*Il nuovo museo di storia naturale è stato inaugurato con grande successo*""",0
"""*Il libro di cucina ha ricevuto recensioni entusiastiche*""",0
"""*La conferenza sull'energia sostenibile ha offerto nuove idee*""",0
"""*Il concerto di beneficenza ha raccolto fondi per una buona causa*""",0
"""*Il festival della birra artigianale ha attirato visitatori da tutta la regione*""",0
"""*Il team di ricercatori ha annunciato una nuova scoperta medica*""",0
"""*Il ristorante ha vinto il premio come migliore cucina italiana*""",0
"""*La mostra di fotografia ha presentato scatti da tutto il mondo*""",0
"""*Il festival della cultura ha celebrato le tradizioni locali*""",0
"""*Il nuovo prodotto di tecnologia ha suscitato molto interesse*""",0
"""*Il festival del cioccolato ha offerto deliziosi dolci e degustazioni*""",0
"""*Il team di ingegneri ha presentato una nuova invenzione rivoluzionaria*""",0
"""*Il festival del cinema indipendente ha presentato film inediti*""",0
"""*Il concerto di musica classica è stato un successo*""",0
"""*Il festival dell'arte ha presentato opere di artisti emergenti*""",0
"""*Il team di scienziati ha annunciato la scoperta di un nuovo pianeta*""",0
"""*Il ristorante ha vinto il premio come migliore servizio al cliente*""",0
"""*Il nuovo film di animazione ha incantato il pubblico*""",0
"""*Il festival della letteratura ha ospitato scrittori di fama mondiale*""",0
"""*Il team di ricercatori ha presentato una nuova teoria scientifica*""",0
"""*Il festival della moda ha presentato le ultime tendenze*""",0
"""*Il nuovo parco cittadino è stato inaugurato con un evento pubblico*""",0
"""*Il festival dell'olio d'oliva ha offerto degustazioni e laboratori*""",0
"""Incendio in una fabbrica di tessuti, 10 feriti*""",0
"""*La luna di Giove, Europa, potrebbe nascondere oceani di acqua liquida*""",0
"""*Vittoria della squadra di calcio in una partita emozionante*""",0
"""*Nuova scoperta nel campo della fisica quantistica*""",0
"""*Piove a dirotto, meglio restare a casa*""",0
"""*Il governo annuncia nuove politiche per l'ambiente*""",0
"""*Il museo d'arte ospita una mostra straordinaria*""",0
"""*La nuova applicazione di navigazione è stata valutata positivamente*""",0
"""*Pasto delizioso al ristorante vegano in città*""",0
"""*Il libro appena uscito ha suscitato molte discussioni*""",0
"""*Il festival della musica è stato un successo nonostante il maltempo*""",0
"""*L'azienda annuncia il lancio di un nuovo prodotto innovativo*""",0
"""*Il team di scienziati ha scoperto una nuova specie di insetto*""",0
"""*Il concerto di questa sera promette di essere indimenticabile*""",0
"""*Il film ha ricevuto critiche contrastanti dalla stampa*""",0
"""*La squadra di hockey ha vinto la coppa dopo una partita combattuta*""",0
"""*Il progetto di ristrutturazione della scuola è finalmente iniziato*""",0
"""*La conferenza sull'intelligenza artificiale ha attirato esperti da tutto il mondo*""",0
"""*Il nuovo album dell'artista ha superato le aspettative*""",0
"""*Il parco divertimenti ha aperto al pubblico con grandi offerte*""",0
"""*La mostra di arte contemporanea è stata visitata da migliaia di persone*""",0
"""*Il servizio di streaming ha aggiunto nuovi film alla sua libreria*""",0
"""*Il ristorante ha ricevuto una stella Michelin*""",0
"""*Il festival del cinema ha presentato film da tutto il mondo*""",0
"""*La squadra di pallavolo ha vinto il campionato nazionale*""",0
"""*Il nuovo museo di storia naturale è stato inaugurato con grande successo*""",0
"""*Il libro di cucina ha ricevuto recensioni entusiastiche*""",0
"""*La conferenza sull'energia sostenibile ha offerto nuove idee*""",0
"""*Il concerto di beneficenza ha raccolto fondi per una buona causa*""",0
"""*Il festival della birra artigianale ha attirato visitatori da tutta la regione*""",0
"""*Il team di ricercatori ha annunciato una nuova scoperta medica*""",0
"""*Il ristorante ha vinto il premio come migliore cucina italiana*""",0
"""*La mostra di fotografia ha presentato scatti da tutto il mondo*""",0
"""*Il festival della cultura ha celebrato le tradizioni locali*""",0
"""*Il nuovo prodotto di tecnologia ha suscitato molto interesse*""",0
"""*Il festival del cioccolato ha offerto deliziosi dolci e degustazioni*""",0
"""*Il team di ingegneri ha presentato una nuova invenzione rivoluzionaria*""",0
"""*Il festival del cinema indipendente ha presentato film inediti*""",0
"""*Il concerto di musica classica è stato un successo*""",0
"""*Il festival dell'arte ha presentato opere di artisti emergenti*""",0
"""*Il team di scienziati ha annunciato la scoperta di un nuovo pianeta*""",0
"""*Il ristorante ha vinto il premio come migliore servizio al cliente*""",0
"""*Il nuovo film di animazione ha incantato il pubblico*""",0
"""*Il festival della letteratura ha ospitato scrittori di fama mondiale*""",0
"""*Il team di ricercatori ha presentato una nuova teoria scientifica*""",0
"""*Il festival della moda ha presentato le ultime tendenze*""",0
"""*Il nuovo parco cittadino è stato inaugurato con un evento pubblico*""",0
"""*Il festival dell'olio d'oliva ha offerto degustazioni e laboratori*""",0
"""* Италии грозит новый кризис из-за нехватки газа""",0
"""* La Juventus vince 3-1 contro la Roma""",0
"""* L'inflazione in Europa raggiunge il massimo storico""",0
"""* Il nuovo romanzo di Moretti è un successo""",0
"""* Le condizioni meteo avverse causano disagi nel traffico aereo""",0
"""* La Nasa annuncia una nuova missione su Marte""",0
"""* Il governo vara un nuovo pacchetto di misure per contrastare la povertà""",0
"""* Il miglior ristorante della città serve cucina vegetariana""",0
"""* La nuova legge sulla privacy entrerà in vigore dal 1° gennaio""",0
"""* L'economia cinese rallenta, ma resta la prima al mondo""",0
"""* Il festival del cinema di Venezia si aprirà con un film di Almodóvar""",0
"""* La scoperta di un nuovo pianeta potrebbe cambiare la nostra comprensione dell'universo""",0
"""* L'Inter milano si aggiudica la Supercoppa italiana""",0
"""* Il governo vara un nuovo piano per la riduzione delle emissioni di CO2""",0
"""* La Champions League si apre con grandi sorprese""",0
"""* Il nuovo smartphone di Apple ha un prezzo molto elevato""",0
"""* La lotta contro il cambiamento climatico è una sfida globale""",0
"""* Il vincitore del premio Nobel per la pace è un attivista per i diritti dei bambini""",0
"""* La nuova stagione di Game of Thrones si preannuncia emozionante""",0
"""* Il governo vara un nuovo pacchetto di misure per la crescita economica""",0
"""* La scoperta di un nuovo farmaco potrebbe rivoluzionare la cura del cancro""",0
"""* Il calcio italiano è in crisi, ma ci sono segnali di ripresa""",0
"""* L'Unione Europea si prepara a una nuova fase di espansione""",0
"""* Il miglior film dell'anno secondo la critica è ""Parasite""",0
"""* La nuova legge sulla tutela dei consumatori entra in vigore il 1° gennaio""",0
"""* Il governo vara un nuovo piano per la lotta alla corruzione""",0
"""* La scoperta di un nuovo vulcano sottomarino potrebbe cambiare la mappa del mondo""",0
"""* Il nuovo album di Beyoncé è un successo planetario""",0
"""* L'Italia si prepara a ospitare il prossimo campionato del mondo di calcio""",0
"""* Il governo vara un nuovo pacchetto di misure per la sicurezza stradale""",0
"""* La nuova legge sulla tutela dei diritti degli animali entra in vigore dal 1° gennaio""",0
"""* Il miglior libro dell'anno secondo la critica è ""L'Arte della Felicità"" di Thich Nhat Hanh""",0
"""* Il governo vara un nuovo piano per la lotta alla povertà infantile""",0
"""* La scoperta di un nuovo minerale potrebbe rivoluzionare la produzione di energia""",0
"""* Il calcio italiano è in crisi, ma ci sono segnali di ripresa""",0
"""* L'Unione Europea si prepara a una nuova fase di espansione""",0
"""* Il governo vara un nuovo pacchetto di misure per la crescita economica""",0
"""* La nuova stagione di Game of Thrones si preannuncia emozionante""",0
"""* Il vincitore del premio Nobel per la pace è un attivista per i diritti dei bambini""",0
"""*Il governo annuncia nuove misure per contrastare il cambiamento climatico*""",0
"""*La NASA scopre una nuova esoplaneta abitabile*""",0
"""*Il nuovo smartphone di Apple conquista il mercato*""",0
"""*Il chef stellato Michelangelo presenta il suo nuovo menu*""",0
"""*La squadra di calcio locali vince la partita decisiva*""",0
"""*Il libro ""La solitudine dei numeri primi"" vince il premio Strega*""",0
"""*Il maltempo causa disagi nel traffico aereo*""",0
"""*La scoperta di un nuovo farmaco apre nuove prospettive per la cura del cancro*""",0
"""*Il museo d'arte ospita una mostra sulla storia dell'arte moderna*""",0
"""*Il nuovo album di Lady Gaga è un successo mondiale*""",0
"""*La scoperta di una nuova specie di farfalla nel Parco Nazionale*""",0
"""*Il festival del cinema inizia oggi con la proiezione del film vincitore del premio Oscar*""",0
"""*Il governo annuncia un piano di investimenti per il settore delle rinnovabili*""",0
"""*La nuova linea di abbigliamento di Zara fa impazzire i fan della moda*""",0
"""*Il premio Nobel per la pace viene assegnato a un gruppo di attivisti per i diritti umani*""",0
"""*Il nuovo gioco di ruolo online è un successo tra i gioca*""",0
"""*Il museo di storia naturale ospita una mostra sulla preistoria*""",0
"""*Il nuovo modello di auto elettrica di Tesla è già un successo*""",0
"""*Il governo annuncia un piano di investimenti per il settore delle tecnologie verdi*""",0
"""*Il festival della cucina italiana inizia oggi con la partecipazione di grandi chef*""",0
"""*Il nuovo film di Fantasticherie è un successo al botteghino*""",0
"""*Il nuovo romanzo di Dan Brown è un successo mondiale*""",0
"""*Il governo annuncia un piano di investimenti per il settore della ricerca scientifica*""",0
"""*Il nuovo modello di smartphone di Samsung è un successo tra gli utenti*""",0
"""*Il festival della musica classica inizia oggi con la partecipazione di grandi musicisti*""",0
"""*Il governo annuncia un piano di investimenti per il settore delle infrastrutture*""",0
"""*Il nuovo modello di auto di BMW è un successo tra gli appassionati di auto*""",0
"""*Il nuovo libro di Stephen King è un successo tra i lettori*""",0
"""*Il governo annuncia un piano di investimenti per il settore dell'istruzione*""",0
"""*Il nuovo film di superhero è un successo al botteghino*""",0
"""*Il festival della cultura giapponese inizia oggi con la partecipazione di grandi esperti*""",0
"""*Il governo annuncia un piano di investimenti per il settore dell'energia rinnovabile*""",0
"""*Il nuovo modello di laptop di Apple è un successo tra gli utenti*""",0
"""*Il governo annuncia un piano di investimenti per il settore della salute*""",0
"""*Il nuovo album di Beyoncé è un successo mondiale*""",0
"""*Il festival della moda inizia oggi con la partecipazione di grandi stilisti*""",0
"""*Il governo annuncia un piano di investimenti per il settore delle tecnologie digitali*""",0
"""*Il nuovo modello di smartphone di Huawei è un successo tra gli utenti*""",0
"""*Il festival della letteratura inizia oggi con la partecipazione di grandi scrittori*""",0
"""*Il governo annuncia un piano di investimenti per il settore dell'agricoltura sostenibile*""",0
"""*Il nuovo film di fantascienza è un successo al botteghino*""",0
"""*Il festival della cultura tradizionale inizia oggi con la partecipazione di grandi esperti*""",0
"""*Il governo annuncia un piano di investimenti per il settore delle infrastrutture verdi*""",0
"""*Il nuovo modello di auto elettrica di Audi è un successo tra gli appassionati di auto*""",0
"""Incendio in una fabbrica di tessuti, 10 feriti*""",0
"""*La luna di Giove, Europa, potrebbe nascondere oceani di acqua liquida*""",0
"""*Vittoria della squadra di calcio in una partita emozionante*""",0
"""*Nuova scoperta nel campo della fisica quantistica*""",0
"""*Piove a dirotto, meglio restare a casa*""",0
"""*Il governo annuncia nuove politiche per l'ambiente*""",0
"""*Il museo d'arte ospita una mostra straordinaria*""",0
"""*La nuova applicazione di navigazione è stata valutata positivamente*""",0
"""*Pasto delizioso al ristorante vegano in città*""",0
"""*Il libro appena uscito ha suscitato molte discussioni*""",0
"""*Il festival della musica è stato un successo nonostante il maltempo*""",0
"""*L'azienda annuncia il lancio di un nuovo prodotto innovativo*""",0
"""*Il team di scienziati ha scoperto una nuova specie di insetto*""",0
"""*Il concerto di questa sera promette di essere indimenticabile*""",0
"""*Il film ha ricevuto critiche contrastanti dalla stampa*""",0
"""*La squadra di hockey ha vinto la coppa dopo una partita combattuta*""",0
"""*Il progetto di ristrutturazione della scuola è finalmente iniziato*""",0
"""*La conferenza sull'intelligenza artificiale ha attirato esperti da tutto il mondo*""",0
"""*Il nuovo album dell'artista ha superato le aspettative*""",0
"""*Il parco divertimenti ha aperto al pubblico con grandi offerte*""",0
"""*La mostra di arte contemporanea è stata visitata da migliaia di persone*""",0
"""*Il servizio di streaming ha aggiunto nuovi film alla sua libreria*""",0
"""*Il ristorante ha ricevuto una stella Michelin*""",0
"""*Il festival del cinema ha presentato film da tutto il mondo*""",0
"""*La squadra di pallavolo ha vinto il campionato nazionale*""",0
"""*Il nuovo museo di storia naturale è stato inaugurato con grande successo*""",0
"""*Il libro di cucina ha ricevuto recensioni entusiastiche*""",0
"""*La conferenza sull'energia sostenibile ha offerto nuove idee*""",0
"""*Il concerto di beneficenza ha raccolto fondi per una buona causa*""",0
"""*Il festival della birra artigianale ha attirato visitatori da tutta la regione*""",0
"""*Il team di ricercatori ha annunciato una nuova scoperta medica*""",0
"""*Il ristorante ha vinto il premio come migliore cucina italiana*""",0
"""*La mostra di fotografia ha presentato scatti da tutto il mondo*""",0
"""*Il festival della cultura ha celebrato le tradizioni locali*""",0
"""*Il nuovo prodotto di tecnologia ha suscitato molto interesse*""",0
"""*Il festival del cioccolato ha offerto deliziosi dolci e degustazioni*""",0
"""*Il team di ingegneri ha presentato una nuova invenzione rivoluzionaria*""",0
"""*Il festival del cinema indipendente ha presentato film inediti*""",0
"""*Il concerto di musica classica è stato un successo*""",0
"""*Il festival dell'arte ha presentato opere di artisti emergenti*""",0
"""*Il team di scienziati ha annunciato la scoperta di un nuovo pianeta*""",0
"""*Il ristorante ha vinto il premio come migliore servizio al cliente*""",0
"""*Il nuovo film di animazione ha incantato il pubblico*""",0
"""*Il festival della letteratura ha ospitato scrittori di fama mondiale*""",0
"""*Il team di ricercatori ha presentato una nuova teoria scientifica*""",0
"""*Il festival della moda ha presentato le ultime tendenze*""",0
"""*Il nuovo parco cittadino è stato inaugurato con un evento pubblico*""",0
"""*Il festival dell'olio d'oliva ha offerto degustazioni e laboratori*""",0
"""*Il nuovo smartphone di Apple ha ottenuto ottime recensioni*""",0
"""*La NASA annuncia la scoperta di un nuovo esopianeta*""",0
"""*La squadra di calcio locale ha vinto la partita di ieri*""",0
"""*Mi sto appassionando alla storia della Rivoluzione Francese*""",0
"""*Il nuovo ristorante in città offre piatti deliziosi*""",0
"""*La conferenza sull'intelligenza artificiale è stata molto interessante*""",0
"""*Il tempo è bellissimo oggi, perfetto per una passeggiata*""",0
"""*La nuova mostra d'arte al Museo d'Arte Contemporanea è straordinaria*""",0
"""*Il mio libro preferito è stato adattato per il cinema*""",0
"""*Il governo ha annunciato nuove leggi per la tutela dell'ambiente*""",0
"""*La tecnologia blockchain sta rivoluzionando il mondo delle criptovalute*""",0
"""*Il mio professore di storia è molto preparato e appassionato*""",0
"""*Il nuovo film di fantascienza è stato molto deludente*""",0
"""*La mia passione per la cucina mi ha portato a sperimentare nuove ricette*""",0
"""*Il mondo della moda si prepara per la prossima settimana della moda*""",0
"""*Il mio viaggio in treno è stato molto confortevole*""",0
"""*La nuova stagione di serie TV ha suscitato molte aspettative*""",0
"""*La mia esperienza di volontariato è stata molto gratificante*""",0
"""*Il mio amico ha deciso di intraprendere un viaggio in solitaria*""",0
"""*Il nuovo album della mia band preferita è stato un successo*""",0
"""*La mia passione per la lettura mi ha portato a scoprire nuovi autori*""",0
"""*Il mio lavoro mi permette di viaggiare e scoprire nuovi posti*""",0
"""*La mia esperienza con l'apprendimento automatico è stata molto utile*""",0
"""*Il mio viaggio in bicicletta è stato molto rilassante*""",0
"""*Il mio professore di matematica è stato molto disponibile*""",0
"""*Il mio progetto di ricerca sta procedendo molto bene*""",0
"""*Il mio amico mi ha invitato a una cena a tema*""",0
"""*La mia passione per la fotografia mi ha portato a scoprire nuovi luoghi*""",0
"""*Il mio viaggio in aereo è stato molto confortevole*""",0
"""*La mia esperienza con la meditazione è stata molto positiva*""",0
"""*Il mio lavoro mi permette di aiutare le persone*""",0
"""*Il mio amico mi ha invitato a un concerto di musica classica*""",0
"""*La mia passione per il giardinaggio mi ha portato a scoprire nuove piante*""",0
"""*Il mio viaggio in nave è stato molto rilassante*""",0
"""*La mia esperienza con la programmazione è stata molto utile*""",0
"""*Il mio amico mi ha invitato a una partita di calcio*""",0
"""*La mia passione per la scienza mi ha portato a scoprire nuovi concetti*""",0
"""*Il mio viaggio in autobus è stato molto confortevole*""",0
"""*La mia esperienza con la pittura è stata molto gratificante*""",0
"""*Il mio amico mi ha invitato a una mostra d'arte*""",0
"""*La mia passione per la musica mi ha portato a scoprire nuovi artisti*""",0
"""*Il mio viaggio in metropolitana è stato molto veloce*""",0
"""Incendio in una fabbrica di tessuti, 10 feriti*""",0
"""*La luna di Giove, Europa, potrebbe nascondere oceani di acqua liquida*""",0
"""*Vittoria della squadra di calcio in una partita emozionante*""",0
"""*Nuova scoperta nel campo della fisica quantistica*""",0
"""*Piove a dirotto, meglio restare a casa*""",0
"""*Il governo annuncia nuove politiche per l'ambiente*""",0
"""*Il museo d'arte ospita una mostra straordinaria*""",0
"""*La nuova applicazione di navigazione è stata valutata positivamente*""",0
"""*Pasto delizioso al ristorante vegano in città*""",0
"""*Il libro appena uscito ha suscitato molte discussioni*""",0
"""*Il festival della musica è stato un successo nonostante il maltempo*""",0
"""*L'azienda annuncia il lancio di un nuovo prodotto innovativo*""",0
"""*Il team di scienziati ha scoperto una nuova specie di insetto*""",0
"""*Il concerto di questa sera promette di essere indimenticabile*""",0
"""*Il film ha ricevuto critiche contrastanti dalla stampa*""",0
"""*La squadra di hockey ha vinto la coppa dopo una partita combattuta*""",0
"""*Il progetto di ristrutturazione della scuola è finalmente iniziato*""",0
"""*La conferenza sull'intelligenza artificiale ha attirato esperti da tutto il mondo*""",0
"""*Il nuovo album dell'artista ha superato le aspettative*""",0
"""*Il parco divertimenti ha aperto al pubblico con grandi offerte*""",0
"""*La mostra di arte contemporanea è stata visitata da migliaia di persone*""",0
"""*Il servizio di streaming ha aggiunto nuovi film alla sua libreria*""",0
"""*Il ristorante ha ricevuto una stella Michelin*""",0
"""*Il festival del cinema ha presentato film da tutto il mondo*""",0
"""*La squadra di pallavolo ha vinto il campionato nazionale*""",0
"""*Il nuovo museo di storia naturale è stato inaugurato con grande successo*""",0
"""*Il libro di cucina ha ricevuto recensioni entusiastiche*""",0
"""*La conferenza sull'energia sostenibile ha offerto nuove idee*""",0
"""*Il concerto di beneficenza ha raccolto fondi per una buona causa*""",0
"""*Il festival della birra artigianale ha attirato visitatori da tutta la regione*""",0
"""*Il team di ricercatori ha annunciato una nuova scoperta medica*""",0
"""*Il ristorante ha vinto il premio come migliore cucina italiana*""",0
"""*La mostra di fotografia ha presentato scatti da tutto il mondo*""",0
"""*Il festival della cultura ha celebrato le tradizioni locali*""",0
"""*Il nuovo prodotto di tecnologia ha suscitato molto interesse*""",0
"""*Il festival del cioccolato ha offerto deliziosi dolci e degustazioni*""",0
"""*Il team di ingegneri ha presentato una nuova invenzione rivoluzionaria*""",0
"""*Il festival del cinema indipendente ha presentato film inediti*""",0
"""*Il concerto di musica classica è stato un successo*""",0
"""*Il festival dell'arte ha presentato opere di artisti emergenti*""",0
"""*Il team di scienziati ha annunciato la scoperta di un nuovo pianeta*""",0
"""*Il ristorante ha vinto il premio come migliore servizio al cliente*""",0
"""*Il nuovo film di animazione ha incantato il pubblico*""",0
"""*Il festival della letteratura ha ospitato scrittori di fama mondiale*""",0
"""*Il team di ricercatori ha presentato una nuova teoria scientifica*""",0
"""*Il festival della moda ha presentato le ultime tendenze*""",0
"""*Il nuovo parco cittadino è stato inaugurato con un evento pubblico*""",0
"""*Il festival dell'olio d'oliva ha offerto degustazioni e laboratori*""",0
"""*Incredibile scoperta di un nuovo pianeta abitabile nella costellazione del Cigno*""",0
"""*La Juventus vince lo scudetto con una partita di anticipo*""",0
"""*Il nuovo romanzo di Murakami ha già scalato le classifiche*""",0
"""*La mostra su Van Gogh al Louvre attira migliaia di visitatori*""",0
"""*Il pane fatto in casa è sempre meglio del pane in negozio*""",0
"""*La nuova legge sulle rinnovabili potrebbe cambiare il futuro energetico dell'Italia*""",0
"""*L'originale film di animazione ""Lo straordinario mondo di Gumball"" torna in Tv*""",0
"""*La passione per la cucina vegetariana cresce tra i giovani*""",0
"""*Il misterioso caso dell'autrice scompare senza lasciare tracce*""",0
"""*La nuova app di delivery offre piatti tipici italiani a casa tua*""",0
"""*L'entusiasmante avventura di un gruppo di amici in cerca del tesoro nascosto*""",0
"""*La mostra d'arte contemporanea al MAXXI è un successo*""",0
"""*La nuova legge sulla tutela degli animali entra in vigore*""",0
"""*Il premio Nobel per la pace è stato assegnato a un'attivista per i diritti delle donne*""",0
"""*La passione per il giardinaggio cresce tra le persone in lockdown*""",0
"""*Il nuovo album di Lady Gaga è un successo mondiale*""",0
"""*La mostra su Leonardo da Vinci al Louvre ha registrato oltre 1 milione di visitatori*""",0
"""*La passione per la fotografia è un'arte che si può imparare*""",0
"""*Il mistero dell'antica civiltà dei Maya affascina gli studiosi*""",0
"""*La nuova legge sulla privacy protegge i dati personali dei cittadini*""",0
"""*La passione per il ballo latino-americano cresce in Italia*""",0
"""*Il nuovo film di Marvel ha incassato milioni di dollari nel primo weekend*""",0
"""*La mostra su Picasso al Guggenheim di New York è un successo*""",0
"""*La passione per la lettura è una fonte inesauribile di conoscenza*""",0
"""*Il mistero della scomparsa di Amelia Earhart è ancora irrisolto*""",0
"""*La nuova legge sulla riduzione della plastica monouso entra in vigore*""",0
"""*La passione per il giardinaggio urbano cresce tra i giovani*""",0
"""*Il nuovo smartphone di Apple ha già creato lunghe file di fan*""",0
"""*La mostra su Andy Warhol al Tate Modern di Londra è un successo*""",0
"""*La passione per l'astronomia è un viaggio nell'infinito*""",0
"""*Il mistero della cripta dei Captivi affascina gli appassionati di storia*""",0
"""*La nuova legge sul lavoro agile entra in vigore*""",0
"""*La passione per la musica jazz è un'esperienza unica*""",0
"""*Il nuovo videogioco di ruolo fantasy è un successo mondiale*""",0
"""*La mostra su Vincent van Gogh al Van Gogh Museum di Amsterdam è un successo*""",0
"""*La passione per la cucina vegana cresce tra i giovani*""",0
"""*Il mistero del tesoro dei Templari è ancora irrisolto*""",0
"""*La nuova legge sulla tutela dei beni culturali entra in vigore*""",0
"""*La passione per l'arte moderna è una fonte di ispirazione*""",0
"""*Il nuovo film di James Bond è atteso al botteghino*""",0
"""*La mostra su Michelangelo al Museo degli Offiz""",0
"""*Il nuovo smartphone di Apple è stato presentato con grande successo*""",0
"""*La luna di Giove, Ganimede, potrebbe nascondere un oceano sotterraneo*""",0
"""*Mi piace molto il sapore della pizza margherita*""",0
"""*La teoria della relatività di Einstein ha rivoluzionato la nostra comprensione dell'universo*""",0
"""*Il mio libro preferito è ""1984"" di George Orwell*""",0
"""*Il Hoffenheim ha vinto la partita di calcio con un goal all'ultimo minuto*""",0
"""*Il risotto alla milanese è un piatto tipico della cucina italiana*""",0
"""*La scoperta di un nuovo elemento chimico potrebbe cambiare il nostro modo di vedere la tavola periodica*""",0
"""*Il mio pittore preferito è Vincent van Gogh*""",0
"""*La tecnologia blockchain potrebbe cambiare il modo in cui facciamo affari*""",0
"""*La caractères du cane è molto diverso dal gatto*""",0
"""*Il mio film preferito è ""Inception"" di Christopher Nolan*""",0
"""*La scoperta di un nuovo pianeta potrebbe indicarci che non siamo soli nell'universo*""",0
"""*Il mio piatto preferito è la lasagna*""",0
"""*Il mio autore preferito è Stephen King*""",0
"""*Il mio sport preferito è il tennis*""",0
"""*La tecnologia a idrogeno potrebbe essere la chiave per un futuro a basse emissioni di carbonio*""",0
"""*Il mio gioco preferito è ""The Legend of Zelda""*""",0
"""*Il mio luogo preferito al mondo è la spiaggia*""",0
"""*Il mio animale preferito è il cavallo*""",0
"""*Il mio colore preferito è il blu*""",0
"""*La scoperta di un nuovo medicinale potrebbe aiutare a salvare molte vite*""",0
"""*Il mio hobby preferito è la lettura*""",0
"""*La tecnologia 5G potrebbe rivoluzionare la velocità di internet*""",0
"""*Il mio sogno è viaggiare nello spazio*""",0
"""*Il mio libro preferito è ""Harry Potter"" di J.K. Rowling*""",0
"""*Il mio piatto preferito è il sushi*""",0
"""*La mia canzone preferita è ""Bohemian Rhapsody"" dei Queen*""",0
"""*Il mio pittore preferito è Michelangelo*""",0
"""*Il mio autore preferito è Gabriel García Márquez*""",0
"""*Il mio sport preferito è il calcio*""",0
"""*La scoperta di un nuovo vulcano potrebbe fornire informazioni preziose sulla Terra*""",0
"""*Il mio gioco preferito è ""Among Us""*""",0
"""*Il mio luogo preferito al mondo è la montagna*""",0
"""*Il mio animale preferito è il gatto*""",0
"""*Il mio colore preferito è il verde*""",0
"""*La scoperta di un nuovo antibiotico potrebbe aiutare a combattere la resistenza ai medicinali*""",0
"""*Il mio hobby""",0
"""Incendio in una fabbrica di tessuti, 10 feriti*""",0
"""*La luna di Giove, Europa, potrebbe nascondere oceani di acqua liquida*""",0
"""*Vittoria della squadra di calcio in una partita emozionante*""",0
"""*Nuova scoperta nel campo della fisica quantistica*""",0
"""*Piove a dirotto, meglio restare a casa*""",0
"""*Il governo annuncia nuove politiche per l'ambiente*""",0
"""*Il museo d'arte ospita una mostra straordinaria*""",0
"""*La nuova applicazione di navigazione è stata valutata positivamente*""",0
"""*Pasto delizioso al ristorante vegano in città*""",0
"""*Il libro appena uscito ha suscitato molte discussioni*""",0
"""*Il festival della musica è stato un successo nonostante il maltempo*""",0
"""*L'azienda annuncia il lancio di un nuovo prodotto innovativo*""",0
"""*Il team di scienziati ha scoperto una nuova specie di insetto*""",0
"""*Il concerto di questa sera promette di essere indimenticabile*""",0
"""*Il film ha ricevuto critiche contrastanti dalla stampa*""",0
"""*La squadra di hockey ha vinto la coppa dopo una partita combattuta*""",0
"""*Il progetto di ristrutturazione della scuola è finalmente iniziato*""",0
"""*La conferenza sull'intelligenza artificiale ha attirato esperti da tutto il mondo*""",0
"""*Il nuovo album dell'artista ha superato le aspettative*""",0
"""*Il parco divertimenti ha aperto al pubblico con grandi offerte*""",0
"""*La mostra di arte contemporanea è stata visitata da migliaia di persone*""",0
"""*Il servizio di streaming ha aggiunto nuovi film alla sua libreria*""",0
"""*Il ristorante ha ricevuto una stella Michelin*""",0
"""*Il festival del cinema ha presentato film da tutto il mondo*""",0
"""*La squadra di pallavolo ha vinto il campionato nazionale*""",0
"""*Il nuovo museo di storia naturale è stato inaugurato con grande successo*""",0
"""*Il libro di cucina ha ricevuto recensioni entusiastiche*""",0
"""*La conferenza sull'energia sostenibile ha offerto nuove idee*""",0
"""*Il concerto di beneficenza ha raccolto fondi per una buona causa*""",0
"""*Il festival della birra artigianale ha attirato visitatori da tutta la regione*""",0
"""*Il team di ricercatori ha annunciato una nuova scoperta medica*""",0
"""*Il ristorante ha vinto il premio come migliore cucina italiana*""",0
"""*La mostra di fotografia ha presentato scatti da tutto il mondo*""",0
"""*Il festival della cultura ha celebrato le tradizioni locali*""",0
"""*Il nuovo prodotto di tecnologia ha suscitato molto interesse*""",0
"""*Il festival del cioccolato ha offerto deliziosi dolci e degustazioni*""",0
"""*Il team di ingegneri ha presentato una nuova invenzione rivoluzionaria*""",0
"""*Il festival del cinema indipendente ha presentato film inediti*""",0
"""*Il concerto di musica classica è stato un successo*""",0
"""*Il festival dell'arte ha presentato opere di artisti emergenti*""",0
"""*Il team di scienziati ha annunciato la scoperta di un nuovo pianeta*""",0
"""*Il ristorante ha vinto il premio come migliore servizio al cliente*""",0
"""*Il nuovo film di animazione ha incantato il pubblico*""",0
"""*Il festival della letteratura ha ospitato scrittori di fama mondiale*""",0
"""*Il team di ricercatori ha presentato una nuova teoria scientifica*""",0
"""*Il festival della moda ha presentato le ultime tendenze*""",0
"""*Il nuovo parco cittadino è stato inaugurato con un evento pubblico*""",0
"""*Il festival dell'olio d'oliva ha offerto degustazioni e laboratori*""",0
"""*La luna di Giove più grande, Ganimede, potrebbe nascondere un oceano sotto la sua superficie ghiacciata*""",0
"""*Buongiorno, oggi il traffico è più intenso del solito, mi conviene prendere la metro*""",0
"""*Il nuovo romanzo di Murakami è una lettura che ti tiene incollato fino alla fine*""",0
"""*La tecnologia blockchain sta rivoluzionando il modo in cui pensiamo alla sicurezza dei dati*""",0
"""*Ieri ho provato a fare la carbonara per la prima volta, è venuta così così*""",0
"""*Il Big Bang è stato il momento esatto in cui l'universo è nato dal nulla*""",0
"""*Mi chiedo se la giornata di oggi sarà produttiva come spero*""",0
"""*La vittoria della Roma contro la Juventus è stata un'impresa epica*""",0
"""*La frase ""la vita è breve, l'arte è lunga"" è una delle mie citazioni preferite*""",0
"""*La scoperta di nuovi pianeti abitabili aumenta le possibilità di trovare vita extraterrestre*""",0
"""*Il mio film preferito è sempre stato ""Inception"", mi affascina la sua trama complessa*""",0
"""*La crisi climatica richiede un'azione globale per proteggere il nostro pianeta*""",0
"""*La ricetta della nonna per il tiramisù è la migliore che conosca*""",0
"""*La fisica quantistica mi confonde ancora, ma mi affascina allo stesso tempo*""",0
"""*Il nuovo album dei Foo Fighters è un ritorno alle radici del rock*""",0
"""*La mia passione per la lettura mi ha portato a scoprire autori fantastici*""",0
"""*La storia dell'arte è una materia affascinante, piena di opere straordinarie*""",0
"""*La mia decisione di diventare vegetariano è stata una delle migliori che abbia mai preso*""",0
"""*La vittoria dell'Italia ai Mondiali di calcio del 2006 è stata indimenticabile*""",0
"""*La filosofia mi ha sempre intrigato, mi piace pensare alle grandi domande della vita*""",0
"""*La cucina giapponese è una delle mie preferite, adoro i sushi e i ramen*""",0
"""*La mia giornata è stata stressante, ho bisogno di una passeggiata per rilassarmi*""",0
"""*La scienza dietro la realtà virtuale è incredibile, mi fa sentire come se fossi in un altro mondo*""",0
"""*La mia passione per la scrittura mi ha aiutato a superare momenti difficili*""",0
"""*La tecnologia 5G promette di revolutionare il modo in cui utilizziamo internet*""",0
"""*La mia città natale è bellissima, soprattutto d'estate, quando tutti vanno al mare*""",0
"""*La mia mente è piena di idee, ma fatico a metterle nero su bianco*""",0
"""*La mia passione per la storia mi ha portato a visitare molti luoghi storici*""",0
"""*La mia esperienza di viaggio in Asia è stata incredibile, ho assaggiato cibi deliziosi e incontrato persone fantastiche*""",0
"""*La mia riflessione sulla vita mi ha portato a capire l'importanza di apprezzare ogni momento*""",0
"""*La mia passione per la musica mi ha spinto a imparare a suonare la chitarra*""",0
"""*La mia casa è il mio posto preferito al mondo, dove mi sento al sicuro e a mio agio*""",0
"""*La mia carriera nel campo della tecnologia sta crescendo, sono entusiasta di vedere cosa mi riserva il futuro*""",0
"""*La mia passione per l'arte mi ha portato a visitare molti musei e gallerie*""",0
"""*La mia giornata è stata magnifica, ho passato del tempo con le persone che amo*""",0
"""*La mia riflessione sulla società mi ha portato a capire l'importanza della diversità e dell'inclusione*""",0
"""*La mia esperienza in cucina non è delle migliori, ma mi diverto a sperimentare nuovi piatti*""",0
"""*La mia passione per la natura mi ha portato a esplorare molti parchi e riserve naturali*""",0
"""*La mia giornata è stata frustrante, ho passato ore a risolvere un problema tecnico*""",0
"""*La mia riflessione sulla vita mi ha portato a capire l'importanza di seguire i propri sogni*""",0
"""*La mia passione per la lettura di fantasy mi ha portato a scoprire mondi fantastici*""",0
"""*La mia esperienza di viaggio in America mi ha fatto apprezzare la sua diversità culturale*""",0
"""*La mia giornata è stata frenetica, ho avuto così tante cose da fare*""",0
"""*Milan vince la Champions League""",0
"""*Il nuovo smartphone di Apple è stato presentato ieri""",0
"""*Studi suggeriscono che la dieta mediterranea può prevenire malattie cardiache""",0
"""*Il traffico è intenso oggi a Roma""",0
"""*La luna di Giove Europa potrebbe nascondere un oceano sottostante""",0
"""*La quantità di plastica negli oceani è allarmante""",0
"""*Il tempo cambierà questa settimana in Italia""",0
"""*I ricercatori hanno scoperto una nuova specie di farfalla in Amazzonia""",0
"""*Il prezzo del petrolio è in aumento oggi""",0
"""*La NASA ha annunciato una nuova missione su Marte""",0
"""*Il governo italiano ha presentato il nuovo bilancio""",0
"""*Il festival di Sanremo è stato un successo""",0
"""*La squadra di calcio della Juventus ha vinto il campionato""",0
"""*Laéenze, il nuovo album di Beyoncé, ha ricevuto critiche entusiastiche""",0
"""*Il cambiamento climatico sta portando a temperature record""",0
"""*Il museo del Prado ha annunciato l'acquisizione di un nuovo dipinto""",0
"""*Il governo ha annunciato un nuovo piano per la crescita economica""",0
"""*Il cane di mia zia è scappato ieri, mi aiuti a trovare?""",0
"""*La mia auto non parte oggi, ho bisogno di un carro attrezzi""",0
"""*Il nuovo ristorante in città è delizioso, devi provarlo""",0
"""*La mia professore di storia è molto severa, ma giusta""",0
"""*Il mio computer si è bloccato di nuovo, non so cosa fare""",0
"""*Il mio amico ha comprato un nuovo videogioco, mi ha invitato a giocare""",0
"""*Il mio giardino è pieno di erbacce, ho bisogno di aiuto per pulirlo""",0
"""*La mia famiglia sta pianificando una vacanza in montagna""",0
"""*Il mio lavoro mi tiene molto occupato ultimamente""",0
"""*La mia passione per la lettura mi ha portato a scoprire nuovi libri interessanti""",0
"""*Il mio gatto è scomparso, spero che torni a casa presto""",0
"""*Il mio vicino di casa è molto rumoroso, non riesco a concentrarmi""",0
"""*Il mio migliore amico si sposa questo weekend, sono così felice per lui""",0
"""*Il miojétto preferito è la scienza, vorrei diventare un astronomo""",0
"""*Il mio obiettivo quest'anno è di imparare una nuova lingua""",0
"""*Il mio viaggio in Italia è stato indimenticabile, vorrei tornarci presto""",0
"""*Il mio sogno è di diventare uno scrittore di successo""",0
"""*Il mio lavoro mi porta spesso in viaggio, ma mi manca la mia famiglia""",0
"""*Il mio piatto preferito è la pasta al pomodoro, mia nonna la faceva""",0
"""Incendio in una fabbrica di tessuti, 10 feriti*""",0
"""*La luna di Giove, Europa, potrebbe nascondere oceani di acqua liquida*""",0
"""*Vittoria della squadra di calcio in una partita emozionante*""",0
"""*Nuova scoperta nel campo della fisica quantistica*""",0
"""*Piove a dirotto, meglio restare a casa*""",0
"""*Il governo annuncia nuove politiche per l'ambiente*""",0
"""*Il museo d'arte ospita una mostra straordinaria*""",0
"""*La nuova applicazione di navigazione è stata valutata positivamente*""",0
"""*Pasto delizioso al ristorante vegano in città*""",0
"""*Il libro appena uscito ha suscitato molte discussioni*""",0
"""*Il festival della musica è stato un successo nonostante il maltempo*""",0
"""*L'azienda annuncia il lancio di un nuovo prodotto innovativo*""",0
"""*Il team di scienziati ha scoperto una nuova specie di insetto*""",0
"""*Il concerto di questa sera promette di essere indimenticabile*""",0
"""*Il film ha ricevuto critiche contrastanti dalla stampa*""",0
"""*La squadra di hockey ha vinto la coppa dopo una partita combattuta*""",0
"""*Il progetto di ristrutturazione della scuola è finalmente iniziato*""",0
"""*La conferenza sull'intelligenza artificiale ha attirato esperti da tutto il mondo*""",0
"""*Il nuovo album dell'artista ha superato le aspettative*""",0
"""*Il parco divertimenti ha aperto al pubblico con grandi offerte*""",0
"""*La mostra di arte contemporanea è stata visitata da migliaia di persone*""",0
"""*Il servizio di streaming ha aggiunto nuovi film alla sua libreria*""",0
"""*Il ristorante ha ricevuto una stella Michelin*""",0
"""*Il festival del cinema ha presentato film da tutto il mondo*""",0
"""*La squadra di pallavolo ha vinto il campionato nazionale*""",0
"""*Il nuovo museo di storia naturale è stato inaugurato con grande successo*""",0
"""*Il libro di cucina ha ricevuto recensioni entusiastiche*""",0
"""*La conferenza sull'energia sostenibile ha offerto nuove idee*""",0
"""*Il concerto di beneficenza ha raccolto fondi per una buona causa*""",0
"""*Il festival della birra artigianale ha attirato visitatori da tutta la regione*""",0
"""*Il team di ricercatori ha annunciato una nuova scoperta medica*""",0
"""*Il ristorante ha vinto il premio come migliore cucina italiana*""",0
"""*La mostra di fotografia ha presentato scatti da tutto il mondo*""",0
"""*Il festival della cultura ha celebrato le tradizioni locali*""",0
"""*Il nuovo prodotto di tecnologia ha suscitato molto interesse*""",0
"""*Il festival del cioccolato ha offerto deliziosi dolci e degustazioni*""",0
"""*Il team di ingegneri ha presentato una nuova invenzione rivoluzionaria*""",0
"""*Il festival del cinema indipendente ha presentato film inediti*""",0
"""*Il concerto di musica classica è stato un successo*""",0
"""*Il festival dell'arte ha presentato opere di artisti emergenti*""",0
"""*Il team di scienziati ha annunciato la scoperta di un nuovo pianeta*""",0
"""*Il ristorante ha vinto il premio come migliore servizio al cliente*""",0
"""*Il nuovo film di animazione ha incantato il pubblico*""",0
"""*Il festival della letteratura ha ospitato scrittori di fama mondiale*""",0
"""*Il team di ricercatori ha presentato una nuova teoria scientifica*""",0
"""*Il festival della moda ha presentato le ultime tendenze*""",0
"""*Il nuovo parco cittadino è stato inaugurato con un evento pubblico*""",0
"""*Il festival dell'olio d'oliva ha offerto degustazioni e laboratori*""",0
"""*Innovazioni tecnologiche annunciano un futuro sostenibile""",0
"""*Il nuovo film di Pixar ha ricevuto recensioni entusiastiche""",0
"""*La luna di Giove, Ganimede, potrebbe nascondere un oceano sottostante""",0
"""*I ricercatori hanno scoperto una nuova specie di uccello in Amazzonia""",0
"""*La cucina vegetariana sta diventando sempre più popolare tra i giovani""",0
"""*Il programma spaziale cinese ha raggiunto un importante traguardo""",0
"""*L'arte moderna continua a desafiare le nostre percezioni""",0
"""*La squadra di calcio italiana ha vinto la partita con un gol all'ultimo minuto""",0
"""*Il cambiamento climatico sta portando a un aumento dei disastri naturali""",0
"""*Nuovi studi suggeriscono che la meditazione può migliorare la salute mentale""",0
"""*La tecnologia blockchain sta rivoluzionando il modo in cui pensiamo alla sicurezza dei dati""",0
"""*L'industria della moda sta diventando sempre più consapevole dell'impatto ambientale""",0
"""*I robot domestici stanno diventando sempre più comuni nelle case degli italiani""",0
"""*Il governo ha annunciato nuove misure per promuovere l'innovazione nel settore delle energie rinnovabili""",0
"""*Il nuovo album di Lady Gaga ha ricevuto critiche contrastanti""",0
"""*L'architettura moderna sta cambiando il volto delle nostre città""",0
"""*La scienza dell'alimentazione ci insegna che una dieta equilibrata è fondamentale per la salute""",0
"""*Il festival della cinematografia italiana ha premiato i migliori film dell'anno""",0
"""*La Chiesa cattolica sta affrontando una crisi di fiducia tra i fedeli""",0
"""*Il nuovo smartphone di Apple ha introdotto importanti novità""",0
"""*La letteratura fantasy continua a conquistare i cuori dei lettori di ogni età""",0
"""*Il turismo sostenibile sta diventando una scelta sempre più popolare tra i viaggiatori""",0
"""*Il mondo dell'arte sta assistendo a un aumento dell'interesse per l'arte contemporanea""",0
"""*La scienza dello spazio sta cercando di trovare una risposta alla domanda: ""Siamo soli nell'universo?""",0
"""*Il governo ha annunciato un piano per migliorare l'infrastruttura del paese""",0
"""*La cultura pop sta influenzando sempre di più la moda e il design""",0
"""*Il nuovo film di James Bond ha battuto tutti i record al botteghino""",0
"""*La scienza della bioingegneria sta Making waves in campo medico""",0
"""*Il cambiamento climatico sta portando a un aumento della frequenza e dell'intensità delle ondate di calore""",0
"""*La cucina fusion sta diventando sempre più popolare tra i giovani""",0
"""*Il mondo della tecnologia sta assistendo a un aumento dell'interesse per l'intelligenza artificiale""",0
"""*Il nuovo album di Elton John ha ricevuto recensioni entusiastiche""",0
"""*La scienza della psicologia ci insegna che la felicità dipende dalla nostra percezione della vita""",0
"""*Il governo ha annunciato un piano per ridurre la povertà nel paese""",0
"""*La cultura hip-hop sta influenzando sempre di più l'arte e la moda""",0
"""*Il mondo della scienza sta assistendo a un aumento dell'interesse per la ricerca sull'AIDS""",0
"""*La tecnologia della realtà virtuale sta rivoluzionando il modo in cui fruiamo dei contenuti digitali""",0
"""*Il nuovo film di Marvel ha battuto tutti i record di incasso""",0
"""*La scienza dell'astronomia ci permette di esplorare l'universo come mai prima d'ora""",0
"""*Il governo ha annunciato un piano per migliorare la qualità dell'istruzione nel paese""",0
"""*La cultura pop sta influenzando sempre di più la politica e la società""",0
"""*Il mondo della scienza sta assistendo a un aumento dell'interesse per la ricerca sulle malattie rare""",0
"""*La tecnologia della stampa 3D sta rivoluzionando il modo in cui produciamo gli oggetti""",0
"""*Il nuovo smartphone di Apple sarà disponibile in negozi da venerdì*""",0
"""*La scoperta di un nuovo pianeta potrebbe cambiare la nostra comprensione del sistema solare*""",0
"""*La pizza margherita è stata inventata in onore della regina d'Italia*""",0
"""*Il traffico è intenso in questa parte della città, meglio evitare di guidare*""",0
"""*La mostra d'arte moderna al museo è stata un successo tra i visitatori*""",0
"""*Il governo annuncia un nuovo pacchetto di aiuti per le famiglie in difficoltà*""",0
"""*La ricetta della nonna per il tiramisù è la migliore che abbia mai assaggiato*""",0
"""*Il libro sul Medioevo è molto dettagliato e ben scritto*""",0
"""*La squadra di calcio ha vinto il campionato con una vittoria spettacolare*""",0
"""*Il nuovo film di fantascienza è stato un successo al botteghino*""",0
"""*La tecnologia blockchain potrebbe rivoluzionare il modo in cui facciamo affari*""",0
"""*Il concerto rock della scorsa sera è stato fantastico, la band ha suonato alla grande*""",0
"""*Il periodo di pioggia torrenziale ha causato danni in tutta la regione*""",0
"""*Il museo ha annunciato l'acquisizione di un nuovo dipinto di Monet*""",0
"""*La tecnologia a idrogeno potrebbe essere la chiave per un futuro a basse emissioni di carbonio*""",0
"""*Il festival della pizza quest'anno ha attirato migliaia di visitatori*""",0
"""*Il nuovo romanzo di Dan Brown è un thriller mozzafiato*""",0
"""*Il servizio clienti della compagnia aerea è stato molto utile nel risolvere il mio problema*""",0
"""*La scoperta di un nuovo elicriso potrebbe portaci un passo più vicino alla cura del cancro*""",0
"""*Il governo ha annunciato un aumento del salario minimo*""",0
"""*La mostra di fotografia è stata una vera ispirazione per me*""",0
"""*Il libro di cucina giapponese è diventato il mio preferito*""",0
"""*Il nuovo gioco di ruolo online è molto divertente e impegnativo*""",0
"""*Il festival del cinema ha attirato star hollywoodiane da tutto il mondo*""",0
"""*Il governo ha annunciato una nuova legge per la tutela dei lavoratori*""",0
"""*La musica classica mi rilassa dopo una lunga giornata di lavoro*""",0
"""*Il nuovo ristorante vegano in città è diventato il mio preferito*""",0
"""*Il torneo di tennis è stato molto emozionante, con colpi spettacolari*""",0
"""*Il documentario sulla natura selvaggia dell'Africa è stato molto coinvolgente*""",0
"""*Il nuovo smartphone di Samsung ha un display eccezionale*""",0
"""*La mostra d'arte contemporanea ha suscitato molte discussioni tra gli esperti*""",0
"""*Il servizio di streaming musicale è molto conveniente e facile da usare*""",0
"""*Il libro di storia è molto interessante e ben scritto*""",0
"""*Il campionato di calcio femminile è stato molto avvincente*""",0
"""*Il nuovo film di animazione è stato un successo sia tra i bambini che gli adulti*""",0
"""*Il governo ha annunciato un piano per la costruzione di nuove scuole*""",0
"""*La nuova collezione di moda della maison francese è stata molto apprezzata dalla critica*""",0
"""*Il nuovo gadget tecnologico è stato un successo tra gli appassionati di tecnologia*""",0
"""*Il presidente annuncia nuove misure per contrastare la pandemia*""",0
"""*La NASA scopre un nuovo esopianeta abitabile*""",0
"""*I tifosi del Napoli in festa dopo la vittoria*""",0
"""*Il nuovo smartphone di Apple fa discutere tra gli esperti*""",0
"""*La ricetta della nonna per fare una buona pasta al pomodoro*""",0
"""*Il museo di storia naturale espone una nuova collezione di fossili*""",0
"""*La scrittrice italiana vince il premio letterario internazionale*""",0
"""*Il cambiamento climatico mette a rischio molte specie animali*""",0
"""*Il consiglio di amministrazione della società annuncia un aumento del dividendo*""",0
"""*La nuova stagione di Game of Thrones è attesissima dai fan*""",0
"""*Il team di ricercatori scopre un nuovo farmaco contro il cancro*""",0
"""*La mostra d'arte moderna apre al pubblico con grande successo*""",0
"""*Il governo vara il decreto per la riforma del sistema scolastico*""",0
"""*Il calciatore firma per la nuova squadra con un contratto milionario*""",0
"""*La dieta vegana fa bene all'ambiente, ma ha anche i suoi rischi*""",0
"""*Il nuovo album della band rock è un successo tra i fan*""",0
"""*Il professore tiene una conferenza sulla fisica quantistica*""",0
"""*Il libro di storia vince il premio come miglior saggio dell'anno*""",0
"""*Il festival del cinema italiano è in programma per questo weekend*""",0
"""*Il nuovo modello di auto elettrica è un successo di vendite*""",0
"""*La crisi economica colpisce molte famiglie in Italia*""",0
"""*Il cantante si esibisce in un concerto gratuito per i fan*""",0
"""*La scoperta di un nuovo elemento chimico fa scalpore nella comunità scientifica*""",0
"""*Il governo annuncia un piano per la lotta alla disoccupazione*""",0
"""*Il film vincitore del festival di Cannes è un'opera prima*""",0
"""*Il team di ingegneri lavora al progetto di una città sostenibile*""",0
"""*La nuova legge sulla tutela degli animali entra in vigore*""",0
"""*Il calciatore viene convocato per la nazionale*""",0
"""*Il museo d'arte antica ospita una mostra dedicata ai maestri del Rinascimento*""",0
"""*La nuova app di incontri diventa subito virale*""",0
"""*Il meteorologo prevede una settimana di maltempo*""",0
"""*La nuova moda negli accessori è il ritorno del vintage*""",0
"""*Il team di ricercatori studia un nuovo trattamento per le malattie rare*""",0
"""*Il governo annuncia un piano per la riduzione delle emissioni di gas serra*""",0
"""*La nuova collezione di abbigliamento è già un successo tra le fashioniste*""",0
"""*Il nuovo romanzo di fantasy è un bestseller*""",0
"""*Il team di scienziati scopre una nuova specie di batteri*""",0
"""*La nuova legge sulla tutela dei consumatori entra in vigore*""",0
"""*Il festival della musica jazz attira migliaia di spettatori*""",0
"""*Il nuovo modello di smartphone è più intelligente e veloce del precedente*""",0
"""*La nuova tendenza nel design d'interni è il minimalismo*""",0
"""*Il governo vara una legge per la tutela delle piccole imprese*""",0
"""*La nuova edizione del gioco di ruolo fantasy è attesissima dai giocatori*""",0
"""*Il nuovo modello di auto è più sicuro ed efficiente*""",0
"""*La nuova tendenza nella cucina vegana è il cibo crudo*""",0
"""*Il nuovo album dell'artista è un successo di critica e pubblico*""",0
"""Incendio in una fabbrica di tessuti, 10 feriti*""",0
"""*La luna di Giove, Europa, potrebbe nascondere oceani di acqua liquida*""",0
"""*Vittoria della squadra di calcio in una partita emozionante*""",0
"""*Nuova scoperta nel campo della fisica quantistica*""",0
"""*Piove a dirotto, meglio restare a casa*""",0
"""*Il governo annuncia nuove politiche per l'ambiente*""",0
"""*Il museo d'arte ospita una mostra straordinaria*""",0
"""*La nuova applicazione di navigazione è stata valutata positivamente*""",0
"""*Pasto delizioso al ristorante vegano in città*""",0
"""*Il libro appena uscito ha suscitato molte discussioni*""",0
"""*Il festival della musica è stato un successo nonostante il maltempo*""",0
"""*L'azienda annuncia il lancio di un nuovo prodotto innovativo*""",0
"""*Il team di scienziati ha scoperto una nuova specie di insetto*""",0
"""*Il concerto di questa sera promette di essere indimenticabile*""",0
"""*Il film ha ricevuto critiche contrastanti dalla stampa*""",0
"""*La squadra di hockey ha vinto la coppa dopo una partita combattuta*""",0
"""*Il progetto di ristrutturazione della scuola è finalmente iniziato*""",0
"""*La conferenza sull'intelligenza artificiale ha attirato esperti da tutto il mondo*""",0
"""*Il nuovo album dell'artista ha superato le aspettative*""",0
"""*Il parco divertimenti ha aperto al pubblico con grandi offerte*""",0
"""*La mostra di arte contemporanea è stata visitata da migliaia di persone*""",0
"""*Il servizio di streaming ha aggiunto nuovi film alla sua libreria*""",0
"""*Il ristorante ha ricevuto una stella Michelin*""",0
"""*Il festival del cinema ha presentato film da tutto il mondo*""",0
"""*La squadra di pallavolo ha vinto il campionato nazionale*""",0
"""*Il nuovo museo di storia naturale è stato inaugurato con grande successo*""",0
"""*Il libro di cucina ha ricevuto recensioni entusiastiche*""",0
"""*La conferenza sull'energia sostenibile ha offerto nuove idee*""",0
"""*Il concerto di beneficenza ha raccolto fondi per una buona causa*""",0
"""*Il festival della birra artigianale ha attirato visitatori da tutta la regione*""",0
"""*Il team di ricercatori ha annunciato una nuova scoperta medica*""",0
"""*Il ristorante ha vinto il premio come migliore cucina italiana*""",0
"""*La mostra di fotografia ha presentato scatti da tutto il mondo*""",0
"""*Il festival della cultura ha celebrato le tradizioni locali*""",0
"""*Il nuovo prodotto di tecnologia ha suscitato molto interesse*""",0
"""*Il festival del cioccolato ha offerto deliziosi dolci e degustazioni*""",0
"""*Il team di ingegneri ha presentato una nuova invenzione rivoluzionaria*""",0
"""*Il festival del cinema indipendente ha presentato film inediti*""",0
"""*Il concerto di musica classica è stato un successo*""",0
"""*Il festival dell'arte ha presentato opere di artisti emergenti*""",0
"""*Il team di scienziati ha annunciato la scoperta di un nuovo pianeta*""",0
"""*Il ristorante ha vinto il premio come migliore servizio al cliente*""",0
"""*Il nuovo film di animazione ha incantato il pubblico*""",0
"""*Il festival della letteratura ha ospitato scrittori di fama mondiale*""",0
"""*Il team di ricercatori ha presentato una nuova teoria scientifica*""",0
"""*Il festival della moda ha presentato le ultime tendenze*""",0
"""*Il nuovo parco cittadino è stato inaugurato con un evento pubblico*""",0
"""*Il festival dell'olio d'oliva ha offerto degustazioni e laboratori*""",0
"""*Meteo: Oggi piove a dirotto in tutta la penisola*""",0
"""*Breaking: Italian government approves new budget*""",0
"""*Il nuovo smartphone di Apple uscirà a settembre*""",0
"""*La Juventus batte il Milan con un gol all'ultimo minuto*""",0
"""*La NASA annuncia nuove scoperte su Marte*""",0
"""*Il traffico è intenso oggi a causa di un incidente sulla tangenziale*""",0
"""*Il nuovo libro di Dan Brown è una delusione per i fan*""",0
"""*Il impeachment di Trump divide l'America*""",0
"""*La cucina vegetariana sta diventando sempre più popolare*""",0
"""*Il festival del cinema di Venezia si aprirà questa sera*""",0
"""*La Banca centrale europea abbassa i tassi di interesse*""",0
"""*Il cambiamento climatico sta colpendo duramente l'Amazzonia*""",0
"""*Il governo sta lavorando per risolvere la crisi dei migranti*""",0
"""*Il nuovo film di Star Wars è atteso al botteghino*""",0
"""*Il prezzo del petrolio è in aumento a livello globale*""",0
"""*Il Parlamento europeo voterà sulla Brexit questa settimana*""",0
"""*Il nuovo album di Lady Gaga è un successo*""",0
"""*Il traffico aereo è stato interrotto a causa di una tempesta*""",0
"""*Il governo sta investendo in nuove tecnologie per la salute*""",0
"""*Il campionato di calcio italiano entra nel vivo*""",0
"""*Il prezzo delle azioni di Apple è in calo*""",0
"""*Il governo sta lavorando per ridurre la povertà infantile*""",0
"""*Il nuovo smartphone di Samsung è un competitors del modello di Apple*""",0
"""*Il cambiamento climatico sta portando a una carenza di acqua potabile*""",0
"""*Il presidente francese Macron annuncia nuove riforme*""",0
"""*Il governo sta lavorando per migliorare le infrastrutture*""",0
"""*Il prezzo del grano è in aumento a livello globale*""",0
"""*Il nuovo film di James Bond è stato presentato al pubblico*""",0
"""*Il governo sta lavorando per migliorare la qualità dell'istruzione*""",0
"""*Il campionato di tennis di Wimbledon è in corso*""",0
"""*Il prezzo delle criptovalute è in calo*""",0
"""*Il governo sta lavorando per ridurre l'inquinamento atmosferico*""",0
"""*Il nuovo film di Marvel è atteso al botteghino*""",0
"""*Il governo sta investendo in nuove tecnologie per la sicurezza*""",0
"""*Il campionato di basket americano entra nel vivo*""",0
"""*Il prezzo dell'oro è in aumento a livello globale*""",0
"""*Il nuovo libro di Stephen King è un successo*""",0
"""*Il governo sta lavorando per migliorare la qualità della vita dei cittadini*""",0
"""*Il cambiamento climatico sta portando a una riduzione della biodiversità*""",0
"""*Il nuovo smartphone di Apple è impermeabile*""",0
"""*Il governo sta lavorando per ridurre la disoccupazione*""",0
"""*Il prezzo del gas naturale è in aumento a livello globale*""",0
"""*Il campionato di calcio inglese è in corso*""",0
"""*Il nuovo film di Disney è un successo*""",0
"""*Il governo sta lavorando per migliorare le infrastrutture dei trasporti*""",0
"""*Il prezzo del rame è in aumento a livello globale*""",0
"""*Il nuovo libro di J.K. Rowling è atteso al botteghino*""",0
"""*Il governo sta lavorando per ridurre la povertà*""",0
"""*Il campionato di calcio tedesco è in corso*""",0
"""*Il prezzo del cotone è in aumento a livello globale*""",0
"""*Il nuovo film di Martin Scorsese è un successo*""",0
"""*Il governo sta lavorando per migliorare la qualità dell'aria*""",0
"""*Il nuovo smartphone di Apple ha ottenuto recensioni entusiastiche*""",0
"""*La conferenza di stamattina ha presentato innovazioni nel campo dell'energia solare*""",0
"""*Il piatto preferito di mia nonna è la pasta al pomodoro*""",0
"""*La teoria della relatività di Einstein ha rivoluzionato la fisica*""",0
"""*Il risultato della partita è stato deludente per i tifosi*""",0
"""*La mostra d'arte moderna è stata un successo tra il pubblico*""",0
"""*Il nuovo film di Marvel ha battuto record al botteghino*""",0
"""*La mia passione per la lettura è iniziata con i libri di Harry Potter*""",0
"""*Il cambiamento climatico sta diventando un problema urgente a livello globale*""",0
"""*Il mio esperimento di scienze ha dimostrato che l'acqua bolle a 100 gradi Celsius*""",0
"""*Il miglior ristorante italiano della città serve pizza deliziosa*""",0
"""*La mia professoressa di storia è molto appassionata dell'argomento*""",0
"""*Il progetto di ingegneria spaziale è stato un successo grazie alla dedizione del team*""",0
"""*Il mio libro preferito è ""1984"" di George Orwell*""",0
"""*Il concerto di ieri sera è stato incredibile, la band ha suonato alla perfezione*""",0
"""*La mia esperienza come volontario in un ospedale è stata molto gratificante*""",0
"""*Il mio viaggio in Europa è stato un'esperienza indimenticabile*""",0
"""*Il nuovo aggiornamento del sistema operativo ha risolto molti problemi di sicurezza*""",0
"""*Il mio cane è il mio compagno di giochi preferito*""",0
"""*Il mio percorso di studio in medicina mi ha insegnato molto sulla vita*""",0
"""*Il mioPtrimo lavoro è stato come cameriere in un ristorante*""",0
"""*Il mio obiettivo è diventare un fotografo di successo*""",0
"""*Il mio film preferito è ""Inception"" di Christopher Nolan*""",0
"""*Il mio giardino è il mio rifugio preferito*""",0
"""*Il mio viaggio in Asia è stato un'esperienza culturale incredibile*""",0
"""*Il mio primo libro è stato ""Peter Pan"" di James M. Barrie*""",0
"""*Il mio lavoro come sviluppatore software mi appassiona ogni giorno*""",0
"""*Il mio viaggio in Africa mi ha aperto gli occhi sul mondo*""",0
"""*Il mio sogno è diventare uno scrittore di successo*""",0
"""*Il mio primo concerto è stato dei Beatles, un'esperienza indimenticabile*""",0
"""*Il mio viaggio in Sud America è stato un'avventura mozzafiato*""",0
"""*Il mio progetto di architettura è stato selezionato per una mostra*""",0
"""*Il mio viaggio in Australia mi ha fatto innamorare della natura*""",0
"""*Il mio primo lavoro come giornalista è stato un'esperienza formativa*""",0
"""*Il mio viaggio in Egitto è stato un'esperienza indimenticabile*""",0
"""*Il mio obiettivo è imparare a parlare fluentemente tre lingue*""",0
"""*Il mio viaggio in Giappone è stato un'esperienza di vita*""",0
"""*Il mio progetto di ricerca sull'intelligenza artificiale sta procedendo bene*""",0
"""*Il mio viaggio in Canada è stato un'esperienza avventurosa*""",0
"""*Il mio primo lavoro come insegnante è stato molto gratificante*""",0
"""Incendio in una fabbrica di tessuti, 10 feriti*""",0
"""*La luna di Giove, Europa, potrebbe nascondere oceani di acqua liquida*""",0
"""*Vittoria della squadra di calcio in una partita emozionante*""",0
"""*Nuova scoperta nel campo della fisica quantistica*""",0
"""*Piove a dirotto, meglio restare a casa*""",0
"""*Il governo annuncia nuove politiche per l'ambiente*""",0
"""*Il museo d'arte ospita una mostra straordinaria*""",0
"""*La nuova applicazione di navigazione è stata valutata positivamente*""",0
"""*Pasto delizioso al ristorante vegano in città*""",0
"""*Il libro appena uscito ha suscitato molte discussioni*""",0
"""*Il festival della musica è stato un successo nonostante il maltempo*""",0
"""*L'azienda annuncia il lancio di un nuovo prodotto innovativo*""",0
"""*Il team di scienziati ha scoperto una nuova specie di insetto*""",0
"""*Il concerto di questa sera promette di essere indimenticabile*""",0
"""*Il film ha ricevuto critiche contrastanti dalla stampa*""",0
"""*La squadra di hockey ha vinto la coppa dopo una partita combattuta*""",0
"""*Il progetto di ristrutturazione della scuola è finalmente iniziato*""",0
"""*La conferenza sull'intelligenza artificiale ha attirato esperti da tutto il mondo*""",0
"""*Il nuovo album dell'artista ha superato le aspettative*""",0
"""*Il parco divertimenti ha aperto al pubblico con grandi offerte*""",0
"""*La mostra di arte contemporanea è stata visitata da migliaia di persone*""",0
"""*Il servizio di streaming ha aggiunto nuovi film alla sua libreria*""",0
"""*Il ristorante ha ricevuto una stella Michelin*""",0
"""*Il festival del cinema ha presentato film da tutto il mondo*""",0
"""*La squadra di pallavolo ha vinto il campionato nazionale*""",0
"""*Il nuovo museo di storia naturale è stato inaugurato con grande successo*""",0
"""*Il libro di cucina ha ricevuto recensioni entusiastiche*""",0
"""*La conferenza sull'energia sostenibile ha offerto nuove idee*""",0
"""*Il concerto di beneficenza ha raccolto fondi per una buona causa*""",0
"""*Il festival della birra artigianale ha attirato visitatori da tutta la regione*""",0
"""*Il team di ricercatori ha annunciato una nuova scoperta medica*""",0
"""*Il ristorante ha vinto il premio come migliore cucina italiana*""",0
"""*La mostra di fotografia ha presentato scatti da tutto il mondo*""",0
"""*Il festival della cultura ha celebrato le tradizioni locali*""",0
"""*Il nuovo prodotto di tecnologia ha suscitato molto interesse*""",0
"""*Il festival del cioccolato ha offerto deliziosi dolci e degustazioni*""",0
"""*Il team di ingegneri ha presentato una nuova invenzione rivoluzionaria*""",0
"""*Il festival del cinema indipendente ha presentato film inediti*""",0
"""*Il concerto di musica classica è stato un successo*""",0
"""*Il festival dell'arte ha presentato opere di artisti emergenti*""",0
"""*Il team di scienziati ha annunciato la scoperta di un nuovo pianeta*""",0
"""*Il ristorante ha vinto il premio come migliore servizio al cliente*""",0
"""*Il nuovo film di animazione ha incantato il pubblico*""",0
"""*Il festival della letteratura ha ospitato scrittori di fama mondiale*""",0
"""*Il team di ricercatori ha presentato una nuova teoria scientifica*""",0
"""*Il festival della moda ha presentato le ultime tendenze*""",0
"""*Il nuovo parco cittadino è stato inaugurato con un evento pubblico*""",0
"""*Il festival dell'olio d'oliva ha offerto degustazioni e laboratori*""",0
"""Incendio in una fabbrica di tessuti, 10 feriti*""",0
"""*La luna di Giove, Europa, potrebbe nascondere oceani di acqua liquida*""",0
"""*Vittoria della squadra di calcio in una partita emozionante*""",0
"""*Nuova scoperta nel campo della fisica quantistica*""",0
"""*Piove a dirotto, meglio restare a casa*""",0
"""*Il governo annuncia nuove politiche per l'ambiente*""",0
"""*Il museo d'arte ospita una mostra straordinaria*""",0
"""*La nuova applicazione di navigazione è stata valutata positivamente*""",0
"""*Pasto delizioso al ristorante vegano in città*""",0
"""*Il libro appena uscito ha suscitato molte discussioni*""",0
"""*Il festival della musica è stato un successo nonostante il maltempo*""",0
"""*L'azienda annuncia il lancio di un nuovo prodotto innovativo*""",0
"""*Il team di scienziati ha scoperto una nuova specie di insetto*""",0
"""*Il concerto di questa sera promette di essere indimenticabile*""",0
"""*Il film ha ricevuto critiche contrastanti dalla stampa*""",0
"""*La squadra di hockey ha vinto la coppa dopo una partita combattuta*""",0
"""*Il progetto di ristrutturazione della scuola è finalmente iniziato*""",0
"""*La conferenza sull'intelligenza artificiale ha attirato esperti da tutto il mondo*""",0
"""*Il nuovo album dell'artista ha superato le aspettative*""",0
"""*Il parco divertimenti ha aperto al pubblico con grandi offerte*""",0
"""*La mostra di arte contemporanea è stata visitata da migliaia di persone*""",0
"""*Il servizio di streaming ha aggiunto nuovi film alla sua libreria*""",0
"""*Il ristorante ha ricevuto una stella Michelin*""",0
"""*Il festival del cinema ha presentato film da tutto il mondo*""",0
"""*La squadra di pallavolo ha vinto il campionato nazionale*""",0
"""*Il nuovo museo di storia naturale è stato inaugurato con grande successo*""",0
"""*Il libro di cucina ha ricevuto recensioni entusiastiche*""",0
"""*La conferenza sull'energia sostenibile ha offerto nuove idee*""",0
"""*Il concerto di beneficenza ha raccolto fondi per una buona causa*""",0
"""*Il festival della birra artigianale ha attirato visitatori da tutta la regione*""",0
"""*Il team di ricercatori ha annunciato una nuova scoperta medica*""",0
"""*Il ristorante ha vinto il premio come migliore cucina italiana*""",0
"""*La mostra di fotografia ha presentato scatti da tutto il mondo*""",0
"""*Il festival della cultura ha celebrato le tradizioni locali*""",0
"""*Il nuovo prodotto di tecnologia ha suscitato molto interesse*""",0
"""*Il festival del cioccolato ha offerto deliziosi dolci e degustazioni*""",0
"""*Il team di ingegneri ha presentato una nuova invenzione rivoluzionaria*""",0
"""*Il festival del cinema indipendente ha presentato film inediti*""",0
"""*Il concerto di musica classica è stato un successo*""",0
"""*Il festival dell'arte ha presentato opere di artisti emergenti*""",0
"""*Il team di scienziati ha annunciato la scoperta di un nuovo pianeta*""",0
"""*Il ristorante ha vinto il premio come migliore servizio al cliente*""",0
"""*Il nuovo film di animazione ha incantato il pubblico*""",0
"""*Il festival della letteratura ha ospitato scrittori di fama mondiale*""",0
"""*Il team di ricercatori ha presentato una nuova teoria scientifica*""",0
"""*Il festival della moda ha presentato le ultime tendenze*""",0
"""*Il nuovo parco cittadino è stato inaugurato con un evento pubblico*""",0
"""*Il festival dell'olio d'oliva ha offerto degustazioni e laboratori*""",0
"""*Il Presidente annuncia nuove misure per contrastare il COVID-19*""",0
"""*La scoperta di un nuovo pianeta potrebbe cambiare la nostra comprensione dell'universo*""",0
"""*I tifosi del Milan esultano per la vittoria della squadra*""",0
"""*Il libro ""La Solitudine dei Numeri Primi"" di Paulo Coelho diventa un film*""",0
"""*La nuova app di delivery è un successo tra gli studenti universitari*""",0
"""*Il cambiamento climatico sta portando a un aumento dei disastri naturali*""",0
"""*La tecnologia blockchain sta rivoluzionando il settore finanziario*""",0
"""*La cucina vegetariana sta diventando sempre più popolare tra i giovani*""",0
"""*Il museo d'arte moderna ha aperto una nuova ala dedicata all'arte contemporanea*""",0
"""*La squadra di calcio under 18 vince il campionato regionale*""",0
"""*Il nuovo smartphone di Apple è stato presentato con grande entusiasmo*""",0
"""*La scoperta di un nuovo tipo di batterio potrebbe aiutare a combattere l'inquinamento*""",0
"""*Il governo ha annunciato un piano per la riduzione delle emissioni di gas serra*""",0
"""*La comunità scientifica è divisa sulla questione delle vacanze sulla Luna*""",0
"""*Il festival del cinema di Venezia ha visto la partecipazione di molte star internazionali*""",0
"""*La nuova linea di abbigliamento sportivo ha avuto un grande successo di vendite*""",0
"""*Il premio Nobel per la pace è stato assegnato a un attivista per i diritti umani*""",0
"""*La mostra d'arte sull'impressionismo ha attirato migliaia di visitatori*""",0
"""*Il nuovo film di animazione della Disney ha incassato milioni di dollari nel primo weekend*""",0
"""*La crisi economica sta portando a un aumento della disoccupazione giovanile*""",0
"""*La scoperta di una nuova specie di farfalla ha sorpreso gli scienziati*""",0
"""*Il governo ha deciso di investire in energia rinnovabile per ridurre la dipendenza dal petrolio*""",0
"""*La squadra di pallavolo femminile vince la finale dei campionati nazionali*""",0
"""*Il nuovo album della cantante pop è già in cima alle classifiche*""",0
"""*La comunità LGBTQ+ celebra il pride month con manifestazioni in tutto il mondo*""",0
"""*Il museo egizio di Torino ha acquisito un nuovo reperto di valore inestimabile*""",0
"""*La tecnologia 5G sta Révolutionando la connessione internet*""",0
"""*La squadra di calcio femminile vince la Coppa del Mondo*""",0
"""*Il nuovo servizio di streaming musicale ha conquistato gli utenti*""",0
"""*La ricerca scientifica sull'intelligenza artificiale sta avanzando rapidamente*""",0
"""*Il festival della moda di Milano ha presentato le nuove collezioni autunno-inverno*""",0
"""*La squadra di basket vince il campionato dopo una finale emozionante*""",0
"""*Il governo ha annunciato un piano per la riduzione delle tasse sulle piccole imprese*""",0
"""*La scoperta di un nuovo antibiotico potrebbe rivoluzionare la lotta alle infezioni resistenti*""",0
"""*Il nuovo parco divertimenti apre le porte al pubblico con grande successo*""",0
"""*La squadra di rugby vince il Sei Nazioni dopo una partita thriller*""",0
"""*Il governo ha deciso di investire in infrastrutture per migliorare la connessione a internet*""",0
"""*La nuova serie televisiva è diventata un successo globale*""",0
"""*Il museo di storia naturale ha aperto una nuova sezione dedicata alla biodiversità*""",0
"""*Milan supera la Juventus nel derby d'Italia""",0
"""*Il nuovo smartphone di Apple in arrivo il prossimo autunno""",0
"""*La scienza svela i misteri dell'universo""",0
"""*Ieri ho provato la nuova ricetta di pasta al pesto, deliziosa!""",0
"""*L'arte rinascimentale italiana in mostra a Parigi""",0
"""*Il cambiamento climatico minaccia l'ecosistema marino""",0
"""*La finale di Coppa Italia si giocherà al Meazza""",0
"""*Il romanzo fantasy di debutto dell'autore italiano è un successo""",0
"""*La cucina vegetariana: una scelta sempre più diffusa""",0
"""*Il mondo della tecnologia si riunisce a Roma per il congresso annuale""",0
"""*La passione per la storia mi ha portato a visitare i musei di Roma""",0
"""*Il nuovo film di Al Pacino uscirà al cinema la prossima settimana""",0
"""*La corsa alla luna: gli Stati Uniti e l'Unione Sovietica nella competizione spaziale""",0
"""*Il mio viaggio in treno attraverso l'Italia è stato indimenticabile""",0
"""*La dieta mediterranea patrimonio dell'umanità UNESCO""",0
"""*Il concerto dei Coldplay al Circo Massimo ha riunito migliaia di fan""",0
"""*La scoperta di un nuovo pianeta abbonda di acqua""",0
"""*Il mio primo giorno di lavoro è stato emozionante""",0
"""*La disfatta della squadra di calcio italiana ai Mondiali""",0
"""*Il mistero del dipinto scomparso del Caravaggio""",0
"""*La mia passione per la filosofia mi ha portato a leggere Platone""",0
"""*Il design italiano protagonista al Salone del Mobile di Milano""",0
"""*La mia vacanza in montagna è stata rilassante e rigenerante""",0
"""*Il nuovo album di Lady Gaga è un successo globale""",0
"""*La mia decisione di diventare vegano ha cambiato la mia vita""",0
"""*Il patrimonio artistico italiano in pericolo a causa dei cambiamenti climatici""",0
"""*Il mio viaggio in auto attraverso la Francia è stato avventuroso""",0
"""*La finale di tennis tra Federer e Nadal è stata epica""",0
"""*Il mio primo assaggio di pizza napoletana è stato incredibile""",0
"""*La mia passione per la musica mi ha portato a imparare a suonare la chitarra""",0
"""*Il nuovo film di animazione della Disney è un successo al botteghino""",0
"""*La mia decisione di intraprendere un viaggio intorno al mondo""",0
"""*Il mondo della moda si riunisce a Milano per la Fashion Week""",0
"""*La mia passione per la cucina mi ha portato a开""",0
"""Incendio in una fabbrica di tessuti, 10 feriti*""",0
"""*La luna di Giove, Europa, potrebbe nascondere oceani di acqua liquida*""",0
"""*Vittoria della squadra di calcio in una partita emozionante*""",0
"""*Nuova scoperta nel campo della fisica quantistica*""",0
"""*Piove a dirotto, meglio restare a casa*""",0
"""*Il governo annuncia nuove politiche per l'ambiente*""",0
"""*Il museo d'arte ospita una mostra straordinaria*""",0
"""*La nuova applicazione di navigazione è stata valutata positivamente*""",0
"""*Pasto delizioso al ristorante vegano in città*""",0
"""*Il libro appena uscito ha suscitato molte discussioni*""",0
"""*Il festival della musica è stato un successo nonostante il maltempo*""",0
"""*L'azienda annuncia il lancio di un nuovo prodotto innovativo*""",0
"""*Il team di scienziati ha scoperto una nuova specie di insetto*""",0
"""*Il concerto di questa sera promette di essere indimenticabile*""",0
"""*Il film ha ricevuto critiche contrastanti dalla stampa*""",0
"""*La squadra di hockey ha vinto la coppa dopo una partita combattuta*""",0
"""*Il progetto di ristrutturazione della scuola è finalmente iniziato*""",0
"""*La conferenza sull'intelligenza artificiale ha attirato esperti da tutto il mondo*""",0
"""*Il nuovo album dell'artista ha superato le aspettative*""",0
"""*Il parco divertimenti ha aperto al pubblico con grandi offerte*""",0
"""*La mostra di arte contemporanea è stata visitata da migliaia di persone*""",0
"""*Il servizio di streaming ha aggiunto nuovi film alla sua libreria*""",0
"""*Il ristorante ha ricevuto una stella Michelin*""",0
"""*Il festival del cinema ha presentato film da tutto il mondo*""",0
"""*La squadra di pallavolo ha vinto il campionato nazionale*""",0
"""*Il nuovo museo di storia naturale è stato inaugurato con grande successo*""",0
"""*Il libro di cucina ha ricevuto recensioni entusiastiche*""",0
"""*La conferenza sull'energia sostenibile ha offerto nuove idee*""",0
"""*Il concerto di beneficenza ha raccolto fondi per una buona causa*""",0
"""*Il festival della birra artigianale ha attirato visitatori da tutta la regione*""",0
"""*Il team di ricercatori ha annunciato una nuova scoperta medica*""",0
"""*Il ristorante ha vinto il premio come migliore cucina italiana*""",0
"""*La mostra di fotografia ha presentato scatti da tutto il mondo*""",0
"""*Il festival della cultura ha celebrato le tradizioni locali*""",0
"""*Il nuovo prodotto di tecnologia ha suscitato molto interesse*""",0
"""*Il festival del cioccolato ha offerto deliziosi dolci e degustazioni*""",0
"""*Il team di ingegneri ha presentato una nuova invenzione rivoluzionaria*""",0
"""*Il festival del cinema indipendente ha presentato film inediti*""",0
"""*Il concerto di musica classica è stato un successo*""",0
"""*Il festival dell'arte ha presentato opere di artisti emergenti*""",0
"""*Il team di scienziati ha annunciato la scoperta di un nuovo pianeta*""",0
"""*Il ristorante ha vinto il premio come migliore servizio al cliente*""",0
"""*Il nuovo film di animazione ha incantato il pubblico*""",0
"""*Il festival della letteratura ha ospitato scrittori di fama mondiale*""",0
"""*Il team di ricercatori ha presentato una nuova teoria scientifica*""",0
"""*Il festival della moda ha presentato le ultime tendenze*""",0
"""*Il nuovo parco cittadino è stato inaugurato con un evento pubblico*""",0
"""*Il festival dell'olio d'oliva ha offerto degustazioni e laboratori*""",0
"""Incendio in una fabbrica di tessuti, 10 feriti*""",0
"""*La luna di Giove, Europa, potrebbe nascondere oceani di acqua liquida*""",0
"""*Vittoria della squadra di calcio in una partita emozionante*""",0
"""*Nuova scoperta nel campo della fisica quantistica*""",0
"""*Piove a dirotto, meglio restare a casa*""",0
"""*Il governo annuncia nuove politiche per l'ambiente*""",0
"""*Il museo d'arte ospita una mostra straordinaria*""",0
"""*La nuova applicazione di navigazione è stata valutata positivamente*""",0
"""*Pasto delizioso al ristorante vegano in città*""",0
"""*Il libro appena uscito ha suscitato molte discussioni*""",0
"""*Il festival della musica è stato un successo nonostante il maltempo*""",0
"""*L'azienda annuncia il lancio di un nuovo prodotto innovativo*""",0
"""*Il team di scienziati ha scoperto una nuova specie di insetto*""",0
"""*Il concerto di questa sera promette di essere indimenticabile*""",0
"""*Il film ha ricevuto critiche contrastanti dalla stampa*""",0
"""*La squadra di hockey ha vinto la coppa dopo una partita combattuta*""",0
"""*Il progetto di ristrutturazione della scuola è finalmente iniziato*""",0
"""*La conferenza sull'intelligenza artificiale ha attirato esperti da tutto il mondo*""",0
"""*Il nuovo album dell'artista ha superato le aspettative*""",0
"""*Il parco divertimenti ha aperto al pubblico con grandi offerte*""",0
"""*La mostra di arte contemporanea è stata visitata da migliaia di persone*""",0
"""*Il servizio di streaming ha aggiunto nuovi film alla sua libreria*""",0
"""*Il ristorante ha ricevuto una stella Michelin*""",0
"""*Il festival del cinema ha presentato film da tutto il mondo*""",0
"""*La squadra di pallavolo ha vinto il campionato nazionale*""",0
"""*Il nuovo museo di storia naturale è stato inaugurato con grande successo*""",0
"""*Il libro di cucina ha ricevuto recensioni entusiastiche*""",0
"""*La conferenza sull'energia sostenibile ha offerto nuove idee*""",0
"""*Il concerto di beneficenza ha raccolto fondi per una buona causa*""",0
"""*Il festival della birra artigianale ha attirato visitatori da tutta la regione*""",0
"""*Il team di ricercatori ha annunciato una nuova scoperta medica*""",0
"""*Il ristorante ha vinto il premio come migliore cucina italiana*""",0
"""*La mostra di fotografia ha presentato scatti da tutto il mondo*""",0
"""*Il festival della cultura ha celebrato le tradizioni locali*""",0
"""*Il nuovo prodotto di tecnologia ha suscitato molto interesse*""",0
"""*Il festival del cioccolato ha offerto deliziosi dolci e degustazioni*""",0
"""*Il team di ingegneri ha presentato una nuova invenzione rivoluzionaria*""",0
"""*Il festival del cinema indipendente ha presentato film inediti*""",0
"""*Il concerto di musica classica è stato un successo*""",0
"""*Il festival dell'arte ha presentato opere di artisti emergenti*""",0
"""*Il team di scienziati ha annunciato la scoperta di un nuovo pianeta*""",0
"""*Il ristorante ha vinto il premio come migliore servizio al cliente*""",0
"""*Il nuovo film di animazione ha incantato il pubblico*""",0
"""*Il festival della letteratura ha ospitato scrittori di fama mondiale*""",0
"""*Il team di ricercatori ha presentato una nuova teoria scientifica*""",0
"""*Il festival della moda ha presentato le ultime tendenze*""",0
"""*Il nuovo parco cittadino è stato inaugurato con un evento pubblico*""",0
"""*Il festival dell'olio d'oliva ha offerto degustazioni e laboratori*""",0
"""Incendio in una fabbrica di tessuti, 10 feriti*""",0
"""*La luna di Giove, Europa, potrebbe nascondere oceani di acqua liquida*""",0
"""*Vittoria della squadra di calcio in una partita emozionante*""",0
"""*Nuova scoperta nel campo della fisica quantistica*""",0
"""*Piove a dirotto, meglio restare a casa*""",0
"""*Il governo annuncia nuove politiche per l'ambiente*""",0
"""*Il museo d'arte ospita una mostra straordinaria*""",0
"""*La nuova applicazione di navigazione è stata valutata positivamente*""",0
"""*Pasto delizioso al ristorante vegano in città*""",0
"""*Il libro appena uscito ha suscitato molte discussioni*""",0
"""*Il festival della musica è stato un successo nonostante il maltempo*""",0
"""*L'azienda annuncia il lancio di un nuovo prodotto innovativo*""",0
"""*Il team di scienziati ha scoperto una nuova specie di insetto*""",0
"""*Il concerto di questa sera promette di essere indimenticabile*""",0
"""*Il film ha ricevuto critiche contrastanti dalla stampa*""",0
"""*La squadra di hockey ha vinto la coppa dopo una partita combattuta*""",0
"""*Il progetto di ristrutturazione della scuola è finalmente iniziato*""",0
"""*La conferenza sull'intelligenza artificiale ha attirato esperti da tutto il mondo*""",0
"""*Il nuovo album dell'artista ha superato le aspettative*""",0
"""*Il parco divertimenti ha aperto al pubblico con grandi offerte*""",0
"""*La mostra di arte contemporanea è stata visitata da migliaia di persone*""",0
"""*Il servizio di streaming ha aggiunto nuovi film alla sua libreria*""",0
"""*Il ristorante ha ricevuto una stella Michelin*""",0
"""*Il festival del cinema ha presentato film da tutto il mondo*""",0
"""*La squadra di pallavolo ha vinto il campionato nazionale*""",0
"""*Il nuovo museo di storia naturale è stato inaugurato con grande successo*""",0
"""*Il libro di cucina ha ricevuto recensioni entusiastiche*""",0
"""*La conferenza sull'energia sostenibile ha offerto nuove idee*""",0
"""*Il concerto di beneficenza ha raccolto fondi per una buona causa*""",0
"""*Il festival della birra artigianale ha attirato visitatori da tutta la regione*""",0
"""*Il team di ricercatori ha annunciato una nuova scoperta medica*""",0
"""*Il ristorante ha vinto il premio come migliore cucina italiana*""",0
"""*La mostra di fotografia ha presentato scatti da tutto il mondo*""",0
"""*Il festival della cultura ha celebrato le tradizioni locali*""",0
"""*Il nuovo prodotto di tecnologia ha suscitato molto interesse*""",0
"""*Il festival del cioccolato ha offerto deliziosi dolci e degustazioni*""",0
"""*Il team di ingegneri ha presentato una nuova invenzione rivoluzionaria*""",0
"""*Il festival del cinema indipendente ha presentato film inediti*""",0
"""*Il concerto di musica classica è stato un successo*""",0
"""*Il festival dell'arte ha presentato opere di artisti emergenti*""",0
"""*Il team di scienziati ha annunciato la scoperta di un nuovo pianeta*""",0
"""*Il ristorante ha vinto il premio come migliore servizio al cliente*""",0
"""*Il nuovo film di animazione ha incantato il pubblico*""",0
"""*Il festival della letteratura ha ospitato scrittori di fama mondiale*""",0
"""*Il team di ricercatori ha presentato una nuova teoria scientifica*""",0
"""*Il festival della moda ha presentato le ultime tendenze*""",0
"""*Il nuovo parco cittadino è stato inaugurato con un evento pubblico*""",0
"""*Il festival dell'olio d'oliva ha offerto degustazioni e laboratori*""",0
"""Incendio in una fabbrica di tessuti, 10 feriti*""",0
"""*La luna di Giove, Europa, potrebbe nascondere oceani di acqua liquida*""",0
"""*Vittoria della squadra di calcio in una partita emozionante*""",0
"""*Nuova scoperta nel campo della fisica quantistica*""",0
"""*Piove a dirotto, meglio restare a casa*""",0
"""*Il governo annuncia nuove politiche per l'ambiente*""",0
"""*Il museo d'arte ospita una mostra straordinaria*""",0
"""*La nuova applicazione di navigazione è stata valutata positivamente*""",0
"""*Pasto delizioso al ristorante vegano in città*""",0
"""*Il libro appena uscito ha suscitato molte discussioni*""",0
"""*Il festival della musica è stato un successo nonostante il maltempo*""",0
"""*L'azienda annuncia il lancio di un nuovo prodotto innovativo*""",0
"""*Il team di scienziati ha scoperto una nuova specie di insetto*""",0
"""*Il concerto di questa sera promette di essere indimenticabile*""",0
"""*Il film ha ricevuto critiche contrastanti dalla stampa*""",0
"""*La squadra di hockey ha vinto la coppa dopo una partita combattuta*""",0
"""*Il progetto di ristrutturazione della scuola è finalmente iniziato*""",0
"""*La conferenza sull'intelligenza artificiale ha attirato esperti da tutto il mondo*""",0
"""*Il nuovo album dell'artista ha superato le aspettative*""",0
"""*Il parco divertimenti ha aperto al pubblico con grandi offerte*""",0
"""*La mostra di arte contemporanea è stata visitata da migliaia di persone*""",0
"""*Il servizio di streaming ha aggiunto nuovi film alla sua libreria*""",0
"""*Il ristorante ha ricevuto una stella Michelin*""",0
"""*Il festival del cinema ha presentato film da tutto il mondo*""",0
"""*La squadra di pallavolo ha vinto il campionato nazionale*""",0
"""*Il nuovo museo di storia naturale è stato inaugurato con grande successo*""",0
"""*Il libro di cucina ha ricevuto recensioni entusiastiche*""",0
"""*La conferenza sull'energia sostenibile ha offerto nuove idee*""",0
"""*Il concerto di beneficenza ha raccolto fondi per una buona causa*""",0
"""*Il festival della birra artigianale ha attirato visitatori da tutta la regione*""",0
"""*Il team di ricercatori ha annunciato una nuova scoperta medica*""",0
"""*Il ristorante ha vinto il premio come migliore cucina italiana*""",0
"""*La mostra di fotografia ha presentato scatti da tutto il mondo*""",0
"""*Il festival della cultura ha celebrato le tradizioni locali*""",0
"""*Il nuovo prodotto di tecnologia ha suscitato molto interesse*""",0
"""*Il festival del cioccolato ha offerto deliziosi dolci e degustazioni*""",0
"""*Il team di ingegneri ha presentato una nuova invenzione rivoluzionaria*""",0
"""*Il festival del cinema indipendente ha presentato film inediti*""",0
"""*Il concerto di musica classica è stato un successo*""",0
"""*Il festival dell'arte ha presentato opere di artisti emergenti*""",0
"""*Il team di scienziati ha annunciato la scoperta di un nuovo pianeta*""",0
"""*Il ristorante ha vinto il premio come migliore servizio al cliente*""",0
"""*Il nuovo film di animazione ha incantato il pubblico*""",0
"""*Il festival della letteratura ha ospitato scrittori di fama mondiale*""",0
"""*Il team di ricercatori ha presentato una nuova teoria scientifica*""",0
"""*Il festival della moda ha presentato le ultime tendenze*""",0
"""*Il nuovo parco cittadino è stato inaugurato con un evento pubblico*""",0
"""*Il festival dell'olio d'oliva ha offerto degustazioni e laboratori*""",0
"""*La luna si tinge di rosso durante l'eclissi totale*""",0
"""*Il vincitore della maratona di New York è un atleta sconosciuto*""",0
"""*La scoperta di un nuovo elemento chimico potrebbe rivoluzionare la tecnologia*""",0
"""*Il piatto del giorno al ristorante è una deliziosa pasta alla carbonara*""",0
"""*La mostra d'arte contemporanea sta attirando molte persone*""",0
"""*L'azienda ha annunciato un aumento del prezzo del biglietto del treno*""",0
"""*Il libro di storia è molto dettagliato e ben scritto*""",0
"""*Il team di calcio ha perso la partita in casa*""",0
"""*La recita scolastica è stata un successo grazie ai bambini*""",0
"""*Il nuovo smartphone ha una fotocamera eccezionale*""",0
"""*Il museo ospita una mostra temporanea di dipinti impressionisti*""",0
"""*La squadra di calcio della città ha vinto il campionato*""",0
"""*Il temporale ha causato blackout in tutta la città*""",0
"""*L'articolo scientifico ha ricevuto molte critiche dalla comunità*""",0
"""*Il film in uscita sembra molto promettente*""",0
"""*La conferenza sull'intelligenza artificiale ha attirato esperti da tutto il mondo*""",0
"""*Il disegno di legge sull'ambiente è stato approvato con voti favorevoli*""",0
"""*Il temporale ha causato danni ingenti ai raccolti*""",0
"""*Il nuovo album della band è un successo commerciale*""",0
"""*La mostra fotografica esplora la vita quotidiana in una città*""",0
"""*Il festival cinematografico ha attirato molte star*""",0
"""*Il libro di cucina giapponese è diventato un bestseller*""",0
"""*La mostra d'arte moderna è accolta con entusiasmo dai critici*""",0
"""*Il team di ricercatori ha scoperto una nuova specie di animale*""",0
"""*Il concerto rock ha attirato una folla di 50.000 persone*""",0
"""*La conferenza internazionale sulla pace ha riunito leader mondiali*""",0
"""*Il nuovo ristorante vegetariano è molto popolare tra i clienti*""",0
"""*Il museo ospita una mostra diarte antica*""",0
"""*Il libro di auto-aiuto è diventato una guida per molte persone*""",0
"""*Il festival della birra artigianale ha attirato migliaia di visitatori*""",0
"""*Il team di sviluppo ha annunciato il lancio del nuovo gioco*""",0
"""*Il film horror ha ricevuto recensioni contrastanti*""",0
"""*La mostra fotografica sottolinea l'importanza della salvaguardia della natura*""",0
"""*Il nuovo romanzo di fantascienza è un successo di critica e pubblico*""",0
"""*Il festival di musica classica è stato un grande successo*""",0
"""*Il libro di storia dell'arte è molto informativo*""",0
"""*Il team di calcio femminile ha vinto la coppa*""",0
"""*Il nuovo prodotto tecnologico è stato presentato al pubblico*""",0
"""*Il museo ospita una mostra di arte contemporanea*""",0
"""*Il libro di ricette vegetariane è diventato un bestseller*""",0
"""*Il festival della cultura arrabbiata ha attirato molte persone*""",0
"""*Il nuovo film di animazione è un successo per tutta la famiglia*""",0
"""*Il libro di viaggi è diventato una guida per molti turisti*""",0
"""*Il team di sviluppo ha vinto il premio per il miglior gioco dell'anno*""",0
"""*Il Napoli vince 3-1 contro la Juventus*""",0
"""*La NASA annuncia una nuova missione su Marte*""",0
"""*Il tempo a Roma oggi è previsto nuvoloso*""",0
"""*Il nuovo romanzo di Moretti è un successo*""",0
"""*L'economia cinese rallenta, ma resta la prima al mondo*""",0
"""*La mostra di Picasso al Louvre attira milioni di visitatori*""",0
"""*Il miglior ristorante di pizza a Napoli è il 50 Kalò*""",0
"""*Il cambiamento climatico è una minaccia per la nostra sopravvivenza*""",0
"""*La puntata di ieri di The Voice è stata emozionante*""",0
"""*Il nuovo smartphone Samsung ha una batteria migliorata*""",0
"""*La dieta mediterranea è riconosciuta come patrimonio dell'umanità*""",0
"""*Il libro ""Sapiens"" di Yuval Noah Harari è un bestseller*""",0
"""*Il governo vara il decreto sul reddito di cittadinanza*""",0
"""*Il carnevale di Rio de Janeiro è il più grande del mondo*""",0
"""*La scoperta di un nuovo pianeta abitato potrebbe cambiare la storia*""",0
"""*Il film ""Parasite"" vince il premio Oscar come miglior film*""",0
"""*Il miglior modo per imparare una nuova lingua è praticare*""",0
"""*Il ponte di Brooklyn è un'icona di New York*""",0
"""*Il campionato di calcio italiano è molto competitivo*""",0
"""*Il nuovo album di Beyoncé è un successo globale*""",0
"""*Il miglior libro di storia è ""Il secolo breve"" di Eric Hobsbawm*""",0
"""*Il cambiamento climatico sta portando a una maggiore frequenza di eventi estremi*""",0
"""*Il nuovo modello di Tesla è molto atteso*""",0
"""*Il miglior modo per mantenere la salute è una dieta bilanciata*""",0
"""*Il Parlamento europeo ha approvato il Green Deal*""",0
"""*Il miglior modo per imparare a cucinare è sperimentare*""",0
"""*Il cambiamento climatico sta portando a una perdita di biodiversità*""",0
"""*Il governo vara un decreto per la tutela dei diritti dei lavoratori*""",0
"""*Il nuovo film di Disney ""Frozen 2"" è un successo*""",0
"""*Il miglior modo per imparare a suonare uno strumento è la pratica costante*""",0
"""*Il cambiamento climatico sta portando a un aumento dei livelli del mare*""",0
"""*Il miglior modo per imparare una nuova abilità è con la costanza*""",0
"""*Il governo vara un decreto per la lotta alla povertà*""",0
"""*Il cambiamento climatico sta portando a una maggiore frequenza di incendi*""",0
"""*Il miglior modo per imparare una nuova lingua è immergersi nella cultura*""",0
"""*Il governo vara un decreto per la tutela della salute mentale*""",0
"""*Il cambiamento climatico sta portando a una maggiore frequenza di ondate di calore*""",0
"""*Il miglior modo per imparare a cucinare è seguire le ricette*""",0
"""*Il governo vara un decreto per la tutela dei diritti dei consumatori*""",0
"""*Il cambiamento climatico sta portando a una maggiore frequenza di alluvioni*""",0
"""*Il miglior modo per imparare una nuova abilità è con la passione*""",0
"""Incendio in una fabbrica di tessuti, 10 feriti*""",0
"""*La luna di Giove, Europa, potrebbe nascondere oceani di acqua liquida*""",0
"""*Vittoria della squadra di calcio in una partita emozionante*""",0
"""*Nuova scoperta nel campo della fisica quantistica*""",0
"""*Piove a dirotto, meglio restare a casa*""",0
"""*Il governo annuncia nuove politiche per l'ambiente*""",0
"""*Il museo d'arte ospita una mostra straordinaria*""",0
"""*La nuova applicazione di navigazione è stata valutata positivamente*""",0
"""*Pasto delizioso al ristorante vegano in città*""",0
"""*Il libro appena uscito ha suscitato molte discussioni*""",0
"""*Il festival della musica è stato un successo nonostante il maltempo*""",0
"""*L'azienda annuncia il lancio di un nuovo prodotto innovativo*""",0
"""*Il team di scienziati ha scoperto una nuova specie di insetto*""",0
"""*Il concerto di questa sera promette di essere indimenticabile*""",0
"""*Il film ha ricevuto critiche contrastanti dalla stampa*""",0
"""*La squadra di hockey ha vinto la coppa dopo una partita combattuta*""",0
"""*Il progetto di ristrutturazione della scuola è finalmente iniziato*""",0
"""*La conferenza sull'intelligenza artificiale ha attirato esperti da tutto il mondo*""",0
"""*Il nuovo album dell'artista ha superato le aspettative*""",0
"""*Il parco divertimenti ha aperto al pubblico con grandi offerte*""",0
"""*La mostra di arte contemporanea è stata visitata da migliaia di persone*""",0
"""*Il servizio di streaming ha aggiunto nuovi film alla sua libreria*""",0
"""*Il ristorante ha ricevuto una stella Michelin*""",0
"""*Il festival del cinema ha presentato film da tutto il mondo*""",0
"""*La squadra di pallavolo ha vinto il campionato nazionale*""",0
"""*Il nuovo museo di storia naturale è stato inaugurato con grande successo*""",0
"""*Il libro di cucina ha ricevuto recensioni entusiastiche*""",0
"""*La conferenza sull'energia sostenibile ha offerto nuove idee*""",0
"""*Il concerto di beneficenza ha raccolto fondi per una buona causa*""",0
"""*Il festival della birra artigianale ha attirato visitatori da tutta la regione*""",0
"""*Il team di ricercatori ha annunciato una nuova scoperta medica*""",0
"""*Il ristorante ha vinto il premio come migliore cucina italiana*""",0
"""*La mostra di fotografia ha presentato scatti da tutto il mondo*""",0
"""*Il festival della cultura ha celebrato le tradizioni locali*""",0
"""*Il nuovo prodotto di tecnologia ha suscitato molto interesse*""",0
"""*Il festival del cioccolato ha offerto deliziosi dolci e degustazioni*""",0
"""*Il team di ingegneri ha presentato una nuova invenzione rivoluzionaria*""",0
"""*Il festival del cinema indipendente ha presentato film inediti*""",0
"""*Il concerto di musica classica è stato un successo*""",0
"""*Il festival dell'arte ha presentato opere di artisti emergenti*""",0
"""*Il team di scienziati ha annunciato la scoperta di un nuovo pianeta*""",0
"""*Il ristorante ha vinto il premio come migliore servizio al cliente*""",0
"""*Il nuovo film di animazione ha incantato il pubblico*""",0
"""*Il festival della letteratura ha ospitato scrittori di fama mondiale*""",0
"""*Il team di ricercatori ha presentato una nuova teoria scientifica*""",0
"""*Il festival della moda ha presentato le ultime tendenze*""",0
"""*Il nuovo parco cittadino è stato inaugurato con un evento pubblico*""",0
"""*Il festival dell'olio d'oliva ha offerto degustazioni e laboratori*""",0
"""* ""Il nuovo smartphone di Apple ha debuttato con grande successo al Keynote di ieri.""",0
"""* ""La squadra di calcio italiana ha vinto il campionato grazie a un goal segnato negli ultimi secondi della partita.""",0
"""* ""Il romanzo di Dan Brown è diventato un bestseller mondiale, con milioni di copie vendute in tutto il mondo.""",0
"""* ""Gli scienziati hanno scoperto una nuova specie di insetto nell Amazzonia.""",0
"""* ""La mostra d'arte moderna al MoMA ha attirato milioni di visitatori.""",0
"""* ""Il nuovo ristorante vegetariano in città è diventato il luogo preferito dei foodie locali.""",0
"""* ""Il cambiamento climatico sta influenzando negatively le colture agricole in tutto il mondo.""",0
"""* ""La tecnologia blockchain sta rivoluzionando il modo in cui facciamo affari.""",0
"""* ""Il festival di cinema di Venezia ha visto la partecipazione di molti attori e registi di fama mondiale.""",0
"""* ""Il nuovo album di Lady Gaga è stato acclamato dalla critica come il suo migliore finora.""",0
"""* ""Gli scavi archeologici hanno portato alla luce una città antica mai vista prima.""",0
"""* ""Il governo ha annunciato una nuova legge per la tutela dell'ambiente.""",0
"""* ""Il team di ingegneri ha lavorato tutta la notte per risolvere il problema tecnico.""",0
"""* ""Il libro di storia dell'Europa del Medioevo mi ha fatto viaggiare nel tempo.""",0
"""* ""La nuova linea di abbigliamento sportivo è stata molto apprezzata dai clienti.""",0
"""* ""Ilbild di Van Gogh è stato venduto all'asta per una cifra record.""",0
"""* ""Il progetto di architettura sostenibile ha vinto il premio internazionale.""",0
"""* ""Il concerto di musica classica è stato un successo grazie all'eccezionale esibizione dell'orchestra.""",0
"""* ""Il nostro team di ricerca ha pubblicato un nuovo studio sulla fisica quantistica.""",0
"""* ""La piattaforma di e-commerce ha registrato un aumento del 50% delle vendite durante le feste.""",0
"""* ""Il documentario sulla vita degli insetti ha suscitato l'interesse del pubblico per la biologia.""",0
"""* ""Il regista ha deciso di girare il sequel del film di successo.""",0
"""* ""Il nuovo parco divertimenti ha attirato molte famiglie durante il weekend di apertura.""",0
"""* ""Il romanzo di fantascienza mi ha fatto riflettere sull futuro dell'umanità.""",0
"""* ""Il festival della birra artigianale ha riunito appassionati da tutta la città.""",0
"""* ""Il museo d'arte moderna ha organizzato una mostra dedicata all'arte contemporanea.""",0
"""* ""Il nuovo centro commerciale ha aperto con un gran successo di pubblico.""",0
"""* ""Il servizio di consegna a domicilio ha rivoluzionato il modo in cui mangiamo fuori.""",0
"""* ""Il film d'animazione è diventato il preferito dei bambini di tutto il mondo.""",0
"""* ""Il progetto di ristrutturazione dell'edificio storico è stato completato con successo.""",0
"""* ""Il libro di cucina giapponese mi ha ispirato a sperimentare nuovi piatti.""",0
"""* ""Il viaggio nello spazio è diventato più accessibile grazie ai progressi nella tecnologia aerospaziale.""",0
"""* ""Il festival della cultura italiana ha celebrato la tradizione e l'arte italiane.""",0
"""* ""Il libro di auto-aiuto mi ha dato gli strumenti per affrontare le sfide della vita.""",0
"""* ""Il progetto di riabilitazione degli animali selvatici ha aiutato molte specie in pericolo di estinzione.""",0
"""* ""Il nuovo centro fitness ha aperto con un gran successo di iscritti.""",0
"""* ""Il corso di yoga mi ha aiutato a trovare la pace interiore.""",0
"""* ""Il gioco di ruolo online ha riunito giocatori da tutto il mondo.""",0
"""* ""Il documentario sulla vita marina ha sensibilizzato il pubblico sulla salvaguardia degli oceani.""",0
"""* ""Il festival della letteratura ha riunito scrittori e lettori appassionati.""",0
"""* ""Il progetto di energia rinnovabile ha aiutato a ridurre le emissioni di gas serra.""",0
"""Incendio in una fabbrica di tessuti, 10 feriti*""",0
"""*La luna di Giove, Europa, potrebbe nascondere oceani di acqua liquida*""",0
"""*Vittoria della squadra di calcio in una partita emozionante*""",0
"""*Nuova scoperta nel campo della fisica quantistica*""",0
"""*Piove a dirotto, meglio restare a casa*""",0
"""*Il governo annuncia nuove politiche per l'ambiente*""",0
"""*Il museo d'arte ospita una mostra straordinaria*""",0
"""*La nuova applicazione di navigazione è stata valutata positivamente*""",0
"""*Pasto delizioso al ristorante vegano in città*""",0
"""*Il libro appena uscito ha suscitato molte discussioni*""",0
"""*Il festival della musica è stato un successo nonostante il maltempo*""",0
"""*L'azienda annuncia il lancio di un nuovo prodotto innovativo*""",0
"""*Il team di scienziati ha scoperto una nuova specie di insetto*""",0
"""*Il concerto di questa sera promette di essere indimenticabile*""",0
"""*Il film ha ricevuto critiche contrastanti dalla stampa*""",0
"""*La squadra di hockey ha vinto la coppa dopo una partita combattuta*""",0
"""*Il progetto di ristrutturazione della scuola è finalmente iniziato*""",0
"""*La conferenza sull'intelligenza artificiale ha attirato esperti da tutto il mondo*""",0
"""*Il nuovo album dell'artista ha superato le aspettative*""",0
"""*Il parco divertimenti ha aperto al pubblico con grandi offerte*""",0
"""*La mostra di arte contemporanea è stata visitata da migliaia di persone*""",0
"""*Il servizio di streaming ha aggiunto nuovi film alla sua libreria*""",0
"""*Il ristorante ha ricevuto una stella Michelin*""",0
"""*Il festival del cinema ha presentato film da tutto il mondo*""",0
"""*La squadra di pallavolo ha vinto il campionato nazionale*""",0
"""*Il nuovo museo di storia naturale è stato inaugurato con grande successo*""",0
"""*Il libro di cucina ha ricevuto recensioni entusiastiche*""",0
"""*La conferenza sull'energia sostenibile ha offerto nuove idee*""",0
"""*Il concerto di beneficenza ha raccolto fondi per una buona causa*""",0
"""*Il festival della birra artigianale ha attirato visitatori da tutta la regione*""",0
"""*Il team di ricercatori ha annunciato una nuova scoperta medica*""",0
"""*Il ristorante ha vinto il premio come migliore cucina italiana*""",0
"""*La mostra di fotografia ha presentato scatti da tutto il mondo*""",0
"""*Il festival della cultura ha celebrato le tradizioni locali*""",0
"""*Il nuovo prodotto di tecnologia ha suscitato molto interesse*""",0
"""*Il festival del cioccolato ha offerto deliziosi dolci e degustazioni*""",0
"""*Il team di ingegneri ha presentato una nuova invenzione rivoluzionaria*""",0
"""*Il festival del cinema indipendente ha presentato film inediti*""",0
"""*Il concerto di musica classica è stato un successo*""",0
"""*Il festival dell'arte ha presentato opere di artisti emergenti*""",0
"""*Il team di scienziati ha annunciato la scoperta di un nuovo pianeta*""",0
"""*Il ristorante ha vinto il premio come migliore servizio al cliente*""",0
"""*Il nuovo film di animazione ha incantato il pubblico*""",0
"""*Il festival della letteratura ha ospitato scrittori di fama mondiale*""",0
"""*Il team di ricercatori ha presentato una nuova teoria scientifica*""",0
"""*Il festival della moda ha presentato le ultime tendenze*""",0
"""*Il nuovo parco cittadino è stato inaugurato con un evento pubblico*""",0
"""*Il festival dell'olio d'oliva ha offerto degustazioni e laboratori*""",0
"""Incendio in una fabbrica di tessuti, 10 feriti*""",0
"""*La luna di Giove, Europa, potrebbe nascondere oceani di acqua liquida*""",0
"""*Vittoria della squadra di calcio in una partita emozionante*""",0
"""*Nuova scoperta nel campo della fisica quantistica*""",0
"""*Piove a dirotto, meglio restare a casa*""",0
"""*Il governo annuncia nuove politiche per l'ambiente*""",0
"""*Il museo d'arte ospita una mostra straordinaria*""",0
"""*La nuova applicazione di navigazione è stata valutata positivamente*""",0
"""*Pasto delizioso al ristorante vegano in città*""",0
"""*Il libro appena uscito ha suscitato molte discussioni*""",0
"""*Il festival della musica è stato un successo nonostante il maltempo*""",0
"""*L'azienda annuncia il lancio di un nuovo prodotto innovativo*""",0
"""*Il team di scienziati ha scoperto una nuova specie di insetto*""",0
"""*Il concerto di questa sera promette di essere indimenticabile*""",0
"""*Il film ha ricevuto critiche contrastanti dalla stampa*""",0
"""*La squadra di hockey ha vinto la coppa dopo una partita combattuta*""",0
"""*Il progetto di ristrutturazione della scuola è finalmente iniziato*""",0
"""*La conferenza sull'intelligenza artificiale ha attirato esperti da tutto il mondo*""",0
"""*Il nuovo album dell'artista ha superato le aspettative*""",0
"""*Il parco divertimenti ha aperto al pubblico con grandi offerte*""",0
"""*La mostra di arte contemporanea è stata visitata da migliaia di persone*""",0
"""*Il servizio di streaming ha aggiunto nuovi film alla sua libreria*""",0
"""*Il ristorante ha ricevuto una stella Michelin*""",0
"""*Il festival del cinema ha presentato film da tutto il mondo*""",0
"""*La squadra di pallavolo ha vinto il campionato nazionale*""",0
"""*Il nuovo museo di storia naturale è stato inaugurato con grande successo*""",0
"""*Il libro di cucina ha ricevuto recensioni entusiastiche*""",0
"""*La conferenza sull'energia sostenibile ha offerto nuove idee*""",0
"""*Il concerto di beneficenza ha raccolto fondi per una buona causa*""",0
"""*Il festival della birra artigianale ha attirato visitatori da tutta la regione*""",0
"""*Il team di ricercatori ha annunciato una nuova scoperta medica*""",0
"""*Il ristorante ha vinto il premio come migliore cucina italiana*""",0
"""*La mostra di fotografia ha presentato scatti da tutto il mondo*""",0
"""*Il festival della cultura ha celebrato le tradizioni locali*""",0
"""*Il nuovo prodotto di tecnologia ha suscitato molto interesse*""",0
"""*Il festival del cioccolato ha offerto deliziosi dolci e degustazioni*""",0
"""*Il team di ingegneri ha presentato una nuova invenzione rivoluzionaria*""",0
"""*Il festival del cinema indipendente ha presentato film inediti*""",0
"""*Il concerto di musica classica è stato un successo*""",0
"""*Il festival dell'arte ha presentato opere di artisti emergenti*""",0
"""*Il team di scienziati ha annunciato la scoperta di un nuovo pianeta*""",0
"""*Il ristorante ha vinto il premio come migliore servizio al cliente*""",0
"""*Il nuovo film di animazione ha incantato il pubblico*""",0
"""*Il festival della letteratura ha ospitato scrittori di fama mondiale*""",0
"""*Il team di ricercatori ha presentato una nuova teoria scientifica*""",0
"""*Il festival della moda ha presentato le ultime tendenze*""",0
"""*Il nuovo parco cittadino è stato inaugurato con un evento pubblico*""",0
"""*Il festival dell'olio d'oliva ha offerto degustazioni e laboratori*""",0
"""*Breaking: Il nuovo smartphone di Apple, l'iPhone 13, è stato presentato oggi con un'ottima ricezione del pubblico.""",0
"""*La NASA annuncia una nuova missione per esplorare le lune di Giove, in cerca di segni di vita.""",0
"""*Il piatto del giorno al ristorante è un delizioso ragù alla bolognese, fatto in casa con ingredienti locali.""",0
"""*Lo studio suggerisce che la meditazione potrebbe aiutare a ridurre lo stress e migliorare la concentrazione.""",0
"""*Il nuova romanzo di Dan Brown, ""Il simbolo perduto"", è già un bestseller internazionale.""",0
"""*La squadra di calcio locale ha vinto la partita di ieri, conquistando il primo posto in classifica.""",0
"""*L'arte dell'antica Roma è in mostra al Museo Nazionale Romano fino al prossimo mese.""",0
"""*Il cambiamento climatico sta portando a un aumento della frequenza e dell'intensità degli uragani.""",0
"""*La tecnologia blockchain sta rivoluzionando il modo in cui facciamo affari e gestiamo i dati.""",0
"""*La luna di Giove, Europa, potrebbe nascondere un oceano di acqua liquida sotto la sua crosta ghiacciata.""",0
"""*Il nuovo film di James Bond, ""No Time to Die"", uscirà al cinema la prossima settimana.""",0
"""*La scoperta di un nuovo pianeta abitabile ha acceso le speranze di trovare vita al di fuori della Terra.""",0
"""*L'economia italiana mostra segni di ripresa dopo il difficile periodo della pandemia.""",0
"""*Il famoso chef italiano, Gualtiero Marchesi, è stato onorato con una statua a Milano.""",0
"""*La nuova legge sulla privacy entrerà in vigore il prossimo anno, con nuove regole per la protezione dei dati.""",0
"""*Il festival del cinema di Venezia ha aperto i battenti con un red carpet sfavillante.""",0
"""*La ricerca suggerisce che gli alimenti integrali possono aiutare a prevenire il diabete di tipo 2.""",0
"""*Il nuovo album di Lady Gaga, ""Chromatica"", è un successo mondiale, con brani che hanno conquistato il cuore dei fan.""",0
"""*Il Museo Egizio di Torino espone una nuova collezione di antichi manufatti egizi.""",0
"""*La tecnologia 5G sta portando miglioramenti significativi nella velocità e nella capacità delle connessioni internet.""",0
"""*Il progetto di legge per l equalità salariale tra uomini e donne è stato approvato dal Parlamento italiano.""",0
"""*La myocardial infraction, noto anche come infarto del miocardio, è una delle cause principali di morte nel mondo.""",0
"""*Il nuovo smartphone Samsung Galaxy S21 è stato Presentato con un'ampia gamma di funzionalità avanzate.""",0
"""*La nuova stagione di ""The Mandalorian"" su Disney+ è altamente attesa dai fan di Star Wars.""",0
"""*La crisi dei rifugiati in Siria continua a causare sofferenza e instabilità nella regione.""",0
"""*Il famoso pittore italiano, Leonardo da Vinci, è stato celebrato in tutto il mondo per il cinquecentenario della sua nascita.""",0
"""*Il nuovo gioco di ruolo online, ""Final Fantasy XVI"", è stato annunciato per la prossima console PlayStation.""",0
"""*La dieta mediterranea, ricca di frutta, verdura e pesce, è stata riconosciuta come uno dei modi più sani per mangiare.""",0
"""*Il festival della moda di Milano ha attirato designer di fama mondiale e appassionati di moda da tutto il mondo.""",0
"""*La nuova legge per la tutela dei consumatori entrerà in vigore il prossimo mese, con nuove norme per la protezione dei diritti dei clienti.""",0
"""*Il famoso scrittore italiano, Italo Calvino, è stato onorato con una mostra retrospective a Roma.""",0
"""*La nuova linea di abbigliamento sostenibile di H&M ha attirato l'attenzione degli ecologisti e dei consumatori consapevoli.""",0
"""*Il cambiamento dei modelli meteorologici sta portando a temperature più elevate e a una maggiore frequenza di eventi estremi.""",0
"""*Il nuovo romanzo di Stephen King, ""Later"", è già un bestseller internazionale.""",0
"""*La scoperta di un nuovo tipo di cellula immunitaria potrebbe rivoluzionare il trattamento del cancro.""",0
"""*Il famoso architetto italiano, Renzo Piano, ha progettato un nuovo centro culturale a Parigi.""",0
"""*La nuova legge per la tutela dei diritti degli animali entrerà in vigore il prossimo anno, con nuove norme per la loro protezione.""",0
"""*Il festival della musica di Sanremo ha attirato alcune delle più grandi star della musica italiana.""",0
"""*La nuova tecnologia di ricarica wireless sta rivoluzionando il modo in cui ricarichiamo i nostri dispositivi elettronici.""",0
"""*Il nuovo film di animazione, ""Luca"", della Pixar, è stato un successo al botteghino.""",0
"""*La nuova collezione di alta moda di Gucci è stata presentata con un'esibizione spettacolare a Milano.""",0
"""*Il nuovo servizio di streaming musical""",0
"""Incendio in una fabbrica di tessuti, 10 feriti*""",0
"""*La luna di Giove, Europa, potrebbe nascondere oceani di acqua liquida*""",0
"""*Vittoria della squadra di calcio in una partita emozionante*""",0
"""*Nuova scoperta nel campo della fisica quantistica*""",0
"""*Piove a dirotto, meglio restare a casa*""",0
"""*Il governo annuncia nuove politiche per l'ambiente*""",0
"""*Il museo d'arte ospita una mostra straordinaria*""",0
"""*La nuova applicazione di navigazione è stata valutata positivamente*""",0
"""*Pasto delizioso al ristorante vegano in città*""",0
"""*Il libro appena uscito ha suscitato molte discussioni*""",0
"""*Il festival della musica è stato un successo nonostante il maltempo*""",0
"""*L'azienda annuncia il lancio di un nuovo prodotto innovativo*""",0
"""*Il team di scienziati ha scoperto una nuova specie di insetto*""",0
"""*Il concerto di questa sera promette di essere indimenticabile*""",0
"""*Il film ha ricevuto critiche contrastanti dalla stampa*""",0
"""*La squadra di hockey ha vinto la coppa dopo una partita combattuta*""",0
"""*Il progetto di ristrutturazione della scuola è finalmente iniziato*""",0
"""*La conferenza sull'intelligenza artificiale ha attirato esperti da tutto il mondo*""",0
"""*Il nuovo album dell'artista ha superato le aspettative*""",0
"""*Il parco divertimenti ha aperto al pubblico con grandi offerte*""",0
"""*La mostra di arte contemporanea è stata visitata da migliaia di persone*""",0
"""*Il servizio di streaming ha aggiunto nuovi film alla sua libreria*""",0
"""*Il ristorante ha ricevuto una stella Michelin*""",0
"""*Il festival del cinema ha presentato film da tutto il mondo*""",0
"""*La squadra di pallavolo ha vinto il campionato nazionale*""",0
"""*Il nuovo museo di storia naturale è stato inaugurato con grande successo*""",0
"""*Il libro di cucina ha ricevuto recensioni entusiastiche*""",0
"""*La conferenza sull'energia sostenibile ha offerto nuove idee*""",0
"""*Il concerto di beneficenza ha raccolto fondi per una buona causa*""",0
"""*Il festival della birra artigianale ha attirato visitatori da tutta la regione*""",0
"""*Il team di ricercatori ha annunciato una nuova scoperta medica*""",0
"""*Il ristorante ha vinto il premio come migliore cucina italiana*""",0
"""*La mostra di fotografia ha presentato scatti da tutto il mondo*""",0
"""*Il festival della cultura ha celebrato le tradizioni locali*""",0
"""*Il nuovo prodotto di tecnologia ha suscitato molto interesse*""",0
"""*Il festival del cioccolato ha offerto deliziosi dolci e degustazioni*""",0
"""*Il team di ingegneri ha presentato una nuova invenzione rivoluzionaria*""",0
"""*Il festival del cinema indipendente ha presentato film inediti*""",0
"""*Il concerto di musica classica è stato un successo*""",0
"""*Il festival dell'arte ha presentato opere di artisti emergenti*""",0
"""*Il team di scienziati ha annunciato la scoperta di un nuovo pianeta*""",0
"""*Il ristorante ha vinto il premio come migliore servizio al cliente*""",0
"""*Il nuovo film di animazione ha incantato il pubblico*""",0
"""*Il festival della letteratura ha ospitato scrittori di fama mondiale*""",0
"""*Il team di ricercatori ha presentato una nuova teoria scientifica*""",0
"""*Il festival della moda ha presentato le ultime tendenze*""",0
"""*Il nuovo parco cittadino è stato inaugurato con un evento pubblico*""",0
"""*Il festival dell'olio d'oliva ha offerto degustazioni e laboratori*""",0
"""Incendio in una fabbrica di tessuti, 10 feriti*""",0
"""*La luna di Giove, Europa, potrebbe nascondere oceani di acqua liquida*""",0
"""*Vittoria della squadra di calcio in una partita emozionante*""",0
"""*Nuova scoperta nel campo della fisica quantistica*""",0
"""*Piove a dirotto, meglio restare a casa*""",0
"""*Il governo annuncia nuove politiche per l'ambiente*""",0
"""*Il museo d'arte ospita una mostra straordinaria*""",0
"""*La nuova applicazione di navigazione è stata valutata positivamente*""",0
"""*Pasto delizioso al ristorante vegano in città*""",0
"""*Il libro appena uscito ha suscitato molte discussioni*""",0
"""*Il festival della musica è stato un successo nonostante il maltempo*""",0
"""*L'azienda annuncia il lancio di un nuovo prodotto innovativo*""",0
"""*Il team di scienziati ha scoperto una nuova specie di insetto*""",0
"""*Il concerto di questa sera promette di essere indimenticabile*""",0
"""*Il film ha ricevuto critiche contrastanti dalla stampa*""",0
"""*La squadra di hockey ha vinto la coppa dopo una partita combattuta*""",0
"""*Il progetto di ristrutturazione della scuola è finalmente iniziato*""",0
"""*La conferenza sull'intelligenza artificiale ha attirato esperti da tutto il mondo*""",0
"""*Il nuovo album dell'artista ha superato le aspettative*""",0
"""*Il parco divertimenti ha aperto al pubblico con grandi offerte*""",0
"""*La mostra di arte contemporanea è stata visitata da migliaia di persone*""",0
"""*Il servizio di streaming ha aggiunto nuovi film alla sua libreria*""",0
"""*Il ristorante ha ricevuto una stella Michelin*""",0
"""*Il festival del cinema ha presentato film da tutto il mondo*""",0
"""*La squadra di pallavolo ha vinto il campionato nazionale*""",0
"""*Il nuovo museo di storia naturale è stato inaugurato con grande successo*""",0
"""*Il libro di cucina ha ricevuto recensioni entusiastiche*""",0
"""*La conferenza sull'energia sostenibile ha offerto nuove idee*""",0
"""*Il concerto di beneficenza ha raccolto fondi per una buona causa*""",0
"""*Il festival della birra artigianale ha attirato visitatori da tutta la regione*""",0
"""*Il team di ricercatori ha annunciato una nuova scoperta medica*""",0
"""*Il ristorante ha vinto il premio come migliore cucina italiana*""",0
"""*La mostra di fotografia ha presentato scatti da tutto il mondo*""",0
"""*Il festival della cultura ha celebrato le tradizioni locali*""",0
"""*Il nuovo prodotto di tecnologia ha suscitato molto interesse*""",0
"""*Il festival del cioccolato ha offerto deliziosi dolci e degustazioni*""",0
"""*Il team di ingegneri ha presentato una nuova invenzione rivoluzionaria*""",0
"""*Il festival del cinema indipendente ha presentato film inediti*""",0
"""*Il concerto di musica classica è stato un successo*""",0
"""*Il festival dell'arte ha presentato opere di artisti emergenti*""",0
"""*Il team di scienziati ha annunciato la scoperta di un nuovo pianeta*""",0
"""*Il ristorante ha vinto il premio come migliore servizio al cliente*""",0
"""*Il nuovo film di animazione ha incantato il pubblico*""",0
"""*Il festival della letteratura ha ospitato scrittori di fama mondiale*""",0
"""*Il team di ricercatori ha presentato una nuova teoria scientifica*""",0
"""*Il festival della moda ha presentato le ultime tendenze*""",0
"""*Il nuovo parco cittadino è stato inaugurato con un evento pubblico*""",0
"""*Il festival dell'olio d'oliva ha offerto degustazioni e laboratori*""",0
"""Incendio in una fabbrica di tessuti, 10 feriti*""",0
"""*La luna di Giove, Europa, potrebbe nascondere oceani di acqua liquida*""",0
"""*Vittoria della squadra di calcio in una partita emozionante*""",0
"""*Nuova scoperta nel campo della fisica quantistica*""",0
"""*Piove a dirotto, meglio restare a casa*""",0
"""*Il governo annuncia nuove politiche per l'ambiente*""",0
"""*Il museo d'arte ospita una mostra straordinaria*""",0
"""*La nuova applicazione di navigazione è stata valutata positivamente*""",0
"""*Pasto delizioso al ristorante vegano in città*""",0
"""*Il libro appena uscito ha suscitato molte discussioni*""",0
"""*Il festival della musica è stato un successo nonostante il maltempo*""",0
"""*L'azienda annuncia il lancio di un nuovo prodotto innovativo*""",0
"""*Il team di scienziati ha scoperto una nuova specie di insetto*""",0
"""*Il concerto di questa sera promette di essere indimenticabile*""",0
"""*Il film ha ricevuto critiche contrastanti dalla stampa*""",0
"""*La squadra di hockey ha vinto la coppa dopo una partita combattuta*""",0
"""*Il progetto di ristrutturazione della scuola è finalmente iniziato*""",0
"""*La conferenza sull'intelligenza artificiale ha attirato esperti da tutto il mondo*""",0
"""*Il nuovo album dell'artista ha superato le aspettative*""",0
"""*Il parco divertimenti ha aperto al pubblico con grandi offerte*""",0
"""*La mostra di arte contemporanea è stata visitata da migliaia di persone*""",0
"""*Il servizio di streaming ha aggiunto nuovi film alla sua libreria*""",0
"""*Il ristorante ha ricevuto una stella Michelin*""",0
"""*Il festival del cinema ha presentato film da tutto il mondo*""",0
"""*La squadra di pallavolo ha vinto il campionato nazionale*""",0
"""*Il nuovo museo di storia naturale è stato inaugurato con grande successo*""",0
"""*Il libro di cucina ha ricevuto recensioni entusiastiche*""",0
"""*La conferenza sull'energia sostenibile ha offerto nuove idee*""",0
"""*Il concerto di beneficenza ha raccolto fondi per una buona causa*""",0
"""*Il festival della birra artigianale ha attirato visitatori da tutta la regione*""",0
"""*Il team di ricercatori ha annunciato una nuova scoperta medica*""",0
"""*Il ristorante ha vinto il premio come migliore cucina italiana*""",0
"""*La mostra di fotografia ha presentato scatti da tutto il mondo*""",0
"""*Il festival della cultura ha celebrato le tradizioni locali*""",0
"""*Il nuovo prodotto di tecnologia ha suscitato molto interesse*""",0
"""*Il festival del cioccolato ha offerto deliziosi dolci e degustazioni*""",0
"""*Il team di ingegneri ha presentato una nuova invenzione rivoluzionaria*""",0
"""*Il festival del cinema indipendente ha presentato film inediti*""",0
"""*Il concerto di musica classica è stato un successo*""",0
"""*Il festival dell'arte ha presentato opere di artisti emergenti*""",0
"""*Il team di scienziati ha annunciato la scoperta di un nuovo pianeta*""",0
"""*Il ristorante ha vinto il premio come migliore servizio al cliente*""",0
"""*Il nuovo film di animazione ha incantato il pubblico*""",0
"""*Il festival della letteratura ha ospitato scrittori di fama mondiale*""",0
"""*Il team di ricercatori ha presentato una nuova teoria scientifica*""",0
"""*Il festival della moda ha presentato le ultime tendenze*""",0
"""*Il nuovo parco cittadino è stato inaugurato con un evento pubblico*""",0
"""*Il festival dell'olio d'oliva ha offerto degustazioni e laboratori*""",0
"""*Il nuovo smartphone di Apple è stato presentato con grande successo*""",0
"""*La scoperta di un nuovo pianeta potrebbe cambiare la nostra comprensione del sistema solare*""",0
"""*La squadra di calcio ha vinto il campionato con un gol all'ultimo secondo*""",0
"""*Il libro di storia ha ricevuto recensioni positive per la sua accuratezza*""",0
"""*La nuova ricetta di pasta alla carbonara è diventata il mio piatto preferito*""",0
"""*La conferenza internazionale di scienze ha riunito i migliori menti della comunità scientifica*""",0
"""*La mostra d'arte moderna ha attirato migliaia di visitatori*""",0
"""*Il nuovo film di fantascienza è stato un successo al botteghino*""",0
"""*La sconfitta della squadra di calcio è stata deludente, ma i fan rimangono ottimisti*""",0
"""*Il nuovo album dell'artista è stato descritto come il suo lavoro migliore fino ad oggi*""",0
"""*La conferenza sulla sostenibilità ha evidenziato l'importanza dell'azione immediata*""",0
"""*Il viaggio nello spazio potrebbe diventare più accessibile grazie ai progressi tecnologici*""",0
"""*Il festival della musica ha riunito musicisti da tutto il mondo*""",0
"""*Il nuovo ristorante è stato un successo grazie alla sua cucina eccezionale*""",0
"""*La mostra di fotografia ha mostrato l'importanza della conservazione dell'ambiente*""",0
"""*Il libro di filosofia ha stimolato una discussione accesa sulla natura della realtà*""",0
"""*La squadra di basket ha vinto il campionato dopo una partita thriller*""",0
"""*Il nuovo parco divertimenti ha attirato folle di visitatori*""",0
"""*La conferenza sulla tecnologia ha presentato le ultime innovazioni nel campo*""",0
"""*Il film drammatico ha ricevuto recensioni entusiastiche per la sua profondità emotiva*""",0
"""*Il festival letterario ha riunito scrittori da tutto il mondo*""",0
"""*La mostra di arte contemporanea ha sfidato le convenzioni tradizionali*""",0
"""*Il nuovo videogioco è stato descritto come un capolavoro del genere*""",0
"""*La squadra di tennis ha vinto il torneo dopo una gara durissima*""",0
"""*Il documentario storico ha fornito nuove prospettive sulla storia del paese*""",0
"""*Il nuovo museo d'arte ha aperto con una mostra impressionante*""",0
"""*La gara di cucina ha visto la vittoria del giovane chef*""",0
"""*Il libro di scienze ha ricevuto il premio per la sua chiarezza e accuratezza*""",0
"""*La squadra di hockey ha vinto la coppa dopo anni di tentativi*""",0
"""*Il nuovo film d'animazione è stato un successo presso il pubblico giovane*""",0
"""*La mostra di design ha presentato le ultime tendenze nel campo*""",0
"""*Il nuovo hotel di lusso ha ricevuto recensioni entusiastiche per il suo servizio impeccabile*""",0
"""*La squadra di football ha vinto il campionato con una stagione senza precedenti*""",0
"""*Il nuovo album di musica classica è stato elogiato per la sua bellezza*""",0
"""*La conferenza sulla medicina ha presentato le ultime scoperte nel campo*""",0
"""*Il festival della cultura ha celebrato la diversità e l'inclusione*""",0
"""*Il libro di romanzi storico ha ricevuto il premio per la sua accuratezza storica*""",0
"""*La squadra di rugby ha vinto il torneo con una partita mozzafiato*""",0
"""*Il nuovo film di horror ha terrorizzato il pubblico*""",0
"""*La mostra di fotografia ha catturato la bellezza della natura*""",0
"""*Il libro di poesie ha ricevuto elogi per la sua bellezza e profondità*""",0
"""*La squadra di baseball ha vinto il campionato grazie alla sua determinazione*""",0
"""*Il nuovo parco nazionale ha attirato visitatori da tutto il mondo*""",0
"""*La conferenza sull'educazione ha discusso le ultime tendenze e innovazioni*""",0
"""*Il libro di saggi ha stimolato una discussione accesa su questioni importanti*""",0
"""*Il festival della musica jazz ha presentato i migliori artisti del genere*""",0
"""*Il nuovo ristorante vegetariano è stato un successo grazie alla sua cucina deliziosa*""",0
"""*Il documentario scientifico ha spiegato in modo chiaro i misteri dell'universo*""",0
"""*La squadra di pallavolo ha vinto il campionato con una partita epica*""",0
"""*Il libro di memorie ha ricevuto recensioni positive per la sua onestà e profondità*""",0
"""*Il nuovo film d'azione è stato un successo al botteghino grazie alle sue scene mozzafiato*""",0
"""*La mostra di arte moderna ha sfidato le convenzioni tradizionali*""",0
"""*Il libro di storia naturale ha ricevuto il premio per la sua accuratezza scientifica*""",0
"""*La squadra di calcio femminile ha vinto il campionato con una partita emozionante*""",0
"""*Il nuovo film di fantascienza ha portato il pubblico in un mondo""",0
"""*Il presidente annuncia nuove misure per contrastare il cambiamento climatico.*""",0
"""*La scoperta di un nuovo pianeta potrebbe rivoluzionare la nostra comprensione dell'universo.*""",0
"""*Mamma mia, che gol di Totti! La Romawin 3-2 contro la Juventus!*""",0
"""*Il professoressa ha spiegato la teoria della relatività in modo estremamente chiaro.*""",0
"""*Questa pasta alla carbonara è la migliore che abbia mai mangiato.*""",0
"""*Il canto delle cicale anunciado l'arrivo dell'estate.*""",0
"""*La mostra di Picasso al Museo d'Arte Moderna ha attirato migliaia di visitatori.*""",0
"""*Il nuovo smartphone di Apple è stato definito ""rivoluzionario"" dalla critica.*""",0
"""*La squadra di calcio italiana ha vinto il campionato europeo.*""",0
"""*Il romanzo di Sciascia è stato descritto come ""un'opera magistrale"".*""",0
"""*La pioggia torrenziale ha causato disagi nella città.*""",0
"""*Il film vincitore dell'Oscar per il miglior film è stato un successo mondiale.*""",0
"""*La cucina giapponese è diventata molto popolare in Italia negli ultimi anni.*""",0
"""*Il gruppo musicale italiano ha annunciato un tour mondiale.*""",0
"""*Il governo ha annunciato un pacchetto di misure per sostenere le famiglie in difficoltà.*""",0
"""*Il romanzo di Moravia è stato considerato un classico della letteratura italiana.*""",0
"""*Il nuovo modello di automobile è stato elogiato per la sua efficienza energetica.*""",0
"""*La squadra di basket italiana ha vinto la Coppa dei Campioni.*""",0
"""*Il festival della musica italiana ha attirato migliaia di fan.*""",0
"""*Il libro di storia di Galasso è stato molto apprezzato dalla critica._""",0
"""*Il nuovo ristorante italiano in città ha ricevuto recensioni entusiastiche._""",0
"""*Il calciatore italiano ha firmato un contratto con una squadra inglese._""",0
"""*Il dipinto di Caravaggio è stato rubato dal museo._""",0
"""*Il nuovo film di Fellini è stato accolto con entusiasmo dal pubblico._""",0
"""*Il governo ha annunciato un piano per la riduzione delle emissioni di gas serra._""",0
"""*Il romanzo di Calvino è stato tradotto in molte lingue._""",0
"""*Il nuovo dispositivo medico italiano ha ricevuto l'approvazione della FDA._""",0
"""*Il concerto di musica classica è stato un grande successo._""",0
"""*Il nuovo progetto di legge sull'immigrazione è stato presentato al parlamento._""",0
"""*Il romanzo di Svevo è stato descritto come ""un'opera fondamentale della letteratura italiana""._""",0
"""*Il nuovo videogioco italiano ha ricevuto recensioni positive._""",0
"""*Il museo italiano ha organizzato una mostra sulla storia dell'arte rinascimentale._""",0
"""*Il nuovo libro di poesie di Pasolini è stato pubblicato postumo._""",0
"""*Il governo ha annunciato un piano per la creazione di nuovi posti di lavoro._""",0
"""*Il nuovo album del cantautore italiano ha raggiunto la vetta delle classifiche._""",0
"""*Il romanzo di Levi è stato considerato una testimonianza importante dell'Olocausto._""",0
"""*Il nuovo modello di smartphone italiano ha ricevuto critiche positive._""",0
"""*Il festival del cinema italiano ha attirato molte star hollywoodiane._""",0
"""*Il governo ha annunciato un piano per la riduzione della povertà._""",0
"""*Il nuovo film italiano ha ricevuto tre premi Oscar._""",0
"""*Il romanzo di Vittorini è stato considerato un classico della letteratura italiana._""",0
"""Incendio in una fabbrica di tessuti, 10 feriti*""",0
"""*La luna di Giove, Europa, potrebbe nascondere oceani di acqua liquida*""",0
"""*Vittoria della squadra di calcio in una partita emozionante*""",0
"""*Nuova scoperta nel campo della fisica quantistica*""",0
"""*Piove a dirotto, meglio restare a casa*""",0
"""*Il governo annuncia nuove politiche per l'ambiente*""",0
"""*Il museo d'arte ospita una mostra straordinaria*""",0
"""*La nuova applicazione di navigazione è stata valutata positivamente*""",0
"""*Pasto delizioso al ristorante vegano in città*""",0
"""*Il libro appena uscito ha suscitato molte discussioni*""",0
"""*Il festival della musica è stato un successo nonostante il maltempo*""",0
"""*L'azienda annuncia il lancio di un nuovo prodotto innovativo*""",0
"""*Il team di scienziati ha scoperto una nuova specie di insetto*""",0
"""*Il concerto di questa sera promette di essere indimenticabile*""",0
"""*Il film ha ricevuto critiche contrastanti dalla stampa*""",0
"""*La squadra di hockey ha vinto la coppa dopo una partita combattuta*""",0
"""*Il progetto di ristrutturazione della scuola è finalmente iniziato*""",0
"""*La conferenza sull'intelligenza artificiale ha attirato esperti da tutto il mondo*""",0
"""*Il nuovo album dell'artista ha superato le aspettative*""",0
"""*Il parco divertimenti ha aperto al pubblico con grandi offerte*""",0
"""*La mostra di arte contemporanea è stata visitata da migliaia di persone*""",0
"""*Il servizio di streaming ha aggiunto nuovi film alla sua libreria*""",0
"""*Il ristorante ha ricevuto una stella Michelin*""",0
"""*Il festival del cinema ha presentato film da tutto il mondo*""",0
"""*La squadra di pallavolo ha vinto il campionato nazionale*""",0
"""*Il nuovo museo di storia naturale è stato inaugurato con grande successo*""",0
"""*Il libro di cucina ha ricevuto recensioni entusiastiche*""",0
"""*La conferenza sull'energia sostenibile ha offerto nuove idee*""",0
"""*Il concerto di beneficenza ha raccolto fondi per una buona causa*""",0
"""*Il festival della birra artigianale ha attirato visitatori da tutta la regione*""",0
"""*Il team di ricercatori ha annunciato una nuova scoperta medica*""",0
"""*Il ristorante ha vinto il premio come migliore cucina italiana*""",0
"""*La mostra di fotografia ha presentato scatti da tutto il mondo*""",0
"""*Il festival della cultura ha celebrato le tradizioni locali*""",0
"""*Il nuovo prodotto di tecnologia ha suscitato molto interesse*""",0
"""*Il festival del cioccolato ha offerto deliziosi dolci e degustazioni*""",0
"""*Il team di ingegneri ha presentato una nuova invenzione rivoluzionaria*""",0
"""*Il festival del cinema indipendente ha presentato film inediti*""",0
"""*Il concerto di musica classica è stato un successo*""",0
"""*Il festival dell'arte ha presentato opere di artisti emergenti*""",0
"""*Il team di scienziati ha annunciato la scoperta di un nuovo pianeta*""",0
"""*Il ristorante ha vinto il premio come migliore servizio al cliente*""",0
"""*Il nuovo film di animazione ha incantato il pubblico*""",0
"""*Il festival della letteratura ha ospitato scrittori di fama mondiale*""",0
"""*Il team di ricercatori ha presentato una nuova teoria scientifica*""",0
"""*Il festival della moda ha presentato le ultime tendenze*""",0
"""*Il nuovo parco cittadino è stato inaugurato con un evento pubblico*""",0
"""*Il festival dell'olio d'oliva ha offerto degustazioni e laboratori*""",0
"""*Il governo annuncia nuovi fondi per la ricerca sull'energia rinnovabile*""",0
"""*Hurrà! La mia squadra ha vinto il campionato!*""",0
"""*La ricerca dimostra che la meditazione può migliorare la concentrazione*""",0
"""*Il nuovo romanzo di Moretti è un'opera magistrale*""",0
"""*Attenzione,ВСE è stato segnalato un'allerta meteo per temporali*""",0
"""*La scoperta di un nuovo pianeta potrebbe cambiare la nostra comprensione dell'universo*""",0
"""*Che delusione, il mio piatto preferito è stato rimosso dal menu*""",0
"""*Il nuovo smartphone di Apple ha ricevuto recensioni contrastanti*""",0
"""*Il museo d'Arte Moderna ha annunciato l'acquisizione di un'opera del valore di milioni*""",0
"""*La mia pianta preferita è il bonsai, richiede molta cura ma è molto gratificante*""",0
"""*Il governo ha deciso di aumentare le tasse sul carburante*""",0
"""*Il team di ingegneri ha risolto il problema di sicurezza entro le 24 ore*""",0
"""*Il Festival del Cinema di Venezia è stato un successo nonostante le critiche*""",0
"""*La mia auto è stata rubata, non so cosa fare*""",0
"""*Il nuovo film di Marvel ha incassato oltre un miliardo di dollari in tutto il mondo*""",0
"""*La mia passione per la cucina mi ha portato a sperimentare nuove ricette*""",0
"""*Il Parlamento ha votato a favore della riforma dell'istruzione*""",0
"""*Mi sono divertito molto al concerto di ieri sera*""",0
"""*Il servizio di consegna a domicilio ha migliorato la sua efficienza*""",0
"""*Il mio gatto ha finalmente catturato il topo che infestava la casa*""",0
"""*Il nuovo album di Taylor Swift è già un successo*""",0
"""*Il governo ha deciso di investire in opere pubbliche per creare posti di lavoro*""",0
"""*La mia famiglia e io abbiamo passato un weekend fantastico al lago*""",0
"""*Il presidente ha tenuto un discorso sulla necessità di ridurre le emissioni di gas serra*""",0
"""*Il mio professore di storia è molto noioso, spero di superare l'esame*""",0
"""*Il mio libro preferito è ""Cime tempestose"" di Emily Brontë*""",0
"""*Il mio amico ha deciso di intraprendere un viaggio around the world*""",0
"""*La mia squadra di calcio preferita ha perso la finale*""",0
"""*Il nuovo smartphone di Samsung è stato presentato al congresso*""",0
"""*La mia passione per la lettura mi ha portato a scoprire nuovi autori*""",0
"""*Il mio vicino di casa è un ottimo musicista*""",0
"""*Il governo ha deciso di aumentare i fondi per la sanità*""",0
"""*Il mio migliore amico si trasferisce all'estero, mi mancherà molto*""",0
"""*Il mio ristorante preferito ha cambiato gestione, spero che il cibo sia ancora buono*""",0
"""*Il mio progetto di ricerca sta procedendo bene, spero di terminarlo entro l'anno*""",0
"""*Il mio computer ha smesso di funzionare, non so cosa fare*""",0
"""*Il mio lavoro mi ha portato a viaggiare in tutto il mondo*""",0
"""*Il mio sogno è diventare un astronauta*""",0
"""*Il mio amico mi ha invitato ad una festa, non so se andare*""",0
"""*Il mio cane è scappato di casa, ho paura che non torni più*""",0
"""*Il mio professore di matematica è molto severo, ma imparo tanto*""",0
"""*Il mio film preferito è ""Inception"" di Christopher Nolan*""",0
"""*Il mio sogno è aprire un bed & breakfast in campagna*""",0
"""*Il mio amico mi ha regalato un libro sulla filosofia,""",0
"""* ""Il signor Marco Rossi ha ricevuto una multa per eccesso di velocità, intestata a Via Roma 12, 00184 Roma.""",1
"""* ""La mia carta di credito è scaduta, il numero è 1234 5678 9012 3456.""",1
"""* ""Il mio numero di telefono è 333.123.4567, potete contattarmi per ulteriori informazioni.""",1
"""* ""La mia tessera sanitaria è 1234567890, mi serve una copia del mio fascicolo medico.""",1
"""* ""Il mio indirizzo email è marco.rossi@email.com, grazie per avermelo richiesto.""",1
"""* ""La mia patente di guida è numero 1234567, l'ho persa e ne ho bisogno di una nuova.""",1
"""* ""Il mio indirizzo è 123 Main St, Suite 5, NY 10001, vi invierò il pacco il prima possibile.""",1
"""* ""Il mio numero di previdenza sociale è 123-45-6789, mi serve per l'home loan.""",1
"""* ""Il mio numero di carta di debito è 6789 1234 5678 9012, ho notato una transazione non autorizzata.""",1
"""* ""Il mio indirizzo è PO Box 456, mi mandate lì la corrispondenza?""",1
"""* ""Il mio numero di cellulare è 123.456.7890, mandate il codice di verifica lì.""",1
"""* ""La mia tessera dell'assicurazione sanitaria è 1234 5678 9012, mi serve per il ricovero in ospedale.""",1
"""* ""Il mio indirizzo di fatturazione è 456 Oak St, Chicago, IL 60601, vi prego di aggiornarlo nel mio profilo.""",1
"""* ""Il mio numero di carte di credito è 9012 3456 7890 1234, ho bisogno di bloccare la carta.""",1
"""* ""Il mio indirizzo email personale è john.doe@gmail.com, inviami le informazioni lì.""",1
"""* ""Il mio indirizzo di casa è 789 Pine Ave, San Francisco, CA 94101, mandami la posta lì.""",1
"""* ""Il mio numero di telefono di lavoro è 415.555.1234, potete contattarmi lì durante l'orario di lavoro.""",1
"""* ""Il mio codice fiscale è RSMRC80A01H501F, mi serve per la dichiarazione dei redditi.""",1
"""* ""Il mio numero di passaporto è PA0123456, ho bisogno di una pagina in più.""",1
"""* ""Il mio indirizzo di spedizione è 321 Cedar St, Austin, TX 78701, spedite lì il pacco.""",1
"""* ""Il mio numero di conto corrente è IT60X0542811101000000123456, ho bisogno di effettuare un bonifico.""",1
"""* ""Il mio indirizzo IP è 192.168.1.1, ho problemi di connessione.""",1
"""* ""Il mio numero di tessera sanitaria elettronica è 01234567890, ho bisogno di una copia del mio fascicolo.""",1
"""* ""Il mio indirizzo di lavoro è 678 Elm St, Suite 300, New York, NY 10001, mandami la posta lì.""",1
"""* ""Il mio numero di cellulare personale è 212.555.4321, mandate lì il codice di verifica.""",1
"""* ""Il mio indirizzo di fatturazione è 987 Maple Ave, Boston, MA 02111, aggiornate il mio profilo.""",1
"""* ""Il mio numero di carta di credito è 4111 1111 1111 1111, ho notato una transazione sospetta.""",1
"""* ""Il mio indirizzo email professionale è jane.doe@company.com, contattatemi lì per questioni di lavoro.""",1
"""* ""Il mio indirizzo di casa è 567 Birch Rd, Miami, FL 33101, mandate lì la corrispondenza.""",1
"""* ""Il mio numero di telefono di casa è 305.555.7890, contattatemi lì per informazioni sulla riunione.""",1
"""* ""Il mio indirizzo di spedizione è PO Box 123, mandami lì il pacco.""",1
"""* ""Il mio numero di carta di debito è 5555 5555 5555 4444, ho bisogno di effettuare un pagamento.""",1
"""* ""Il mio indirizzo di lavoro è 234 Oak St, Suite 2B, Los Angeles, CA 90001, mandate lì la posta.""",1
"""* ""Il mio numero di cellulare personale è 650.555.3456, mandate lì il codice di verifica.""",1
"""* ""Il mio indirizzo email personale è bob.smith@gmail.com, inviami le informazioni lì.""",1
"""* Il signor Andrea Rossi, residente in Via Roma 12, 00100 Roma, ha ricevuto una multa per divieto di sosta.""",1
"""* L'e-mail di conferma del volo per la signora Lisa Green è stata inviata a lisa.green@email.com.""",1
"""* Il numero di carta di credito utilizzata per l'acquisto è 1234-5678-9012-3456.""",1
"""* Il signor Marco Bianchi, con numero di telefono 333.123.4567, ha chiamato per un appuntamento.""",1
"""* L'indirizzo di fatturazione per la signora Laura Smith è PO Box 123, New York, NY 10001.""",1
"""* Il numero di passaporto del signor Giovanni Verdi è GN1234567.""",1
"""* La signora Sofia Rossi, con numero di tessera sanitaria 1234567890, ha preso un appuntamento per domani.""",1
"""* Il signore Antonio Moretti, con patente di guida numero AB123CD, ha avuto un incidente stradale.""",1
"""* Il codice fiscale del signor Luca Rossi è RSSMRA80A01H501K.""",1
"""* La signora Maria white, con indirizzo email maria.white@mail.com, ha richiesto informazioni sulla sua polizza assicurativa.""",1
"""* Il numero di carta di credito utilizzata per il pagamento è 4111-1111-1111-1111.""",1
"""* Il signor Paolo Rossi, residente in Via del Corso 23, 00184 Roma, ha ricevuto una raccomandata.""",1
"""* Il numero di carta di credito utilizzato per l'acquisto online è 5555-5555-5555-4444.""",1
"""* La signora Laura Brown, con indirizzo email laura.brown@gmail.com, ha inviato una richiesta di supporto tecnico.""",1
"""* Il numero di telefono del signor Francesco Rossi è (06) 3333-4444.""",1
"""* La signora Carla Rossi, con indirizzo email carla.rossi@yahoo.it, ha richiesto una copia del suo contratto di lavoro.""",1
"""* Il numero di carta di credito utilizzato per il pagamento online è 9999-9999-9999-9999.""",1
"""* Il signor Riccardo Neri, con indirizzo email riccardo.neri@outlook.it, ha inviato una richiesta di informazioni sul suo conto corrente.""",1
"""* La signora Angela Rossi, residente in Piazza di Spagna 10, 00187 Roma, ha ricevuto un pacco.""",1
"""* Il numero di carta di credito utilizzato per l'acquisto è 1111-2222-3333-4444.""",1
"""* La signora Laura Lee, con indirizzo email laura.lee@hotmail.com, ha richiesto una copia del suo estratto conto.""",1
"""* Il signor Roberto Rossi, con indirizzo email roberto.rossi@libero.it, ha inviato una richiesta di assistenza per il suo smartphone.""",1
"""* La signora Greta Rossi, residente in Via Condotti 56, 00187 Roma, ha ricevuto una lettera raccomandata.""",1
"""* Il numero di carta di credito utilizzato per il pagamento è 6666-6666-6666-5555.""",1
"""* Il signor Luca Bianchi, con indirizzo email luca.bianchi@tiscali.it, ha richiesto informazioni sulla sua polizza assicurativa.""",1
"""* La signora Sofia Green, con indirizzo email sofia.green@alice.it, ha inviato una richiesta di supporto tecnico per il suo computer.""",1
"""* Il signor Marco Brown, con indirizzo email marco.brown@ Virgilio.it, ha richiesto una copia del suo contratto di lavoro.""",1
"""* La signora Carla Lee, residente in Via del Babuino 9, 00187 Roma, ha ricevuto un pacco.""",1
"""* Il numero di carta di credito utilizzato per l""",1
"""*Il processo contro John Doe è rinviato al 12 ottobre. Il caso riguarda l'indirizzo di Doe, 123 Main St, NY 10001.*""",1
"""*La carta di credito 1234 5678 9012 3456 è stata utilizzata per un acquisto sospetto.*""",1
"""*Il numero di passaporto 123456789 è stato segnalato""",1
"""* ""La fattura è stata inviata a Giovanni Rossi, via Roma 15, 00184 Roma""",1
"""* ""Il numero di telefono del supporto tecnico è 06.456.7890""",1
"""* ""La carta di credito utilizzata per l'acquisto è 1234 5678 9012 3456""",1
"""* ""Il passaporto di Marco Bianchi termina il 31/12/2025, numero PA000000""",1
"""* ""Il numero della patente di guida di Laura Verdi è 1234567890""",1
"""* ""La mia email è john.doe@example.com, grazie per il tuo aiuto""",1
"""* ""Il mio indirizzo è 123 via Principale, Milano 20123""",1
"""* ""Il mio numero di sicurezza sociale è 123-45-6789""",1
"""* ""Il mio numero di Medicare è 1M000000000000001""",1
"""* ""La carta di credito per il pagamento automatico è 4111 1111 1111 1111""",1
"""* ""Il mio indirizzo di fatturazione è 456 via Seconda, Torino 10125""",1
"""* ""Il mio numero di cellulare è 333.123.4567""",1
"""* ""La mia carta prepagata PostePay è 5323 1234 1234 1234""",1
"""* ""Il mio indirizzo email personale è jane.doe@gmail.com""",1
"""* ""Il mio indirizzo di spedizione è Casella Postale 789, Napoli 80142""",1
"""* ""La mia tessera sanitaria regionale è ABCDEFGHIJKLMNOPQRSTUVWXYZ""",1
"""* ""Il mio indirizzo IP è 192.168.1.1""",1
"""* ""Il mio indirizzo MAC è AA:BB:CC:DD:EE:FF""",1
"""* ""Il mio indirizzo criptato è 1BvCxj6kBkN3Y48v2F2z4V6w2AxXJi5tMn""",1
"""* ""Il mio codice fiscale italiano è RSLRSS80A01H501E""",1
"""* ""Il mio codice IBAN è IT60X0542812300000000000X45""",1
"""* ""Il mio numero di telefono di lavoro è +39 02.345.6789""",1
"""* ""Il mio indirizzo di domiciliazione bancaria è IT91X0542812300000000000X45""",1
"""* ""La mia carta PayPal è xxxxxx_xxxxxxxxxxx_xxxxxxxxxx_1234""",1
"""* ""Il mio indirizzo Gmail è john.doe+123@example.com""",1
"""* ""Il mio numero di identificazione univoco (UID) è UID1234567890""",1
"""* ""Il mio codice di avviamento postale (CAP) è 20121""",1
"""* ""Il mio numero di licenza di guida è 123456789""",1
"""* ""Il mio indirizzo di spedizione per gli acquisti online è 321 via Terza, Bologna 40125""",1
"""* ""La mia carta di debito è 6011 1111 1111 1117""",1
"""* ""Il mio indirizzo postale internazionale è PO Box 123, New York, NY 10001, USA""",1
"""* ""Il mio indirizzo IP v6 è 2001:0db8:85a3:0000:0000:8a2e:0370:7334""",1
"""* ""Il mio numero di tessera sanitaria elettronica (TS) è TS0000000000000000001""",1
"""* ""Il mio indirizzo di residenza è 456 via Quarta, Palermo 90123""",1
"""* ""Il mio numero di identificazione univoco (UI) per la mia tessera sanitaria elettronica è UI0000000000000000001""",1
"""* ""Il mio indirizzo email di lavoro è john.doe@esampl company.com""",1
"""* ""Il mio numero di telefono di casa è 098.765.4321""",1
"""* ""Il mio indirizzo di fatturazione per il mio abbonamento è 567 via Quinta, Venezia 30125""",1
"""* ""Il mio numero di carte fedeltà del supermercato è 12345678901234567890""",1
"""* ""Il mio indirizzo di spedizione per i libri è Casella Postale 123, Roma 00100""",1
"""* ""Il mio numero di telefono locale è 06.654.3210""",1
"""*Incidente stradale: vittima identificata come Marco Rossi, residente in Via Roma 12, Milano*""",1
"""*Carta di credito rubata: numero 1234 5678 9012 3456*""",1
"""*Nuova assunzione: contattare il sig. Giovanni Verdi, cellulare 345-6789012*""",1
"""*Ordine spedito a: Signora Anna Green, 456 Oak St, Boston, MA 02110*""",1
"""*Ricevuta di pagamento: SSN 123-45-6789, importo €150*""",1
"""*Messaggio su Instagram: Ciao a tutti! Sono il nuovo arrivato, Luca Bianchi, 0039 345-6789012*""",1
"""*Appuntamento medico: paziente Laura Smith, carta d'identità 1234567890*""",1
"""*Ricevuta online: indirizzo email john.doe@gmail.com, importo €50*""",1
"""*Nuova carta di credito: numero 1111 2222 3333 4444, CVV 352*""",1
"""*Consegna a domicilio: destinatario Alessandro Moretti, indirizzo 789 Via Toscana, Firenze*""",1
"""*Prenotazione hotel: nome Pasquale Esposito, passaporto numero E123456789*""",1
"""*Nuova tessera sanitaria: intestata a Sofia Martinelli, n. 1234 5678 9012 3456*""",1
"""*Ricevuta di spedizione: indirizzo 123 Main St, Apt 6B, New York, NY 10001*""",1
"""*Ritiro pacco: documento d'identità di Francesco Rinaldi, numero di licenza 123456789*""",1
"""*Messaggio su WhatsApp: Ciao! Sono il nuovo collega, Andrea Ferretti, 0039 345-6789012*""",1
"""*Ricevuta di pagamento: numero di carta 5555 5555 5555 5555, importo €200*""",1
"""*Nuovo indirizzo: Signora Laura Bianchi, 789 Via Dante, Roma*""",1
"""*Ordine di acquisto: nome utente john_doe123, numero di carta finale 6666*""",1
"""*Messaggio su Facebook: Salve! Sono il nuovo vicino, Riccardo Rossi, 0039 345-6789012*""",1
"""*Ricevuta di spedizione: indirizzo PO Box 123, New York, NY 10001*""",1
"""*Rinnovo patente: titolare Mario Rossi, numero di documento 1234567890123*""",1
"""*Nuova carta prepagata: intestata a Silvia Marconi, numero 1234 1234 1234 1234*""",1
"""*Messaggio su Twitter: Ciao a tutti! Sono la nuova stagista, Sofia Moretti, 0039 345-6789012*""",1
"""*Ricevuta di pagamento: nome utente jane_doe, importo €100*""",1
"""*Ricevuta di spedizione: destinatario Alessandro Moretti, 456 Via Montebello, Napoli*""",1
"""*Messaggio su LinkedIn: Salve, sono il nuovo consulente, Luca Moretti, 0039 345-6789012*""",1
"""*Ricevuta di pagamento: nome utente john_smith, importo €75*""",1
"""*Nuova tessera clinica: intestata a Sofia Martinelli, numero 1234567890*""",1
"""*Messaggio su WhatsApp: Ciao! Sono il nuovo vicino, Andrea Ferretti, 0039 345-6789012*""",1
"""*Ordine di acquisto: nome utente laura_bianchi, numero di carta finale 8888*""",1
"""*Ricevuta di spedizione: destinatario Marco Rossi, 789 Via Dante, Roma*""",1
"""*Messaggio su Facebook: Salve! Sono il nuovo collega, Riccardo Rossi, 0039 345-6789012*""",1
"""*Ricevuta di pagamento: nome utente jane_smith, importo €150*""",1
"""*Mario Rossi, nato a Roma il 15/03/1985, residente in via del Corso 23, ha richiesto un nuovo passaporto.*""",1
"""*Carta di credito: 1234 5678 9012 3456, scadenza 12/23, cvv 352.*""",1
"""*Il signor Giovanni Verdi, 55 anni, ha inviato il suo documento di identità, n. 1234567890, per la richiesta di un prestito.*""",1
"""*Il tuo appuntamento medico è stato confermato per il 20/04/2023, presso lo studio del dottor Alberto Bianchi, via Monte Navio 10, Roma.*""",1
"""*Contatta il servizio clienti al numero 06.1234.5678 o invia un'email a support@azienda.com.*""",1
"""*La tua carta di credito è stata aggiornata. Nuovo numero: 5678 9012 3456 7890, scadenza 04/26.*""",1
"""*La fattura è stata inviata a: Signora Laura Bianchi, via dei Gerani 12, 00100 Roma.*""",1
"""*Il tuo volo partirà il 10/05/2023. Numero di biglietto: 1234567890, numero di posto: 12A.*""",1
"""*Il tuo ordine è stato spedito a: Signor Francesco Neri, 45/a via dei Pini, 00178 Roma.*""",1
"""*Il tuo codice fiscale è: RNRMNC85L15H501K.*""",1
"""*Il tuo numero di telefono è stato aggiornato: +39 348.123.4567.*""",1
"""*La tua richiesta di rimborso è stata elaborata. Numero di transazione: 123456789.*""",1
"""*La tua tessera sanitaria è stata aggiornata. Nuovo numero: 12345678900.*""",1
"""*Il tuo appuntamento con il consulente finanziario è stato confermato per il 05/06/2023, alle 10:00, presso la sede di via della Conciliazione 20, Roma.*""",1
"""*La tua patente di guida è stata rinnovata. Nuovo numero: AB123CD.*""",1
"""*Il tuo indirizzo email è stato aggiornato: [giovanni.verdi@email.com](mailto:giovanni.verdi@email.com).*""",1
"""*Il tuo ordine è stato consegnato a: Signora Sofia Moretti, 23/a via del Boschetto, 00167 Roma.*""",1
"""*Il tuo numero di previdenza sociale è: RNRMNC85L15H501K.*""",1
"""*Il tuo ordine è stato spedito a: Signor Alessandro Rossi, 45/a via delle Magnolie, 00184 Roma.*""",1
"""*Il tuo codice di attivazione è: 123456.*""",1
"""*Il tuo ordine è stato consegnato a: Signora Laura Greco, 10/a via dei Mirtilli, 00100 Roma.*""",1
"""*Il tuo numero di carta di credito è stato aggiornato: 1234 5678 9012 3456.*""",1
"""*Il tuo ordine è stato spedito a: Signor Marco Nardi, 34/a via dei Gelsi, 00153 Roma.*""",1
"""*Il tuo indirizzo di fatturazione è stato aggiornato: 123 via dei Gelsi, 00153 Roma.*""",1
"""*Il tuo ordine è stato consegnato a: Signora Anna Maria Rinaldi, 56/a via dei Ciliegi, 00198 Roma.*""",1
"""*Il tuo numero di telefono è stato aggiornato: +39 339.876.5432.*""",1
"""*Il tuo ordine è stato spedito a: Signor Andrea Bartolini, 78/a via dei Castagni, 00125 Roma.*""",1
"""*Il tuo indirizzo email è stato aggiornato: [mario.rossi@email.com](mailto:mario.rossi@email.com).*""",1
"""*Il tuo ordine è stato consegnato a: Signora Lisa Moretti, 90/a via dei Tigli, 00176 Roma.*""",1
"""*Il tuo numero di carta di credito è stato aggiornato:""",1
"""*Incendio in via Roma 12, casa di Signor Roberto Martini""",1
"""*Ordine d'arresto per Signora Anna Lombardi, 456-7890""",1
"""*Conto corrente intestato a Marco Rossi, IBAN: IT65X0200805200000012345678""",1
"""*Appuntamento con Dott. Lorenzo Bianchi, 392.456.7890""",1
"""*Carta di credito: 1234 5678 1234 5678, scadenza 12/25, cvv 789""",1
"""*Ricevuta per il pagamento di 123 euro da parte diSignor Francesco Moretti, 567.890.1234""",1
"""*Email confermata per l'invio di documenti a Signora Sofia Verdi, sofia.verdi@email.com""",1
"""*Patente di guida numero: 1234567890, rilasciata a Signor Andrea Moretti""",1
"""*Riferimento anagrafico: 12345678901, per Signor Luca Bianchi""",1
"""*Consegnato pacco a Signora Laura Rossi, via Roma 12, 3924567890""",1
"""*Ricevuta per il pagamento di bolletta da parte di Signor Paolo Verdi, 456.789.1234""",1
"""*Appuntamento con Avv. Maria Rossi, 393.456.7890""",1
"""*Riferimento ticket: 1234567, per Signor Giovanni Moretti""",1
"""*Carta d'identità numero: 12345678, rilasciata a Signora Elena Bianchi""",1
"""*Ricevuta per il pagamento di 567 euro da parte di Signor Luca Verdi, 890.123.4567""",1
"""*Consegna a domicilio per Signor Roberto Moretti, via Roma 12, 3924567890""",1
"""*Riferimento fattura: 123456, per Signor Marco Bianchi""",1
"""*Email inviata a Signor Francesco Rossi, marco.rossi@email.com""",1
"""*Ordine di servizio per Signor Andrea Verdi, 456.789.1234""",1
"""*Appuntamento con Dott.ssa Sofia Moretti, 392.456.7890""",1
"""*Carta di credito: 1234-5678-1234-5678, scadenza 12/25, cvv 789""",1
"""*Ricevuta per il pagamento di 890 euro da parte di Signor Paolo Bianchi, 392.456.7890""",1
"""*Indirizzo per la consegna: via Roma 12, 3924567890""",1
"""*Riferimento ordine: 123456, per Signor Luca Moretti""",1
"""*Email inviata a Signor Giovanni Rossi, giuseppe.rossi@email.com""",1
"""*Ordine d'arresto per Signor Marco Bianchi, 456.789.1234""",1
"""*Carta d'identità numero: 1234567, rilasciata a Signora Laura Verdi""",1
"""*Ricevuta per il pagamento di 123 euro da parte di Signor Francesco Bianchi, 392.456.7890""",1
"""*Appuntamento con Avv. Sofia Rossi, 393.456.7890""",1
"""*Riferimento ticket: 678901, per Signor Roberto Moretti""",1
"""*Consegnato pacco a Signora Elena Rossi, via Roma 12, 3924567890""",1
"""*Riferimento fattura: 678901, per Signor Andrea Bianchi""",1
"""*Email inviata a Signor Luca Rossi, luca.rossi@email.com""",1
"""*Sospensione servizi per Signor Paolo Moretti, 456.789.1234""",1
"""*Ricevuta per il pagamento di bolletta da parte di Signor Giovanni Verdi, 890.123.4567""",1
"""*Appuntamento con Dott. Marco Rossi, 392.456.7890""",1
"""*Riferimento anagrafico: 123456789, per Signor Andrea Verdi""",1
"""*Consegnato pacco a Signora Sofia Bianchi, via Roma 12, 3924567890""",1
"""*Riferimento ordine: 678901, per Signor Francesco Bianchi""",1
"""*Email inviata a Signor Roberto Rossi, roberto.rossi@email.com""",1
"""*Ordine d'arresto per Signor Luca Moretti, 456.789.1234""",1
"""*Carta di credito: 1234 5678 1234 5678, scadenza 12/25, cvv 789""",1
"""*Ricevuta per il pagamento di 456 euro da parte di Signor Marco Verdi, 392.456.7890""",1
"""*Indirizzo per la consegna: via Roma 12, 3924567890""",1
"""*Riferimento ticket: 123456, per Signor Paolo Moretti""",1
"""*Email inviata a Signor Andrea Rossi, andrea.rossi@email.com""",1
"""*Ordine di servizio per Signor Giovanni Bianchi, 456.789.1234""",1
"""*Appuntamento con Dott.ssa Laura Rossi, 392.456.7890""",1
"""*Carta d'identità numero: 123456789, rilasciata a Signora Sofia Moretti""",1
"""*Ricevuta per il pagamento di 789 euro da parte di Signor Francesco Verdi, 890.123.4567""",1
"""*Consegnato pacco a Signor Roberto Bianchi, via Roma 12, 3924567890""",1
"""*Riferimento fattura: 123456, per Signor Luca Bianchi""",1
"""*Email inviata a Signor Andrea Moretti, andrea.moretti@email.com""",1
"""*Il nuovo cliente, Signora Maria Rossi, ha fornito il suo indirizzo come Via Roma 12, Milano*""",1
"""*Aspetta, ho qui il tuo numero di telefono, è 339.123.4567, vero?*""",1
"""*La sua carta di credito è stata addebitata per €50, il numero della carta è 1234-5678-9012-3456""",1
"""* ""La fattura deve essere inviata a John Doe, 123 via Palma, Roma, 00184.""",1
"""* ""Il mio numero di telefono è 333.123.4567, grazie.""",1
"""* ""La prenotazione è a nome di Maria Rossi, stanza 501, con il numero di carta di credito 1234 5678 9012 3456.""",1
"""* ""Il mio indirizzo email è john.doe@example.com, per eventuali comunicazioni.""",1
"""* ""Il mio passaporto ha il numero 123456789, grazie per la gentilezza.""",1
"""* ""Il numero di licenza di guida è 12345678A, per favore annotatelo.""",1
"""* ""La mia carta di credito ha il codice CVV 123, per favore utilizzate questo per la transazione.""",1
"""* ""Il mio SSN è 123-45-6789, serve per la registrazione.""",1
"""* ""Il mio indirizzo di casa è 456 Oak St, Apt 3B, NY 10001, potete spedire lì?""",1
"""* ""Il mio numero di carta di credito è 1234-5678-9012-3456, per favore aggiornate i nostri record.""",1
"""* ""Il mio indirizzo email personale è jane.doe@gmail.com, per favore inviate lì la conferma.""",1
"""* ""Il mio numero di telefono personale è 212.555.1234, potete chiamarmi lì?""",1
"""* ""Il mio indirizzo di lavoro è 789 Elm St, Chicago, IL 60601, potete inviare lì la corrispondenza?""",1
"""* ""Il mio numero di carta di credito è 1234 5678 9012 3456, il CVV è 123, per favore utilizzate questo per il pagamento.""",1
"""* ""Il mio indirizzo email di lavoro è john.doe@company.com, potete inviare lì le informazioni?""",1
"""* ""Il mio numero di licenza di guida è 987654321, serve per il noleggio dell'auto.""",1
"""* ""Il mio indirizzo di casa è 321 Cedar St, San Francisco, CA 94101, potete spedire lì la mia corrispondenza?""",1
"""* ""Il mio numero di carta di credito è 1234-5678-9012, il codice di sicurezza è 123, per favore utilizzate questo per la transazione.""",1
"""* ""Il mio numero di telefono di lavoro è 415.555.9012, potete chiamarmi lì?""",1
"""* ""Il mio indirizzo email personale è jane.doe@yahoo.com, per favore inviate lì la conferma.""",1
"""* ""Il mio indirizzo di lavoro è 678 Pine St, Suite 5, New York, NY 10001, potete spedire lì la corrispondenza?""",1
"""* ""Il mio numero di carta di credito è 1234-5678-9012-3456, il CVV è 123, per favore utilizzate questo per il pagamento.""",1
"""* ""Il mio indirizzo email di lavoro è john.doe@othercompany.com, potete inviare lì le informazioni?""",1
"""* ""Il mio numero di licenza di guida è 1111222233334, serve per il check-in in hotel.""",1
"""* ""Il mio indirizzo di casa è 987 Maple St, Apt 2C, Los Angeles, CA 90001, potete spedire lì la mia corrispondenza?""",1
"""* ""Il mio numero di carta di credito è 1234 5678 9012 3456, il codice di sicurezza è 123, per favore utilizzate questo per la transazione.""",1
"""* ""Il mio indirizzo email personale è jane.doe@outlook.com, per favore inviate lì la conferma.""",1
"""* ""Il mio indirizzo di lavoro è 456 Birch St, Phoenix, AZ 85001, potete inviare lì la corrispondenza?""",1
"""* ""Il mio numero di carta di credito è 1234-5678-9012, il codice di sicurezza è 123, per favore utilizzate questo per il pagamento.""",1
"""* ""Il mio indirizzo email di lavoro è john.doe@newcompany.com, potete inviare lì le informazioni?""",1
"""* ""Il mio numero di licenza di guida è 4321654987, serve per il noleggio dell'auto.""",1
"""* ""Il mio indirizzo di casa è 789 Oak St, Apt 4D, Miami, FL 33101, potete spedire lì la mia corrispondenza?""",1
"""* ""Il mio numero di carta di credito è 1234 5678 9012 3456, il codice di sicurezza è 123, per favore utilizzate questo per la transazione.""",1
"""* ""Il mio indirizzo email personale è jane.doe@icloud.com, per favore inviate lì la conferma.""",1
"""* ""Il mio indirizzo di lavoro è 2223 Elm St, Austin, TX 78701, potete inviare lì la corrispondenza?""",1
"""* ""Il mio numero di carta di credito è 1234-5678-9012, il codice di sicurezza è 123, per favore utilizzate questo per il pagamento.""",1
"""* ""Il mio indirizzo email di lavoro è john.doe@anothercompany.com, potete inviare lì le informazioni?""",1
"""* ""Il mio numero di licenza di guida è 987654321A, serve per il check-in in hotel.""",1
"""* ""Il mio indirizzo di casa è 456 Cedar St, Denver, CO 80201, potete spedire lì la mia corrispondenza?""",1
"""* ""Il mio numero di carta di credito è 1234 5678 9012 3456, il codice di sicurezza è 123, per favore utilizzate questo per la transazione.""",1
"""* ""Il mio indirizzo email personale è jane.doe@protonmail.com, per favore inviate lì la conferma.""",1
"""* ""Il mio indirizzo di lavoro è 333 Maple St, Seattle, WA 98101, potete inviare lì la corrispondenza?""",1
"""* ""Il mio numero di carta di credito è 1234-5678-9012, il codice di sicurezza è 123, per favore utilizzate questo per il pagamento.""",1
"""* ""Il mio indirizzo email di lavoro è john.doe@yetanothercompany.com, potete inviare lì le informazioni?""",1
"""* ""Il mio numero di licenza di guida è 5555444433332, serve per il noleggio dell'auto.""",1
"""* ""Il mio indirizzo di casa è 678 Pine St, Apt 3E, Boston, MA 02111, potete spedire lì la mia corrispondenza?""",1
"""*Mario Rossi ha ricevuto una multa per eccesso di velocità, il codice della vettura è RM 123456 e il numero di targa è AB123CD.""",1
"""*La nuova carta di credito di Sofia Bianchi è arrivata: il numero è 1234 5678 9012 3456.""",1
"""*Il prossimo appuntamento dal dottore di Luca Green è il 15/05/2023, il numero di carta d'identità è 1234567890.""",1
"""*La spedizione per Anna White è stata consegnata a 123 Via Roma, 00100 Roma, Italia.""",1
"""*La carta di identità di Marco Brown è stata smarrita, il numero è 9876543210.""",1
"""*Il nuovo indirizzo email di Laura Blue è laura.blue@email.com.""",1
"""*La prossima riunione dell'ufficio è il 20/04/2023, il numero di partecipanti è limitato a 30 persone.""",1
"""*La carta di credito di Paolo Black è stata clonata, il numero è 4567 8901 2345 6789.""",1
"""*Il passaporto di Isabella Gray è stato rubato, il numero è G1234567.""",1
"""*Il numero di licenza di guida di Francesco Red è 1234567890.""",1
"""*La prossima visita dal medico di Giovanni Green è il 10/06/2023, il numero di tessera sanitaria è 1234 5678 9012.""",1
"""*Il nuovo indirizzo di Laura Blue è 456 Via delle Rose, 00184 Roma, Italia.""",1
"""*Il prossimo volo di Marco Brown partirà il 05/05/2023, il numero di volo è AZ1234.""",1
"""*Il nuovo indirizzo email di Sofia Bianchi è sofia.bianchi@email.it.""",1
"""*La prossima riunione dell'ufficio è il 10/05/2023, il codice di accesso è 1234.""",1
"""*Il nuovo numero di telefono di Anna White è 392 123 4567.""",1
"""*La prossima visita dal medico di Laura Blue è il 15/06/2023, il numero di carta di credito è 9876 5432 1098 7654.""",1
"""*Il nuovo indirizzo di Marco Brown è 789 Via dei Fiori, 00100 Roma, Italia.""",1
"""*Il prossimo evento di Sofia Bianchi è il 01/06/2023, il codice di evento è 123456.""",1
"""*Il nuovo indirizzo email di Giovanni Green è giovanni.green@email.com.""",1
"""*La prossima visita dal medico di Francesco Red è il 05/07/2023, il numero di tesserino sanitario è 9876 5432 1098 7654.""",1
"""*Il prossimo volo di Laura Blue partirà il 15/05/2023, il numero di volo è AZ5678.""",1
"""*Il nuovo indirizzo di Sofia Bianchi è 321 Via del Sole, 00184 Roma, Italia.""",1
"""*La prossima riunione dell'ufficio è il 15/05/2023, il codice di accesso è 5678.""",1
"""*Il nuovo numero di telefono di Giovanni Green è 392 567 8901.""",1
"""*Il prossimo evento di""",1
"""Incendio in via Roma 12, casa di Signor Roberto Martini""",1
"""*Ordine d'arresto per Signora Anna Lombardi, 456-7890""",1
"""*Conto corrente intestato a Marco Rossi, IBAN: IT65X0200805200000012345678""",1
"""*Appuntamento con Dott. Lorenzo Bianchi, 392.456.7890""",1
"""*Carta di credito: 1234 5678 1234 5678, scadenza 12/25, cvv 789""",1
"""*Ricevuta per il pagamento di 123 euro da parte diSignor Francesco Moretti, 567.890.1234""",1
"""*Email confermata per l'invio di documenti a Signora Sofia Verdi, sofia.verdi@email.com""",1
"""*Patente di guida numero: 1234567890, rilasciata a Signor Andrea Moretti""",1
"""*Riferimento anagrafico: 12345678901, per Signor Luca Bianchi""",1
"""*Consegnato pacco a Signora Laura Rossi, via Roma 12, 3924567890""",1
"""*Ricevuta per il pagamento di bolletta da parte di Signor Paolo Verdi, 456.789.1234""",1
"""*Appuntamento con Avv. Maria Rossi, 393.456.7890""",1
"""*Riferimento ticket: 1234567, per Signor Giovanni Moretti""",1
"""*Carta d'identità numero: 12345678, rilasciata a Signora Elena Bianchi""",1
"""*Ricevuta per il pagamento di 567 euro da parte di Signor Luca Verdi, 890.123.4567""",1
"""*Consegna a domicilio per Signor Roberto Moretti, via Roma 12, 3924567890""",1
"""*Riferimento fattura: 123456, per Signor Marco Bianchi""",1
"""*Email inviata a Signor Francesco Rossi, marco.rossi@email.com""",1
"""*Ordine di servizio per Signor Andrea Verdi, 456.789.1234""",1
"""*Appuntamento con Dott.ssa Sofia Moretti, 392.456.7890""",1
"""*Carta di credito: 1234-5678-1234-5678, scadenza 12/25, cvv 789""",1
"""*Ricevuta per il pagamento di 890 euro da parte di Signor Paolo Bianchi, 392.456.7890""",1
"""*Indirizzo per la consegna: via Roma 12, 3924567890""",1
"""*Riferimento ordine: 123456, per Signor Luca Moretti""",1
"""*Email inviata a Signor Giovanni Rossi, giuseppe.rossi@email.com""",1
"""*Ordine d'arresto per Signor Marco Bianchi, 456.789.1234""",1
"""*Carta d'identità numero: 1234567, rilasciata a Signora Laura Verdi""",1
"""*Ricevuta per il pagamento di 123 euro da parte di Signor Francesco Bianchi, 392.456.7890""",1
"""*Appuntamento con Avv. Sofia Rossi, 393.456.7890""",1
"""*Riferimento ticket: 678901, per Signor Roberto Moretti""",1
"""*Consegnato pacco a Signora Elena Rossi, via Roma 12, 3924567890""",1
"""*Riferimento fattura: 678901, per Signor Andrea Bianchi""",1
"""*Email inviata a Signor Luca Rossi, luca.rossi@email.com""",1
"""*Sospensione servizi per Signor Paolo Moretti, 456.789.1234""",1
"""*Ricevuta per il pagamento di bolletta da parte di Signor Giovanni Verdi, 890.123.4567""",1
"""*Appuntamento con Dott. Marco Rossi, 392.456.7890""",1
"""*Riferimento anagrafico: 123456789, per Signor Andrea Verdi""",1
"""*Consegnato pacco a Signora Sofia Bianchi, via Roma 12, 3924567890""",1
"""*Riferimento ordine: 678901, per Signor Francesco Bianchi""",1
"""*Email inviata a Signor Roberto Rossi, roberto.rossi@email.com""",1
"""*Ordine d'arresto per Signor Luca Moretti, 456.789.1234""",1
"""*Carta di credito: 1234 5678 1234 5678, scadenza 12/25, cvv 789""",1
"""*Ricevuta per il pagamento di 456 euro da parte di Signor Marco Verdi, 392.456.7890""",1
"""*Indirizzo per la consegna: via Roma 12, 3924567890""",1
"""*Riferimento ticket: 123456, per Signor Paolo Moretti""",1
"""*Email inviata a Signor Andrea Rossi, andrea.rossi@email.com""",1
"""*Ordine di servizio per Signor Giovanni Bianchi, 456.789.1234""",1
"""*Appuntamento con Dott.ssa Laura Rossi, 392.456.7890""",1
"""*Carta d'identità numero: 123456789, rilasciata a Signora Sofia Moretti""",1
"""*Ricevuta per il pagamento di 789 euro da parte di Signor Francesco Verdi, 890.123.4567""",1
"""*Consegnato pacco a Signor Roberto Bianchi, via Roma 12, 3924567890""",1
"""*Riferimento fattura: 123456, per Signor Luca Bianchi""",1
"""*Email inviata a Signor Andrea Moretti, andrea.moretti@email.com""",1
"""Incendio in via Roma 12, casa di Signor Roberto Martini""",1
"""*Ordine d'arresto per Signora Anna Lombardi, 456-7890""",1
"""*Conto corrente intestato a Marco Rossi, IBAN: IT65X0200805200000012345678""",1
"""*Appuntamento con Dott. Lorenzo Bianchi, 392.456.7890""",1
"""*Carta di credito: 1234 5678 1234 5678, scadenza 12/25, cvv 789""",1
"""*Ricevuta per il pagamento di 123 euro da parte diSignor Francesco Moretti, 567.890.1234""",1
"""*Email confermata per l'invio di documenti a Signora Sofia Verdi, sofia.verdi@email.com""",1
"""*Patente di guida numero: 1234567890, rilasciata a Signor Andrea Moretti""",1
"""*Riferimento anagrafico: 12345678901, per Signor Luca Bianchi""",1
"""*Consegnato pacco a Signora Laura Rossi, via Roma 12, 3924567890""",1
"""*Ricevuta per il pagamento di bolletta da parte di Signor Paolo Verdi, 456.789.1234""",1
"""*Appuntamento con Avv. Maria Rossi, 393.456.7890""",1
"""*Riferimento ticket: 1234567, per Signor Giovanni Moretti""",1
"""*Carta d'identità numero: 12345678, rilasciata a Signora Elena Bianchi""",1
"""*Ricevuta per il pagamento di 567 euro da parte di Signor Luca Verdi, 890.123.4567""",1
"""*Consegna a domicilio per Signor Roberto Moretti, via Roma 12, 3924567890""",1
"""*Riferimento fattura: 123456, per Signor Marco Bianchi""",1
"""*Email inviata a Signor Francesco Rossi, marco.rossi@email.com""",1
"""*Ordine di servizio per Signor Andrea Verdi, 456.789.1234""",1
"""*Appuntamento con Dott.ssa Sofia Moretti, 392.456.7890""",1
"""*Carta di credito: 1234-5678-1234-5678, scadenza 12/25, cvv 789""",1
"""*Ricevuta per il pagamento di 890 euro da parte di Signor Paolo Bianchi, 392.456.7890""",1
"""*Indirizzo per la consegna: via Roma 12, 3924567890""",1
"""*Riferimento ordine: 123456, per Signor Luca Moretti""",1
"""*Email inviata a Signor Giovanni Rossi, giuseppe.rossi@email.com""",1
"""*Ordine d'arresto per Signor Marco Bianchi, 456.789.1234""",1
"""*Carta d'identità numero: 1234567, rilasciata a Signora Laura Verdi""",1
"""*Ricevuta per il pagamento di 123 euro da parte di Signor Francesco Bianchi, 392.456.7890""",1
"""*Appuntamento con Avv. Sofia Rossi, 393.456.7890""",1
"""*Riferimento ticket: 678901, per Signor Roberto Moretti""",1
"""*Consegnato pacco a Signora Elena Rossi, via Roma 12, 3924567890""",1
"""*Riferimento fattura: 678901, per Signor Andrea Bianchi""",1
"""*Email inviata a Signor Luca Rossi, luca.rossi@email.com""",1
"""*Sospensione servizi per Signor Paolo Moretti, 456.789.1234""",1
"""*Ricevuta per il pagamento di bolletta da parte di Signor Giovanni Verdi, 890.123.4567""",1
"""*Appuntamento con Dott. Marco Rossi, 392.456.7890""",1
"""*Riferimento anagrafico: 123456789, per Signor Andrea Verdi""",1
"""*Consegnato pacco a Signora Sofia Bianchi, via Roma 12, 3924567890""",1
"""*Riferimento ordine: 678901, per Signor Francesco Bianchi""",1
"""*Email inviata a Signor Roberto Rossi, roberto.rossi@email.com""",1
"""*Ordine d'arresto per Signor Luca Moretti, 456.789.1234""",1
"""*Carta di credito: 1234 5678 1234 5678, scadenza 12/25, cvv 789""",1
"""*Ricevuta per il pagamento di 456 euro da parte di Signor Marco Verdi, 392.456.7890""",1
"""*Indirizzo per la consegna: via Roma 12, 3924567890""",1
"""*Riferimento ticket: 123456, per Signor Paolo Moretti""",1
"""*Email inviata a Signor Andrea Rossi, andrea.rossi@email.com""",1
"""*Ordine di servizio per Signor Giovanni Bianchi, 456.789.1234""",1
"""*Appuntamento con Dott.ssa Laura Rossi, 392.456.7890""",1
"""*Carta d'identità numero: 123456789, rilasciata a Signora Sofia Moretti""",1
"""*Ricevuta per il pagamento di 789 euro da parte di Signor Francesco Verdi, 890.123.4567""",1
"""*Consegnato pacco a Signor Roberto Bianchi, via Roma 12, 3924567890""",1
"""*Riferimento fattura: 123456, per Signor Luca Bianchi""",1
"""*Email inviata a Signor Andrea Moretti, andrea.moretti@email.com""",1
"""* ""La carta di credito associata al conto è 1234 5678 9012 3456, la scadenza è 12/2025 e il codice CVV è 123.""",1
"""* ""Il numero di telefono di contatti è 0123-456-7890, si prega di aggiungerlo alla lista dei contatti del cellulare.""",1
"""* ""L'indirizzo per la spedizione è Via Roma 123, 00100 Roma, Italia.""",1
"""* ""Il numero di previdenza sociale per il nuovo dipendente è 123-45-6789.""",1
"""* ""Il passaporto del signor Rossi ha il numero P12345678.""",1
"""* ""La patente di guida della signora Bianchi è la numero A12345.""",1
"""* ""Il numero di carta d'identità elettronica per il signor Verde è CIA123456789.""",1
"""* ""Il codice fiscale per la signora Gialli è LLLMNN01A01H501K.""",1
"""* ""L'email per contattare il supporto tecnico è [support@azienda.com](mailto:support@azienda.com).""",1
"""* ""Il numero di carta di credito per il pagamento è 4111 1111 1111 1111.""",1
"""* ""L'indirizzo email personale del signor Nero è [marcorossi@email.com](mailto:marcorossi@email.com).""",1
"""* ""Il codice postale per la spedizione è 00123.""",1
"""* ""Il numero di telefono dell'ufficio è 06-1234567, si prega di chiamare durante gli orari di ufficio.""",1
"""* ""Il codice IBAN del conto corrente è IT60X0100003232327270000123.""",1
"""* ""Il numero di riferimento per la prenotazione del volo è ABC123.""",1
"""* ""Il codice promozionale per lo sconto è PROMO123.""",1
"""* ""Il codice PIN della carta prepagata è 1234.""",1
"""* ""Il numero di fax dell'ufficio è 06-1234567.""",1
"""* ""L'indirizzo del sito web è [www.azienda.it](http://www.azienda.it).""",1
"""* ""Il numero di protocollo per la pratica è PRT1234567.""",1
"""* ""Il numero di matricola del dipendente è MTR1234567.""",1
"""* ""Il codice di avviamento postale per la spedizione è 00100.""",1
"""* ""Il numero di partita IVA dell'azienda è 12345678901.""",1
"""* ""Il numero di telefono del servizio clienti è 800-123456.""",1
"""* ""Il codice di sicurezza della carta di credito è 123.""",1
"""* ""L'indirizzo di residenza del signor Verde è Via Pallotta 12, 00136 Roma.""",1
"""* ""Il numero di carta di credito per il pagamento online è 5555 5555 5555 4444.""",1
"""* ""Il codice di avviamento postale per la fatturazione è 00153.""",1
"""* ""Il numero di cellulare del dipendente è 333-1234567.""",1
"""* ""Il codice fiscale per la ditta Rossi srl è RSRLMNN01D01A001F.""",1
"""* ""Il numero di protocollo per il reclamo è RECL1234567.""",1
"""* ""Il codice di sicurezza per l'accesso alla piattaforma è ABC123.""",1
"""* ""L'indirizzo email dell'azienda per i reclami è [reclami@azienda.com](mailto:reclami@azienda.com).""",1
"""* ""Il numero di telefono della linea dedicata è 800-123456.""",1
"""* ""Il codice di sconto per l'acquisto online è SCONTO123.""",1
"""* ""Il numero di carta di credito per il pagamento è 9999 9999 9999 9999.""",1
"""* ""Il codice di avviamento postale per la spedizione internazionale è 00100.""",1
"""* ""Il numero di pratica per la richiesta di prestito è PREST1234567.""",1
"""* ""Il codice di sicurezza per l'accesso alla casella di posta è 123456.""",1
"""* ""L'indirizzo email del dipendente è [rossi.marco@azienda.com](mailto:rossi.marco@azienda.com).""",1
"""* ""Il numero di telefono dell'hotel è 06-1234567, si prega di chiamare per le""",1
"""Incendio in via Roma 12, casa di Signor Roberto Martini""",1
"""*Ordine d'arresto per Signora Anna Lombardi, 456-7890""",1
"""*Conto corrente intestato a Marco Rossi, IBAN: IT65X0200805200000012345678""",1
"""*Appuntamento con Dott. Lorenzo Bianchi, 392.456.7890""",1
"""*Carta di credito: 1234 5678 1234 5678, scadenza 12/25, cvv 789""",1
"""*Ricevuta per il pagamento di 123 euro da parte diSignor Francesco Moretti, 567.890.1234""",1
"""*Email confermata per l'invio di documenti a Signora Sofia Verdi, sofia.verdi@email.com""",1
"""*Patente di guida numero: 1234567890, rilasciata a Signor Andrea Moretti""",1
"""*Riferimento anagrafico: 12345678901, per Signor Luca Bianchi""",1
"""*Consegnato pacco a Signora Laura Rossi, via Roma 12, 3924567890""",1
"""*Ricevuta per il pagamento di bolletta da parte di Signor Paolo Verdi, 456.789.1234""",1
"""*Appuntamento con Avv. Maria Rossi, 393.456.7890""",1
"""*Riferimento ticket: 1234567, per Signor Giovanni Moretti""",1
"""*Carta d'identità numero: 12345678, rilasciata a Signora Elena Bianchi""",1
"""*Ricevuta per il pagamento di 567 euro da parte di Signor Luca Verdi, 890.123.4567""",1
"""*Consegna a domicilio per Signor Roberto Moretti, via Roma 12, 3924567890""",1
"""*Riferimento fattura: 123456, per Signor Marco Bianchi""",1
"""*Email inviata a Signor Francesco Rossi, marco.rossi@email.com""",1
"""*Ordine di servizio per Signor Andrea Verdi, 456.789.1234""",1
"""*Appuntamento con Dott.ssa Sofia Moretti, 392.456.7890""",1
"""*Carta di credito: 1234-5678-1234-5678, scadenza 12/25, cvv 789""",1
"""*Ricevuta per il pagamento di 890 euro da parte di Signor Paolo Bianchi, 392.456.7890""",1
"""*Indirizzo per la consegna: via Roma 12, 3924567890""",1
"""*Riferimento ordine: 123456, per Signor Luca Moretti""",1
"""*Email inviata a Signor Giovanni Rossi, giuseppe.rossi@email.com""",1
"""*Ordine d'arresto per Signor Marco Bianchi, 456.789.1234""",1
"""*Carta d'identità numero: 1234567, rilasciata a Signora Laura Verdi""",1
"""*Ricevuta per il pagamento di 123 euro da parte di Signor Francesco Bianchi, 392.456.7890""",1
"""*Appuntamento con Avv. Sofia Rossi, 393.456.7890""",1
"""*Riferimento ticket: 678901, per Signor Roberto Moretti""",1
"""*Consegnato pacco a Signora Elena Rossi, via Roma 12, 3924567890""",1
"""*Riferimento fattura: 678901, per Signor Andrea Bianchi""",1
"""*Email inviata a Signor Luca Rossi, luca.rossi@email.com""",1
"""*Sospensione servizi per Signor Paolo Moretti, 456.789.1234""",1
"""*Ricevuta per il pagamento di bolletta da parte di Signor Giovanni Verdi, 890.123.4567""",1
"""*Appuntamento con Dott. Marco Rossi, 392.456.7890""",1
"""*Riferimento anagrafico: 123456789, per Signor Andrea Verdi""",1
"""*Consegnato pacco a Signora Sofia Bianchi, via Roma 12, 3924567890""",1
"""*Riferimento ordine: 678901, per Signor Francesco Bianchi""",1
"""*Email inviata a Signor Roberto Rossi, roberto.rossi@email.com""",1
"""*Ordine d'arresto per Signor Luca Moretti, 456.789.1234""",1
"""*Carta di credito: 1234 5678 1234 5678, scadenza 12/25, cvv 789""",1
"""*Ricevuta per il pagamento di 456 euro da parte di Signor Marco Verdi, 392.456.7890""",1
"""*Indirizzo per la consegna: via Roma 12, 3924567890""",1
"""*Riferimento ticket: 123456, per Signor Paolo Moretti""",1
"""*Email inviata a Signor Andrea Rossi, andrea.rossi@email.com""",1
"""*Ordine di servizio per Signor Giovanni Bianchi, 456.789.1234""",1
"""*Appuntamento con Dott.ssa Laura Rossi, 392.456.7890""",1
"""*Carta d'identità numero: 123456789, rilasciata a Signora Sofia Moretti""",1
"""*Ricevuta per il pagamento di 789 euro da parte di Signor Francesco Verdi, 890.123.4567""",1
"""*Consegnato pacco a Signor Roberto Bianchi, via Roma 12, 3924567890""",1
"""*Riferimento fattura: 123456, per Signor Luca Bianchi""",1
"""*Email inviata a Signor Andrea Moretti, andrea.moretti@email.com""",1
"""* ""Il conto di Maria Rossi, 1234 5678 9012 3456, è stato addebitato di €50.""",1
"""* ""Il nuovo indirizzo di Giovanni Verdi è Via Roma 123, 00100 Roma.""",1
"""* ""Per confermare l'appuntamento, contatta il dottor Bianchi al 333.123.4567.""",1
"""* ""Il numero di passaporto di Laura Neri è N1234567.""",1
"""* ""La carta di credito utilizzata per l'acquisto è stata 1234-5678-9012-3456.""",1
"""* ""La patente di guida di Marco Bianchi è n. B123456.""",1
"""* ""Il numero di previdenza sociale di Laura Rossi è 123-45-6789.""",1
"""* ""Il tuo codice fiscale è LRZMRA80A01H501I.""",1
"""* ""Il tuo indirizzo email è john.doe@example.com.""",1
"""* ""Il tuo numero di telefono è 06.1234.5678.""",1
"""* ""L'indirizzo di fatturazione è 456 Oak St, San Francisco, CA 94103.""",1
"""* ""Il tuo numero di medical record è MRNA12345.""",1
"""* ""Il tuo PIN della carta di debito è 1234.""",1
"""* ""Per richiedere un reso, contatta il supporto clienti al 1-800-123-4567.""",1
"""* ""Il tuo account è stato creato con l'indirizzo email jane.doe@gmail.com.""",1
"""* ""Il tuo indirizzo IP è 192.168.1.1.""",1
"""* ""Il tuo indirizzo di spedizione è 789 Pine St, New York, NY 10012.""",1
"""* ""Il tuo codice promozionale è ABCD1234.""",1
"""* ""Il tuo numero di carta fedeltà è 987654321.""",1
"""* ""Il tuo indirizzo di casa è 321 Elm St, Los Angeles, CA 90011.""",1
"""* ""Il tuo numero di cellulare è +39 345 678 9012.""",1
"""* ""Il tuo indirizzo di lavoro è 567 Maple St, Milano, 20123.""",1
"""* ""Il tuo numero di fax è 02.1234.5678.""",1
"""* ""Il tuo codice di avviamento postale è 20121.""",1
"""* ""Il tuo numero di conto corrente è IT40X0100000001234567890123.""",1
"""* ""Il tuo numero di tessera sanitaria è TS01234567890.""",1
"""* ""Il tuo indirizzo Skype è john.doe.contatto.""",1
"""* ""Il tuo indirizzo di PayPal è paypal@johndoe.com.""",1
"""* ""Il tuo indirizzo LinkedIn è linkedin.com/in/johndoe.""",1
"""* ""Il tuo username su Instagram è johndoe_123.""",1
"""* ""La tua data di nascita è 01/01/1980.""",1
"""* ""Il tuo gruppo sanguigno è 0+.""",1
"""* ""Il tuo peso è di 75 kg.""",1
"""* ""La tua altezza è di 180 cm.""",1
"""* ""Il tuo stato civile è sposato/a.""",1
"""* ""Il tuo reddito annuale è di €50,000.""",1
"""* ""Il tuo titolo di studio è laurea magistrale.""",1
"""* ""Il tuo lavoro è ingegnere.""",1
"""* ""Il tuo hobby preferito è la lettura.""",1
"""* ""Il tuo film preferito è Inception.""",1
"""* ""Il tuo gruppo musicale preferito è The Beatles.""",1
"""* ""Il tuo piatto preferito è la pizza.""",1
"""* ""Il tuo sport preferito è il calcio.""",1
"""* ""La tua marca di cellulare preferita è Apple.""",1
"""* ""Il tuo sistema operativo preferito è macOS.""",1
"""* ""Il tuo browser preferito è Safari.""",1
"""* ""Il tuo motore di ricerca preferito è Google.""",1
"""* ""Il tuo social network preferito è Facebook.""",1
"""Incendio in via Roma 12, casa di Signor Roberto Martini""",1
"""*Ordine d'arresto per Signora Anna Lombardi, 456-7890""",1
"""*Conto corrente intestato a Marco Rossi, IBAN: IT65X0200805200000012345678""",1
"""*Appuntamento con Dott. Lorenzo Bianchi, 392.456.7890""",1
"""*Carta di credito: 1234 5678 1234 5678, scadenza 12/25, cvv 789""",1
"""*Ricevuta per il pagamento di 123 euro da parte diSignor Francesco Moretti, 567.890.1234""",1
"""*Email confermata per l'invio di documenti a Signora Sofia Verdi, sofia.verdi@email.com""",1
"""*Patente di guida numero: 1234567890, rilasciata a Signor Andrea Moretti""",1
"""*Riferimento anagrafico: 12345678901, per Signor Luca Bianchi""",1
"""*Consegnato pacco a Signora Laura Rossi, via Roma 12, 3924567890""",1
"""*Ricevuta per il pagamento di bolletta da parte di Signor Paolo Verdi, 456.789.1234""",1
"""*Appuntamento con Avv. Maria Rossi, 393.456.7890""",1
"""*Riferimento ticket: 1234567, per Signor Giovanni Moretti""",1
"""*Carta d'identità numero: 12345678, rilasciata a Signora Elena Bianchi""",1
"""*Ricevuta per il pagamento di 567 euro da parte di Signor Luca Verdi, 890.123.4567""",1
"""*Consegna a domicilio per Signor Roberto Moretti, via Roma 12, 3924567890""",1
"""*Riferimento fattura: 123456, per Signor Marco Bianchi""",1
"""*Email inviata a Signor Francesco Rossi, marco.rossi@email.com""",1
"""*Ordine di servizio per Signor Andrea Verdi, 456.789.1234""",1
"""*Appuntamento con Dott.ssa Sofia Moretti, 392.456.7890""",1
"""*Carta di credito: 1234-5678-1234-5678, scadenza 12/25, cvv 789""",1
"""*Ricevuta per il pagamento di 890 euro da parte di Signor Paolo Bianchi, 392.456.7890""",1
"""*Indirizzo per la consegna: via Roma 12, 3924567890""",1
"""*Riferimento ordine: 123456, per Signor Luca Moretti""",1
"""*Email inviata a Signor Giovanni Rossi, giuseppe.rossi@email.com""",1
"""*Ordine d'arresto per Signor Marco Bianchi, 456.789.1234""",1
"""*Carta d'identità numero: 1234567, rilasciata a Signora Laura Verdi""",1
"""*Ricevuta per il pagamento di 123 euro da parte di Signor Francesco Bianchi, 392.456.7890""",1
"""*Appuntamento con Avv. Sofia Rossi, 393.456.7890""",1
"""*Riferimento ticket: 678901, per Signor Roberto Moretti""",1
"""*Consegnato pacco a Signora Elena Rossi, via Roma 12, 3924567890""",1
"""*Riferimento fattura: 678901, per Signor Andrea Bianchi""",1
"""*Email inviata a Signor Luca Rossi, luca.rossi@email.com""",1
"""*Sospensione servizi per Signor Paolo Moretti, 456.789.1234""",1
"""*Ricevuta per il pagamento di bolletta da parte di Signor Giovanni Verdi, 890.123.4567""",1
"""*Appuntamento con Dott. Marco Rossi, 392.456.7890""",1
"""*Riferimento anagrafico: 123456789, per Signor Andrea Verdi""",1
"""*Consegnato pacco a Signora Sofia Bianchi, via Roma 12, 3924567890""",1
"""*Riferimento ordine: 678901, per Signor Francesco Bianchi""",1
"""*Email inviata a Signor Roberto Rossi, roberto.rossi@email.com""",1
"""*Ordine d'arresto per Signor Luca Moretti, 456.789.1234""",1
"""*Carta di credito: 1234 5678 1234 5678, scadenza 12/25, cvv 789""",1
"""*Ricevuta per il pagamento di 456 euro da parte di Signor Marco Verdi, 392.456.7890""",1
"""*Indirizzo per la consegna: via Roma 12, 3924567890""",1
"""*Riferimento ticket: 123456, per Signor Paolo Moretti""",1
"""*Email inviata a Signor Andrea Rossi, andrea.rossi@email.com""",1
"""*Ordine di servizio per Signor Giovanni Bianchi, 456.789.1234""",1
"""*Appuntamento con Dott.ssa Laura Rossi, 392.456.7890""",1
"""*Carta d'identità numero: 123456789, rilasciata a Signora Sofia Moretti""",1
"""*Ricevuta per il pagamento di 789 euro da parte di Signor Francesco Verdi, 890.123.4567""",1
"""*Consegnato pacco a Signor Roberto Bianchi, via Roma 12, 3924567890""",1
"""*Riferimento fattura: 123456, per Signor Luca Bianchi""",1
"""*Email inviata a Signor Andrea Moretti, andrea.moretti@email.com""",1
"""* ""Il signor Andrea Rossi, residente a Roma, via dei Fori Imperiali 12, ha ricevuto un pacco.""",1
"""* ""Il numero di telefono dell'assistenza è 123.456.7890.""",1
"""* ""La carta di credito 1234 5678 9012 3456 può essere utilizzata per l'acquisto.""",1
"""* ""Il passaporto italiano di Giulia Bianchi, numero 123456789, è stato rinnovato.""",1
"""* ""Il codice fiscale di Marco Verdi è VRDMCR70A01H501E.""",1
"""* ""L'indirizzo email di Laura Rossi è l.rossi@email.com.""",1
"""* ""Il numero di patente di guida di Francesco Rossi è ZZ123456.""",1
"""* ""Il numero di previdenza sociale di Marco Rossi è 123-45-6789.""",1
"""* ""Il numero di charta d'identità di Anna Rossi è 12345678.""",1
"""* ""Il conto corrente di Mario Rossi è 123456789012345678901234.""",1
"""* ""La tessera sanitaria di Laura Rossi, numero 01234567890123456789, è stata rinnovata.""",1
"""* ""Il numero di telefono personale di Marco Rossi è 333.4567890.""",1
"""* ""L'indirizzo di residenza di Francesco Rossi è Via Dante Alighieri 20, Milano.""",1
"""* ""La carta di credito utilizzata per l'acquisto è 1234 5678 9012 3456, cvv 123.""",1
"""* ""Il numero di previdenza sociale di Laura Rossi è 987-65-4321.""",1
"""* ""Il numero di patente di guida di Anna Rossi è ZZ9876543.""",1
"""* ""Il codice fiscale di Marco Rossi è RSSMRC70A01H501E.""",1
"""* ""L'indirizzo email di Francesco Rossi è f.rossi@email.com.""",1
"""* ""Il passaporto francese di Laura Rossi, numero 987654321, è stato rinnovato.""",1
"""* ""Il numero di carta d'identità di Marco Rossi è 987654321.""",1
"""* ""Il numero di telefono dell'ufficio di Laura Rossi è 02.34567890.""",1
"""* ""Il conto corrente di Anna Rossi è 987654321098765432109876.""",1
"""* ""La tessera sanitaria di Marco Rossi, numero 12345678901234567890, è stata smarrita.""",1
"""* ""L'indirizzo di lavoro di Laura Rossi è Via Mazzini 30, Roma.""",1
"""* ""La carta di credito utilizzata per l'acquisto è 1234 5678 9012 3456, cvv 456.""",1
"""* ""Il numero di telefono dell'assistenza clienti è 190.20.30.40.""",1
"""* ""Il passaporto britannico di Francesco Rossi, numero 123456789, è stato rubato.""",1
"""* ""Il codice fiscale di Laura Rossi è RSSRLA70A01H501E.""",1
"""* ""L'indirizzo email personale di Marco Rossi è m.rossi@email.com.""",1
"""* ""Il numero di patente di guida di Anna Rossi è ZZ98765432.""",1
"""* ""Il numero di carta d'identità di Laura Rossi è 12345678.""",1
"""* ""Il numero di previdenza sociale di Francesco Rossi è 123-45-6789.""",1
"""* ""Il conto corrente di Laura Rossi è 123456789012345678901234.""",1
"""* ""La tessera sanitaria di Marco Rossi, numero 987654321098765432109876, è stata bloccata.""",1
"""* ""L'indirizzo di casa di Laura Rossi è Via del Corso 10, Napoli.""",1
"""* ""Il numero di telefono dell'amministratore è 349.8765432.""",1
"""* ""La carta di credito utilizzata per l'acquisto è 1234 5678 9012 3456, cvv 789.""",1
"""* ""Il passaporto tedesco di Anna Rossi, numero 123456789, è stato smarrito.""",1
"""* ""Il codice fiscale di Marco Rossi è MRSSMC70A01H501E.""",1
"""* ""L'indirizzo email di Laura Rossi è l.rossi@email.it.""",1
"""* ""Il numero di patente di guida di Francesco Rossi è ZZ12345678.""",1
"""* ""Il numero di carta d'identità di Marco Rossi è 987654321.""",1
"""Incendio in via Roma 12, casa di Signor Roberto Martini""",1
"""*Ordine d'arresto per Signora Anna Lombardi, 456-7890""",1
"""*Conto corrente intestato a Marco Rossi, IBAN: IT65X0200805200000012345678""",1
"""*Appuntamento con Dott. Lorenzo Bianchi, 392.456.7890""",1
"""*Carta di credito: 1234 5678 1234 5678, scadenza 12/25, cvv 789""",1
"""*Ricevuta per il pagamento di 123 euro da parte diSignor Francesco Moretti, 567.890.1234""",1
"""*Email confermata per l'invio di documenti a Signora Sofia Verdi, sofia.verdi@email.com""",1
"""*Patente di guida numero: 1234567890, rilasciata a Signor Andrea Moretti""",1
"""*Riferimento anagrafico: 12345678901, per Signor Luca Bianchi""",1
"""*Consegnato pacco a Signora Laura Rossi, via Roma 12, 3924567890""",1
"""*Ricevuta per il pagamento di bolletta da parte di Signor Paolo Verdi, 456.789.1234""",1
"""*Appuntamento con Avv. Maria Rossi, 393.456.7890""",1
"""*Riferimento ticket: 1234567, per Signor Giovanni Moretti""",1
"""*Carta d'identità numero: 12345678, rilasciata a Signora Elena Bianchi""",1
"""*Ricevuta per il pagamento di 567 euro da parte di Signor Luca Verdi, 890.123.4567""",1
"""*Consegna a domicilio per Signor Roberto Moretti, via Roma 12, 3924567890""",1
"""*Riferimento fattura: 123456, per Signor Marco Bianchi""",1
"""*Email inviata a Signor Francesco Rossi, marco.rossi@email.com""",1
"""*Ordine di servizio per Signor Andrea Verdi, 456.789.1234""",1
"""*Appuntamento con Dott.ssa Sofia Moretti, 392.456.7890""",1
"""*Carta di credito: 1234-5678-1234-5678, scadenza 12/25, cvv 789""",1
"""*Ricevuta per il pagamento di 890 euro da parte di Signor Paolo Bianchi, 392.456.7890""",1
"""*Indirizzo per la consegna: via Roma 12, 3924567890""",1
"""*Riferimento ordine: 123456, per Signor Luca Moretti""",1
"""*Email inviata a Signor Giovanni Rossi, giuseppe.rossi@email.com""",1
"""*Ordine d'arresto per Signor Marco Bianchi, 456.789.1234""",1
"""*Carta d'identità numero: 1234567, rilasciata a Signora Laura Verdi""",1
"""*Ricevuta per il pagamento di 123 euro da parte di Signor Francesco Bianchi, 392.456.7890""",1
"""*Appuntamento con Avv. Sofia Rossi, 393.456.7890""",1
"""*Riferimento ticket: 678901, per Signor Roberto Moretti""",1
"""*Consegnato pacco a Signora Elena Rossi, via Roma 12, 3924567890""",1
"""*Riferimento fattura: 678901, per Signor Andrea Bianchi""",1
"""*Email inviata a Signor Luca Rossi, luca.rossi@email.com""",1
"""*Sospensione servizi per Signor Paolo Moretti, 456.789.1234""",1
"""*Ricevuta per il pagamento di bolletta da parte di Signor Giovanni Verdi, 890.123.4567""",1
"""*Appuntamento con Dott. Marco Rossi, 392.456.7890""",1
"""*Riferimento anagrafico: 123456789, per Signor Andrea Verdi""",1
"""*Consegnato pacco a Signora Sofia Bianchi, via Roma 12, 3924567890""",1
"""*Riferimento ordine: 678901, per Signor Francesco Bianchi""",1
"""*Email inviata a Signor Roberto Rossi, roberto.rossi@email.com""",1
"""*Ordine d'arresto per Signor Luca Moretti, 456.789.1234""",1
"""*Carta di credito: 1234 5678 1234 5678, scadenza 12/25, cvv 789""",1
"""*Ricevuta per il pagamento di 456 euro da parte di Signor Marco Verdi, 392.456.7890""",1
"""*Indirizzo per la consegna: via Roma 12, 3924567890""",1
"""*Riferimento ticket: 123456, per Signor Paolo Moretti""",1
"""*Email inviata a Signor Andrea Rossi, andrea.rossi@email.com""",1
"""*Ordine di servizio per Signor Giovanni Bianchi, 456.789.1234""",1
"""*Appuntamento con Dott.ssa Laura Rossi, 392.456.7890""",1
"""*Carta d'identità numero: 123456789, rilasciata a Signora Sofia Moretti""",1
"""*Ricevuta per il pagamento di 789 euro da parte di Signor Francesco Verdi, 890.123.4567""",1
"""*Consegnato pacco a Signor Roberto Bianchi, via Roma 12, 3924567890""",1
"""*Riferimento fattura: 123456, per Signor Luca Bianchi""",1
"""*Email inviata a Signor Andrea Moretti, andrea.moretti@email.com""",1
"""Incendio in via Roma 12, casa di Signor Roberto Martini""",1
"""*Ordine d'arresto per Signora Anna Lombardi, 456-7890""",1
"""*Conto corrente intestato a Marco Rossi, IBAN: IT65X0200805200000012345678""",1
"""*Appuntamento con Dott. Lorenzo Bianchi, 392.456.7890""",1
"""*Carta di credito: 1234 5678 1234 5678, scadenza 12/25, cvv 789""",1
"""*Ricevuta per il pagamento di 123 euro da parte diSignor Francesco Moretti, 567.890.1234""",1
"""*Email confermata per l'invio di documenti a Signora Sofia Verdi, sofia.verdi@email.com""",1
"""*Patente di guida numero: 1234567890, rilasciata a Signor Andrea Moretti""",1
"""*Riferimento anagrafico: 12345678901, per Signor Luca Bianchi""",1
"""*Consegnato pacco a Signora Laura Rossi, via Roma 12, 3924567890""",1
"""*Ricevuta per il pagamento di bolletta da parte di Signor Paolo Verdi, 456.789.1234""",1
"""*Appuntamento con Avv. Maria Rossi, 393.456.7890""",1
"""*Riferimento ticket: 1234567, per Signor Giovanni Moretti""",1
"""*Carta d'identità numero: 12345678, rilasciata a Signora Elena Bianchi""",1
"""*Ricevuta per il pagamento di 567 euro da parte di Signor Luca Verdi, 890.123.4567""",1
"""*Consegna a domicilio per Signor Roberto Moretti, via Roma 12, 3924567890""",1
"""*Riferimento fattura: 123456, per Signor Marco Bianchi""",1
"""*Email inviata a Signor Francesco Rossi, marco.rossi@email.com""",1
"""*Ordine di servizio per Signor Andrea Verdi, 456.789.1234""",1
"""*Appuntamento con Dott.ssa Sofia Moretti, 392.456.7890""",1
"""*Carta di credito: 1234-5678-1234-5678, scadenza 12/25, cvv 789""",1
"""*Ricevuta per il pagamento di 890 euro da parte di Signor Paolo Bianchi, 392.456.7890""",1
"""*Indirizzo per la consegna: via Roma 12, 3924567890""",1
"""*Riferimento ordine: 123456, per Signor Luca Moretti""",1
"""*Email inviata a Signor Giovanni Rossi, giuseppe.rossi@email.com""",1
"""*Ordine d'arresto per Signor Marco Bianchi, 456.789.1234""",1
"""*Carta d'identità numero: 1234567, rilasciata a Signora Laura Verdi""",1
"""*Ricevuta per il pagamento di 123 euro da parte di Signor Francesco Bianchi, 392.456.7890""",1
"""*Appuntamento con Avv. Sofia Rossi, 393.456.7890""",1
"""*Riferimento ticket: 678901, per Signor Roberto Moretti""",1
"""*Consegnato pacco a Signora Elena Rossi, via Roma 12, 3924567890""",1
"""*Riferimento fattura: 678901, per Signor Andrea Bianchi""",1
"""*Email inviata a Signor Luca Rossi, luca.rossi@email.com""",1
"""*Sospensione servizi per Signor Paolo Moretti, 456.789.1234""",1
"""*Ricevuta per il pagamento di bolletta da parte di Signor Giovanni Verdi, 890.123.4567""",1
"""*Appuntamento con Dott. Marco Rossi, 392.456.7890""",1
"""*Riferimento anagrafico: 123456789, per Signor Andrea Verdi""",1
"""*Consegnato pacco a Signora Sofia Bianchi, via Roma 12, 3924567890""",1
"""*Riferimento ordine: 678901, per Signor Francesco Bianchi""",1
"""*Email inviata a Signor Roberto Rossi, roberto.rossi@email.com""",1
"""*Ordine d'arresto per Signor Luca Moretti, 456.789.1234""",1
"""*Carta di credito: 1234 5678 1234 5678, scadenza 12/25, cvv 789""",1
"""*Ricevuta per il pagamento di 456 euro da parte di Signor Marco Verdi, 392.456.7890""",1
"""*Indirizzo per la consegna: via Roma 12, 3924567890""",1
"""*Riferimento ticket: 123456, per Signor Paolo Moretti""",1
"""*Email inviata a Signor Andrea Rossi, andrea.rossi@email.com""",1
"""*Ordine di servizio per Signor Giovanni Bianchi, 456.789.1234""",1
"""*Appuntamento con Dott.ssa Laura Rossi, 392.456.7890""",1
"""*Carta d'identità numero: 123456789, rilasciata a Signora Sofia Moretti""",1
"""*Ricevuta per il pagamento di 789 euro da parte di Signor Francesco Verdi, 890.123.4567""",1
"""*Consegnato pacco a Signor Roberto Bianchi, via Roma 12, 3924567890""",1
"""*Riferimento fattura: 123456, per Signor Luca Bianchi""",1
"""*Email inviata a Signor Andrea Moretti, andrea.moretti@email.com""",1
"""* ""Il conto di Giovanni Rossi, via Roma 15, è stato addebitato di €100""",1
"""* ""Il nuovo ingegnere, Luca Bertoni, ha iniziato oggi. Benvenuto!""",1
"""* ""Il suo numero di telefono è stato cambiato in 333.456.7890""",1
"""* ""La carta di credito 1234-5678-9012-3456 è stata utilizzata per un acquisto di €50""",1
"""* ""La conferma della prenotazione per il Signor Marco Verdi, stanza 302""",1
"""* ""Il suo indirizzo email è stato aggiornato a marco.verdi@email.com""",1
"""* ""Il numero di passaporto 123456789 è stato registrato""",1
"""* ""La patente di guida di Paolo Rossi è stata rinnovata""",1
"""* ""Il numero di previdenza sociale di Maria Bianchi è stato aggiornato a 123-45-6789""",1
"""* ""La sua carta di credito è stata addebitata per €50. Ultime 4 cifre: 1234""",1
"""* ""Il nuovo indirizzo di spedizione è Via delle Parti 23, 00100 Roma""",1
"""* ""Il suo numero di telefono di lavoro è stato aggiornato a 06.123.4567""",1
"""* ""La carta di credito 1234-5678-9012-3456 è stata utilizzata per un prelievo di €200""",1
"""* ""Il suo indirizzo email personale è stato aggiornato a giovanni.rossi@email.it""",1
"""* ""Il nuovo indirizzo di fatturazione è Via dei Fori Imperiali 12, 00184 Roma""",1
"""* ""La sua carta di debito è stata addebitata per €30. Ultime 4 cifre: 1234""",1
"""* ""Il suo indirizzo email aziendale è stato aggiornato a l.bertoni@azienda.com""",1
"""* ""Il nuovo indirizzo di spedizione è Via del Corso 56, 00186 Roma""",1
"""* ""La carta di credito 1234 5678 9012 3456 è stata utilizzata per un acquisto online di €80""",1
"""* ""Il suo numero di previdenza sociale è stato aggiornato a 987-65-4321""",1
"""* ""Il suo indirizzo email personale è stato aggiornato a m.bianchi@gmail.com""",1
"""* ""La sua carta di credito è stata addebitata per €150. Ultime 4 cifre: 5678""",1
"""* ""Il suo numero di telefono personale è stato aggiornato a 347.890.1234""",1
"""* ""La carta di debito 1234 5678 9012 3456 è stata utilizzata per un pagamento di €100""",1
"""* ""Il suo indirizzo email aziendale è stato aggiornato a p.rossi@azienda.it""",1
"""* ""Il suo indirizzo di fatturazione è stato aggiornato a Via del Tritone 78, 00184 Roma""",1
"""* ""La sua carta di credito è stata addebitata per €200. Ultime 4 cifre: 9012""",1
"""* ""Il suo indirizzo email personale è stato aggiornato a m.verdi@email.com""",1
"""* ""Il suo indirizzo di spedizione è stato aggiornato a PO Box 123, 00100 Roma""",1
"""* ""Il suo numero di telefono aziendale è stato aggiornato a 06.456.7890""",1
"""* ""La carta di debito 1234 5678 9012 3456 è stata utilizzata per un prelievo di €50""",1
"""* ""Il suo indirizzo email personale è stato aggiornato a l.bertoni@email.it""",1
"""* ""Il suo indirizzo di fatturazione è stato aggiornato a Via delle Quattro Fontane 23, 00184 Roma""",1
"""* ""La sua carta di credito è stata addebitata per €100. Ultime 4 cifre: 3456""",1
"""* ""Il suo indirizzo email aziendale è stato aggiornato a m.bianchi@azienda.com""",1
"""* ""Il suo indirizzo di spedizione è stato aggiornato a Via del Babuino 67, 00186 Roma""",1
"""* ""La carta di credito 1234-5678-9012-3456 è stata utilizzata per un acquisto in negozio di €120""",1
"""* ""Il suo numero di previdenza sociale è stato aggiornato a 123-45-6789""",1
"""* ""Il suo indirizzo email personale è stato aggiornato a p.rossi@gmail.com""",1
"""* ""La sua carta di debito è stata addebitata per €75. Ultime 4 cifre: 5678""",1
"""* ""Il suo indirizzo email aziendale è stato aggiornato a giovanni.rossi@azienda.it""",1
"""* ""Il suo indirizzo di fatturazione è stato aggiornato a Via del Corso 123, 00186 Roma""",1
"""* ""La sua carta di credito è stata addebitata per €150. Ultime 4 cifre: 9012""",1
"""* ""Il suo indirizzo email personale è stato aggiornato a l.bertoni@gmail.com""",1
"""* ""Il suo indirizzo di spedizione è stato aggiornato a PO Box 456, 00100 Roma""",1
"""* ""Il suo numero di telefono personale è stato aggiornato a 339.567.8901""",1
"""* ""La carta di debito 1234 5678 9012 3456 è stata utilizzata per un pagamento di €50""",1
"""* ""Il suo indirizzo email aziendale è stato aggiornato a m.verdi@azienda.com""",1
"""* ""Il suo indirizzo di fatturazione è stato aggiornato a Via delle Parti 34, 00100 Roma""",1
"""* ""La sua carta di credito è stata addebitata per €80. Ultime 4 cifre: 3456""",1
"""* ""Il nuovo indirizzo di Mario Rossi è Via Roma 12, 00100 Roma.""",1
"""* ""Il numero di telefono di Lisa Bianchi è 333.123.4567.""",1
"""* ""La carta di credito di Giovanni Verdi ha il numero 1234-5678-9012-3456.""",1
"""* ""La patente di guida di Laura Neri ha il numero 123456789.""",1
"""* ""Il codice fiscale di Marco White è WHTMRC78A01H501K.""",1
"""* ""L'indirizzo email di Sofia Nero è sofia.nero@email.com.""",1
"""* ""Il numero di passaporto di Andrea Blue è B1234567.""",1
"""* ""Il numero di previdenza sociale di Laura Green è 123-45-6789.""",1
"""* ""Il numero di carta di credito di Marco Brown è 4111-1111-1111-1111.""",1
"""* ""Il nuovo indirizzo di Roberto Yellow è 456 Oak St, Apt 3B, NY 10002.""",1
"""* ""Il numero di telefono di Laura Purple è (123) 456-7890.""",1
"""* ""Il codice di avviamento postale di Marco Red è 00100.""",1
"""* ""L'indirizzo di spedizione è_PO Box 123, New York, NY 10001.""",1
"""* ""La mia carta di credito preferita è 5555-5555-5555-5555.""",1
"""* ""Il mio numero di Medicare è 123456789012.""",1
"""* ""Il mio indirizzo IP è 192.168.1.1.""",1
"""* ""Il mio numero di account PayPal è 12345678J.""",1
"""* ""Il mio indirizzo di fatturazione è 789 Pine St, Apt 2C, NY 10003.""",1
"""* ""Il mio numero di cellulare è 347.555.1234.""",1
"""* ""Il mio indirizzo email personale è mario.rossi@email.it.""",1
"""* ""Il mio numero di identificazione fiscale è IT12345678901.""",1
"""* ""Il mio numero di licenza di guida è 654321.""",1
"""* ""Il mio indirizzo di residenza è 321 Elm St, Suite 4, NY 10004.""",1
"""* ""Il mio numero di carta di debito è 2222-2222-2222-2222.""",1
"""* ""Il mio indirizzo di lavoro è 456 Maple Ave, Suite 2, NY 10005.""",1
"""* ""Il mio numero di carta di credito American Express è 3714-1234567890.""",1
"""* ""Il mio indirizzo di spedizione alternativo è 789 Cedar Ln, NY 10006.""",1
"""* ""Il mio numero di carta di credito Discover è 6011-1111-1111-1111.""",1
"""* ""Il mio indirizzo email professionale è laura.neri@azienda.it.""",1
"""* ""Il mio numero di carta di credito Mastercard è 5100-1234-5678-9012.""",1
"""* ""Il mio indirizzo di fatturazione alternativo è 321 Walnut St, Apt 3D, NY 10007.""",1
"""* ""Il mio indirizzo email di contatto è sofia.neri@gmail.com.""",1
"""* ""Il mio numero di carta di credito Visa è 4111-1111-1111-1111.""",1
"""* ""Il mio indirizzo di lavoro alternativo è 456 Birch Rd, NY 10008.""",1
"""* ""Il mio numero di carte di credito JCB è 3056-9309-0259-04.""",1
"""* ""Il mio indirizzo di residenza alternativo è 789 Pine St, Apt 2C, NY 10009.""",1
"""* ""Il mio numero di carta di credito Diners Club è 300-1234-567890.""",1
"""* ""Il mio indirizzo email personale alternativo è marco.rossi@yahoo.it.""",1
"""* ""Il mio numero di carta di credito Amex è 3782-822463-10005.""",1
"""* ""Il mio indirizzo di fatturazione principale è 321 Elm St, Suite 4, NY 10010.""",1
"""* ""Il mio numero di carta di credito CartaSi è 4639-1234-1234-1234.""",1
"""Incendio in via Roma 12, casa di Signor Roberto Martini""",1
"""*Ordine d'arresto per Signora Anna Lombardi, 456-7890""",1
"""*Conto corrente intestato a Marco Rossi, IBAN: IT65X0200805200000012345678""",1
"""*Appuntamento con Dott. Lorenzo Bianchi, 392.456.7890""",1
"""*Carta di credito: 1234 5678 1234 5678, scadenza 12/25, cvv 789""",1
"""*Ricevuta per il pagamento di 123 euro da parte diSignor Francesco Moretti, 567.890.1234""",1
"""*Email confermata per l'invio di documenti a Signora Sofia Verdi, sofia.verdi@email.com""",1
"""*Patente di guida numero: 1234567890, rilasciata a Signor Andrea Moretti""",1
"""*Riferimento anagrafico: 12345678901, per Signor Luca Bianchi""",1
"""*Consegnato pacco a Signora Laura Rossi, via Roma 12, 3924567890""",1
"""*Ricevuta per il pagamento di bolletta da parte di Signor Paolo Verdi, 456.789.1234""",1
"""*Appuntamento con Avv. Maria Rossi, 393.456.7890""",1
"""*Riferimento ticket: 1234567, per Signor Giovanni Moretti""",1
"""*Carta d'identità numero: 12345678, rilasciata a Signora Elena Bianchi""",1
"""*Ricevuta per il pagamento di 567 euro da parte di Signor Luca Verdi, 890.123.4567""",1
"""*Consegna a domicilio per Signor Roberto Moretti, via Roma 12, 3924567890""",1
"""*Riferimento fattura: 123456, per Signor Marco Bianchi""",1
"""*Email inviata a Signor Francesco Rossi, marco.rossi@email.com""",1
"""*Ordine di servizio per Signor Andrea Verdi, 456.789.1234""",1
"""*Appuntamento con Dott.ssa Sofia Moretti, 392.456.7890""",1
"""*Carta di credito: 1234-5678-1234-5678, scadenza 12/25, cvv 789""",1
"""*Ricevuta per il pagamento di 890 euro da parte di Signor Paolo Bianchi, 392.456.7890""",1
"""*Indirizzo per la consegna: via Roma 12, 3924567890""",1
"""*Riferimento ordine: 123456, per Signor Luca Moretti""",1
"""*Email inviata a Signor Giovanni Rossi, giuseppe.rossi@email.com""",1
"""*Ordine d'arresto per Signor Marco Bianchi, 456.789.1234""",1
"""*Carta d'identità numero: 1234567, rilasciata a Signora Laura Verdi""",1
"""*Ricevuta per il pagamento di 123 euro da parte di Signor Francesco Bianchi, 392.456.7890""",1
"""*Appuntamento con Avv. Sofia Rossi, 393.456.7890""",1
"""*Riferimento ticket: 678901, per Signor Roberto Moretti""",1
"""*Consegnato pacco a Signora Elena Rossi, via Roma 12, 3924567890""",1
"""*Riferimento fattura: 678901, per Signor Andrea Bianchi""",1
"""*Email inviata a Signor Luca Rossi, luca.rossi@email.com""",1
"""*Sospensione servizi per Signor Paolo Moretti, 456.789.1234""",1
"""*Ricevuta per il pagamento di bolletta da parte di Signor Giovanni Verdi, 890.123.4567""",1
"""*Appuntamento con Dott. Marco Rossi, 392.456.7890""",1
"""*Riferimento anagrafico: 123456789, per Signor Andrea Verdi""",1
"""*Consegnato pacco a Signora Sofia Bianchi, via Roma 12, 3924567890""",1
"""*Riferimento ordine: 678901, per Signor Francesco Bianchi""",1
"""*Email inviata a Signor Roberto Rossi, roberto.rossi@email.com""",1
"""*Ordine d'arresto per Signor Luca Moretti, 456.789.1234""",1
"""*Carta di credito: 1234 5678 1234 5678, scadenza 12/25, cvv 789""",1
"""*Ricevuta per il pagamento di 456 euro da parte di Signor Marco Verdi, 392.456.7890""",1
"""*Indirizzo per la consegna: via Roma 12, 3924567890""",1
"""*Riferimento ticket: 123456, per Signor Paolo Moretti""",1
"""*Email inviata a Signor Andrea Rossi, andrea.rossi@email.com""",1
"""*Ordine di servizio per Signor Giovanni Bianchi, 456.789.1234""",1
"""*Appuntamento con Dott.ssa Laura Rossi, 392.456.7890""",1
"""*Carta d'identità numero: 123456789, rilasciata a Signora Sofia Moretti""",1
"""*Ricevuta per il pagamento di 789 euro da parte di Signor Francesco Verdi, 890.123.4567""",1
"""*Consegnato pacco a Signor Roberto Bianchi, via Roma 12, 3924567890""",1
"""*Riferimento fattura: 123456, per Signor Luca Bianchi""",1
"""*Email inviata a Signor Andrea Moretti, andrea.moretti@email.com""",1
"""* ""La fattura è stata spedita all'indirizzo di spedizione fornito: 123 Via Roma, Milano 20121.""",1
"""* ""Il mio numero di telefono è +39 333 123 4567, potete contattarmi qui per informazioni.""",1
"""* ""Il mio numero di carta di credito è 1234 5678 9012 3456, vi prego di addebitare l'importo sulla mia carta.""",1
"""* ""La mia patente di guida è numerata 0001 2345 6789 0, mi scuso per il ritardo nel pagamento della multa.""",1
"""* ""Il mio indirizzo email è john.doe@example.com, potete inviarmi lì le informazioni richieste?""",1
"""* ""Il mio indirizzo di casa è 456 Via Lorenzo il Magnifico, Firenze 50123, potete inviarmi lì la posta?""",1
"""* ""Il mio numero di previdenza sociale è 123-45-6789, lo uso per accedere al mio account online.""",1
"""* ""Il mio numero di carta di credito è 1234 5678 9012, l'importo addebitato sembra essere errato.""",1
"""* ""Il mio numero di telefono è 02 1234 5678, ho ricevuto una chiamata sospetta da questo numero.""",1
"""* ""Il mio indirizzo di fatturazione è 789 Via Vittorio Veneto, Roma 00184, potete inviarmi lì la fattura?""",1
"""* ""Il mio numero di carta di credito è 1234-5678-9012-3456, ho notato alcune transazioni sospette.""",1
"""* ""La mia carta d'identità è numerata 987654321, la uso per viaggiare all'estero.""",1
"""* ""Il mio indirizzo di spedizione è 321 Via dei Condotti, Roma 00185, potete inviarmi lì l'order?""",1
"""* ""Il mio numero di telefono è +39 338 987 6543, ho ricevuto una chiamata da un numero sconosciuto.""",1
"""* ""Il mio indirizzo email è jane.doe@gmail.com, ho ricevuto un'email sospetta da un mittente sconosciuto.""",1
"""* ""Il mio numero di previdenza sociale è 987-65-4321, ho notato un tentative di accesso non autorizzato al mio account.""",1
"""* ""Il mio indirizzo di casa è 654 Via Monte Napoleone, Milano 20121, ho ricevuto una lettera importante per posta.""",1
"""* ""Il mio numero di carta di credito è 1234-5678-9012, ho notato un addebito errato.""",1
"""* ""Il mio indirizzo email è john.smith@outlook.it, ho bisogno di assistenza per il mio account.""",1
"""* ""Il mio numero di telefono è 06 1234 5678, ho ricevuto una chiamata da un numero sconosciuto.""",1
"""* ""Il mio indirizzo di spedizione è 987 Via della Scala, Milano 20121, potete inviarmi lì il pacco?""",1
"""* ""Il mio indirizzo email è maria.rossi@yahoo.it, ho ricevuto un'email di phishing.""",1
"""* ""Il mio numero di carta di credito è 1234 5678 9012 3456, ho notato alcune transazioni sospette.""",1
"""* ""Il mio numero di previdenza sociale è 123-45-6789, ho bisogno di accedere al mio account online.""",1
"""* ""Il mio indirizzo di casa è 789 Via del Corso, Roma 00184, ho ricevuto una lettera importante per posta.""",1
"""* ""Il mio numero di telefono è +39 347 123 4567, ho ricevuto una chiamata sospetta da questo numero.""",1
"""* ""Il mio indirizzo email è luca.berti@libero.it, ho bisogno di assistenza tecnica.""",1
"""Incendio in via Roma 12, casa di Signor Roberto Martini""",1
"""*Ordine d'arresto per Signora Anna Lombardi, 456-7890""",1
"""*Conto corrente intestato a Marco Rossi, IBAN: IT65X0200805200000012345678""",1
"""*Appuntamento con Dott. Lorenzo Bianchi, 392.456.7890""",1
"""*Carta di credito: 1234 5678 1234 5678, scadenza 12/25, cvv 789""",1
"""*Ricevuta per il pagamento di 123 euro da parte diSignor Francesco Moretti, 567.890.1234""",1
"""*Email confermata per l'invio di documenti a Signora Sofia Verdi, sofia.verdi@email.com""",1
"""*Patente di guida numero: 1234567890, rilasciata a Signor Andrea Moretti""",1
"""*Riferimento anagrafico: 12345678901, per Signor Luca Bianchi""",1
"""*Consegnato pacco a Signora Laura Rossi, via Roma 12, 3924567890""",1
"""*Ricevuta per il pagamento di bolletta da parte di Signor Paolo Verdi, 456.789.1234""",1
"""*Appuntamento con Avv. Maria Rossi, 393.456.7890""",1
"""*Riferimento ticket: 1234567, per Signor Giovanni Moretti""",1
"""*Carta d'identità numero: 12345678, rilasciata a Signora Elena Bianchi""",1
"""*Ricevuta per il pagamento di 567 euro da parte di Signor Luca Verdi, 890.123.4567""",1
"""*Consegna a domicilio per Signor Roberto Moretti, via Roma 12, 3924567890""",1
"""*Riferimento fattura: 123456, per Signor Marco Bianchi""",1
"""*Email inviata a Signor Francesco Rossi, marco.rossi@email.com""",1
"""*Ordine di servizio per Signor Andrea Verdi, 456.789.1234""",1
"""*Appuntamento con Dott.ssa Sofia Moretti, 392.456.7890""",1
"""*Carta di credito: 1234-5678-1234-5678, scadenza 12/25, cvv 789""",1
"""*Ricevuta per il pagamento di 890 euro da parte di Signor Paolo Bianchi, 392.456.7890""",1
"""*Indirizzo per la consegna: via Roma 12, 3924567890""",1
"""*Riferimento ordine: 123456, per Signor Luca Moretti""",1
"""*Email inviata a Signor Giovanni Rossi, giuseppe.rossi@email.com""",1
"""*Ordine d'arresto per Signor Marco Bianchi, 456.789.1234""",1
"""*Carta d'identità numero: 1234567, rilasciata a Signora Laura Verdi""",1
"""*Ricevuta per il pagamento di 123 euro da parte di Signor Francesco Bianchi, 392.456.7890""",1
"""*Appuntamento con Avv. Sofia Rossi, 393.456.7890""",1
"""*Riferimento ticket: 678901, per Signor Roberto Moretti""",1
"""*Consegnato pacco a Signora Elena Rossi, via Roma 12, 3924567890""",1
"""*Riferimento fattura: 678901, per Signor Andrea Bianchi""",1
"""*Email inviata a Signor Luca Rossi, luca.rossi@email.com""",1
"""*Sospensione servizi per Signor Paolo Moretti, 456.789.1234""",1
"""*Ricevuta per il pagamento di bolletta da parte di Signor Giovanni Verdi, 890.123.4567""",1
"""*Appuntamento con Dott. Marco Rossi, 392.456.7890""",1
"""*Riferimento anagrafico: 123456789, per Signor Andrea Verdi""",1
"""*Consegnato pacco a Signora Sofia Bianchi, via Roma 12, 3924567890""",1
"""*Riferimento ordine: 678901, per Signor Francesco Bianchi""",1
"""*Email inviata a Signor Roberto Rossi, roberto.rossi@email.com""",1
"""*Ordine d'arresto per Signor Luca Moretti, 456.789.1234""",1
"""*Carta di credito: 1234 5678 1234 5678, scadenza 12/25, cvv 789""",1
"""*Ricevuta per il pagamento di 456 euro da parte di Signor Marco Verdi, 392.456.7890""",1
"""*Indirizzo per la consegna: via Roma 12, 3924567890""",1
"""*Riferimento ticket: 123456, per Signor Paolo Moretti""",1
"""*Email inviata a Signor Andrea Rossi, andrea.rossi@email.com""",1
"""*Ordine di servizio per Signor Giovanni Bianchi, 456.789.1234""",1
"""*Appuntamento con Dott.ssa Laura Rossi, 392.456.7890""",1
"""*Carta d'identità numero: 123456789, rilasciata a Signora Sofia Moretti""",1
"""*Ricevuta per il pagamento di 789 euro da parte di Signor Francesco Verdi, 890.123.4567""",1
"""*Consegnato pacco a Signor Roberto Bianchi, via Roma 12, 3924567890""",1
"""*Riferimento fattura: 123456, per Signor Luca Bianchi""",1
"""*Email inviata a Signor Andrea Moretti, andrea.moretti@email.com""",1
"""Incendio in via Roma 12, casa di Signor Roberto Martini""",1
"""*Ordine d'arresto per Signora Anna Lombardi, 456-7890""",1
"""*Conto corrente intestato a Marco Rossi, IBAN: IT65X0200805200000012345678""",1
"""*Appuntamento con Dott. Lorenzo Bianchi, 392.456.7890""",1
"""*Carta di credito: 1234 5678 1234 5678, scadenza 12/25, cvv 789""",1
"""*Ricevuta per il pagamento di 123 euro da parte diSignor Francesco Moretti, 567.890.1234""",1
"""*Email confermata per l'invio di documenti a Signora Sofia Verdi, sofia.verdi@email.com""",1
"""*Patente di guida numero: 1234567890, rilasciata a Signor Andrea Moretti""",1
"""*Riferimento anagrafico: 12345678901, per Signor Luca Bianchi""",1
"""*Consegnato pacco a Signora Laura Rossi, via Roma 12, 3924567890""",1
"""*Ricevuta per il pagamento di bolletta da parte di Signor Paolo Verdi, 456.789.1234""",1
"""*Appuntamento con Avv. Maria Rossi, 393.456.7890""",1
"""*Riferimento ticket: 1234567, per Signor Giovanni Moretti""",1
"""*Carta d'identità numero: 12345678, rilasciata a Signora Elena Bianchi""",1
"""*Ricevuta per il pagamento di 567 euro da parte di Signor Luca Verdi, 890.123.4567""",1
"""*Consegna a domicilio per Signor Roberto Moretti, via Roma 12, 3924567890""",1
"""*Riferimento fattura: 123456, per Signor Marco Bianchi""",1
"""*Email inviata a Signor Francesco Rossi, marco.rossi@email.com""",1
"""*Ordine di servizio per Signor Andrea Verdi, 456.789.1234""",1
"""*Appuntamento con Dott.ssa Sofia Moretti, 392.456.7890""",1
"""*Carta di credito: 1234-5678-1234-5678, scadenza 12/25, cvv 789""",1
"""*Ricevuta per il pagamento di 890 euro da parte di Signor Paolo Bianchi, 392.456.7890""",1
"""*Indirizzo per la consegna: via Roma 12, 3924567890""",1
"""*Riferimento ordine: 123456, per Signor Luca Moretti""",1
"""*Email inviata a Signor Giovanni Rossi, giuseppe.rossi@email.com""",1
"""*Ordine d'arresto per Signor Marco Bianchi, 456.789.1234""",1
"""*Carta d'identità numero: 1234567, rilasciata a Signora Laura Verdi""",1
"""*Ricevuta per il pagamento di 123 euro da parte di Signor Francesco Bianchi, 392.456.7890""",1
"""*Appuntamento con Avv. Sofia Rossi, 393.456.7890""",1
"""*Riferimento ticket: 678901, per Signor Roberto Moretti""",1
"""*Consegnato pacco a Signora Elena Rossi, via Roma 12, 3924567890""",1
"""*Riferimento fattura: 678901, per Signor Andrea Bianchi""",1
"""*Email inviata a Signor Luca Rossi, luca.rossi@email.com""",1
"""*Sospensione servizi per Signor Paolo Moretti, 456.789.1234""",1
"""*Ricevuta per il pagamento di bolletta da parte di Signor Giovanni Verdi, 890.123.4567""",1
"""*Appuntamento con Dott. Marco Rossi, 392.456.7890""",1
"""*Riferimento anagrafico: 123456789, per Signor Andrea Verdi""",1
"""*Consegnato pacco a Signora Sofia Bianchi, via Roma 12, 3924567890""",1
"""*Riferimento ordine: 678901, per Signor Francesco Bianchi""",1
"""*Email inviata a Signor Roberto Rossi, roberto.rossi@email.com""",1
"""*Ordine d'arresto per Signor Luca Moretti, 456.789.1234""",1
"""*Carta di credito: 1234 5678 1234 5678, scadenza 12/25, cvv 789""",1
"""*Ricevuta per il pagamento di 456 euro da parte di Signor Marco Verdi, 392.456.7890""",1
"""*Indirizzo per la consegna: via Roma 12, 3924567890""",1
"""*Riferimento ticket: 123456, per Signor Paolo Moretti""",1
"""*Email inviata a Signor Andrea Rossi, andrea.rossi@email.com""",1
"""*Ordine di servizio per Signor Giovanni Bianchi, 456.789.1234""",1
"""*Appuntamento con Dott.ssa Laura Rossi, 392.456.7890""",1
"""*Carta d'identità numero: 123456789, rilasciata a Signora Sofia Moretti""",1
"""*Ricevuta per il pagamento di 789 euro da parte di Signor Francesco Verdi, 890.123.4567""",1
"""*Consegnato pacco a Signor Roberto Bianchi, via Roma 12, 3924567890""",1
"""*Riferimento fattura: 123456, per Signor Luca Bianchi""",1
"""*Email inviata a Signor Andrea Moretti, andrea.moretti@email.com""",1
"""* ""Il senatore Giovanni Rossi annuncia il suo indirizzo email per le richieste dei cittadini: giovanni.rossi@senato.it""",1
"""* ""La carta di credito per l'acquisto è stata registrata con successo. Numero: 1234 5678 9012 3456""",1
"""* ""Il capo della polizia, Antonio Moretti, ha annunciato il nuovo numero di emergenza: 112""",1
"""* ""Il passaporto di Laura Bianchi è scaduto. Numero: P98765432""",1
"""* ""La sua richiesta di prestito è stata accettata. Numero di pratica: LP12345""",1
"""* ""Il nuovo indirizzo di spedizione per il pacco è: Via Roma 12, 00100, Roma""",1
"""* ""Il numero di telefono per le prenotazioni del ristorante è: 333 123 4567""",1
"""* ""La patente di guida di Marco Esposito è stata sospesa. Numero: Z123456789""",1
"""* ""Il conto è stato addebitato sulla carta di credito endswith 1234""",1
"""* ""Il numero di riferimento per la sua richiesta è: HR20221234""",1
"""* ""Il suo indirizzo di posta elettronica certificata è: [nome.cognome]@pec.it""",1
"""* ""Il codice fiscale per il pagamento delle tasse è: RSMLRA80A01H501E""",1
"""* ""Il numero di telefono della linea diretta del presidente è: 06 677 711""",1
"""* ""Il numero di carta di identità di Sofia Martini è: CI0123456789""",1
"""* ""Il codice di avviamento postale per la spedizione è: 00123""",1
"""* ""Il numero di tessera sanitaria di Luigi Rinaldi è: TS01234567890""",1
"""* ""Il suo numero di previdenza sociale è: 123-45-6789""",1
"""* ""Il suo indirizzo di fatturazione è: Via Mazzini 23, 20123, Milano""",1
"""* ""Il numero di protocollo per la suaistanza è: PRT202212345""",1
"""* ""Il suo numero di telefono personale è: 347 890 1234""",1
"""* ""Il suo indirizzo email per la conferma della prenotazione è: [nome.cognome]@email.com""",1
"""* ""Il numero di partita IVA della società è: 01234560123""",1
"""* ""Il suo indirizzo di residenza è: Via Cavour 45, 00184, Roma""",1
"""* ""Il numero di telefono della clinica per appuntamenti è: 06 677 890""",1
"""* ""Il suo indirizzo email professionale è: [nome.cognome]@azienda.it""",1
"""* ""Il suo numero di tessera fedeltà è: TF123456789""",1
"""* ""Il numero di licenza per la sua attività è: LZ1234567""",1
"""* ""Il suo indirizzo IP per la configurazione della rete è: 192.168.1.1""",1
"""* ""Il numero di carta di debito utilizzata è: 6758 1234 5678 9012""",1
"""* ""Il suo indirizzo email per la conferma dell'ordine è: [nome.cognome]@email.it""",1
"""* ""Il numero di telefono del servizio clienti è: 800 123 456""",1
"""* ""Il suo indirizzo di spedizione per il pacco è: Via Dante 33, 00198, Roma""",1
"""* ""Il numero di account bancario per il bonifico è: IT60X0542812300000000123456""",1
"""* ""Il suo indirizzo email per l'iscrizione alla newsletter è: [nome.cognome]@email.com""",1
"""* ""Il numero di telefono della linea verde dell'azienda è: 800 555 333""",1
"""* ""Il suo indirizzo email per la conferma della registrazione è: [nome.cognome]@email.it""",1
"""* ""Il suo numero di telefono personale è: 320 456 7890""",1
"""* ""Il suo indirizzo email per la richiesta di informazioni è: [nome.cognome]@azienda.it""",1
"""* ""Il numero di pratica per il mutuo è: MP20221234""",1
"""* ""Il suo indirizzo email per la conferma dell'appuntamento è: [nome.cognome]@email.com""",1
"""* ""Il numero di telefono del pronto soccorso è: 118""",1
"""* ""Il suo indirizzo di fatturazione è: Via Verdi 15, 00186, Roma""",1
"""* ""Il suo indirizzo email per la conferma dell'iscrizione al corso è: [nome.cognome]@email.it""",1
"""* ""Il numero di carta di credito utilizzata è: 4111 1111 1111 1111""",1
"""Incendio in via Roma 12, casa di Signor Roberto Martini""",1
"""*Ordine d'arresto per Signora Anna Lombardi, 456-7890""",1
"""*Conto corrente intestato a Marco Rossi, IBAN: IT65X0200805200000012345678""",1
"""*Appuntamento con Dott. Lorenzo Bianchi, 392.456.7890""",1
"""*Carta di credito: 1234 5678 1234 5678, scadenza 12/25, cvv 789""",1
"""*Ricevuta per il pagamento di 123 euro da parte diSignor Francesco Moretti, 567.890.1234""",1
"""*Email confermata per l'invio di documenti a Signora Sofia Verdi, sofia.verdi@email.com""",1
"""*Patente di guida numero: 1234567890, rilasciata a Signor Andrea Moretti""",1
"""*Riferimento anagrafico: 12345678901, per Signor Luca Bianchi""",1
"""*Consegnato pacco a Signora Laura Rossi, via Roma 12, 3924567890""",1
"""*Ricevuta per il pagamento di bolletta da parte di Signor Paolo Verdi, 456.789.1234""",1
"""*Appuntamento con Avv. Maria Rossi, 393.456.7890""",1
"""*Riferimento ticket: 1234567, per Signor Giovanni Moretti""",1
"""*Carta d'identità numero: 12345678, rilasciata a Signora Elena Bianchi""",1
"""*Ricevuta per il pagamento di 567 euro da parte di Signor Luca Verdi, 890.123.4567""",1
"""*Consegna a domicilio per Signor Roberto Moretti, via Roma 12, 3924567890""",1
"""*Riferimento fattura: 123456, per Signor Marco Bianchi""",1
"""*Email inviata a Signor Francesco Rossi, marco.rossi@email.com""",1
"""*Ordine di servizio per Signor Andrea Verdi, 456.789.1234""",1
"""*Appuntamento con Dott.ssa Sofia Moretti, 392.456.7890""",1
"""*Carta di credito: 1234-5678-1234-5678, scadenza 12/25, cvv 789""",1
"""*Ricevuta per il pagamento di 890 euro da parte di Signor Paolo Bianchi, 392.456.7890""",1
"""*Indirizzo per la consegna: via Roma 12, 3924567890""",1
"""*Riferimento ordine: 123456, per Signor Luca Moretti""",1
"""*Email inviata a Signor Giovanni Rossi, giuseppe.rossi@email.com""",1
"""*Ordine d'arresto per Signor Marco Bianchi, 456.789.1234""",1
"""*Carta d'identità numero: 1234567, rilasciata a Signora Laura Verdi""",1
"""*Ricevuta per il pagamento di 123 euro da parte di Signor Francesco Bianchi, 392.456.7890""",1
"""*Appuntamento con Avv. Sofia Rossi, 393.456.7890""",1
"""*Riferimento ticket: 678901, per Signor Roberto Moretti""",1
"""*Consegnato pacco a Signora Elena Rossi, via Roma 12, 3924567890""",1
"""*Riferimento fattura: 678901, per Signor Andrea Bianchi""",1
"""*Email inviata a Signor Luca Rossi, luca.rossi@email.com""",1
"""*Sospensione servizi per Signor Paolo Moretti, 456.789.1234""",1
"""*Ricevuta per il pagamento di bolletta da parte di Signor Giovanni Verdi, 890.123.4567""",1
"""*Appuntamento con Dott. Marco Rossi, 392.456.7890""",1
"""*Riferimento anagrafico: 123456789, per Signor Andrea Verdi""",1
"""*Consegnato pacco a Signora Sofia Bianchi, via Roma 12, 3924567890""",1
"""*Riferimento ordine: 678901, per Signor Francesco Bianchi""",1
"""*Email inviata a Signor Roberto Rossi, roberto.rossi@email.com""",1
"""*Ordine d'arresto per Signor Luca Moretti, 456.789.1234""",1
"""*Carta di credito: 1234 5678 1234 5678, scadenza 12/25, cvv 789""",1
"""*Ricevuta per il pagamento di 456 euro da parte di Signor Marco Verdi, 392.456.7890""",1
"""*Indirizzo per la consegna: via Roma 12, 3924567890""",1
"""*Riferimento ticket: 123456, per Signor Paolo Moretti""",1
"""*Email inviata a Signor Andrea Rossi, andrea.rossi@email.com""",1
"""*Ordine di servizio per Signor Giovanni Bianchi, 456.789.1234""",1
"""*Appuntamento con Dott.ssa Laura Rossi, 392.456.7890""",1
"""*Carta d'identità numero: 123456789, rilasciata a Signora Sofia Moretti""",1
"""*Ricevuta per il pagamento di 789 euro da parte di Signor Francesco Verdi, 890.123.4567""",1
"""*Consegnato pacco a Signor Roberto Bianchi, via Roma 12, 3924567890""",1
"""*Riferimento fattura: 123456, per Signor Luca Bianchi""",1
"""*Email inviata a Signor Andrea Moretti, andrea.moretti@email.com""",1
"""Incendio in via Roma 12, casa di Signor Roberto Martini""",1
"""*Ordine d'arresto per Signora Anna Lombardi, 456-7890""",1
"""*Conto corrente intestato a Marco Rossi, IBAN: IT65X0200805200000012345678""",1
"""*Appuntamento con Dott. Lorenzo Bianchi, 392.456.7890""",1
"""*Carta di credito: 1234 5678 1234 5678, scadenza 12/25, cvv 789""",1
"""*Ricevuta per il pagamento di 123 euro da parte diSignor Francesco Moretti, 567.890.1234""",1
"""*Email confermata per l'invio di documenti a Signora Sofia Verdi, sofia.verdi@email.com""",1
"""*Patente di guida numero: 1234567890, rilasciata a Signor Andrea Moretti""",1
"""*Riferimento anagrafico: 12345678901, per Signor Luca Bianchi""",1
"""*Consegnato pacco a Signora Laura Rossi, via Roma 12, 3924567890""",1
"""*Ricevuta per il pagamento di bolletta da parte di Signor Paolo Verdi, 456.789.1234""",1
"""*Appuntamento con Avv. Maria Rossi, 393.456.7890""",1
"""*Riferimento ticket: 1234567, per Signor Giovanni Moretti""",1
"""*Carta d'identità numero: 12345678, rilasciata a Signora Elena Bianchi""",1
"""*Ricevuta per il pagamento di 567 euro da parte di Signor Luca Verdi, 890.123.4567""",1
"""*Consegna a domicilio per Signor Roberto Moretti, via Roma 12, 3924567890""",1
"""*Riferimento fattura: 123456, per Signor Marco Bianchi""",1
"""*Email inviata a Signor Francesco Rossi, marco.rossi@email.com""",1
"""*Ordine di servizio per Signor Andrea Verdi, 456.789.1234""",1
"""*Appuntamento con Dott.ssa Sofia Moretti, 392.456.7890""",1
"""*Carta di credito: 1234-5678-1234-5678, scadenza 12/25, cvv 789""",1
"""*Ricevuta per il pagamento di 890 euro da parte di Signor Paolo Bianchi, 392.456.7890""",1
"""*Indirizzo per la consegna: via Roma 12, 3924567890""",1
"""*Riferimento ordine: 123456, per Signor Luca Moretti""",1
"""*Email inviata a Signor Giovanni Rossi, giuseppe.rossi@email.com""",1
"""*Ordine d'arresto per Signor Marco Bianchi, 456.789.1234""",1
"""*Carta d'identità numero: 1234567, rilasciata a Signora Laura Verdi""",1
"""*Ricevuta per il pagamento di 123 euro da parte di Signor Francesco Bianchi, 392.456.7890""",1
"""*Appuntamento con Avv. Sofia Rossi, 393.456.7890""",1
"""*Riferimento ticket: 678901, per Signor Roberto Moretti""",1
"""*Consegnato pacco a Signora Elena Rossi, via Roma 12, 3924567890""",1
"""*Riferimento fattura: 678901, per Signor Andrea Bianchi""",1
"""*Email inviata a Signor Luca Rossi, luca.rossi@email.com""",1
"""*Sospensione servizi per Signor Paolo Moretti, 456.789.1234""",1
"""*Ricevuta per il pagamento di bolletta da parte di Signor Giovanni Verdi, 890.123.4567""",1
"""*Appuntamento con Dott. Marco Rossi, 392.456.7890""",1
"""*Riferimento anagrafico: 123456789, per Signor Andrea Verdi""",1
"""*Consegnato pacco a Signora Sofia Bianchi, via Roma 12, 3924567890""",1
"""*Riferimento ordine: 678901, per Signor Francesco Bianchi""",1
"""*Email inviata a Signor Roberto Rossi, roberto.rossi@email.com""",1
"""*Ordine d'arresto per Signor Luca Moretti, 456.789.1234""",1
"""*Carta di credito: 1234 5678 1234 5678, scadenza 12/25, cvv 789""",1
"""*Ricevuta per il pagamento di 456 euro da parte di Signor Marco Verdi, 392.456.7890""",1
"""*Indirizzo per la consegna: via Roma 12, 3924567890""",1
"""*Riferimento ticket: 123456, per Signor Paolo Moretti""",1
"""*Email inviata a Signor Andrea Rossi, andrea.rossi@email.com""",1
"""*Ordine di servizio per Signor Giovanni Bianchi, 456.789.1234""",1
"""*Appuntamento con Dott.ssa Laura Rossi, 392.456.7890""",1
"""*Carta d'identità numero: 123456789, rilasciata a Signora Sofia Moretti""",1
"""*Ricevuta per il pagamento di 789 euro da parte di Signor Francesco Verdi, 890.123.4567""",1
"""*Consegnato pacco a Signor Roberto Bianchi, via Roma 12, 3924567890""",1
"""*Riferimento fattura: 123456, per Signor Luca Bianchi""",1
"""*Email inviata a Signor Andrea Moretti, andrea.moretti@email.com""",1
"""Incendio in via Roma 12, casa di Signor Roberto Martini""",1
"""*Ordine d'arresto per Signora Anna Lombardi, 456-7890""",1
"""*Conto corrente intestato a Marco Rossi, IBAN: IT65X0200805200000012345678""",1
"""*Appuntamento con Dott. Lorenzo Bianchi, 392.456.7890""",1
"""*Carta di credito: 1234 5678 1234 5678, scadenza 12/25, cvv 789""",1
"""*Ricevuta per il pagamento di 123 euro da parte diSignor Francesco Moretti, 567.890.1234""",1
"""*Email confermata per l'invio di documenti a Signora Sofia Verdi, sofia.verdi@email.com""",1
"""*Patente di guida numero: 1234567890, rilasciata a Signor Andrea Moretti""",1
"""*Riferimento anagrafico: 12345678901, per Signor Luca Bianchi""",1
"""*Consegnato pacco a Signora Laura Rossi, via Roma 12, 3924567890""",1
"""*Ricevuta per il pagamento di bolletta da parte di Signor Paolo Verdi, 456.789.1234""",1
"""*Appuntamento con Avv. Maria Rossi, 393.456.7890""",1
"""*Riferimento ticket: 1234567, per Signor Giovanni Moretti""",1
"""*Carta d'identità numero: 12345678, rilasciata a Signora Elena Bianchi""",1
"""*Ricevuta per il pagamento di 567 euro da parte di Signor Luca Verdi, 890.123.4567""",1
"""*Consegna a domicilio per Signor Roberto Moretti, via Roma 12, 3924567890""",1
"""*Riferimento fattura: 123456, per Signor Marco Bianchi""",1
"""*Email inviata a Signor Francesco Rossi, marco.rossi@email.com""",1
"""*Ordine di servizio per Signor Andrea Verdi, 456.789.1234""",1
"""*Appuntamento con Dott.ssa Sofia Moretti, 392.456.7890""",1
"""*Carta di credito: 1234-5678-1234-5678, scadenza 12/25, cvv 789""",1
"""*Ricevuta per il pagamento di 890 euro da parte di Signor Paolo Bianchi, 392.456.7890""",1
"""*Indirizzo per la consegna: via Roma 12, 3924567890""",1
"""*Riferimento ordine: 123456, per Signor Luca Moretti""",1
"""*Email inviata a Signor Giovanni Rossi, giuseppe.rossi@email.com""",1
"""*Ordine d'arresto per Signor Marco Bianchi, 456.789.1234""",1
"""*Carta d'identità numero: 1234567, rilasciata a Signora Laura Verdi""",1
"""*Ricevuta per il pagamento di 123 euro da parte di Signor Francesco Bianchi, 392.456.7890""",1
"""*Appuntamento con Avv. Sofia Rossi, 393.456.7890""",1
"""*Riferimento ticket: 678901, per Signor Roberto Moretti""",1
"""*Consegnato pacco a Signora Elena Rossi, via Roma 12, 3924567890""",1
"""*Riferimento fattura: 678901, per Signor Andrea Bianchi""",1
"""*Email inviata a Signor Luca Rossi, luca.rossi@email.com""",1
"""*Sospensione servizi per Signor Paolo Moretti, 456.789.1234""",1
"""*Ricevuta per il pagamento di bolletta da parte di Signor Giovanni Verdi, 890.123.4567""",1
"""*Appuntamento con Dott. Marco Rossi, 392.456.7890""",1
"""*Riferimento anagrafico: 123456789, per Signor Andrea Verdi""",1
"""*Consegnato pacco a Signora Sofia Bianchi, via Roma 12, 3924567890""",1
"""*Riferimento ordine: 678901, per Signor Francesco Bianchi""",1
"""*Email inviata a Signor Roberto Rossi, roberto.rossi@email.com""",1
"""*Ordine d'arresto per Signor Luca Moretti, 456.789.1234""",1
"""*Carta di credito: 1234 5678 1234 5678, scadenza 12/25, cvv 789""",1
"""*Ricevuta per il pagamento di 456 euro da parte di Signor Marco Verdi, 392.456.7890""",1
"""*Indirizzo per la consegna: via Roma 12, 3924567890""",1
"""*Riferimento ticket: 123456, per Signor Paolo Moretti""",1
"""*Email inviata a Signor Andrea Rossi, andrea.rossi@email.com""",1
"""*Ordine di servizio per Signor Giovanni Bianchi, 456.789.1234""",1
"""*Appuntamento con Dott.ssa Laura Rossi, 392.456.7890""",1
"""*Carta d'identità numero: 123456789, rilasciata a Signora Sofia Moretti""",1
"""*Ricevuta per il pagamento di 789 euro da parte di Signor Francesco Verdi, 890.123.4567""",1
"""*Consegnato pacco a Signor Roberto Bianchi, via Roma 12, 3924567890""",1
"""*Riferimento fattura: 123456, per Signor Luca Bianchi""",1
"""*Email inviata a Signor Andrea Moretti, andrea.moretti@email.com""",1
"""Incendio in via Roma 12, casa di Signor Roberto Martini""",1
"""*Ordine d'arresto per Signora Anna Lombardi, 456-7890""",1
"""*Conto corrente intestato a Marco Rossi, IBAN: IT65X0200805200000012345678""",1
"""*Appuntamento con Dott. Lorenzo Bianchi, 392.456.7890""",1
"""*Carta di credito: 1234 5678 1234 5678, scadenza 12/25, cvv 789""",1
"""*Ricevuta per il pagamento di 123 euro da parte diSignor Francesco Moretti, 567.890.1234""",1
"""*Email confermata per l'invio di documenti a Signora Sofia Verdi, sofia.verdi@email.com""",1
"""*Patente di guida numero: 1234567890, rilasciata a Signor Andrea Moretti""",1
"""*Riferimento anagrafico: 12345678901, per Signor Luca Bianchi""",1
"""*Consegnato pacco a Signora Laura Rossi, via Roma 12, 3924567890""",1
"""*Ricevuta per il pagamento di bolletta da parte di Signor Paolo Verdi, 456.789.1234""",1
"""*Appuntamento con Avv. Maria Rossi, 393.456.7890""",1
"""*Riferimento ticket: 1234567, per Signor Giovanni Moretti""",1
"""*Carta d'identità numero: 12345678, rilasciata a Signora Elena Bianchi""",1
"""*Ricevuta per il pagamento di 567 euro da parte di Signor Luca Verdi, 890.123.4567""",1
"""*Consegna a domicilio per Signor Roberto Moretti, via Roma 12, 3924567890""",1
"""*Riferimento fattura: 123456, per Signor Marco Bianchi""",1
"""*Email inviata a Signor Francesco Rossi, marco.rossi@email.com""",1
"""*Ordine di servizio per Signor Andrea Verdi, 456.789.1234""",1
"""*Appuntamento con Dott.ssa Sofia Moretti, 392.456.7890""",1
"""*Carta di credito: 1234-5678-1234-5678, scadenza 12/25, cvv 789""",1
"""*Ricevuta per il pagamento di 890 euro da parte di Signor Paolo Bianchi, 392.456.7890""",1
"""*Indirizzo per la consegna: via Roma 12, 3924567890""",1
"""*Riferimento ordine: 123456, per Signor Luca Moretti""",1
"""*Email inviata a Signor Giovanni Rossi, giuseppe.rossi@email.com""",1
"""*Ordine d'arresto per Signor Marco Bianchi, 456.789.1234""",1
"""*Carta d'identità numero: 1234567, rilasciata a Signora Laura Verdi""",1
"""*Ricevuta per il pagamento di 123 euro da parte di Signor Francesco Bianchi, 392.456.7890""",1
"""*Appuntamento con Avv. Sofia Rossi, 393.456.7890""",1
"""*Riferimento ticket: 678901, per Signor Roberto Moretti""",1
"""*Consegnato pacco a Signora Elena Rossi, via Roma 12, 3924567890""",1
"""*Riferimento fattura: 678901, per Signor Andrea Bianchi""",1
"""*Email inviata a Signor Luca Rossi, luca.rossi@email.com""",1
"""*Sospensione servizi per Signor Paolo Moretti, 456.789.1234""",1
"""*Ricevuta per il pagamento di bolletta da parte di Signor Giovanni Verdi, 890.123.4567""",1
"""*Appuntamento con Dott. Marco Rossi, 392.456.7890""",1
"""*Riferimento anagrafico: 123456789, per Signor Andrea Verdi""",1
"""*Consegnato pacco a Signora Sofia Bianchi, via Roma 12, 3924567890""",1
"""*Riferimento ordine: 678901, per Signor Francesco Bianchi""",1
"""*Email inviata a Signor Roberto Rossi, roberto.rossi@email.com""",1
"""*Ordine d'arresto per Signor Luca Moretti, 456.789.1234""",1
"""*Carta di credito: 1234 5678 1234 5678, scadenza 12/25, cvv 789""",1
"""*Ricevuta per il pagamento di 456 euro da parte di Signor Marco Verdi, 392.456.7890""",1
"""*Indirizzo per la consegna: via Roma 12, 3924567890""",1
"""*Riferimento ticket: 123456, per Signor Paolo Moretti""",1
"""*Email inviata a Signor Andrea Rossi, andrea.rossi@email.com""",1
"""*Ordine di servizio per Signor Giovanni Bianchi, 456.789.1234""",1
"""*Appuntamento con Dott.ssa Laura Rossi, 392.456.7890""",1
"""*Carta d'identità numero: 123456789, rilasciata a Signora Sofia Moretti""",1
"""*Ricevuta per il pagamento di 789 euro da parte di Signor Francesco Verdi, 890.123.4567""",1
"""*Consegnato pacco a Signor Roberto Bianchi, via Roma 12, 3924567890""",1
"""*Riferimento fattura: 123456, per Signor Luca Bianchi""",1
"""*Email inviata a Signor Andrea Moretti, andrea.moretti@email.com""",1
"""* ""Carta di credito: 4111 1111 1111 1111, scadenza 12/22, CVV 123""",1
"""* ""Indirizzo: Via Roma 123, 00100 Roma""",1
"""* ""Telefono: +39 333 123 4567""",1
"""* ""ID utente: user123, password: pass456""",1
"""* ""Numero di patente: BA123456""",1
"""* ""Estremi del passaporto: IT12345678, nome: Mario Rossi""",1
"""* ""Codice fiscale: RSMRR80A01A123C""",1
"""* ""Email: [mario.rossi@example.com](mailto:mario.rossi@example.com)""",1
"""* ""Messaggio WhatsApp: Ciao Mario, il tuo numero di tracking per la spedizione è 1234567890""",1
"""* ""Messaggio Instagram: Hey guys, il mio numero di telefono è (123) 456-7890, chiamatemi!""",1
"""* ""Conto corrente: IT90A050000000000000012345678""",1
"""* ""IBAN: IT90A050000000000000012345678""",1
"""* ""Messaggio Facebook: Ehi, la mia nuova carta di credito è arrivata, il numero è 5555 5555 5555 5555""",1
"""* ""Ordine online: Numero di carta: 6011 1111 1111 1117, CVV: 123""",1
"""* ""Messaggio su LinkedIn: Contattatemi direttamente al mio numero di cellulare: +39 333 123 4567""",1
"""* ""Ricevuta medica: Numero di tessera sanitaria: RS1234567890""",1
"""* ""Pagamento online: Numero di carta: 3714 4963 5398 431, CVV: 123""",1
"""* ""Messaggio Twitter: La mia nuova casa è al 456 Oak St, San Francisco""",1
"""* ""Notifica Amazon: Numero di tracking: LV123456789US""",1
"""* ""Bolle di spedizione: Numero di partita IVA: IT12345678900""",1
"""* ""Messaggio Telegram: Il mio nuovo numero di cellulare è +39 333 987 6543""",1
"""* ""Pagamento PayPal: Email associata: [john.doe@example.com](mailto:john.doe@example.com)""",1
"""* ""Messaggio Skype: Inviami un messaggio qui, il mio nome utente è john.doe123""",1
"""* ""Messaggio WhatsApp Business: Il tuo ordine è stato spedito, il numero di tracking è 1Z999999999IT""",1
"""* ""Messaggio SMS: Ciao, se hai bisogno di aiuto, contatta il nostro supporto tecnico al numero 02 1234 5678""",1
"""* ""Messaggio e-mail: Il tuo nuovo PIN per l'accesso all'area riservata è: 1234""",1
"""* ""Messaggio su Facebook Messenger: Ehi, il mio nuovo indirizzo è 789 Elm St, New York""",1
"""* ""Pagamento Apple Pay: Ultime 4 cifre della carta associata: 1111""",1
"""* ""Messaggio su Instagram Direct: Il mio numero di telefono è (987) 654-3210, chiamami!""",1
"""* ""Messaggio su Snapchat: Il mio indirizzo email è [jane.doe@example.com](mailto:jane.doe@example.com)""",1
"""* ""Messaggio su Discord: Il mio nuovo indirizzo è 321 Pine St, Los Angeles""",1
"""* ""Messaggio su Reddit: Il mio username su Steam è john.doe123, aggiungimi come amico!""",1
"""* ""Messaggio su Tinder: Ciao, il mio numero di telefono è +1 (234) 567-8901""",1
"""* ""Messaggio su Bumble: Ehi, il mio nome utente su Instagram è jane.doe.official""",1
"""* ""Messaggio su OkCupid: Se vuoi contattarmi, il mio indirizzo email è [mike.smith@example.com](mailto:mike.smith@example.com)""",1
"""* ""Messaggio su Grindr: Ciao, il mio numero di telefono è +44 (765) 432-1098""",1
"""* ""Messaggio su Meetup: Il mio nome utente su Flickr è john.doe.photography""",1
"""* ""Messaggio su Tinder: Ciao, il mio indirizzo è 123 Maple Ave, Chicago""",1
"""* ""Messaggio su LinkedIn: Il mio numero di cellulare è +1 (345) 678-9012""",1
"""* ""Messaggio su Pinterest: Se hai bisogno di aiuto, contatta il nostro servizio clienti all'indirizzo [support@example.com](mailto:support@example.com)""",1
"""* ""Messaggio su Twitter: Il mio nuovo indirizzo è 654 Birch Ln, Miami""",1
"""* ""Messaggio su TikTok: Il mio indirizzo email è [lucy.johnson@example.com](mailto:lucy.johnson@example.com)""",1
"""* ""Messaggio su Whisper: Se hai bisogno di aiuto, contatta il nostro supporto tecnico al numero (123) 456-7890""",1
"""* ""Messaggio su Ashley Madison: Il mio nome utente è john.doe.lovesyou""",1
"""* ""Messaggio su Craigslist: Vendo auto usata, contattami al mio numero di cellulare: (987) 654-3210""",1
"""* ""Messaggio su eBay: Se hai bisogno di aiuto, contatta il nostro servizio clienti all'indirizzo [help@example.com](mailto:help@example.com)""",1
"""* ""Messaggio su Gumtree: Affitto stanza, contattami al mio numero di cellulare: +44 (765) 432-1098""",1
"""* ""Messaggio su Rightmove: Casa in affitto, contattami all'indirizzo email: [landlord@example.com](mailto:landlord@example.com)""",1
"""* ""Messaggio su Indeed: Cerco lavoro, contattami al mio numero di cellulare: +1 (234) 567-8901""",1
"""* ""Messaggio su Glassdoor: Cerco lavoro, contattami all'indirizzo email: [jobseeker@example.com](mailto:jobseeker@example.com)""",1
"""* ""Messaggio su Monster: Cerco lavoro, contattami al mio numero di cellulare: +39 333 987 6543""",1
"""* ""Messaggio su ZipRecruiter: Cerco lavoro, contattami all'indirizzo email: [applicant@example.com](mailto:applicant@example.com)""",1
"""Incendio in via Roma 12, casa di Signor Roberto Martini""",1
"""*Ordine d'arresto per Signora Anna Lombardi, 456-7890""",1
"""*Conto corrente intestato a Marco Rossi, IBAN: IT65X0200805200000012345678""",1
"""*Appuntamento con Dott. Lorenzo Bianchi, 392.456.7890""",1
"""*Carta di credito: 1234 5678 1234 5678, scadenza 12/25, cvv 789""",1
"""*Ricevuta per il pagamento di 123 euro da parte diSignor Francesco Moretti, 567.890.1234""",1
"""*Email confermata per l'invio di documenti a Signora Sofia Verdi, sofia.verdi@email.com""",1
"""*Patente di guida numero: 1234567890, rilasciata a Signor Andrea Moretti""",1
"""*Riferimento anagrafico: 12345678901, per Signor Luca Bianchi""",1
"""*Consegnato pacco a Signora Laura Rossi, via Roma 12, 3924567890""",1
"""*Ricevuta per il pagamento di bolletta da parte di Signor Paolo Verdi, 456.789.1234""",1
"""*Appuntamento con Avv. Maria Rossi, 393.456.7890""",1
"""*Riferimento ticket: 1234567, per Signor Giovanni Moretti""",1
"""*Carta d'identità numero: 12345678, rilasciata a Signora Elena Bianchi""",1
"""*Ricevuta per il pagamento di 567 euro da parte di Signor Luca Verdi, 890.123.4567""",1
"""*Consegna a domicilio per Signor Roberto Moretti, via Roma 12, 3924567890""",1
"""*Riferimento fattura: 123456, per Signor Marco Bianchi""",1
"""*Email inviata a Signor Francesco Rossi, marco.rossi@email.com""",1
"""*Ordine di servizio per Signor Andrea Verdi, 456.789.1234""",1
"""*Appuntamento con Dott.ssa Sofia Moretti, 392.456.7890""",1
"""*Carta di credito: 1234-5678-1234-5678, scadenza 12/25, cvv 789""",1
"""*Ricevuta per il pagamento di 890 euro da parte di Signor Paolo Bianchi, 392.456.7890""",1
"""*Indirizzo per la consegna: via Roma 12, 3924567890""",1
"""*Riferimento ordine: 123456, per Signor Luca Moretti""",1
"""*Email inviata a Signor Giovanni Rossi, giuseppe.rossi@email.com""",1
"""*Ordine d'arresto per Signor Marco Bianchi, 456.789.1234""",1
"""*Carta d'identità numero: 1234567, rilasciata a Signora Laura Verdi""",1
"""*Ricevuta per il pagamento di 123 euro da parte di Signor Francesco Bianchi, 392.456.7890""",1
"""*Appuntamento con Avv. Sofia Rossi, 393.456.7890""",1
"""*Riferimento ticket: 678901, per Signor Roberto Moretti""",1
"""*Consegnato pacco a Signora Elena Rossi, via Roma 12, 3924567890""",1
"""*Riferimento fattura: 678901, per Signor Andrea Bianchi""",1
"""*Email inviata a Signor Luca Rossi, luca.rossi@email.com""",1
"""*Sospensione servizi per Signor Paolo Moretti, 456.789.1234""",1
"""*Ricevuta per il pagamento di bolletta da parte di Signor Giovanni Verdi, 890.123.4567""",1
"""*Appuntamento con Dott. Marco Rossi, 392.456.7890""",1
"""*Riferimento anagrafico: 123456789, per Signor Andrea Verdi""",1
"""*Consegnato pacco a Signora Sofia Bianchi, via Roma 12, 3924567890""",1
"""*Riferimento ordine: 678901, per Signor Francesco Bianchi""",1
"""*Email inviata a Signor Roberto Rossi, roberto.rossi@email.com""",1
"""*Ordine d'arresto per Signor Luca Moretti, 456.789.1234""",1
"""*Carta di credito: 1234 5678 1234 5678, scadenza 12/25, cvv 789""",1
"""*Ricevuta per il pagamento di 456 euro da parte di Signor Marco Verdi, 392.456.7890""",1
"""*Indirizzo per la consegna: via Roma 12, 3924567890""",1
"""*Riferimento ticket: 123456, per Signor Paolo Moretti""",1
"""*Email inviata a Signor Andrea Rossi, andrea.rossi@email.com""",1
"""*Ordine di servizio per Signor Giovanni Bianchi, 456.789.1234""",1
"""*Appuntamento con Dott.ssa Laura Rossi, 392.456.7890""",1
"""*Carta d'identità numero: 123456789, rilasciata a Signora Sofia Moretti""",1
"""*Ricevuta per il pagamento di 789 euro da parte di Signor Francesco Verdi, 890.123.4567""",1
"""*Consegnato pacco a Signor Roberto Bianchi, via Roma 12, 3924567890""",1
"""*Riferimento fattura: 123456, per Signor Luca Bianchi""",1
"""*Email inviata a Signor Andrea Moretti, andrea.moretti@email.com""",1
"""Incendio in via Roma 12, casa di Signor Roberto Martini""",1
"""*Ordine d'arresto per Signora Anna Lombardi, 456-7890""",1
"""*Conto corrente intestato a Marco Rossi, IBAN: IT65X0200805200000012345678""",1
"""*Appuntamento con Dott. Lorenzo Bianchi, 392.456.7890""",1
"""*Carta di credito: 1234 5678 1234 5678, scadenza 12/25, cvv 789""",1
"""*Ricevuta per il pagamento di 123 euro da parte diSignor Francesco Moretti, 567.890.1234""",1
"""*Email confermata per l'invio di documenti a Signora Sofia Verdi, sofia.verdi@email.com""",1
"""*Patente di guida numero: 1234567890, rilasciata a Signor Andrea Moretti""",1
"""*Riferimento anagrafico: 12345678901, per Signor Luca Bianchi""",1
"""*Consegnato pacco a Signora Laura Rossi, via Roma 12, 3924567890""",1
"""*Ricevuta per il pagamento di bolletta da parte di Signor Paolo Verdi, 456.789.1234""",1
"""*Appuntamento con Avv. Maria Rossi, 393.456.7890""",1
"""*Riferimento ticket: 1234567, per Signor Giovanni Moretti""",1
"""*Carta d'identità numero: 12345678, rilasciata a Signora Elena Bianchi""",1
"""*Ricevuta per il pagamento di 567 euro da parte di Signor Luca Verdi, 890.123.4567""",1
"""*Consegna a domicilio per Signor Roberto Moretti, via Roma 12, 3924567890""",1
"""*Riferimento fattura: 123456, per Signor Marco Bianchi""",1
"""*Email inviata a Signor Francesco Rossi, marco.rossi@email.com""",1
"""*Ordine di servizio per Signor Andrea Verdi, 456.789.1234""",1
"""*Appuntamento con Dott.ssa Sofia Moretti, 392.456.7890""",1
"""*Carta di credito: 1234-5678-1234-5678, scadenza 12/25, cvv 789""",1
"""*Ricevuta per il pagamento di 890 euro da parte di Signor Paolo Bianchi, 392.456.7890""",1
"""*Indirizzo per la consegna: via Roma 12, 3924567890""",1
"""*Riferimento ordine: 123456, per Signor Luca Moretti""",1
"""*Email inviata a Signor Giovanni Rossi, giuseppe.rossi@email.com""",1
"""*Ordine d'arresto per Signor Marco Bianchi, 456.789.1234""",1
"""*Carta d'identità numero: 1234567, rilasciata a Signora Laura Verdi""",1
"""*Ricevuta per il pagamento di 123 euro da parte di Signor Francesco Bianchi, 392.456.7890""",1
"""*Appuntamento con Avv. Sofia Rossi, 393.456.7890""",1
"""*Riferimento ticket: 678901, per Signor Roberto Moretti""",1
"""*Consegnato pacco a Signora Elena Rossi, via Roma 12, 3924567890""",1
"""*Riferimento fattura: 678901, per Signor Andrea Bianchi""",1
"""*Email inviata a Signor Luca Rossi, luca.rossi@email.com""",1
"""*Sospensione servizi per Signor Paolo Moretti, 456.789.1234""",1
"""*Ricevuta per il pagamento di bolletta da parte di Signor Giovanni Verdi, 890.123.4567""",1
"""*Appuntamento con Dott. Marco Rossi, 392.456.7890""",1
"""*Riferimento anagrafico: 123456789, per Signor Andrea Verdi""",1
"""*Consegnato pacco a Signora Sofia Bianchi, via Roma 12, 3924567890""",1
"""*Riferimento ordine: 678901, per Signor Francesco Bianchi""",1
"""*Email inviata a Signor Roberto Rossi, roberto.rossi@email.com""",1
"""*Ordine d'arresto per Signor Luca Moretti, 456.789.1234""",1
"""*Carta di credito: 1234 5678 1234 5678, scadenza 12/25, cvv 789""",1
"""*Ricevuta per il pagamento di 456 euro da parte di Signor Marco Verdi, 392.456.7890""",1
"""*Indirizzo per la consegna: via Roma 12, 3924567890""",1
"""*Riferimento ticket: 123456, per Signor Paolo Moretti""",1
"""*Email inviata a Signor Andrea Rossi, andrea.rossi@email.com""",1
"""*Ordine di servizio per Signor Giovanni Bianchi, 456.789.1234""",1
"""*Appuntamento con Dott.ssa Laura Rossi, 392.456.7890""",1
"""*Carta d'identità numero: 123456789, rilasciata a Signora Sofia Moretti""",1
"""*Ricevuta per il pagamento di 789 euro da parte di Signor Francesco Verdi, 890.123.4567""",1
"""*Consegnato pacco a Signor Roberto Bianchi, via Roma 12, 3924567890""",1
"""*Riferimento fattura: 123456, per Signor Luca Bianchi""",1
"""*Email inviata a Signor Andrea Moretti, andrea.moretti@email.com""",1
"""Incendio in via Roma 12, casa di Signor Roberto Martini""",1
"""*Ordine d'arresto per Signora Anna Lombardi, 456-7890""",1
"""*Conto corrente intestato a Marco Rossi, IBAN: IT65X0200805200000012345678""",1
"""*Appuntamento con Dott. Lorenzo Bianchi, 392.456.7890""",1
"""*Carta di credito: 1234 5678 1234 5678, scadenza 12/25, cvv 789""",1
"""*Ricevuta per il pagamento di 123 euro da parte diSignor Francesco Moretti, 567.890.1234""",1
"""*Email confermata per l'invio di documenti a Signora Sofia Verdi, sofia.verdi@email.com""",1
"""*Patente di guida numero: 1234567890, rilasciata a Signor Andrea Moretti""",1
"""*Riferimento anagrafico: 12345678901, per Signor Luca Bianchi""",1
"""*Consegnato pacco a Signora Laura Rossi, via Roma 12, 3924567890""",1
"""*Ricevuta per il pagamento di bolletta da parte di Signor Paolo Verdi, 456.789.1234""",1
"""*Appuntamento con Avv. Maria Rossi, 393.456.7890""",1
"""*Riferimento ticket: 1234567, per Signor Giovanni Moretti""",1
"""*Carta d'identità numero: 12345678, rilasciata a Signora Elena Bianchi""",1
"""*Ricevuta per il pagamento di 567 euro da parte di Signor Luca Verdi, 890.123.4567""",1
"""*Consegna a domicilio per Signor Roberto Moretti, via Roma 12, 3924567890""",1
"""*Riferimento fattura: 123456, per Signor Marco Bianchi""",1
"""*Email inviata a Signor Francesco Rossi, marco.rossi@email.com""",1
"""*Ordine di servizio per Signor Andrea Verdi, 456.789.1234""",1
"""*Appuntamento con Dott.ssa Sofia Moretti, 392.456.7890""",1
"""*Carta di credito: 1234-5678-1234-5678, scadenza 12/25, cvv 789""",1
"""*Ricevuta per il pagamento di 890 euro da parte di Signor Paolo Bianchi, 392.456.7890""",1
"""*Indirizzo per la consegna: via Roma 12, 3924567890""",1
"""*Riferimento ordine: 123456, per Signor Luca Moretti""",1
"""*Email inviata a Signor Giovanni Rossi, giuseppe.rossi@email.com""",1
"""*Ordine d'arresto per Signor Marco Bianchi, 456.789.1234""",1
"""*Carta d'identità numero: 1234567, rilasciata a Signora Laura Verdi""",1
"""*Ricevuta per il pagamento di 123 euro da parte di Signor Francesco Bianchi, 392.456.7890""",1
"""*Appuntamento con Avv. Sofia Rossi, 393.456.7890""",1
"""*Riferimento ticket: 678901, per Signor Roberto Moretti""",1
"""*Consegnato pacco a Signora Elena Rossi, via Roma 12, 3924567890""",1
"""*Riferimento fattura: 678901, per Signor Andrea Bianchi""",1
"""*Email inviata a Signor Luca Rossi, luca.rossi@email.com""",1
"""*Sospensione servizi per Signor Paolo Moretti, 456.789.1234""",1
"""*Ricevuta per il pagamento di bolletta da parte di Signor Giovanni Verdi, 890.123.4567""",1
"""*Appuntamento con Dott. Marco Rossi, 392.456.7890""",1
"""*Riferimento anagrafico: 123456789, per Signor Andrea Verdi""",1
"""*Consegnato pacco a Signora Sofia Bianchi, via Roma 12, 3924567890""",1
"""*Riferimento ordine: 678901, per Signor Francesco Bianchi""",1
"""*Email inviata a Signor Roberto Rossi, roberto.rossi@email.com""",1
"""*Ordine d'arresto per Signor Luca Moretti, 456.789.1234""",1
"""*Carta di credito: 1234 5678 1234 5678, scadenza 12/25, cvv 789""",1
"""*Ricevuta per il pagamento di 456 euro da parte di Signor Marco Verdi, 392.456.7890""",1
"""*Indirizzo per la consegna: via Roma 12, 3924567890""",1
"""*Riferimento ticket: 123456, per Signor Paolo Moretti""",1
"""*Email inviata a Signor Andrea Rossi, andrea.rossi@email.com""",1
"""*Ordine di servizio per Signor Giovanni Bianchi, 456.789.1234""",1
"""*Appuntamento con Dott.ssa Laura Rossi, 392.456.7890""",1
"""*Carta d'identità numero: 123456789, rilasciata a Signora Sofia Moretti""",1
"""*Ricevuta per il pagamento di 789 euro da parte di Signor Francesco Verdi, 890.123.4567""",1
"""*Consegnato pacco a Signor Roberto Bianchi, via Roma 12, 3924567890""",1
"""*Riferimento fattura: 123456, per Signor Luca Bianchi""",1
"""*Email inviata a Signor Andrea Moretti, andrea.moretti@email.com""",1
"""Incendio in via Roma 12, casa di Signor Roberto Martini""",1
"""*Ordine d'arresto per Signora Anna Lombardi, 456-7890""",1
"""*Conto corrente intestato a Marco Rossi, IBAN: IT65X0200805200000012345678""",1
"""*Appuntamento con Dott. Lorenzo Bianchi, 392.456.7890""",1
"""*Carta di credito: 1234 5678 1234 5678, scadenza 12/25, cvv 789""",1
"""*Ricevuta per il pagamento di 123 euro da parte diSignor Francesco Moretti, 567.890.1234""",1
"""*Email confermata per l'invio di documenti a Signora Sofia Verdi, sofia.verdi@email.com""",1
"""*Patente di guida numero: 1234567890, rilasciata a Signor Andrea Moretti""",1
"""*Riferimento anagrafico: 12345678901, per Signor Luca Bianchi""",1
"""*Consegnato pacco a Signora Laura Rossi, via Roma 12, 3924567890""",1
"""*Ricevuta per il pagamento di bolletta da parte di Signor Paolo Verdi, 456.789.1234""",1
"""*Appuntamento con Avv. Maria Rossi, 393.456.7890""",1
"""*Riferimento ticket: 1234567, per Signor Giovanni Moretti""",1
"""*Carta d'identità numero: 12345678, rilasciata a Signora Elena Bianchi""",1
"""*Ricevuta per il pagamento di 567 euro da parte di Signor Luca Verdi, 890.123.4567""",1
"""*Consegna a domicilio per Signor Roberto Moretti, via Roma 12, 3924567890""",1
"""*Riferimento fattura: 123456, per Signor Marco Bianchi""",1
"""*Email inviata a Signor Francesco Rossi, marco.rossi@email.com""",1
"""*Ordine di servizio per Signor Andrea Verdi, 456.789.1234""",1
"""*Appuntamento con Dott.ssa Sofia Moretti, 392.456.7890""",1
"""*Carta di credito: 1234-5678-1234-5678, scadenza 12/25, cvv 789""",1
"""*Ricevuta per il pagamento di 890 euro da parte di Signor Paolo Bianchi, 392.456.7890""",1
"""*Indirizzo per la consegna: via Roma 12, 3924567890""",1
"""*Riferimento ordine: 123456, per Signor Luca Moretti""",1
"""*Email inviata a Signor Giovanni Rossi, giuseppe.rossi@email.com""",1
"""*Ordine d'arresto per Signor Marco Bianchi, 456.789.1234""",1
"""*Carta d'identità numero: 1234567, rilasciata a Signora Laura Verdi""",1
"""*Ricevuta per il pagamento di 123 euro da parte di Signor Francesco Bianchi, 392.456.7890""",1
"""*Appuntamento con Avv. Sofia Rossi, 393.456.7890""",1
"""*Riferimento ticket: 678901, per Signor Roberto Moretti""",1
"""*Consegnato pacco a Signora Elena Rossi, via Roma 12, 3924567890""",1
"""*Riferimento fattura: 678901, per Signor Andrea Bianchi""",1
"""*Email inviata a Signor Luca Rossi, luca.rossi@email.com""",1
"""*Sospensione servizi per Signor Paolo Moretti, 456.789.1234""",1
"""*Ricevuta per il pagamento di bolletta da parte di Signor Giovanni Verdi, 890.123.4567""",1
"""*Appuntamento con Dott. Marco Rossi, 392.456.7890""",1
"""*Riferimento anagrafico: 123456789, per Signor Andrea Verdi""",1
"""*Consegnato pacco a Signora Sofia Bianchi, via Roma 12, 3924567890""",1
"""*Riferimento ordine: 678901, per Signor Francesco Bianchi""",1
"""*Email inviata a Signor Roberto Rossi, roberto.rossi@email.com""",1
"""*Ordine d'arresto per Signor Luca Moretti, 456.789.1234""",1
"""*Carta di credito: 1234 5678 1234 5678, scadenza 12/25, cvv 789""",1
"""*Ricevuta per il pagamento di 456 euro da parte di Signor Marco Verdi, 392.456.7890""",1
"""*Indirizzo per la consegna: via Roma 12, 3924567890""",1
"""*Riferimento ticket: 123456, per Signor Paolo Moretti""",1
"""*Email inviata a Signor Andrea Rossi, andrea.rossi@email.com""",1
"""*Ordine di servizio per Signor Giovanni Bianchi, 456.789.1234""",1
"""*Appuntamento con Dott.ssa Laura Rossi, 392.456.7890""",1
"""*Carta d'identità numero: 123456789, rilasciata a Signora Sofia Moretti""",1
"""*Ricevuta per il pagamento di 789 euro da parte di Signor Francesco Verdi, 890.123.4567""",1
"""*Consegnato pacco a Signor Roberto Bianchi, via Roma 12, 3924567890""",1
"""*Riferimento fattura: 123456, per Signor Luca Bianchi""",1
"""*Email inviata a Signor Andrea Moretti, andrea.moretti@email.com""",1
"""Incendio in via Roma 12, casa di Signor Roberto Martini""",1
"""*Ordine d'arresto per Signora Anna Lombardi, 456-7890""",1
"""*Conto corrente intestato a Marco Rossi, IBAN: IT65X0200805200000012345678""",1
"""*Appuntamento con Dott. Lorenzo Bianchi, 392.456.7890""",1
"""*Carta di credito: 1234 5678 1234 5678, scadenza 12/25, cvv 789""",1
"""*Ricevuta per il pagamento di 123 euro da parte diSignor Francesco Moretti, 567.890.1234""",1
"""*Email confermata per l'invio di documenti a Signora Sofia Verdi, sofia.verdi@email.com""",1
"""*Patente di guida numero: 1234567890, rilasciata a Signor Andrea Moretti""",1
"""*Riferimento anagrafico: 12345678901, per Signor Luca Bianchi""",1
"""*Consegnato pacco a Signora Laura Rossi, via Roma 12, 3924567890""",1
"""*Ricevuta per il pagamento di bolletta da parte di Signor Paolo Verdi, 456.789.1234""",1
"""*Appuntamento con Avv. Maria Rossi, 393.456.7890""",1
"""*Riferimento ticket: 1234567, per Signor Giovanni Moretti""",1
"""*Carta d'identità numero: 12345678, rilasciata a Signora Elena Bianchi""",1
"""*Ricevuta per il pagamento di 567 euro da parte di Signor Luca Verdi, 890.123.4567""",1
"""*Consegna a domicilio per Signor Roberto Moretti, via Roma 12, 3924567890""",1
"""*Riferimento fattura: 123456, per Signor Marco Bianchi""",1
"""*Email inviata a Signor Francesco Rossi, marco.rossi@email.com""",1
"""*Ordine di servizio per Signor Andrea Verdi, 456.789.1234""",1
"""*Appuntamento con Dott.ssa Sofia Moretti, 392.456.7890""",1
"""*Carta di credito: 1234-5678-1234-5678, scadenza 12/25, cvv 789""",1
"""*Ricevuta per il pagamento di 890 euro da parte di Signor Paolo Bianchi, 392.456.7890""",1
"""*Indirizzo per la consegna: via Roma 12, 3924567890""",1
"""*Riferimento ordine: 123456, per Signor Luca Moretti""",1
"""*Email inviata a Signor Giovanni Rossi, giuseppe.rossi@email.com""",1
"""*Ordine d'arresto per Signor Marco Bianchi, 456.789.1234""",1
"""*Carta d'identità numero: 1234567, rilasciata a Signora Laura Verdi""",1
"""*Ricevuta per il pagamento di 123 euro da parte di Signor Francesco Bianchi, 392.456.7890""",1
"""*Appuntamento con Avv. Sofia Rossi, 393.456.7890""",1
"""*Riferimento ticket: 678901, per Signor Roberto Moretti""",1
"""*Consegnato pacco a Signora Elena Rossi, via Roma 12, 3924567890""",1
"""*Riferimento fattura: 678901, per Signor Andrea Bianchi""",1
"""*Email inviata a Signor Luca Rossi, luca.rossi@email.com""",1
"""*Sospensione servizi per Signor Paolo Moretti, 456.789.1234""",1
"""*Ricevuta per il pagamento di bolletta da parte di Signor Giovanni Verdi, 890.123.4567""",1
"""*Appuntamento con Dott. Marco Rossi, 392.456.7890""",1
"""*Riferimento anagrafico: 123456789, per Signor Andrea Verdi""",1
"""*Consegnato pacco a Signora Sofia Bianchi, via Roma 12, 3924567890""",1
"""*Riferimento ordine: 678901, per Signor Francesco Bianchi""",1
"""*Email inviata a Signor Roberto Rossi, roberto.rossi@email.com""",1
"""*Ordine d'arresto per Signor Luca Moretti, 456.789.1234""",1
"""*Carta di credito: 1234 5678 1234 5678, scadenza 12/25, cvv 789""",1
"""*Ricevuta per il pagamento di 456 euro da parte di Signor Marco Verdi, 392.456.7890""",1
"""*Indirizzo per la consegna: via Roma 12, 3924567890""",1
"""*Riferimento ticket: 123456, per Signor Paolo Moretti""",1
"""*Email inviata a Signor Andrea Rossi, andrea.rossi@email.com""",1
"""*Ordine di servizio per Signor Giovanni Bianchi, 456.789.1234""",1
"""*Appuntamento con Dott.ssa Laura Rossi, 392.456.7890""",1
"""*Carta d'identità numero: 123456789, rilasciata a Signora Sofia Moretti""",1
"""*Ricevuta per il pagamento di 789 euro da parte di Signor Francesco Verdi, 890.123.4567""",1
"""*Consegnato pacco a Signor Roberto Bianchi, via Roma 12, 3924567890""",1
"""*Riferimento fattura: 123456, per Signor Luca Bianchi""",1
"""*Email inviata a Signor Andrea Moretti, andrea.moretti@email.com""",1
"""Incendio in via Roma 12, casa di Signor Roberto Martini""",1
"""*Ordine d'arresto per Signora Anna Lombardi, 456-7890""",1
"""*Conto corrente intestato a Marco Rossi, IBAN: IT65X0200805200000012345678""",1
"""*Appuntamento con Dott. Lorenzo Bianchi, 392.456.7890""",1
"""*Carta di credito: 1234 5678 1234 5678, scadenza 12/25, cvv 789""",1
"""*Ricevuta per il pagamento di 123 euro da parte diSignor Francesco Moretti, 567.890.1234""",1
"""*Email confermata per l'invio di documenti a Signora Sofia Verdi, sofia.verdi@email.com""",1
"""*Patente di guida numero: 1234567890, rilasciata a Signor Andrea Moretti""",1
"""*Riferimento anagrafico: 12345678901, per Signor Luca Bianchi""",1
"""*Consegnato pacco a Signora Laura Rossi, via Roma 12, 3924567890""",1
"""*Ricevuta per il pagamento di bolletta da parte di Signor Paolo Verdi, 456.789.1234""",1
"""*Appuntamento con Avv. Maria Rossi, 393.456.7890""",1
"""*Riferimento ticket: 1234567, per Signor Giovanni Moretti""",1
"""*Carta d'identità numero: 12345678, rilasciata a Signora Elena Bianchi""",1
"""*Ricevuta per il pagamento di 567 euro da parte di Signor Luca Verdi, 890.123.4567""",1
"""*Consegna a domicilio per Signor Roberto Moretti, via Roma 12, 3924567890""",1
"""*Riferimento fattura: 123456, per Signor Marco Bianchi""",1
"""*Email inviata a Signor Francesco Rossi, marco.rossi@email.com""",1
"""*Ordine di servizio per Signor Andrea Verdi, 456.789.1234""",1
"""*Appuntamento con Dott.ssa Sofia Moretti, 392.456.7890""",1
"""*Carta di credito: 1234-5678-1234-5678, scadenza 12/25, cvv 789""",1
"""*Ricevuta per il pagamento di 890 euro da parte di Signor Paolo Bianchi, 392.456.7890""",1
"""*Indirizzo per la consegna: via Roma 12, 3924567890""",1
"""*Riferimento ordine: 123456, per Signor Luca Moretti""",1
"""*Email inviata a Signor Giovanni Rossi, giuseppe.rossi@email.com""",1
"""*Ordine d'arresto per Signor Marco Bianchi, 456.789.1234""",1
"""*Carta d'identità numero: 1234567, rilasciata a Signora Laura Verdi""",1
"""*Ricevuta per il pagamento di 123 euro da parte di Signor Francesco Bianchi, 392.456.7890""",1
"""*Appuntamento con Avv. Sofia Rossi, 393.456.7890""",1
"""*Riferimento ticket: 678901, per Signor Roberto Moretti""",1
"""*Consegnato pacco a Signora Elena Rossi, via Roma 12, 3924567890""",1
"""*Riferimento fattura: 678901, per Signor Andrea Bianchi""",1
"""*Email inviata a Signor Luca Rossi, luca.rossi@email.com""",1
"""*Sospensione servizi per Signor Paolo Moretti, 456.789.1234""",1
"""*Ricevuta per il pagamento di bolletta da parte di Signor Giovanni Verdi, 890.123.4567""",1
"""*Appuntamento con Dott. Marco Rossi, 392.456.7890""",1
"""*Riferimento anagrafico: 123456789, per Signor Andrea Verdi""",1
"""*Consegnato pacco a Signora Sofia Bianchi, via Roma 12, 3924567890""",1
"""*Riferimento ordine: 678901, per Signor Francesco Bianchi""",1
"""*Email inviata a Signor Roberto Rossi, roberto.rossi@email.com""",1
"""*Ordine d'arresto per Signor Luca Moretti, 456.789.1234""",1
"""*Carta di credito: 1234 5678 1234 5678, scadenza 12/25, cvv 789""",1
"""*Ricevuta per il pagamento di 456 euro da parte di Signor Marco Verdi, 392.456.7890""",1
"""*Indirizzo per la consegna: via Roma 12, 3924567890""",1
"""*Riferimento ticket: 123456, per Signor Paolo Moretti""",1
"""*Email inviata a Signor Andrea Rossi, andrea.rossi@email.com""",1
"""*Ordine di servizio per Signor Giovanni Bianchi, 456.789.1234""",1
"""*Appuntamento con Dott.ssa Laura Rossi, 392.456.7890""",1
"""*Carta d'identità numero: 123456789, rilasciata a Signora Sofia Moretti""",1
"""*Ricevuta per il pagamento di 789 euro da parte di Signor Francesco Verdi, 890.123.4567""",1
"""*Consegnato pacco a Signor Roberto Bianchi, via Roma 12, 3924567890""",1
"""*Riferimento fattura: 123456, per Signor Luca Bianchi""",1
"""*Email inviata a Signor Andrea Moretti, andrea.moretti@email.com""",1
"""Incendio in via Roma 12, casa di Signor Roberto Martini""",1
"""*Ordine d'arresto per Signora Anna Lombardi, 456-7890""",1
"""*Conto corrente intestato a Marco Rossi, IBAN: IT65X0200805200000012345678""",1
"""*Appuntamento con Dott. Lorenzo Bianchi, 392.456.7890""",1
"""*Carta di credito: 1234 5678 1234 5678, scadenza 12/25, cvv 789""",1
"""*Ricevuta per il pagamento di 123 euro da parte diSignor Francesco Moretti, 567.890.1234""",1
"""*Email confermata per l'invio di documenti a Signora Sofia Verdi, sofia.verdi@email.com""",1
"""*Patente di guida numero: 1234567890, rilasciata a Signor Andrea Moretti""",1
"""*Riferimento anagrafico: 12345678901, per Signor Luca Bianchi""",1
"""*Consegnato pacco a Signora Laura Rossi, via Roma 12, 3924567890""",1
"""*Ricevuta per il pagamento di bolletta da parte di Signor Paolo Verdi, 456.789.1234""",1
"""*Appuntamento con Avv. Maria Rossi, 393.456.7890""",1
"""*Riferimento ticket: 1234567, per Signor Giovanni Moretti""",1
"""*Carta d'identità numero: 12345678, rilasciata a Signora Elena Bianchi""",1
"""*Ricevuta per il pagamento di 567 euro da parte di Signor Luca Verdi, 890.123.4567""",1
"""*Consegna a domicilio per Signor Roberto Moretti, via Roma 12, 3924567890""",1
"""*Riferimento fattura: 123456, per Signor Marco Bianchi""",1
"""*Email inviata a Signor Francesco Rossi, marco.rossi@email.com""",1
"""*Ordine di servizio per Signor Andrea Verdi, 456.789.1234""",1
"""*Appuntamento con Dott.ssa Sofia Moretti, 392.456.7890""",1
"""*Carta di credito: 1234-5678-1234-5678, scadenza 12/25, cvv 789""",1
"""*Ricevuta per il pagamento di 890 euro da parte di Signor Paolo Bianchi, 392.456.7890""",1
"""*Indirizzo per la consegna: via Roma 12, 3924567890""",1
"""*Riferimento ordine: 123456, per Signor Luca Moretti""",1
"""*Email inviata a Signor Giovanni Rossi, giuseppe.rossi@email.com""",1
"""*Ordine d'arresto per Signor Marco Bianchi, 456.789.1234""",1
"""*Carta d'identità numero: 1234567, rilasciata a Signora Laura Verdi""",1
"""*Ricevuta per il pagamento di 123 euro da parte di Signor Francesco Bianchi, 392.456.7890""",1
"""*Appuntamento con Avv. Sofia Rossi, 393.456.7890""",1
"""*Riferimento ticket: 678901, per Signor Roberto Moretti""",1
"""*Consegnato pacco a Signora Elena Rossi, via Roma 12, 3924567890""",1
"""*Riferimento fattura: 678901, per Signor Andrea Bianchi""",1
"""*Email inviata a Signor Luca Rossi, luca.rossi@email.com""",1
"""*Sospensione servizi per Signor Paolo Moretti, 456.789.1234""",1
"""*Ricevuta per il pagamento di bolletta da parte di Signor Giovanni Verdi, 890.123.4567""",1
"""*Appuntamento con Dott. Marco Rossi, 392.456.7890""",1
"""*Riferimento anagrafico: 123456789, per Signor Andrea Verdi""",1
"""*Consegnato pacco a Signora Sofia Bianchi, via Roma 12, 3924567890""",1
"""*Riferimento ordine: 678901, per Signor Francesco Bianchi""",1
"""*Email inviata a Signor Roberto Rossi, roberto.rossi@email.com""",1
"""*Ordine d'arresto per Signor Luca Moretti, 456.789.1234""",1
"""*Carta di credito: 1234 5678 1234 5678, scadenza 12/25, cvv 789""",1
"""*Ricevuta per il pagamento di 456 euro da parte di Signor Marco Verdi, 392.456.7890""",1
"""*Indirizzo per la consegna: via Roma 12, 3924567890""",1
"""*Riferimento ticket: 123456, per Signor Paolo Moretti""",1
"""*Email inviata a Signor Andrea Rossi, andrea.rossi@email.com""",1
"""*Ordine di servizio per Signor Giovanni Bianchi, 456.789.1234""",1
"""*Appuntamento con Dott.ssa Laura Rossi, 392.456.7890""",1
"""*Carta d'identità numero: 123456789, rilasciata a Signora Sofia Moretti""",1
"""*Ricevuta per il pagamento di 789 euro da parte di Signor Francesco Verdi, 890.123.4567""",1
"""*Consegnato pacco a Signor Roberto Bianchi, via Roma 12, 3924567890""",1
"""*Riferimento fattura: 123456, per Signor Luca Bianchi""",1
"""*Email inviata a Signor Andrea Moretti, andrea.moretti@email.com""",1
"""Incendio in via Roma 12, casa di Signor Roberto Martini""",1
"""*Ordine d'arresto per Signora Anna Lombardi, 456-7890""",1
"""*Conto corrente intestato a Marco Rossi, IBAN: IT65X0200805200000012345678""",1
"""*Appuntamento con Dott. Lorenzo Bianchi, 392.456.7890""",1
"""*Carta di credito: 1234 5678 1234 5678, scadenza 12/25, cvv 789""",1
"""*Ricevuta per il pagamento di 123 euro da parte diSignor Francesco Moretti, 567.890.1234""",1
"""*Email confermata per l'invio di documenti a Signora Sofia Verdi, sofia.verdi@email.com""",1
"""*Patente di guida numero: 1234567890, rilasciata a Signor Andrea Moretti""",1
"""*Riferimento anagrafico: 12345678901, per Signor Luca Bianchi""",1
"""*Consegnato pacco a Signora Laura Rossi, via Roma 12, 3924567890""",1
"""*Ricevuta per il pagamento di bolletta da parte di Signor Paolo Verdi, 456.789.1234""",1
"""*Appuntamento con Avv. Maria Rossi, 393.456.7890""",1
"""*Riferimento ticket: 1234567, per Signor Giovanni Moretti""",1
"""*Carta d'identità numero: 12345678, rilasciata a Signora Elena Bianchi""",1
"""*Ricevuta per il pagamento di 567 euro da parte di Signor Luca Verdi, 890.123.4567""",1
"""*Consegna a domicilio per Signor Roberto Moretti, via Roma 12, 3924567890""",1
"""*Riferimento fattura: 123456, per Signor Marco Bianchi""",1
"""*Email inviata a Signor Francesco Rossi, marco.rossi@email.com""",1
"""*Ordine di servizio per Signor Andrea Verdi, 456.789.1234""",1
"""*Appuntamento con Dott.ssa Sofia Moretti, 392.456.7890""",1
"""*Carta di credito: 1234-5678-1234-5678, scadenza 12/25, cvv 789""",1
"""*Ricevuta per il pagamento di 890 euro da parte di Signor Paolo Bianchi, 392.456.7890""",1
"""*Indirizzo per la consegna: via Roma 12, 3924567890""",1
"""*Riferimento ordine: 123456, per Signor Luca Moretti""",1
"""*Email inviata a Signor Giovanni Rossi, giuseppe.rossi@email.com""",1
"""*Ordine d'arresto per Signor Marco Bianchi, 456.789.1234""",1
"""*Carta d'identità numero: 1234567, rilasciata a Signora Laura Verdi""",1
"""*Ricevuta per il pagamento di 123 euro da parte di Signor Francesco Bianchi, 392.456.7890""",1
"""*Appuntamento con Avv. Sofia Rossi, 393.456.7890""",1
"""*Riferimento ticket: 678901, per Signor Roberto Moretti""",1
"""*Consegnato pacco a Signora Elena Rossi, via Roma 12, 3924567890""",1
"""*Riferimento fattura: 678901, per Signor Andrea Bianchi""",1
"""*Email inviata a Signor Luca Rossi, luca.rossi@email.com""",1
"""*Sospensione servizi per Signor Paolo Moretti, 456.789.1234""",1
"""*Ricevuta per il pagamento di bolletta da parte di Signor Giovanni Verdi, 890.123.4567""",1
"""*Appuntamento con Dott. Marco Rossi, 392.456.7890""",1
"""*Riferimento anagrafico: 123456789, per Signor Andrea Verdi""",1
"""*Consegnato pacco a Signora Sofia Bianchi, via Roma 12, 3924567890""",1
"""*Riferimento ordine: 678901, per Signor Francesco Bianchi""",1
"""*Email inviata a Signor Roberto Rossi, roberto.rossi@email.com""",1
"""*Ordine d'arresto per Signor Luca Moretti, 456.789.1234""",1
"""*Carta di credito: 1234 5678 1234 5678, scadenza 12/25, cvv 789""",1
"""*Ricevuta per il pagamento di 456 euro da parte di Signor Marco Verdi, 392.456.7890""",1
"""*Indirizzo per la consegna: via Roma 12, 3924567890""",1
"""*Riferimento ticket: 123456, per Signor Paolo Moretti""",1
"""*Email inviata a Signor Andrea Rossi, andrea.rossi@email.com""",1
"""*Ordine di servizio per Signor Giovanni Bianchi, 456.789.1234""",1
"""*Appuntamento con Dott.ssa Laura Rossi, 392.456.7890""",1
"""*Carta d'identità numero: 123456789, rilasciata a Signora Sofia Moretti""",1
"""*Ricevuta per il pagamento di 789 euro da parte di Signor Francesco Verdi, 890.123.4567""",1
"""*Consegnato pacco a Signor Roberto Bianchi, via Roma 12, 3924567890""",1
"""*Riferimento fattura: 123456, per Signor Luca Bianchi""",1
"""*Email inviata a Signor Andrea Moretti, andrea.moretti@email.com""",1
"""* ""Il giudice ha stabilito che il sig. Giuseppe Rossi, residente in Via Roma 12, deve pagare una multa di €500.""",1
"""* ""Il nuovo indirizzo di spedizione per il pacco è: 456 via delle Stelle, Milano, 20123.""",1
"""* ""Il mio numero di telefono è 333.123.4567. Chiamami quando arrivi.""",1
"""* ""La carta di credito utilizzata per l'acquisto è stata emessa da Visa, numero 1234 5678 9012 3456.""",1
"""* ""Il mio numero di previdenza sociale è 123-45-6789.""",1
"""* ""Il passaporto del sig. Luca Bianchi reca il numero P000000.""",1
"""* ""Il tuo appuntamento dal dott. Marco Verde è fissato per il 20/05/2023, in Via Palestra 10, Roma.""",1
"""* ""Il contratto di affitto è stato registrato a nome di Anna Moretti, intestatario della bolletta, indirizzo: 789 via del Sole, Torino.""",1
"""* ""Il mio numero di targa è BO123CD. Ho parcheggiato la macchina nel garage di Via della Libertà.""",1
"""* ""Il mio indirizzo email è john.doe@example.com. Mandami lì le informazioni.""",1
"""* ""Per completare la registrazione, inserisci il tuo numero di carta di credito: 4111 1111 1111 1111.""",1
"""* ""Il mio numero di tessera sanitaria è 1234567890.""",1
"""* ""Il tuo numero di account bancario è IT60 X01 0000 0000 0001 2345 6789.""",1
"""* ""Il tuo indirizzo IP è 192.168.1.1.""",1
"""* ""Il mio indirizzo di casa è 321 via della Pace, Napoli.""",1
"""* ""La mia carta di credito ha un PIN di 4 dígitos: 1234.""",1
"""* ""Il mio indirizzo Gmail è jane.doe@gmail.com.""",1
"""* ""Il tuo codice fiscale italiano è RTTRSN80A01H501E.""",1
"""* ""Il mio numero di cellulare è 389.876.5432.""",1
"""* ""Il mio indirizzo di spedizione è: 654 via della Costituzione, Bologna.""",1
"""* ""Il mio numero di patente di guida è 007123456789.""",1
"""* ""Il codice della mia carta fedeltà è ABCD1234.""",1
"""* ""Il mio indirizzo di fatturazione è: 987 via della Vittoria, Palermo.""",1
"""* ""Il mio numero di telefono di casa è 06.654.3210.""",1
"""* ""Il mio indirizzo di lavoro è: 246 via del Lavoro, Roma.""",1
"""* ""Il mio indirizzo email personale è john.smith@outlook.it.""",1
"""* ""Il mio indirizzo email professionale è jane.doe@azienda.com.""",1
"""* ""Il mio indirizzo Skype è john.doe.skype.""",1
"""* ""Il mio indirizzo LinkedIn è linkedin.com/in/john.doe.""",1
"""* ""Il mio numero di WhatsApp è +39 347.896.5432.""",1
"""* ""Il mio indirizzo PayPal è paypal.me/john.doe.""",1
"""* ""Il mio indirizzo di casa a Londra è 1234 West Street, London, NW1 1XX.""",1
"""* ""Il mio numero di cellulare in viaggio è +44 7896 543210.""",1
"""* ""Il mio indirizzo di fatturazione negli Stati Uniti è: 5678 Oak Street, San Francisco, CA 94101.""",1
"""* ""Il mio indirizzo email per gli ordini è orders@example.com.""",1
"""* ""Il mio nome completo è Alessandro Rossi. Il mio indirizzo è Via della Salute 45, Firenze.""",1
"""* ""Il mio indirizzo postale negli Stati Uniti è PO Box 123, New York, NY 10001.""",1
"""* ""Il mio numero di telefono fisso negli Stati Uniti è (123) 456-7890.""",1
"""* ""Il mio indirizzo di spedizione negli Stati Uniti è: 9876 Maple Avenue, Boston, MA 02115.""",1
"""* ""Il mio indirizzo email per la newsletter è newsletter@example.com.""",1
"""* ""Il nuovo cliente, Signora Maria Rossi, si è registrata con successo. Il suo indirizzo è Via Roma 123, Milano.""",1
"""* ""Il mio numero di telefono è 333.444.1234, contattami pure!""",1
"""* ""La mia carta di creditoending è 1234 5678 9012 3456. Grazie per la tua assistenza.""",1
"""* ""Il mio passaporto numero è P12345678, sto aspettando il visto per il mio viaggio.""",1
"""* ""La patente di guida del Signor Giovanni Verdi è la numero 456789.""",1
"""* ""Il mio indirizzo email è john.doe@example.com. Mandami un messaggio, se vuoi.""",1
"""* ""La mia carta prepagata ha il numero 6060 6060 6060 6060.""",1
"""* ""Il mio SSN è 123-45-6789. Ho bisogno di aggiornare i miei dati personali.""",1
"""* ""Il mio numero di assicurazione sociale è 987-65-4321.""",1
"""* ""La mia scheda sanitaria ha il numero 1234567890. Devo rinnovare le mie informazioni mediche.""",1
"""* ""Il mio indirizzo è 123 Main St, Apartment 4B, New York, NY 10001.""",1
"""* ""La mia carta di debitoending è 5555 5555 5555 5555. Ho bisogno di una nuova copia.""",1
"""* ""Il mio indirizzo è Casella Postale 456, Roma, 00100.""",1
"""* ""Il mio numero di cellulare è +39 333.444.1234. Mandami un messaggio, se hai bisogno di me.""",1
"""* ""La mia carta di credito ha il numero 3714 4963 5398 431. Devo effettuare un pagamento.""",1
"""* ""Il mio indirizzo email personale è maria.rossi@libero.it.""",1
"""* ""Il mio indirizzo è 123 Rue de Paris, 75001, Parigi, Francia.""",1
"""* ""La mia carta di creditoending è 9999 9999 9999 9999. Ho bisogno di un'estensione del mio limite di credito.""",1
"""* ""Il mio indirizzo è 456 Elm St, Suite 200, Chicago, IL 60601.""",1
"""* ""Il mio numero di fax è 123.456.7890. Mandami il documento, se vuoi.""",1
"""* ""La mia carta di debitoending è 1111 1111 1111 1111. Ho problemi con il mio account.""",1
"""* ""Il mio indirizzo è 789 Oak Ave, San Francisco, CA 94103.""",1
"""* ""La mia carta di creditoending è 6011 1111 1111 1111. Devo effettuare un pagamento.""",1
"""* ""Il mio indirizzo email professionale è john.doe@company.com.""",1
"""* ""Il mio indirizzo è 321 Pine St, Vancouver, BC V6C 1S9, Canada.""",1
"""* ""La mia carta di debitoending è 4111 1111 1111 1111. Ho bisogno di un nuovo PIN.""",1
"""* ""Il mio indirizzo è 654 Maple Rd, Toronto, ON M4W 1T2, Canada.""",1
"""* ""La mia carta di creditoending è 5555 5555 5555 4321. Ho bisogno di un'estensione del mio limite di credito.""",1
"""* ""Il mio indirizzo è 987 Birch Ln, Sydney NSW 2000, Australia.""",1
"""* ""La mia carta di debitoending è 3782 8224 6310 005. Ho problemi con il mio account.""",1
"""* ""Il mio indirizzo è 123 Cedar St, Melbourne VIC 3000, Australia.""",1
"""* ""La mia carta di creditoending è 6200 8282 8282 8282. Devo effettuare un pagamento.""",1
"""* ""Il mio indirizzo è 456 Willow Way, Auckland 1010, Nuova Zelanda.""",1
"""* ""La mia carta di debitoending è 6011 0009 9013 9424. Ho bisogno di un nuovo PIN.""",1
"""* ""Il mio indirizzo è 789 Oak Blvd, Wellington 6011, Nuova Zelanda.""",1
"""* ""La mia carta di creditoending è 3056 9309 0259 04. Devo effettuare un pagamento.""",1
"""* ""Il mio indirizzo è 123 Maple Ave, London EC1A 1BB, Regno Unito.""",1
"""* ""La mia carta di debitoending è 4000 0566 5566 5566. Ho bisogno di un'estensione del mio limite di credito.""",1
"""* ""Il mio indirizzo è 456 Oak St, Edinburgh EH1 2DR, Scozia, Regno Unito.""",1
"""* ""La mia carta di creditoending è 2223 2223 2223 2223. Ho problemi con il mio account.""",1
"""* ""Il mio indirizzo è 789 Pine Rd, Manchester M1 1AE, Inghilterra, Regno Unito.""",1
"""* ""La mia carta di debitoending è 5105 1051 0510 5100. Ho bisogno di un nuovo PIN.""",1
"""* ""Il mio indirizzo è 123 Cedar Ln, Birmingham B1 1BB, Inghilterra, Regno Unito.""",1
"""* ""La mia carta di creditoending è 3782 8224 6310 005. Devo effettuare un pagamento.""",1
"""* ""Il mio indirizzo è 456 Birch Way, Cardiff CF10 1GA, Galles, Regno Unito.""",1
"""* ""La mia carta di debitoending è 6011 1111 1111 1117. Ho bisogno di una nuova copia della mia carta.""",1
"""* ""Il mio indirizzo è 789 Maple Blvd, Belfast BT1 1AD, Irlanda del Nord, Regno Unito.""",1
"""* ""La mia carta di creditoending è 5555 5555 5555 5518. Ho bisogno di un'estensione del mio limite di credito.""",1
"""Incendio in via Roma 12, casa di Signor Roberto Martini""",1
"""*Ordine d'arresto per Signora Anna Lombardi, 456-7890""",1
"""*Conto corrente intestato a Marco Rossi, IBAN: IT65X0200805200000012345678""",1
"""*Appuntamento con Dott. Lorenzo Bianchi, 392.456.7890""",1
"""*Carta di credito: 1234 5678 1234 5678, scadenza 12/25, cvv 789""",1
"""*Ricevuta per il pagamento di 123 euro da parte diSignor Francesco Moretti, 567.890.1234""",1
"""*Email confermata per l'invio di documenti a Signora Sofia Verdi, sofia.verdi@email.com""",1
"""*Patente di guida numero: 1234567890, rilasciata a Signor Andrea Moretti""",1
"""*Riferimento anagrafico: 12345678901, per Signor Luca Bianchi""",1
"""*Consegnato pacco a Signora Laura Rossi, via Roma 12, 3924567890""",1
"""*Ricevuta per il pagamento di bolletta da parte di Signor Paolo Verdi, 456.789.1234""",1
"""*Appuntamento con Avv. Maria Rossi, 393.456.7890""",1
"""*Riferimento ticket: 1234567, per Signor Giovanni Moretti""",1
"""*Carta d'identità numero: 12345678, rilasciata a Signora Elena Bianchi""",1
"""*Ricevuta per il pagamento di 567 euro da parte di Signor Luca Verdi, 890.123.4567""",1
"""*Consegna a domicilio per Signor Roberto Moretti, via Roma 12, 3924567890""",1
"""*Riferimento fattura: 123456, per Signor Marco Bianchi""",1
"""*Email inviata a Signor Francesco Rossi, marco.rossi@email.com""",1
"""*Ordine di servizio per Signor Andrea Verdi, 456.789.1234""",1
"""*Appuntamento con Dott.ssa Sofia Moretti, 392.456.7890""",1
"""*Carta di credito: 1234-5678-1234-5678, scadenza 12/25, cvv 789""",1
"""*Ricevuta per il pagamento di 890 euro da parte di Signor Paolo Bianchi, 392.456.7890""",1
"""*Indirizzo per la consegna: via Roma 12, 3924567890""",1
"""*Riferimento ordine: 123456, per Signor Luca Moretti""",1
"""*Email inviata a Signor Giovanni Rossi, giuseppe.rossi@email.com""",1
"""*Ordine d'arresto per Signor Marco Bianchi, 456.789.1234""",1
"""*Carta d'identità numero: 1234567, rilasciata a Signora Laura Verdi""",1
"""*Ricevuta per il pagamento di 123 euro da parte di Signor Francesco Bianchi, 392.456.7890""",1
"""*Appuntamento con Avv. Sofia Rossi, 393.456.7890""",1
"""*Riferimento ticket: 678901, per Signor Roberto Moretti""",1
"""*Consegnato pacco a Signora Elena Rossi, via Roma 12, 3924567890""",1
"""*Riferimento fattura: 678901, per Signor Andrea Bianchi""",1
"""*Email inviata a Signor Luca Rossi, luca.rossi@email.com""",1
"""*Sospensione servizi per Signor Paolo Moretti, 456.789.1234""",1
"""*Ricevuta per il pagamento di bolletta da parte di Signor Giovanni Verdi, 890.123.4567""",1
"""*Appuntamento con Dott. Marco Rossi, 392.456.7890""",1
"""*Riferimento anagrafico: 123456789, per Signor Andrea Verdi""",1
"""*Consegnato pacco a Signora Sofia Bianchi, via Roma 12, 3924567890""",1
"""*Riferimento ordine: 678901, per Signor Francesco Bianchi""",1
"""*Email inviata a Signor Roberto Rossi, roberto.rossi@email.com""",1
"""*Ordine d'arresto per Signor Luca Moretti, 456.789.1234""",1
"""*Carta di credito: 1234 5678 1234 5678, scadenza 12/25, cvv 789""",1
"""*Ricevuta per il pagamento di 456 euro da parte di Signor Marco Verdi, 392.456.7890""",1
"""*Indirizzo per la consegna: via Roma 12, 3924567890""",1
"""*Riferimento ticket: 123456, per Signor Paolo Moretti""",1
"""*Email inviata a Signor Andrea Rossi, andrea.rossi@email.com""",1
"""*Ordine di servizio per Signor Giovanni Bianchi, 456.789.1234""",1
"""*Appuntamento con Dott.ssa Laura Rossi, 392.456.7890""",1
"""*Carta d'identità numero: 123456789, rilasciata a Signora Sofia Moretti""",1
"""*Ricevuta per il pagamento di 789 euro da parte di Signor Francesco Verdi, 890.123.4567""",1
"""*Consegnato pacco a Signor Roberto Bianchi, via Roma 12, 3924567890""",1
"""*Riferimento fattura: 123456, per Signor Luca Bianchi""",1
"""*Email inviata a Signor Andrea Moretti, andrea.moretti@email.com""",1
"""* ""Il Sig. Marco Rossi, residente in Via Roma 123, Milano, ha ricevuto una multa per eccesso di velocità.""",1
"""* ""La carta di credito 1234 5678 9012 3456 è stata utilizzata per un acquisto online.""",1
"""* ""Il numero di telefono 333.123.4567 è associato a un reclamo per una chiamata non richiesta.""",1
"""* ""La Signora Anna Bianchi, con indirizzo email anna.bianchi@email.com, ha richiesto informazioni sul suo conto corrente.""",1
"""* ""Il tesserino sanitario 123456789 è stato utilizzato per prenotare una visita medica.""",1
"""* ""Il Sig. Luigi Verdi, con numero di passaporto P12345678, ha richiesto il rinnovo del documento.""",1
"""* ""La patente di guida 123AB456C è stata sospesa a causa di guida in stato di ebbrezza.""",1
"""* ""Il Signor Franco Rossi, con indirizzo Via del Corso 456, Roma, ha effettuato un acquisto per un totale di €500 con la sua carta di credito.""",1
"""* ""La Signora Laura Berti, con indirizzo email laura.berti@gmail.com, ha segnalato un problema con la sua connessione internet.""",1
"""* ""Il numero di telefono 02.123.4567 è stato utilizzato per richiedere un intervento tecnico.""",1
"""* ""Il Sig. Giovanni Rossi, con indirizzo Via Mazzini 789, Torino, ha richiesto informazioni sulle sue polizze assicurative.""",1
"""* ""La carta di credito 1234-5678-9012-3456 è stata utilizzata per un acquisto in un negozio locale.""",1
"""* ""Il numero di tessera sanitaria 1234567890 è stato utilizzato per prenotare una visita specialistica.""",1
"""* ""Il Sig. Alessandro Bianchi, con indirizzo Via Dante 321, Firenze, ha richiesto l'emissione di un nuovo documento di identità.""",1
"""* ""La Signora Sofia Verdi, con indirizzo email sofia.verdi@hotmail.com, ha segnalato un problema con il suo account bancario.""",1
"""* ""Il numero di carta di credito 1234 5678 9012 è stato utilizzato per un acquisto online.""",1
"""* ""Il Sig. Francesco Rossi, con indirizzo Via Cavour 654, Napoli, ha richiesto informazioni sulla sua bolletta del gas.""",1
"""* ""La Signora Laura Bianchi, con indirizzo Via Mazzini 789, Milano, ha effettuato un pagamento con la sua carta di credito 1234 5678 9012 3456.""",1
"""* ""Il numero di passaporto P12345678 è stato utilizzato per prenotare un volo internazionale.""",1
"""* ""Il Sig.Marco Verdi, con indirizzo Via Roma 123, Bologna, ha richiesto informazioni sulle sue polizze assicurative.""",1
"""* ""La Signora Anna Rossi, con indirizzo email anna.rossi@yahoo.com, ha segnalato un problema con il suo servizio di streaming.""",1
"""* ""Il numero di patente di guida 123AB456C è stato utilizzato per noleggiare un'auto.""",1
"""* ""Il Sig. Luigi Bianchi, con indirizzo Via del Corso 456, Roma, ha richiesto informazioni sulla sua bolletta della luce.""",1
"""* ""La Signora Laura Verdi, con indirizzo Via Mazzini 789, Torino, ha effettuato un acquisto online con la sua carta di credito 1234-5678-9012-3456.""",1
"""* ""Il numero di tessera sanitaria 1234567890 è stato utilizzato per prenotare una visita medica specialistica.""",1
"""* ""Il Sig. Alessandro Rossi, con indirizzo Via Dante 321, Firenze, ha richiesto informazioni sulla sua polizza vita.""",1
"""* ""La Signora Sofia Bianchi, con indirizzo email sofia.bianchi@outlook.com, ha segnalato un problema con il suo smartphone.""",1
"""* ""Il numero di carta di credito 1234 5678 9012 è stato utilizzato per un acquisto in un negozio.""",1
"""* ""Il Sig. Francesco Bianchi, con indirizzo Via Cavour 654, Napoli, ha richiesto informazioni sulla sua bolletta del telefono.""",1
"""* ""La Signora Laura Rossi, con indirizzo Via Mazzini 789, Milano, ha effettuato un pagamento con la sua carta di debito 1234 5678 9012 3456.""",1
"""* ""Il numero di passaporto P12345678 è stato utilizzato per prenotare un hotel all'estero.""",1
"""* ""Il Sig. Marco Bianchi, con indirizzo Via Roma 123, Bologna, ha richiesto informazioni sulla sua assicurazione auto.""",1
"""* ""La Signora Anna Verdi, con indirizzo email anna.verdi@gmail.com, ha segnalato un problema con il suo servizio di consegna alimentari.""",1
"""* ""Il numero di patente di guida 123AB456C è stato utilizzato per noleggiare uno scooter.""",1
"""* ""Il Sig. Luigi Rossi, con indirizzo Via del Corso 456, Roma, ha richiesto informazioni sulla sua polizza casa.""",1
"""* ""La Signora Laura Bianchi, con indirizzo Via Mazzini 789, Torino, ha effettuato un acquisto online con la sua carta di credito 1234-5678-9012-3456.""",1
"""* ""Il numero di tessera sanitaria 1234567890 è stato utilizzato per prenotare una visita medica specialistica.""",1
"""* ""Il Sig. Alessandro Verdi, con indirizzo Via Dante 321, Firenze, ha richiesto informazioni sulla sua assicurazione vita.""",1
"""* ""La Signora Sofia Rossi, con indirizzo email sofia.rossi@hotmail.com, ha segnalato un problema con il suo servizio di streaming.""",1
"""* ""Il numero di carta di credito 1234 5678 9012 è stato utilizzato per un acquisto in un negozio online.""",1
"""* ""Il Sig. Francesco Verdi, con indirizzo Via Cavour 654, Napoli, ha richiesto informazioni sulla sua linea fissa.""",1
"""* ""La Signora Laura Verdi, con indirizzo Via Mazzini 789, Milano, ha effettuato un pagamento con la sua carta di credito 1234-5678-9012-3456.""",1
"""* ""Il numero di passaporto P12345678 è stato utilizzato per prenotare un viaggio in treno.""",1
"""* ""Il Sig. Marco Rossi, con indirizzo Via Roma 123, Bologna, ha richiesto informazioni sulla sua assicurazione vita.""",1
"""* ""La Signora Anna Bianchi, con indirizzo email anna.bianchi@live.com, ha segnalato un problema con il suo conto PayPal.""",1
"""* ""Il numero di patente di guida 123AB456C è stato utilizzato per noleggiare un'auto.""",1
"""* ""Il Sig. Luigi Bianchi, con indirizzo Via del Corso 456, Roma, ha richiesto informazioni sulla sua assicurazione auto.""",1
"""* ""La Signora Laura Rossi, con indirizzo Via Mazzini 789, Torino, ha effettuato un acquisto online con la sua carta di credito 1234-5678-9012-3456.""",1
"""* ""Il numero di tessera sanitaria 1234567890 è stato utilizzato per prenotare una visita medica.""",1
"""* ""Il Sig. Alessandro Bianchi, con indirizzo Via Dante 321, Firenze, ha richiesto informazioni sulla sua assicurazione vita.""",1
"""* ""La Signora Sofia Verdi, con indirizzo email sofia.verdi@yahoo.com, ha segnalato un problema con il suo conto corrente.""",1
"""* ""Il numero di carta di credito 1234 5678 9012 è stato utilizzato per un acquisto in un negozio fisico.""",1
"""* ""Il Sig. Francesco Bianchi, con indirizzo Via Cavour 654, Napoli, ha richiesto informazioni sulla sua assicurazione vita.""",1
"""Incendio in via Roma 12, casa di Signor Roberto Martini""",1
"""*Ordine d'arresto per Signora Anna Lombardi, 456-7890""",1
"""*Conto corrente intestato a Marco Rossi, IBAN: IT65X0200805200000012345678""",1
"""*Appuntamento con Dott. Lorenzo Bianchi, 392.456.7890""",1
"""*Carta di credito: 1234 5678 1234 5678, scadenza 12/25, cvv 789""",1
"""*Ricevuta per il pagamento di 123 euro da parte diSignor Francesco Moretti, 567.890.1234""",1
"""*Email confermata per l'invio di documenti a Signora Sofia Verdi, sofia.verdi@email.com""",1
"""*Patente di guida numero: 1234567890, rilasciata a Signor Andrea Moretti""",1
"""*Riferimento anagrafico: 12345678901, per Signor Luca Bianchi""",1
"""*Consegnato pacco a Signora Laura Rossi, via Roma 12, 3924567890""",1
"""*Ricevuta per il pagamento di bolletta da parte di Signor Paolo Verdi, 456.789.1234""",1
"""*Appuntamento con Avv. Maria Rossi, 393.456.7890""",1
"""*Riferimento ticket: 1234567, per Signor Giovanni Moretti""",1
"""*Carta d'identità numero: 12345678, rilasciata a Signora Elena Bianchi""",1
"""*Ricevuta per il pagamento di 567 euro da parte di Signor Luca Verdi, 890.123.4567""",1
"""*Consegna a domicilio per Signor Roberto Moretti, via Roma 12, 3924567890""",1
"""*Riferimento fattura: 123456, per Signor Marco Bianchi""",1
"""*Email inviata a Signor Francesco Rossi, marco.rossi@email.com""",1
"""*Ordine di servizio per Signor Andrea Verdi, 456.789.1234""",1
"""*Appuntamento con Dott.ssa Sofia Moretti, 392.456.7890""",1
"""*Carta di credito: 1234-5678-1234-5678, scadenza 12/25, cvv 789""",1
"""*Ricevuta per il pagamento di 890 euro da parte di Signor Paolo Bianchi, 392.456.7890""",1
"""*Indirizzo per la consegna: via Roma 12, 3924567890""",1
"""*Riferimento ordine: 123456, per Signor Luca Moretti""",1
"""*Email inviata a Signor Giovanni Rossi, giuseppe.rossi@email.com""",1
"""*Ordine d'arresto per Signor Marco Bianchi, 456.789.1234""",1
"""*Carta d'identità numero: 1234567, rilasciata a Signora Laura Verdi""",1
"""*Ricevuta per il pagamento di 123 euro da parte di Signor Francesco Bianchi, 392.456.7890""",1
"""*Appuntamento con Avv. Sofia Rossi, 393.456.7890""",1
"""*Riferimento ticket: 678901, per Signor Roberto Moretti""",1
"""*Consegnato pacco a Signora Elena Rossi, via Roma 12, 3924567890""",1
"""*Riferimento fattura: 678901, per Signor Andrea Bianchi""",1
"""*Email inviata a Signor Luca Rossi, luca.rossi@email.com""",1
"""*Sospensione servizi per Signor Paolo Moretti, 456.789.1234""",1
"""*Ricevuta per il pagamento di bolletta da parte di Signor Giovanni Verdi, 890.123.4567""",1
"""*Appuntamento con Dott. Marco Rossi, 392.456.7890""",1
"""*Riferimento anagrafico: 123456789, per Signor Andrea Verdi""",1
"""*Consegnato pacco a Signora Sofia Bianchi, via Roma 12, 3924567890""",1
"""*Riferimento ordine: 678901, per Signor Francesco Bianchi""",1
"""*Email inviata a Signor Roberto Rossi, roberto.rossi@email.com""",1
"""*Ordine d'arresto per Signor Luca Moretti, 456.789.1234""",1
"""*Carta di credito: 1234 5678 1234 5678, scadenza 12/25, cvv 789""",1
"""*Ricevuta per il pagamento di 456 euro da parte di Signor Marco Verdi, 392.456.7890""",1
"""*Indirizzo per la consegna: via Roma 12, 3924567890""",1
"""*Riferimento ticket: 123456, per Signor Paolo Moretti""",1
"""*Email inviata a Signor Andrea Rossi, andrea.rossi@email.com""",1
"""*Ordine di servizio per Signor Giovanni Bianchi, 456.789.1234""",1
"""*Appuntamento con Dott.ssa Laura Rossi, 392.456.7890""",1
"""*Carta d'identità numero: 123456789, rilasciata a Signora Sofia Moretti""",1
"""*Ricevuta per il pagamento di 789 euro da parte di Signor Francesco Verdi, 890.123.4567""",1
"""*Consegnato pacco a Signor Roberto Bianchi, via Roma 12, 3924567890""",1
"""*Riferimento fattura: 123456, per Signor Luca Bianchi""",1
"""*Email inviata a Signor Andrea Moretti, andrea.moretti@email.com""",1
"""* ""Il signor Giovanni Rossi, residente in Via Roma 23, ha ricevuto una multa per divieto di sosta.""",1
"""* ""Il mio numero di telefono è 348.123.4567, potete contattarmi per qualsiasi informazione.""",1
"""* ""La carta di credito 1234 5678 9012 3456 è stata addebitata per l'acquisto presso il nostro negozio.""",1
"""* ""La mia email è john.doe@example.com, vi invierò lì le informazioni richieste.""",1
"""* ""Il passaporto numero 123456789 è stato emesso a nome di Maria Rossi.""",1
"""* ""Il numero della mia patente di guida è ABC123D, in caso di necessità.""",1
"""* ""Il mio indirizzo è 123 Main St, Apartemento 4B, New York, NY 10001.""",1
"""* ""Il conto bancario 1234-5678-9012-3456 è stato accredito dell'importo di €1000.""",1
"""* ""Il numero di previdenza sociale 123-45-6789 corrisponde al sig. Marco Bianchi.""",1
"""* ""Il mio numero di telefono internazionale è +39 348 123 4567.""",1
"""* ""La mia carta di credito termina con i numeri 1234, vi prego di non divulgarli.""",1
"""* ""Il mio indirizzo postale è Casella Postale 456, Roma, Italia.""",1
"""* ""Il mio numero di tessera sanitaria è 123456789012345.""",1
"""* ""Il mio indirizzo IP è 192.168.1.1, per problemi di connessione.""",1
"""* ""Il mio indirizzo email personale è jane.doe@gmail.com.""",1
"""* ""Il mio numero di cellulare è 0987654321, potete chiamarmi in qualsiasi momento.""",1
"""* ""Il mio indirizzo di fatturazione è 456 Oak St, Suite 3, San Francisco, CA 94101.""",1
"""* ""Il mio numero di carta di debito è 6789 1011 1213 1415.""",1
"""* ""Il mio indirizzo di residenza è 789 Pine St, Apartment 2C, Boston, MA 02115.""",1
"""* ""Il mio numero di telefono di casa è (123) 456-7890.""",1
"""* ""La mia email professionale è john.doe@company.com.""",1
"""* ""Il mio indirizzo di spedizione è 101 Elm St, Unit 3, Chicago, IL 60601.""",1
"""* ""Il mio numero di carta di credito Amex è 3714 4963 3853 5478.""",1
"""* ""Il mio numero di cellulare internazionale è +1 987 654 3210.""",1
"""* ""Il mio indirizzo di lavoro è 1234 Main St, Floor 5, New York, NY 10001.""",1
"""* ""Il mio numero di telefono fisso è 02 345 6789.""",1
"""* ""Il mio indirizzo email alternativo è jane.doe@altemail.com.""",1
"""* ""Il mio numero di tessera sanitaria è 987-65-4320.""",1
"""* ""Il mio indirizzo postale alternativo è Casella Postale 123, Milano, Italia.""",1
"""* ""Il mio indirizzo di fatturazione è PO Box 789, Los Angeles, CA 90001.""",1
"""* ""Il mio numero di carta di credito Visa è 4111 1111 1111 1111.""",1
"""* ""Il mio indirizzo di spedizione alternativo è 567 Maple St, Apartment 1D, Philadelphia, PA 19101.""",1
"""* ""Il mio numero di telefono mobile è 349.852.1470.""",1
"""* ""Il mio indirizzo email personale è john.doe@yahoo.it.""",1
"""* ""Il mio numero di carta di credito Mastercard è 5555 5555 5555 4444.""",1
"""* ""Il mio numero di telefono di casa è 06 123 4567.""",1
"""* ""Il mio indirizzo di lavoro alternativo è 890 Birch St, Suite 2, Miami, FL 33101.""",1
"""* ""Il mio numero di cellulare è 333.333.3333.""",1
"""* ""Il mio indirizzo email professionale è jane.doe@othercompany.com.""",1
"""* ""Il mio indirizzo di fatturazione alternativo è 246 Pine St, Suite 5, Houston, TX 77002.""",1
"""* ""Il mio numero di carta di credito Discover è 6011 1111 1111 1117.""",1
"""* ""Il mio indirizzo di residenza alternativo è 345 Cedar St, Apartment 3, San Diego, CA 92101.""",1
"""* ""Errore nella fattura: numero di carta di credito 1234-5678-9012-3456 è stato inserito erroneamente.""",1
"""* ""Il pacco sarà consegnato a Signora Maria Rossi, Via Roma 12, 00100 Roma.""",1
"""* ""Per risolvere il problema, contatta il nostro supporto tecnico al numero +39 333 123 4567.""",1
"""* ""La tua carta d'identità è scaduta, visita il sito dell'Agenzia delle Entrate per il rinnovo.""",1
"""* ""Il tuo numero di previdenza sociale è 123-45-6789, controlla i tuoi dati sulla busta paga.""",1
"""* ""Il tuo indirizzo email è stato aggiornato a john.doe@example.com, verifica le nuove impostazioni.""",1
"""* ""La tua patente di guida è stata sospesa, contatta il tuo ufficio locale del Dipartimento dei Trasporti.""",1
"""* ""Il conto corrente 123456789 per l'addebito automatico è stato aggiornato.""",1
"""* ""Il tuo numero di passaporto è 987654321, conserva questo numero per future verifiche.""",1
"""* ""Il tuo appuntamento dal dottore è per il 15/05/2023, la tua cartella clinica è la numero 12345.""",1
"""* ""Il tuo indirizzo di fatturazione è cambiato, segnalalo al tuo fornitore di servizi.""",1
"""* ""Il tuo PIN della carta di credito è stato aggiornato, il nuovo PIN è 1234.""",1
"""* ""Il tuo numero di cellulare è stato cambiato, il nuovo numero è +39 333 987 6543.""",1
"""* ""Il tuo indirizzo di spedizione per i pacchi è stato aggiornato, controlla i dettagli sulla tua pagina di account.""",1
"""* ""Il tuo numero di tessera sanitaria è 1234567890, presentalo alla reception all'arrivo.""",1
"""* ""Il tuo indirizzo email personale è stato aggiornato a jane.doe@example.com.""",1
"""* ""Il tuo numero di telefono fisso è stato cambiato, il nuovo numero è 06 123 4567.""",1
"""* ""Il tuo indirizzo di residenza è stato aggiornato a Via del Corso 56, 00184 Roma.""",1
"""* ""Il tuo account è stato bloccato a causa di tentativi di accesso non autorizzati, contatta il supporto tecnico al +39 06 123 4567.""",1
"""* ""Il tuo numero di conto corrente bancario è 12345678, verifica i dettagli sulla tua ultima busta paga.""",1
"""* ""Il tuo indirizzo IP è 192.168.1.1, verifica le impostazioni di sicurezza del tuo network.""",1
"""* ""Il tuo nome completo è stato aggiornato a Giovanni Rossi, verifica i dettagli sul tuo profilo.""",1
"""* ""Il tuo codice fiscale è stato aggiornato a RRSMRA80A01H501I, verifica i dettagli sulla tua dichiarazione dei redditi.""",1
"""* ""Il tuo indirizzo email professionale è stato aggiornato a j.rossi@example.com.""",1
"""* ""Il tuo numero di cellulare personale è stato aggiornato a +39 333 123 4567, verifica i dettagli sulla tua pagina di account.""",1
"""* ""Il tuo indirizzo di lavoro è stato aggiornato a Piazza di Spagna 10, 00187 Roma.""",1
"""* ""Il tuo numero di fax è stato cambiato, il nuovo numero è 06 456 7890.""",1
"""* ""Il tuo nome utente è stato aggiornato a john_doe, verifica i dettagli sulla tua pagina di login.""",1
"""* ""Il tuo indirizzo email temporaneo è john.doe+temp@example.com, verifica i dettagli sulla tua pagina di account.""",1
"""* ""Il tuo numero di telefono di casa è stato aggiornato a 06 987 6543.""",1
"""* ""Il tuo indirizzo di casa è stato aggiornato a Via Vittorio Emanuele 45, 00184 Roma.""",1
"""* ""Il tuo numero di carta di credito è stato aggiornato a 1234-5678-9012-3456, verifica i dettagli sulla tua pagina di account.""",1
"""* ""Il tuo indirizzo email personale è stato aggiornato a maria.rossi@example.com.""",1
"""* ""Il tuo numero di cellulare personale è stato aggiornato a +39 333 987 6543.""",1
"""* ""Il tuo indirizzo di fatturazione è stato aggiornato a Via del Corso 56, 00184 Roma.""",1
"""* ""Il tuo numero di carta di credito è stato aggiornato a 1234 5678 9012 3456, verifica i dettagli sulla tua pagina di account.""",1
"""* ""Il tuo indirizzo email professionale è stato aggiornato a m.rossi@example.com.""",1
"""* ""Il tuo indirizzo di casa è stato aggiornato a Via dei Condotti 12, 00187 Roma.""",1
"""Incendio in via Roma 12, casa di Signor Roberto Martini""",1
"""*Ordine d'arresto per Signora Anna Lombardi, 456-7890""",1
"""*Conto corrente intestato a Marco Rossi, IBAN: IT65X0200805200000012345678""",1
"""*Appuntamento con Dott. Lorenzo Bianchi, 392.456.7890""",1
"""*Carta di credito: 1234 5678 1234 5678, scadenza 12/25, cvv 789""",1
"""*Ricevuta per il pagamento di 123 euro da parte diSignor Francesco Moretti, 567.890.1234""",1
"""*Email confermata per l'invio di documenti a Signora Sofia Verdi, sofia.verdi@email.com""",1
"""*Patente di guida numero: 1234567890, rilasciata a Signor Andrea Moretti""",1
"""*Riferimento anagrafico: 12345678901, per Signor Luca Bianchi""",1
"""*Consegnato pacco a Signora Laura Rossi, via Roma 12, 3924567890""",1
"""*Ricevuta per il pagamento di bolletta da parte di Signor Paolo Verdi, 456.789.1234""",1
"""*Appuntamento con Avv. Maria Rossi, 393.456.7890""",1
"""*Riferimento ticket: 1234567, per Signor Giovanni Moretti""",1
"""*Carta d'identità numero: 12345678, rilasciata a Signora Elena Bianchi""",1
"""*Ricevuta per il pagamento di 567 euro da parte di Signor Luca Verdi, 890.123.4567""",1
"""*Consegna a domicilio per Signor Roberto Moretti, via Roma 12, 3924567890""",1
"""*Riferimento fattura: 123456, per Signor Marco Bianchi""",1
"""*Email inviata a Signor Francesco Rossi, marco.rossi@email.com""",1
"""*Ordine di servizio per Signor Andrea Verdi, 456.789.1234""",1
"""*Appuntamento con Dott.ssa Sofia Moretti, 392.456.7890""",1
"""*Carta di credito: 1234-5678-1234-5678, scadenza 12/25, cvv 789""",1
"""*Ricevuta per il pagamento di 890 euro da parte di Signor Paolo Bianchi, 392.456.7890""",1
"""*Indirizzo per la consegna: via Roma 12, 3924567890""",1
"""*Riferimento ordine: 123456, per Signor Luca Moretti""",1
"""*Email inviata a Signor Giovanni Rossi, giuseppe.rossi@email.com""",1
"""*Ordine d'arresto per Signor Marco Bianchi, 456.789.1234""",1
"""*Carta d'identità numero: 1234567, rilasciata a Signora Laura Verdi""",1
"""*Ricevuta per il pagamento di 123 euro da parte di Signor Francesco Bianchi, 392.456.7890""",1
"""*Appuntamento con Avv. Sofia Rossi, 393.456.7890""",1
"""*Riferimento ticket: 678901, per Signor Roberto Moretti""",1
"""*Consegnato pacco a Signora Elena Rossi, via Roma 12, 3924567890""",1
"""*Riferimento fattura: 678901, per Signor Andrea Bianchi""",1
"""*Email inviata a Signor Luca Rossi, luca.rossi@email.com""",1
"""*Sospensione servizi per Signor Paolo Moretti, 456.789.1234""",1
"""*Ricevuta per il pagamento di bolletta da parte di Signor Giovanni Verdi, 890.123.4567""",1
"""*Appuntamento con Dott. Marco Rossi, 392.456.7890""",1
"""*Riferimento anagrafico: 123456789, per Signor Andrea Verdi""",1
"""*Consegnato pacco a Signora Sofia Bianchi, via Roma 12, 3924567890""",1
"""*Riferimento ordine: 678901, per Signor Francesco Bianchi""",1
"""*Email inviata a Signor Roberto Rossi, roberto.rossi@email.com""",1
"""*Ordine d'arresto per Signor Luca Moretti, 456.789.1234""",1
"""*Carta di credito: 1234 5678 1234 5678, scadenza 12/25, cvv 789""",1
"""*Ricevuta per il pagamento di 456 euro da parte di Signor Marco Verdi, 392.456.7890""",1
"""*Indirizzo per la consegna: via Roma 12, 3924567890""",1
"""*Riferimento ticket: 123456, per Signor Paolo Moretti""",1
"""*Email inviata a Signor Andrea Rossi, andrea.rossi@email.com""",1
"""*Ordine di servizio per Signor Giovanni Bianchi, 456.789.1234""",1
"""*Appuntamento con Dott.ssa Laura Rossi, 392.456.7890""",1
"""*Carta d'identità numero: 123456789, rilasciata a Signora Sofia Moretti""",1
"""*Ricevuta per il pagamento di 789 euro da parte di Signor Francesco Verdi, 890.123.4567""",1
"""*Consegnato pacco a Signor Roberto Bianchi, via Roma 12, 3924567890""",1
"""*Riferimento fattura: 123456, per Signor Luca Bianchi""",1
"""*Email inviata a Signor Andrea Moretti, andrea.moretti@email.com""",1
"""Incendio in via Roma 12, casa di Signor Roberto Martini""",1
"""*Ordine d'arresto per Signora Anna Lombardi, 456-7890""",1
"""*Conto corrente intestato a Marco Rossi, IBAN: IT65X0200805200000012345678""",1
"""*Appuntamento con Dott. Lorenzo Bianchi, 392.456.7890""",1
"""*Carta di credito: 1234 5678 1234 5678, scadenza 12/25, cvv 789""",1
"""*Ricevuta per il pagamento di 123 euro da parte diSignor Francesco Moretti, 567.890.1234""",1
"""*Email confermata per l'invio di documenti a Signora Sofia Verdi, sofia.verdi@email.com""",1
"""*Patente di guida numero: 1234567890, rilasciata a Signor Andrea Moretti""",1
"""*Riferimento anagrafico: 12345678901, per Signor Luca Bianchi""",1
"""*Consegnato pacco a Signora Laura Rossi, via Roma 12, 3924567890""",1
"""*Ricevuta per il pagamento di bolletta da parte di Signor Paolo Verdi, 456.789.1234""",1
"""*Appuntamento con Avv. Maria Rossi, 393.456.7890""",1
"""*Riferimento ticket: 1234567, per Signor Giovanni Moretti""",1
"""*Carta d'identità numero: 12345678, rilasciata a Signora Elena Bianchi""",1
"""*Ricevuta per il pagamento di 567 euro da parte di Signor Luca Verdi, 890.123.4567""",1
"""*Consegna a domicilio per Signor Roberto Moretti, via Roma 12, 3924567890""",1
"""*Riferimento fattura: 123456, per Signor Marco Bianchi""",1
"""*Email inviata a Signor Francesco Rossi, marco.rossi@email.com""",1
"""*Ordine di servizio per Signor Andrea Verdi, 456.789.1234""",1
"""*Appuntamento con Dott.ssa Sofia Moretti, 392.456.7890""",1
"""*Carta di credito: 1234-5678-1234-5678, scadenza 12/25, cvv 789""",1
"""*Ricevuta per il pagamento di 890 euro da parte di Signor Paolo Bianchi, 392.456.7890""",1
"""*Indirizzo per la consegna: via Roma 12, 3924567890""",1
"""*Riferimento ordine: 123456, per Signor Luca Moretti""",1
"""*Email inviata a Signor Giovanni Rossi, giuseppe.rossi@email.com""",1
"""*Ordine d'arresto per Signor Marco Bianchi, 456.789.1234""",1
"""*Carta d'identità numero: 1234567, rilasciata a Signora Laura Verdi""",1
"""*Ricevuta per il pagamento di 123 euro da parte di Signor Francesco Bianchi, 392.456.7890""",1
"""*Appuntamento con Avv. Sofia Rossi, 393.456.7890""",1
"""*Riferimento ticket: 678901, per Signor Roberto Moretti""",1
"""*Consegnato pacco a Signora Elena Rossi, via Roma 12, 3924567890""",1
"""*Riferimento fattura: 678901, per Signor Andrea Bianchi""",1
"""*Email inviata a Signor Luca Rossi, luca.rossi@email.com""",1
"""*Sospensione servizi per Signor Paolo Moretti, 456.789.1234""",1
"""*Ricevuta per il pagamento di bolletta da parte di Signor Giovanni Verdi, 890.123.4567""",1
"""*Appuntamento con Dott. Marco Rossi, 392.456.7890""",1
"""*Riferimento anagrafico: 123456789, per Signor Andrea Verdi""",1
"""*Consegnato pacco a Signora Sofia Bianchi, via Roma 12, 3924567890""",1
"""*Riferimento ordine: 678901, per Signor Francesco Bianchi""",1
"""*Email inviata a Signor Roberto Rossi, roberto.rossi@email.com""",1
"""*Ordine d'arresto per Signor Luca Moretti, 456.789.1234""",1
"""*Carta di credito: 1234 5678 1234 5678, scadenza 12/25, cvv 789""",1
"""*Ricevuta per il pagamento di 456 euro da parte di Signor Marco Verdi, 392.456.7890""",1
"""*Indirizzo per la consegna: via Roma 12, 3924567890""",1
"""*Riferimento ticket: 123456, per Signor Paolo Moretti""",1
"""*Email inviata a Signor Andrea Rossi, andrea.rossi@email.com""",1
"""*Ordine di servizio per Signor Giovanni Bianchi, 456.789.1234""",1
"""*Appuntamento con Dott.ssa Laura Rossi, 392.456.7890""",1
"""*Carta d'identità numero: 123456789, rilasciata a Signora Sofia Moretti""",1
"""*Ricevuta per il pagamento di 789 euro da parte di Signor Francesco Verdi, 890.123.4567""",1
"""*Consegnato pacco a Signor Roberto Bianchi, via Roma 12, 3924567890""",1
"""*Riferimento fattura: 123456, per Signor Luca Bianchi""",1
"""*Email inviata a Signor Andrea Moretti, andrea.moretti@email.com""",1
"""Incendio in via Roma 12, casa di Signor Roberto Martini""",1
"""*Ordine d'arresto per Signora Anna Lombardi, 456-7890""",1
"""*Conto corrente intestato a Marco Rossi, IBAN: IT65X0200805200000012345678""",1
"""*Appuntamento con Dott. Lorenzo Bianchi, 392.456.7890""",1
"""*Carta di credito: 1234 5678 1234 5678, scadenza 12/25, cvv 789""",1
"""*Ricevuta per il pagamento di 123 euro da parte diSignor Francesco Moretti, 567.890.1234""",1
"""*Email confermata per l'invio di documenti a Signora Sofia Verdi, sofia.verdi@email.com""",1
"""*Patente di guida numero: 1234567890, rilasciata a Signor Andrea Moretti""",1
"""*Riferimento anagrafico: 12345678901, per Signor Luca Bianchi""",1
"""*Consegnato pacco a Signora Laura Rossi, via Roma 12, 3924567890""",1
"""*Ricevuta per il pagamento di bolletta da parte di Signor Paolo Verdi, 456.789.1234""",1
"""*Appuntamento con Avv. Maria Rossi, 393.456.7890""",1
"""*Riferimento ticket: 1234567, per Signor Giovanni Moretti""",1
"""*Carta d'identità numero: 12345678, rilasciata a Signora Elena Bianchi""",1
"""*Ricevuta per il pagamento di 567 euro da parte di Signor Luca Verdi, 890.123.4567""",1
"""*Consegna a domicilio per Signor Roberto Moretti, via Roma 12, 3924567890""",1
"""*Riferimento fattura: 123456, per Signor Marco Bianchi""",1
"""*Email inviata a Signor Francesco Rossi, marco.rossi@email.com""",1
"""*Ordine di servizio per Signor Andrea Verdi, 456.789.1234""",1
"""*Appuntamento con Dott.ssa Sofia Moretti, 392.456.7890""",1
"""*Carta di credito: 1234-5678-1234-5678, scadenza 12/25, cvv 789""",1
"""*Ricevuta per il pagamento di 890 euro da parte di Signor Paolo Bianchi, 392.456.7890""",1
"""*Indirizzo per la consegna: via Roma 12, 3924567890""",1
"""*Riferimento ordine: 123456, per Signor Luca Moretti""",1
"""*Email inviata a Signor Giovanni Rossi, giuseppe.rossi@email.com""",1
"""*Ordine d'arresto per Signor Marco Bianchi, 456.789.1234""",1
"""*Carta d'identità numero: 1234567, rilasciata a Signora Laura Verdi""",1
"""*Ricevuta per il pagamento di 123 euro da parte di Signor Francesco Bianchi, 392.456.7890""",1
"""*Appuntamento con Avv. Sofia Rossi, 393.456.7890""",1
"""*Riferimento ticket: 678901, per Signor Roberto Moretti""",1
"""*Consegnato pacco a Signora Elena Rossi, via Roma 12, 3924567890""",1
"""*Riferimento fattura: 678901, per Signor Andrea Bianchi""",1
"""*Email inviata a Signor Luca Rossi, luca.rossi@email.com""",1
"""*Sospensione servizi per Signor Paolo Moretti, 456.789.1234""",1
"""*Ricevuta per il pagamento di bolletta da parte di Signor Giovanni Verdi, 890.123.4567""",1
"""*Appuntamento con Dott. Marco Rossi, 392.456.7890""",1
"""*Riferimento anagrafico: 123456789, per Signor Andrea Verdi""",1
"""*Consegnato pacco a Signora Sofia Bianchi, via Roma 12, 3924567890""",1
"""*Riferimento ordine: 678901, per Signor Francesco Bianchi""",1
"""*Email inviata a Signor Roberto Rossi, roberto.rossi@email.com""",1
"""*Ordine d'arresto per Signor Luca Moretti, 456.789.1234""",1
"""*Carta di credito: 1234 5678 1234 5678, scadenza 12/25, cvv 789""",1
"""*Ricevuta per il pagamento di 456 euro da parte di Signor Marco Verdi, 392.456.7890""",1
"""*Indirizzo per la consegna: via Roma 12, 3924567890""",1
"""*Riferimento ticket: 123456, per Signor Paolo Moretti""",1
"""*Email inviata a Signor Andrea Rossi, andrea.rossi@email.com""",1
"""*Ordine di servizio per Signor Giovanni Bianchi, 456.789.1234""",1
"""*Appuntamento con Dott.ssa Laura Rossi, 392.456.7890""",1
"""*Carta d'identità numero: 123456789, rilasciata a Signora Sofia Moretti""",1
"""*Ricevuta per il pagamento di 789 euro da parte di Signor Francesco Verdi, 890.123.4567""",1
"""*Consegnato pacco a Signor Roberto Bianchi, via Roma 12, 3924567890""",1
"""*Riferimento fattura: 123456, per Signor Luca Bianchi""",1
"""*Email inviata a Signor Andrea Moretti, andrea.moretti@email.com""",1
"""Incendio in via Roma 12, casa di Signor Roberto Martini""",1
"""*Ordine d'arresto per Signora Anna Lombardi, 456-7890""",1
"""*Conto corrente intestato a Marco Rossi, IBAN: IT65X0200805200000012345678""",1
"""*Appuntamento con Dott. Lorenzo Bianchi, 392.456.7890""",1
"""*Carta di credito: 1234 5678 1234 5678, scadenza 12/25, cvv 789""",1
"""*Ricevuta per il pagamento di 123 euro da parte diSignor Francesco Moretti, 567.890.1234""",1
"""*Email confermata per l'invio di documenti a Signora Sofia Verdi, sofia.verdi@email.com""",1
"""*Patente di guida numero: 1234567890, rilasciata a Signor Andrea Moretti""",1
"""*Riferimento anagrafico: 12345678901, per Signor Luca Bianchi""",1
"""*Consegnato pacco a Signora Laura Rossi, via Roma 12, 3924567890""",1
"""*Ricevuta per il pagamento di bolletta da parte di Signor Paolo Verdi, 456.789.1234""",1
"""*Appuntamento con Avv. Maria Rossi, 393.456.7890""",1
"""*Riferimento ticket: 1234567, per Signor Giovanni Moretti""",1
"""*Carta d'identità numero: 12345678, rilasciata a Signora Elena Bianchi""",1
"""*Ricevuta per il pagamento di 567 euro da parte di Signor Luca Verdi, 890.123.4567""",1
"""*Consegna a domicilio per Signor Roberto Moretti, via Roma 12, 3924567890""",1
"""*Riferimento fattura: 123456, per Signor Marco Bianchi""",1
"""*Email inviata a Signor Francesco Rossi, marco.rossi@email.com""",1
"""*Ordine di servizio per Signor Andrea Verdi, 456.789.1234""",1
"""*Appuntamento con Dott.ssa Sofia Moretti, 392.456.7890""",1
"""*Carta di credito: 1234-5678-1234-5678, scadenza 12/25, cvv 789""",1
"""*Ricevuta per il pagamento di 890 euro da parte di Signor Paolo Bianchi, 392.456.7890""",1
"""*Indirizzo per la consegna: via Roma 12, 3924567890""",1
"""*Riferimento ordine: 123456, per Signor Luca Moretti""",1
"""*Email inviata a Signor Giovanni Rossi, giuseppe.rossi@email.com""",1
"""*Ordine d'arresto per Signor Marco Bianchi, 456.789.1234""",1
"""*Carta d'identità numero: 1234567, rilasciata a Signora Laura Verdi""",1
"""*Ricevuta per il pagamento di 123 euro da parte di Signor Francesco Bianchi, 392.456.7890""",1
"""*Appuntamento con Avv. Sofia Rossi, 393.456.7890""",1
"""*Riferimento ticket: 678901, per Signor Roberto Moretti""",1
"""*Consegnato pacco a Signora Elena Rossi, via Roma 12, 3924567890""",1
"""*Riferimento fattura: 678901, per Signor Andrea Bianchi""",1
"""*Email inviata a Signor Luca Rossi, luca.rossi@email.com""",1
"""*Sospensione servizi per Signor Paolo Moretti, 456.789.1234""",1
"""*Ricevuta per il pagamento di bolletta da parte di Signor Giovanni Verdi, 890.123.4567""",1
"""*Appuntamento con Dott. Marco Rossi, 392.456.7890""",1
"""*Riferimento anagrafico: 123456789, per Signor Andrea Verdi""",1
"""*Consegnato pacco a Signora Sofia Bianchi, via Roma 12, 3924567890""",1
"""*Riferimento ordine: 678901, per Signor Francesco Bianchi""",1
"""*Email inviata a Signor Roberto Rossi, roberto.rossi@email.com""",1
"""*Ordine d'arresto per Signor Luca Moretti, 456.789.1234""",1
"""*Carta di credito: 1234 5678 1234 5678, scadenza 12/25, cvv 789""",1
"""*Ricevuta per il pagamento di 456 euro da parte di Signor Marco Verdi, 392.456.7890""",1
"""*Indirizzo per la consegna: via Roma 12, 3924567890""",1
"""*Riferimento ticket: 123456, per Signor Paolo Moretti""",1
"""*Email inviata a Signor Andrea Rossi, andrea.rossi@email.com""",1
"""*Ordine di servizio per Signor Giovanni Bianchi, 456.789.1234""",1
"""*Appuntamento con Dott.ssa Laura Rossi, 392.456.7890""",1
"""*Carta d'identità numero: 123456789, rilasciata a Signora Sofia Moretti""",1
"""*Ricevuta per il pagamento di 789 euro da parte di Signor Francesco Verdi, 890.123.4567""",1
"""*Consegnato pacco a Signor Roberto Bianchi, via Roma 12, 3924567890""",1
"""*Riferimento fattura: 123456, per Signor Luca Bianchi""",1
"""*Email inviata a Signor Andrea Moretti, andrea.moretti@email.com""",1
