text,label
"""Apple stellt neues iPhone vor - Erwartungen hoch.""",0
"""Corona-Fallzahlen steigen in Deutschland an - Regierung warnt vor zweiter Welle.""",0
"""Reisehinweis: Urlaub in den Alpen - Wandern und Entspannen.""",0
"""Neue Gaming-Konsole von Sony angekündigt - PS5 verspricht beeindruckende Grafik.""",0
"""Kunden beschweren sich über lange Wartezeiten bei der Hotline - Firma verspricht Verbesserungen.""",0
"""Neue Studie zeigt: Regelmäßiges Laufen senkt das Risiko von Herz-Kreislauf-Erkrankungen.""",0
"""Bestseller-Autorin veröffentlicht neuen Thriller - Spannung garantiert.""",0
"""Neue App launched: 'EcoClean' hilft beim Recycling und Mülltrennung.""",0
"""Neue Studie: Kaffee trinken schützt vor Demenz - Kaffeeliebhaber aufgepasst!""",0
"""Verlauf der Pandemie: Impfstoffversuche zeigen vielversprechende Ergebnisse.""",0
"""Neues Smartphone von Samsung - Galaxy S21 im Test.""",0
"""Neue Serie auf Netflix: 'Bridgerton' verspricht romantische Unterhaltung.""",0
"""Neue Regelungen im Straßenverkehr - Autofahrer aufgepasst!""",0
"""Neue Umfrage: Mehrheit der Deutschen favorisiert Homeoffice.""",0
"""Neue Studie: Lesen fördert die kognitive Leistung - Bücher statt Fernseher.""",0
"""Neue Ausstellung im Museum - 'Kunst meets Technology'.""",0
"""Neue Studie: Haustiere verbessern die psychische Gesundheit - Tierfreunde freuen sich.""",0
"""Neue Regelungen in der Gastronomie - Indoor-Verzehr nur mit Maske.""",0
"""Neue App launched: 'FitForLife' unterstützt beim Abnehmen und gesunden Leben.""",0
"""Neue Studie: Regelmäßiges Yoga verbessert die Konzentration - Yogis aufgepasst!""",0
"""Neue Regelungen im Flugverkehr - Maskenpflicht verlängert.""",0
"""Neue Studie: Regelmäßiges Lachen stärkt das Immunsystem - Lachtherapie gefragt?""",0
"""Neue Serie auf Amazon Prime: 'The Expanse' fesselt mit Science-Fiction-Abenteuer.""",0
"""Neue Regelungen im Einzelhandel - Click & Collect beliebt wie nie.""",0
"""Neue Studie: Regelmäßiger Sex verringert das Risiko von Herz-Kreislauf-Erkrankungen.""",0
"""Neue App launched: 'LearnAnew' hilft beim Sprachenlernen.""",0
"""Neue Regelungen im öffentlichen Verkehr - Abstandsregeln verschärft.""",0
"""Neue Studie: Regelmäßiges Meditieren reduziert Stress - Entspannung pur!""",0
"""Neue Regelungen im Bildungswesen - Homeschooling bleibt vorerst erhalten.""",0
"""Neue App launched: 'EcoDrive' unterstützt beim umweltbewussten Fahren.""",0
"""Neue Studie: Regelmäßiges Tanzen verbessert die Koordination - Tanzkurse gefragt?""",0
"""Neue Regelungen im Arbeitsrecht - Homeoffice wird zum Dauerzustand.""",0
"""Neue Serie auf Disney+: 'The Mandalorian' bietet Star Wars-Action.""",0
"""Neue Regelungen im Tourismus - Reisewarnungen werden angepasst.""",0
"""Neue Studie: Regelmäßiges Schwimmen verbessert die Ausdauer - Schwimmbadbesuch lohnt sich.""",0
"""Neue App launched: 'PlantPal' hilft beim Pflegen von Pflanzen.""",0
"""Neue Regelungen im Bereich E-Commerce - Retouren müssen einfacher werden.""",0
"""Neue Studie: Regelmäßiges Lesen verbessert die Kreativität - Bücher statt Fernseher.""",0
"""Neue Regelungen im Bereich der Daten Protection - Unternehmen müssen strenger vorgehen.""",0
"""Neue App launched: 'MentalMate' unterstützt beim Stressabbau und Entspannung.""",0
"""Neue Regelungen im Bereich der Energieversorgung - Umstellung auf erneuerbare Energien wird forciert.""",0
"""Neue Studie: Regelmäßiges Kochen senkt das Risiko von Krebs - Gesunde Ernährung ist wichtig!""",0
"""1. ""Berlin: Neues Museum öffnet erweitert.""",0
"""2. ""Apple stellt neues iPhone vor - Experten begeistert.""",0
"""3. ""Fitnessstudio in München bietet nun Yogakurse an.""",0
"""4. ""Reise nach Wien: Schokoladenmuseum ein Muss!""",0
"""5. ""Neue Studie zeigt: Regelmäßige Bewegung senkt Krebsrisiko.""",0
"""6. ""Bahn streikt - Fahrgäste ratlos.""",0
"""7. ""Amazon Kunden/me: 'Produkt geliefert, aber kaputt'.""",0
"""8. "" lépische Sprachschule eröffnet in Köln.""",0
"""9. ""Neue App revolutioniert Haushaltsplanung.""",0
"""10. ""Kino in Hamburg zeigt Premierenwoche.""",0
"""11. ""Neuigkeiten aus der Welt der Kunst: Museum in Berlin eröffnet neue Ausstellung.""",0
"""12. ""Sicherheitsexperten warnen vor neuer Phishing-Kampagne.""",0
"""13. ""Check your account: Sparkasse bietet neue Online-Banking-Funktion an.""",0
"""14. ""Neues Restaurant in Frankfurt: Schlemmen für Gourmets.""",0
"""15. ""Neue Studie: Regelmäßiges Lesen erhöht Lebenserwartung.""",0
"""16. ""Münchner Merkur berichtet: Neues Einkaufszentrum eröffnet.""",0
"""17. ""Neue Smartwatch von Samsung: Gesundheitsfunktionen begeistern.""",0
"""18. ""Neues Buch von Daniel Kehlmann: 'Tyll' erscheint nächste Woche.""",0
"""19. ""Neues von BMW: Elektroauto iX3 kommt auf den Markt.""",0
"""20. ""Neues aus der Politik: Regierung plant Gesetzesänderung.""",0
"""21. ""Neues aus der Welt der Musik: Festival in München angekündigt.""",0
"""22. ""Neues aus der Welt der Mode: H&M präsentiert neue Kollektion.""",0
"""23. ""Neues aus der Welt der Tech: Google stellt neuen Chromebook vor.""",0
"""24. ""Neues aus der Welt der Games: PlayStation 5 bald verfügbar.""",0
"""25. ""Neues aus der Welt der Wissenschaft: Forscher entdecken neue Art von Viren.""",0
"""26. ""Neues aus der Welt der Sport: Bundesliga startet in neue Saison.""",0
"""27. ""Neues aus der Welt der Food: Vegane Restaurants boomen.""",0
"""28. ""Neues aus der Welt der Kunst: Louvre zeigt neue Ausstellung.""",0
"""29. ""Neues aus der Welt der Reisen: Kreuzfahrten wieder beliebt.""",0
"""30. ""Neues aus der Welt der Bildung: Online-Kurse immer gefragter.""",0
"""31. ""Neues aus der Welt der Finanzen: Börse erreicht neuen Rekordstand.""",0
"""32. ""Neues aus der Welt der Gesundheit:impfquote steigt.""",0
"""33. ""Neues aus der Welt der Nachhaltigkeit: Städtenetzwerk für grüne Städte gegründet.""",0
"""34. ""Neues aus der Welt der Politik: EU plant neue DatenSchutzregelungen.""",0
"""35. ""Neues aus der Welt der Technologie: 5G-Netz rollt aus.""",0
"""36. ""Neues aus der Welt der Mode: Nachhaltige Fashion Trend 2022.""",0
"""37. ""Neues aus der Welt der Musik: Streaming-Dienste kämpfen um Exklusivrechte.""",0
"""38. ""Neues aus der Welt der Games: E-Sport boomt.""",0
"""39. ""Neues aus der Welt der Bildung: Homeschooling bleibt Zukunftsthema.""",0
"""40. ""Neues aus der Welt der Finanzen: Kryptowährungen im Aufwind.""",0
"""41. ""Neues aus der Welt der Kunst: Streetart als Kunstform anerkannt.""",0
"""42. ""Neues aus der Welt der Sport: Olympia 2024 in Paris.""",0
"""43. ""Neues aus der Welt der Food: Foodtrucks erobern Deutschlands Straßen.""",0
"""44. ""Neues aus der Welt der Reisen: Fernreisen wieder möglich.""",0
"""45. ""Neues aus der Welt der Nachhaltigkeit: CO2-Steuer geplant.""",0
"""46. ""Neues aus der Welt der Gesundheit: Homeoffice und psychische Belastung.""",0
"""47. ""Neues aus der Welt der Technologie: Künstliche Intelligenz in der Medizin.""",0
"""48. ""Neues aus der Welt der Mode: Plus-Size Mode im Fokus.""",0
"""49. ""Neues aus der Welt der Musik: Musikstreaming übertrifft CD-Verkäufe.""",0
"""50. ""Neues aus der Welt der Games: Virtual Reality boomt.""",0
"""Apple presents new iPhone today in Cupertino.""",0
"""Check your account for details about our summer sale.""",0
"""Berlin Marathon starts tomorrow, runners prepare.""",0
"""Learn how to bake a cake in our new recipe blog.""",0
"""Call customer service for tech support, available 24/7.""",0
"""Germany wins FIFA World Cup, fans celebrate nationwide.""",0
"""Join our yoga class every Monday and Friday, 6 PM.""",0
"""New study suggests exercise boosts mood, try it today.""",0
"""Amazon reviews: 'Best book I've read all year,' says User123.""",0
"""Uber introduces electric scooters in Munich this week.""",0
"""Travel warning: Storms expected in Mediterranean region.""",0
"""Discover hidden gems in Hamburg with our local guide.""",0
"""Email sent to all employees regarding office closure on Monday.""",0
"""Buy one, get one free on all pizzas at our pizza shop today.""",0
"""NASA's Perseverance rover finds signs of ancient life on Mars.""",0
"""Need a plumber? Contact our trusted local services.""",0
"""Virtual concert tonight featuring famous DJ, buy tickets now.""",0
"""School closures announced due to heavy snowfall in Bavaria.""",0
"""Stock market update: DAX index reaches all-time high today.""",0
"""Easter sale: 50% off all clothing items at our online store.""",0
"""Join us for trivia night every Wednesday at our pub.""",0
"""New study finds link between sleep and weight loss, experts say.""",0
"""Flight delays expected at Frankfurt Airport due to fog.""",0
"""Last-minute deals: Book a hotel in Vienna from €50 per night.""",0
"""Check out our new app, designed to help you manage finances.""",0
"""Local farmers market opens this Saturday, 9 AM.""",0
"""Free workshop: Learn how to code at our tech company.""",0
"""Weather forecast: Sunny and warm in Munich, 25°C.""",0
"""New movie review: 'Top Gun: Maverick' thrills audiences worldwide.""",0
"""Got a question? Ask our expert in the comments section.""",0
"""Soccer match tonight: Bayern Munich vs. Dortmund.""",0
"""New product launch: Meet our latest smartphone, the Galaxy Z.""",0
"""Support local businesses, shop small this Saturday.""",0
"""Traffic jam on A9 towards Nuremberg, use alternative route.""",0
"""Cooking class: Learn to make authentic Italian pasta.""",0
"""New study suggests dogs can sense human emotions, researchers say.""",0
"""Book now and get 20% off your next holiday package.""",0
"""Art exhibition opens today at the Kunsthalle Munich.""",0
"""Local library offers free e-books and audiobooks for members.""",0
"""Join our book club discussion on '1984' by George Orwell.""",0
"""attends conference in Berlin, shares insights on LinkedIn.""",0
"""Join our online game night, every Friday at 8 PM.""",0
"""New café opens in town, serving organic coffee and pastries.""",0
"""Volunteers needed for park cleanup this Saturday, 10 AM.""",0
"""Learn German with our free online course, starting next week.""",0
"""Meet our new team member, who joined today.""",0
"""Check out our latest blog post on sustainable living tips.""",0
"""Power outage in some areas of Berlin, repairs underway.""",0
"""Last chance to enter our photo contest, deadline tomorrow.""",0
"""New restaurant opens in Cologne, try their fusion cuisine.""",0
"""Join our virtual meeting to discuss Q2 sales performance.""",0
"""Local bakery wins award for best bread in town.""",0
"""Protest march scheduled for tomorrow in Berlin, plan routes accordingly.""",0
"""Join our webinar on remote work productivity, Thursday at 2 PM.""",0
"""Fashion show tonight: Discover new trends from local designers.""",0
"""Limited time offer: Get a free upgrade on your next flight with Lufthansa.""",0
"""New study finds link between gut health and mental wellbeing.""",0
"""Join our language exchange group, meet native speakers.""",0
"""Join our virtual yoga class, every Tuesday and Thursday.""",0
"""Storytime: Once upon a time in a distant galaxy...""",0
"""Join our online chess tournament, prizes for top players.""",0
"""New product alert: Try our organic skincare line.""",0
"""Attention customers: Our store will close early today at 6 PM.""",0
"""Join our virtual wine tasting event, Saturday at 7 PM.""",0
"""New study suggests exercise can improve memory, experts say.""",0
"""Art installation opens today at the Englischer Garten in Munich.""",0
"""Join our online workshop: Learn how to invest in stocks.""",0
"""Check out our new podcast, launched last week.""",0
"""Join our virtual trivia game, every Sunday at 8 PM.""",0
"""Attention subscribers: Your magazine is now available online.""",0
"""Join our online course: Learn how to cook Indian cuisine.""",0
"""Join our community garden project, every Saturday morning.""",0
"""New study finds that laughter is the best medicine, literally.""",0
"""Join our online book club discussion on 'To Kill a Mockingbird'.""",0
"""Join our virtual cooking class, learn to make sushi tonight.""",0
"""New product alert: Our latest smartphone, the iPhone 13.""",0
"""Join our virtual painting class, every Wednesday at 7 PM.""",0
"""Join our online event: A conversation with author Stephen King.""",0
"""Join our virtual game night, every Friday at 8 PM.""",0
"""Join our online course: Learn how to code in Python.""",0
"""New study suggests that pets can help reduce stress, researchers say.""",0
"""Join our virtual wine tasting event, Saturday at 7 PM.""",0
"""Join our online workshop: Learn how to build a website.""",0
"""Join our virtual poetry reading, every Thursday at 7 PM.""",0
"""Attention customers: Our online store is temporarily closed for maintenance.""",0
"""Join our online event: A Q&A with celebrity chef Gordon Ramsay.""",0
"""Join our virtual meeting to discuss next quarter's goals.""",0
"""Join our online course: Learn how to play the piano.""",0
"""Join our virtual trivia game, every Sunday at 8 PM.""",0
"""New study finds that reading can improve cognitive function.""",0
"""Join our online workshop: Learn how to invest in cryptocurrency.""",0
"""Join our virtual game night, every Friday at 8 PM.""",0
"""Join our online event: A panel discussion on climate change.""",0
"""Join our virtual yoga class, every Tuesday and Thursday.""",0
"""Join our online course: Learn how to speak Spanish.""",0
"""Join our virtual book club discussion on 'The Catcher in the Rye'.""",0
"""Join our online workshop: Learn how to improve your photography skills.""",0
"""Join our virtual painting class, every Wednesday at 7 PM.""",0
"""Join our online event: A live concert with famous musician.""",0
"""Join our virtual trivia game, every Sunday at 8 PM.""",0
"""New study suggests that meditation can improve focus.""",0
"""1. ""Apple stellt neues iPhone vor - Erhältlich ab morgen.""",0
"""2. ""Forscher entdecken neuen Wirkstoff gegen Krebs.""",0
"""3. ""Reisewarnung für Spanien aufgrund von Unruhen.""",0
"""4. ""Neue Studie zeigt: Sport verlängert Leben.""",0
"""5. ""Testbericht: Der neue Tesla Model Y überzeugt.""",0
"""6. ""Feierliche Eröffnung des neuen Bahnhofs in Berlin.""",0
"""7. ""Neue App ermöglicht das Erstellen von 3D-Modellen.""",0
"""8. ""Wetterwarnung: Schneesturm trifft auf Deutschland.""",0
"""9. ""Neues Album von Taylor Swift bricht Rekorde.""",0
"""10. ""Bitte kontaktieren Sie unseren Kundenservice für weitere Informationen.""",0
"""11. ""Check your account for the latest updates on your order.""",0
"""12. ""Erlebnisbericht: Wandern im bayrischen Wald.""",0
"""13. ""Neues Gesetz zum Schutz der Umwelt in Kraft.""",0
"""14. ""Testen Sie jetzt unser neues Online-Banking-System.""",0
"""15. ""Suchen Sie nach einer neuen Herausforderung? Sehen Sie sich unsere Jobs an.""",0
"""16. ""Neue Forschung zeigt positive Effekte von Meditation.""",0
"""17. ""Warnung vor gefälschten Produkten im Netz.""",0
"""18. ""Neue Studie: Regelmäßige Bewegung verringert Risikofaktoren.""",0
"""19. ""Entdecken Sie die Schönheit der Alpen auf unserem neuen Reiseangebot.""",0
"""20. ""Neue App für bessere Organisation im Alltag.""",0
"""21. ""Neues Update für unser Betriebssystem veröffentlicht.""",0
"""22. ""Bitte beachten Sie unsere Datenschutzbestimmungen.""",0
"""23. ""Neue Ausstellung im Deutschen Museum eröffnet.""",0
"""24. ""Neues Buch von Stephen King bricht Verkaufsrekorde.""",0
"""25. ""Neue Technologie revolutioniert die Medizin.""",0
"""26. ""Neues Restaurant in der Innenstadt eröffnet.""",0
"""27. ""Neue Studie: Schlafmangel hat Auswirkungen auf die Gesundheit.""",0
"""28. ""Neue Regelungen für Fahrradfahrer in Kraft.""",0
"""29. ""Neues Projekt zur Förderung erneuerbarer Energien gestartet.""",0
"""30. ""Neue App für gesunde Ernährung jetzt verfügbar.""",0
"""31. ""Neue Studie: Lesen fördert kognitive Fähigkeiten.""",0
"""32. ""Neues Produkt für bessere Hautpflege auf dem Markt.""",0
"""33. ""Neue Regeln für Fluggäste in Kraft.""",0
"""34. ""Neue Studie zeigt positive Effekte von Kunsttherapie.""",0
"""35. ""Neue App für bessere Kommunikation im Team.""",0
"""36. ""Neue Regelungen für den Umgang mit Plastikmüll.""",0
"""37. ""Neues Projekt zur Förderung von Nachwuchstalenten gestartet.""",0
"""38. ""Neue Studie: Bewegung im Alltag fördert die Gesundheit.""",0
"""39. ""Neues Gesetz zum Schutz der Verbraucher.""",0
"""40. ""Neues Update für unser Spiel veröffentlicht.""",0
"""41. ""Neue Studie: Lesen reduziert Stress.""",0
"""42. ""Neues Projekt zur Förderung von erneuerbaren Energien.""",0
"""43. ""Neue App für bessere Organisation im Haushalt.""",0
"""44. ""Neues Gesetz zum Schutz der Umwelt.""",0
"""45. ""Neues Projekt zur Förderung der Bildung.""",0
"""46. ""Neue Studie: Sport verbessert die Konzentration.""",0
"""47. ""Neues Produkt für eine bessere Hautpflege.""",0
"""48. ""Neues Gesetz zum Schutz der Tiere.""",0
"""49. ""Neue App für bessere Finanzen.""",0
"""50. ""Neue Studie: Musik fördert die Kreativität.""",0
"""1. ""Apple stellt neues iPhone vor. Enthalten sind Verbesserungen bei Kamera und Akkulaufzeit.""",0
"""2. ""Laden Sie die neue App 'WeatherWatch' herunter, um aktuelle Wetterbedingungen zu erhalten.""",0
"""3. ""Ich kann es kaum erwarten, nächste Woche nach Berlin zu fliegen!""",0
"""4. ""Die neuen AirPods Pro bieten erstklassigen Noise Cancellation.""",0
"""5. ""Neuigkeiten aus der Medizin: Eine neue Studie zeigt, dass eine gesunde Ernährung Krebsrisiko senken kann.""",0
"""6. ""Reisen Sie bald in den Urlaub? Denken Sie daran, Ihre Reiseversicherung zu überprüfen.""",0
"""7. ""Ich habe gestern Abend das neue Album von meinem Lieblingsmusiker gehört. Es ist unglaublich gut!""",0
"""8. ""Die neue Xbox Series X bietet eine unglaubliche Gaming-Erfahrung.""",0
"""9. ""Ich habe heute Morgen meine tägliche Dosis Vitamin D eingenommen. Es ist wichtig, sich im Winter gesund zu halten.""",0
"""10. ""Die neuen Air Jordan 1 sind jetzt erhältlich. Ich kann es kaum erwarten, ein Paar zu kaufen!""",0
"""11. ""Neuigkeiten aus der Politik: Das Parlament hat heute ein neues Gesetz verabschiedet.""",0
"""12. ""Ich habe gestern Abend ein fantastisches Essen im neuen Restaurant in der Stadt genossen.""",0
"""13. ""Die neue Smartwatch von Samsung bietet eine hervorragende Fitness-Tracking-Funktion.""",0
"""14. ""Ich kann es kaum erwarten, nächste Woche meine Familie zu besuchen. Es ist schon so lange her!""",0
"""15. ""Neuigkeiten aus der Technologiebranche: Ein neues Unternehmen hat ein revolutionäres Produkt angekündigt.""",0
"""16. ""Ich habe heute einen großartigen Spaziergang im Park gemacht. Es war so schön, die Natur zu genießen.""",0
"""17. ""Die neue Saison der Bundesliga hat heute begonnen. Werden Sie Ihre Lieblingsmannschaft unterstützen?""",0
"""18. ""Ich habe gestern Abend einen fantastischen Film auf Netflix gesehen. Ich kann ihn sehr empfehlen.""",0
"""19. ""Neuigkeiten aus der Unterhaltungsbranche: Ein neuer Blockbuster-Film wird nächste Woche in die Kinos kommen.""",0
"""20. ""Ich kann es kaum erwarten, meine neuen Wanderstiefel auszuprobieren. Ich plane, nächste Woche eine Wandertour zu unternehmen.""",0
"""21. ""Die neue Fitness-App 'PumpItUp' bietet eine unglaubliche Sammlung von Workout-Videos.""",0
"""22. ""Ich habe gestern Abend ein fantastisches Buch gelesen. Es hat mich wirklich gefesselt.""",0
"""23. ""Neuigkeiten aus der Modebranche: Die neue Kollektion von Gucci wird nächste Woche auf den Laufstegen präsentiert.""",0
"""24. ""Ich habe heute Morgen meinen täglichen Yoga-Kurs gemacht. Es war so entspannend.""",0
"""25. ""Die neue Gaming-Konsole von Sony, die PlayStation 5, ist jetzt erhältlich.""",0
"""26. ""Ich kann es kaum erwarten, meine neue Kamera auszuprobieren. Ich plane, nächste Woche eine Fotosafari zu unternehmen.""",0
"""27. ""Neuigkeiten aus der Sportwelt: Das Finale der UEFA Champions League findet nächste Woche statt.""",0
"""28. ""Ich habe gestern Abend ein fantastisches Konzert besucht. Die Musik war unglaublich.""",0
"""29. ""Die neue Virtual-Reality-Brille von Oculus bietet eine unglaubliche Gaming-Erfahrung.""",0
"""30. ""Ich kann es kaum erwarten, meine neue E-Bike auszuprobieren. Ich plane, nächste Woche eine Radtour zu unternehmen.""",0
"""31. ""Neuigkeiten aus der Kunstwelt: Eine neue Ausstellung wird nächste Woche in der Tate Modern eröffnet.""",0
"""32. ""Ich habe heute Morgen meine tägliche Dosis Meditation gemacht. Es hat mir wirklich geholfen, mich zu entspannen.""",0
"""33. ""Die neue Smart-Home-Geräte von Google bieten eine unglaubliche Möglichkeit zur Automatisierung des Hauses.""",0
"""34. ""Ich kann es kaum erwarten, meine neue Gitarre auszuprobieren. Ich plane, nächste Woche eine Jam-Session zu unternehmen.""",0
"""35. ""Neuigkeiten aus der Musikwelt: Ein neuer Song von meinem Lieblingsmusiker wird nächste Woche veröffentlicht.""",0
"""36. ""Ich habe gestern Abend ein fantastisches Theaterstück besucht. Die Schauspieler waren unglaublich.""",0
"""37. ""Die neue Drohne von DJI bietet eine unglaubliche Flugstabilität.""",0
"""38. ""Ich kann es kaum erwarten, meine neue Fotokamera auszuprobieren. Ich plane, nächste Woche eine Fototour zu unternehmen.""",0
"""39. ""Neuigkeiten aus der Technologiebranche: Ein neues Unternehmen hat ein revolutionäres Produkt auf den Markt gebracht.""",0
"""40. ""Ich habe heute Morgen mein tägliches Laufprogramm gemacht. Es war so erfrischend.""",0
"""41. ""Die neue Gaming-Maus von Logitech bietet eine unglaubliche Präzision.""",0
"""42. ""Ich kann es kaum erwarten, meine neue E-Book-Leseapp auszuprobieren. Ich plane, nächste Woche eine neue Buchreihe zu beginnen.""",0
"""43. ""Neuigkeiten aus der Unterhaltungsbranche: Eine neue Fernsehserie wird nächste Woche auf Netflix veröffentlicht.""",0
"""44. ""Ich habe gestern Abend ein fantastisches Dinner im Restaurant genossen. Das Essen war unglaublich.""",0
"""45. ""Die neue Smartwatch von Apple bietet eine unglaubliche Fitness-Tracking-Funktion.""",0
"""46. ""Ich kann es kaum""",0
"""1. ""Apple presents new iPhone today, fans excited.""",0
"""2. ""Berlin Marathon starts tomorrow, runners prepare.""",0
"""3. ""Best burger in town? Try 'The Spot'.""",0
"""4. ""Check your account, new update available.""",0
"""5. ""Doctor recommends more exercise for heart health.""",0
"""6. ""Easiest way to learn German? Duolingo.""",0
"""7. ""Flight delayed, check departure board.""",0
"""8. ""Germany wins World Cup, fans celebrate.""",0
"""9. ""Hiking in Alps, breathtaking views.""",0
"""10. ""I love my new Kindle, perfect for reading.""",0
"""11. ""Join us for book club next week, 'Der Vorleser'.""",0
"""12. ""Lost your keys? Call customer service.""",0
"""13. ""Meet me at the library, 3 pm.""",0
"""14. ""New study shows benefits of meditation.""",0
"""15. ""Online shopping convenient, but beware of scams.""",0
"""16. ""Our team won the soccer tournament, yay!""",0
"""17. ""Pain in chest, seek medical attention.""",0
"""18. ""Review: 'Das Perfekte Dinner' was a fun watch.""",0
"""19. ""Sign up for yoga class, improves flexibility.""",0
"""20. ""Sorry, can't make it tonight, see you next week.""",0
"""21. ""Study abroad? Germany has great programs.""",0
"""22. ""Take public transport, reduce carbon footprint.""",0
"""23. ""Tech conference next month, speakers announced.""",0
"""24. ""The new BMW is impressive, test drive soon.""",0
"""25. ""Try local cuisine in Hamburg, delicious.""",0
"""26. ""Update your software, security patches available.""",0
"""27. ""Vacation in Mallorca, sun and beaches await.""",0
"""28. ""Visit the Zoo, new penguin exhibit opens.""",0
"""29. ""We're hiring, check our careers page.""",0
"""30. ""What's your favorite German beer? Mine is Hofbräu.""",0
"""31. ""Workflow tip: Use Evernote for to-do lists.""",0
"""32. ""Would you recommend your dentist? I need a new one.""",0
"""33. ""Check your bank statement, unusual activity detected.""",0
"""34. ""Germany's best ski resorts, top 10 list revealed.""",0
"""35. ""Join us for a protest, climate change action.""",0
"""36. ""Meet me at the train station, 8 am.""",0
"""37. ""New restaurant opens in town, try 'La Luna'.""",0
"""38. ""Pain in back, consider visiting chiropractor.""",0
"""39. ""Remember to renew your passport, before travel.""",0
"""40. ""Review: 'Dark' is a must-watch German series.""",0
"""41. ""Sign up for cooking class, learn to make schnitzel.""",0
"""42. ""Sorry, can't make it to the meeting, catch you later.""",0
"""43. ""Study German, improve your career prospects.""",0
"""44. ""Take a break, mental health matters.""",0
"""45. ""Tech event in Munich, keynote speakers announced.""",0
"""46. ""The new Audi is stunning, can't wait to test drive.""",0
"""47. ""Try out the new fitness studio, 'Pump it Up'.""",0
"""48. ""Update your antivirus, protect against viruses.""",0
"""49. ""Vacation in Berlin, explore the vibrant city.""",0
"""50. ""What's your favorite German dish? I love spätzle.""",0
"""1. ""Apple präsentiert neues iPhone: Mehr Leistung, gleiche Größe.""",0
"""2. ""Fluimpfquote sinkt: Experten warnen vor Grippewelle.""",0
"""3. ""Reisehinweis: Urlauber aufgefordert, Reiseunterlagen zu kontrollieren.""",0
"""4. ""Neue Studie: Regelmäßiger Sport verringert Risiko von Herz-Kreislauf-Erkrankungen.""",0
"""5. ""Amazon Prime Day: Schnäppchenjäger aufgepasst!""",0
"""6. ""Bauarbeiten am Hauptbahnhof: Fahrgästen wird Umleitung empfohlen.""",0
"""7. ""Neues Restaurant in der Innenstadt: Schlemmerparadies für Feinschmecker.""",0
"""8. ""Arbeitsmarkt boomt: Fachkräfte gesucht.""",0
"""9. ""Wettervorhersage: Regen und Sturmböen erwartet.""",0
"""10. ""Neue App macht Fitness zum Kinderspiel.""",0
"""11. ""Kulturhighlight: Opernball lockt Stars und Sternchen.""",0
"""12. ""Staustufe geschlossen: Bootfahrer müssen Umweg fahren.""",0
"""13. ""Elektroauto-Boom: Ladesäulen werden knapp.""",0
"""14. ""Polizei warnt vor Taschendiebstählen in der Innenstadt.""",0
"""15. ""Neue Kinostarts: Action, Drama und Komödie.""",0
"""16. ""Einkaufsbummel in der City: Geschäfte laden zum Bummeln ein.""",0
"""17. ""Verkehrs chaos erwartet: Baustellen und Umleitungen im Stadtgebiet.""",0
"""18. ""Gesundheitstipp: Regelmäßige Sport treiben verlängert Lebenserwartung.""",0
"""19. ""Neues Smartphone getestet: Top-Leistung zum kleinen Preis.""",0
"""20. ""Kunstausstellung eröffnet: Künstler präsentieren ihre Werke.""",0
"""21. ""Stromausfall: Kunden aufgefordert, Notruf zu wählen.""",0
"""22. ""Fußballspiel heute Abend: Fans fiebern dem Match entgegen.""",0
"""23. ""Neue Fahrradroute: Radfahrer profitieren von schnellerem Weg.""",0
"""24. ""Konzertankündigung: Popstar kommt in die Stadt.""",0
"""25. ""Eiszeit im Anzug: Schnee und Eis erwartet.""",0
"""26. ""Börsenkurse im Aufwind: Anleger aufgepasst!""",0
"""27. ""Neue Öffnungszeiten: Einkaufslustige aufgepasst!""",0
"""28. ""Museumsausstellung: Interessantes aus der Geschichte.""",0
"""29. ""Geschwindigkeitskontrollen: Autofahrer aufgefordert, Verkehrsregeln einzuhalten.""",0
"""30. ""Neue Studie: Regelmäßiger Kaffeedrink verbessert Gedächtnis.""",0
"""31. ""Wanderweg gesperrt: Wanderer aufgefordert, alternative Route zu wählen.""",0
"""32. ""Neues Fitnessstudio eröffnet: Sporttreibende aufgefordert, Mitglied zu werden.""",0
"""33. ""Verkehrsunfall: Autofahrer aufgefordert, Vorsicht walten zu lassen.""",0
"""34. ""Kino-Tipp: Actionfilm mit atemberaubenden Stunts.""",0
"""35. ""Neue Buchhandlung eröffnet: Buchliebhaber aufgefordert, vorbeizuschauen.""",0
"""36. ""Stadtfest: Attraktionen und Shows für Groß und Klein.""",0
"""37. ""Gesundheitstipp: Regelmäßige Check-ups verbessern Gesundheit.""",0
"""38. ""Neue Spielhalle eröffnet: Spielbegeisterte aufgefordert, vorbeizuschauen.""",0
"""39. ""Theaterstück heute Abend: Schauspieler präsentieren ihre Kunst.""",0
"""40. ""Neue Ausstellung im Zoo: Tierfreunde aufgefordert, vorbei""",0
"""Apple presents new iPhone today, eager customers queue outside stores.""",0
"""Berlin museums closed due to maintenance, check website for updates.""",0
"""Best Burger in town? Try 'Burger Palace', locals' favorite since '95.""",0
"""New study finds link between stress and heart disease, further research needed.""",0
"""Flugzeug startet mit Verspätung, bitte überprüfen Sie Ihren Flugstatus.""",0
"""Game of Thrones finale tonight, watch party at Sarah's place.""",0
"""Konditorei am Marktplatz bietet heute neue Torten an, lecker!""",0
"""Regierungsentscheidung: Müllabfuhr ändert Route ab Montag, prüfen Sie Ihre Straße.""",0
"""Neues Museum in München öffnet Sonderausstellung über Renaissance-Kunst.""",0
"""Wettervorhersage zeigt Regen fürs Wochenende, packen Sie Ihre Gummistiefel ein.""",0
"""Neues Smartphone von Samsung präsentiert nächste Woche, viele Funktionen begeistern.""",0
"""Bahnfahrt gestern war katastrophal, ich hoffe, sie verbessern das bald.""",0
"""Bücherclub trifft sich morgen, lest 'Der Herr der Ringe' bis dahin.""",0
"""Neues Restaurant im Stadtzentrum eröffnet, Reservierungen werden empfohlen.""",0
"""Neue Studie warnt vor Auswirkungen von Plastikmüll in Ozeanen.""",0
"""Wir suchen nach Volunteers für Umweltprojekt in den Alpen, melden Sie sich bei uns.""",0
"""Mein neuer Fernseher ist super, Bildschirm so klar und hell!""",0
"""Arbeitslosengeld kann online beantragt werden, gehen Sie zur Arbeitsagentur.""",0
"""Neue Musik von Taylor Swift ist fantastisch, ich höre es die ganze Zeit.""",0
"""Neue App von Fitnessstudio erleichtert Trainingsplanung, probieren Sie es aus.""",0
"""Neue Studie zeigt positive Effekte von Meditation auf Gedächtnis.""",0
"""Neue Filiale von 'BackWerk' in der Hauptstraße öffnet morgen, leckeres Brot!""",0
"""Neue Regelungen für Parken in der Stadt kommen nächste Woche, checken Sie die Details.""",0
"""Mein Kater ist gestern weggelaufen, ich hoffe, er kommt bald zurück.""",0
"""Neue Ausstellung im Kunsthaus Zürich zeigt Werke von Picasso.""",0
"""Neue Regelung für Flugverspätungen tritt morgen in Kraft, prüfen Sie Ihre Rechte.""",0
"""Neue Studie zeigt, dass Haustiere positive Auswirkungen auf Kinder haben.""",0
"""Neue Gin-Sorte von 'Gin Palace' schmeckt himmlisch, probieren Sie es.""",0
"""Neue Formel-E-Rennserie in Berlin, Fans freuen sich auf spannende Rennen.""",0
"""Neue Studie warnt vor Gesundheitsschäden durch zu viel Sitzerei am Arbeitsplatz.""",0
"""Neues Buch von Stephen King ist gruselig, ich lese es mit Licht an.""",0
"""Neue Ausstellung im Naturhistorischen Museum zeigt Fossilien aus der Schweiz.""",0
"""Neue Regelungen für Mietverträge ab Januar, informieren Sie sich.""",0
"""1. ""Apple presents new iPhone today, tech enthusiasts excited.""",0
"""2. ""Berlin marathon this Sunday, thousands expected to participate.""",0
"""3. ""Baker's dozen: Try our new pastries, only 12.99€.""",0
"""4. ""Check your account for free upgrade details, available now.""",0
"""5. ""Climate summit in Paris next week, world leaders to attend.""",0
"""6. ""Customer service: Your package will arrive next Tuesday.""",0
"""7. ""Doctor recommends more exercise, boosts overall health.""",0
"""8. ""Easter sale: 50% off all clothing, visit us today.""",0
"""9. ""Flight delayed, check with airport staff for updates.""",0
"""10. ""Free concert in Hyde Park this Saturday, open to all.""",0
"""11. ""Get your daily dose of news with our morning headlines.""",0
"""12. ""Gym membership deal: First month free, join now.""",0
"""13. ""Hurry, last minute tickets for tonight's show available.""",0
"""14. ""Inspect your home for energy savings, tips inside.""",0
"""15. ""Join our book club, discussing 'To Kill a Mockingbird' this week.""",0
"""16. ""Latest smartphone review: Samsung Galaxy S21 impresses.""",0
"""17. ""Lost pet? Check local shelters, many have reunification programs.""",0
"""18. ""Meet us at the trade show, booth 34, we're excited to see you.""",0
"""19. ""New bakery in town, try their famous croissants today.""",0
"""20. ""Online seminar: Learn about sustainable gardening, register now.""",0
"""21. ""Our new app is live, download and explore today!""",0
"""22. ""Patient zero identified, health officials urge caution.""",0
"""23. ""Protect your skin, use SPF 30 sunscreen this summer.""",0
"""24. ""Register for our upcoming webinar, 'The Future of Work'.""",0
"""25. ""Save 20% on all shoes, use code SUMMER20 at checkout.""",0
"""26. ""School's out, keep kids busy with our summer camp activities.""",0
"""27. ""Shop local, support small businesses this weekend.""",0
"""28. ""Storm warning: Prepare your home, take precautions.""",0
"""29. ""Support our charity drive, every donation counts.""",0
"""30. ""Tech giant unveils new product, speculation builds.""",0
"""31. ""The new coffee shop is a hit, try their cold brew today.""",0
"""32. ""Travel alert: Check your flight status before departure.""",0
"""33. ""Upgrade your car with our latest gadgets, visit us today.""",0
"""34. ""Vacation rental: Check your booking details, departure soon.""",0
"""35. ""Vegan cooking class tonight, spots still available.""",0
"""36. ""Vote for us in the 'Best of Berlin' awards, thank you!""",0
"""37. ""Watch out for fake news, fact-check before sharing.""",0
"""38. ""Weather update: Expect rain, pack an umbrella.""",0
"""39. ""Welcome new members, join our community today!""",0
"""40. ""Work from home tips: Stay productive and healthy.""",0
"""41. ""Your account is overdue, please settle payment today.""",0
"""42. ""Zoo announces new baby panda, visit us to see.""",0
"""43. ""Check our new blog post, '10 Ways to Improve Your Sleep'.""",0
"""44. ""Join us for a fun run, proceeds go to charity.""",0
"""45. ""Lost and found: Check our list, claim your item.""",0
"""46. ""New study shows benefits of mindfulness, try it today.""",0
"""47. ""Order your pizza now, delivery in 30 minutes or less.""",0
"""48. ""Product recall: Check if your item is affected.""",0
"""49. ""Sign up for our newsletter, get exclusive offers.""",0
"""50. ""Vote now in our poll, which movie should we feature next?""",0
"""1. ""Apple stellt neues iPhone vor: Schärfere Kamera und schnellerer Prozessor.""",0
"""2. ""Forscher warnen vor steigenden Infektionszahlen in Deutschland.""",0
"""3. ""Reisehinweis: Reisende sollten aktuelle Einreisebestimmungen überprüfen.""",0
"""4. ""Neue study zeigt, dass Lesen von Büchern die Kognitionsfähigkeit verbessert.""",0
"""5. ""Fußballfan? Dann solltest du das neue Spiel von EA Sports nicht verpassen!""",0
"""6. ""Neue Umfrage ergab, dass Elektromobilität immer beliebter wird.""",0
"""7. ""Arzt rät: Regelmäßige Sportaktivitäten können Krankheiten vorbeugen.""",0
"""8. ""Neue Studie zeigt, dass eine gesunde Ernährung das Risiko von Krebs verringert.""",0
"""9. ""Reiseanbieter bietet aktuelle Angebote für den nächsten Sommerurlaub.""",0
"""10. ""Neue App erleichtert das Einreichen von Steuererklärungen.""",0
"""11. ""Experte prophezeit: KI wird in Zukunft eine noch wichtigere Rolle spielen.""",0
"""12. ""Bitte überprüfen Sie Ihre Bestellung und kontaktieren Sie uns bei Fragen.""",0
"""13. ""Neue Studie zeigt, dass ausreichender Schlaf die Gesundheit verbessert.""",0
"""14. ""Rezension: Das neue Smartphone von Samsung übertrifft alle Erwartungen.""",0
"""15. ""Forscher warnen vor den Auswirkungen von Mikroplastik auf die Umwelt.""",0
"""16. ""Neue Forschungsergebnisse deuten darauf hin, dass Entspannungstechniken gegen Stress helfen.""",0
"""17. ""Reisehinweis: Reisende sollten sich vor Ort über lokale Gesetze informieren.""",0
"""18. ""Neue Studie zeigt, dass eine ausgewogene Ernährung das Immunsystem stärkt.""",0
"""19. ""Neues Fitnessgerät verspricht schnelle Ergebnisse - doch hält es wirklich, was es verspricht?""",0
"""20. ""Neue App erleichtert das Finden von Restaurants in der Stadt.""",0
"""21. ""Experte prophezeit: Die Zukunft gehört dem autonomen Fahren.""",0
"""22. ""Bitte prüfen Sie Ihre Buchung und kontaktieren Sie uns bei Fragen.""",0
"""23. ""Neue Studie zeigt, dass eine gute Arbeitseinstellung den Karriereerfolg fördert.""",0
"""24. ""Reiseanbieter bietet aktuelle Angebote für den nächsten Winterurlaub.""",0
"""25. ""Neue App erleichtert die Buchung von Flügen und Hotels.""",0
"""26. ""Experte warnt: Cyberkriminalität nimmt immer weiter zu.""",0
"""27. ""Neue Studie zeigt, dass Lesen von Büchern die Intelligenz erhöht.""",0
"""28. ""Neues Kochbuch verspricht einfache und gesunde Rezepte - doch stimmt das?""",0
"""29. ""Neue Forschungsergebnisse deuten darauf hin, dass eine positive Einstellung die Gesundheit verbessert.""",0
"""30. ""Reisehinweis: Reisende sollten sich vor Ort über lokale Bräuche informieren.""",0
"""31. ""Neue Studie zeigt, dass ausreichender Schlaf die kognitive Fähigkeit verbessert.""",0
"""32. ""Neue App erleichtert die Organisation von Veranstaltungen.""",0
"""33. ""Experte prophezeit: Die Zukunft gehört dem Internet der Dinge.""",0
"""34. ""Bitte überprüfen Sie Ihre Bestellung und kontaktieren Sie uns bei Fragen.""",0
"""35. ""Neue Studie zeigt, dass Sport nicht nur den Körper, sondern auch den Geist stärkt.""",0
"""36. ""Reiseanbieter bietet aktuelle Angebote für den nächsten Städtetrip.""",0
"""37. ""Neue App erleichtert das Einrichten von Smart Homes.""",0
"""38. ""Experte warnt: Die zunehmende Digitalisierung hat auch Schattenseiten.""",0
"""39. ""Neue Studie zeigt, dass eine positive Einstellung die Gesundheit verbessert.""",0
"""40. ""Neues Buch verspricht spannende Geschichten aus fernen Ländern - doch sind sie wirklich wahr?""",0
"""41. ""Neue Forschungsergebnisse deuten darauf hin, dass eine gesunde Lebensweise das Leben verlängert.""",0
"""42. ""Reisehinweis: Reisende sollten sich vor Ort über lokale Gesetze informieren.""",0
"""43. ""Neue Studie zeigt, dass eine gute Arbeitseinstellung den Karriereerfolg fördert.""",0
"""44. ""Neue App erleichtert das Finden von Jobs in der Nähe.""",0
"""45. ""Experte prophe""",0
""". ""Apple stellt neues iPhone vor. Enthalten sind Verbesserungen bei Kamera und Akkulaufzeit.""",0
"""2. ""Laden Sie die neue App 'WeatherWatch' herunter, um aktuelle Wetterbedingungen zu erhalten.""",0
"""3. ""Ich kann es kaum erwarten, nächste Woche nach Berlin zu fliegen!""",0
"""4. ""Die neuen AirPods Pro bieten erstklassigen Noise Cancellation.""",0
"""5. ""Neuigkeiten aus der Medizin: Eine neue Studie zeigt, dass eine gesunde Ernährung Krebsrisiko senken kann.""",0
"""6. ""Reisen Sie bald in den Urlaub? Denken Sie daran, Ihre Reiseversicherung zu überprüfen.""",0
"""7. ""Ich habe gestern Abend das neue Album von meinem Lieblingsmusiker gehört. Es ist unglaublich gut!""",0
"""8. ""Die neue Xbox Series X bietet eine unglaubliche Gaming-Erfahrung.""",0
"""9. ""Ich habe heute Morgen meine tägliche Dosis Vitamin D eingenommen. Es ist wichtig, sich im Winter gesund zu halten.""",0
"""10. ""Die neuen Air Jordan 1 sind jetzt erhältlich. Ich kann es kaum erwarten, ein Paar zu kaufen!""",0
"""11. ""Neuigkeiten aus der Politik: Das Parlament hat heute ein neues Gesetz verabschiedet.""",0
"""12. ""Ich habe gestern Abend ein fantastisches Essen im neuen Restaurant in der Stadt genossen.""",0
"""13. ""Die neue Smartwatch von Samsung bietet eine hervorragende Fitness-Tracking-Funktion.""",0
"""14. ""Ich kann es kaum erwarten, nächste Woche meine Familie zu besuchen. Es ist schon so lange her!""",0
"""15. ""Neuigkeiten aus der Technologiebranche: Ein neues Unternehmen hat ein revolutionäres Produkt angekündigt.""",0
"""16. ""Ich habe heute einen großartigen Spaziergang im Park gemacht. Es war so schön, die Natur zu genießen.""",0
"""17. ""Die neue Saison der Bundesliga hat heute begonnen. Werden Sie Ihre Lieblingsmannschaft unterstützen?""",0
"""18. ""Ich habe gestern Abend einen fantastischen Film auf Netflix gesehen. Ich kann ihn sehr empfehlen.""",0
"""19. ""Neuigkeiten aus der Unterhaltungsbranche: Ein neuer Blockbuster-Film wird nächste Woche in die Kinos kommen.""",0
"""20. ""Ich kann es kaum erwarten, meine neuen Wanderstiefel auszuprobieren. Ich plane, nächste Woche eine Wandertour zu unternehmen.""",0
"""21. ""Die neue Fitness-App 'PumpItUp' bietet eine unglaubliche Sammlung von Workout-Videos.""",0
"""22. ""Ich habe gestern Abend ein fantastisches Buch gelesen. Es hat mich wirklich gefesselt.""",0
"""23. ""Neuigkeiten aus der Modebranche: Die neue Kollektion von Gucci wird nächste Woche auf den Laufstegen präsentiert.""",0
"""24. ""Ich habe heute Morgen meinen täglichen Yoga-Kurs gemacht. Es war so entspannend.""",0
"""25. ""Die neue Gaming-Konsole von Sony, die PlayStation 5, ist jetzt erhältlich.""",0
"""26. ""Ich kann es kaum erwarten, meine neue Kamera auszuprobieren. Ich plane, nächste Woche eine Fotosafari zu unternehmen.""",0
"""27. ""Neuigkeiten aus der Sportwelt: Das Finale der UEFA Champions League findet nächste Woche statt.""",0
"""28. ""Ich habe gestern Abend ein fantastisches Konzert besucht. Die Musik war unglaublich.""",0
"""29. ""Die neue Virtual-Reality-Brille von Oculus bietet eine unglaubliche Gaming-Erfahrung.""",0
"""30. ""Ich kann es kaum erwarten, meine neue E-Bike auszuprobieren. Ich plane, nächste Woche eine Radtour zu unternehmen.""",0
"""31. ""Neuigkeiten aus der Kunstwelt: Eine neue Ausstellung wird nächste Woche in der Tate Modern eröffnet.""",0
"""32. ""Ich habe heute Morgen meine tägliche Dosis Meditation gemacht. Es hat mir wirklich geholfen, mich zu entspannen.""",0
"""33. ""Die neue Smart-Home-Geräte von Google bieten eine unglaubliche Möglichkeit zur Automatisierung des Hauses.""",0
"""34. ""Ich kann es kaum erwarten, meine neue Gitarre auszuprobieren. Ich plane, nächste Woche eine Jam-Session zu unternehmen.""",0
"""35. ""Neuigkeiten aus der Musikwelt: Ein neuer Song von meinem Lieblingsmusiker wird nächste Woche veröffentlicht.""",0
"""36. ""Ich habe gestern Abend ein fantastisches Theaterstück besucht. Die Schauspieler waren unglaublich.""",0
"""37. ""Die neue Drohne von DJI bietet eine unglaubliche Flugstabilität.""",0
"""38. ""Ich kann es kaum erwarten, meine neue Fotokamera auszuprobieren. Ich plane, nächste Woche eine Fototour zu unternehmen.""",0
"""39. ""Neuigkeiten aus der Technologiebranche: Ein neues Unternehmen hat ein revolutionäres Produkt auf den Markt gebracht.""",0
"""40. ""Ich habe heute Morgen mein tägliches Laufprogramm gemacht. Es war so erfrischend.""",0
"""41. ""Die neue Gaming-Maus von Logitech bietet eine unglaubliche Präzision.""",0
"""42. ""Ich kann es kaum erwarten, meine neue E-Book-Leseapp auszuprobieren. Ich plane, nächste Woche eine neue Buchreihe zu beginnen.""",0
"""43. ""Neuigkeiten aus der Unterhaltungsbranche: Eine neue Fernsehserie wird nächste Woche auf Netflix veröffentlicht.""",0
"""44. ""Ich habe gestern Abend ein fantastisches Dinner im Restaurant genossen. Das Essen war unglaublich.""",0
"""45. ""Die neue Smartwatch von Apple bietet eine unglaubliche Fitness-Tracking-Funktion.""",0
"""46. ""Ich kann es kaum""",0
""". ""Apple stellt neues iPhone vor. Enthalten sind Verbesserungen bei Kamera und Akkulaufzeit.""",0
"""2. ""Laden Sie die neue App 'WeatherWatch' herunter, um aktuelle Wetterbedingungen zu erhalten.""",0
"""3. ""Ich kann es kaum erwarten, nächste Woche nach Berlin zu fliegen!""",0
"""4. ""Die neuen AirPods Pro bieten erstklassigen Noise Cancellation.""",0
"""5. ""Neuigkeiten aus der Medizin: Eine neue Studie zeigt, dass eine gesunde Ernährung Krebsrisiko senken kann.""",0
"""6. ""Reisen Sie bald in den Urlaub? Denken Sie daran, Ihre Reiseversicherung zu überprüfen.""",0
"""7. ""Ich habe gestern Abend das neue Album von meinem Lieblingsmusiker gehört. Es ist unglaublich gut!""",0
"""8. ""Die neue Xbox Series X bietet eine unglaubliche Gaming-Erfahrung.""",0
"""9. ""Ich habe heute Morgen meine tägliche Dosis Vitamin D eingenommen. Es ist wichtig, sich im Winter gesund zu halten.""",0
"""10. ""Die neuen Air Jordan 1 sind jetzt erhältlich. Ich kann es kaum erwarten, ein Paar zu kaufen!""",0
"""11. ""Neuigkeiten aus der Politik: Das Parlament hat heute ein neues Gesetz verabschiedet.""",0
"""12. ""Ich habe gestern Abend ein fantastisches Essen im neuen Restaurant in der Stadt genossen.""",0
"""13. ""Die neue Smartwatch von Samsung bietet eine hervorragende Fitness-Tracking-Funktion.""",0
"""14. ""Ich kann es kaum erwarten, nächste Woche meine Familie zu besuchen. Es ist schon so lange her!""",0
"""15. ""Neuigkeiten aus der Technologiebranche: Ein neues Unternehmen hat ein revolutionäres Produkt angekündigt.""",0
"""16. ""Ich habe heute einen großartigen Spaziergang im Park gemacht. Es war so schön, die Natur zu genießen.""",0
"""17. ""Die neue Saison der Bundesliga hat heute begonnen. Werden Sie Ihre Lieblingsmannschaft unterstützen?""",0
"""18. ""Ich habe gestern Abend einen fantastischen Film auf Netflix gesehen. Ich kann ihn sehr empfehlen.""",0
"""19. ""Neuigkeiten aus der Unterhaltungsbranche: Ein neuer Blockbuster-Film wird nächste Woche in die Kinos kommen.""",0
"""20. ""Ich kann es kaum erwarten, meine neuen Wanderstiefel auszuprobieren. Ich plane, nächste Woche eine Wandertour zu unternehmen.""",0
"""21. ""Die neue Fitness-App 'PumpItUp' bietet eine unglaubliche Sammlung von Workout-Videos.""",0
"""22. ""Ich habe gestern Abend ein fantastisches Buch gelesen. Es hat mich wirklich gefesselt.""",0
"""23. ""Neuigkeiten aus der Modebranche: Die neue Kollektion von Gucci wird nächste Woche auf den Laufstegen präsentiert.""",0
"""24. ""Ich habe heute Morgen meinen täglichen Yoga-Kurs gemacht. Es war so entspannend.""",0
"""25. ""Die neue Gaming-Konsole von Sony, die PlayStation 5, ist jetzt erhältlich.""",0
"""26. ""Ich kann es kaum erwarten, meine neue Kamera auszuprobieren. Ich plane, nächste Woche eine Fotosafari zu unternehmen.""",0
"""27. ""Neuigkeiten aus der Sportwelt: Das Finale der UEFA Champions League findet nächste Woche statt.""",0
"""28. ""Ich habe gestern Abend ein fantastisches Konzert besucht. Die Musik war unglaublich.""",0
"""29. ""Die neue Virtual-Reality-Brille von Oculus bietet eine unglaubliche Gaming-Erfahrung.""",0
"""30. ""Ich kann es kaum erwarten, meine neue E-Bike auszuprobieren. Ich plane, nächste Woche eine Radtour zu unternehmen.""",0
"""31. ""Neuigkeiten aus der Kunstwelt: Eine neue Ausstellung wird nächste Woche in der Tate Modern eröffnet.""",0
"""32. ""Ich habe heute Morgen meine tägliche Dosis Meditation gemacht. Es hat mir wirklich geholfen, mich zu entspannen.""",0
"""33. ""Die neue Smart-Home-Geräte von Google bieten eine unglaubliche Möglichkeit zur Automatisierung des Hauses.""",0
"""34. ""Ich kann es kaum erwarten, meine neue Gitarre auszuprobieren. Ich plane, nächste Woche eine Jam-Session zu unternehmen.""",0
"""35. ""Neuigkeiten aus der Musikwelt: Ein neuer Song von meinem Lieblingsmusiker wird nächste Woche veröffentlicht.""",0
"""36. ""Ich habe gestern Abend ein fantastisches Theaterstück besucht. Die Schauspieler waren unglaublich.""",0
"""37. ""Die neue Drohne von DJI bietet eine unglaubliche Flugstabilität.""",0
"""38. ""Ich kann es kaum erwarten, meine neue Fotokamera auszuprobieren. Ich plane, nächste Woche eine Fototour zu unternehmen.""",0
"""39. ""Neuigkeiten aus der Technologiebranche: Ein neues Unternehmen hat ein revolutionäres Produkt auf den Markt gebracht.""",0
"""40. ""Ich habe heute Morgen mein tägliches Laufprogramm gemacht. Es war so erfrischend.""",0
"""41. ""Die neue Gaming-Maus von Logitech bietet eine unglaubliche Präzision.""",0
"""42. ""Ich kann es kaum erwarten, meine neue E-Book-Leseapp auszuprobieren. Ich plane, nächste Woche eine neue Buchreihe zu beginnen.""",0
"""43. ""Neuigkeiten aus der Unterhaltungsbranche: Eine neue Fernsehserie wird nächste Woche auf Netflix veröffentlicht.""",0
"""44. ""Ich habe gestern Abend ein fantastisches Dinner im Restaurant genossen. Das Essen war unglaublich.""",0
"""45. ""Die neue Smartwatch von Apple bietet eine unglaubliche Fitness-Tracking-Funktion.""",0
"""46. ""Ich kann es kaum""",0
""". ""Apple stellt neues iPhone vor. Enthalten sind Verbesserungen bei Kamera und Akkulaufzeit.""",0
"""2. ""Laden Sie die neue App 'WeatherWatch' herunter, um aktuelle Wetterbedingungen zu erhalten.""",0
"""3. ""Ich kann es kaum erwarten, nächste Woche nach Berlin zu fliegen!""",0
"""4. ""Die neuen AirPods Pro bieten erstklassigen Noise Cancellation.""",0
"""5. ""Neuigkeiten aus der Medizin: Eine neue Studie zeigt, dass eine gesunde Ernährung Krebsrisiko senken kann.""",0
"""6. ""Reisen Sie bald in den Urlaub? Denken Sie daran, Ihre Reiseversicherung zu überprüfen.""",0
"""7. ""Ich habe gestern Abend das neue Album von meinem Lieblingsmusiker gehört. Es ist unglaublich gut!""",0
"""8. ""Die neue Xbox Series X bietet eine unglaubliche Gaming-Erfahrung.""",0
"""9. ""Ich habe heute Morgen meine tägliche Dosis Vitamin D eingenommen. Es ist wichtig, sich im Winter gesund zu halten.""",0
"""10. ""Die neuen Air Jordan 1 sind jetzt erhältlich. Ich kann es kaum erwarten, ein Paar zu kaufen!""",0
"""11. ""Neuigkeiten aus der Politik: Das Parlament hat heute ein neues Gesetz verabschiedet.""",0
"""12. ""Ich habe gestern Abend ein fantastisches Essen im neuen Restaurant in der Stadt genossen.""",0
"""13. ""Die neue Smartwatch von Samsung bietet eine hervorragende Fitness-Tracking-Funktion.""",0
"""14. ""Ich kann es kaum erwarten, nächste Woche meine Familie zu besuchen. Es ist schon so lange her!""",0
"""15. ""Neuigkeiten aus der Technologiebranche: Ein neues Unternehmen hat ein revolutionäres Produkt angekündigt.""",0
"""16. ""Ich habe heute einen großartigen Spaziergang im Park gemacht. Es war so schön, die Natur zu genießen.""",0
"""17. ""Die neue Saison der Bundesliga hat heute begonnen. Werden Sie Ihre Lieblingsmannschaft unterstützen?""",0
"""18. ""Ich habe gestern Abend einen fantastischen Film auf Netflix gesehen. Ich kann ihn sehr empfehlen.""",0
"""19. ""Neuigkeiten aus der Unterhaltungsbranche: Ein neuer Blockbuster-Film wird nächste Woche in die Kinos kommen.""",0
"""20. ""Ich kann es kaum erwarten, meine neuen Wanderstiefel auszuprobieren. Ich plane, nächste Woche eine Wandertour zu unternehmen.""",0
"""21. ""Die neue Fitness-App 'PumpItUp' bietet eine unglaubliche Sammlung von Workout-Videos.""",0
"""22. ""Ich habe gestern Abend ein fantastisches Buch gelesen. Es hat mich wirklich gefesselt.""",0
"""23. ""Neuigkeiten aus der Modebranche: Die neue Kollektion von Gucci wird nächste Woche auf den Laufstegen präsentiert.""",0
"""24. ""Ich habe heute Morgen meinen täglichen Yoga-Kurs gemacht. Es war so entspannend.""",0
"""25. ""Die neue Gaming-Konsole von Sony, die PlayStation 5, ist jetzt erhältlich.""",0
"""26. ""Ich kann es kaum erwarten, meine neue Kamera auszuprobieren. Ich plane, nächste Woche eine Fotosafari zu unternehmen.""",0
"""27. ""Neuigkeiten aus der Sportwelt: Das Finale der UEFA Champions League findet nächste Woche statt.""",0
"""28. ""Ich habe gestern Abend ein fantastisches Konzert besucht. Die Musik war unglaublich.""",0
"""29. ""Die neue Virtual-Reality-Brille von Oculus bietet eine unglaubliche Gaming-Erfahrung.""",0
"""30. ""Ich kann es kaum erwarten, meine neue E-Bike auszuprobieren. Ich plane, nächste Woche eine Radtour zu unternehmen.""",0
"""31. ""Neuigkeiten aus der Kunstwelt: Eine neue Ausstellung wird nächste Woche in der Tate Modern eröffnet.""",0
"""32. ""Ich habe heute Morgen meine tägliche Dosis Meditation gemacht. Es hat mir wirklich geholfen, mich zu entspannen.""",0
"""33. ""Die neue Smart-Home-Geräte von Google bieten eine unglaubliche Möglichkeit zur Automatisierung des Hauses.""",0
"""34. ""Ich kann es kaum erwarten, meine neue Gitarre auszuprobieren. Ich plane, nächste Woche eine Jam-Session zu unternehmen.""",0
"""35. ""Neuigkeiten aus der Musikwelt: Ein neuer Song von meinem Lieblingsmusiker wird nächste Woche veröffentlicht.""",0
"""36. ""Ich habe gestern Abend ein fantastisches Theaterstück besucht. Die Schauspieler waren unglaublich.""",0
"""37. ""Die neue Drohne von DJI bietet eine unglaubliche Flugstabilität.""",0
"""38. ""Ich kann es kaum erwarten, meine neue Fotokamera auszuprobieren. Ich plane, nächste Woche eine Fototour zu unternehmen.""",0
"""39. ""Neuigkeiten aus der Technologiebranche: Ein neues Unternehmen hat ein revolutionäres Produkt auf den Markt gebracht.""",0
"""40. ""Ich habe heute Morgen mein tägliches Laufprogramm gemacht. Es war so erfrischend.""",0
"""41. ""Die neue Gaming-Maus von Logitech bietet eine unglaubliche Präzision.""",0
"""42. ""Ich kann es kaum erwarten, meine neue E-Book-Leseapp auszuprobieren. Ich plane, nächste Woche eine neue Buchreihe zu beginnen.""",0
"""43. ""Neuigkeiten aus der Unterhaltungsbranche: Eine neue Fernsehserie wird nächste Woche auf Netflix veröffentlicht.""",0
"""44. ""Ich habe gestern Abend ein fantastisches Dinner im Restaurant genossen. Das Essen war unglaublich.""",0
"""45. ""Die neue Smartwatch von Apple bietet eine unglaubliche Fitness-Tracking-Funktion.""",0
"""46. ""Ich kann es kaum""",0
""". ""Apple stellt neues iPhone vor. Enthalten sind Verbesserungen bei Kamera und Akkulaufzeit.""",0
"""2. ""Laden Sie die neue App 'WeatherWatch' herunter, um aktuelle Wetterbedingungen zu erhalten.""",0
"""3. ""Ich kann es kaum erwarten, nächste Woche nach Berlin zu fliegen!""",0
"""4. ""Die neuen AirPods Pro bieten erstklassigen Noise Cancellation.""",0
"""5. ""Neuigkeiten aus der Medizin: Eine neue Studie zeigt, dass eine gesunde Ernährung Krebsrisiko senken kann.""",0
"""6. ""Reisen Sie bald in den Urlaub? Denken Sie daran, Ihre Reiseversicherung zu überprüfen.""",0
"""7. ""Ich habe gestern Abend das neue Album von meinem Lieblingsmusiker gehört. Es ist unglaublich gut!""",0
"""8. ""Die neue Xbox Series X bietet eine unglaubliche Gaming-Erfahrung.""",0
"""9. ""Ich habe heute Morgen meine tägliche Dosis Vitamin D eingenommen. Es ist wichtig, sich im Winter gesund zu halten.""",0
"""10. ""Die neuen Air Jordan 1 sind jetzt erhältlich. Ich kann es kaum erwarten, ein Paar zu kaufen!""",0
"""11. ""Neuigkeiten aus der Politik: Das Parlament hat heute ein neues Gesetz verabschiedet.""",0
"""12. ""Ich habe gestern Abend ein fantastisches Essen im neuen Restaurant in der Stadt genossen.""",0
"""13. ""Die neue Smartwatch von Samsung bietet eine hervorragende Fitness-Tracking-Funktion.""",0
"""14. ""Ich kann es kaum erwarten, nächste Woche meine Familie zu besuchen. Es ist schon so lange her!""",0
"""15. ""Neuigkeiten aus der Technologiebranche: Ein neues Unternehmen hat ein revolutionäres Produkt angekündigt.""",0
"""16. ""Ich habe heute einen großartigen Spaziergang im Park gemacht. Es war so schön, die Natur zu genießen.""",0
"""17. ""Die neue Saison der Bundesliga hat heute begonnen. Werden Sie Ihre Lieblingsmannschaft unterstützen?""",0
"""18. ""Ich habe gestern Abend einen fantastischen Film auf Netflix gesehen. Ich kann ihn sehr empfehlen.""",0
"""19. ""Neuigkeiten aus der Unterhaltungsbranche: Ein neuer Blockbuster-Film wird nächste Woche in die Kinos kommen.""",0
"""20. ""Ich kann es kaum erwarten, meine neuen Wanderstiefel auszuprobieren. Ich plane, nächste Woche eine Wandertour zu unternehmen.""",0
"""21. ""Die neue Fitness-App 'PumpItUp' bietet eine unglaubliche Sammlung von Workout-Videos.""",0
"""22. ""Ich habe gestern Abend ein fantastisches Buch gelesen. Es hat mich wirklich gefesselt.""",0
"""23. ""Neuigkeiten aus der Modebranche: Die neue Kollektion von Gucci wird nächste Woche auf den Laufstegen präsentiert.""",0
"""24. ""Ich habe heute Morgen meinen täglichen Yoga-Kurs gemacht. Es war so entspannend.""",0
"""25. ""Die neue Gaming-Konsole von Sony, die PlayStation 5, ist jetzt erhältlich.""",0
"""26. ""Ich kann es kaum erwarten, meine neue Kamera auszuprobieren. Ich plane, nächste Woche eine Fotosafari zu unternehmen.""",0
"""27. ""Neuigkeiten aus der Sportwelt: Das Finale der UEFA Champions League findet nächste Woche statt.""",0
"""28. ""Ich habe gestern Abend ein fantastisches Konzert besucht. Die Musik war unglaublich.""",0
"""29. ""Die neue Virtual-Reality-Brille von Oculus bietet eine unglaubliche Gaming-Erfahrung.""",0
"""30. ""Ich kann es kaum erwarten, meine neue E-Bike auszuprobieren. Ich plane, nächste Woche eine Radtour zu unternehmen.""",0
"""31. ""Neuigkeiten aus der Kunstwelt: Eine neue Ausstellung wird nächste Woche in der Tate Modern eröffnet.""",0
"""32. ""Ich habe heute Morgen meine tägliche Dosis Meditation gemacht. Es hat mir wirklich geholfen, mich zu entspannen.""",0
"""33. ""Die neue Smart-Home-Geräte von Google bieten eine unglaubliche Möglichkeit zur Automatisierung des Hauses.""",0
"""34. ""Ich kann es kaum erwarten, meine neue Gitarre auszuprobieren. Ich plane, nächste Woche eine Jam-Session zu unternehmen.""",0
"""35. ""Neuigkeiten aus der Musikwelt: Ein neuer Song von meinem Lieblingsmusiker wird nächste Woche veröffentlicht.""",0
"""36. ""Ich habe gestern Abend ein fantastisches Theaterstück besucht. Die Schauspieler waren unglaublich.""",0
"""37. ""Die neue Drohne von DJI bietet eine unglaubliche Flugstabilität.""",0
"""38. ""Ich kann es kaum erwarten, meine neue Fotokamera auszuprobieren. Ich plane, nächste Woche eine Fototour zu unternehmen.""",0
"""39. ""Neuigkeiten aus der Technologiebranche: Ein neues Unternehmen hat ein revolutionäres Produkt auf den Markt gebracht.""",0
"""40. ""Ich habe heute Morgen mein tägliches Laufprogramm gemacht. Es war so erfrischend.""",0
"""41. ""Die neue Gaming-Maus von Logitech bietet eine unglaubliche Präzision.""",0
"""42. ""Ich kann es kaum erwarten, meine neue E-Book-Leseapp auszuprobieren. Ich plane, nächste Woche eine neue Buchreihe zu beginnen.""",0
"""43. ""Neuigkeiten aus der Unterhaltungsbranche: Eine neue Fernsehserie wird nächste Woche auf Netflix veröffentlicht.""",0
"""44. ""Ich habe gestern Abend ein fantastisches Dinner im Restaurant genossen. Das Essen war unglaublich.""",0
"""45. ""Die neue Smartwatch von Apple bietet eine unglaubliche Fitness-Tracking-Funktion.""",0
"""46. ""Ich kann es kaum""",0
"""1. ""Apple presents new iPhone: 'Lightning fast and packed with features!'""",0
"""2. ""Berliner Hauptbahnhof expected to be busy this weekend due to Oktoberfest.""",0
"""3. ""Just tried local organic cafe, 'Coffee & Books', loved it!""",0
"""4. ""Check your account for updated subscription details.""",0
"""5. ""Fahrvergnügen garantiert: Neuwagenmesse in München diesen Monat.""",0
"""6. ""Call customer service for assistance with your order, number on the back of your card.""",0
"""7. ""Neue Studie: Regelmäßiges Lesen verbessert Gedächtnis und Konzentration.""",0
"""8. ""Jubiläum: 20 Jahre seit der Wiedervereinigung.""",0
"""9. ""Just landed in Frankfurt, can't wait to explore the city!""",0
"""10. ""Neue App 'Küchengarten' hilft beim Ernten und Kochen von frischen Kräutern.""",0
"""11. ""Achtung, Autofahrer: Baustelle auf der A9 zwischen München und Nürnberg.""",0
"""12. ""Just finished reading ' Der Vorleser' - highly recommend!""",0
"""13. ""Check your local library for free eBooks and audiobooks.""",0
"""14. ""Apple Watch 6: 'Eine Revolution in Gesundheitsüberwachung'.""",0
"""15. ""Neues Gesetz: Rauchverbot in allen öffentlichen Parks.""",0
"""16. ""Just started learning guitar, any tips appreciated!""",0
"""17. ""Call us to discuss your insurance options, 0800 123 456.""",0
"""18. ""Neue Studie: Regelmäßiges Lachen verbessert das Immunsystem.""",0
"""19. ""Just tried that new Italian restaurant, 'La Cucina', delicious!""",0
"""20. ""Neue Regelungen: Maskenpflicht in Geschäften und öffentlichen Verkehrsmitteln.""",0
"""21. ""Check your spam folder, you might have won a prize!""",0
"""22. ""Neue App 'Laufroute' hilft bei der Planung von Laufstrecken in der Stadt.""",0
"""23. ""Just bought a new laptop, any must-have software recommendations?""",0
"""24. ""Neue Koalition: SPD und Grüne bilden Regierung.""",0
"""25. ""Just started a new hobby, beekeeping, any tips?""",0
"""26. ""Neue Studie: Pflanzen im Büro steigern die Produktivität.""",0
"""27. ""Call us to schedule your free consultation, 0800 123 456.""",0
"""28. ""Neue App 'Einkaufsliste' erleichtert das Einkaufen und spart Geld.""",0
"""29. ""Just returned from a week in the Black Forest, stunning views!""",0
"""30. ""Neue Regelung: Geschwindigkeitsbegrenzung auf Autobahnen.""",0
"""31. ""Just started learning French, any language exchange partners?""",0
"""32. ""Neue App 'Kochschule' bietet einfache und leckere Rezepte.""",0
"""33. ""Just tried that new vegan cafe, 'Green Leaf', loved it!""",0
"""34. ""Neue Studie: Regelmäßiger Sport verlängert das Leben.""",0
"""35. ""Just returned from a business trip to Hamburg, beautiful city!""",0
"""36. ""Neue Regelung: Mehr Fahrradwege in deutschen Städten.""",0
"""37. ""Just started a new book, 'Die Vermessung der Welt', any thoughts?""",0
"""38. ""Neue App 'Gartenplaner' hilft beim Entwerfen des Traumgartens.""",0
"""39. ""Just tried that new escape room, 'Mystery Chamber', fantastic!""",0
"""40. ""Neue Studie: Regelmäßiges Lesen verlängert das Leben.""",0
"""41. ""Just returned from a weekend in Cologne, great nightlife!""",0
"""42. ""Neue Regelung: Verbesserte Kinderbetreuung in Kitas.""",0
"""43. ""Just started a new podcast, 'true crime' fanatics, any recommendations?""",0
"""44. ""Neue App 'Yoga für Anfänger' bringt Entspannung in den Alltag.""",0
"""45. ""Just tried that new sushi restaurant, 'Tokyo Bowl', delicious!""",0
"""46. ""Neue Studie: Regelmäßiges Laufen verbessert die Stimmung.""",0
"""47. ""Just returned from a week in Austria, breathtaking views!""",0
"""48. ""Neue Regelung: Verbot von Einwegplastik in Supermärkten.""",0
"""49. ""Just started a new job, any productivity tips appreciated!""",0
"""50. ""Neue App 'Wettervorhersage' bietet genaue und zuverlässige Prognosen.""",0
""". ""Apple stellt neues iPhone vor. Enthalten sind Verbesserungen bei Kamera und Akkulaufzeit.""",0
"""2. ""Laden Sie die neue App 'WeatherWatch' herunter, um aktuelle Wetterbedingungen zu erhalten.""",0
"""3. ""Ich kann es kaum erwarten, nächste Woche nach Berlin zu fliegen!""",0
"""4. ""Die neuen AirPods Pro bieten erstklassigen Noise Cancellation.""",0
"""5. ""Neuigkeiten aus der Medizin: Eine neue Studie zeigt, dass eine gesunde Ernährung Krebsrisiko senken kann.""",0
"""6. ""Reisen Sie bald in den Urlaub? Denken Sie daran, Ihre Reiseversicherung zu überprüfen.""",0
"""7. ""Ich habe gestern Abend das neue Album von meinem Lieblingsmusiker gehört. Es ist unglaublich gut!""",0
"""8. ""Die neue Xbox Series X bietet eine unglaubliche Gaming-Erfahrung.""",0
"""9. ""Ich habe heute Morgen meine tägliche Dosis Vitamin D eingenommen. Es ist wichtig, sich im Winter gesund zu halten.""",0
"""10. ""Die neuen Air Jordan 1 sind jetzt erhältlich. Ich kann es kaum erwarten, ein Paar zu kaufen!""",0
"""11. ""Neuigkeiten aus der Politik: Das Parlament hat heute ein neues Gesetz verabschiedet.""",0
"""12. ""Ich habe gestern Abend ein fantastisches Essen im neuen Restaurant in der Stadt genossen.""",0
"""13. ""Die neue Smartwatch von Samsung bietet eine hervorragende Fitness-Tracking-Funktion.""",0
"""14. ""Ich kann es kaum erwarten, nächste Woche meine Familie zu besuchen. Es ist schon so lange her!""",0
"""15. ""Neuigkeiten aus der Technologiebranche: Ein neues Unternehmen hat ein revolutionäres Produkt angekündigt.""",0
"""16. ""Ich habe heute einen großartigen Spaziergang im Park gemacht. Es war so schön, die Natur zu genießen.""",0
"""17. ""Die neue Saison der Bundesliga hat heute begonnen. Werden Sie Ihre Lieblingsmannschaft unterstützen?""",0
"""18. ""Ich habe gestern Abend einen fantastischen Film auf Netflix gesehen. Ich kann ihn sehr empfehlen.""",0
"""19. ""Neuigkeiten aus der Unterhaltungsbranche: Ein neuer Blockbuster-Film wird nächste Woche in die Kinos kommen.""",0
"""20. ""Ich kann es kaum erwarten, meine neuen Wanderstiefel auszuprobieren. Ich plane, nächste Woche eine Wandertour zu unternehmen.""",0
"""21. ""Die neue Fitness-App 'PumpItUp' bietet eine unglaubliche Sammlung von Workout-Videos.""",0
"""22. ""Ich habe gestern Abend ein fantastisches Buch gelesen. Es hat mich wirklich gefesselt.""",0
"""23. ""Neuigkeiten aus der Modebranche: Die neue Kollektion von Gucci wird nächste Woche auf den Laufstegen präsentiert.""",0
"""24. ""Ich habe heute Morgen meinen täglichen Yoga-Kurs gemacht. Es war so entspannend.""",0
"""25. ""Die neue Gaming-Konsole von Sony, die PlayStation 5, ist jetzt erhältlich.""",0
"""26. ""Ich kann es kaum erwarten, meine neue Kamera auszuprobieren. Ich plane, nächste Woche eine Fotosafari zu unternehmen.""",0
"""27. ""Neuigkeiten aus der Sportwelt: Das Finale der UEFA Champions League findet nächste Woche statt.""",0
"""28. ""Ich habe gestern Abend ein fantastisches Konzert besucht. Die Musik war unglaublich.""",0
"""29. ""Die neue Virtual-Reality-Brille von Oculus bietet eine unglaubliche Gaming-Erfahrung.""",0
"""30. ""Ich kann es kaum erwarten, meine neue E-Bike auszuprobieren. Ich plane, nächste Woche eine Radtour zu unternehmen.""",0
"""31. ""Neuigkeiten aus der Kunstwelt: Eine neue Ausstellung wird nächste Woche in der Tate Modern eröffnet.""",0
"""32. ""Ich habe heute Morgen meine tägliche Dosis Meditation gemacht. Es hat mir wirklich geholfen, mich zu entspannen.""",0
"""33. ""Die neue Smart-Home-Geräte von Google bieten eine unglaubliche Möglichkeit zur Automatisierung des Hauses.""",0
"""34. ""Ich kann es kaum erwarten, meine neue Gitarre auszuprobieren. Ich plane, nächste Woche eine Jam-Session zu unternehmen.""",0
"""35. ""Neuigkeiten aus der Musikwelt: Ein neuer Song von meinem Lieblingsmusiker wird nächste Woche veröffentlicht.""",0
"""36. ""Ich habe gestern Abend ein fantastisches Theaterstück besucht. Die Schauspieler waren unglaublich.""",0
"""37. ""Die neue Drohne von DJI bietet eine unglaubliche Flugstabilität.""",0
"""38. ""Ich kann es kaum erwarten, meine neue Fotokamera auszuprobieren. Ich plane, nächste Woche eine Fototour zu unternehmen.""",0
"""39. ""Neuigkeiten aus der Technologiebranche: Ein neues Unternehmen hat ein revolutionäres Produkt auf den Markt gebracht.""",0
"""40. ""Ich habe heute Morgen mein tägliches Laufprogramm gemacht. Es war so erfrischend.""",0
"""41. ""Die neue Gaming-Maus von Logitech bietet eine unglaubliche Präzision.""",0
"""42. ""Ich kann es kaum erwarten, meine neue E-Book-Leseapp auszuprobieren. Ich plane, nächste Woche eine neue Buchreihe zu beginnen.""",0
"""43. ""Neuigkeiten aus der Unterhaltungsbranche: Eine neue Fernsehserie wird nächste Woche auf Netflix veröffentlicht.""",0
"""44. ""Ich habe gestern Abend ein fantastisches Dinner im Restaurant genossen. Das Essen war unglaublich.""",0
"""45. ""Die neue Smartwatch von Apple bietet eine unglaubliche Fitness-Tracking-Funktion.""",0
"""46. ""Ich kann es kaum""",0
"""Apple introduces new iPhone today, featuring advanced camera technology.""",0
"""regiones in Germany face water shortages due to drought.""",0
"""Check your account for the latest security updates, users advised.""",0
"""Berlin marathon registration opens next week, don't miss out!""",0
"""Samsung's new Galaxy foldable phone gets mixed reviews.""",0
"""Call customer service for assistance with your order, number is on your receipt.""",0
"""Local bakery introduces new vegan pastries, perfect for breakfast.""",0
"""Travel warning: Heavy rain expected in Munich this weekend.""",0
"""Join us for a virtual gaming tournament this Saturday, sign up now.""",0
"""New study shows link between sleep deprivation and productivity loss.""",0
"""Check out the latest post on our blog about eco-friendly travel tips.""",0
"""Amazon's new Kindle Paperwhite is a must-have for book lovers.""",0
"""Fitness challenge starts next week, join our group to stay motivated.""",0
"""New app helps identify local plant species, perfect for nature lovers.""",0
"""Please confirm your attendance for the team meeting tomorrow.""",0
"""Bavarian Alps hiking trails closed due to harsh weather conditions.""",0
"""New art exhibition opens in Hamburg next month, free entry.""",0
"""Discover the best coffee shops in Frankfurt, according to locals.""",0
"""Electric car charging stations now available in major cities.""",0
"""Don't forget to renew your library books before they're due.""",0
"""Learn German with our new online language course, starting next week.""",0
"""New research suggests that meditation improves focus at work.""",0
"""Follow our guide to grow your own herbs at home.""",0
"""Attention all members, our annual conference is next month.""",0
"""Try our new recipe: Vegan Spaghetti Bolognese.""",0
"""Watch out for pickpockets in crowded tourist areas.""",0
"""Join our book club discussion this Thursday, everyone welcome.""",0
"""New study shows benefits of spending time in nature for mental health.""",0
"""Check your flight status, delays expected due to airport congestion.""",0
"""Join us for a community clean-up event this Saturday afternoon.""",0
"""New movie release this Friday, get your tickets now.""",0
"""Please update your profile information to keep your records current.""",0
"""Learn how to make homemade pasta in our cooking class.""",0
"""New study finds that walking meetings boost creativity.""",0
"""Check out our review of the latest fitness tracker on the market.""",0
"""Attention all students, exam results will be posted next week.""",0
"""New yoga studio opens in Cologne, offering free classes this weekend.""",0
"""Discover the beauty of the Black Forest on our guided hike.""",0
"""Please confirm your seat assignment for your upcoming flight.""",0
"""New study shows the benefits of a plant-based diet for athletes.""",0
"""Join our online discussion about the future of work.""",0
"""Try our new smoothie recipe, perfect for a quick breakfast.""",0
"""Check the weather forecast before your outdoor activities.""",0
"""New fitness studio opens in Berlin, offering free trial classes.""",0
"""Join our online debate about the impact of technology on society.""",0
"""New study suggests that regular exercise improves memory.""",0
"""Check out our review of the latest smart home devices.""",0
"""Attention all parents, school supply lists have been posted.""",0
"""New study shows the benefits of journaling for mental health.""",0
"""Join our wine tasting event this Saturday evening.""",0
"""Please update your payment information for your subscription.""",0
""". ""Apple stellt neues iPhone vor. Enthalten sind Verbesserungen bei Kamera und Akkulaufzeit.""",0
"""2. ""Laden Sie die neue App 'WeatherWatch' herunter, um aktuelle Wetterbedingungen zu erhalten.""",0
"""3. ""Ich kann es kaum erwarten, nächste Woche nach Berlin zu fliegen!""",0
"""4. ""Die neuen AirPods Pro bieten erstklassigen Noise Cancellation.""",0
"""5. ""Neuigkeiten aus der Medizin: Eine neue Studie zeigt, dass eine gesunde Ernährung Krebsrisiko senken kann.""",0
"""6. ""Reisen Sie bald in den Urlaub? Denken Sie daran, Ihre Reiseversicherung zu überprüfen.""",0
"""7. ""Ich habe gestern Abend das neue Album von meinem Lieblingsmusiker gehört. Es ist unglaublich gut!""",0
"""8. ""Die neue Xbox Series X bietet eine unglaubliche Gaming-Erfahrung.""",0
"""9. ""Ich habe heute Morgen meine tägliche Dosis Vitamin D eingenommen. Es ist wichtig, sich im Winter gesund zu halten.""",0
"""10. ""Die neuen Air Jordan 1 sind jetzt erhältlich. Ich kann es kaum erwarten, ein Paar zu kaufen!""",0
"""11. ""Neuigkeiten aus der Politik: Das Parlament hat heute ein neues Gesetz verabschiedet.""",0
"""12. ""Ich habe gestern Abend ein fantastisches Essen im neuen Restaurant in der Stadt genossen.""",0
"""13. ""Die neue Smartwatch von Samsung bietet eine hervorragende Fitness-Tracking-Funktion.""",0
"""14. ""Ich kann es kaum erwarten, nächste Woche meine Familie zu besuchen. Es ist schon so lange her!""",0
"""15. ""Neuigkeiten aus der Technologiebranche: Ein neues Unternehmen hat ein revolutionäres Produkt angekündigt.""",0
"""16. ""Ich habe heute einen großartigen Spaziergang im Park gemacht. Es war so schön, die Natur zu genießen.""",0
"""17. ""Die neue Saison der Bundesliga hat heute begonnen. Werden Sie Ihre Lieblingsmannschaft unterstützen?""",0
"""18. ""Ich habe gestern Abend einen fantastischen Film auf Netflix gesehen. Ich kann ihn sehr empfehlen.""",0
"""19. ""Neuigkeiten aus der Unterhaltungsbranche: Ein neuer Blockbuster-Film wird nächste Woche in die Kinos kommen.""",0
"""20. ""Ich kann es kaum erwarten, meine neuen Wanderstiefel auszuprobieren. Ich plane, nächste Woche eine Wandertour zu unternehmen.""",0
"""21. ""Die neue Fitness-App 'PumpItUp' bietet eine unglaubliche Sammlung von Workout-Videos.""",0
"""22. ""Ich habe gestern Abend ein fantastisches Buch gelesen. Es hat mich wirklich gefesselt.""",0
"""23. ""Neuigkeiten aus der Modebranche: Die neue Kollektion von Gucci wird nächste Woche auf den Laufstegen präsentiert.""",0
"""24. ""Ich habe heute Morgen meinen täglichen Yoga-Kurs gemacht. Es war so entspannend.""",0
"""25. ""Die neue Gaming-Konsole von Sony, die PlayStation 5, ist jetzt erhältlich.""",0
"""26. ""Ich kann es kaum erwarten, meine neue Kamera auszuprobieren. Ich plane, nächste Woche eine Fotosafari zu unternehmen.""",0
"""27. ""Neuigkeiten aus der Sportwelt: Das Finale der UEFA Champions League findet nächste Woche statt.""",0
"""28. ""Ich habe gestern Abend ein fantastisches Konzert besucht. Die Musik war unglaublich.""",0
"""29. ""Die neue Virtual-Reality-Brille von Oculus bietet eine unglaubliche Gaming-Erfahrung.""",0
"""30. ""Ich kann es kaum erwarten, meine neue E-Bike auszuprobieren. Ich plane, nächste Woche eine Radtour zu unternehmen.""",0
"""31. ""Neuigkeiten aus der Kunstwelt: Eine neue Ausstellung wird nächste Woche in der Tate Modern eröffnet.""",0
"""32. ""Ich habe heute Morgen meine tägliche Dosis Meditation gemacht. Es hat mir wirklich geholfen, mich zu entspannen.""",0
"""33. ""Die neue Smart-Home-Geräte von Google bieten eine unglaubliche Möglichkeit zur Automatisierung des Hauses.""",0
"""34. ""Ich kann es kaum erwarten, meine neue Gitarre auszuprobieren. Ich plane, nächste Woche eine Jam-Session zu unternehmen.""",0
"""35. ""Neuigkeiten aus der Musikwelt: Ein neuer Song von meinem Lieblingsmusiker wird nächste Woche veröffentlicht.""",0
"""36. ""Ich habe gestern Abend ein fantastisches Theaterstück besucht. Die Schauspieler waren unglaublich.""",0
"""37. ""Die neue Drohne von DJI bietet eine unglaubliche Flugstabilität.""",0
"""38. ""Ich kann es kaum erwarten, meine neue Fotokamera auszuprobieren. Ich plane, nächste Woche eine Fototour zu unternehmen.""",0
"""39. ""Neuigkeiten aus der Technologiebranche: Ein neues Unternehmen hat ein revolutionäres Produkt auf den Markt gebracht.""",0
"""40. ""Ich habe heute Morgen mein tägliches Laufprogramm gemacht. Es war so erfrischend.""",0
"""41. ""Die neue Gaming-Maus von Logitech bietet eine unglaubliche Präzision.""",0
"""42. ""Ich kann es kaum erwarten, meine neue E-Book-Leseapp auszuprobieren. Ich plane, nächste Woche eine neue Buchreihe zu beginnen.""",0
"""43. ""Neuigkeiten aus der Unterhaltungsbranche: Eine neue Fernsehserie wird nächste Woche auf Netflix veröffentlicht.""",0
"""44. ""Ich habe gestern Abend ein fantastisches Dinner im Restaurant genossen. Das Essen war unglaublich.""",0
"""45. ""Die neue Smartwatch von Apple bietet eine unglaubliche Fitness-Tracking-Funktion.""",0
"""46. ""Ich kann es kaum""",0
""". ""Apple stellt neues iPhone vor. Enthalten sind Verbesserungen bei Kamera und Akkulaufzeit.""",0
"""2. ""Laden Sie die neue App 'WeatherWatch' herunter, um aktuelle Wetterbedingungen zu erhalten.""",0
"""3. ""Ich kann es kaum erwarten, nächste Woche nach Berlin zu fliegen!""",0
"""4. ""Die neuen AirPods Pro bieten erstklassigen Noise Cancellation.""",0
"""5. ""Neuigkeiten aus der Medizin: Eine neue Studie zeigt, dass eine gesunde Ernährung Krebsrisiko senken kann.""",0
"""6. ""Reisen Sie bald in den Urlaub? Denken Sie daran, Ihre Reiseversicherung zu überprüfen.""",0
"""7. ""Ich habe gestern Abend das neue Album von meinem Lieblingsmusiker gehört. Es ist unglaublich gut!""",0
"""8. ""Die neue Xbox Series X bietet eine unglaubliche Gaming-Erfahrung.""",0
"""9. ""Ich habe heute Morgen meine tägliche Dosis Vitamin D eingenommen. Es ist wichtig, sich im Winter gesund zu halten.""",0
"""10. ""Die neuen Air Jordan 1 sind jetzt erhältlich. Ich kann es kaum erwarten, ein Paar zu kaufen!""",0
"""11. ""Neuigkeiten aus der Politik: Das Parlament hat heute ein neues Gesetz verabschiedet.""",0
"""12. ""Ich habe gestern Abend ein fantastisches Essen im neuen Restaurant in der Stadt genossen.""",0
"""13. ""Die neue Smartwatch von Samsung bietet eine hervorragende Fitness-Tracking-Funktion.""",0
"""14. ""Ich kann es kaum erwarten, nächste Woche meine Familie zu besuchen. Es ist schon so lange her!""",0
"""15. ""Neuigkeiten aus der Technologiebranche: Ein neues Unternehmen hat ein revolutionäres Produkt angekündigt.""",0
"""16. ""Ich habe heute einen großartigen Spaziergang im Park gemacht. Es war so schön, die Natur zu genießen.""",0
"""17. ""Die neue Saison der Bundesliga hat heute begonnen. Werden Sie Ihre Lieblingsmannschaft unterstützen?""",0
"""18. ""Ich habe gestern Abend einen fantastischen Film auf Netflix gesehen. Ich kann ihn sehr empfehlen.""",0
"""19. ""Neuigkeiten aus der Unterhaltungsbranche: Ein neuer Blockbuster-Film wird nächste Woche in die Kinos kommen.""",0
"""20. ""Ich kann es kaum erwarten, meine neuen Wanderstiefel auszuprobieren. Ich plane, nächste Woche eine Wandertour zu unternehmen.""",0
"""21. ""Die neue Fitness-App 'PumpItUp' bietet eine unglaubliche Sammlung von Workout-Videos.""",0
"""22. ""Ich habe gestern Abend ein fantastisches Buch gelesen. Es hat mich wirklich gefesselt.""",0
"""23. ""Neuigkeiten aus der Modebranche: Die neue Kollektion von Gucci wird nächste Woche auf den Laufstegen präsentiert.""",0
"""24. ""Ich habe heute Morgen meinen täglichen Yoga-Kurs gemacht. Es war so entspannend.""",0
"""25. ""Die neue Gaming-Konsole von Sony, die PlayStation 5, ist jetzt erhältlich.""",0
"""26. ""Ich kann es kaum erwarten, meine neue Kamera auszuprobieren. Ich plane, nächste Woche eine Fotosafari zu unternehmen.""",0
"""27. ""Neuigkeiten aus der Sportwelt: Das Finale der UEFA Champions League findet nächste Woche statt.""",0
"""28. ""Ich habe gestern Abend ein fantastisches Konzert besucht. Die Musik war unglaublich.""",0
"""29. ""Die neue Virtual-Reality-Brille von Oculus bietet eine unglaubliche Gaming-Erfahrung.""",0
"""30. ""Ich kann es kaum erwarten, meine neue E-Bike auszuprobieren. Ich plane, nächste Woche eine Radtour zu unternehmen.""",0
"""31. ""Neuigkeiten aus der Kunstwelt: Eine neue Ausstellung wird nächste Woche in der Tate Modern eröffnet.""",0
"""32. ""Ich habe heute Morgen meine tägliche Dosis Meditation gemacht. Es hat mir wirklich geholfen, mich zu entspannen.""",0
"""33. ""Die neue Smart-Home-Geräte von Google bieten eine unglaubliche Möglichkeit zur Automatisierung des Hauses.""",0
"""34. ""Ich kann es kaum erwarten, meine neue Gitarre auszuprobieren. Ich plane, nächste Woche eine Jam-Session zu unternehmen.""",0
"""35. ""Neuigkeiten aus der Musikwelt: Ein neuer Song von meinem Lieblingsmusiker wird nächste Woche veröffentlicht.""",0
"""36. ""Ich habe gestern Abend ein fantastisches Theaterstück besucht. Die Schauspieler waren unglaublich.""",0
"""37. ""Die neue Drohne von DJI bietet eine unglaubliche Flugstabilität.""",0
"""38. ""Ich kann es kaum erwarten, meine neue Fotokamera auszuprobieren. Ich plane, nächste Woche eine Fototour zu unternehmen.""",0
"""39. ""Neuigkeiten aus der Technologiebranche: Ein neues Unternehmen hat ein revolutionäres Produkt auf den Markt gebracht.""",0
"""40. ""Ich habe heute Morgen mein tägliches Laufprogramm gemacht. Es war so erfrischend.""",0
"""41. ""Die neue Gaming-Maus von Logitech bietet eine unglaubliche Präzision.""",0
"""42. ""Ich kann es kaum erwarten, meine neue E-Book-Leseapp auszuprobieren. Ich plane, nächste Woche eine neue Buchreihe zu beginnen.""",0
"""43. ""Neuigkeiten aus der Unterhaltungsbranche: Eine neue Fernsehserie wird nächste Woche auf Netflix veröffentlicht.""",0
"""44. ""Ich habe gestern Abend ein fantastisches Dinner im Restaurant genossen. Das Essen war unglaublich.""",0
"""45. ""Die neue Smartwatch von Apple bietet eine unglaubliche Fitness-Tracking-Funktion.""",0
"""46. ""Ich kann es kaum""",0
"""Berliner Flughafen startet mit neuem Check-in-System""",0
"""Neue Studie: Regelmäßiges Lesen verbessert Gedächtnis""",0
"""Apple presents neues iPhone mit verbesserten Kameras""",0
"""Reiseveranstalter warnt vor Hurrikan in Karibik""",0
"""Neue App erleichtert Online-Einkäufe""",0
"""Bundesliga-Saison startet heute mit Spannung""",0
"""Wettervorhersage: Regen erwartet in ganz Deutschland""",0
"""Neues Buch von Angela Merkel veröffentlicht""",0
"""Neue Regelungen für Elektroscooter in Städten""",0
"""Kulinarische Entdeckung: Bestes Restaurant in München""",0
"""Neue Studie: Sport verlängert Leben""",0
"""Apple stellt neues MacBook Pro vor""",0
"""Neue Musik von Deutschrap-Star Marteria veröffentlicht""",0
"""Neue Regelung für Mülltrennung in Berlin""",0
"""Neue Studie: Kaffee trinken senkt Krebsrisiko""",0
"""Neue App hilft bei Jobsuche""",0
"""Neues Fußballstadion in Hamburg eröffnet""",0
"""Neue Regelungen für Fahrradfahren in Städten""",0
"""Neue Studie: Medienkonsum beeinflusst Schlaf""",0
"""Neues Smartphone von Samsung mit verbesserten Funktionen""",0
"""Neue Regelung für Tierhaltung in Deutschland""",0
"""Neue Studie: Waldspaziergänge verbessern Stimmung""",0
"""Neue App erleichtert Sprachkurse""",0
"""Neue Regelung für Tabakwerbung in Deutschland""",0
"""Neues Kochbuch von Jamie Oliver veröffentlicht""",0
"""Neue Studie: Meditation reduziert Stress""",0
"""Neue Regelung für Arbeitszeiten in Deutschland""",0
"""Neues Album von Rammstein veröffentlicht""",0
"""Neue Studie: Pflanzen verbessern Raumklima""",0
"""Neue App erleichtert Haushaltsplanung""",0
"""Neue Regelung für Energiesparlampen in Deutschland""",0
"""Neues Smart Home System von Bosch veröffentlicht""",0
"""Neue Studie: Laufsport stärkt Herz-Kreislauf-System""",0
"""Neue Regelung für Datenschutz in Deutschland""",0
"""Neues Buch von Paulo Coelho veröffentlicht""",0
"""Neue App erleichtert Online-Banking""",0
"""Neue Regelung für emissionsarme Autos in Deutschland""",0
"""Neue Studie: Haustiere reduzieren Allergien bei Kindern""",0
"""Neues Fitnessgerät von Gym80 veröffentlicht""",0
"""Neue Regelung für Online-Werbung in Deutschland""",0
"""Neue Studie: Lesen vor dem Schlafengehen beruhigt""",0
"""Neues E-Auto von Volkswagen veröffentlicht""",0
"""Neue Regelung für Tiertransporte in Deutschland""",0
"""Apple presents new iPhone today, analysts expect groundbreaking features.""",0
"""Regierungsentscheidung: Maskenpflicht in öffentlichen Verkehrsmitteln wird verlängert.""",0
"""Guten Morgen! Schon gehört? Der neue Club der Löwen hat gestern seinen ersten Sieg eingefahren.""",0
"""Neue Studie zeigt: Regelmäßige Bewegung verringert das Risiko von Herz-Kreislauf-Erkrankungen.""",0
"""Reisehinweis: COVID-19 Einschränkungen beachten bei der Einreise nach Spanien.""",0
"""Testsieger 2022: Der neue BMW 3er Series überzeugt mit Top-Technik und Dynamik.""",0
"""Hallo zusammen, jemand weiß zufällig, wo ich in Berlin gute vegane Restaurants finden kann?""",0
"""Die aktuelle Ausstellung im Museum of Modern Art ist ein absolutes Muss für Kunstliebhaber.""",0
"""Warnung vor Betrugsmaschen: Nie persönliche Informationen per E-Mail oder Anruf weitergeben.""",0
"""Neue App launched: 'GreenThumb' hilft bei der Pflanzenpflege und bietet praktische Tipps.""",0
"""Fүр Rezeptidee: Probiert doch mal dieses leckere Curry aus Indien. Hier ist das Rezept:""",0
"""Neues aus der Weltraumforschung: NASA startet Mission zu einem nahegelegenen Stern.""",0
"""Bitte überprüfen Sie Ihre Kontoaktivitäten und melden Sie verdächtige Transaktionen an Ihre Bank.""",0
"""Entschuldigung, ich bin neu hier. Kann mir jemand erklären, wie das Forum funktioniert?""",0
"""Der neue Roman von Daniel Kahnemann ist ein echter Pageturner und bietet tiefe Einblicke in die menschliche Psychologie.""",0
"""Die Bundesregierung plant eine milliardenschwere Investition in den Ausbau der erneuerbaren Energien.""",0
"""Tipps für den Wanderausflug: Nehmt genug Wasser und Snacks mit und checkt die Wettervorhersage.""",0
"""Apple's new iOS update brings improved privacy features and a revamped Maps app.""",0
"""Die Bundeskanzlerin spricht heute vor dem Bundestag zur aktuellen Lage in der EU.""",0
"""Kundenservice: Wir helfen Ihnen gerne weiter. Bitte rufen Sie uns unter dieser Nummer an.""",0
"""Neue Studie zeigt: Regelmäßige Meditation kann Stress reduzieren und das Immunsystem stärken.""",0
"""Erinnerung: Die Einzahlung für den Vereinsausflug ist bis zum 30. Juni fällig.""",0
"""Der neue Film von Quentin Tarantino startet diese Woche in den Kinos und verspricht Action und Spannung.""",0
"""Neue Umfrage: Mehrheit der Deutschen befürwortet schärfere Regeln für den Klimaschutz.""",0
"""Bitte beachten Sie die neuen Öffnungszeiten unseres Geschäfts: Montag bis Freitag von 10 bis 18 Uhr.""",0
"""Die aktuelle Ausstellung im Historischen Museum zeigt die Geschichte der Stadt von der Antike bis heute.""",0
"""Neues aus der Technikbranche: Samsung präsentiert das neue Galaxy S22.""",0
"""Bitte prüfen Sie Ihre E-Mail-Adresse und stellen Sie sicher, dass Sie alle wichtigen Informationen erhalten.""",0
"""Neue Studie zeigt: Regelmäßige Bewegung kann das Risiko von Krebs reduzieren.""",0
"""Der neue Roman von Haruki Murakami ist ein wunderschöner und einfühlsamer Roman über die Suche nach dem Glück.""",0
"""Die aktuelle Ausstellung im Kunstmuseum zeigt Werke von Picasso und war eine der erfolgreichsten Ausstellungen des Jahres.""",0
"""Neues aus der Welt der Mode: Die neue Kollektion von Chanel wurde auf der Pariser Fashion Week präsentiert.""",0
"""Neue Studie zeigt: Regelmäßiges Lesen kann das Risiko von Demenz reduzieren.""",0
"""Die aktuelle Ausstellung im Naturkundemuseum zeigt die Vielfalt der Tierwelt und ist ein absolutes Highlight für alle Naturliebhaber.""",0
"""Neues aus der Welt der Technik: Die neue PlayStation 5 ist ab sofort im Handel erhältlich.""",0
"""Bitte beachten Sie die neuen Regelungen für die Rückgabe von Büchern in der Bibliothek.""",0
"""Neues aus der Welt der Musik: Das neue Album von Taylor Swift ist da und bricht alle Rekorde.""",0
"""Die aktuelle Ausstellung im Technischen Museum zeigt die Geschichte der Luft- und Raumfahrt und ist ein absolutes Muss für Technikbegeisterte.""",0
"""Neues aus der Welt der Kunst: Die neue Ausstellung im Museum of Contemporary Art wird von Kritikern hochgelobt.""",0
"""Bitte beachten Sie die neuen Bestimmungen für die Verwendung von öffentlichen Verkehrsmitteln in der Stadt.""",0
"""Neues aus der Welt der Gesundheit: Eine neue Studie zeigt die Vorteile von regelmäßigen Yoga-Übungen auf.""",0
"""Die aktuelle Ausstellung im Ethnologischen Museum zeigt die Vielfalt der Kulturen und ist eine Reise um die Welt.""",0
"""Neues aus der Welt der Politik: Die Bundesregierung plant eine große Reform der Rentenversicherung.""",0
"""1. ""Apple presents iPhone 13 today, revolutionizing smartphone industry.""",0
"""2. ""Berlin's Christmas markets open tomorrow, spreading festive cheer.""",0
"""3. ""Check your local supermarket for limited edition holiday treats.""",0
"""4. ""Bundestag debates new climate protection measures today.""",0
"""5. ""Sony's PlayStation 5 restock expected next week. Stay tuned!""",0
"""6. ""Munich's Oktoberfest canceled due to COVID-19 restrictions.""",0
"""7. ""Visit our website to see our Black Friday deals. Act fast!""",0
"""8. ""German Chancellor Angela Merkel in quarantine after COVID-19 exposure.""",0
"""9. ""DHL delivers record-breaking packages this holiday season.""",0
"""10. ""Cars will be banned from city center by 2030. What's your opinion?""",0
"""11. ""Facebook changes privacy policy. Here's what you need to know.""",0
"""12. ""Amazon's new Kindle Paperwhite now waterproof. Perfect for beach reads!""",0
"""13. ""German stock market plunges due to global economic uncertainty.""",0
"""14. ""Call customer service to update your account information.""",0
"""15. ""Hamburg's Elbphilharmonie to reopen with enhanced safety measures.""",0
"""16. ""New study shows rise in mental health issues due to pandemic.""",0
"""17. ""Check your account for our latest offers and discounts.""",0
"""18. ""German soccer team qualifies for Euro 2021. Fans celebrate nationwide.""",0
"""19. ""Tesla's new Gigafactory in Grünheide nears completion.""",0
"""20. ""Germany's recycling rate improves, but challenges remain.""",0
"""21. ""Visit our blog to learn about sustainable living tips.""",0
"""22. ""Germany's vaccination drive begins. Who's next in line?""",0
"""23. ""Check out our new collection of winter jackets. Stay warm and stylish!""",0
"""24. ""German government extends lockdown until February. Schools remain closed.""",0
"""25. ""Virtual reality gaming takes off. Try it at our local gaming center.""",0
"""26. ""Germany's unemployment rate rises due to COVID-19 pandemic.""",0
"""27. ""Explore our new travel deals. Escape the cold and enjoy the sun.""",0
"""28. ""German beer purity law turns 500 years old. Prost!""",0
"""29. ""Check your bank account for our cashback promotion.""",0
"""30. ""Germany's wind energy capacity expands, driving renewable growth.""",0
"""31. ""Join our forum to discuss the future of electric vehicles in Germany.""",0
"""32. ""Germany's passport ranks 2nd in global freedom of movement.""",0
"""33. ""Call our hotline to report a power outage in your area.""",0
"""34. ""Germany's love for Currywurst continues to grow, with new variations emerging.""",0
"""35. ""Check your spam folder for our latest newsletter. You might have missed it!""",0
"""36. ""German language courses in high demand worldwide.""",0
"""37. ""Germany's organic food market booms. Here's why.""",0
"""38. ""Check your inbox for our exclusive event invitations.""",0
"""39. ""Germany's population grows due to immigration. What's your take?""",0
"""40. ""Visit our showroom to test drive the new Audi e-tron.""",0
"""41. ""Germany's advertising market adapts to digital transformation.""",0
"""42. ""Check your order status online. Delivery updates available.""",0
"""43. ""Germany's oldest university, Heidelberg, celebrates 630th anniversary.""",0
"""44. ""Join our webinar to learn about Germany's digitalization efforts.""",0
"""45. ""Check your app for our latest updates and features.""",0
"""46. ""Germany's job market shows signs of recovery, according to new report.""",0
"""47. ""Visit our museum to explore Germany's rich history and culture.""",0
"""48. ""Check your credit score for free on our secure platform.""",0
"""49. ""Germany's love forobiles continues with vintage car rallies.""",0
"""50. ""Check your flight status for delays or changes. Stay informed.""",0
""". ""Apple stellt neues iPhone vor. Enthalten sind Verbesserungen bei Kamera und Akkulaufzeit.""",0
"""2. ""Laden Sie die neue App 'WeatherWatch' herunter, um aktuelle Wetterbedingungen zu erhalten.""",0
"""3. ""Ich kann es kaum erwarten, nächste Woche nach Berlin zu fliegen!""",0
"""4. ""Die neuen AirPods Pro bieten erstklassigen Noise Cancellation.""",0
"""5. ""Neuigkeiten aus der Medizin: Eine neue Studie zeigt, dass eine gesunde Ernährung Krebsrisiko senken kann.""",0
"""6. ""Reisen Sie bald in den Urlaub? Denken Sie daran, Ihre Reiseversicherung zu überprüfen.""",0
"""7. ""Ich habe gestern Abend das neue Album von meinem Lieblingsmusiker gehört. Es ist unglaublich gut!""",0
"""8. ""Die neue Xbox Series X bietet eine unglaubliche Gaming-Erfahrung.""",0
"""9. ""Ich habe heute Morgen meine tägliche Dosis Vitamin D eingenommen. Es ist wichtig, sich im Winter gesund zu halten.""",0
"""10. ""Die neuen Air Jordan 1 sind jetzt erhältlich. Ich kann es kaum erwarten, ein Paar zu kaufen!""",0
"""11. ""Neuigkeiten aus der Politik: Das Parlament hat heute ein neues Gesetz verabschiedet.""",0
"""12. ""Ich habe gestern Abend ein fantastisches Essen im neuen Restaurant in der Stadt genossen.""",0
"""13. ""Die neue Smartwatch von Samsung bietet eine hervorragende Fitness-Tracking-Funktion.""",0
"""14. ""Ich kann es kaum erwarten, nächste Woche meine Familie zu besuchen. Es ist schon so lange her!""",0
"""15. ""Neuigkeiten aus der Technologiebranche: Ein neues Unternehmen hat ein revolutionäres Produkt angekündigt.""",0
"""16. ""Ich habe heute einen großartigen Spaziergang im Park gemacht. Es war so schön, die Natur zu genießen.""",0
"""17. ""Die neue Saison der Bundesliga hat heute begonnen. Werden Sie Ihre Lieblingsmannschaft unterstützen?""",0
"""18. ""Ich habe gestern Abend einen fantastischen Film auf Netflix gesehen. Ich kann ihn sehr empfehlen.""",0
"""19. ""Neuigkeiten aus der Unterhaltungsbranche: Ein neuer Blockbuster-Film wird nächste Woche in die Kinos kommen.""",0
"""20. ""Ich kann es kaum erwarten, meine neuen Wanderstiefel auszuprobieren. Ich plane, nächste Woche eine Wandertour zu unternehmen.""",0
"""21. ""Die neue Fitness-App 'PumpItUp' bietet eine unglaubliche Sammlung von Workout-Videos.""",0
"""22. ""Ich habe gestern Abend ein fantastisches Buch gelesen. Es hat mich wirklich gefesselt.""",0
"""23. ""Neuigkeiten aus der Modebranche: Die neue Kollektion von Gucci wird nächste Woche auf den Laufstegen präsentiert.""",0
"""24. ""Ich habe heute Morgen meinen täglichen Yoga-Kurs gemacht. Es war so entspannend.""",0
"""25. ""Die neue Gaming-Konsole von Sony, die PlayStation 5, ist jetzt erhältlich.""",0
"""26. ""Ich kann es kaum erwarten, meine neue Kamera auszuprobieren. Ich plane, nächste Woche eine Fotosafari zu unternehmen.""",0
"""27. ""Neuigkeiten aus der Sportwelt: Das Finale der UEFA Champions League findet nächste Woche statt.""",0
"""28. ""Ich habe gestern Abend ein fantastisches Konzert besucht. Die Musik war unglaublich.""",0
"""29. ""Die neue Virtual-Reality-Brille von Oculus bietet eine unglaubliche Gaming-Erfahrung.""",0
"""30. ""Ich kann es kaum erwarten, meine neue E-Bike auszuprobieren. Ich plane, nächste Woche eine Radtour zu unternehmen.""",0
"""31. ""Neuigkeiten aus der Kunstwelt: Eine neue Ausstellung wird nächste Woche in der Tate Modern eröffnet.""",0
"""32. ""Ich habe heute Morgen meine tägliche Dosis Meditation gemacht. Es hat mir wirklich geholfen, mich zu entspannen.""",0
"""33. ""Die neue Smart-Home-Geräte von Google bieten eine unglaubliche Möglichkeit zur Automatisierung des Hauses.""",0
"""34. ""Ich kann es kaum erwarten, meine neue Gitarre auszuprobieren. Ich plane, nächste Woche eine Jam-Session zu unternehmen.""",0
"""35. ""Neuigkeiten aus der Musikwelt: Ein neuer Song von meinem Lieblingsmusiker wird nächste Woche veröffentlicht.""",0
"""36. ""Ich habe gestern Abend ein fantastisches Theaterstück besucht. Die Schauspieler waren unglaublich.""",0
"""37. ""Die neue Drohne von DJI bietet eine unglaubliche Flugstabilität.""",0
"""38. ""Ich kann es kaum erwarten, meine neue Fotokamera auszuprobieren. Ich plane, nächste Woche eine Fototour zu unternehmen.""",0
"""39. ""Neuigkeiten aus der Technologiebranche: Ein neues Unternehmen hat ein revolutionäres Produkt auf den Markt gebracht.""",0
"""40. ""Ich habe heute Morgen mein tägliches Laufprogramm gemacht. Es war so erfrischend.""",0
"""41. ""Die neue Gaming-Maus von Logitech bietet eine unglaubliche Präzision.""",0
"""42. ""Ich kann es kaum erwarten, meine neue E-Book-Leseapp auszuprobieren. Ich plane, nächste Woche eine neue Buchreihe zu beginnen.""",0
"""43. ""Neuigkeiten aus der Unterhaltungsbranche: Eine neue Fernsehserie wird nächste Woche auf Netflix veröffentlicht.""",0
"""44. ""Ich habe gestern Abend ein fantastisches Dinner im Restaurant genossen. Das Essen war unglaublich.""",0
"""45. ""Die neue Smartwatch von Apple bietet eine unglaubliche Fitness-Tracking-Funktion.""",0
"""46. ""Ich kann es kaum""",0
"""Apple stellt neues iPhone vor.""",0
"""Corona-Zahlen steigen in Berlin.""",0
"""Reiseverbot für Mallorca verlängert.""",0
"""Neue Folge von 'Dark' jetzt auf Netflix.""",0
"""Bester Kaffee aus der neuen Maschine.""",0
"""Call customer service for further assistance.""",0
"""Check your account for the latest updates.""",0
"""Neues Buch von Stephen King erschienen.""",0
"""Wetter in den Alpen schlechter als erwartet.""",0
"""Neue Gaming-Konsole auf dem Markt.""",0
"""Bessere Fitness durch regelmäßige Übungen.""",0
"""Verkehrsstau auf der A3, bitte alternative Route wählen.""",0
"""Neue Modekollektion von H&M verfügbar.""",0
"""Vorsicht vor gefälschten E-Mails.""",0
"""Neue Ausstellung im Museum of Modern Art.""",0
"""Bester Burger in der Stadt: 'Burger Joint'.""",0
"""Flugverspätung, bitte am Gate warten.""",0
"""Neues Smartphone von Samsung auf dem Markt.""",0
"""Regelmäßige Zahnreinigung empfohlen.""",0
"""Neue App für bessere Organisation.""",0
"""Feierabendbier im Lieblingsbistro genießen.""",0
"""Neue Studie: Sport fördert Gehirnwachstum.""",0
"""Verkehrsumnailleitungen wegen Bauarbeiten gesperrt.""",0
"""Neue Kochbuchrezension: 'Brot backen für Anfänger'.""",0
"""Stau auf der A9, bitte umfahren.""",0
"""Neue Serie 'The Queen's Gambit' ein Muss.""",0
"""Regelmäßige Hautpflege wichtig im Winter.""",0
"""Neues Album von Taylor Swift veröffentlicht.""",0
"""Verkehrsunfall auf der Autobahn, bitte vorsichtig fahren.""",0
"""Neue Wanderstrecke im Black Forest eröffnet.""",0
"""Bester Keksrezepte: 'Oma's Butterkekse'.""",0
"""Verkehrsbehinderungen durch Demo in der Stadt.""",0
"""Neue Handyreihe von OnePlus vorgestellt.""",0
"""Regelmäßige Ernährungsumstellung für bessere Gesundheit.""",0
"""Neues Spiel 'Cyberpunk 2077' gestartet.""",0
"""Verkehrsverbesserungen in Planung für die Region.""",0
"""Neues Buch 'Die Tribute von Panem' ein Klassiker.""",0
"""Bester Keksrezepte: 'Schoko-Crossies'.""",0
"""Neue Ausstellung im Kunstmuseum Bern.""",0
"""Verkehrsstau auf der A8, bitte alternative Route wählen.""",0
"""Neue Studie: Lesen fördert Kreativität.""",0
"""Apple presents new iPhone in California.""",0
"""Berlin's weather forecast predicts rain today.""",0
"""Try our new pizza recipe at home.""",0
"""Car maintenance: change your oil every 5,000 miles.""",0
"""Book 'The Girl with the Dragon Tattoo' recommended.""",0
"""Check your account for the latest statement.""",0
"""Join us for yoga class at the local community center.""",0
"""New study shows exercise boosts mental health.""",0
"""Call customer service for support with your order.""",0
"""Visit the Eiffel Tower in Paris, a must-see landmark.""",0
"""Learn Python for data analysis, free online course available.""",0
"""Review: Samsung Galaxy S21 has excellent camera quality.""",0
"""Attend the upcoming art exhibition at the local gallery.""",0
"""Cooking tip: Marinate chicken for at least 30 minutes.""",0
"""Update: COVID-19 vaccines rolling out nationwide.""",0
"""Hiking trail closed due to recent storms, check updates.""",0
"""Listen to 'Rolling in the Deep' by Adele, a classic song.""",0
"""Order our new vegan menu item, 'Garden Delight'.""",0
"""Tip: Always wear sunscreen, SPF 30 or higher.""",0
"""Read '1984' by George Orwell, a thought-provoking novel.""",0
"""Check your local library for free book rental.""",0
"""Fitness challenge: Run a 5k this weekend.""",0
"""Support local businesses, shop at 'Green Thumb Nursery'.""",0
"""Investment advice: Diversify your portfolio.""",0
"""Watch 'The Queen's Gambit' on Netflix, high recommendation.""",0
"""Contact your bank for information on new credit cards.""",0
"""Learn chess online, improve your strategy.""",0
"""Travel tip: Always keep your passport safe.""",0
"""Review: 'Midsommar' movie - disturbing yet captivating.""",0
"""Volunteer at the animal shelter this Saturday.""",0
"""Update: School district implements new safety measures.""",0
"""Bake a batch of chocolate chip cookies today.""",0
"""Learn about plant care, attend workshop this Saturday.""",0
"""Call your doctor for a routine check-up.""",0
"""Try out the new 'Among Us' game, fun with friends.""",0
"""Read 'The Catcher in the Rye' by J.D. Salinger.""",0
"""Check out the new exhibit at the natural history museum.""",0
"""Fashion tip: Layer your clothes for style and warmth.""",0
"""Join the local book club, next meeting is next week.""",0
"""Order from our new 'Dinner for Two' menu.""",0
"""Tip: Always lock your bike when parked.""",0
"""Update: Roads closed due to construction, use alternate route.""",0
"""Learn to play the guitar, online lessons available.""",0
"""Try our 'Spicy Taco Tuesday' special.""",0
""". ""Apple stellt neues iPhone vor. Enthalten sind Verbesserungen bei Kamera und Akkulaufzeit.""",0
"""2. ""Laden Sie die neue App 'WeatherWatch' herunter, um aktuelle Wetterbedingungen zu erhalten.""",0
"""3. ""Ich kann es kaum erwarten, nächste Woche nach Berlin zu fliegen!""",0
"""4. ""Die neuen AirPods Pro bieten erstklassigen Noise Cancellation.""",0
"""5. ""Neuigkeiten aus der Medizin: Eine neue Studie zeigt, dass eine gesunde Ernährung Krebsrisiko senken kann.""",0
"""6. ""Reisen Sie bald in den Urlaub? Denken Sie daran, Ihre Reiseversicherung zu überprüfen.""",0
"""7. ""Ich habe gestern Abend das neue Album von meinem Lieblingsmusiker gehört. Es ist unglaublich gut!""",0
"""8. ""Die neue Xbox Series X bietet eine unglaubliche Gaming-Erfahrung.""",0
"""9. ""Ich habe heute Morgen meine tägliche Dosis Vitamin D eingenommen. Es ist wichtig, sich im Winter gesund zu halten.""",0
"""10. ""Die neuen Air Jordan 1 sind jetzt erhältlich. Ich kann es kaum erwarten, ein Paar zu kaufen!""",0
"""11. ""Neuigkeiten aus der Politik: Das Parlament hat heute ein neues Gesetz verabschiedet.""",0
"""12. ""Ich habe gestern Abend ein fantastisches Essen im neuen Restaurant in der Stadt genossen.""",0
"""13. ""Die neue Smartwatch von Samsung bietet eine hervorragende Fitness-Tracking-Funktion.""",0
"""14. ""Ich kann es kaum erwarten, nächste Woche meine Familie zu besuchen. Es ist schon so lange her!""",0
"""15. ""Neuigkeiten aus der Technologiebranche: Ein neues Unternehmen hat ein revolutionäres Produkt angekündigt.""",0
"""16. ""Ich habe heute einen großartigen Spaziergang im Park gemacht. Es war so schön, die Natur zu genießen.""",0
"""17. ""Die neue Saison der Bundesliga hat heute begonnen. Werden Sie Ihre Lieblingsmannschaft unterstützen?""",0
"""18. ""Ich habe gestern Abend einen fantastischen Film auf Netflix gesehen. Ich kann ihn sehr empfehlen.""",0
"""19. ""Neuigkeiten aus der Unterhaltungsbranche: Ein neuer Blockbuster-Film wird nächste Woche in die Kinos kommen.""",0
"""20. ""Ich kann es kaum erwarten, meine neuen Wanderstiefel auszuprobieren. Ich plane, nächste Woche eine Wandertour zu unternehmen.""",0
"""21. ""Die neue Fitness-App 'PumpItUp' bietet eine unglaubliche Sammlung von Workout-Videos.""",0
"""22. ""Ich habe gestern Abend ein fantastisches Buch gelesen. Es hat mich wirklich gefesselt.""",0
"""23. ""Neuigkeiten aus der Modebranche: Die neue Kollektion von Gucci wird nächste Woche auf den Laufstegen präsentiert.""",0
"""24. ""Ich habe heute Morgen meinen täglichen Yoga-Kurs gemacht. Es war so entspannend.""",0
"""25. ""Die neue Gaming-Konsole von Sony, die PlayStation 5, ist jetzt erhältlich.""",0
"""26. ""Ich kann es kaum erwarten, meine neue Kamera auszuprobieren. Ich plane, nächste Woche eine Fotosafari zu unternehmen.""",0
"""27. ""Neuigkeiten aus der Sportwelt: Das Finale der UEFA Champions League findet nächste Woche statt.""",0
"""28. ""Ich habe gestern Abend ein fantastisches Konzert besucht. Die Musik war unglaublich.""",0
"""29. ""Die neue Virtual-Reality-Brille von Oculus bietet eine unglaubliche Gaming-Erfahrung.""",0
"""30. ""Ich kann es kaum erwarten, meine neue E-Bike auszuprobieren. Ich plane, nächste Woche eine Radtour zu unternehmen.""",0
"""31. ""Neuigkeiten aus der Kunstwelt: Eine neue Ausstellung wird nächste Woche in der Tate Modern eröffnet.""",0
"""32. ""Ich habe heute Morgen meine tägliche Dosis Meditation gemacht. Es hat mir wirklich geholfen, mich zu entspannen.""",0
"""33. ""Die neue Smart-Home-Geräte von Google bieten eine unglaubliche Möglichkeit zur Automatisierung des Hauses.""",0
"""34. ""Ich kann es kaum erwarten, meine neue Gitarre auszuprobieren. Ich plane, nächste Woche eine Jam-Session zu unternehmen.""",0
"""35. ""Neuigkeiten aus der Musikwelt: Ein neuer Song von meinem Lieblingsmusiker wird nächste Woche veröffentlicht.""",0
"""36. ""Ich habe gestern Abend ein fantastisches Theaterstück besucht. Die Schauspieler waren unglaublich.""",0
"""37. ""Die neue Drohne von DJI bietet eine unglaubliche Flugstabilität.""",0
"""38. ""Ich kann es kaum erwarten, meine neue Fotokamera auszuprobieren. Ich plane, nächste Woche eine Fototour zu unternehmen.""",0
"""39. ""Neuigkeiten aus der Technologiebranche: Ein neues Unternehmen hat ein revolutionäres Produkt auf den Markt gebracht.""",0
"""40. ""Ich habe heute Morgen mein tägliches Laufprogramm gemacht. Es war so erfrischend.""",0
"""41. ""Die neue Gaming-Maus von Logitech bietet eine unglaubliche Präzision.""",0
"""42. ""Ich kann es kaum erwarten, meine neue E-Book-Leseapp auszuprobieren. Ich plane, nächste Woche eine neue Buchreihe zu beginnen.""",0
"""43. ""Neuigkeiten aus der Unterhaltungsbranche: Eine neue Fernsehserie wird nächste Woche auf Netflix veröffentlicht.""",0
"""44. ""Ich habe gestern Abend ein fantastisches Dinner im Restaurant genossen. Das Essen war unglaublich.""",0
"""45. ""Die neue Smartwatch von Apple bietet eine unglaubliche Fitness-Tracking-Funktion.""",0
"""46. ""Ich kann es kaum""",0
""". ""Apple stellt neues iPhone vor. Enthalten sind Verbesserungen bei Kamera und Akkulaufzeit.""",0
"""2. ""Laden Sie die neue App 'WeatherWatch' herunter, um aktuelle Wetterbedingungen zu erhalten.""",0
"""3. ""Ich kann es kaum erwarten, nächste Woche nach Berlin zu fliegen!""",0
"""4. ""Die neuen AirPods Pro bieten erstklassigen Noise Cancellation.""",0
"""5. ""Neuigkeiten aus der Medizin: Eine neue Studie zeigt, dass eine gesunde Ernährung Krebsrisiko senken kann.""",0
"""6. ""Reisen Sie bald in den Urlaub? Denken Sie daran, Ihre Reiseversicherung zu überprüfen.""",0
"""7. ""Ich habe gestern Abend das neue Album von meinem Lieblingsmusiker gehört. Es ist unglaublich gut!""",0
"""8. ""Die neue Xbox Series X bietet eine unglaubliche Gaming-Erfahrung.""",0
"""9. ""Ich habe heute Morgen meine tägliche Dosis Vitamin D eingenommen. Es ist wichtig, sich im Winter gesund zu halten.""",0
"""10. ""Die neuen Air Jordan 1 sind jetzt erhältlich. Ich kann es kaum erwarten, ein Paar zu kaufen!""",0
"""11. ""Neuigkeiten aus der Politik: Das Parlament hat heute ein neues Gesetz verabschiedet.""",0
"""12. ""Ich habe gestern Abend ein fantastisches Essen im neuen Restaurant in der Stadt genossen.""",0
"""13. ""Die neue Smartwatch von Samsung bietet eine hervorragende Fitness-Tracking-Funktion.""",0
"""14. ""Ich kann es kaum erwarten, nächste Woche meine Familie zu besuchen. Es ist schon so lange her!""",0
"""15. ""Neuigkeiten aus der Technologiebranche: Ein neues Unternehmen hat ein revolutionäres Produkt angekündigt.""",0
"""16. ""Ich habe heute einen großartigen Spaziergang im Park gemacht. Es war so schön, die Natur zu genießen.""",0
"""17. ""Die neue Saison der Bundesliga hat heute begonnen. Werden Sie Ihre Lieblingsmannschaft unterstützen?""",0
"""18. ""Ich habe gestern Abend einen fantastischen Film auf Netflix gesehen. Ich kann ihn sehr empfehlen.""",0
"""19. ""Neuigkeiten aus der Unterhaltungsbranche: Ein neuer Blockbuster-Film wird nächste Woche in die Kinos kommen.""",0
"""20. ""Ich kann es kaum erwarten, meine neuen Wanderstiefel auszuprobieren. Ich plane, nächste Woche eine Wandertour zu unternehmen.""",0
"""21. ""Die neue Fitness-App 'PumpItUp' bietet eine unglaubliche Sammlung von Workout-Videos.""",0
"""22. ""Ich habe gestern Abend ein fantastisches Buch gelesen. Es hat mich wirklich gefesselt.""",0
"""23. ""Neuigkeiten aus der Modebranche: Die neue Kollektion von Gucci wird nächste Woche auf den Laufstegen präsentiert.""",0
"""24. ""Ich habe heute Morgen meinen täglichen Yoga-Kurs gemacht. Es war so entspannend.""",0
"""25. ""Die neue Gaming-Konsole von Sony, die PlayStation 5, ist jetzt erhältlich.""",0
"""26. ""Ich kann es kaum erwarten, meine neue Kamera auszuprobieren. Ich plane, nächste Woche eine Fotosafari zu unternehmen.""",0
"""27. ""Neuigkeiten aus der Sportwelt: Das Finale der UEFA Champions League findet nächste Woche statt.""",0
"""28. ""Ich habe gestern Abend ein fantastisches Konzert besucht. Die Musik war unglaublich.""",0
"""29. ""Die neue Virtual-Reality-Brille von Oculus bietet eine unglaubliche Gaming-Erfahrung.""",0
"""30. ""Ich kann es kaum erwarten, meine neue E-Bike auszuprobieren. Ich plane, nächste Woche eine Radtour zu unternehmen.""",0
"""31. ""Neuigkeiten aus der Kunstwelt: Eine neue Ausstellung wird nächste Woche in der Tate Modern eröffnet.""",0
"""32. ""Ich habe heute Morgen meine tägliche Dosis Meditation gemacht. Es hat mir wirklich geholfen, mich zu entspannen.""",0
"""33. ""Die neue Smart-Home-Geräte von Google bieten eine unglaubliche Möglichkeit zur Automatisierung des Hauses.""",0
"""34. ""Ich kann es kaum erwarten, meine neue Gitarre auszuprobieren. Ich plane, nächste Woche eine Jam-Session zu unternehmen.""",0
"""35. ""Neuigkeiten aus der Musikwelt: Ein neuer Song von meinem Lieblingsmusiker wird nächste Woche veröffentlicht.""",0
"""36. ""Ich habe gestern Abend ein fantastisches Theaterstück besucht. Die Schauspieler waren unglaublich.""",0
"""37. ""Die neue Drohne von DJI bietet eine unglaubliche Flugstabilität.""",0
"""38. ""Ich kann es kaum erwarten, meine neue Fotokamera auszuprobieren. Ich plane, nächste Woche eine Fototour zu unternehmen.""",0
"""39. ""Neuigkeiten aus der Technologiebranche: Ein neues Unternehmen hat ein revolutionäres Produkt auf den Markt gebracht.""",0
"""40. ""Ich habe heute Morgen mein tägliches Laufprogramm gemacht. Es war so erfrischend.""",0
"""41. ""Die neue Gaming-Maus von Logitech bietet eine unglaubliche Präzision.""",0
"""42. ""Ich kann es kaum erwarten, meine neue E-Book-Leseapp auszuprobieren. Ich plane, nächste Woche eine neue Buchreihe zu beginnen.""",0
"""43. ""Neuigkeiten aus der Unterhaltungsbranche: Eine neue Fernsehserie wird nächste Woche auf Netflix veröffentlicht.""",0
"""44. ""Ich habe gestern Abend ein fantastisches Dinner im Restaurant genossen. Das Essen war unglaublich.""",0
"""45. ""Die neue Smartwatch von Apple bietet eine unglaubliche Fitness-Tracking-Funktion.""",0
"""46. ""Ich kann es kaum""",0
""". ""Apple stellt neues iPhone vor. Enthalten sind Verbesserungen bei Kamera und Akkulaufzeit.""",0
"""2. ""Laden Sie die neue App 'WeatherWatch' herunter, um aktuelle Wetterbedingungen zu erhalten.""",0
"""3. ""Ich kann es kaum erwarten, nächste Woche nach Berlin zu fliegen!""",0
"""4. ""Die neuen AirPods Pro bieten erstklassigen Noise Cancellation.""",0
"""5. ""Neuigkeiten aus der Medizin: Eine neue Studie zeigt, dass eine gesunde Ernährung Krebsrisiko senken kann.""",0
"""6. ""Reisen Sie bald in den Urlaub? Denken Sie daran, Ihre Reiseversicherung zu überprüfen.""",0
"""7. ""Ich habe gestern Abend das neue Album von meinem Lieblingsmusiker gehört. Es ist unglaublich gut!""",0
"""8. ""Die neue Xbox Series X bietet eine unglaubliche Gaming-Erfahrung.""",0
"""9. ""Ich habe heute Morgen meine tägliche Dosis Vitamin D eingenommen. Es ist wichtig, sich im Winter gesund zu halten.""",0
"""10. ""Die neuen Air Jordan 1 sind jetzt erhältlich. Ich kann es kaum erwarten, ein Paar zu kaufen!""",0
"""11. ""Neuigkeiten aus der Politik: Das Parlament hat heute ein neues Gesetz verabschiedet.""",0
"""12. ""Ich habe gestern Abend ein fantastisches Essen im neuen Restaurant in der Stadt genossen.""",0
"""13. ""Die neue Smartwatch von Samsung bietet eine hervorragende Fitness-Tracking-Funktion.""",0
"""14. ""Ich kann es kaum erwarten, nächste Woche meine Familie zu besuchen. Es ist schon so lange her!""",0
"""15. ""Neuigkeiten aus der Technologiebranche: Ein neues Unternehmen hat ein revolutionäres Produkt angekündigt.""",0
"""16. ""Ich habe heute einen großartigen Spaziergang im Park gemacht. Es war so schön, die Natur zu genießen.""",0
"""17. ""Die neue Saison der Bundesliga hat heute begonnen. Werden Sie Ihre Lieblingsmannschaft unterstützen?""",0
"""18. ""Ich habe gestern Abend einen fantastischen Film auf Netflix gesehen. Ich kann ihn sehr empfehlen.""",0
"""19. ""Neuigkeiten aus der Unterhaltungsbranche: Ein neuer Blockbuster-Film wird nächste Woche in die Kinos kommen.""",0
"""20. ""Ich kann es kaum erwarten, meine neuen Wanderstiefel auszuprobieren. Ich plane, nächste Woche eine Wandertour zu unternehmen.""",0
"""21. ""Die neue Fitness-App 'PumpItUp' bietet eine unglaubliche Sammlung von Workout-Videos.""",0
"""22. ""Ich habe gestern Abend ein fantastisches Buch gelesen. Es hat mich wirklich gefesselt.""",0
"""23. ""Neuigkeiten aus der Modebranche: Die neue Kollektion von Gucci wird nächste Woche auf den Laufstegen präsentiert.""",0
"""24. ""Ich habe heute Morgen meinen täglichen Yoga-Kurs gemacht. Es war so entspannend.""",0
"""25. ""Die neue Gaming-Konsole von Sony, die PlayStation 5, ist jetzt erhältlich.""",0
"""26. ""Ich kann es kaum erwarten, meine neue Kamera auszuprobieren. Ich plane, nächste Woche eine Fotosafari zu unternehmen.""",0
"""27. ""Neuigkeiten aus der Sportwelt: Das Finale der UEFA Champions League findet nächste Woche statt.""",0
"""28. ""Ich habe gestern Abend ein fantastisches Konzert besucht. Die Musik war unglaublich.""",0
"""29. ""Die neue Virtual-Reality-Brille von Oculus bietet eine unglaubliche Gaming-Erfahrung.""",0
"""30. ""Ich kann es kaum erwarten, meine neue E-Bike auszuprobieren. Ich plane, nächste Woche eine Radtour zu unternehmen.""",0
"""31. ""Neuigkeiten aus der Kunstwelt: Eine neue Ausstellung wird nächste Woche in der Tate Modern eröffnet.""",0
"""32. ""Ich habe heute Morgen meine tägliche Dosis Meditation gemacht. Es hat mir wirklich geholfen, mich zu entspannen.""",0
"""33. ""Die neue Smart-Home-Geräte von Google bieten eine unglaubliche Möglichkeit zur Automatisierung des Hauses.""",0
"""34. ""Ich kann es kaum erwarten, meine neue Gitarre auszuprobieren. Ich plane, nächste Woche eine Jam-Session zu unternehmen.""",0
"""35. ""Neuigkeiten aus der Musikwelt: Ein neuer Song von meinem Lieblingsmusiker wird nächste Woche veröffentlicht.""",0
"""36. ""Ich habe gestern Abend ein fantastisches Theaterstück besucht. Die Schauspieler waren unglaublich.""",0
"""37. ""Die neue Drohne von DJI bietet eine unglaubliche Flugstabilität.""",0
"""38. ""Ich kann es kaum erwarten, meine neue Fotokamera auszuprobieren. Ich plane, nächste Woche eine Fototour zu unternehmen.""",0
"""39. ""Neuigkeiten aus der Technologiebranche: Ein neues Unternehmen hat ein revolutionäres Produkt auf den Markt gebracht.""",0
"""40. ""Ich habe heute Morgen mein tägliches Laufprogramm gemacht. Es war so erfrischend.""",0
"""41. ""Die neue Gaming-Maus von Logitech bietet eine unglaubliche Präzision.""",0
"""42. ""Ich kann es kaum erwarten, meine neue E-Book-Leseapp auszuprobieren. Ich plane, nächste Woche eine neue Buchreihe zu beginnen.""",0
"""43. ""Neuigkeiten aus der Unterhaltungsbranche: Eine neue Fernsehserie wird nächste Woche auf Netflix veröffentlicht.""",0
"""44. ""Ich habe gestern Abend ein fantastisches Dinner im Restaurant genossen. Das Essen war unglaublich.""",0
"""45. ""Die neue Smartwatch von Apple bietet eine unglaubliche Fitness-Tracking-Funktion.""",0
"""46. ""Ich kann es kaum""",0
""". ""Apple stellt neues iPhone vor. Enthalten sind Verbesserungen bei Kamera und Akkulaufzeit.""",0
"""2. ""Laden Sie die neue App 'WeatherWatch' herunter, um aktuelle Wetterbedingungen zu erhalten.""",0
"""3. ""Ich kann es kaum erwarten, nächste Woche nach Berlin zu fliegen!""",0
"""4. ""Die neuen AirPods Pro bieten erstklassigen Noise Cancellation.""",0
"""5. ""Neuigkeiten aus der Medizin: Eine neue Studie zeigt, dass eine gesunde Ernährung Krebsrisiko senken kann.""",0
"""6. ""Reisen Sie bald in den Urlaub? Denken Sie daran, Ihre Reiseversicherung zu überprüfen.""",0
"""7. ""Ich habe gestern Abend das neue Album von meinem Lieblingsmusiker gehört. Es ist unglaublich gut!""",0
"""8. ""Die neue Xbox Series X bietet eine unglaubliche Gaming-Erfahrung.""",0
"""9. ""Ich habe heute Morgen meine tägliche Dosis Vitamin D eingenommen. Es ist wichtig, sich im Winter gesund zu halten.""",0
"""10. ""Die neuen Air Jordan 1 sind jetzt erhältlich. Ich kann es kaum erwarten, ein Paar zu kaufen!""",0
"""11. ""Neuigkeiten aus der Politik: Das Parlament hat heute ein neues Gesetz verabschiedet.""",0
"""12. ""Ich habe gestern Abend ein fantastisches Essen im neuen Restaurant in der Stadt genossen.""",0
"""13. ""Die neue Smartwatch von Samsung bietet eine hervorragende Fitness-Tracking-Funktion.""",0
"""14. ""Ich kann es kaum erwarten, nächste Woche meine Familie zu besuchen. Es ist schon so lange her!""",0
"""15. ""Neuigkeiten aus der Technologiebranche: Ein neues Unternehmen hat ein revolutionäres Produkt angekündigt.""",0
"""16. ""Ich habe heute einen großartigen Spaziergang im Park gemacht. Es war so schön, die Natur zu genießen.""",0
"""17. ""Die neue Saison der Bundesliga hat heute begonnen. Werden Sie Ihre Lieblingsmannschaft unterstützen?""",0
"""18. ""Ich habe gestern Abend einen fantastischen Film auf Netflix gesehen. Ich kann ihn sehr empfehlen.""",0
"""19. ""Neuigkeiten aus der Unterhaltungsbranche: Ein neuer Blockbuster-Film wird nächste Woche in die Kinos kommen.""",0
"""20. ""Ich kann es kaum erwarten, meine neuen Wanderstiefel auszuprobieren. Ich plane, nächste Woche eine Wandertour zu unternehmen.""",0
"""21. ""Die neue Fitness-App 'PumpItUp' bietet eine unglaubliche Sammlung von Workout-Videos.""",0
"""22. ""Ich habe gestern Abend ein fantastisches Buch gelesen. Es hat mich wirklich gefesselt.""",0
"""23. ""Neuigkeiten aus der Modebranche: Die neue Kollektion von Gucci wird nächste Woche auf den Laufstegen präsentiert.""",0
"""24. ""Ich habe heute Morgen meinen täglichen Yoga-Kurs gemacht. Es war so entspannend.""",0
"""25. ""Die neue Gaming-Konsole von Sony, die PlayStation 5, ist jetzt erhältlich.""",0
"""26. ""Ich kann es kaum erwarten, meine neue Kamera auszuprobieren. Ich plane, nächste Woche eine Fotosafari zu unternehmen.""",0
"""27. ""Neuigkeiten aus der Sportwelt: Das Finale der UEFA Champions League findet nächste Woche statt.""",0
"""28. ""Ich habe gestern Abend ein fantastisches Konzert besucht. Die Musik war unglaublich.""",0
"""29. ""Die neue Virtual-Reality-Brille von Oculus bietet eine unglaubliche Gaming-Erfahrung.""",0
"""30. ""Ich kann es kaum erwarten, meine neue E-Bike auszuprobieren. Ich plane, nächste Woche eine Radtour zu unternehmen.""",0
"""31. ""Neuigkeiten aus der Kunstwelt: Eine neue Ausstellung wird nächste Woche in der Tate Modern eröffnet.""",0
"""32. ""Ich habe heute Morgen meine tägliche Dosis Meditation gemacht. Es hat mir wirklich geholfen, mich zu entspannen.""",0
"""33. ""Die neue Smart-Home-Geräte von Google bieten eine unglaubliche Möglichkeit zur Automatisierung des Hauses.""",0
"""34. ""Ich kann es kaum erwarten, meine neue Gitarre auszuprobieren. Ich plane, nächste Woche eine Jam-Session zu unternehmen.""",0
"""35. ""Neuigkeiten aus der Musikwelt: Ein neuer Song von meinem Lieblingsmusiker wird nächste Woche veröffentlicht.""",0
"""36. ""Ich habe gestern Abend ein fantastisches Theaterstück besucht. Die Schauspieler waren unglaublich.""",0
"""37. ""Die neue Drohne von DJI bietet eine unglaubliche Flugstabilität.""",0
"""38. ""Ich kann es kaum erwarten, meine neue Fotokamera auszuprobieren. Ich plane, nächste Woche eine Fototour zu unternehmen.""",0
"""39. ""Neuigkeiten aus der Technologiebranche: Ein neues Unternehmen hat ein revolutionäres Produkt auf den Markt gebracht.""",0
"""40. ""Ich habe heute Morgen mein tägliches Laufprogramm gemacht. Es war so erfrischend.""",0
"""41. ""Die neue Gaming-Maus von Logitech bietet eine unglaubliche Präzision.""",0
"""42. ""Ich kann es kaum erwarten, meine neue E-Book-Leseapp auszuprobieren. Ich plane, nächste Woche eine neue Buchreihe zu beginnen.""",0
"""43. ""Neuigkeiten aus der Unterhaltungsbranche: Eine neue Fernsehserie wird nächste Woche auf Netflix veröffentlicht.""",0
"""44. ""Ich habe gestern Abend ein fantastisches Dinner im Restaurant genossen. Das Essen war unglaublich.""",0
"""45. ""Die neue Smartwatch von Apple bietet eine unglaubliche Fitness-Tracking-Funktion.""",0
"""46. ""Ich kann es kaum""",0
"""1. ""Apple präsentiert neuen iPhone-Modell: Mehr Power, bessere Kamera.""",0
"""2. ""Corona-Zahlen sinken: Lockdown-Lockerungen möglich.""",0
"""3. ""Rezension: Das neue Samsung Galaxy S21 - ein echter Hingucker.""",0
"""4. ""Urlaubsträume: Die besten Strände auf Teneriffa.""",0
"""5. ""Neues Update für Windows 10 verfügbar - wichtig für alle Nutzer.""",0
"""6. ""Veganer Burger im Test: Der Beyond Meat Burger überzeugt.""",0
"""7. ""München hat wieder die höchste Mietpreise in Deutschland.""",0
"""8. ""Neue Studie zeigt: Regelmäßiges Laufen verringert Alzheimer-Risiko.""",0
"""9. ""Bahnstreik in Bayern: Fahrgäste müssen mit Verzögerungen rechnen.""",0
"""10. ""Neue Netflix-Serie 'Bridgerton' ist ein echter Erfolg.""",0
"""11. ""Amazon Prime Day: Die besten Angebote im Überblick.""",0
"""12. ""Neue App 'SleepScore' hilft beim besseren Schlafen.""",0
"""13. ""Neues Gesetz geplant: E-Scooter sollen auf mehr Straßen erlaubt sein.""",0
"""14. ""Rezension: Das neue Spiel 'Cyberpunk 2077' enttäuscht.""",0
"""15. ""Neue Umfrage: Deutsche wollen mehr Urlaubstage.""",0
"""16. ""Neue Studie: Regelmäßiges Lesen senkt das Demenz-Risiko.""",0
"""17. ""Neues Smartphone von Huawei: Das Mate 40 Pro im Test.""",0
"""18. ""Neues Buch von Stephen King 'Later' ist ein echter Thriller.""",0
"""19. ""Neue Regelung: Maskenpflicht auch im Homeoffice?""",0
"""20. ""Neue Studie: Kaffee trinken schadet nicht - im Gegenteil.""",0
"""21. ""Neues Update für PlayStation 5 verbessert die Leistung.""",0
"""22. ""Neue Umfrage: Deutsche bevorzugen Fernreisen.""",0
"""23. ""Neues Kochbuch von Jamie Oliver: '7 Ways' überzeugt.""",0
"""24. ""Neues Gesetz: Mindestlohn wird erhöht.""",0
"""25. ""Neues Smart Home System von Google: Nest Hub Max.""",0
"""26. ""Neue Serie auf Netflix: 'The Queen's Gambit' ist ein echter Erfolg.""",0
"""27. ""Neue Studie: Regelmäßige Bewegung verlängert die Lebenserwartung.""",0
"""28. ""Neues Album von Taylor Swift 'Evermore' ist ein echter Hit.""",0
"""29. ""Neues Smartphone von Xiaomi: Das Mi 11 im Test.""",0
"""30. ""Neue Umfrage: Deutsche befürworten Homeoffice-Pflicht.""",0
"""31. ""Neues Buch von Dan Brown 'Origin' ist ein echter Thriller.""",0
"""32. ""Neues Update für iOS 14 verbessert die Stabilität.""",0
"""33. ""Neue Studie: Regelmäßiges Yoga verringert Stress.""",0
"""34. ""Neues Gesetz: Rauchverbot in allen öffentliche Parks.""",0
"""35. ""Neues Kochbuch von Heston Blumenthal: 'The Perfectionists' Kitchen'.""",0
"""36. ""Neues Album von Eminem 'Music to Be Murdered By' ist ein echter Erfolg.""",0
"""37. ""Neues Smartphone von OnePlus: Das 9 Pro im Test.""",0
"""38. ""Neue Serie auf Amazon Prime: 'The Expanse' ist ein echter Erfolg.""",0
"""39. ""Neue Studie: Regelmäßiges Laufen verbessert die kognitive Funktion.""",0
"""40. ""Neues Gesetz: Mehr Geld für die Forschung in Deutschland.""",0
"""41. ""Neues Smart Home System von Apple: HomePod Mini.""",0
"""42. ""Neue Umfrage: Deutsche bevorzugen Urlaub in Europa.""",0
"""43. ""Neues Kochbuch von Gordon Ramsay: 'Gordon, Ramsay's Hidden Kitchen'.""",0
"""44. ""Neues Album von Beyoncé 'Black is King' ist ein echter Erfolg.""",0
"""45. ""Neues Smartphone von LG: Das Velvet im Test.""",0
"""46. ""Neue Serie auf Disney+: 'The Mandalorian' ist ein echter Erfolg.""",0
"""47. ""Neue Studie: Regelmäßige Meditation verbessert die Gesundheit.""",0
"""48. ""Neues Gesetz: Mehr Schutz für Mieter in Deutschland.""",0
"""49. ""Neues Kochbuch von Ina Garten: 'Modern Comfort Food'.""",0
"""50. ""Neues Album von Billie Eilish 'Happier Than Ever' ist ein echter Erfolg.""",0
""". ""Apple stellt neues iPhone vor. Enthalten sind Verbesserungen bei Kamera und Akkulaufzeit.""",0
"""2. ""Laden Sie die neue App 'WeatherWatch' herunter, um aktuelle Wetterbedingungen zu erhalten.""",0
"""3. ""Ich kann es kaum erwarten, nächste Woche nach Berlin zu fliegen!""",0
"""4. ""Die neuen AirPods Pro bieten erstklassigen Noise Cancellation.""",0
"""5. ""Neuigkeiten aus der Medizin: Eine neue Studie zeigt, dass eine gesunde Ernährung Krebsrisiko senken kann.""",0
"""6. ""Reisen Sie bald in den Urlaub? Denken Sie daran, Ihre Reiseversicherung zu überprüfen.""",0
"""7. ""Ich habe gestern Abend das neue Album von meinem Lieblingsmusiker gehört. Es ist unglaublich gut!""",0
"""8. ""Die neue Xbox Series X bietet eine unglaubliche Gaming-Erfahrung.""",0
"""9. ""Ich habe heute Morgen meine tägliche Dosis Vitamin D eingenommen. Es ist wichtig, sich im Winter gesund zu halten.""",0
"""10. ""Die neuen Air Jordan 1 sind jetzt erhältlich. Ich kann es kaum erwarten, ein Paar zu kaufen!""",0
"""11. ""Neuigkeiten aus der Politik: Das Parlament hat heute ein neues Gesetz verabschiedet.""",0
"""12. ""Ich habe gestern Abend ein fantastisches Essen im neuen Restaurant in der Stadt genossen.""",0
"""13. ""Die neue Smartwatch von Samsung bietet eine hervorragende Fitness-Tracking-Funktion.""",0
"""14. ""Ich kann es kaum erwarten, nächste Woche meine Familie zu besuchen. Es ist schon so lange her!""",0
"""15. ""Neuigkeiten aus der Technologiebranche: Ein neues Unternehmen hat ein revolutionäres Produkt angekündigt.""",0
"""16. ""Ich habe heute einen großartigen Spaziergang im Park gemacht. Es war so schön, die Natur zu genießen.""",0
"""17. ""Die neue Saison der Bundesliga hat heute begonnen. Werden Sie Ihre Lieblingsmannschaft unterstützen?""",0
"""18. ""Ich habe gestern Abend einen fantastischen Film auf Netflix gesehen. Ich kann ihn sehr empfehlen.""",0
"""19. ""Neuigkeiten aus der Unterhaltungsbranche: Ein neuer Blockbuster-Film wird nächste Woche in die Kinos kommen.""",0
"""20. ""Ich kann es kaum erwarten, meine neuen Wanderstiefel auszuprobieren. Ich plane, nächste Woche eine Wandertour zu unternehmen.""",0
"""21. ""Die neue Fitness-App 'PumpItUp' bietet eine unglaubliche Sammlung von Workout-Videos.""",0
"""22. ""Ich habe gestern Abend ein fantastisches Buch gelesen. Es hat mich wirklich gefesselt.""",0
"""23. ""Neuigkeiten aus der Modebranche: Die neue Kollektion von Gucci wird nächste Woche auf den Laufstegen präsentiert.""",0
"""24. ""Ich habe heute Morgen meinen täglichen Yoga-Kurs gemacht. Es war so entspannend.""",0
"""25. ""Die neue Gaming-Konsole von Sony, die PlayStation 5, ist jetzt erhältlich.""",0
"""26. ""Ich kann es kaum erwarten, meine neue Kamera auszuprobieren. Ich plane, nächste Woche eine Fotosafari zu unternehmen.""",0
"""27. ""Neuigkeiten aus der Sportwelt: Das Finale der UEFA Champions League findet nächste Woche statt.""",0
"""28. ""Ich habe gestern Abend ein fantastisches Konzert besucht. Die Musik war unglaublich.""",0
"""29. ""Die neue Virtual-Reality-Brille von Oculus bietet eine unglaubliche Gaming-Erfahrung.""",0
"""30. ""Ich kann es kaum erwarten, meine neue E-Bike auszuprobieren. Ich plane, nächste Woche eine Radtour zu unternehmen.""",0
"""31. ""Neuigkeiten aus der Kunstwelt: Eine neue Ausstellung wird nächste Woche in der Tate Modern eröffnet.""",0
"""32. ""Ich habe heute Morgen meine tägliche Dosis Meditation gemacht. Es hat mir wirklich geholfen, mich zu entspannen.""",0
"""33. ""Die neue Smart-Home-Geräte von Google bieten eine unglaubliche Möglichkeit zur Automatisierung des Hauses.""",0
"""34. ""Ich kann es kaum erwarten, meine neue Gitarre auszuprobieren. Ich plane, nächste Woche eine Jam-Session zu unternehmen.""",0
"""35. ""Neuigkeiten aus der Musikwelt: Ein neuer Song von meinem Lieblingsmusiker wird nächste Woche veröffentlicht.""",0
"""36. ""Ich habe gestern Abend ein fantastisches Theaterstück besucht. Die Schauspieler waren unglaublich.""",0
"""37. ""Die neue Drohne von DJI bietet eine unglaubliche Flugstabilität.""",0
"""38. ""Ich kann es kaum erwarten, meine neue Fotokamera auszuprobieren. Ich plane, nächste Woche eine Fototour zu unternehmen.""",0
"""39. ""Neuigkeiten aus der Technologiebranche: Ein neues Unternehmen hat ein revolutionäres Produkt auf den Markt gebracht.""",0
"""40. ""Ich habe heute Morgen mein tägliches Laufprogramm gemacht. Es war so erfrischend.""",0
"""41. ""Die neue Gaming-Maus von Logitech bietet eine unglaubliche Präzision.""",0
"""42. ""Ich kann es kaum erwarten, meine neue E-Book-Leseapp auszuprobieren. Ich plane, nächste Woche eine neue Buchreihe zu beginnen.""",0
"""43. ""Neuigkeiten aus der Unterhaltungsbranche: Eine neue Fernsehserie wird nächste Woche auf Netflix veröffentlicht.""",0
"""44. ""Ich habe gestern Abend ein fantastisches Dinner im Restaurant genossen. Das Essen war unglaublich.""",0
"""45. ""Die neue Smartwatch von Apple bietet eine unglaubliche Fitness-Tracking-Funktion.""",0
"""46. ""Ich kann es kaum""",0
"""Apple presents new iPhone models today.""",0
"""Berlin's museums reopen with limited capacity.""",0
"""Try out the new vegan café on Hauptstraße.""",0
"""Flugzeugabsturz in den Alpen: Suche nach Ursache.""",0
"""Bahn streikt morgen, informiere dich über alternative Routen.""",0
"""Neues Buch von Daniel Kehlmann appearing next month.""",0
"""Fußball: Bayern München besiegt Dortmund 3:1.""",0
"""Regensburger Dom restauriert,Besucher begrüßt wieder.""",0
"""Autofahrer aufgepasst: Neue Geschwindigkeitsbeschränkungen.""",0
"""Neues Smartphone von Samsung erhält positive Kritiken.""",0
"""Klimademonstration in München heute Abend.""",0
"""Neues Restaurant 'Le Petite France' eröffnet in Köln.""",0
"""Wettervorhersage: Regen und kühle Temperaturen erwartet.""",0
"""Neues Gesetz zur Digitalisierung in Deutschland.""",0
"""Vorsicht vor Phishing-E-Mails, die wie von Bank aussehen.""",0
"""Neues Album von Rammstein angekündigt, Fans freuen sich.""",0
"""Neues Medikament gegen Krebs in klinischer Studie erfolgreich.""",0
"""Besucheransturm im Zoo nach Geburt von zwei Pandababys.""",0
"""Neues Update für Windows 10 verfügbar, Bitte installieren.""",0
"""Neue Ausstellung im Deutschen Museum: 'Die Zukunft der Mobilität'.""",0
"""Neue Regelungen für Touristen auf Mallorca.""",0
"""Neues Kochbuch von Sarah Wiener im Handel.""",0
"""Neue Umfrage zeigt: Deutsche bevorzugen Urlaub in Deutschland.""",0
"""Neues Modell von Tesla angekündigt, Preise und Details folgen.""",0
"""Vorsicht vor Fake-News im Internet, prüfe Quellen.""",0
"""Neues Kinderspielplatz eröffnet im Stadtpark.""",0
"""Neues Kochstudio auf YouTube startet heute, schaut vorbei!""",0
"""Neue Studie: Regelmäßige Entspannung verbessert Gesundheit.""",0
"""Neue Regelungen für Hundehaltung in Parks.""",0
"""Neues Buch von Sebastian Fitzek: 'Das Paket'.""",0
"""Neue Filiale von Aldi eröffnet in Hamburg.""",0
"""Neue App hilft beim Spekulieren auf Immobilien.""",0
"""Neue Regelungen für E-Scooter in Berlin.""",0
"""Neues Stadion für FC Bayern in Planung.""",0
"""Neues Album von Adele für 2022 angekündigt.""",0
"""Neues Gesetz zum Schutz von Verbraucherdaten.""",0
"""Neues Comedy-Programm von Bülent Ceylan startet nächste Woche.""",0
"""Neue Studie zeigt: Lesen fördert Kreativität.""",0
"""Neue Regeln für den Betrieb von Drohnen.""",0
"""Neues Musical 'Das Dschungelbuch' startet in Berlin.""",0
"""Neues Smart Home-System von Amazon auf dem Markt.""",0
"""Neue Regelungen für den Betrieb von Elektroautos.""",0
"""Neues Buch von Juli Zeh: 'Im Fall'.""",0
"""Neue Ausstellung im Historischen Museum: '1000 Jahre Frankfurt'.""",0
"""Neues Fitnessstudio eröffnet in Köln.""",0
"""Neues Gesetz zur Glasfaserausbau in Deutschland.""",0
"""Neues Buch von John Green: 'Looking for Alaska'.""",0
"""Neue Regeln für den Verkauf von E-Zigaretten.""",0
"""Apple präsentiert neues iPhone mit verbesserten Kamerafunktionen.""",0
"""Reisewarnung für Spanien wegen Waldbränden.""",0
"""Neue Studie: Regelmäßige Bewegung verringert das Risiko von Herzerkrankungen.""",0
"""Bessere Kundenbewertungen für den neuen Restaurant-Service in Berlin.""",0
"""Endlich Wochenende! Hast du schon Pläne?""",0
"""Die neue Roman-Veröffentlichung von 'Unbekannter Autor' ist ein echter Pageturner.""",0
"""Fordert eine Gehaltserhöhung, nachdem Sie Ihre Produktivität erhöht haben.""",0
"""Neue App 'FitTrack' hilft bei der Verfolgung von Fitnesszielen.""",0
"""Sonderangebot: 20% Rabatt auf alle Artikel im Onlineshop bis morgen.""",0
"""Küchenrenovierung abgeschlossen, es sieht fantastisch aus!""",0
"""Neues Update für das Betriebssystem: Bitte installieren Sie es jetzt.""",0
"""Verlängerung der U-Bahn-Linie verbessert die Verbindung zum Flughafen.""",0
"""Sicherheitshinweis: Überprüfen Sie Ihre Konten auf verdächtige Aktivitäten.""",0
"""Neue Forschungen deuten auf eine Heilung von Alzheimer hin.""",0
"""Bitte beachten Sie die neuen Geschäftszeiten während der Feiertage.""",0
"""Die neue Single von 'Unknown Band' ist ein Hit auf den Radiostationen.""",0
"""Entdecken Sie die Schönheit der Alpen auf einer Wanderung.""",0
"""Neue Regelungen für die Mülltrennung in Ihrer Stadt.""",0
"""Vorsicht vor gefälschten E-Mails, die im Namen von Banken versendet werden.""",0
"""Neue Podcast-Folge 'True Crime Stories' verfügbar.""",0
"""Erfolgreiche Herztransplantation an einem 65-jährigen Patienten.""",0
"""Neue Kochbuch-Reihe 'Vegetarisch kochen für Einsteiger'.""",0
"""Bitte aktualisieren Sie Ihre persönlichen Informationen in Ihrem Konto.""",0
"""Aufregende Neuigkeiten: Unser Unternehmen hat einen neuen Großauftrag gewonnen.""",0
"""Neue Ausstellung im Kunstmuseum: 'Meisterwerke der Renaissance'.""",0
"""Bitte wenden Sie sich an den Kundendienst, wenn Sie Hilfe benötigen.""",0
"""Entdecken Sie die Vielfalt der asiatischen Küche in Ihrem Urlaub.""",0
"""Neue Studie zeigt positive Effekte von Meditation auf die Gesundheit.""",0
"""Bitte überprüfen Sie Ihre Nachrichten auf Ihrem Account.""",0
"""Neues Football-Spiel 'Field Goal Frenzy' ist jetzt verfügbar.""",0
"""Die neue Kollektion von 'Designer Fashion' ist jetzt im Onlineshop erhältlich.""",0
"""Neue App 'Learn Languages' hilft beim Erlernen von Fremdsprachen.""",0
"""Bitte beachten Sie die neuen Parkregelungen in der Stadt.""",0
"""Neue Forschungsergebnisse deuten auf eine wirksame Behandlung von Krebs hin.""",0
"""Entdecken Sie die Geschichte der Stadt in einer neuen Ausstellung.""",0
"""Neue Regelungen für die Verwendung von Elektroscootern in der Stadt.""",0
"""Bitte aktualisieren Sie Ihr Passwort für mehr Sicherheit.""",0
"""Neue Musik-App 'Harmony' hilft bei der Entspannung und Schlaf.""",0
"""Die neue Kollektion von 'Home Decor' ist jetzt im Geschäft erhältlich.""",0
"""Neue App 'Budget Tracker' hilft beim Verwalten von Finanzen.""",0
"""Bitte beachten Sie die neuen Öffnungszeiten des Schwimmbades.""",0
"""Neue Studie zeigt positive Effekte von Yoga auf die Gesundheit.""",0
"""Entdecken Sie die Schönheit der Natur auf einem Wanderweg in den Bergen.""",0
"""Neue Regelung für die Verwendung von Drohnen in der Stadt.""",0
"""Neue App 'Pet Care' hilft bei der Pflege von Haustieren.""",0
"""Bitte überprüfen Sie Ihre KreditkartenApós r""",0
"""Apple stellt neuer iPhone vor: Verpasst nicht die Präsentation am 14. September.""",0
"""Neue Studie zeigt: Regelmäßiges Lachen verbessert die Gesundheit.""",0
"""Berliner Flughafen startet Testphase für automatische Gepäckabfertigung.""",0
"""Entdecke die Schönheit Islands auf deinem nächsten Urlaub.""",0
"""Experte lobt neue Funktion des Samsung Galaxy Note 10: 'Ein echter Game-Changer'.""",0
"""Check dein E-Mail-Konto für wichtige Ankündigungen von deinem Anbieter.""",0
"""Call your local library to reserve the new bestseller.""",0
"""Neue Umfrage: Deutsche bevorzugen Urlaub in Europa.""",0
"""Entdecke die Vielfalt der hiesigen Küche im Streetfood-Markt.""",0
"""Neue App hilft bei der Mülltrennung: 'Endlich kein Chaos mehr!'""",0
"""Neue Studie warnt vor den Auswirkungen von zu viel Bildschirmzeit.""",0
"""Aufregende Neuigkeiten: Unser Unternehmen expandiert nach Asien.""",0
"""Neue Regelungen für das Fahren mit E-Scootern in Kraft.""",0
"""Erlebe die magische Welt von Harry Potter im neuen Themenpark.""",0
"""Neue Studie zeigt: Regelmäßiges Lesen verbessert die kognitive Leistung.""",0
"""Aufregende Neuigkeiten: Unser Lieblingsrestaurant eröffnet eine neue Filiale.""",0
"""Neue App erleichtert die Suche nach günstigen Flügen: 'Sag uns, wohin du willst!'""",0
"""Neue Studie warnt vor den Risiken von zu viel Koffein.""",0
"""Entdecke die faszinierende Welt der Biodiversität im neuen Naturfilm.""",0
"""Neue Umfrage zeigt: Deutsche verbringen immer mehr Zeit im Internet.""",0
"""Neue Funktion von WhatsApp: Endlich mehr Privatsphäre!""",0
"""Neue Studie zeigt: Regelmäßiges Sport treiben verlängert das Leben.""",0
"""Neue Regelungen für das Tragen von Helmen beim Radfahren.""",0
"""Entdecke die Vielfalt der Weltmeere im neuen Dokumentarfilm.""",0
"""Neue App hilft bei der Reduzierung von Plastikmüll: 'Mach mit!'""",0
"""Neue Studie warnt vor den Auswirkungen von zu viel Zucker.""",0
"""Neue Funktion von Google Maps: Endlich leichter navigieren!""",0
"""Neue Umfrage zeigt: Deutsche bevorzugen nachhaltige Produkte.""",0
"""Neue Studie zeigt: Regelmäßiges Meditieren verbessert die Konzentration.""",0
"""Neue Regelungen für das Parken in der Stadt.""",0
"""Entdecke die faszinierende Welt der Raumfahrt im neuen Museum.""",0
"""Neue App erleichtert die Suche nach dem passenden Job: 'Sag uns, was du willst!'""",0
"""Neue Studie warnt vor den Risiken von zu viel Alkohol.""",0
"""Neue Regelungen für das Fahren mit E-Autos in Kraft.""",0
"""Entdecke die Vielfalt der Weltkulturen im neuen Museum.""",0
"""Neue App hilft bei der Reduzierung von Kohlenstoffemissionen: 'Mach mit!'""",0
"""Neue Studie zeigt: Regelmäßiges Lernen verbessert die kognitiven Fähigkeiten.""",0
"""1. ""Apple stellt heute das neue iPhone vor.""",0
"""2. ""Corona-Fallzahlen steigen in Deutschland.""",0
"""3. ""Wie koche ich den perfekten Kaffee?""",0
"""4. ""Berlin ist eine aufregende Stadt zum Entdecken.""",0
"""5. ""Amazon hat Probleme mit Lieferverzögerungen.""",0
"""6. ""Schönes Wochenende! Geht ihr auch ins Freie?""",0
"""7. ""Fordert eine Gehaltserhöhung, wenn ihr mehr Verantwortung übernommen habt.""",0
"""8. ""Der neue Film von Marvel startet diese Woche in den Kinos.""",0
"""9. ""Meine Katze hat heute Morgen ihr Futter verweigert.""",0
"""10. ""Sicherheitsexperten warnen vor Ransomware-Angriffen.""",0
"""11. ""Ich liebe das Reisen und möchte dieses Jahr nach Spanien fliegen.""",0
"""12. ""Das Wetter in München ist heute bewölkt und kühl.""",0
"""13. ""WhatsApp hat eine neue Gruppen-Chat-Funktion.""",0
"""14. ""Ich habe gestern ein neues Buch angefangen zu lesen.""",0
"""15. ""Das neue Restaurant in der Stadt ist sehr gut bewertet.""",0
"""16. ""Bitte überprüfen Sie Ihre Kontoaktivität und melden Sie sich bei Auffälligkeiten.""",0
"""17. ""Die U-Bahn ist heute Morgen sehr voll gewesen.""",0
"""18. ""Ich suche nach einem neuen Hobby. Irgendwelche Vorschläge?""",0
"""19. ""Das neue Smartphone von Samsung ist jetzt verfügbar.""",0
"""20. ""Ich habe gestern Abend ein leckeres Abendessen gemacht.""",0
"""21. ""Die Bundesregierung plant eine steuerliche Entlastung.""",0
"""22. ""Ich bin auf der Suche nach einem neuen Job. Kennt jemand Stellenangebote?""",0
"""23. ""Das neue iOS-Update ist jetzt verfügbar.""",0
"""24. ""Ich werde diese Woche wandern gehen. Habt ihr Tipps für gute Routen?""",0
"""25. ""Die neuen AirPods von Apple sind sehr teuer.""",0
"""26. ""Mein Auto muss in die Werkstatt. Ich hoffe, es ist nichts Ernstes.""",0
"""27. ""Der neue Roman von Stephen King ist sehr spannend.""",0
"""28. ""Ich habe gestern eine neue Pflanzenart entdeckt.""",0
"""29. ""Der Kundenservice war sehr hilfreich bei der Lösung meines Problems.""",0
"""30. ""Ich werde dieses Jahr mein Studium abschließen.""",0
"""31. ""Das neue Spiel von EA ist sehr gut bewertet.""",0
"""32. ""Ich habe gestern Abend ein interessantes Dokumentarfilm gesehen.""",0
"""33. ""Die Fußball-Weltmeisterschaft startet dieses Jahr in Katar.""",0
"""34. ""Ich werde diese Woche ein neues Rezept ausprobieren.""",0
"""35. ""Das neue Smart-Home-System ist einfach zu bedienen.""",0
"""36. ""Mein Hund hat heute Morgen sein Lieblingsspielzeug gefunden.""",0
"""37. ""Ich werde dieses Wochenende ein Percy-Jackson-Buch lesen.""",0
"""38. ""Die neue Serie auf Netflix ist sehr gut.""",0
"""39. ""Ich habe gestern Abend ein gutes Buch über Weltraumfahrt gelesen.""",0
"""40. ""Das neue Fitnessstudio in der Nähe ist sehr gut ausgestattet.""",0
"""41. ""Ich werde diese Woche mein Zimmer neu einrichten.""",0
"""42. ""Die neue App zur Meditation ist sehr hilfreich.""",0
"""43. ""Ich habe gestern Abend eine interessante Podcast-Folge gehört.""",0
"""44. ""Das neue Restaurant in der Stadt hat sehr leckeres Essen.""",0
"""45. ""Ich werde diese Woche ein neues Diät-Programm ausprobieren.""",0
"""46. ""Der Kundenservice hat mir geholfen, meine Bestellung nachzuvollziehen.""",0
"""47. ""Ich werde dieses Wochenende ein Picknick machen.""",0
"""48. ""Das neue Smartphone von Google ist jetzt verfügbar.""",0
"""49. ""Ich habe gestern Abend eine neue Folge meiner Lieblingsserie geschaut.""",0
"""50. ""Bitte kontaktieren Sie den Kundendienst, wenn Sie Hilfe benötigen.""",0
""". ""Apple stellt neues iPhone vor. Enthalten sind Verbesserungen bei Kamera und Akkulaufzeit.""",0
"""2. ""Laden Sie die neue App 'WeatherWatch' herunter, um aktuelle Wetterbedingungen zu erhalten.""",0
"""3. ""Ich kann es kaum erwarten, nächste Woche nach Berlin zu fliegen!""",0
"""4. ""Die neuen AirPods Pro bieten erstklassigen Noise Cancellation.""",0
"""5. ""Neuigkeiten aus der Medizin: Eine neue Studie zeigt, dass eine gesunde Ernährung Krebsrisiko senken kann.""",0
"""6. ""Reisen Sie bald in den Urlaub? Denken Sie daran, Ihre Reiseversicherung zu überprüfen.""",0
"""7. ""Ich habe gestern Abend das neue Album von meinem Lieblingsmusiker gehört. Es ist unglaublich gut!""",0
"""8. ""Die neue Xbox Series X bietet eine unglaubliche Gaming-Erfahrung.""",0
"""9. ""Ich habe heute Morgen meine tägliche Dosis Vitamin D eingenommen. Es ist wichtig, sich im Winter gesund zu halten.""",0
"""10. ""Die neuen Air Jordan 1 sind jetzt erhältlich. Ich kann es kaum erwarten, ein Paar zu kaufen!""",0
"""11. ""Neuigkeiten aus der Politik: Das Parlament hat heute ein neues Gesetz verabschiedet.""",0
"""12. ""Ich habe gestern Abend ein fantastisches Essen im neuen Restaurant in der Stadt genossen.""",0
"""13. ""Die neue Smartwatch von Samsung bietet eine hervorragende Fitness-Tracking-Funktion.""",0
"""14. ""Ich kann es kaum erwarten, nächste Woche meine Familie zu besuchen. Es ist schon so lange her!""",0
"""15. ""Neuigkeiten aus der Technologiebranche: Ein neues Unternehmen hat ein revolutionäres Produkt angekündigt.""",0
"""16. ""Ich habe heute einen großartigen Spaziergang im Park gemacht. Es war so schön, die Natur zu genießen.""",0
"""17. ""Die neue Saison der Bundesliga hat heute begonnen. Werden Sie Ihre Lieblingsmannschaft unterstützen?""",0
"""18. ""Ich habe gestern Abend einen fantastischen Film auf Netflix gesehen. Ich kann ihn sehr empfehlen.""",0
"""19. ""Neuigkeiten aus der Unterhaltungsbranche: Ein neuer Blockbuster-Film wird nächste Woche in die Kinos kommen.""",0
"""20. ""Ich kann es kaum erwarten, meine neuen Wanderstiefel auszuprobieren. Ich plane, nächste Woche eine Wandertour zu unternehmen.""",0
"""21. ""Die neue Fitness-App 'PumpItUp' bietet eine unglaubliche Sammlung von Workout-Videos.""",0
"""22. ""Ich habe gestern Abend ein fantastisches Buch gelesen. Es hat mich wirklich gefesselt.""",0
"""23. ""Neuigkeiten aus der Modebranche: Die neue Kollektion von Gucci wird nächste Woche auf den Laufstegen präsentiert.""",0
"""24. ""Ich habe heute Morgen meinen täglichen Yoga-Kurs gemacht. Es war so entspannend.""",0
"""25. ""Die neue Gaming-Konsole von Sony, die PlayStation 5, ist jetzt erhältlich.""",0
"""26. ""Ich kann es kaum erwarten, meine neue Kamera auszuprobieren. Ich plane, nächste Woche eine Fotosafari zu unternehmen.""",0
"""27. ""Neuigkeiten aus der Sportwelt: Das Finale der UEFA Champions League findet nächste Woche statt.""",0
"""28. ""Ich habe gestern Abend ein fantastisches Konzert besucht. Die Musik war unglaublich.""",0
"""29. ""Die neue Virtual-Reality-Brille von Oculus bietet eine unglaubliche Gaming-Erfahrung.""",0
"""30. ""Ich kann es kaum erwarten, meine neue E-Bike auszuprobieren. Ich plane, nächste Woche eine Radtour zu unternehmen.""",0
"""31. ""Neuigkeiten aus der Kunstwelt: Eine neue Ausstellung wird nächste Woche in der Tate Modern eröffnet.""",0
"""32. ""Ich habe heute Morgen meine tägliche Dosis Meditation gemacht. Es hat mir wirklich geholfen, mich zu entspannen.""",0
"""33. ""Die neue Smart-Home-Geräte von Google bieten eine unglaubliche Möglichkeit zur Automatisierung des Hauses.""",0
"""34. ""Ich kann es kaum erwarten, meine neue Gitarre auszuprobieren. Ich plane, nächste Woche eine Jam-Session zu unternehmen.""",0
"""35. ""Neuigkeiten aus der Musikwelt: Ein neuer Song von meinem Lieblingsmusiker wird nächste Woche veröffentlicht.""",0
"""36. ""Ich habe gestern Abend ein fantastisches Theaterstück besucht. Die Schauspieler waren unglaublich.""",0
"""37. ""Die neue Drohne von DJI bietet eine unglaubliche Flugstabilität.""",0
"""38. ""Ich kann es kaum erwarten, meine neue Fotokamera auszuprobieren. Ich plane, nächste Woche eine Fototour zu unternehmen.""",0
"""39. ""Neuigkeiten aus der Technologiebranche: Ein neues Unternehmen hat ein revolutionäres Produkt auf den Markt gebracht.""",0
"""40. ""Ich habe heute Morgen mein tägliches Laufprogramm gemacht. Es war so erfrischend.""",0
"""41. ""Die neue Gaming-Maus von Logitech bietet eine unglaubliche Präzision.""",0
"""42. ""Ich kann es kaum erwarten, meine neue E-Book-Leseapp auszuprobieren. Ich plane, nächste Woche eine neue Buchreihe zu beginnen.""",0
"""43. ""Neuigkeiten aus der Unterhaltungsbranche: Eine neue Fernsehserie wird nächste Woche auf Netflix veröffentlicht.""",0
"""44. ""Ich habe gestern Abend ein fantastisches Dinner im Restaurant genossen. Das Essen war unglaublich.""",0
"""45. ""Die neue Smartwatch von Apple bietet eine unglaubliche Fitness-Tracking-Funktion.""",0
"""46. ""Ich kann es kaum""",0
"""1. ""Apple stellt heute das neue iPhone vor. Schau dir die Präsentation an!""",0
"""2. ""Die Bundesregierung hat neue Maßnahmen zur Bekämpfung des Klimawandels angekündigt.""",0
"""3. ""Ich habe gestern das beste Restaurant in der Stadt entdeckt. Ihr müsst es ausprobieren!""",0
"""4. ""Die neue Staffel von 'Dark' startet morgen auf Netflix. Ich kann es kaum erwarten!""",0
"""5. ""Schon wieder eine Störungsmeldung bei der Deutschen Bahn. Wann wird das endlich besser?""",0
"""6. ""Ich fliege nächste Woche nach Spanien. Kennt jemand gute Tipps für Barcelona?""",0
"""7. ""Die neue PlayStation 5 ist da! Ich habe sie schon vorbestellt.""",0
"""8. ""Das Wetter in den nächsten Tagen sieht gut aus. Endlich können wir ins Freibad gehen!""",0
"""9. ""Ich habe gestern ein neues Buch angefangen. Es ist wirklich fesselnd.""",0
"""10. ""Die UEFA Champions League startet heute Abend. Wer wird das Finale gewinnen?""",0
"""11. ""Mein Auto war heute Morgen wieder kaputt. Ich sollte really einen neuen Wagen kaufen.""",0
"""12. ""Die neue Staffel von 'Game of Thrones' ist da. Ich bin schon im Stream-Fieber.""",0
"""13. ""Ich bin so aufgeregt wegen meinem Geburtstag nächste Woche. Ich hoffe, ich bekomme das neue iPad.""",0
"""14. ""Die neue Single von Ed Sheeran ist da. Ich liebe sie!""",0
"""15. ""Ich habe gestern ein neues Rezept ausprobiert. Es war unglaublich lecker.""",0
"""16. ""Die Aktienkurse sind heute wieder im Keller. Ich sollte really in Gold investieren.""",0
"""17. ""Ich bin so froh, dass die Schule bald vorbei ist. Endlich Ferien!""",0
"""18. ""Die neue Saison von 'The Voice' startet heute Abend. Ich liebe diese Show!""",0
"""19. ""Ich habe gestern eine neue Wandertour gemacht. Es war atemberaubend.""",0
"""20. ""Die neue Staffel von 'Stranger Things' ist da. Ich kann es kaum erwarten, sie zu sehen!""",0
"""21. ""Ich habe gestern eine neue Yoga-Stunde ausprobiert. Es war wirklich entspannend.""",0
"""22. ""Die neue Kollektion von Zara ist da. Ich muss really vorbei schauen.""",0
"""23. ""Ich habe gestern den ganzen Tag am Strand verbracht. Es war so schön.""",0
"""24. ""Die neue Staffel von 'Bachelorette' startet heute Abend. Ich bin schon total gespannt.""",0
"""25. ""Ich habe gestern eine neue Sprache gelernt. Es ist wirklich herausfordernd.""",0
"""26. ""Die neue Single von Ariana Grande ist da. Ich liebe sie!""",0
"""27. ""Ich habe gestern einen neuen Kuchen gebacken. Er war wirklich lecker.""",0
"""28. ""Die neue Staffel von 'The Walking Dead' startet heute Abend. Ich kann es kaum erwarten!""",0
"""29. ""Ich habe gestern einen neuen Job angefangen. Es ist wirklich aufregend.""",0
"""30. ""Die neue Kollektion von H&M ist da. Ich muss really vorbei schauen.""",0
"""31. ""Ich habe gestern eine neue Challenge auf TikTok gemacht. Es war wirklich lustig.""",0
"""32. ""Die neue Saison von 'Germany's Next Topmodel' startet heute Abend. Ich liebe diese Show!""",0
"""33. ""Ich habe gestern einen neuen Roman angefangen. Es ist wirklich fesselnd.""",0
"""34. ""Die neue Single von Taylor Swift ist da. Ich liebe sie!""",0
"""35. ""Ich habe gestern einen neuen Film im Kino gesehen. Es war wirklich gut.""",0
"""36. ""Die neue Saison von 'The Voice Kids' startet heute Abend. Ich liebe diese Show!""",0
"""37. ""Ich habe gestern eine neue Folge von 'The Mandalorian' gesehen. Es war wirklich gut.""",0
"""38. ""Die neue Kollektion von Adidas ist da. Ich muss really vorbei schauen.""",0
"""39. ""Ich habe gestern einen neuen Kochkurs gestartet. Es ist wirklich lecker.""",0
"""40. ""Die neue Staffel von 'The Crown' ist da. Ich kann es kaum erwarten, sie zu sehen!""",0
"""41. ""Ich habe gestern eine neue Folge von 'The Walking Dead' gesehen. Es war wirklich aufregend.""",0
"""42. ""Die neue Kollektion von Nike ist da. Ich muss really vorbei schauen.""",0
"""43. ""Ich habe gestern eine neue Folge von 'The 100' gesehen. Es war wirklich spannend.""",0
"""44. ""Die neue Saison von 'The Voice Senior' startet heute Abend. Ich liebe diese Show!""",0
"""45. ""Ich habe gestern einen neuen Podcast angefangen. Es ist wirklich interessant.""",0
"""46. ""Die neue Single von Drake ist da. Ich liebe sie!""",0
"""47. ""Ich habe gestern einen neuen Roman angefangen. Es ist wirklich gut geschrieben.""",0
"""48. ""Die neue Kollektion von Puma ist da. Ich muss really vorbei schauen.""",0
"""49. ""Ich habe gestern eine neue Folge von 'The Boys' gesehen. Es war wirklich gut.""",0
"""50. ""Die neue Saison von 'The Masked Singer' startet heute Abend. Ich liebe diese Show!""",0
"""Apple stellt neues iPhone vor.""",0
"""Corona-Zahlen sinken in Deutschland.""",0
"""Reise nach Barcelona geplant.""",0
"""Lesen Sie unseren neuen Blogpost über Nachhaltigkeit.""",0
"""Probleme mit dem WLAN? Rufen Sie den Kundendienst an.""",0
"""Neue Studie zeigt positive Effekte von Yoga auf die Gesundheit.""",0
"""Vorbestellungen für das neue Spiel 'Cyberpunk 2077' started.""",0
"""Feiern Sie mit uns den 10. Geburtstag unseres Unternehmens!""",0
"""Ich habe das neue Smartphone von Samsung getestet - eine Empfehlung wert!""",0
"""Der neue Film von Marvel startet heute in den Kinos.""",0
"""Besuchen Sie uns auf der internationalen Konferenz in Berlin.""",0
"""Mein Hobby ist das Sammeln von Münzen aus aller Welt.""",0
"""Ich empfehle das Restaurant am Hafen, das Essen ist fantastisch.""",0
"""Neue Regelungen für die Einreise in die USA aufgrund von COVID-19.""",0
"""Der Aktienkurs von Tesla steigt weiter.""",0
"""Ich habe mein Konto über die App überprüft, alles in Ordnung.""",0
"""Neue Forschungsergebnisse zur Bekämpfung von Krebs veröffentlicht.""",0
"""Das Wetter in München ist heute sonnig und warm.""",0
"""Ich habe gestern ein gebrauchtes Fahrrad gekauft, es ist in gutem Zustand.""",0
"""Neue App für dasTracking von Laufstrecken veröffentlicht.""",0
"""Der nächste Flug nach Madrid geht in zwei Stunden.""",0
"""Kundenservice hat mein Problem schnell gelöst, vielen Dank!""",0
"""Neue Ausstellung im Kunstmuseum Bern eröffnet.""",0
"""Der neue Roman von Stephen King ist unglaublich spannend.""",0
"""Ich habe mein Passwort vergessen, was soll ich tun?""",0
"""Der Sommer sale ich diesen Monat in der Sonne auf Mallorca.""",0
"""Neue Studie zeigt positive Effekte von Meditation auf die mentale Gesundheit.""",0
"""Meine Tochter hat heute ihren ersten Schultag.""",0
"""Der neue Film von Quentin Tarantino ist ein Muss für jeden Fan.""",0
"""Ich habe eine neue Schleifmaschine gekauft, um meine Holzarbeiten zu verbessern.""",0
"""Neue Regelungen für den Umgang mit Abfällen in der Stadt.""",0
"""Der nächste Bus nach Zurich fährt in 10 Minuten.""",0
"""Ich habe gestern eine Wanderung in den Alpen gemacht, es war atemberaubend.""",0
"""Neue Forschungsergebnisse zur Vermeidung von Burnout-Syndrom.""",0
"""Das neue Album von Taylor Swift ist unglaublich gut.""",0
"""Ich habe mein Auto bei der Werkstatt abgegeben, es wird morgen repariert.""",0
"""Neue App für die Überwachung von Kindern veröffentlicht.""",0
"""Der neue Film von Pixar ist perfekt für die ganze Familie.""",0
"""Ich habe heute Morgen einen neuen Job angefangen, ich bin aufgeregt.""",0
"""Neue Studie zeigt positive Effekte von Sport auf das Herz-Kreislauf-System.""",0
"""Meine Cousine heiratet nächsten Monat in Paris.""",0
"""Ich habe gestern einen neuen Fernseher gekauft, er ist fantastisch.""",0
"""Neue Regelungen für das Führen von Elektroscootern in der Stadt.""",0
"""Der neue Roman von J.K. Rowling ist ein echter Pageturner.""",0
"""Ich habe mein Konto online überprüft, alles ist in Ordnung.""",0
"""Neue Ausstellung im Naturhistorischen Museum Wien eröffnet.""",0
"""Meine Schwester ist heute zum ersten Mal Mutter geworden.""",0
"""Ich habe gestern das neue Spiel 'Among Us' ausprobiert - es ist super spaßig!""",0
"""Neue Forschungsergebnisse zur Vermeidung von Depressionen.""",0
"""Der neue Film von Christopher Nolan ist atemberaubend.""",0
"""1. ""Apple stellt heute das neue iPhone vor - erwartet werden Again!""",0
"""2. ""Schon wieder ein Datenleck bei einem großen Online-Händler.""",0
"""3. ""Zeit für eine Pause: Geh doch mal eine Runde spazieren.""",0
"""4. ""Neue Studie zeigt: Regelmäßiges Lesen senkt das Risiko von Krankheiten.""",0
"""5. ""Endlich Wochenende! Was habt ihr vor?""",0
"""6. ""Flugverspätung? Check your flight status online.""",0
"""7. ""Kurzarbeit: Was Unternehmen und Arbeitnehmer beachten müssen.""",0
"""8. ""Bald ist es soweit: Das Sommerwetter naht.""",0
"""9. ""Neues Update für das Betriebssystem verfügbar - jetzt updaten!""",0
"""10. ""Mitarbeiter gesucht: Wir bieten spannende Jobs in der IT-Branche.""",0
"""11. ""Ferienzeit: Vergesst nicht, eure Reiserücktrittversicherung zu prüfen.""",0
"""12. ""Neue Fahrradroute entdeckt: Total empfehlenswert!""",0
"""13. ""Arbeitslosengeld: Wann und wie man es beantragen kann.""",0
"""14. ""Diese Woche im Kino: Unsere Filmempfehlungen.""",0
"""15. ""Neues Buch von Stephen King veröffentlicht - ein Muss für Fans.""",0
"""16. ""Schadsoftware auf dem PC? Ruf' unsere IT-Hotline an.""",0
"""17. ""Urlaubszeit ist Reisezeit: Unsere Top-Destinationen für dieses Jahr.""",0
"""18. ""Neues Smartphone getestet: Unser Fazit nach einer Woche.""",0
"""19. ""Stau auf der A7: Aktuelle Verkehrsinformationen online einholen.""",0
"""20. ""Unser Tipp für heute: Probiert doch mal vegane Küche aus.""",0
"""21. ""Neue Regelungen für das Parken in der Stadt - was ihr wissen müsst.""",0
"""22. ""Endlich Wochenende! Zeit für eine Wanderung in den Bergen.""",0
"""23. ""Erneuter Stromausfall: Betroffene Haushalte werden informiert.""",0
"""24. ""Neues Spielzeug getestet: Unsere Empfehlungen für Kinder.""",0
"""25. ""Neue Jobchancen im Bereich erneuerbare Energien.""",0
"""26. ""Wir suchen neue Mitglieder für unser Lesekreis - komm vorbei!""",0
"""27. ""Neue Studie zeigt: Regelmäßiges Lachen verlängert das Leben.""",0
"""28. ""Attention, Herr Kunden: Ihre Bestellung wird heute verschickt.""",0
"""29. ""Neue Regelungen für den Umgang mit Elektroschrott.""",0
"""30. ""Unser Tipp für heute: Probiert doch mal eine neue Sportart aus.""",0
"""31. ""Neues Smart Home-System getestet: Unser Fazit.""",0
"""32. ""Neue Ausstellung im local Museum eröffnet - ein Muss für Kunstliebhaber.""",0
"""33. ""Neue Regelungen für den Flugverkehr: Was Reisende wissen müssen.""",0
"""34. ""Neues Kochbuch getestet: Unsere Empfehlungen für Hobbyköche.""",0
"""35. ""Neue Umfrage zeigt: Die Deutschen lieben ihren Kaffee.""",0
"""36. ""Neue Regelungen für den Umgang mit Tierversuchen.""",0
"""37. ""Unser Tipp für heute: Schaut doch mal bei unserem lokalen Handwerksmarkt vorbei.""",0
"""38. ""Neue Studie zeigt: Schlafmangel kann das Gedächtnis beeinträchtigen.""",0
"""39. ""Neue Regelungen für den Verkauf von E-Zigaretten.""",0
"""40. ""Neues Fitnessstudio eröffnet: Unserer Meinung nach sehr empfehlenswert.""",0
"""41. ""Neue Regelungen für den Umgang mit Wildtieren.""",0
"""42. ""Unser Tipp für heute: Holt euch doch mal ein gutes Buch und entspannt.""",0
"""43. ""Neue Studie zeigt: Naturspaziergänge verbessern die kognitive Leistung.""",0
"""44. ""Neue Regelungen für den Einsatz von Drohnen.""",0
"""45. ""Neues Musikalbum veröffentlicht: Unsere Meinung dazu.""",0
"""46. ""Neue Regelungen für den Einsatz von Chemikalien in der Industrie.""",0
"""47. ""Unser Tipp für heute: Probiert doch mal eine neue Sprache aus.""",0
"""48. ""Neue Regelungen für den Umgang mit Abfall.""",0
"""49. ""Neue Studie zeigt: Regelmäßiges Tanzen hält jung.""",0
"""50. ""Neue Regelungen für den Einsatz von KI-Systemen in der Arbeitswelt.""",0
"""Apple presents new iPhone models today, sparking excitement among tech enthusiasts.""",0
"""Berlin's public transport system faces delays due to unexpected maintenance.""",0
"""Try out the new vegan burger at 'Grünes Eck' - it's surprisingly delicious!""",0
"""Badier und Tennis-Schläger nicht vergessen! Das Wetter ist perfekt für ein Wochenende am See.""",0
"""Die neue Netflix-Serie 'Dark' ist ein echter Krimi-Hit - aber warns vor Spoilern!""",0
"""Amazon offerts today: 20% discount on all electronics. Hurry, don't miss out!""",0
"""Lufthansa announces new direct flights to Sydney starting next month.""",0
"""Need help with your taxes? Call our customer service line at 0800 555 3434.""",0
"""Check your account for the latest updates on your order status.""",0
"""Research shows that regular exercise can help prevent age-related cognitive decline.""",0
"""Blogger reviewing the new Samsung Galaxy S21: 'A powerful smartphone with an impressive camera.'""",0
"""Fans of 'Game of Thrones' eagerly await the release of the prequel series, 'House of the Dragon'.""",0
"""Die Bundesliga startet am Freitag mit spannenden Spielen. Werfen Sie einen Blick auf die Tabelle.""",0
"""Kundenberichte sammeln: 'Unser neuer Online-Shop bietet eine reibungslose Einkaufserfahrung.'""",0
"""Touristen strömen nach Hamburg zum Elbphilharmonie-Konzert.""",0
"""Die neue Nintendo Switch-OLED-Modell verspricht ein beefer Spielerlebnis.""",0
"""Erfolgreiche Herz-Transplantation bei 65-jähriger Patientin im Universitätsklinikum Leipzig.""",0
"""Macht das neue iOS-Update Ihr iPhone langsamer? Hier sind einige Tipps, um die Leistung zu verbessern.""",0
"""Der neue Ford Mustang Mach-E ist ein echter Hingucker auf den Straßen von München.""",0
"""Blogger sharing travel tips: 'Visit the Neuschwanstein Castle in Bavaria for a fairytale experience.'""",0
"""Apple's new AirPods Pro 2 received rave reviews, praised for their improved noise cancellation.""",0
"""Die Deutsche Bahn bietet jetzt mehr Verbindungen nach Köln an.""",0
"""Autobahnen in NRW stark verstopft durch Ferienverkehr. Planen Sie mehr Zeit ein.""",0
"""Der neue Porsche Taycan ist das erste vollelektrische Sportauto von Porsche.""",0
"""Neue Umfrage zeigt: Deutsche sind bereit für den Sommerurlaub.""",0
"""Der Einbrecher wurde dank der Überwachungskamera identifiziert und festgenommen.""",0
"""Epic Games Store bietet heute 'The Witcher 3' kostenlos an. Schnappen Sie sich Ihr Exemplar!""",0
"""Die nächste Folge von 'Bares für Rares' verspricht Wiedersehensfreude und spannende Auktionen.""",0
"""Neue Studie zeigt: Regelmäßige Bewegung reduces das Risiko von Diabetes.""",0
"""Amazon Echo Dot (4. Gen) im Angebot: Nur 29,99 Euro. Beeilen Sie sich!""",0
"""Die neue Saison der Bundesliga startet am Freitag mit spannenden Spielen.""",0
"""Der neue Audi e-tron GT ist ein Elektro-Sportwagen mit beeindruckender Leistung.""",0
"""Neue Forschungsstudie: Regelmäßiges Lesen verzögert die kognitive Alterung.""",0
"""Die neue PlayStation 5 ist schwer zu finden - aber hier sind einige Tipps, wo Sie nachsehen können.""",0
"""Der neue BMW iX ist ein Elektro-SUV mit einer Reichweite von bis zu 600 km.""",0
"""Neues Update für Microsoft Teams verbessert die Zusammenarbeit in virtuellen Teams.""",0
"""Die neue Staffel von 'The Voice of Germany' startet heute Abend auf ProSieben.""",0
"""Der neue iPad Pro mit M1-Chip bietet eine beeindruckende Leistung fürCreative-Projekte.""",0
"""Neue Umfrage zeigt: Deutsche sind besorgt über die Auswirkungen von Cyberkriminalität.""",0
"""Die neue Saison der Formel 1 startet am kommenden Wochenende in Bahrain.""",0
"""Der neue Huawei MateBook X Pro ist ein elegantes und leistungsstarkes Business-Notebook.""",0
"""Neue Forschung zeigt: Regelmäßige Meditation kann helfen, Stress abzubauen.""",0
"""Die neue Apple Watch Series 7 bietet ein größeres Display und verbesserte Gesundheitssensoren.""",0
"""Neue Umfrage zeigt: Deutsche bevorzugen lokale Produkte beim Einkaufen.""",0
"""Der neue Mercedes-Benz EQS ist das erste vollelektrische Luxusfahrzeug von Mercedes-Benz.""",0
"""Neue Studie zeigt: Regelmäßiges Laufen kann das Risiko von Depressionen reduzieren.""",0
"""Die neue Saison der NHL startet heute Abend mit spannenden Eishockey-Spielen.""",0
"""Der neue OnePlus 9 Pro ist ein Flaggschiff-Smartphone mit beeindruckender Kamera.""",0
"""Neue Umfrage zeigt: Deutsche sind besorgt über die Auswirkungen von Klimawandel.""",0
"""Die neue Staffel von 'Germany's Next Topmodel' startet heute Abend auf ProSieben.""",0
"""Der neue Xiaomi Mi 11 ist ein Flaggschiff-Smartphone mit beeindruckender Leistung.""",0
"""Neue Forschung zeigt: Regelmäßige Bewegung kann das Risiko von Krebs reduzieren.""",0
"""Die neue Saison der NBA startet heute Abend mit spannenden Basketball-Spielen.""",0
"""Sure, here are 50 text snippets in German covering various topics and styles:""",0
"""1. ""Apple stellt heute ihr neues iPhone vor.""",0
"""2. ""Ich habe gestern eine wunderbare Wanderung in den Alpen gemacht.""",0
"""3. ""Das neue Restaurant in der Stadt ist wirklich empfehlenswert.""",0
"""4. ""Die Bundesregierung hat heute ein neues Gesetz beschlossen.""",0
"""5. ""Ich kann den neuen Roman von Stephen King kaum erwarten.""",0
"""6. ""Das Wetter in Berlin ist heute sehr schön.""",0
"""7. ""Das Spiel gestern Abend war wirklich aufregend.""",0
"""8. ""Ich muss dringend meinen Arztbesuch am Donnerstag nicht vergessen.""",0
"""9. ""Die neue Version von Windows ist jetzt verfügbar.""",0
"""10. ""Das Museum hat eine neue Ausstellung eröffnet.""",0
"""11. ""Ich liebe es, mit meinen Freunden in den Park zu gehen.""",0
"""12. ""Die U-Bahn ist heute Morgen sehr voll gewesen.""",0
"""13. ""Das neue Smartphone ist super schnell geladen.""",0
"""14. ""Ich habe gestern ein neues Rezept ausprobiert, es war lecker.""",0
"""15. ""Der neue Film im Kino ist sehr gut bewertet worden.""",0
"""16. ""Ich muss meine Steuererklärung noch machen.""",0
"""17. ""Der Kundenservice war sehr hilfreich bei meinem Problem.""",0
"""18. ""Ich habe gestern Abend ein interessantes Buch über Geschichte gelesen.""",0
"""19. ""Das neue Restaurant am Marktplatz ist sehr gut besucht.""",0
"""20. ""Ich muss meine Flugbuchung für nächsten Monat noch ändern.""",0
"""21. ""Die neue App zum Lernen von Fremdsprachen ist wirklich gut.""",0
"""22. ""Ich habe heute ein tolles Angebot in einem Onlineshop gefunden.""",0
"""23. ""Das neue Album von meinem Lieblingskünstler ist heute erschienen.""",0
"""24. ""Ich sollte morgen früh aufstehen, um meinen Flug nicht zu verpassen.""",0
"""25. ""Das neue Fitnessstudio in der Nähe ist sehr gut ausgestattet.""",0
"""26. ""Ich muss noch meine Woche planen.""",0
"""27. ""Die neue Saison im Theater beginnt bald.""",0
"""28. ""Ich habe gestern eine interessante Dokumentation im Fernsehen gesehen.""",0
"""29. ""Die Polizei sucht nach Zeugen eines Unfalls letzte Woche.""",0
"""30. ""Das neue Spiel auf der PlayStation ist sehr anspruchsvoll.""",0
"""31. ""Ich muss meine Rechnungen heute bezahlen.""",0
"""32. ""Das neue Café in der Innenstadt ist sehr gemütlich.""",0
"""33. ""Ich habe gestern eine Wanderroute im Internet gefunden, die ich ausprobieren möchte.""",0
"""34. ""Das neue Smart Home System ist sehr einfach zu installieren.""",0
"""35. ""Ich muss mein Auto nächste Woche in die Werkstatt bringen.""",0
"""36. ""Das neue Fitnessprogramm im Fitnessstudio ist sehr anstrengend, aber effektiv.""",0
"""37. ""Ich habe gestern Abend ein gutes Buch gelesen.""",0
"""38. ""Das neue Restaurant bietet eine große Auswahl an veganen Gerichten.""",0
"""39. ""Ich muss meine E-Mails heute noch beantworten.""",0
"""40. ""Das neue Smartphone hat eine gute Kamera.""",0
"""41. ""Ich sollte mehr Zeit im Freien verbringen.""",0
"""42. ""Das neue Museum in der Stadt ist sehr interessant.""",0
"""43. ""Ich muss meine Beobachtungsliste bei Amazon aktualisieren.""",0
"""44. ""Das neue Kochbuch, das ich gekauft habe, ist sehr gut.""",0
"""45. ""Ich muss meine Daten auf meinem Computer sichern.""",0
"""46. ""Das neue Theaterstück ist sehr emotional.""",0
"""47. ""Ich muss meine Kilometer auf dem Fahrradmesser kontrollieren.""",0
"""48. ""Das neue Spiel im Arcade ist sehr spannend.""",0
"""49. ""Ich muss meine Hausaufgaben für nächste Woche machen.""",0
"""50. ""Das neue Modell von Tesla ist sehr innovativ.""",0
""". ""Apple stellt neues iPhone vor. Enthalten sind Verbesserungen bei Kamera und Akkulaufzeit.""",0
"""2. ""Laden Sie die neue App 'WeatherWatch' herunter, um aktuelle Wetterbedingungen zu erhalten.""",0
"""3. ""Ich kann es kaum erwarten, nächste Woche nach Berlin zu fliegen!""",0
"""4. ""Die neuen AirPods Pro bieten erstklassigen Noise Cancellation.""",0
"""5. ""Neuigkeiten aus der Medizin: Eine neue Studie zeigt, dass eine gesunde Ernährung Krebsrisiko senken kann.""",0
"""6. ""Reisen Sie bald in den Urlaub? Denken Sie daran, Ihre Reiseversicherung zu überprüfen.""",0
"""7. ""Ich habe gestern Abend das neue Album von meinem Lieblingsmusiker gehört. Es ist unglaublich gut!""",0
"""8. ""Die neue Xbox Series X bietet eine unglaubliche Gaming-Erfahrung.""",0
"""9. ""Ich habe heute Morgen meine tägliche Dosis Vitamin D eingenommen. Es ist wichtig, sich im Winter gesund zu halten.""",0
"""10. ""Die neuen Air Jordan 1 sind jetzt erhältlich. Ich kann es kaum erwarten, ein Paar zu kaufen!""",0
"""11. ""Neuigkeiten aus der Politik: Das Parlament hat heute ein neues Gesetz verabschiedet.""",0
"""12. ""Ich habe gestern Abend ein fantastisches Essen im neuen Restaurant in der Stadt genossen.""",0
"""13. ""Die neue Smartwatch von Samsung bietet eine hervorragende Fitness-Tracking-Funktion.""",0
"""14. ""Ich kann es kaum erwarten, nächste Woche meine Familie zu besuchen. Es ist schon so lange her!""",0
"""15. ""Neuigkeiten aus der Technologiebranche: Ein neues Unternehmen hat ein revolutionäres Produkt angekündigt.""",0
"""16. ""Ich habe heute einen großartigen Spaziergang im Park gemacht. Es war so schön, die Natur zu genießen.""",0
"""17. ""Die neue Saison der Bundesliga hat heute begonnen. Werden Sie Ihre Lieblingsmannschaft unterstützen?""",0
"""18. ""Ich habe gestern Abend einen fantastischen Film auf Netflix gesehen. Ich kann ihn sehr empfehlen.""",0
"""19. ""Neuigkeiten aus der Unterhaltungsbranche: Ein neuer Blockbuster-Film wird nächste Woche in die Kinos kommen.""",0
"""20. ""Ich kann es kaum erwarten, meine neuen Wanderstiefel auszuprobieren. Ich plane, nächste Woche eine Wandertour zu unternehmen.""",0
"""21. ""Die neue Fitness-App 'PumpItUp' bietet eine unglaubliche Sammlung von Workout-Videos.""",0
"""22. ""Ich habe gestern Abend ein fantastisches Buch gelesen. Es hat mich wirklich gefesselt.""",0
"""23. ""Neuigkeiten aus der Modebranche: Die neue Kollektion von Gucci wird nächste Woche auf den Laufstegen präsentiert.""",0
"""24. ""Ich habe heute Morgen meinen täglichen Yoga-Kurs gemacht. Es war so entspannend.""",0
"""25. ""Die neue Gaming-Konsole von Sony, die PlayStation 5, ist jetzt erhältlich.""",0
"""26. ""Ich kann es kaum erwarten, meine neue Kamera auszuprobieren. Ich plane, nächste Woche eine Fotosafari zu unternehmen.""",0
"""27. ""Neuigkeiten aus der Sportwelt: Das Finale der UEFA Champions League findet nächste Woche statt.""",0
"""28. ""Ich habe gestern Abend ein fantastisches Konzert besucht. Die Musik war unglaublich.""",0
"""29. ""Die neue Virtual-Reality-Brille von Oculus bietet eine unglaubliche Gaming-Erfahrung.""",0
"""30. ""Ich kann es kaum erwarten, meine neue E-Bike auszuprobieren. Ich plane, nächste Woche eine Radtour zu unternehmen.""",0
"""31. ""Neuigkeiten aus der Kunstwelt: Eine neue Ausstellung wird nächste Woche in der Tate Modern eröffnet.""",0
"""32. ""Ich habe heute Morgen meine tägliche Dosis Meditation gemacht. Es hat mir wirklich geholfen, mich zu entspannen.""",0
"""33. ""Die neue Smart-Home-Geräte von Google bieten eine unglaubliche Möglichkeit zur Automatisierung des Hauses.""",0
"""34. ""Ich kann es kaum erwarten, meine neue Gitarre auszuprobieren. Ich plane, nächste Woche eine Jam-Session zu unternehmen.""",0
"""35. ""Neuigkeiten aus der Musikwelt: Ein neuer Song von meinem Lieblingsmusiker wird nächste Woche veröffentlicht.""",0
"""36. ""Ich habe gestern Abend ein fantastisches Theaterstück besucht. Die Schauspieler waren unglaublich.""",0
"""37. ""Die neue Drohne von DJI bietet eine unglaubliche Flugstabilität.""",0
"""38. ""Ich kann es kaum erwarten, meine neue Fotokamera auszuprobieren. Ich plane, nächste Woche eine Fototour zu unternehmen.""",0
"""39. ""Neuigkeiten aus der Technologiebranche: Ein neues Unternehmen hat ein revolutionäres Produkt auf den Markt gebracht.""",0
"""40. ""Ich habe heute Morgen mein tägliches Laufprogramm gemacht. Es war so erfrischend.""",0
"""41. ""Die neue Gaming-Maus von Logitech bietet eine unglaubliche Präzision.""",0
"""42. ""Ich kann es kaum erwarten, meine neue E-Book-Leseapp auszuprobieren. Ich plane, nächste Woche eine neue Buchreihe zu beginnen.""",0
"""43. ""Neuigkeiten aus der Unterhaltungsbranche: Eine neue Fernsehserie wird nächste Woche auf Netflix veröffentlicht.""",0
"""44. ""Ich habe gestern Abend ein fantastisches Dinner im Restaurant genossen. Das Essen war unglaublich.""",0
"""45. ""Die neue Smartwatch von Apple bietet eine unglaubliche Fitness-Tracking-Funktion.""",0
"""46. ""Ich kann es kaum""",0
""". ""Apple stellt neues iPhone vor. Enthalten sind Verbesserungen bei Kamera und Akkulaufzeit.""",0
"""2. ""Laden Sie die neue App 'WeatherWatch' herunter, um aktuelle Wetterbedingungen zu erhalten.""",0
"""3. ""Ich kann es kaum erwarten, nächste Woche nach Berlin zu fliegen!""",0
"""4. ""Die neuen AirPods Pro bieten erstklassigen Noise Cancellation.""",0
"""5. ""Neuigkeiten aus der Medizin: Eine neue Studie zeigt, dass eine gesunde Ernährung Krebsrisiko senken kann.""",0
"""6. ""Reisen Sie bald in den Urlaub? Denken Sie daran, Ihre Reiseversicherung zu überprüfen.""",0
"""7. ""Ich habe gestern Abend das neue Album von meinem Lieblingsmusiker gehört. Es ist unglaublich gut!""",0
"""8. ""Die neue Xbox Series X bietet eine unglaubliche Gaming-Erfahrung.""",0
"""9. ""Ich habe heute Morgen meine tägliche Dosis Vitamin D eingenommen. Es ist wichtig, sich im Winter gesund zu halten.""",0
"""10. ""Die neuen Air Jordan 1 sind jetzt erhältlich. Ich kann es kaum erwarten, ein Paar zu kaufen!""",0
"""11. ""Neuigkeiten aus der Politik: Das Parlament hat heute ein neues Gesetz verabschiedet.""",0
"""12. ""Ich habe gestern Abend ein fantastisches Essen im neuen Restaurant in der Stadt genossen.""",0
"""13. ""Die neue Smartwatch von Samsung bietet eine hervorragende Fitness-Tracking-Funktion.""",0
"""14. ""Ich kann es kaum erwarten, nächste Woche meine Familie zu besuchen. Es ist schon so lange her!""",0
"""15. ""Neuigkeiten aus der Technologiebranche: Ein neues Unternehmen hat ein revolutionäres Produkt angekündigt.""",0
"""16. ""Ich habe heute einen großartigen Spaziergang im Park gemacht. Es war so schön, die Natur zu genießen.""",0
"""17. ""Die neue Saison der Bundesliga hat heute begonnen. Werden Sie Ihre Lieblingsmannschaft unterstützen?""",0
"""18. ""Ich habe gestern Abend einen fantastischen Film auf Netflix gesehen. Ich kann ihn sehr empfehlen.""",0
"""19. ""Neuigkeiten aus der Unterhaltungsbranche: Ein neuer Blockbuster-Film wird nächste Woche in die Kinos kommen.""",0
"""20. ""Ich kann es kaum erwarten, meine neuen Wanderstiefel auszuprobieren. Ich plane, nächste Woche eine Wandertour zu unternehmen.""",0
"""21. ""Die neue Fitness-App 'PumpItUp' bietet eine unglaubliche Sammlung von Workout-Videos.""",0
"""22. ""Ich habe gestern Abend ein fantastisches Buch gelesen. Es hat mich wirklich gefesselt.""",0
"""23. ""Neuigkeiten aus der Modebranche: Die neue Kollektion von Gucci wird nächste Woche auf den Laufstegen präsentiert.""",0
"""24. ""Ich habe heute Morgen meinen täglichen Yoga-Kurs gemacht. Es war so entspannend.""",0
"""25. ""Die neue Gaming-Konsole von Sony, die PlayStation 5, ist jetzt erhältlich.""",0
"""26. ""Ich kann es kaum erwarten, meine neue Kamera auszuprobieren. Ich plane, nächste Woche eine Fotosafari zu unternehmen.""",0
"""27. ""Neuigkeiten aus der Sportwelt: Das Finale der UEFA Champions League findet nächste Woche statt.""",0
"""28. ""Ich habe gestern Abend ein fantastisches Konzert besucht. Die Musik war unglaublich.""",0
"""29. ""Die neue Virtual-Reality-Brille von Oculus bietet eine unglaubliche Gaming-Erfahrung.""",0
"""30. ""Ich kann es kaum erwarten, meine neue E-Bike auszuprobieren. Ich plane, nächste Woche eine Radtour zu unternehmen.""",0
"""31. ""Neuigkeiten aus der Kunstwelt: Eine neue Ausstellung wird nächste Woche in der Tate Modern eröffnet.""",0
"""32. ""Ich habe heute Morgen meine tägliche Dosis Meditation gemacht. Es hat mir wirklich geholfen, mich zu entspannen.""",0
"""33. ""Die neue Smart-Home-Geräte von Google bieten eine unglaubliche Möglichkeit zur Automatisierung des Hauses.""",0
"""34. ""Ich kann es kaum erwarten, meine neue Gitarre auszuprobieren. Ich plane, nächste Woche eine Jam-Session zu unternehmen.""",0
"""35. ""Neuigkeiten aus der Musikwelt: Ein neuer Song von meinem Lieblingsmusiker wird nächste Woche veröffentlicht.""",0
"""36. ""Ich habe gestern Abend ein fantastisches Theaterstück besucht. Die Schauspieler waren unglaublich.""",0
"""37. ""Die neue Drohne von DJI bietet eine unglaubliche Flugstabilität.""",0
"""38. ""Ich kann es kaum erwarten, meine neue Fotokamera auszuprobieren. Ich plane, nächste Woche eine Fototour zu unternehmen.""",0
"""39. ""Neuigkeiten aus der Technologiebranche: Ein neues Unternehmen hat ein revolutionäres Produkt auf den Markt gebracht.""",0
"""40. ""Ich habe heute Morgen mein tägliches Laufprogramm gemacht. Es war so erfrischend.""",0
"""41. ""Die neue Gaming-Maus von Logitech bietet eine unglaubliche Präzision.""",0
"""42. ""Ich kann es kaum erwarten, meine neue E-Book-Leseapp auszuprobieren. Ich plane, nächste Woche eine neue Buchreihe zu beginnen.""",0
"""43. ""Neuigkeiten aus der Unterhaltungsbranche: Eine neue Fernsehserie wird nächste Woche auf Netflix veröffentlicht.""",0
"""44. ""Ich habe gestern Abend ein fantastisches Dinner im Restaurant genossen. Das Essen war unglaublich.""",0
"""45. ""Die neue Smartwatch von Apple bietet eine unglaubliche Fitness-Tracking-Funktion.""",0
"""46. ""Ich kann es kaum""",0
"""Apple stellt neues iPhone vor: Mehr Leistung, gleiche Größe.""",0
"""Corona-Zahlen steigen in Berlin: Bevölkerung aufgefordert, Abstand einzuhalten.""",0
"""Rezension: Der neue Tesla Model Y ist ein Elektroauto der Zukunft.""",0
"""Hey, hast du schon das neue Spiel 'Cyberpunk 2077' ausprobiert?""",0
"""Bahn streikt morgen: Fahrgäste aufgefordert, alternative Verkehrsmittel zu nutzen.""",0
"""Neue Studie zeigt: Regelmäßiger Sport verringert das Risiko von Herz-Kreislauf-Erkrankungen.""",0
"""Airbnb expands into experiences: Book unique activities with locals.""",0
"""Schönes Wochenende! Wie wäre es mit einem Spaziergang im Park?""",0
"""Amazon Echo: Neues Update verbessert Sprachsteuerung.""",0
"""Flug nach Paris gebucht: Check-in online ab heute möglich.""",0
"""Neue App 'Duolingo' hilft beim Sprachenlernen: Kostenlos und effektiv.""",0
"""Berliner Verkehrsbetriebe testen neue E-Busse: Umweltfreundlich und leise.""",0
"""Sicherheitstipps fürs Homeoffice: Vermeiden Sie unbefugten Zugriff auf Ihre Daten.""",0
"""Neue Serie auf Netflix: 'The Queen's Gambit' ist ein Muss für alle Fans von Dramen.""",0
"""Wettervorhersage für morgen: Regen und Temperaturen um 15 Grad erwartet.""",0
"""Neue Forschungsergebnisse deuten darauf hin, dass Kaffee den Alterungsprozess verlangsamen könnte.""",0
"""Neue rules for travel to the EU: Check the latest guidelines before you go.""",0
"""Neues Smartphone von Samsung: Galaxy S21 mit verbesserten Kameras.""",0
"""Neue Kochshow auf RTL: 'The Taste' präsentiert bekannte Köche und kulinarische Herausforderungen.""",0
"""Neue Studie zeigt: Lesen senkt den Blutdruck und reduziert Stress.""",0
"""Neue Regelung bei Aldi: Kunden aufgefordert, Einkaufswagen sauber zu hinterlassen.""",0
"""Neue Kampagne von Coca-Cola: 'Share a Coke' fördert Zusammenhalt und Freundschaft.""",0
"""Neue Ausstellung im Museum: 'Van Gogh Alive' bietet interaktive Kunsterlebnisse.""",0
"""Neue App 'Headspace' hilft beim Entspannen und Achtsamkeitstraining.""",0
"""Neue Studie zeigt: Regelmäßiges Laufen verbessert die kognitive Funktion.""",0
"""Neue Funktion bei Instagram: Reels ermöglicht kurze Videos mit Musik.""",0
"""Neue Regelung bei Lufthansa: Maskenpflicht auch im Flugzeug verlängert.""",0
"""Neue Studie zeigt: Eine gesunde Ernährung kann das Risiko von Krebs verringern.""",0
"""Neue Serie auf Amazon Prime: 'The Expanse' bietet spannende Science-Fiction-Action.""",0
"""Neue Technologie von Microsoft: Surface Laptop 4 mit schnellerem Prozessor.""",0
"""Neue Regelung bei McDonald's: Kontaktlose Bestellung und Bezahlung eingeführt.""",0
"""Neue studie zeigt: Yoga verbessert die körperliche Gesundheit und das Wohlbefinden.""",0
"""Neue Funktion bei WhatsApp: Gruppen-Anrufe jetzt mit bis zu 8 Teilnehmern möglich.""",0
"""Neue Regelung bei der Post: Pakete nur noch an bestimmten Tagen zugestellt.""",0
"""Neue Studie zeigt: Regelmäßiges Training kann das Risiko von Diabetes verringern.""",0
"""Neue App 'MyFitnessPal' hilft beim Tracking von Kalorien und Ernährung.""",0
"""Neue Regelung bei der Bahn: Maskenpflicht auch im Sitzplatzbereich.""",0
"""Neue Studie zeigt: Regelmäßiges Lesen kann das Risiko von Demenz verringern.""",0
"""Neue Funktion bei Spotify: Podcast-Genre 'Crime & Investigation' eingeführt.""",0
"""Neue Regelung bei Ikea: Online-Bestellungen kontaktlos im Store abholen möglich.""",0
"""Neue Studie zeigt: Regelmäßige Bewegung kann das Immunsystem stärken.""",0
"""Neue App 'Mondo' hilft beim Entdecken von neuen Musik- und Podcast-empfehlungen.""",0
"""Neue Regelung bei der Bank: Online-Banking nur noch mit Zwei-Faktor-Authentifizierung möglich.""",0
"""Teurer Unwetterschaden in Bayern: Mehr als 100 Einsatzkräfte sind im Einsatz.""",0
"""Neue Studie: Regelmäßige Bewegung kann Demenz risiko senken.""",0
"""Apple präsentiert neues iPhone: Enthusiasten schon Schlange.""",0
"""Flugverspätung? Hauptsache, du bist sicher angekommen, oder?""",0
"""Berliner Museum zeigt neue Ausstellung über Street Art.""",0
"""WhatsApp aktualisiert Gruppen-Chats: Nutzer freuen sich über neue Funktionen.""",0
"""Gewitterwarnung für Rhein-Main-Gebiet: Bitte Vorsicht walten lassen.""",0
"""Neue Umfrage: Mehr als die Hälfte der Deutschen liebt Urlaub in Deutschland.""",0
"""Tesla präsentiert neuen Elektro-SUV: Autofans begeistert.""",0
"""Neue Fitness-App hilft bei Motivation und Trainingsplanung.""",0
"""Lidl testet neue Biomarke: Kunden zeigen sich begeistert.""",0
"""Neue Regelung: Maskenpflicht in öffentlichen Verkehrsmitteln wird verlängert.""",0
"""Neue Studie: Regelmäßiges Lesen kann Altersdemenz verzögern.""",0
"""Amazon startet neues Prime-Video-Streaming-Angebot.""",0
"""Apple Watch Series 7: Verbesserte Gesundheitstracker überzeugen.""",0
"""Neue Wandmalereien verschönern Kölner Innenstadt.""",0
"""Bahn streikt wieder: Reisende sollten sich auf Verspätungen einstellen.""",0
"""Neue Umfrage: Deutsche lieben ihre Haustiere über alles.""",0
"""Neue Smartphone-App erleichtert Online-Einkäufe.""",0
"""Neues Update für Microsoft Office verfügbar: Nutzer freuen sich über verbesserte Funktionen.""",0
"""Neue Studie: Regelmäßiges Laufen kann Krebsrisiko reduzieren.""",0
"""Neues Genetic-Testing-Angebot bei Arztpraxis XY: Bitte um Terminvereinbarung.""",0
"""Neue KI-Entwicklung erkennt Emotionen durch Sprache.""",0
"""Neues Buch von Stephen King erreicht Spitzenplätze der Bestsellerliste.""",0
"""Neue Regelung in Berlin: Radfahrer müssen bald Helmpflicht beachten.""",0
"""Neue Virtual-Reality-Brille verspricht beeindruckende Grafiken.""",0
"""Neue Studie: Regelmäßiges Schwitzen kann Übergewicht vorbeugen.""",0
"""Neues Smart-Home-System erleichtert Alltag.""",0
"""Neue Studie: Regelmäßiges Meditieren kann Stress reduzieren.""",0
"""Neues Update für Adobe Creative Cloud verfügbar: Designer freuen sich über neue Werkzeuge.""",0
"""Neue Umfrage: Deutsche lieben ihren Kaffee am Morgen.""",0
"""Neues iOS-Update verbessert Batterielaufzeit.""",0
"""Neue Studie: Regelmäßiges Kraulen von Katzen kann Stress abbauen.""",0
"""Neues Online-Spiel erobert die Herzen der Gamer.""",0
"""Neue Studie: Regelmäßiges Spazierengehen kann Depressionen lindern.""",0
"""Neue Regelung: Alkoholverkauf in öffentlichen Verkehrsmitteln verboten.""",0
"""Neue Umfrage: Mehr als die Hälfte der Deutschen liebt ihre Arbeit.""",0
"""Neue Studie: Regelmäßiges Trinken von Kaffee kann Herz-Kreislauf-Erkrankungen vorbeugen.""",0
""". ""Apple stellt neues iPhone vor. Enthalten sind Verbesserungen bei Kamera und Akkulaufzeit.""",0
"""2. ""Laden Sie die neue App 'WeatherWatch' herunter, um aktuelle Wetterbedingungen zu erhalten.""",0
"""3. ""Ich kann es kaum erwarten, nächste Woche nach Berlin zu fliegen!""",0
"""4. ""Die neuen AirPods Pro bieten erstklassigen Noise Cancellation.""",0
"""5. ""Neuigkeiten aus der Medizin: Eine neue Studie zeigt, dass eine gesunde Ernährung Krebsrisiko senken kann.""",0
"""6. ""Reisen Sie bald in den Urlaub? Denken Sie daran, Ihre Reiseversicherung zu überprüfen.""",0
"""7. ""Ich habe gestern Abend das neue Album von meinem Lieblingsmusiker gehört. Es ist unglaublich gut!""",0
"""8. ""Die neue Xbox Series X bietet eine unglaubliche Gaming-Erfahrung.""",0
"""9. ""Ich habe heute Morgen meine tägliche Dosis Vitamin D eingenommen. Es ist wichtig, sich im Winter gesund zu halten.""",0
"""10. ""Die neuen Air Jordan 1 sind jetzt erhältlich. Ich kann es kaum erwarten, ein Paar zu kaufen!""",0
"""11. ""Neuigkeiten aus der Politik: Das Parlament hat heute ein neues Gesetz verabschiedet.""",0
"""12. ""Ich habe gestern Abend ein fantastisches Essen im neuen Restaurant in der Stadt genossen.""",0
"""13. ""Die neue Smartwatch von Samsung bietet eine hervorragende Fitness-Tracking-Funktion.""",0
"""14. ""Ich kann es kaum erwarten, nächste Woche meine Familie zu besuchen. Es ist schon so lange her!""",0
"""15. ""Neuigkeiten aus der Technologiebranche: Ein neues Unternehmen hat ein revolutionäres Produkt angekündigt.""",0
"""16. ""Ich habe heute einen großartigen Spaziergang im Park gemacht. Es war so schön, die Natur zu genießen.""",0
"""17. ""Die neue Saison der Bundesliga hat heute begonnen. Werden Sie Ihre Lieblingsmannschaft unterstützen?""",0
"""18. ""Ich habe gestern Abend einen fantastischen Film auf Netflix gesehen. Ich kann ihn sehr empfehlen.""",0
"""19. ""Neuigkeiten aus der Unterhaltungsbranche: Ein neuer Blockbuster-Film wird nächste Woche in die Kinos kommen.""",0
"""20. ""Ich kann es kaum erwarten, meine neuen Wanderstiefel auszuprobieren. Ich plane, nächste Woche eine Wandertour zu unternehmen.""",0
"""21. ""Die neue Fitness-App 'PumpItUp' bietet eine unglaubliche Sammlung von Workout-Videos.""",0
"""22. ""Ich habe gestern Abend ein fantastisches Buch gelesen. Es hat mich wirklich gefesselt.""",0
"""23. ""Neuigkeiten aus der Modebranche: Die neue Kollektion von Gucci wird nächste Woche auf den Laufstegen präsentiert.""",0
"""24. ""Ich habe heute Morgen meinen täglichen Yoga-Kurs gemacht. Es war so entspannend.""",0
"""25. ""Die neue Gaming-Konsole von Sony, die PlayStation 5, ist jetzt erhältlich.""",0
"""26. ""Ich kann es kaum erwarten, meine neue Kamera auszuprobieren. Ich plane, nächste Woche eine Fotosafari zu unternehmen.""",0
"""27. ""Neuigkeiten aus der Sportwelt: Das Finale der UEFA Champions League findet nächste Woche statt.""",0
"""28. ""Ich habe gestern Abend ein fantastisches Konzert besucht. Die Musik war unglaublich.""",0
"""29. ""Die neue Virtual-Reality-Brille von Oculus bietet eine unglaubliche Gaming-Erfahrung.""",0
"""30. ""Ich kann es kaum erwarten, meine neue E-Bike auszuprobieren. Ich plane, nächste Woche eine Radtour zu unternehmen.""",0
"""31. ""Neuigkeiten aus der Kunstwelt: Eine neue Ausstellung wird nächste Woche in der Tate Modern eröffnet.""",0
"""32. ""Ich habe heute Morgen meine tägliche Dosis Meditation gemacht. Es hat mir wirklich geholfen, mich zu entspannen.""",0
"""33. ""Die neue Smart-Home-Geräte von Google bieten eine unglaubliche Möglichkeit zur Automatisierung des Hauses.""",0
"""34. ""Ich kann es kaum erwarten, meine neue Gitarre auszuprobieren. Ich plane, nächste Woche eine Jam-Session zu unternehmen.""",0
"""35. ""Neuigkeiten aus der Musikwelt: Ein neuer Song von meinem Lieblingsmusiker wird nächste Woche veröffentlicht.""",0
"""36. ""Ich habe gestern Abend ein fantastisches Theaterstück besucht. Die Schauspieler waren unglaublich.""",0
"""37. ""Die neue Drohne von DJI bietet eine unglaubliche Flugstabilität.""",0
"""38. ""Ich kann es kaum erwarten, meine neue Fotokamera auszuprobieren. Ich plane, nächste Woche eine Fototour zu unternehmen.""",0
"""39. ""Neuigkeiten aus der Technologiebranche: Ein neues Unternehmen hat ein revolutionäres Produkt auf den Markt gebracht.""",0
"""40. ""Ich habe heute Morgen mein tägliches Laufprogramm gemacht. Es war so erfrischend.""",0
"""41. ""Die neue Gaming-Maus von Logitech bietet eine unglaubliche Präzision.""",0
"""42. ""Ich kann es kaum erwarten, meine neue E-Book-Leseapp auszuprobieren. Ich plane, nächste Woche eine neue Buchreihe zu beginnen.""",0
"""43. ""Neuigkeiten aus der Unterhaltungsbranche: Eine neue Fernsehserie wird nächste Woche auf Netflix veröffentlicht.""",0
"""44. ""Ich habe gestern Abend ein fantastisches Dinner im Restaurant genossen. Das Essen war unglaublich.""",0
"""45. ""Die neue Smartwatch von Apple bietet eine unglaubliche Fitness-Tracking-Funktion.""",0
"""46. ""Ich kann es kaum""",0
""". ""Apple stellt neues iPhone vor. Enthalten sind Verbesserungen bei Kamera und Akkulaufzeit.""",0
"""2. ""Laden Sie die neue App 'WeatherWatch' herunter, um aktuelle Wetterbedingungen zu erhalten.""",0
"""3. ""Ich kann es kaum erwarten, nächste Woche nach Berlin zu fliegen!""",0
"""4. ""Die neuen AirPods Pro bieten erstklassigen Noise Cancellation.""",0
"""5. ""Neuigkeiten aus der Medizin: Eine neue Studie zeigt, dass eine gesunde Ernährung Krebsrisiko senken kann.""",0
"""6. ""Reisen Sie bald in den Urlaub? Denken Sie daran, Ihre Reiseversicherung zu überprüfen.""",0
"""7. ""Ich habe gestern Abend das neue Album von meinem Lieblingsmusiker gehört. Es ist unglaublich gut!""",0
"""8. ""Die neue Xbox Series X bietet eine unglaubliche Gaming-Erfahrung.""",0
"""9. ""Ich habe heute Morgen meine tägliche Dosis Vitamin D eingenommen. Es ist wichtig, sich im Winter gesund zu halten.""",0
"""10. ""Die neuen Air Jordan 1 sind jetzt erhältlich. Ich kann es kaum erwarten, ein Paar zu kaufen!""",0
"""11. ""Neuigkeiten aus der Politik: Das Parlament hat heute ein neues Gesetz verabschiedet.""",0
"""12. ""Ich habe gestern Abend ein fantastisches Essen im neuen Restaurant in der Stadt genossen.""",0
"""13. ""Die neue Smartwatch von Samsung bietet eine hervorragende Fitness-Tracking-Funktion.""",0
"""14. ""Ich kann es kaum erwarten, nächste Woche meine Familie zu besuchen. Es ist schon so lange her!""",0
"""15. ""Neuigkeiten aus der Technologiebranche: Ein neues Unternehmen hat ein revolutionäres Produkt angekündigt.""",0
"""16. ""Ich habe heute einen großartigen Spaziergang im Park gemacht. Es war so schön, die Natur zu genießen.""",0
"""17. ""Die neue Saison der Bundesliga hat heute begonnen. Werden Sie Ihre Lieblingsmannschaft unterstützen?""",0
"""18. ""Ich habe gestern Abend einen fantastischen Film auf Netflix gesehen. Ich kann ihn sehr empfehlen.""",0
"""19. ""Neuigkeiten aus der Unterhaltungsbranche: Ein neuer Blockbuster-Film wird nächste Woche in die Kinos kommen.""",0
"""20. ""Ich kann es kaum erwarten, meine neuen Wanderstiefel auszuprobieren. Ich plane, nächste Woche eine Wandertour zu unternehmen.""",0
"""21. ""Die neue Fitness-App 'PumpItUp' bietet eine unglaubliche Sammlung von Workout-Videos.""",0
"""22. ""Ich habe gestern Abend ein fantastisches Buch gelesen. Es hat mich wirklich gefesselt.""",0
"""23. ""Neuigkeiten aus der Modebranche: Die neue Kollektion von Gucci wird nächste Woche auf den Laufstegen präsentiert.""",0
"""24. ""Ich habe heute Morgen meinen täglichen Yoga-Kurs gemacht. Es war so entspannend.""",0
"""25. ""Die neue Gaming-Konsole von Sony, die PlayStation 5, ist jetzt erhältlich.""",0
"""26. ""Ich kann es kaum erwarten, meine neue Kamera auszuprobieren. Ich plane, nächste Woche eine Fotosafari zu unternehmen.""",0
"""27. ""Neuigkeiten aus der Sportwelt: Das Finale der UEFA Champions League findet nächste Woche statt.""",0
"""28. ""Ich habe gestern Abend ein fantastisches Konzert besucht. Die Musik war unglaublich.""",0
"""29. ""Die neue Virtual-Reality-Brille von Oculus bietet eine unglaubliche Gaming-Erfahrung.""",0
"""30. ""Ich kann es kaum erwarten, meine neue E-Bike auszuprobieren. Ich plane, nächste Woche eine Radtour zu unternehmen.""",0
"""31. ""Neuigkeiten aus der Kunstwelt: Eine neue Ausstellung wird nächste Woche in der Tate Modern eröffnet.""",0
"""32. ""Ich habe heute Morgen meine tägliche Dosis Meditation gemacht. Es hat mir wirklich geholfen, mich zu entspannen.""",0
"""33. ""Die neue Smart-Home-Geräte von Google bieten eine unglaubliche Möglichkeit zur Automatisierung des Hauses.""",0
"""34. ""Ich kann es kaum erwarten, meine neue Gitarre auszuprobieren. Ich plane, nächste Woche eine Jam-Session zu unternehmen.""",0
"""35. ""Neuigkeiten aus der Musikwelt: Ein neuer Song von meinem Lieblingsmusiker wird nächste Woche veröffentlicht.""",0
"""36. ""Ich habe gestern Abend ein fantastisches Theaterstück besucht. Die Schauspieler waren unglaublich.""",0
"""37. ""Die neue Drohne von DJI bietet eine unglaubliche Flugstabilität.""",0
"""38. ""Ich kann es kaum erwarten, meine neue Fotokamera auszuprobieren. Ich plane, nächste Woche eine Fototour zu unternehmen.""",0
"""39. ""Neuigkeiten aus der Technologiebranche: Ein neues Unternehmen hat ein revolutionäres Produkt auf den Markt gebracht.""",0
"""40. ""Ich habe heute Morgen mein tägliches Laufprogramm gemacht. Es war so erfrischend.""",0
"""41. ""Die neue Gaming-Maus von Logitech bietet eine unglaubliche Präzision.""",0
"""42. ""Ich kann es kaum erwarten, meine neue E-Book-Leseapp auszuprobieren. Ich plane, nächste Woche eine neue Buchreihe zu beginnen.""",0
"""43. ""Neuigkeiten aus der Unterhaltungsbranche: Eine neue Fernsehserie wird nächste Woche auf Netflix veröffentlicht.""",0
"""44. ""Ich habe gestern Abend ein fantastisches Dinner im Restaurant genossen. Das Essen war unglaublich.""",0
"""45. ""Die neue Smartwatch von Apple bietet eine unglaubliche Fitness-Tracking-Funktion.""",0
"""46. ""Ich kann es kaum""",0
"""Apple kündigt neues iPhone-Modell an.""",0
"""COVID-19-Fälle steigen in Deutschland.""",0
"""Berliner Museum zeigt neue Kunstausstellung.""",0
"""Neue Umfrage: Deutsche lieben Currywurst.""",0
"""Reisehinweis: Flugverspätungen in Europa erwartet.""",0
"""Testbericht: Der neue Samsung Galaxy S21 ist ein echter Hingucker.""",0
"""Corona-Impfungen starten in Arztpraxen.""",0
"""Neue Studie: Regelmäßiges Laufen senkt Krebsrisiko.""",0
"""Bahn Streik: Fahrgäste müssen mit Einschränkungen rechnen.""",0
"""Neues Spielzeug: Der neue Nintendo Switch ist da.""",0
"""Neue Regelung: Maskenpflicht im Unterricht.""",0
"""Straßenverkehr: A96 Vollsperrung wegen Unfall.""",0
"""Neues Buch: Stephen King veröffentlicht 'Later'.""",0
"""Neue Jobangebot: IT-Spezialist gesucht.""",0
"""Wetterwarnung: Schneechaos in den Alpen.""",0
"""Voyager 1 erreicht Grenze des Sonnensystems.""",0
"""Neue App: WhatsApp rollt Dark Mode aus.""",0
"""Neue Forschung: KI kann Krebs besser erkennen als Menschen.""",0
"""Neue Regelung: Rauchverbote in öffentlichen Parks.""",0
"""Neues Restaurant: Gourmet-Tempel eröffnet in München.""",0
"""Neue Serie: Netflix startet 'Bridgerton' Season 2.""",0
"""Neue Studie: Vegane Ernährung schont die Umwelt.""",0
"""Neues Smart Home-Gerät: Amazon Echo Show 10 im Test.""",0
"""Neue Idee: Fahrradständer aus recyceltem Plastik.""",0
"""Neue Regelung: Homeoffice wird steuerlich gefördert.""",0
"""Neues Museumsstück: Leonardo da Vinci-Manuskript entdeckt.""",0
"""Neue App: TikTok lädt Nutzer zum Tanzen ein.""",0
"""Neue Regelung: Mindestlohn steigt auf 9,60 Euro.""",0
"""Neues Spiel: 'Call of Duty: Black Ops Cold War' im Test.""",0
"""Neue Studie: Homeschooling hat keinen Einfluss auf Noten.""",0
"""Neues Modell: Tesla Model S Refresh im Überblick.""",0
"""Neue Regelung: Alkoholverbot im Öffentlichen Raum.""",0
"""Neues Buch: 'Harry Potter'-Autorin J.K. Rowling veröffentlicht 'The Ickabog'.""",0
"""Neues Produkt: Xiaomi Mi 11 - Das neue Flaggschiff im Test.""",0
"""Neue Studie: Waldspaziergänge senken Stresslevel.""",0
"""Neue Regelung: Impfpflicht für Kita-Kinder.""",0
"""Neues Spiel: 'Cyberpunk 2077' enttäuscht Fans.""",0
"""Neue App: Duolingo startet 'Stories' für lockeres Sprachenlernen.""",0
"""Neue Regelung: Rauchfreiheit in allen öffentlichen Gebäuden.""",0
"""Neues Buch: 'Die Tribute von Panem'-Autor veröffentlicht 'The Ballad of Songbirds and Snakes'.""",0
"""Neue App: Microsoft To Do hilft beim Organisieren.""",0
"""Neue Studie: Regelmäßiges Lesen verlängert Lebenserwartung.""",0
"""Neue Regelung: Distance Learning wird zur Pflicht.""",0
"""Neues Modell: BMW iX - Das neue Elektro-SUV im Überblick.""",0
""". ""Apple stellt neues iPhone vor. Enthalten sind Verbesserungen bei Kamera und Akkulaufzeit.""",0
"""2. ""Laden Sie die neue App 'WeatherWatch' herunter, um aktuelle Wetterbedingungen zu erhalten.""",0
"""3. ""Ich kann es kaum erwarten, nächste Woche nach Berlin zu fliegen!""",0
"""4. ""Die neuen AirPods Pro bieten erstklassigen Noise Cancellation.""",0
"""5. ""Neuigkeiten aus der Medizin: Eine neue Studie zeigt, dass eine gesunde Ernährung Krebsrisiko senken kann.""",0
"""6. ""Reisen Sie bald in den Urlaub? Denken Sie daran, Ihre Reiseversicherung zu überprüfen.""",0
"""7. ""Ich habe gestern Abend das neue Album von meinem Lieblingsmusiker gehört. Es ist unglaublich gut!""",0
"""8. ""Die neue Xbox Series X bietet eine unglaubliche Gaming-Erfahrung.""",0
"""9. ""Ich habe heute Morgen meine tägliche Dosis Vitamin D eingenommen. Es ist wichtig, sich im Winter gesund zu halten.""",0
"""10. ""Die neuen Air Jordan 1 sind jetzt erhältlich. Ich kann es kaum erwarten, ein Paar zu kaufen!""",0
"""11. ""Neuigkeiten aus der Politik: Das Parlament hat heute ein neues Gesetz verabschiedet.""",0
"""12. ""Ich habe gestern Abend ein fantastisches Essen im neuen Restaurant in der Stadt genossen.""",0
"""13. ""Die neue Smartwatch von Samsung bietet eine hervorragende Fitness-Tracking-Funktion.""",0
"""14. ""Ich kann es kaum erwarten, nächste Woche meine Familie zu besuchen. Es ist schon so lange her!""",0
"""15. ""Neuigkeiten aus der Technologiebranche: Ein neues Unternehmen hat ein revolutionäres Produkt angekündigt.""",0
"""16. ""Ich habe heute einen großartigen Spaziergang im Park gemacht. Es war so schön, die Natur zu genießen.""",0
"""17. ""Die neue Saison der Bundesliga hat heute begonnen. Werden Sie Ihre Lieblingsmannschaft unterstützen?""",0
"""18. ""Ich habe gestern Abend einen fantastischen Film auf Netflix gesehen. Ich kann ihn sehr empfehlen.""",0
"""19. ""Neuigkeiten aus der Unterhaltungsbranche: Ein neuer Blockbuster-Film wird nächste Woche in die Kinos kommen.""",0
"""20. ""Ich kann es kaum erwarten, meine neuen Wanderstiefel auszuprobieren. Ich plane, nächste Woche eine Wandertour zu unternehmen.""",0
"""21. ""Die neue Fitness-App 'PumpItUp' bietet eine unglaubliche Sammlung von Workout-Videos.""",0
"""22. ""Ich habe gestern Abend ein fantastisches Buch gelesen. Es hat mich wirklich gefesselt.""",0
"""23. ""Neuigkeiten aus der Modebranche: Die neue Kollektion von Gucci wird nächste Woche auf den Laufstegen präsentiert.""",0
"""24. ""Ich habe heute Morgen meinen täglichen Yoga-Kurs gemacht. Es war so entspannend.""",0
"""25. ""Die neue Gaming-Konsole von Sony, die PlayStation 5, ist jetzt erhältlich.""",0
"""26. ""Ich kann es kaum erwarten, meine neue Kamera auszuprobieren. Ich plane, nächste Woche eine Fotosafari zu unternehmen.""",0
"""27. ""Neuigkeiten aus der Sportwelt: Das Finale der UEFA Champions League findet nächste Woche statt.""",0
"""28. ""Ich habe gestern Abend ein fantastisches Konzert besucht. Die Musik war unglaublich.""",0
"""29. ""Die neue Virtual-Reality-Brille von Oculus bietet eine unglaubliche Gaming-Erfahrung.""",0
"""30. ""Ich kann es kaum erwarten, meine neue E-Bike auszuprobieren. Ich plane, nächste Woche eine Radtour zu unternehmen.""",0
"""31. ""Neuigkeiten aus der Kunstwelt: Eine neue Ausstellung wird nächste Woche in der Tate Modern eröffnet.""",0
"""32. ""Ich habe heute Morgen meine tägliche Dosis Meditation gemacht. Es hat mir wirklich geholfen, mich zu entspannen.""",0
"""33. ""Die neue Smart-Home-Geräte von Google bieten eine unglaubliche Möglichkeit zur Automatisierung des Hauses.""",0
"""34. ""Ich kann es kaum erwarten, meine neue Gitarre auszuprobieren. Ich plane, nächste Woche eine Jam-Session zu unternehmen.""",0
"""35. ""Neuigkeiten aus der Musikwelt: Ein neuer Song von meinem Lieblingsmusiker wird nächste Woche veröffentlicht.""",0
"""36. ""Ich habe gestern Abend ein fantastisches Theaterstück besucht. Die Schauspieler waren unglaublich.""",0
"""37. ""Die neue Drohne von DJI bietet eine unglaubliche Flugstabilität.""",0
"""38. ""Ich kann es kaum erwarten, meine neue Fotokamera auszuprobieren. Ich plane, nächste Woche eine Fototour zu unternehmen.""",0
"""39. ""Neuigkeiten aus der Technologiebranche: Ein neues Unternehmen hat ein revolutionäres Produkt auf den Markt gebracht.""",0
"""40. ""Ich habe heute Morgen mein tägliches Laufprogramm gemacht. Es war so erfrischend.""",0
"""41. ""Die neue Gaming-Maus von Logitech bietet eine unglaubliche Präzision.""",0
"""42. ""Ich kann es kaum erwarten, meine neue E-Book-Leseapp auszuprobieren. Ich plane, nächste Woche eine neue Buchreihe zu beginnen.""",0
"""43. ""Neuigkeiten aus der Unterhaltungsbranche: Eine neue Fernsehserie wird nächste Woche auf Netflix veröffentlicht.""",0
"""44. ""Ich habe gestern Abend ein fantastisches Dinner im Restaurant genossen. Das Essen war unglaublich.""",0
"""45. ""Die neue Smartwatch von Apple bietet eine unglaubliche Fitness-Tracking-Funktion.""",0
"""46. ""Ich kann es kaum""",0
"""Apple presents new iPhone today, tech enthusiasts worldwide await.""",0
"""Berlin's museums reopen next week, art lovers rejoice.""",0
"""Local bakery wins national competition, secret recipe remains a mystery.""",0
"""Traffic jam on A3, check your route before traveling.""",0
"""New study shows regular exercise boosts immunity, start moving!""",0
"""Amazon's latest Kindle gets mixed reviews, battery life concerns raised.""",0
"""Mystery novel keeps you guessing till the end, highly recommended.""",0
"""Check your bank account, new fraud alert system activated.""",0
"""Vegan recipe for chocolate cake impresses everyone, try it out!""",0
"""Call customer service for assistance with your delivery.""",0
"""Stock market crashes as pandemic fears rise, experts advise caution.""",0
"""New coffee shop opens in town, try their signature latte.""",0
"""Check your mailbox, important council meeting notice inside.""",0
"""Clean up the beach, join our volunteer event this Saturday.""",0
"""Online gaming platform offers free access this weekend, enjoy!""",0
"""1. ""Neuer Kunde: Max Mustermann, Berlin, 12345 Hauptstraße 10""",1
"""2. ""Bitte bestätigen Sie Ihre E-Mail-Adresse: max.mustermann@example.com""",1
"""3. "" support-Ticket: Kunde XYZ123, Problem mit Kreditkarte 1234-5678-9012-3456""",1
"""4. ""Neue Buchung: Flug von Berlin nach Paris, Abflug am 15.06., Ticketnummer: 1234567890""",1
"""5. ""Achtung: Phishing-Versuch! Anmeldung erforderlich: Benutzername: john_doe, Passwort: ********""",1
"""6. ""Bestellung #123456: Versand an: Emma Müller, München, 80331 example Street 7""",1
"""7. ""Banküberweisung: Empfänger: Thomas Schneider, IBAN: DE89370400440532013000""",1
"""8. ""Neue Nachricht: Absender: Lisa Schmidt, lisa.schmidt@email.de""",1
"""9. ""Passwortrücksetzung: Geben Sie Ihre E-Mail-Adresse ein: john.doe@example.com""",1
"""10. ""Aktualisiere Adresse: Alfred Hoffmann, Hamburg, example Street 23, 20095""",1
"""11. ""Support-Ticket: Kunde 1234567890, Problembeschreibung: Fehlende Lieferung""",1
"""12. ""Anmeldung erforderlich: Benutzername: karla_Joseph, Passwort: **********""",1
"""13. ""Bestellung #123456: Zahlung per Kreditkarte, Kartennummer: 1234-5678-9012-3456""",1
"""14. ""Neue Buchung: Hotel example, Check-in: 15.06., Check-out: 17.06., Zimmernummer: 101""",1
"""15. ""Achtung: Phishing-Versuch! Anmeldung erforderlich: Benutzername: *****, Passwort: ********""",1
"""16. ""Bestellung #123456: Versand an: Alexander Weber, Frankfurt, example Street 12, 60313""",1
"""17. ""Banküberweisung: Empfänger: Eva Schmidt, IBAN: DE18500105175400785400""",1
"""18. ""Neue Nachricht: Absender: Daniel Mayer, daniel.mayer@email.com""",1
"""19. ""Passwortrücksetzung: Geben Sie Ihre E-Mail-Adresse ein: jane.doe@example.org""",1
"""20. ""Aktualisiere Adresse: Laura Hoffmann, Berlin, example Street 45, 10115""",1
"""21. ""Support-Ticket: Kunde 987654321, Problembeschreibung: Fehlende Lieferung""",1
"""22. ""Anmeldung erforderlich: Benutzername: mike_johnson, Passwort: ***********""",1
"""23. ""Bestellung #123456: Zahlung per Kreditkarte, Kartennummer: 1234 5678 9012 3456""",1
"""24. ""Neue Buchung: Mietwagen, Abholung am 15.06., Rückgabe am 17.06., Buchungsnummer: 1234567890""",1
"""25. ""Achtung: Phishing-Versuch! Anmeldung erforderlich: Benutzername: ******, Passwort: *******""",1
"""26. ""Bestellung #123456: Versand an: Marcus Schneider, Köln, example Street 34, 50667""",1
"""27. ""Banküberweisung: Empfänger: Sarah Johnson, IBAN: DE21700202700012345678""",1
"""28. ""Neue Nachricht: Absender: David Schmidt, david.schmidt@email.net""",1
"""29. ""Passwortrücksetzung: Geben Sie Ihre E-Mail-Adresse ein: james.doe@gmail.com""",1
"""30. ""Aktualisiere Adresse: Patrick Hoffmann, Hamburg, example Street 23, 20095""",1
"""31. ""Support-Ticket: Kunde +491234567890, Problembeschreibung: Fehlende Lieferung""",1
"""32. ""Anmeldung erforderlich: Benutzername: lisa_smith_, Passwort: ************""",1
"""33. ""Bestellung #123456: Zahlung per Kreditkarte, Kartennummer: 1234567890123456""",1
"""34. ""Neue Buchung: Zugfahrt von Berlin nach München, Abfahrtsdatum: 15.06., Buchungsnummer: 123456789""",1
"""35. ""Achtung: Phishing-Versuch! Anmeldung erforderlich: Benutzername: *******, Passwort: **********""",1
"""36. ""Bestellung #123456: Versand an: Julia Weber, Düsseldorf, example Street 67, 40210""",1
"""37. ""Banküberweisung: Empfänger: Andreas Schmidt, IBAN: DE30700500000049011005""",1
"""38. ""Neue Nachricht: Absender: Anna Mayer, anna.mayer@email.de""",1
"""39. ""Passwortrücksetzung: Geben Sie Ihre E-Mail-Adresse ein: robert.doe@yahoo.com""",1
"""40. ""Aktualisiere Adresse: Sophia Hoffmann, Berlin, example Street 45, 10115""",1
"""41. ""Support-Ticket: Kunde 123-456-7890, Problembeschreibung: Fehlende Lieferung""",1
"""42. ""Anmeldung erforderlich: Benutzername: jane_doe_, Passwort: *************""",1
"""43. ""Bestellung #123456: Zahlung per Kreditkarte, Kartennummer: 1234-5678-9012-3456 (endet mit 3456)""",1
"""44. ""Neue Buchung: Flug von Berlin nach Rom, Abflug am 15.06., Ticketnummer: 1234567890""",1
"""45. ""Achtung: Phishing-Versuch! Anmeldung erforderlich: Benutzername: ****, Passwort: ********""",1
"""46. ""Bestellung #123456: Versand an: Michael Schneider, Frankfurt, example Street 12, 60313""",1
"""47. ""Banküberweisung: Empfänger: Eva Johnson, IBAN: DE40370400440532013000""",1
"""48. ""Neue Nachricht: Absender: Daniel Meyer, daniel.meyer@email.com""",1
"""49. ""Passwortrücksetzung: Geben Sie Ihre E-Mail-Adresse ein: elizabeth.doe@hotmail.com""",1
"""50. ""Aktualisiere Adresse: Laura Hoffmann, München, example Street 23, 80331""",1
"""Herr Müller, Ihre Bestellung wurde verschickt. Tracking-ID: 1234567890.""",1
"""Neue Kreditkarte eingetroffen: 1234-5678-9012-3456.""",1
"""Ich bin im Urlaub. Notfallkontakt: +1-234-567-8901.""",1
"""Bitte korrigieren Sie Ihre E-Mail-Adresse: john.doe@mail.com.""",1
"""Ich habe mein Passwort vergessen. Meine E-Mail-Adresse ist: jane.doe@gmail.com.""",1
"""Neue Lieferung erwartet am: 123 Main St, Anytown.""",1
"""Problem mit Konto: 12345678.""",1
"""Neue SIM-Karte aktiviert. Nummer: 0176-12345678.""",1
"""Kundenbetreuung: +49 30 1234567.""",1
"""Rechnungsadresse: 456 Oak St, Anytown.""",1
"""Geburtstagsparty: 789 Main St, Anytown. Bitte RVSP: john.doe@example.com.""",1
"""Krankenhausbesuch: Raum 123, Patient: Jane Doe.""",1
"""Ich habe meine Kreditkarte verloren. Letzte vier Ziffern: 3456.""",1
"""Ihr Konto wird bald gesperrt. Bitte kontaktieren Sie uns unter: 123-456-7890.""",1
"""Neue Adresse: 789 Maple St, Anytown.""",1
"""Fehlerhafte E-Mail-Adresse: john_doe@mail.coM.""",1
"""Konto-ID: 123456.""",1
"""Neue Telefonnummer: 030-1234567.""",1
"""Problem mit Lieferung. Adresse: 1234 Oak St, Anytown.""",1
"""Neue E-Mail-Adresse: jane.doe+123@example.com.""",1
"""Kreditkartenprobleme. Letzte vier Ziffern: 1234.""",1
"""Neue Adresse: 4567 Elm St, Anytown.""",1
"""Ihr Passwort wurde geändert. E-Mail: john.doe@example.com.""",1
"""Neue Kreditkarte: 1234 5678 9012 3456.""",1
"""Problem mit Konto. SSN: 123-45-6789.""",1
"""Neue Adresse: 8901 Birch Ave, Anytown.""",1
"""Neue E-Mail-Adresse: jane.doe.123@example.com.""",1
"""Problem mit Lieferung. Adresse: 1234 Elm St, Anytown.""",1
"""Neue Kreditkarte: 1234-5678-9012-3456.""",1
"""Problem mit Konto. E-Mail: john.doe@example.coM.""",1
"""Neue Adresse: 5678 Pine St, Anytown.""",1
"""Ihr Konto wird bald gesperrt. Bitte kontaktieren Sie uns unter: +49 30 1234567.""",1
"""Neue Kreditkarte: 1234 5678 9012 3456.""",1
"""Problem mit Konto. E-Mail: jane.doe.123@example.co.uk.""",1
"""Neue Adresse: 9876 Cedar St, Anytown.""",1
"""Ihr Konto wird bald gesperrt. Bitte kontaktieren Sie uns unter: 030-1234567.""",1
"""Neue E-Mail-Adresse: john.doe.123@example.org.""",1
"""Neue Adresse: 1011 Walnut St, Anytown.""",1
"""Problem mit Konto. E-Mail: jane.doe.123@example.com.""",1
"""Neue Adresse: 1112 Spruce St, Anytown.""",1
"""Ihr Konto wird bald gesperrt. Bitte kontaktieren Sie uns unter: 1234-567890.""",1
"""1. ""Neue Bestellung von Max Mustermann, Lieferadresse: 123 Hauptstraße, Frankfurt am Main.""",1
"""2. ""E-Mail-Adresse geändert: neue@email.de""",1
"""3. ""Telefonnummer von Anna Meyer aktualisiert: 0176-1234567""",1
"""4. ""Kreditkartenzahlung erfolgreich: **** **** **** 1234""",1
"""5. ""Sozialversicherungsnummer: 1234567890""",1
"""6. ""Passwort-Reset für john.doe@example.com""",1
"""7. ""Neue Rechnung fürHerr Schmidt, Konto: 123456789, Betrag: €100""",1
"""8. ""Neue Adresse: 456 Parkstraße, Berlin""",1
"""9. ""Telefonische Beratung vereinbart mit Herr Müller, Rufnummer: +49-123-456-7890""",1
"""10. ""E-Mail-Verifizierung für jane.doe@gmail.com""",1
"""11. ""Ihnen wurde eine neue Kreditkarte ausgestellt: 1234-5678-9012-3456""",1
"""12. ""Versicherungsnummer geändert: 123-456-7890-12""",1
"""13. ""Neue Adresse für Paketzustellung: 789 Gartenstraße, München""",1
"""14. ""Kontaktaufnahme per E-Mail: info@beispiel.de""",1
"""15. ""Neue Kreditkarte für Frau Johnson: ending in 3456""",1
"""16. ""Telefonische Bestellung von Hans Schmidt, Rufnummer: 0157-98765432""",1
"""17. ""Neue E-Mail-Adresse: hans.schmidt@gmx.de""",1
"""18. ""Konto-ID für Online-Banking: 123456789""",1
"""19. ""Neue Lieferadresse: 345 Feldstraße, Hamburg""",1
"""20. ""Telefonischer Support: +49-800-1234567""",1
"""21. ""Neue E-Mail-Adresse für den Newsletter: john.doe@yahoo.com""",1
"""22. ""Bitte kontaktieren Sie uns unter: 030-12345678""",1
"""23. ""Neue Adresse für Rechnungsstellung: 678 Waldweg, Köln""",1
"""24. ""Kreditkartenzahlung nicht erfolgreich: 1234-5678-9012-3456""",1
"""25. ""Ihnen wurde eine neue SIM-Karte zugewiesen: 1234567890123456""",1
"""26. ""Neue E-Mail-Adresse für den Newsletter: jane.doe@hotmail.com""",1
"""27. ""Neue Lieferadresse: 901 Seenstraße, Dresden""",1
"""28. ""Konto-ID für Online-Banking: 987654321""",1
"""29. ""Neue Kreditkarte für Herrn Wagner: **** **** **** 1234""",1
"""30. ""Neue Adresse für Postzustellung: 234 Talstraße, Stuttgart""",1
"""31. ""Telefonische Reservierung: 0176-98765432""",1
"""32. ""Neue E-Mail-Adresse: anna.meyer@gmail.com""",1
"""33. ""Konto-ID für Online-Banking: 456789012""",1
"""34. ""Neue Lieferadresse: 567 Bergstraße, Leipzig""",1
"""35. ""Kreditkartenzahlung nicht erfolgreich: 1234-5678-9012-3456""",1
"""36. ""Neue SIM-Karte für das Handy: 1234567890123456""",1
"""37. ""Neue Adresse für Rechnungsstellung: 890 Seeweg, Hannover""",1
"""38. ""Telefonischer Support: +49-800-98765432""",1
"""39. ""Neue E-Mail-Adresse für den Newsletter: carl.johnson@aol.com""",1
"""40. ""Bitte kontaktieren Sie uns unter: 0176-1234567""",1
"""41. ""Neue Kreditkarte für Frau Wagner: ending in 6789""",1
"""42. ""Telefonische Bestellung von Eva Schmidt, Rufnummer: 0157-98765432""",1
"""43. ""Neue E-Mail-Adresse: eva.schmidt@web.de""",1
"""44. ""Konto-ID für Online-Banking: 246802468""",1
"""45. ""Neue Lieferadresse: 135 Blumenstraße, Düsseldorf""",1
"""46. ""Kreditkartenzahlung erfolgreich: 1234 5678 9012 3456""",1
"""47. ""Neue Adresse für Postzustellung: 468 Eichenweg, Dortmund""",1
"""48. ""Telefonischer Support: +49-800-1234567890""",1
"""49. ""Neue E-Mail-Adresse für den Newsletter: emma.brown@outlook.com""",1
"""50. ""Bitte kontaktieren Sie uns unter: 030-123456789""",1
"""1. ""Neues Konto erstellt für: Max Mustermann, Berlin, Germany""",1
"""2. ""Bitte kontaktieren Sie uns unter der Nummer 0176-12345678.""",1
"""3. ""Gerne senden wir die Rechnung an Ihre Adresse: 123 Main Street, Anytown, Germany""",1
"""4. ""Ihre E-Mail-Adresse: [max.mustermann@email.com](mailto:max.mustermann@email.com)""",1
"""5. ""Kreditkartennummer: 1234 5678 9012 3456""",1
"""6. ""Unsere neuen Mitarbeiter: Anna Schmidt, Frankfurt; Jens Müller, München""",1
"""7. ""Bestellnummer: #123456, Versand an: 456 Oak Avenue, Anytown, Germany""",1
"""8. ""Bitte bestätigen Sie Ihre Identität mit Ihrer Sozialversicherungsnummer: 123-45-6789""",1
"""9. ""Passnummer: DE1234567, ausgestellt in Berlin""",1
"""10. ""Neue Zugangsdaten: Benutzername: john_doe, Passwort: *******""",1
"""11. ""Fehlerhafte Kreditkartennummer: 1234-5678-9012-345, bitte korrigieren Sie diese.""",1
"""12. ""iPhone 12 bestellt unter: +49 176 12345678""",1
"""13. ""Aktualisierte Adresse: 789 Pine Lane, Anytown, Germany 12345""",1
"""14. ""Bankverbindung: IBAN DE89 3704 0044 0532 0130 00, BIC COBADEBBXXX""",1
"""15. ""Ihre Buchungsnummer: XZ123456""",1
"""16. ""Bitte überweisen Sie 100€ an: Max Mustermann, IBAN: DE89 3704 0044 0532 0130 00""",1
"""17. ""Neue E-Mail-Adresse: [jane.doe@gmail.com](mailto:jane.doe@gmail.com)""",1
"""18. ""Telefonnummer geändert: (+49) 176-12345678""",1
"""19. ""Ihre Bestellung ist unterwegs an: 654 Elm Street, Anytown, Germany 12345""",1
"""20. ""Kontaktieren Sie uns unter: info@ourcompany.com oder +49 30 1234567""",1
"""21. ""Neues Passwort für [max.mustermann@email.com](mailto:max.mustermann@email.com): *******""",1
"""22. ""Ihre Buchung wurde storniert. Buchungsnummer: ABC123456""",1
"""23. ""Bitte senden Sie Ihre Unterlagen an: 123 Main Street, Anytown, Germany 12345""",1
"""24. ""Ihre Kreditkarte wurde mit der Nummer 1234567890123456 belastet.""",1
"""25. ""Absender: Max Mustermann <max.mustermann@email.com>""",1
"""26. ""Ihre Bestellung wurde verschickt an: 789 Oak Avenue, Anytown, Germany 12345""",1
"""27. ""Konto gesperrt: Benutzername jane_doe, Grund: verdächtige Aktivität""",1
"""28. ""Neue Adresse für Rechnungen: 654 Maple Road, Anytown, Germany 12345""",1
"""29. ""Ihre Buchungsnummer: GHI7891011""",1
"""30. ""Bitte melden Sie sich mit Ihrer E-Mail-Adresse: [john.doe@gmail.com](mailto:john.doe@gmail.com)""",1
"""31. ""Fehlerhafte Sozialversicherungsnummer: 123-45-678, bitte korrigieren Sie diese.""",1
"""32. ""Ihre Bestellung ist unterwegs an: 456 Pine Lane, Anytown, Germany 12345""",1
"""33. ""Kontoinhaber: Anna Schmidt, Kontonummer: 12345678""",1
"""34. ""Bitte senden Sie Ihre Dokumente an: info@ourcompany.com""",1
"""35. ""Ihre Kreditkarte wurde mit der Nummer ending in 3456 belastet.""",1
"""36. ""Absender: Jens Müller <jens.mueller@email.com>""",1
"""37. ""Neue Adresse für Lieferungen: 789 Elm Street, Anytown, Germany 12345""",1
"""38. ""Ihre Buchungsnummer: JKL2468024""",1
"""39. ""Bitte kontaktieren Sie uns unter: [support@ourcompany.com](mailto:support@ourcompany.com) oder +49 30 1234567""",1
"""40. ""Neues Passwort für [jens.mueller@email.com](mailto:jens.mueller@email.com): *******""",1
"""41. ""Ihre Bestellung wurde storniert. Buchungsnummer: MNO987654321""",1
"""42. ""Bitte senden Sie Ihre Unterlagen an: 654 Maple Road, Anytown, Germany 12345""",1
"""43. ""Ihre Kreditkarte wurde mit der Nummer 1234-5678-9012-3456 belastet.""",1
"""44. ""Absender: Jane Doe <jane.doe@gmail.com>""",1
"""45. ""Ihre Bestellung ist unterwegs an: 456 Elm Street, Anytown, Germany 12345""",1
"""46. ""Konto gesperrt: Benutzername max_mustermann, Grund: verdächtige Aktivität""",1
"""47. ""Neue Adresse für Rechnungen: 123 Main Street, Anytown, Germany 12345""",1
"""48. ""Ihre Buchungsnummer: PQR9876543""",1
"""49. ""Bitte melden Sie sich mit Ihrer E-Mail-Adresse: [anna.schmidt@email.com](mailto:anna.schmidt@email.com)""",1
"""50. ""Fehlerhafte Passnummer: DE123456, bitte korrigieren Sie diese.""",1
"""1. ""Neue Kreditkarte angefordert für: Max Mustermann, Straße 123, 12345 Musterstadt.""",1
"""2. ""E-Mail-Adresse geändert: max.mustermann@example.com.""",1
"""3. ""Telefonnummer: +49 123 456 7890, Anruf bitte nur zwischen 9-17 Uhr.""",1
"""4. ""Bankverbindung: IBAN DE89 3704 0044 0532 0130 00, BIC COBADEBBXXX.""",1
"""5. ""Passwort zurückgesetzt für den Account von john.doe@example.com.""",1
"""6. ""Neue Adresse: 456 Oak Street, 12345 Anytown, USA.""",1
"""7. ""Kreditkartennummer: 1234 5678 9012 3456, Ablaufdatum: 12/25.""",1
"""8. ""Sozialversicherungsnummer: 123-45-6789, bitte nicht an Dritte weitergeben.""",1
"""9. ""Geburtsdatum: 01.01.1990, zur Identifikation necessary.""",1
"""10. ""Invalid credit card number: 1234-5678-9012-3457, please re-enter.""",1
"""11. ""New email address: jane.doe@gmail.com, old one: jane.doe@yahoo.com.""",1
"""12. ""Urgent: Your card ending in 3456 has been compromised, contact us immediately.""",1
"""13. ""Please confirm your address: 789 Elm Street, 12345 Anytown, USA.""",1
"""14. ""Account ID: ABC123, please use for all future correspondence.""",1
"""15. ""New phone number: (123) 456-7890, old one had a typo: 123-456-7891.""",1
"""16. ""Invalid passport number: ABC1234567, please check and try again.""",1
"""17. ""Your invoice has been sent to john.doe@example.com, please check your spam folder.""",1
"""18. ""New password: P@ssw0rd123, please keep this confidential.""",1
"""19. ""Attention: Your credit card number 1234-5678-9012-3456 has been exposed.""",1
"""20. ""Please update your address book: max.mustermann@newprovider.com.""",1
"""21. ""Welcome, your new account ID is: DEF456, log in now.""",1
"""22. ""Confirm your email address: jane.doe@gmail.com, for verification purposes.""",1
"""23. ""New phone number on file: +1-123-456-7890, old one was incorrect.""",1
"""24. ""Your Social Security number is: 123-45-6789, keep this safe and private.""",1
"""25. ""Please verify your address: 456 Pine Street, 12345 Anytown, USA.""",1
"""26. ""Your new credit card number is: 1234 5678 9012 3456, activate it now.""",1
"""27. ""Phishing alert! Please ignore previous email requesting your card details.""",1
"""28. ""New login credentials: username - john.doe, password - Passw0rd!""",1
"""29. ""Your invoice is ready for download: invoice12345.pdf.""",1
"""30. ""Update your profile: full name - Jane Doe, email - jane.doe@gmail.com.""",1
"""31. ""Urgent: Your card ending in 1234 has been used fraudulently, call now.""",1
"""32. ""Please confirm your date of birth: 01/01/1990, for security purposes.""",1
"""33. ""New bank account details: IBAN - DE98 5001 0517 5483 8703 00, BIC - PBNKDEFF.""",1
"""34. ""Your new passport number is: ABC1234567, keep this secure.""",1
"""35. ""Please update your records: phone number - (123) 456-7890.""",1
"""36. ""Your credit card has been charged: 1234 5678 9012 3456, amount - €50.00.""",1
"""37. ""New email address on file: john.doe@example.com, old one was incorrect.""",1
"""38. ""Confirm your address: 789 Maple Street, 12345 Anytown, USA, apartment 3B.""",1
"""39. ""Your order has been shipped to: Max Mustermann, Straße 123, 12345 Musterstadt.""",1
"""40. ""Please verify your credit card number: 1234-5678-9012-3456.""",1
"""41. ""New username: jane.doe123, please use this for all future logins.""",1
"""42. ""Your new PIN is: 1234, keep this confidential and change it regularly.""",1
"""43. ""Phishing scam alert! Do not respond to emails asking for your password.""",1
"""44. ""Please update your address book: john.doe@newemailprovider.com.""",1
"""45. ""Your new account ID is: GHI678, use this for all future transactions.""",1
"""46. ""Confirm your phone number: +49 123 456 7890, for security purposes.""",1
"""47. ""Your invoice is ready for download: invoice67890.pdf.""",1
"""48. ""New credit card number: 1234 5678 9012 3456, please update your records.""",1
"""49. ""Please verify your Social Security number: 123-45-6789.""",1
"""50. ""Your new password is: SecretP@ss123, please change it after first use.""",1
"""Neue Kunde: Herr Hans Müller, Hauptstraße 123, 12345 Berlin""",1
"""Bestätigung für Ihre Buchung: Flug 1234567, Abflug 01.01.2022, Kreditkarte ending in 3456""",1
"""Kundenanfrage: Ich benötige eine Rechnung für die Lieferung an Frau Schmidt, Musterstraße 456, 56789 Köln""",1
"""Probleme mit Ihrem Konto? Bitte kontaktieren Sie uns unter +49-123-456-7890""",1
"""Verlorene Brieftasche: Name - Thomas Berger, Straße - Musterweg 789, Stadt - 67890 München""",1
"""Gewinnspiel: Ihre E-Mail-Adresse für die Teilnahme: john.doe@example.com""",1
"""Phishing-Attempt: Bitte geben Sie Ihre Kreditkartennummer für die Gutschrift ein: 1234-5678-9012-3456""",1
"""Fehlerhafte Lieferadresse: Bitte korrigieren Sie Ihre Adresse: 123 Main Street, Anytown, 12345""",1
"""Neue Bestellung: Kunde - Lisa Wagner, E-Mail - lisa.wagner@example.com, Lieferadresse - 456 Oak Avenue, 67890""",1
"""Wichtige Nachricht: Ihre Sozialversicherungsnummer wurde gestohlen. Bitte kontaktieren Sie uns unter +49 123 456 7890""",1
"""Verlorene Kreditkarte: Sperren Sie Ihre Karte unter +49 123 456 7890. Die Kartenummer lautet: 1234 5678 9012""",1
"""Kontoeinstellungen: ändern Sie Ihre Passwortinformationen für Ihr Konto: account12345@example.com""",1
"""Neue Rechnung: Kunde - Martin Schwarz, Rechnungsadresse - 789 Pine Lane, 32109, Kreditkarte ending in 7890""",1
"""Sicherheitswarnung: Ihre E-Mail-Adresse jane.doe@example.com wurde in einer Datenpanne-offenbart""",1
"""Kundenfeedback: Vielen Dank für Ihre Rückmeldung, Herr David Meyer, E-Mail: david.meyer@example.com""",1
"""Verlorene Geldbörse: Kontaktdaten - Frau Maria Schneider, Straße - 321 Elm Street, Stadt - 23456""",1
"""Bankkontoänderung: Neue Bankverbindung - IBAN: DE12345678901234567890, BIC: BELADEBEXXX""",1
"""Versicherungsbestätigung: Kunde - Michael Fischer, Versicherungsnummer: 123-456-7890""",1
"""Online-Bestellung: Kunde - Eva Bauer, Lieferadresse - 654 Birch Road, 78901, E-Mail: eva.bauer@example.com""",1
"""Kundenanfrage: Stornierung für Flug 1234567, Buchung unter john.doe@example.com""",1
"""Neue Mitgliedschaft: Willkommen, Herr Friedrich Koch, Mitglied seit 01.01.2022, Mitgliedsnummer: 12345""",1
"""Bestätigung: Ihr Flug 1234567 wurde erfolgreich gebucht. Bitte bringen Sie Ihren Ausweis und Ihre Kreditkarte mit.""",1
"""Fehlerhafte Kreditkartennummer: Bitte überprüfen Sie Ihre Eingabe: 1234-5678-9012-3456""",1
"""Kundenanfrage: Ich habe meine PIN für die EC-Karte verloren. Bitte senden Sie mir eine neue unter +49 123 456 7890""",1
"""Sicherheitswarnung: Ihre E-Mail-Adresse jane.doe@example.com wurde in einer Datenpanne-offenbart. Bitte ändern Sie Ihr Passwort.""",1
"""Bestätigung für Ihre Buchung: Flug 1234567, Abflug 01.01.2022, Kreditkarte ending in 3456. Bitte bringen Sie Ihren Ausweis mit.""",1
"""Kundenanfrage: Ich benötige eine Rechnung für die Lieferung an Frau Schmidt, Musterstraße 456, 56789 Köln, unter jane.doe@example.com""",1
"""Phishing-Attempt: Bitte geben Sie Ihre Kreditkartennummer für die Gutschrift ein: 1234-5678-9012-3456. Bitte beachten Sie, dass dies eine gefälschte E-Mail ist.""",1
"""Fehlerhafte Lieferadresse: Bitte korrigieren Sie Ihre Adresse: 123 Main Street, Anytown, 12345. Bitte senden Sie uns die korrekte Adresse unter +49 123 456 7890.""",1
"""Neue Bestellung: Kunde - Lisa Wagner, E-Mail - lisa.wagner@example.com, Lieferadresse - 456 Oak Avenue, 67890. Bitte beachten Sie unsere Datenschutzrichtlinien.""",1
"""Wichtige Nachricht: Ihre Sozialversicherungsnummer wurde gestohlen. Bitte kontaktieren Sie uns unter +49 123 456 7890. Bitte beachten Sie unsere Datenschutzrichtlinien.""",1
"""Verlorene Kreditkarte: Sperren Sie Ihre Karte unter +49 123 456 7890. Die Kartenummer lautet: 1234 5678 9012. Bitte beachten Sie unsere Datenschutzrichtlinien.""",1
"""Kontoeinstellungen: ändern Sie Ihre Passwortinformationen für Ihr Konto: account12345@example.com. Bitte beachten Sie unsere Datenschutzrichtlinien.""",1
"""Neue Rechnung: Kunde - Martin Schwarz, Rechnungsadresse - 789 Pine Lane, 32109, Kreditkarte ending in 7890. Bitte beachten Sie unsere Datenschutzrichtlinien.""",1
"""Sicherheitswarnung: Ihre E-Mail-Adresse jane.doe@example.com wurde in einer Datenpanne-offenbart. Bitte ändern Sie Ihr Passwort. Bitte beachten Sie unsere Datenschutzrichtlinien.""",1
"""Kundenfeedback: Vielen Dank für Ihre Rückmeldung, Herr David Meyer, E-Mail: david.meyer@example.com. Bitte beachten Sie unsere Datenschutzrichtlinien.""",1
"""Verlorene Geldbörse: Kontaktdaten - Frau Maria Schneider, Straße - 321 Elm Street, Stadt - 23456. Bitte beachten Sie unsere Datenschutzrichtlinien.""",1
"""Bankkontoänderung: Neue Bankverbindung - IBAN: DE12345678901234567890, BIC: BELADEBEXXX. Bitte beachten Sie unsere Datenschutzrichtlinien.""",1
"""Versicherungsbestätigung: Kunde - Michael Fischer, Versicherungsnummer: 123-456-7890. Bitte beachten Sie unsere Datenschutzrichtlinien.""",1
"""Online-Bestellung: Kunde - Eva Bauer, Lieferadresse - 654 Birch Road, 78901, E-Mail: eva.bauer@example.com. Bitte beachten Sie unsere Datenschutzrichtlinien.""",1
"""Kundenanfrage: Stornierung für Flug 1234567, Buchung unter john.doe@example.com. Bitte beachten Sie unsere Datenschutzrichtlinien.""",1
"""Neue Mitgliedschaft: Willkommen, Herr Friedrich Koch, Mitglied seit 01.01.2022, Mitgliedsnummer: 12345. Bitte beachten Sie unsere Datenschutzricht""",1
"""1. ""Bestätigung für Ihre Buchung: Abflug am 15.05., Flugnummer LH897, Name: Müller, Max""",1
"""2. ""Neue Kreditkarte eingetroffen: 1234-5678-9012-3456""",1
"""3. ""Hallo Max, Ihre Lieferung wird am 20.05. um 10:30 Uhr anliefern. Ad""",1
"""1. ""Dear John Doe, your order has been shipped to 123 Main Street, Anytown.""",1
"""2. ""Hi Jane Smith, can you please confirm your email address ends with @example.com?""",1
"""3. ""New customer alert! Phone number (123) 456-7890 added to our system.""",1
"""4. ""Urgent: Change your password immediately if you've used (487) 555-1234 as your security question answer!""",1
"""5. ""Your credit card ending in 1234 has been charged for the latest issue of TechMag.""",1
"""6. ""Meet our new employee, Alexander Müller, ID #A123456.""",1
"""7. ""Please update your address to 456 Oak Avenue, Cityville, 12345.""",1
"""8. ""Your flight is confirmed, passport number: 1234567890.""",1
"""9. ""Dear Sarah Johnson, your order #987654321 has been processed. Tracking: 1Z9987654321.""",1
"""10. ""Can you please verify your phone number as +1-987-654-3210?""",1
"""11. ""Your package is out for delivery, address: 789 Pine Road, Anytown, 12345.""",1
"""12. ""New login for john.doe@example.com, password: Abc123!""",1
"""13. ""Your card ending in 5678 has been charged for your monthly subscription.""",1
"""14. ""Welcome, Lisa! Your new account ID is LSMITH123.""",1
"""15. ""Please confirm your social security number: 123-45-6789.""",1
"""16. ""Your invoice is ready, total: $987.65, card ending in 1234.""",1
"""17. ""We regret to inform you that your account, john.doe@gmail.com, has been compromised.""",1
"""18. ""Please update your profile with the correct email: john.doe@example.org.""",1
"""19. ""Your new password is: P@ssw0rd123.""",1
"""20. ""Your order #123456 has been placed. Tracking: 1Z9123456789.""",1
"""21. ""Please confirm your phone number as 987-654-3210.""",1
"""22. ""Your package is on its way, address: 321 Elm Street, Anytown, 12345.""",1
"""23. ""New login for jane.doe@example.net, password: Qwe456!""",1
"""24. ""Your card ending in 2345 has been charged for your recent purchase.""",1
"""25. ""Welcome, Robert! Your new account ID is RROBINSON123.""",1
"""26. ""Please confirm your credit card number: 1234-5678-9012-3456.""",1
"""27. ""Your invoice is ready, total: €1234.56, card ending in 7890.""",1
"""28. ""We regret to inform you that your account, jane.doe@outlook.com, has been compromised.""",1
"""29. ""Please update your profile with the correct phone number: (123) 456-7890.""",1
"""30. ""Your new password is: Ghi789!""",1
"""31. ""Your order #654321 has been placed. Tracking: 1Z9654321098.""",1
"""32. ""Please confirm your email address as john.doe@gmail.com.""",1
"""33. ""Your package is on its way, address: 678 Birch Road, Anytown, 12345.""",1
"""34. ""New login for michael.johnson@example.info, password: Zxc123!""",1
"""35. ""Your card ending in 6789 has been charged for your monthly fee.""",1
"""36. ""Welcome, Emily! Your new account ID is EEMILY123.""",1
"""37. ""Please confirm your passport number: 9876543210.""",1
"""38. ""Your invoice is ready, total: £987.65, card ending in 0123.""",1
"""39. ""We regret to inform you that your account, michael.johnson@gmail.com, has been compromised.""",1
"""40. ""Please update your profile with the correct address: 987 Oak Avenue, Anytown, 12345.""",1
"""41. ""Your new password is: Yuiop123456.""",1
"""42. ""Your order #987654321 has been placed. Tracking: 1Z9987654321.""",1
"""43. ""Please confirm your phone number as 987-654-3210.""",1
"""44. ""Your package is on its way, address: 234 Cedar Road, Anytown, 12345.""",1
"""45. ""New login for laura.smith@example.org, password: Lkj1234567!""",1
"""46. ""Your card ending in 2345 has been charged for your recent purchase.""",1
"""47. ""Welcome, David! Your new account ID is DDAVIDSON123.""",1
"""48. ""Please confirm your social security number: 987-65-4321.""",1
"""49. ""Your invoice is ready, total: CHF1234.56, card ending in 8901.""",1
"""50. ""We regret to inform you that your account, laura.smith@hotmail.com, has been compromised.""",1
"""1. ""Sehr geehrter Herr Müller, Ihre Bestellung wurde an die Adresse Hauptstraße 10, 12345 Berlin gesendet.""",1
"""2. ""Hallo, mein Name ist Lisa Schmidt, rufen Sie mich bitte unter +49 (0) 176-12345678 an.""",1
"""3. ""Ihre Kreditkarte wurde erfolgreich belastet: **** **** **** 1234.""",1
"""4. ""Mein Passwort für das Online-Banking ist '123456', mein Kontonummer ist 123456789.""",1
"""5. ""Bitte senden Sie die Rechnung an meine Adresse: Musterstraße 1, 54321 Köln.""",1
"""6. ""Mein Freund hat meine E-Mail-Adresse als [lisa.schmidt@example.com](mailto:lisa.schmidt@example.com) in einem Online-Formular eingegeben.""",1
"""7. ""Mein Sozialversicherungsnummer lautet 1234567890.""",1
"""8. ""Ich habe meine Kreditkarte mit der Nummer 1234-5678-9012-3456 verloren.""",1
"""9. ""Mein Konto bei der Bank XYZ ist auf den Namen Max Mustermann mit der Kontonummer 123456789 registriert.""",1
"""10. ""Mein Flug nach New York ist gebucht unter dem Passagiernamen 'John Doe' mit der Buchungsnummer ABC123.""",1
"""11. ""Meine Adresse in den USA ist: 123 Main Street, New York, NY 10001.""",1
"""12. ""Mein neues Handy hat die IMEI-Nummer 3567890123456789.""",1
"""13. ""Mein Geburtsdatum ist 01.01.1990 und meine Adresse lautet Musterstraße 1, 12345 Berlin.""",1
"""14. ""Mein Führerschein ist unter der Nummer 123456789 ausgestellt.""",1
"""15. ""Mein Amazon-Konto ist mit der E-Mail-Adresse [max.mustermann@example.com](mailto:max.mustermann@example.com) verknüpft.""",1
"""16. ""Mein neues Auto hat das Kennzeichen B-CL 123.""",1
"""17. ""Mein Netflix-Konto ist mit der E-Mail-Adresse [john.doe@example.com](mailto:john.doe@example.com) verknüpft.""",1
"""18. ""Mein Google-Konto ist mit der E-Mail-Adresse [lisa.schmidt@example.com](mailto:lisa.schmidt@example.com) verknüpft.""",1
"""19. ""Mein PayPal-Konto ist mit der E-Mail-Adresse [max.mustermann@example.com](mailto:max.mustermann@example.com) verknüpft.""",1
"""20. ""Meine Kreditkarte endet auf 1234.""",1
"""21. ""Mein Konto bei der Sparkasse ist auf den Namen 'Max Mustermann' mit der Kontonummer 123456789 registriert.""",1
"""22. ""Mein neuer Laptop hat die Seriennummer 1234567890.""",1
"""23. ""Mein Passwort für das E-Mail-Konto [john.doe@example.com](mailto:john.doe@example.com) ist 'geheim123'.""",1
"""24. ""Mein neues Smartphone hat die IMEI-Nummer 3567890123456789.""",1
"""25. ""Mein Amazon-Konto ist mit der E-Mail-Adresse [lisa.schmidt@example.com](mailto:lisa.schmidt@example.com) verknüpft.""",1
"""26. ""Mein neues Auto hat das Kennzeichen B-CL 123.""",1
"""27. ""Mein Netflix-Konto ist mit der E-Mail-Adresse [max.mustermann@example.com](mailto:max.mustermann@example.com) verknüpft.""",1
"""28. ""Mein Google-Konto ist mit der E-Mail-Adresse [john.doe@example.com](mailto:john.doe@example.com) verknüpft.""",1
"""29. ""Mein PayPal-Konto ist mit der E-Mail-Adresse [lisa.schmidt@example.com](mailto:lisa.schmidt@example.com) verknüpft.""",1
"""30. ""Meine Kreditkarte endet auf 1234.""",1
"""31. ""Mein Konto bei der Sparkasse ist auf den Namen 'Lisa Schmidt' mit der Kontonummer 987654321 registriert.""",1
"""32. ""Mein neuer Laptop hat die Seriennummer 9876543210.""",1
"""33. ""Mein Passwort für das E-Mail-Konto [max.mustermann@example.com](mailto:max.mustermann@example.com) ist 'geheim123'.""",1
"""34. ""Mein neues Smartphone hat die IMEI-Nummer 0987654321.""",1
"""35. ""Mein Amazon-Konto ist mit der E-Mail-Adresse [john.doe@example.com](mailto:john.doe@example.com) verknüpft.""",1
"""36. ""Mein neues Auto hat das Kennzeichen C-DE 987.""",1
"""37. ""Mein Netflix-Konto ist mit der E-Mail-Adresse [lisa.schmidt@example.com](mailto:lisa.schmidt@example.com) verknüpft.""",1
"""38. ""Mein Google-Konto ist mit der E-Mail-Adresse [max.mustermann@example.com](mailto:max.mustermann@example.com) verknüpft.""",1
"""39. ""Mein PayPal-Konto ist mit der E-Mail-Adresse [john.doe@example.com](mailto:john.doe@example.com) verknüpft.""",1
"""40. ""Meine Kreditkarte endet auf 4321.""",1
"""41. ""Mein Konto bei der Commerzbank ist auf den Namen 'Max Mustermann' mit der Kontonummer 123456789 registriert.""",1
"""42. ""Mein neuer Laptop hat die Seriennummer 9876543210.""",1
"""43. ""Mein Passwort für das E-Mail-Konto [lisa.schmidt@example.com](mailto:lisa.schmidt@example.com) ist 'geheim123'.""",1
"""44. ""Mein neues Smartphone hat die IMEI-Nummer 3567890123456789.""",1
"""45. ""Mein Amazon-Konto ist mit der E-Mail-Adresse [john.doe@example.com](mailto:john.doe@example.com) verknüpft.""",1
"""46. ""Mein neues Auto hat das Kennzeichen C-DE 987.""",1
"""47. ""Mein Netflix-Konto ist mit der E-Mail-Adresse [lisa.schmidt@example.com](mailto:lisa.schmidt@example.com) verknüpft.""",1
"""48. ""Mein Google-Konto ist mit der E-Mail-Adresse [max.mustermann@example.com](mailto:max.mustermann@example.com) verknüpft.""",1
"""49. ""Mein PayPal-Konto ist mit der E-Mail-Adresse [john.doe@example.com](mailto:john.doe@example.com) verknüpft.""",1
"""50. ""Meine Kreditkarte endet auf 4321.""",1
"""1. ""Lieferung an: Max Mustermann, Musterstraße 12, 12345 Musterstadt""",1
"""2. ""Kontakt: jane.doe@example.com oder +49 123 456 7890""",1
"""3. ""Ihrem Konto wurde eine neue Kreditkarte mit der Nummer 1234-5678-9012-3456 zugeordnet.""",1
"""4. ""Bitte beachten Sie Ihre neue Social Security Number: 123-45-6789""",1
"""5. ""Meine Passnummer ist D12345678.""",1
"""6. ""Problem mit der Bestellung #123456 - Bitte um Kontaktaufnahme.""",1
"""7. ""Kundenkonto-ID: 1234567890 - Bitte für alle Anfragen verwenden.""",1
"""8. ""Neues Passwort für den Account johnsmith@email.com - Neues Passwort: P@ssw0rd!""",1
"""9. ""Ihre Rechnung для 123.45 € ist fällig. Bezahlen Sie per Kreditkarte (1234-5678-9012-3456).""",1
"""10. ""Bitte ändern Sie Ihre Adresse: von '123 Anywhere St, Anytown' zu '456 Elsewhere Ave, Othertown'.""",1
"""11. ""Ich habe meine Kreditkarte (Endnummer 3456) nicht erhalten. Bitte helfen Sie mir.""",1
"""12. ""Mein Konto ist gehackt worden! Email: hackeduser123@gmail.com, Passwort: hacked!""",1
"""13. ""Ihrem Konto wurde eine neue Bankverbindung zugewiesen: IBAN DE89 3704 0044 0532 0130 00, BIC COBADEBBXXX.""",1
"""14. ""Bitte senden Sie alle Dokumente an die Adresse: 42 Wall Street, New York, NY 10005, USA.""",1
"""15. ""Mein Telefon: (123) 456-7890 ist gestohlen worden. Bitte sperren Sie meine SIM-Karte.""",1
"""16. ""Meine Kreditkarte wurde gestohlen. Die Nummer ist 1234 5678 9012 3456.""",1
"""17. ""Ich habe eine E-Mail von jemanden mit der Adresse john.doe@payme.com bekommen. Sie sagen, ich muss 100 € bezahlen.""",1
"""18. ""Meine neue Adresse ist 123 Anywhere St, Anytown, USA 12345.""",1
"""19. ""Ich habe mein Passwort für den Account jane.doe@example.com vergessen. Bitte helfen Sie mir.""",1
"""20. ""Ihren Kontoauszug können Sie hier herunterladen: https://www.example.com/1234567890.pdf""",1
"""21. ""Wir haben Ihre Bestellung #123456 erhalten. Ihr Lieferdatum ist der 20.05.2022.""",1
"""22. ""Bitte ändern Sie Ihre Kreditkartennummer auf 1234-5678-9012-3456.""",1
"""23. ""Ich habe meine Social Security Number verloren. Meine Nummer war 123-45-6789.""",1
"""24. ""Ihre neue Kreditkarte wird an die Adresse 1234 Street, City, Country 12345 zugestellt.""",1
"""25. ""Bitte senden Sie Ihre Dokumente an: Max Mustermann, Musterstraße 12, 12345 Musterstadt, Deutschland.""",1
"""26. ""Ich habe meinen Ausweis mit der Nummer D12345678 verloren. Bitte helfen Sie mir.""",1
"""27. ""Kundenkonto-ID: 1234567890 - Bitte für alle Anfragen verwenden. Ihr Passwort ist 'secret123'.""",1
"""28. ""Ihre neue Bankverbindung: IBAN DE89 3704 0044 0532 0130 00, BIC COBADEBBXXX. Bitte aktualisieren Sie Ihre Zahlungsinformationen.""",1
"""29. ""Ich habe meine Kreditkarte (Endnummer 3456) gestern verloren. Bitte sperren Sie sie.""",1
"""30. ""Mein Konto wurde gehackt! Email: hackeduser123@gmail.com, Passwort: hacked!""",1
"""31. ""Bitte ändern Sie Ihre E-Mail-Adresse von jane.doe@example.com zu jane_new@example.com.""",1
"""32. ""Mein Konto-ID ist 1234567890. Ich habe Probleme mit meinem Login.""",1
"""33. ""Ihre neue Passnummer ist D12345678. Bitte aktualisieren Sie Ihre persönlichen Informationen.""",1
"""34. ""Ich habe meine Kreditkarte (1234 5678 9012 3456) gestern verloren. Bitte sperren Sie sie.""",1
"""35. ""Bitte ändern Sie Ihre Adresse von '123 Anywhere St, Anytown' zu '456 Elsewhere Ave, Othertown'.""",1
"""36. ""Ich habe meine Social Security Number (123-45-6789) verloren. Bitte helfen Sie mir.""",1
"""37. ""Mein Konto-ID ist 1234567890. Ich habe Probleme mit meinem Login. Mein Passwort ist 'secret123'.""",1
"""38. ""Kontaktieren Sie uns unter support@examole.com oder +49 123 456 7890 für alle Support-Anfragen.""",1
"""39. ""Ich habe meine Kreditkarte (Endnummer 3456) gestern verloren. Bitte helfen Sie mir.""",1
"""40. ""Ihre Rechnung für 123.45 € ist fällig. Bezahlen Sie per Kreditkarte (1234-5678-9012-3456).""",1
"""41. ""Bitte aktualisieren Sie Ihre persönlichen Informationen: Name: Max Mustermann, Adresse: Musterstraße 12, 12345 Musterstadt.""",1
"""42. ""Mein Konto wurde gehackt! Email: hackeduser123@gmail.com, Passwort: hacked!""",1
"""43. ""Ihre neue Kreditkarte wird an die Adresse 1234 Street, City, Country 12345 zugestellt. Bitte beachten Sie die neuen Sicherheitsinformationen.""",1
"""44. ""Ich habe mein Passwort für den Account john.doe@example.com vergessen. Bitte helfen Sie mir.""",1
"""45. ""Bitte ändern Sie Ihre E-Mail-Adresse von jane.doe@example.com zu jane_new@example.com.""",1
"""46. ""Ihren Kontoauszug können Sie hier herunterladen: https://www.example.com/1234567890.pdf. Ihr Passwort ist 'secret123'.""",1
"""47. ""Mein Konto-ID ist 1234567890. Ich habe Probleme mit meinem Login. Mein Passwort ist 'secret123'.""",1
"""48. ""Ich habe meine Kreditkarte (1234 5678 9012 3456) gestern verloren. Bitte helfen Sie mir.""",1
"""49. ""Kontaktieren Sie uns unter support@examole.com oder +49 123 456 7890 für alle Support-Anfragen. Ihr Passwort ist 'secret123'.""",1
"""50. ""Ihre neue Passnummer ist D12345678. Bitte aktualisieren Sie Ihre persönlichen Informationen auf der Website oder in der App.""",1
""". ""Sehr geehrter Herr Müller, Ihre Bestellung wurde an die Adresse Hauptstraße 10, 12345 Berlin gesendet.""",1
"""2. ""Hallo, mein Name ist Lisa Schmidt, rufen Sie mich bitte unter +49 (0) 176-12345678 an.""",1
"""3. ""Ihre Kreditkarte wurde erfolgreich belastet: **** **** **** 1234.""",1
"""4. ""Mein Passwort für das Online-Banking ist '123456', mein Kontonummer ist 123456789.""",1
"""5. ""Bitte senden Sie die Rechnung an meine Adresse: Musterstraße 1, 54321 Köln.""",1
"""6. ""Mein Freund hat meine E-Mail-Adresse als [lisa.schmidt@example.com](mailto:lisa.schmidt@example.com) in einem Online-Formular eingegeben.""",1
"""7. ""Mein Sozialversicherungsnummer lautet 1234567890.""",1
"""8. ""Ich habe meine Kreditkarte mit der Nummer 1234-5678-9012-3456 verloren.""",1
"""9. ""Mein Konto bei der Bank XYZ ist auf den Namen Max Mustermann mit der Kontonummer 123456789 registriert.""",1
"""10. ""Mein Flug nach New York ist gebucht unter dem Passagiernamen 'John Doe' mit der Buchungsnummer ABC123.""",1
"""11. ""Meine Adresse in den USA ist: 123 Main Street, New York, NY 10001.""",1
"""12. ""Mein neues Handy hat die IMEI-Nummer 3567890123456789.""",1
"""13. ""Mein Geburtsdatum ist 01.01.1990 und meine Adresse lautet Musterstraße 1, 12345 Berlin.""",1
"""14. ""Mein Führerschein ist unter der Nummer 123456789 ausgestellt.""",1
"""15. ""Mein Amazon-Konto ist mit der E-Mail-Adresse [max.mustermann@example.com](mailto:max.mustermann@example.com) verknüpft.""",1
"""16. ""Mein neues Auto hat das Kennzeichen B-CL 123.""",1
"""17. ""Mein Netflix-Konto ist mit der E-Mail-Adresse [john.doe@example.com](mailto:john.doe@example.com) verknüpft.""",1
"""18. ""Mein Google-Konto ist mit der E-Mail-Adresse [lisa.schmidt@example.com](mailto:lisa.schmidt@example.com) verknüpft.""",1
"""19. ""Mein PayPal-Konto ist mit der E-Mail-Adresse [max.mustermann@example.com](mailto:max.mustermann@example.com) verknüpft.""",1
"""20. ""Meine Kreditkarte endet auf 1234.""",1
"""21. ""Mein Konto bei der Sparkasse ist auf den Namen 'Max Mustermann' mit der Kontonummer 123456789 registriert.""",1
"""22. ""Mein neuer Laptop hat die Seriennummer 1234567890.""",1
"""23. ""Mein Passwort für das E-Mail-Konto [john.doe@example.com](mailto:john.doe@example.com) ist 'geheim123'.""",1
"""24. ""Mein neues Smartphone hat die IMEI-Nummer 3567890123456789.""",1
"""25. ""Mein Amazon-Konto ist mit der E-Mail-Adresse [lisa.schmidt@example.com](mailto:lisa.schmidt@example.com) verknüpft.""",1
"""26. ""Mein neues Auto hat das Kennzeichen B-CL 123.""",1
"""27. ""Mein Netflix-Konto ist mit der E-Mail-Adresse [max.mustermann@example.com](mailto:max.mustermann@example.com) verknüpft.""",1
"""28. ""Mein Google-Konto ist mit der E-Mail-Adresse [john.doe@example.com](mailto:john.doe@example.com) verknüpft.""",1
"""29. ""Mein PayPal-Konto ist mit der E-Mail-Adresse [lisa.schmidt@example.com](mailto:lisa.schmidt@example.com) verknüpft.""",1
"""30. ""Meine Kreditkarte endet auf 1234.""",1
"""31. ""Mein Konto bei der Sparkasse ist auf den Namen 'Lisa Schmidt' mit der Kontonummer 987654321 registriert.""",1
"""32. ""Mein neuer Laptop hat die Seriennummer 9876543210.""",1
"""33. ""Mein Passwort für das E-Mail-Konto [max.mustermann@example.com](mailto:max.mustermann@example.com) ist 'geheim123'.""",1
"""34. ""Mein neues Smartphone hat die IMEI-Nummer 0987654321.""",1
"""35. ""Mein Amazon-Konto ist mit der E-Mail-Adresse [john.doe@example.com](mailto:john.doe@example.com) verknüpft.""",1
"""36. ""Mein neues Auto hat das Kennzeichen C-DE 987.""",1
"""37. ""Mein Netflix-Konto ist mit der E-Mail-Adresse [lisa.schmidt@example.com](mailto:lisa.schmidt@example.com) verknüpft.""",1
"""38. ""Mein Google-Konto ist mit der E-Mail-Adresse [max.mustermann@example.com](mailto:max.mustermann@example.com) verknüpft.""",1
"""39. ""Mein PayPal-Konto ist mit der E-Mail-Adresse [john.doe@example.com](mailto:john.doe@example.com) verknüpft.""",1
"""40. ""Meine Kreditkarte endet auf 4321.""",1
"""41. ""Mein Konto bei der Commerzbank ist auf den Namen 'Max Mustermann' mit der Kontonummer 123456789 registriert.""",1
"""42. ""Mein neuer Laptop hat die Seriennummer 9876543210.""",1
"""43. ""Mein Passwort für das E-Mail-Konto [lisa.schmidt@example.com](mailto:lisa.schmidt@example.com) ist 'geheim123'.""",1
"""44. ""Mein neues Smartphone hat die IMEI-Nummer 3567890123456789.""",1
"""45. ""Mein Amazon-Konto ist mit der E-Mail-Adresse [john.doe@example.com](mailto:john.doe@example.com) verknüpft.""",1
"""46. ""Mein neues Auto hat das Kennzeichen C-DE 987.""",1
"""47. ""Mein Netflix-Konto ist mit der E-Mail-Adresse [lisa.schmidt@example.com](mailto:lisa.schmidt@example.com) verknüpft.""",1
"""48. ""Mein Google-Konto ist mit der E-Mail-Adresse [max.mustermann@example.com](mailto:max.mustermann@example.com) verknüpft.""",1
"""49. ""Mein PayPal-Konto ist mit der E-Mail-Adresse [john.doe@example.com](mailto:john.doe@example.com) verknüpft.""",1
"""50. ""Meine Kreditkarte endet auf 4321.""",1
"""Neue Kreditkarte eingetroffen: 1234-5678-9012-3456""",1
"""Bestellbestätigung für Max Mustermann, Lieferadresse: Musterstraße 123, 12345 Musterstadt""",1
"""Kundensupport-Ticket von john.doe@example.com: 'Mein Passwort für das Konto 1234567890 ist nicht mehr gültig'""",1
"""Instagram-Post: 'Feierabendbier mit meinen Freunden @johndoe123 und @janedoe456'""",1
"""Rechnung: 500€ für Reparatur am 123 Main Street, Kreditkartennummer: 1111-2222-3333-4444""",1
"""E-Mail von hackergroup@xyz.com: 'Ihrem Konto wurde eine neue Social Security Number zugewiesen: 123-45-6789'""",1
"""Online-Formular: E-Mail-Adresse jane.doe@gmail.com, Telefonnummer +49 (0) 123 456 7890""",1
"""UPS-Tracking-Nummer: 1Z999999999DE, Sendungsempfänger: 1234567890, Musterstraße 123""",1
"""WhatsApp-Nachricht: 'Kannst du mir 50€ auf die Visa-Karte ending in 3456 überweisen?'""",1
"""Anruf von 0151-12345678: 'Hier ist der Gewinn-Service, Ihre Gewinne belaufen sich auf 5000€'""",1
"""Bank statement: Lastschrift von 123.45 €, Kontoinhaber: Mustermann, Max, IBAN: DE89 3702 0500 0004 7777 00""",1
"""Amazon Bestellung: 1 Item, Bezahlt mit 4111 1111 1111 1111, Lieferadresse: 456 Oak Street, 12345 Oakville""",1
"""Bahn-Ticket: Reservierung für John Doe, Platznummer: 12C, Abfahrt: 12.03.2023, 08:00 Uhr""",1
"""E-Mail von support@musterbank.de: 'Neue PIN für Ihre Kreditkarte: 1234'""",1
"""Facebook-Post: 'Ich hab gestern meine neue Adresse in Berlin bekommen: Musterstraße 456, 10115 Berlin'""",1
"""E-Mail von info@musterfirma.de: 'Ihre Bestellung mit der Bestellnummer 1234567890 ist angekommen'""",1
"""PayPal-Bestätigung: Zahlung von 100€ an max.mustermann@gmail.com, Transaktions-ID: 1234567890""",1
"""Online-Formular: Geburtsdatum: 01.01.1990, Passwort: P@ssw0rd123""",1
"""Twitter-Nachricht: 'Meeting mit @johndoe123 und @janedoe456 nächste Woche, Adresse: 789 Elm Street'""",1
"""E-Mail von hacked@xyz.com: 'Ihre E-Mail-Adresse und Passwort wurden gestohlen: jane.doe@gmail.com, P@ssw0rd'""",1
"""Online-Formular: Anrede: Herr, Vorname: Max, Nachname: Mustermann, Straße: Musterstraße 123, PLZ: 12345""",1
"""Anruf von 030-12345678: 'Hier ist die Polizei, Ihre Kreditkarte wurde gestohlen, geben Sie uns die Nummer: 1111-2222-3333-4444'""",1
"""E-Mail von phishing@xyz.com: 'Ihrem Konto wurde eine neue Social Security Number zugewiesen: 123-45-6789, klicken Sie hier, um es zu aktualisieren'""",1
"""Online-Formular: Kreditkartennummer: 9999-9999-9999-9999, Ablaufdatum: 12/25, CVV: 123""",1
"""E-Mail von support@musterfirma.de: 'Ihre Reparatur ist abgeschlossen, bitte bezahlen Sie 500€ auf das Konto DE89 3702 0000 0000 0000'""",1
"""WhatsApp-Nachricht: 'Hab meine Kreditkarte verloren, neue: 1111 2222 3333 4444'""",1
"""Amazon Bestellung: 1 Item, Bezahlt mit 4111111111111111, Lieferadresse: 789 Pine Street, 12345 Pineville""",1
"""Bahn-Ticket: Reservierung für Jane Doe, Platznummer: 34A, Abfahrt: 12.03.2023, 12:00 Uhr""",1
"""E-Mail von support@musterbank.de: 'Ihre neue Kreditkarte wird am 15.03.2023 versendet, Bestellnummer: 1234567890'""",1
"""Facebook-Post: 'Ich hab mein Passwort für Facebook vergessen, kann mir jemand helfen? jane.doe@gmail.com'""",1
"""E-Mail von info@musterfirma.de: 'Ihre Rechnung ist jetzt verfügbar, bitte bezahlen Sie 123.45 € auf das Konto DE89 3702 0000 0000 0000'""",1
"""PayPal-Bestätigung: Zahlung von 200€ an max.mustermann@web.de, Transaktions-ID: 9876543210""",1
"""Online-Formular: Geburtsdatum: 01.01.1990, Passwort: Secr3tP@ss""",1
"""Twitter-Nachricht: 'Meeting mit @johndoe123 und @janedoe456 nächste Woche, Adresse: 789 Elm Street, Oakville'""",1
"""E-Mail von hacked@xyz.com: 'Ihre E-Mail-Adresse und Passwort wurden gestohlen: john.doe@example.com, P@ssw0rd123'""",1
"""Online-Formular: Anrede: Frau, Vorname: Jane, Nachname: Doe, Straße: Oak Street 789, PLZ: 12345""",1
"""Anruf von 0157-12345678: 'Hier ist der Gewinn-Service, Ihre Gewinne belaufen sich auf 1000€, geben Sie Ihre Kreditkartennummer ein: 1111-2222-3333-4444'""",1
"""E-Mail von support@musterfirma.de: 'Ihre Bestellung ist angekommen, bitte bezahlen Sie 50€ auf das Konto DE89 3702 0000 0000 0000'""",1
"""WhatsApp-Nachricht: 'Kannst du mir 100€ auf die Kreditkarte ending in 1234 überweisen?'""",1
""". ""Sehr geehrter Herr Müller, Ihre Bestellung wurde an die Adresse Hauptstraße 10, 12345 Berlin gesendet.""",1
"""2. ""Hallo, mein Name ist Lisa Schmidt, rufen Sie mich bitte unter +49 (0) 176-12345678 an.""",1
"""3. ""Ihre Kreditkarte wurde erfolgreich belastet: **** **** **** 1234.""",1
"""4. ""Mein Passwort für das Online-Banking ist '123456', mein Kontonummer ist 123456789.""",1
"""5. ""Bitte senden Sie die Rechnung an meine Adresse: Musterstraße 1, 54321 Köln.""",1
"""6. ""Mein Freund hat meine E-Mail-Adresse als [lisa.schmidt@example.com](mailto:lisa.schmidt@example.com) in einem Online-Formular eingegeben.""",1
"""7. ""Mein Sozialversicherungsnummer lautet 1234567890.""",1
"""8. ""Ich habe meine Kreditkarte mit der Nummer 1234-5678-9012-3456 verloren.""",1
"""9. ""Mein Konto bei der Bank XYZ ist auf den Namen Max Mustermann mit der Kontonummer 123456789 registriert.""",1
"""10. ""Mein Flug nach New York ist gebucht unter dem Passagiernamen 'John Doe' mit der Buchungsnummer ABC123.""",1
"""11. ""Meine Adresse in den USA ist: 123 Main Street, New York, NY 10001.""",1
"""12. ""Mein neues Handy hat die IMEI-Nummer 3567890123456789.""",1
"""13. ""Mein Geburtsdatum ist 01.01.1990 und meine Adresse lautet Musterstraße 1, 12345 Berlin.""",1
"""14. ""Mein Führerschein ist unter der Nummer 123456789 ausgestellt.""",1
"""15. ""Mein Amazon-Konto ist mit der E-Mail-Adresse [max.mustermann@example.com](mailto:max.mustermann@example.com) verknüpft.""",1
"""16. ""Mein neues Auto hat das Kennzeichen B-CL 123.""",1
"""17. ""Mein Netflix-Konto ist mit der E-Mail-Adresse [john.doe@example.com](mailto:john.doe@example.com) verknüpft.""",1
"""18. ""Mein Google-Konto ist mit der E-Mail-Adresse [lisa.schmidt@example.com](mailto:lisa.schmidt@example.com) verknüpft.""",1
"""19. ""Mein PayPal-Konto ist mit der E-Mail-Adresse [max.mustermann@example.com](mailto:max.mustermann@example.com) verknüpft.""",1
"""20. ""Meine Kreditkarte endet auf 1234.""",1
"""21. ""Mein Konto bei der Sparkasse ist auf den Namen 'Max Mustermann' mit der Kontonummer 123456789 registriert.""",1
"""22. ""Mein neuer Laptop hat die Seriennummer 1234567890.""",1
"""23. ""Mein Passwort für das E-Mail-Konto [john.doe@example.com](mailto:john.doe@example.com) ist 'geheim123'.""",1
"""24. ""Mein neues Smartphone hat die IMEI-Nummer 3567890123456789.""",1
"""25. ""Mein Amazon-Konto ist mit der E-Mail-Adresse [lisa.schmidt@example.com](mailto:lisa.schmidt@example.com) verknüpft.""",1
"""26. ""Mein neues Auto hat das Kennzeichen B-CL 123.""",1
"""27. ""Mein Netflix-Konto ist mit der E-Mail-Adresse [max.mustermann@example.com](mailto:max.mustermann@example.com) verknüpft.""",1
"""28. ""Mein Google-Konto ist mit der E-Mail-Adresse [john.doe@example.com](mailto:john.doe@example.com) verknüpft.""",1
"""29. ""Mein PayPal-Konto ist mit der E-Mail-Adresse [lisa.schmidt@example.com](mailto:lisa.schmidt@example.com) verknüpft.""",1
"""30. ""Meine Kreditkarte endet auf 1234.""",1
"""31. ""Mein Konto bei der Sparkasse ist auf den Namen 'Lisa Schmidt' mit der Kontonummer 987654321 registriert.""",1
"""32. ""Mein neuer Laptop hat die Seriennummer 9876543210.""",1
"""33. ""Mein Passwort für das E-Mail-Konto [max.mustermann@example.com](mailto:max.mustermann@example.com) ist 'geheim123'.""",1
"""34. ""Mein neues Smartphone hat die IMEI-Nummer 0987654321.""",1
"""35. ""Mein Amazon-Konto ist mit der E-Mail-Adresse [john.doe@example.com](mailto:john.doe@example.com) verknüpft.""",1
"""36. ""Mein neues Auto hat das Kennzeichen C-DE 987.""",1
"""37. ""Mein Netflix-Konto ist mit der E-Mail-Adresse [lisa.schmidt@example.com](mailto:lisa.schmidt@example.com) verknüpft.""",1
"""38. ""Mein Google-Konto ist mit der E-Mail-Adresse [max.mustermann@example.com](mailto:max.mustermann@example.com) verknüpft.""",1
"""39. ""Mein PayPal-Konto ist mit der E-Mail-Adresse [john.doe@example.com](mailto:john.doe@example.com) verknüpft.""",1
"""40. ""Meine Kreditkarte endet auf 4321.""",1
"""41. ""Mein Konto bei der Commerzbank ist auf den Namen 'Max Mustermann' mit der Kontonummer 123456789 registriert.""",1
"""42. ""Mein neuer Laptop hat die Seriennummer 9876543210.""",1
"""43. ""Mein Passwort für das E-Mail-Konto [lisa.schmidt@example.com](mailto:lisa.schmidt@example.com) ist 'geheim123'.""",1
"""44. ""Mein neues Smartphone hat die IMEI-Nummer 3567890123456789.""",1
"""45. ""Mein Amazon-Konto ist mit der E-Mail-Adresse [john.doe@example.com](mailto:john.doe@example.com) verknüpft.""",1
"""46. ""Mein neues Auto hat das Kennzeichen C-DE 987.""",1
"""47. ""Mein Netflix-Konto ist mit der E-Mail-Adresse [lisa.schmidt@example.com](mailto:lisa.schmidt@example.com) verknüpft.""",1
"""48. ""Mein Google-Konto ist mit der E-Mail-Adresse [max.mustermann@example.com](mailto:max.mustermann@example.com) verknüpft.""",1
"""49. ""Mein PayPal-Konto ist mit der E-Mail-Adresse [john.doe@example.com](mailto:john.doe@example.com) verknüpft.""",1
"""50. ""Meine Kreditkarte endet auf 4321.""",1
""". ""Sehr geehrter Herr Müller, Ihre Bestellung wurde an die Adresse Hauptstraße 10, 12345 Berlin gesendet.""",1
"""2. ""Hallo, mein Name ist Lisa Schmidt, rufen Sie mich bitte unter +49 (0) 176-12345678 an.""",1
"""3. ""Ihre Kreditkarte wurde erfolgreich belastet: **** **** **** 1234.""",1
"""4. ""Mein Passwort für das Online-Banking ist '123456', mein Kontonummer ist 123456789.""",1
"""5. ""Bitte senden Sie die Rechnung an meine Adresse: Musterstraße 1, 54321 Köln.""",1
"""6. ""Mein Freund hat meine E-Mail-Adresse als [lisa.schmidt@example.com](mailto:lisa.schmidt@example.com) in einem Online-Formular eingegeben.""",1
"""7. ""Mein Sozialversicherungsnummer lautet 1234567890.""",1
"""8. ""Ich habe meine Kreditkarte mit der Nummer 1234-5678-9012-3456 verloren.""",1
"""9. ""Mein Konto bei der Bank XYZ ist auf den Namen Max Mustermann mit der Kontonummer 123456789 registriert.""",1
"""10. ""Mein Flug nach New York ist gebucht unter dem Passagiernamen 'John Doe' mit der Buchungsnummer ABC123.""",1
"""11. ""Meine Adresse in den USA ist: 123 Main Street, New York, NY 10001.""",1
"""12. ""Mein neues Handy hat die IMEI-Nummer 3567890123456789.""",1
"""13. ""Mein Geburtsdatum ist 01.01.1990 und meine Adresse lautet Musterstraße 1, 12345 Berlin.""",1
"""14. ""Mein Führerschein ist unter der Nummer 123456789 ausgestellt.""",1
"""15. ""Mein Amazon-Konto ist mit der E-Mail-Adresse [max.mustermann@example.com](mailto:max.mustermann@example.com) verknüpft.""",1
"""16. ""Mein neues Auto hat das Kennzeichen B-CL 123.""",1
"""17. ""Mein Netflix-Konto ist mit der E-Mail-Adresse [john.doe@example.com](mailto:john.doe@example.com) verknüpft.""",1
"""18. ""Mein Google-Konto ist mit der E-Mail-Adresse [lisa.schmidt@example.com](mailto:lisa.schmidt@example.com) verknüpft.""",1
"""19. ""Mein PayPal-Konto ist mit der E-Mail-Adresse [max.mustermann@example.com](mailto:max.mustermann@example.com) verknüpft.""",1
"""20. ""Meine Kreditkarte endet auf 1234.""",1
"""21. ""Mein Konto bei der Sparkasse ist auf den Namen 'Max Mustermann' mit der Kontonummer 123456789 registriert.""",1
"""22. ""Mein neuer Laptop hat die Seriennummer 1234567890.""",1
"""23. ""Mein Passwort für das E-Mail-Konto [john.doe@example.com](mailto:john.doe@example.com) ist 'geheim123'.""",1
"""24. ""Mein neues Smartphone hat die IMEI-Nummer 3567890123456789.""",1
"""25. ""Mein Amazon-Konto ist mit der E-Mail-Adresse [lisa.schmidt@example.com](mailto:lisa.schmidt@example.com) verknüpft.""",1
"""26. ""Mein neues Auto hat das Kennzeichen B-CL 123.""",1
"""27. ""Mein Netflix-Konto ist mit der E-Mail-Adresse [max.mustermann@example.com](mailto:max.mustermann@example.com) verknüpft.""",1
"""28. ""Mein Google-Konto ist mit der E-Mail-Adresse [john.doe@example.com](mailto:john.doe@example.com) verknüpft.""",1
"""29. ""Mein PayPal-Konto ist mit der E-Mail-Adresse [lisa.schmidt@example.com](mailto:lisa.schmidt@example.com) verknüpft.""",1
"""30. ""Meine Kreditkarte endet auf 1234.""",1
"""31. ""Mein Konto bei der Sparkasse ist auf den Namen 'Lisa Schmidt' mit der Kontonummer 987654321 registriert.""",1
"""32. ""Mein neuer Laptop hat die Seriennummer 9876543210.""",1
"""33. ""Mein Passwort für das E-Mail-Konto [max.mustermann@example.com](mailto:max.mustermann@example.com) ist 'geheim123'.""",1
"""34. ""Mein neues Smartphone hat die IMEI-Nummer 0987654321.""",1
"""35. ""Mein Amazon-Konto ist mit der E-Mail-Adresse [john.doe@example.com](mailto:john.doe@example.com) verknüpft.""",1
"""36. ""Mein neues Auto hat das Kennzeichen C-DE 987.""",1
"""37. ""Mein Netflix-Konto ist mit der E-Mail-Adresse [lisa.schmidt@example.com](mailto:lisa.schmidt@example.com) verknüpft.""",1
"""38. ""Mein Google-Konto ist mit der E-Mail-Adresse [max.mustermann@example.com](mailto:max.mustermann@example.com) verknüpft.""",1
"""39. ""Mein PayPal-Konto ist mit der E-Mail-Adresse [john.doe@example.com](mailto:john.doe@example.com) verknüpft.""",1
"""40. ""Meine Kreditkarte endet auf 4321.""",1
"""41. ""Mein Konto bei der Commerzbank ist auf den Namen 'Max Mustermann' mit der Kontonummer 123456789 registriert.""",1
"""42. ""Mein neuer Laptop hat die Seriennummer 9876543210.""",1
"""43. ""Mein Passwort für das E-Mail-Konto [lisa.schmidt@example.com](mailto:lisa.schmidt@example.com) ist 'geheim123'.""",1
"""44. ""Mein neues Smartphone hat die IMEI-Nummer 3567890123456789.""",1
"""45. ""Mein Amazon-Konto ist mit der E-Mail-Adresse [john.doe@example.com](mailto:john.doe@example.com) verknüpft.""",1
"""46. ""Mein neues Auto hat das Kennzeichen C-DE 987.""",1
"""47. ""Mein Netflix-Konto ist mit der E-Mail-Adresse [lisa.schmidt@example.com](mailto:lisa.schmidt@example.com) verknüpft.""",1
"""48. ""Mein Google-Konto ist mit der E-Mail-Adresse [max.mustermann@example.com](mailto:max.mustermann@example.com) verknüpft.""",1
"""49. ""Mein PayPal-Konto ist mit der E-Mail-Adresse [john.doe@example.com](mailto:john.doe@example.com) verknüpft.""",1
"""50. ""Meine Kreditkarte endet auf 4321.""",1
""". ""Sehr geehrter Herr Müller, Ihre Bestellung wurde an die Adresse Hauptstraße 10, 12345 Berlin gesendet.""",1
"""2. ""Hallo, mein Name ist Lisa Schmidt, rufen Sie mich bitte unter +49 (0) 176-12345678 an.""",1
"""3. ""Ihre Kreditkarte wurde erfolgreich belastet: **** **** **** 1234.""",1
"""4. ""Mein Passwort für das Online-Banking ist '123456', mein Kontonummer ist 123456789.""",1
"""5. ""Bitte senden Sie die Rechnung an meine Adresse: Musterstraße 1, 54321 Köln.""",1
"""6. ""Mein Freund hat meine E-Mail-Adresse als [lisa.schmidt@example.com](mailto:lisa.schmidt@example.com) in einem Online-Formular eingegeben.""",1
"""7. ""Mein Sozialversicherungsnummer lautet 1234567890.""",1
"""8. ""Ich habe meine Kreditkarte mit der Nummer 1234-5678-9012-3456 verloren.""",1
"""9. ""Mein Konto bei der Bank XYZ ist auf den Namen Max Mustermann mit der Kontonummer 123456789 registriert.""",1
"""10. ""Mein Flug nach New York ist gebucht unter dem Passagiernamen 'John Doe' mit der Buchungsnummer ABC123.""",1
"""11. ""Meine Adresse in den USA ist: 123 Main Street, New York, NY 10001.""",1
"""12. ""Mein neues Handy hat die IMEI-Nummer 3567890123456789.""",1
"""13. ""Mein Geburtsdatum ist 01.01.1990 und meine Adresse lautet Musterstraße 1, 12345 Berlin.""",1
"""14. ""Mein Führerschein ist unter der Nummer 123456789 ausgestellt.""",1
"""15. ""Mein Amazon-Konto ist mit der E-Mail-Adresse [max.mustermann@example.com](mailto:max.mustermann@example.com) verknüpft.""",1
"""16. ""Mein neues Auto hat das Kennzeichen B-CL 123.""",1
"""17. ""Mein Netflix-Konto ist mit der E-Mail-Adresse [john.doe@example.com](mailto:john.doe@example.com) verknüpft.""",1
"""18. ""Mein Google-Konto ist mit der E-Mail-Adresse [lisa.schmidt@example.com](mailto:lisa.schmidt@example.com) verknüpft.""",1
"""19. ""Mein PayPal-Konto ist mit der E-Mail-Adresse [max.mustermann@example.com](mailto:max.mustermann@example.com) verknüpft.""",1
"""20. ""Meine Kreditkarte endet auf 1234.""",1
"""21. ""Mein Konto bei der Sparkasse ist auf den Namen 'Max Mustermann' mit der Kontonummer 123456789 registriert.""",1
"""22. ""Mein neuer Laptop hat die Seriennummer 1234567890.""",1
"""23. ""Mein Passwort für das E-Mail-Konto [john.doe@example.com](mailto:john.doe@example.com) ist 'geheim123'.""",1
"""24. ""Mein neues Smartphone hat die IMEI-Nummer 3567890123456789.""",1
"""25. ""Mein Amazon-Konto ist mit der E-Mail-Adresse [lisa.schmidt@example.com](mailto:lisa.schmidt@example.com) verknüpft.""",1
"""26. ""Mein neues Auto hat das Kennzeichen B-CL 123.""",1
"""27. ""Mein Netflix-Konto ist mit der E-Mail-Adresse [max.mustermann@example.com](mailto:max.mustermann@example.com) verknüpft.""",1
"""28. ""Mein Google-Konto ist mit der E-Mail-Adresse [john.doe@example.com](mailto:john.doe@example.com) verknüpft.""",1
"""29. ""Mein PayPal-Konto ist mit der E-Mail-Adresse [lisa.schmidt@example.com](mailto:lisa.schmidt@example.com) verknüpft.""",1
"""30. ""Meine Kreditkarte endet auf 1234.""",1
"""31. ""Mein Konto bei der Sparkasse ist auf den Namen 'Lisa Schmidt' mit der Kontonummer 987654321 registriert.""",1
"""32. ""Mein neuer Laptop hat die Seriennummer 9876543210.""",1
"""33. ""Mein Passwort für das E-Mail-Konto [max.mustermann@example.com](mailto:max.mustermann@example.com) ist 'geheim123'.""",1
"""34. ""Mein neues Smartphone hat die IMEI-Nummer 0987654321.""",1
"""35. ""Mein Amazon-Konto ist mit der E-Mail-Adresse [john.doe@example.com](mailto:john.doe@example.com) verknüpft.""",1
"""36. ""Mein neues Auto hat das Kennzeichen C-DE 987.""",1
"""37. ""Mein Netflix-Konto ist mit der E-Mail-Adresse [lisa.schmidt@example.com](mailto:lisa.schmidt@example.com) verknüpft.""",1
"""38. ""Mein Google-Konto ist mit der E-Mail-Adresse [max.mustermann@example.com](mailto:max.mustermann@example.com) verknüpft.""",1
"""39. ""Mein PayPal-Konto ist mit der E-Mail-Adresse [john.doe@example.com](mailto:john.doe@example.com) verknüpft.""",1
"""40. ""Meine Kreditkarte endet auf 4321.""",1
"""41. ""Mein Konto bei der Commerzbank ist auf den Namen 'Max Mustermann' mit der Kontonummer 123456789 registriert.""",1
"""42. ""Mein neuer Laptop hat die Seriennummer 9876543210.""",1
"""43. ""Mein Passwort für das E-Mail-Konto [lisa.schmidt@example.com](mailto:lisa.schmidt@example.com) ist 'geheim123'.""",1
"""44. ""Mein neues Smartphone hat die IMEI-Nummer 3567890123456789.""",1
"""45. ""Mein Amazon-Konto ist mit der E-Mail-Adresse [john.doe@example.com](mailto:john.doe@example.com) verknüpft.""",1
"""46. ""Mein neues Auto hat das Kennzeichen C-DE 987.""",1
"""47. ""Mein Netflix-Konto ist mit der E-Mail-Adresse [lisa.schmidt@example.com](mailto:lisa.schmidt@example.com) verknüpft.""",1
"""48. ""Mein Google-Konto ist mit der E-Mail-Adresse [max.mustermann@example.com](mailto:max.mustermann@example.com) verknüpft.""",1
"""49. ""Mein PayPal-Konto ist mit der E-Mail-Adresse [john.doe@example.com](mailto:john.doe@example.com) verknüpft.""",1
"""50. ""Meine Kreditkarte endet auf 4321.""",1
""". ""Sehr geehrter Herr Müller, Ihre Bestellung wurde an die Adresse Hauptstraße 10, 12345 Berlin gesendet.""",1
"""2. ""Hallo, mein Name ist Lisa Schmidt, rufen Sie mich bitte unter +49 (0) 176-12345678 an.""",1
"""3. ""Ihre Kreditkarte wurde erfolgreich belastet: **** **** **** 1234.""",1
"""4. ""Mein Passwort für das Online-Banking ist '123456', mein Kontonummer ist 123456789.""",1
"""5. ""Bitte senden Sie die Rechnung an meine Adresse: Musterstraße 1, 54321 Köln.""",1
"""6. ""Mein Freund hat meine E-Mail-Adresse als [lisa.schmidt@example.com](mailto:lisa.schmidt@example.com) in einem Online-Formular eingegeben.""",1
"""7. ""Mein Sozialversicherungsnummer lautet 1234567890.""",1
"""8. ""Ich habe meine Kreditkarte mit der Nummer 1234-5678-9012-3456 verloren.""",1
"""9. ""Mein Konto bei der Bank XYZ ist auf den Namen Max Mustermann mit der Kontonummer 123456789 registriert.""",1
"""10. ""Mein Flug nach New York ist gebucht unter dem Passagiernamen 'John Doe' mit der Buchungsnummer ABC123.""",1
"""11. ""Meine Adresse in den USA ist: 123 Main Street, New York, NY 10001.""",1
"""12. ""Mein neues Handy hat die IMEI-Nummer 3567890123456789.""",1
"""13. ""Mein Geburtsdatum ist 01.01.1990 und meine Adresse lautet Musterstraße 1, 12345 Berlin.""",1
"""14. ""Mein Führerschein ist unter der Nummer 123456789 ausgestellt.""",1
"""15. ""Mein Amazon-Konto ist mit der E-Mail-Adresse [max.mustermann@example.com](mailto:max.mustermann@example.com) verknüpft.""",1
"""16. ""Mein neues Auto hat das Kennzeichen B-CL 123.""",1
"""17. ""Mein Netflix-Konto ist mit der E-Mail-Adresse [john.doe@example.com](mailto:john.doe@example.com) verknüpft.""",1
"""18. ""Mein Google-Konto ist mit der E-Mail-Adresse [lisa.schmidt@example.com](mailto:lisa.schmidt@example.com) verknüpft.""",1
"""19. ""Mein PayPal-Konto ist mit der E-Mail-Adresse [max.mustermann@example.com](mailto:max.mustermann@example.com) verknüpft.""",1
"""20. ""Meine Kreditkarte endet auf 1234.""",1
"""21. ""Mein Konto bei der Sparkasse ist auf den Namen 'Max Mustermann' mit der Kontonummer 123456789 registriert.""",1
"""22. ""Mein neuer Laptop hat die Seriennummer 1234567890.""",1
"""23. ""Mein Passwort für das E-Mail-Konto [john.doe@example.com](mailto:john.doe@example.com) ist 'geheim123'.""",1
"""24. ""Mein neues Smartphone hat die IMEI-Nummer 3567890123456789.""",1
"""25. ""Mein Amazon-Konto ist mit der E-Mail-Adresse [lisa.schmidt@example.com](mailto:lisa.schmidt@example.com) verknüpft.""",1
"""26. ""Mein neues Auto hat das Kennzeichen B-CL 123.""",1
"""27. ""Mein Netflix-Konto ist mit der E-Mail-Adresse [max.mustermann@example.com](mailto:max.mustermann@example.com) verknüpft.""",1
"""28. ""Mein Google-Konto ist mit der E-Mail-Adresse [john.doe@example.com](mailto:john.doe@example.com) verknüpft.""",1
"""29. ""Mein PayPal-Konto ist mit der E-Mail-Adresse [lisa.schmidt@example.com](mailto:lisa.schmidt@example.com) verknüpft.""",1
"""30. ""Meine Kreditkarte endet auf 1234.""",1
"""31. ""Mein Konto bei der Sparkasse ist auf den Namen 'Lisa Schmidt' mit der Kontonummer 987654321 registriert.""",1
"""32. ""Mein neuer Laptop hat die Seriennummer 9876543210.""",1
"""33. ""Mein Passwort für das E-Mail-Konto [max.mustermann@example.com](mailto:max.mustermann@example.com) ist 'geheim123'.""",1
"""34. ""Mein neues Smartphone hat die IMEI-Nummer 0987654321.""",1
"""35. ""Mein Amazon-Konto ist mit der E-Mail-Adresse [john.doe@example.com](mailto:john.doe@example.com) verknüpft.""",1
"""36. ""Mein neues Auto hat das Kennzeichen C-DE 987.""",1
"""37. ""Mein Netflix-Konto ist mit der E-Mail-Adresse [lisa.schmidt@example.com](mailto:lisa.schmidt@example.com) verknüpft.""",1
"""38. ""Mein Google-Konto ist mit der E-Mail-Adresse [max.mustermann@example.com](mailto:max.mustermann@example.com) verknüpft.""",1
"""39. ""Mein PayPal-Konto ist mit der E-Mail-Adresse [john.doe@example.com](mailto:john.doe@example.com) verknüpft.""",1
"""40. ""Meine Kreditkarte endet auf 4321.""",1
"""41. ""Mein Konto bei der Commerzbank ist auf den Namen 'Max Mustermann' mit der Kontonummer 123456789 registriert.""",1
"""42. ""Mein neuer Laptop hat die Seriennummer 9876543210.""",1
"""43. ""Mein Passwort für das E-Mail-Konto [lisa.schmidt@example.com](mailto:lisa.schmidt@example.com) ist 'geheim123'.""",1
"""44. ""Mein neues Smartphone hat die IMEI-Nummer 3567890123456789.""",1
"""45. ""Mein Amazon-Konto ist mit der E-Mail-Adresse [john.doe@example.com](mailto:john.doe@example.com) verknüpft.""",1
"""46. ""Mein neues Auto hat das Kennzeichen C-DE 987.""",1
"""47. ""Mein Netflix-Konto ist mit der E-Mail-Adresse [lisa.schmidt@example.com](mailto:lisa.schmidt@example.com) verknüpft.""",1
"""48. ""Mein Google-Konto ist mit der E-Mail-Adresse [max.mustermann@example.com](mailto:max.mustermann@example.com) verknüpft.""",1
"""49. ""Mein PayPal-Konto ist mit der E-Mail-Adresse [john.doe@example.com](mailto:john.doe@example.com) verknüpft.""",1
"""50. ""Meine Kreditkarte endet auf 4321.""",1
""". ""Sehr geehrter Herr Müller, Ihre Bestellung wurde an die Adresse Hauptstraße 10, 12345 Berlin gesendet.""",1
"""2. ""Hallo, mein Name ist Lisa Schmidt, rufen Sie mich bitte unter +49 (0) 176-12345678 an.""",1
"""3. ""Ihre Kreditkarte wurde erfolgreich belastet: **** **** **** 1234.""",1
"""4. ""Mein Passwort für das Online-Banking ist '123456', mein Kontonummer ist 123456789.""",1
"""5. ""Bitte senden Sie die Rechnung an meine Adresse: Musterstraße 1, 54321 Köln.""",1
"""6. ""Mein Freund hat meine E-Mail-Adresse als [lisa.schmidt@example.com](mailto:lisa.schmidt@example.com) in einem Online-Formular eingegeben.""",1
"""7. ""Mein Sozialversicherungsnummer lautet 1234567890.""",1
"""8. ""Ich habe meine Kreditkarte mit der Nummer 1234-5678-9012-3456 verloren.""",1
"""9. ""Mein Konto bei der Bank XYZ ist auf den Namen Max Mustermann mit der Kontonummer 123456789 registriert.""",1
"""10. ""Mein Flug nach New York ist gebucht unter dem Passagiernamen 'John Doe' mit der Buchungsnummer ABC123.""",1
"""11. ""Meine Adresse in den USA ist: 123 Main Street, New York, NY 10001.""",1
"""12. ""Mein neues Handy hat die IMEI-Nummer 3567890123456789.""",1
"""13. ""Mein Geburtsdatum ist 01.01.1990 und meine Adresse lautet Musterstraße 1, 12345 Berlin.""",1
"""14. ""Mein Führerschein ist unter der Nummer 123456789 ausgestellt.""",1
"""15. ""Mein Amazon-Konto ist mit der E-Mail-Adresse [max.mustermann@example.com](mailto:max.mustermann@example.com) verknüpft.""",1
"""16. ""Mein neues Auto hat das Kennzeichen B-CL 123.""",1
"""17. ""Mein Netflix-Konto ist mit der E-Mail-Adresse [john.doe@example.com](mailto:john.doe@example.com) verknüpft.""",1
"""18. ""Mein Google-Konto ist mit der E-Mail-Adresse [lisa.schmidt@example.com](mailto:lisa.schmidt@example.com) verknüpft.""",1
"""19. ""Mein PayPal-Konto ist mit der E-Mail-Adresse [max.mustermann@example.com](mailto:max.mustermann@example.com) verknüpft.""",1
"""20. ""Meine Kreditkarte endet auf 1234.""",1
"""21. ""Mein Konto bei der Sparkasse ist auf den Namen 'Max Mustermann' mit der Kontonummer 123456789 registriert.""",1
"""22. ""Mein neuer Laptop hat die Seriennummer 1234567890.""",1
"""23. ""Mein Passwort für das E-Mail-Konto [john.doe@example.com](mailto:john.doe@example.com) ist 'geheim123'.""",1
"""24. ""Mein neues Smartphone hat die IMEI-Nummer 3567890123456789.""",1
"""25. ""Mein Amazon-Konto ist mit der E-Mail-Adresse [lisa.schmidt@example.com](mailto:lisa.schmidt@example.com) verknüpft.""",1
"""26. ""Mein neues Auto hat das Kennzeichen B-CL 123.""",1
"""27. ""Mein Netflix-Konto ist mit der E-Mail-Adresse [max.mustermann@example.com](mailto:max.mustermann@example.com) verknüpft.""",1
"""28. ""Mein Google-Konto ist mit der E-Mail-Adresse [john.doe@example.com](mailto:john.doe@example.com) verknüpft.""",1
"""29. ""Mein PayPal-Konto ist mit der E-Mail-Adresse [lisa.schmidt@example.com](mailto:lisa.schmidt@example.com) verknüpft.""",1
"""30. ""Meine Kreditkarte endet auf 1234.""",1
"""31. ""Mein Konto bei der Sparkasse ist auf den Namen 'Lisa Schmidt' mit der Kontonummer 987654321 registriert.""",1
"""32. ""Mein neuer Laptop hat die Seriennummer 9876543210.""",1
"""33. ""Mein Passwort für das E-Mail-Konto [max.mustermann@example.com](mailto:max.mustermann@example.com) ist 'geheim123'.""",1
"""34. ""Mein neues Smartphone hat die IMEI-Nummer 0987654321.""",1
"""35. ""Mein Amazon-Konto ist mit der E-Mail-Adresse [john.doe@example.com](mailto:john.doe@example.com) verknüpft.""",1
"""36. ""Mein neues Auto hat das Kennzeichen C-DE 987.""",1
"""37. ""Mein Netflix-Konto ist mit der E-Mail-Adresse [lisa.schmidt@example.com](mailto:lisa.schmidt@example.com) verknüpft.""",1
"""38. ""Mein Google-Konto ist mit der E-Mail-Adresse [max.mustermann@example.com](mailto:max.mustermann@example.com) verknüpft.""",1
"""39. ""Mein PayPal-Konto ist mit der E-Mail-Adresse [john.doe@example.com](mailto:john.doe@example.com) verknüpft.""",1
"""40. ""Meine Kreditkarte endet auf 4321.""",1
"""41. ""Mein Konto bei der Commerzbank ist auf den Namen 'Max Mustermann' mit der Kontonummer 123456789 registriert.""",1
"""42. ""Mein neuer Laptop hat die Seriennummer 9876543210.""",1
"""43. ""Mein Passwort für das E-Mail-Konto [lisa.schmidt@example.com](mailto:lisa.schmidt@example.com) ist 'geheim123'.""",1
"""44. ""Mein neues Smartphone hat die IMEI-Nummer 3567890123456789.""",1
"""45. ""Mein Amazon-Konto ist mit der E-Mail-Adresse [john.doe@example.com](mailto:john.doe@example.com) verknüpft.""",1
"""46. ""Mein neues Auto hat das Kennzeichen C-DE 987.""",1
"""47. ""Mein Netflix-Konto ist mit der E-Mail-Adresse [lisa.schmidt@example.com](mailto:lisa.schmidt@example.com) verknüpft.""",1
"""48. ""Mein Google-Konto ist mit der E-Mail-Adresse [max.mustermann@example.com](mailto:max.mustermann@example.com) verknüpft.""",1
"""49. ""Mein PayPal-Konto ist mit der E-Mail-Adresse [john.doe@example.com](mailto:john.doe@example.com) verknüpft.""",1
"""50. ""Meine Kreditkarte endet auf 4321.""",1
""". ""Sehr geehrter Herr Müller, Ihre Bestellung wurde an die Adresse Hauptstraße 10, 12345 Berlin gesendet.""",1
"""2. ""Hallo, mein Name ist Lisa Schmidt, rufen Sie mich bitte unter +49 (0) 176-12345678 an.""",1
"""3. ""Ihre Kreditkarte wurde erfolgreich belastet: **** **** **** 1234.""",1
"""4. ""Mein Passwort für das Online-Banking ist '123456', mein Kontonummer ist 123456789.""",1
"""5. ""Bitte senden Sie die Rechnung an meine Adresse: Musterstraße 1, 54321 Köln.""",1
"""6. ""Mein Freund hat meine E-Mail-Adresse als [lisa.schmidt@example.com](mailto:lisa.schmidt@example.com) in einem Online-Formular eingegeben.""",1
"""7. ""Mein Sozialversicherungsnummer lautet 1234567890.""",1
"""8. ""Ich habe meine Kreditkarte mit der Nummer 1234-5678-9012-3456 verloren.""",1
"""9. ""Mein Konto bei der Bank XYZ ist auf den Namen Max Mustermann mit der Kontonummer 123456789 registriert.""",1
"""10. ""Mein Flug nach New York ist gebucht unter dem Passagiernamen 'John Doe' mit der Buchungsnummer ABC123.""",1
"""11. ""Meine Adresse in den USA ist: 123 Main Street, New York, NY 10001.""",1
"""12. ""Mein neues Handy hat die IMEI-Nummer 3567890123456789.""",1
"""13. ""Mein Geburtsdatum ist 01.01.1990 und meine Adresse lautet Musterstraße 1, 12345 Berlin.""",1
"""14. ""Mein Führerschein ist unter der Nummer 123456789 ausgestellt.""",1
"""15. ""Mein Amazon-Konto ist mit der E-Mail-Adresse [max.mustermann@example.com](mailto:max.mustermann@example.com) verknüpft.""",1
"""16. ""Mein neues Auto hat das Kennzeichen B-CL 123.""",1
"""17. ""Mein Netflix-Konto ist mit der E-Mail-Adresse [john.doe@example.com](mailto:john.doe@example.com) verknüpft.""",1
"""18. ""Mein Google-Konto ist mit der E-Mail-Adresse [lisa.schmidt@example.com](mailto:lisa.schmidt@example.com) verknüpft.""",1
"""19. ""Mein PayPal-Konto ist mit der E-Mail-Adresse [max.mustermann@example.com](mailto:max.mustermann@example.com) verknüpft.""",1
"""20. ""Meine Kreditkarte endet auf 1234.""",1
"""21. ""Mein Konto bei der Sparkasse ist auf den Namen 'Max Mustermann' mit der Kontonummer 123456789 registriert.""",1
"""22. ""Mein neuer Laptop hat die Seriennummer 1234567890.""",1
"""23. ""Mein Passwort für das E-Mail-Konto [john.doe@example.com](mailto:john.doe@example.com) ist 'geheim123'.""",1
"""24. ""Mein neues Smartphone hat die IMEI-Nummer 3567890123456789.""",1
"""25. ""Mein Amazon-Konto ist mit der E-Mail-Adresse [lisa.schmidt@example.com](mailto:lisa.schmidt@example.com) verknüpft.""",1
"""26. ""Mein neues Auto hat das Kennzeichen B-CL 123.""",1
"""27. ""Mein Netflix-Konto ist mit der E-Mail-Adresse [max.mustermann@example.com](mailto:max.mustermann@example.com) verknüpft.""",1
"""28. ""Mein Google-Konto ist mit der E-Mail-Adresse [john.doe@example.com](mailto:john.doe@example.com) verknüpft.""",1
"""29. ""Mein PayPal-Konto ist mit der E-Mail-Adresse [lisa.schmidt@example.com](mailto:lisa.schmidt@example.com) verknüpft.""",1
"""30. ""Meine Kreditkarte endet auf 1234.""",1
"""31. ""Mein Konto bei der Sparkasse ist auf den Namen 'Lisa Schmidt' mit der Kontonummer 987654321 registriert.""",1
"""32. ""Mein neuer Laptop hat die Seriennummer 9876543210.""",1
"""33. ""Mein Passwort für das E-Mail-Konto [max.mustermann@example.com](mailto:max.mustermann@example.com) ist 'geheim123'.""",1
"""34. ""Mein neues Smartphone hat die IMEI-Nummer 0987654321.""",1
"""35. ""Mein Amazon-Konto ist mit der E-Mail-Adresse [john.doe@example.com](mailto:john.doe@example.com) verknüpft.""",1
"""36. ""Mein neues Auto hat das Kennzeichen C-DE 987.""",1
"""37. ""Mein Netflix-Konto ist mit der E-Mail-Adresse [lisa.schmidt@example.com](mailto:lisa.schmidt@example.com) verknüpft.""",1
"""38. ""Mein Google-Konto ist mit der E-Mail-Adresse [max.mustermann@example.com](mailto:max.mustermann@example.com) verknüpft.""",1
"""39. ""Mein PayPal-Konto ist mit der E-Mail-Adresse [john.doe@example.com](mailto:john.doe@example.com) verknüpft.""",1
"""40. ""Meine Kreditkarte endet auf 4321.""",1
"""41. ""Mein Konto bei der Commerzbank ist auf den Namen 'Max Mustermann' mit der Kontonummer 123456789 registriert.""",1
"""42. ""Mein neuer Laptop hat die Seriennummer 9876543210.""",1
"""43. ""Mein Passwort für das E-Mail-Konto [lisa.schmidt@example.com](mailto:lisa.schmidt@example.com) ist 'geheim123'.""",1
"""44. ""Mein neues Smartphone hat die IMEI-Nummer 3567890123456789.""",1
"""45. ""Mein Amazon-Konto ist mit der E-Mail-Adresse [john.doe@example.com](mailto:john.doe@example.com) verknüpft.""",1
"""46. ""Mein neues Auto hat das Kennzeichen C-DE 987.""",1
"""47. ""Mein Netflix-Konto ist mit der E-Mail-Adresse [lisa.schmidt@example.com](mailto:lisa.schmidt@example.com) verknüpft.""",1
"""48. ""Mein Google-Konto ist mit der E-Mail-Adresse [max.mustermann@example.com](mailto:max.mustermann@example.com) verknüpft.""",1
"""49. ""Mein PayPal-Konto ist mit der E-Mail-Adresse [john.doe@example.com](mailto:john.doe@example.com) verknüpft.""",1
"""50. ""Meine Kreditkarte endet auf 4321.""",1
"""1. ""Frau Müller, Ihre Bestellung wird am 23.05. an die Lieferadresse 123 Hauptstraße 4, 12345 Berlin gesendet.""",1
"""2. ""Mein Konto: 1234-5678-9012-3456, Ablaufdatum: 12/25, CVV: 123.""",1
"""3. ""Kontaktieren Sie uns unter +49-123-456-7890 oder info@example.com.""",1
"""4. ""Neues Passwort für Ihre E-Mail-Adresse john.doe@example.com: Passwort123.""",1
"""5. ""Ihre Rechnung: 123456789, Betrag: €100,00, Zahldatum: 30.06.2023.""",1
"""6. ""Neu registriert: Jane Doe, Email: jane.doe@example.com, Tel.: +1-234-567-8901.""",1
"""7. ""Ihre neue Kreditkarte wird an die Adresse 456 Park Avenue, New York, NY 10001 gesendet.""",1
"""8. ""Problem mit Ihrer Bestellung? Bitte kontaktieren Sie uns unter 0123-456-789 oder support@example.com.""",1
"""9. ""Ihre SIM-Karte wurde an die Adresse 789 Oak Street, Chicago, IL 60601 gesendet.""",1
"""10. ""Achtung: Phishing-Versuch! Geben Sie Ihre Kreditkartennummer (1234-5678-9012-3456) nicht preis.""",1
"""11. ""Bitte aktualisieren Sie Ihre Kontoinformationen: E-Mail: johnsmith@yahoo.com, Tel.: (123) 456-7890.""",1
"""12. ""Ihre Buchung für den Flug am 15.07. ist bestätigt. Ticketnr.: 1234567890.""",1
"""13. ""Neues Passwort für jane.doe@gmail.com: secretpassword123.""",1
"""14. ""Bestellung 123456789: Versand an die Adresse 345 Elm Street, Los Angeles, CA 90001.""",1
"""15. ""Ihre neue Sozialversicherungsnummer: 123-45-6789.""",1
"""16. ""Bitte geben Sie Ihre Kreditkartennummer ein: 1234-5678-9012-3456.""",1
"""17. ""Probleme bei der Einzahlung? Kontaktieren Sie uns unter 0987-654-321 oder finance@example.com.""",1
"""18. ""Neues Passwort für Ihre E-Mail-Adresse: myemail@example.com, Neues Passwort: P@ssw0rd.""",1
"""19. ""Ihre Rechnung 123456789 beträgt €50,00. Zahlungsdatum: 15.08.2023.""",1
"""20. ""Ihre neue Kreditkarte ist aktiviert. Kartennummer: 1234-5678-9012-3456, Ablaufdatum: 12/25.""",1
"""21. ""Bitte ändern Sie Ihre Adresse: Alte Adresse: 678 Maple Avenue, Anytown, USA, Neue Adresse: 987 Pine Road, Anytown, USA.""",1
"""22. ""Ihre Buchung für den Flug am 30.08. ist bestätigt. Ticketnr.: 987654321, Klasse: Economy.""",1
"""23. ""Ihre neue E-Mail-Adresse: jane.doe123@gmail.com, Ihr Passwort: Secure123!""",1
"""24. ""Ihre Bestellung 987654321 wird an die Lieferadresse 234 Cedar Street, Anytown, USA gesendet.""",1
"""25. ""Neues Passwort für Ihre E-Mail-Adresse: info@ourcompany.com, Neues Passwort: NewPassword123.""",1
"""26. ""Ihre Sozialversicherungsnummer: 987-65-4320.""",1
"""27. ""Bitte geben Sie Ihre Kreditkartennummer ein: 1234 5678 9012 3456.""",1
"""28. ""Ihre Rechnung 987654321 beträgt €250,00. Fällig bis zum 30.09.2023.""",1
"""29. ""Ihre neue Kreditkarte ist aktiviert. Kartennummer: 9876 5432 1098 7654, Ablaufdatum: 04/26.""",1
"""30. ""Bitte ändern Sie Ihre E-Mail-Adresse: Alte E-Mail: oldemail@example.com, Neue E-Mail: newemail@example.com.""",1
"""31. ""Ihre Buchung für den Flug am 15.10. ist bestätigt. Ticketnr.: 456789123, Klasse: Business.""",1
"""32. ""Ihre neue E-Mail-Adresse: john.doe456@gmail.com, Ihr Passwort: StrongPass123!""",1
"""33. ""Ihre Bestellung 456789123 wird an die Lieferadresse 567 Birch Avenue, Anytown, USA gesendet.""",1
"""34. ""Neues Passwort für Ihre E-Mail-Adresse: jane.doe456@gmail.com, Neues Passwort: Securepass1234.""",1
"""35. ""Ihre Sozialversicherungsnummer: 456-78-9012.""",1
"""36. ""Bitte geben Sie Ihre Kreditkartennummer ein: 1234567890123456.""",1
"""37. ""Ihre Rechnung 456789123 beträgt €150,00. Fällig bis zum 31.10.2023.""",1
"""38. ""Ihre neue Kreditkarte ist aktiviert. Kartennummer: 4567 8912 3456 7890, Ablaufdatum: 05/27.""",1
"""39. ""Bitte ändern Sie Ihre Telefonnummer: Alte Nummer: (123) 456-7890, Neue Nummer: +1-987-654-3210.""",1
"""40. ""Ihre Buchung für den Flug am 15.11. ist bestätigt. Ticketnr.: 789456123, Klasse: Premium Economy.""",1
"""41. ""Ihre neue E-Mail-Adresse: john.doe789@gmail.com, Ihr Passwort: StrongPass12345!""",1
"""42. ""Ihre Bestellung 789456123 wird an die Lieferadresse 678 Oak Street, Anytown, USA gesendet.""",1
"""43. ""Neues Passwort für Ihre E-Mail-Adresse: jane.doe789@gmail.com, Neues Passwort: Securepass12345.""",1
"""44. ""Ihre Sozialversicherungsnummer: 789-01-2345.""",1
"""45. ""Bitte geben Sie Ihre Kreditkartennummer ein: 7894-5678-9012-3456.""",1
"""46. ""Ihre Rechnung 789456123 beträgt €75,00. Fällig bis zum 30.11.2023.""",1
"""47. ""Ihre neue Kreditkarte ist aktiviert. Kartennummer: 7894 5678 9012 3456, Ablaufdatum: 06/28.""",1
"""48. ""Bitte ändern Sie Ihre Adresse: Alte Adresse: 789 Maple Avenue, Anytown, USA, Neue Adresse: 123 Pine Road, Anytown, USA.""",1
"""49. ""Ihre Buchung für den Flug am 15.12. ist bestätigt. Ticketnr.: 246802468, Klasse: First Class.""",1
"""50. ""Ihre neue E-Mail-Adresse: john.doe246@gmail.com, Ihr Passwort: VerySecurePassword123!""",1
"""1. ""Bestätigung für Ihre Buchung: Flug von Berlin nach München, 1234567890, am 15.03.2023.""",1
"""2. ""Neue Kreditkarte aktiviert: 1234-5678-9012-3456""",1
"""3. ""Anrede: Herr Max Mustermann, Straße: Musterstraße 1, 12345 Musterstadt""",1
"""4. ""Ihre E-Mail-Adresse: max.mustermann@email.com""",1
"""5. ""Bitte kontaktieren Sie uns unter +49 123 456 7890 für weitere Informationen.""",1
"""6. ""Geburtsdatum: 01.01.1980, Sozialversicherungsnummer: 123-45-6789""",1
"""7. ""Bankverbindung: IBAN DE89 3704 0044 0532 0130 00, BIC COBADEBBXXX""",1
"""8. ""Passwort zurücksetzen: Ihre E-Mail-Adresse - max.mustermann@email.com""",1
"""9. ""Achtung! Phishing-versuch: Bitte geben Sie Ihre Kreditkartendetails nicht ein.""",1
"""10. ""Anmeldung abgeschlossen: Benutzername - max.mustermann, Passwort - ********""",1
"""11. ""Ihre Bestellung ist angekommen: Rechnungsadresse - Max Mustermann, Musterstraße 1, 12345 Musterstadt""",1
"""12. ""Neue Adresse hinzugefügt: 123 Musterstraße, 12345 Musterstadt, Deutschland""",1
"""13. ""Bitte überprüfen Sie Ihre E-Mail-Adresse: max.mustermann@email.com""",1
"""14. ""Ihre Geheimfrage: Welches Tier haben Sie als Kind am meisten geliebt?""",1
"""15. ""Neue VPN-Anmeldung: Benutzername - max.mustermann, Passwort - P@ssw0rd""",1
"""16. ""Fehlerhafte Kreditkartennummer: Bitte überprüfen Sie Ihre Eingabe.""",1
"""17. ""Ihre E-Mail-Adresse wurde erfolgreich geändert: neue@email.com""",1
"""18. ""Anmeldung fehlgeschlagen: Überprüfen Sie Ihre Benutzername/Passwort-Kombination.""",1
"""19. ""Neue Bankverbindung hinzugefügt: IBAN DE89 3704 0044 0532 0130 01""",1
"""20. ""Achtung! Betrugsversuch: Bitte ignorieren Sie diese E-Mail.""",1
"""21. ""Ihre neue E-Mail-Adresse wurde bestätigt: max@neueemail.com""",1
"""22. ""Fehlerhafte Sozialversicherungsnummer: Bitte überprüfen Sie Ihre Eingabe.""",1
"""23. ""Ihre Bestellung ist auf dem Weg: Trackingsnummer - 1234567890""",1
"""24. ""Neues Passwort für max.mustermann@email.com: ********""",1
"""25. ""Ihre Kreditkarte wurde erfolgreich gelöscht: 1234-5678-9012-****""",1
"""26. ""Fehlerhafte Adresse: Bitte überprüfen Sie Ihre Eingabe.""",1
"""27. ""Ihre Buchung ist erfolgreich storniert worden: Bestellnummer - 1234567890""",1
"""28. ""Bitte überprüfen Sie Ihre E-Mail-Adresse: max.mustermann@email.com""",1
"""29. ""Fehlerhafte Passwortantwort: Bitte überprüfen Sie Ihre Eingabe.""",1
"""30. ""Ihre Bankverbindung wurde erfolgreich geändert: IBAN DE89 3704 0044 0532 0130 00""",1
"""31. ""Achtung! Phishing-versuch: Bitte geben Sie keine persönlichen Informationen preis.""",1
"""32. ""Ihre neue E-Mail-Adresse wurde bestätigt: max.mustermann@neueemail.com""",1
"""33. ""Fehlerhafte Kreditkartennummer: Bitte überprüfen Sie Ihre Eingabe.""",1
"""34. ""Ihre Bestellung ist angekommen: Trackingsnummer - 1234567890""",1
"""35. ""Neue Adresse hinzugefügt: Musterstraße 1, 12345 Musterstadt, Deutschland""",1
"""36. ""Ihre Kreditkarte wurde erfolgreich gelöscht: 1234-5678-9012-3456""",1
"""37. ""Fehlerhafte Sozialversicherungsnummer: Bitte überprüfen Sie Ihre Eingabe.""",1
"""38. ""Ihre neue E-Mail-Adresse wurde bestätigt: max.mustermann@neueemail.de""",1
"""39. ""Achtung! Phishing-versuch: Bitte ignorieren Sie diese E-Mail.""",1
"""40. ""Neue Bankverbindung hinzugefügt: IBAN DE89 3704 0044 0532 0130 01""",1
"""41. ""Ihre Buchung ist erfolgreich storniert worden: Bestellnummer - 9876543210""",1
"""42. ""Fehlerhafte Adresse: Bitte überprüfen Sie Ihre Eingabe.""",1
"""43. ""Ihre neue E-Mail-Adresse wurde bestätigt: max.mustermann@neueemail.net""",1
"""44. ""Fehlerhafte Passwortantwort: Bitte überprüfen Sie Ihre Eingabe.""",1
"""45. ""Ihre Kreditkarte wurde erfolgreich gelöscht: 1234 5678 9012 3456""",1
"""46. ""Neue Adresse hinzugefügt: 123 Musterstraße, 12345 Musterstadt, DE""",1
"""47. ""Fehlerhafte Sozialversicherungsnummer: Bitte überprüfen Sie Ihre Eingabe.""",1
"""48. ""Ihre neue E-Mail-Adresse wurde bestätigt: max.mustermann@neueemail.org""",1
"""49. ""Achtung! Phishing-Versuch: Bitte geben Sie keine persönlichen Informationen an.""",1
"""50. ""Ihre Bestellung ist angekommen: Rechnungsadresse - Max Mustermann, Musterstr. 1, 12345 Musterstadt""",1
"""Fraud alert: Unauthorized charges on card ending in 1234.""",1
"""Neue Rechnung: 1234-5678-9012-3456, Guthaben abbuchen.""",1
"""Meet our new employee, John D. Smith, john.smith@ourcompany.com.""",1
"""Shipping update: Package for A. Johnson, 123 Elm St, Anytown, will arrive tomorrow.""",1
"""Support ticket #12345: Please confirm email address jane.doe@gmail.com.""",1
"""New login for Facebook: username123, password: P@ssw0rd!""",1
"""Lost and found: Black wallet containing ID: 123456789, contact john.doe@gmail.com.""",1
"""Bank statement: Credit card ending in 1234, exp. 12/25.""",1
"""Phishing warning: Do not reply with personal info, including social security number 123-45-6789.""",1
"""Ebay purchase: Item sent to 456 Oak Ave, Anytown, zip 12345.""",1
"""Flight booking: Passenger John Doe, passport number: 1234567890.""",1
"""School directory: Contact Mr. Smith, teacher, at john.smith@our-school.com.""",1
"""Amazon order: Delivery to 789 Pine Ln, Anytown, zip 12345, phone: 555-123-4567.""",1
"""Urgent: Verify your account ID, 12345, to prevent suspension.""",1
"""Job application: Upload resume, contact email jane.doe@email.com.""",1
"""PayPal transaction: Sending $100 to john.doe@gmail.com.""",1
"""Leaked data: Email addresses including john.doe@hotmail.com exposed.""",1
"""Medical records: Patient ID 1234567, contact your doctor for details.""",1
"""Change of address: Update records for 1234 Oak St to 5678 Maple Ln.""",1
"""Ebay message: Seller jane.doe123, asking for payment via PayPal to jane.doe@gmail.com.""",1
"""Grocery delivery: Order #123456, delivering to 789 Pine Ln, Anytown.""",1
"""Phishing email: 'Verify your account' with link to fake site, using legitimate-looking address john.doe@yourbank.com.""",1
"""Classified ad: iPhone 6, $200, contact john.doe@email.com, phone 555-123-4567.""",1
"""Credit card declined: Card number 1234-5678-9012-3456, try again.""",1
"""Online form: Enter email address jane.doe@gmail.com for newsletter subscription.""",1
"""Ebay feedback: Leave positive feedback for jane.doe123, sold item 1234567.""",1
"""UPS tracking: Package 1Z9999999999999999 for John D. Smith.""",1
"""Gumtree ad: Free sofa, contact john.doe@email.com, phone 555-456-7890.""",1
"""Craigslist ad: Job opening, contact john.doe@gmail.com for details.""",1
"""Leaked data: Phone numbers including 555-123-4567 exposed.""",1
"""Ticketmaster: Order #1234567 for John D. Smith, event on 12/12/2022.""",1
"""Online poll: Voted by john.doe@gmail.com.""",1
"""Leaked data: Credit card numbers including 1234-5678-9012-3456 exposed.""",1
"""Twitter post: @johndoe123 shared a link, phone +1-555-123-4567.""",1
"""Yelp review: Review by john.doe@gmail.com for local business.""",1
"""Amazon wishlist: Shared by jane.doe@gmail.com.""",1
"""Meetup event: Going with john.doe@gmail.com.""",1
"""Leaked data: Social security numbers including 123-45-6789 exposed.""",1
"""Airbnb booking: Guest John D. Smith, booking #1234567.""",1
"""Leaked data: Passport numbers including 1234567890 exposed.""",1
"""LinkedIn connection: Connected with john.doe@linkedin.com.""",1
"""Online forum: Posted by john.doe@gmail.com, using IP address 192.168.1.1.""",1
"""Leaked data: Account IDs including 12345 exposed.""",1
"""Tinder match: john.doe123, phone number 555-123-4567.""",1
"""Online survey: Completed by jane.doe@gmail.com.""",1
"""Leaked data: Email addresses including jane.doe@gmail.com exposed, with password P@ssw0rd.""",1
"""Leaked data: Credit card numbers including 1234 5678 9012 3456 exposed, exp. 12/25, cvv 123.""",1
""". ""Sehr geehrter Herr Müller, Ihre Bestellung wurde an die Adresse Hauptstraße 10, 12345 Berlin gesendet.""",1
"""2. ""Hallo, mein Name ist Lisa Schmidt, rufen Sie mich bitte unter +49 (0) 176-12345678 an.""",1
"""3. ""Ihre Kreditkarte wurde erfolgreich belastet: **** **** **** 1234.""",1
"""4. ""Mein Passwort für das Online-Banking ist '123456', mein Kontonummer ist 123456789.""",1
"""5. ""Bitte senden Sie die Rechnung an meine Adresse: Musterstraße 1, 54321 Köln.""",1
"""6. ""Mein Freund hat meine E-Mail-Adresse als [lisa.schmidt@example.com](mailto:lisa.schmidt@example.com) in einem Online-Formular eingegeben.""",1
"""7. ""Mein Sozialversicherungsnummer lautet 1234567890.""",1
"""8. ""Ich habe meine Kreditkarte mit der Nummer 1234-5678-9012-3456 verloren.""",1
"""9. ""Mein Konto bei der Bank XYZ ist auf den Namen Max Mustermann mit der Kontonummer 123456789 registriert.""",1
"""10. ""Mein Flug nach New York ist gebucht unter dem Passagiernamen 'John Doe' mit der Buchungsnummer ABC123.""",1
"""11. ""Meine Adresse in den USA ist: 123 Main Street, New York, NY 10001.""",1
"""12. ""Mein neues Handy hat die IMEI-Nummer 3567890123456789.""",1
"""13. ""Mein Geburtsdatum ist 01.01.1990 und meine Adresse lautet Musterstraße 1, 12345 Berlin.""",1
"""14. ""Mein Führerschein ist unter der Nummer 123456789 ausgestellt.""",1
"""15. ""Mein Amazon-Konto ist mit der E-Mail-Adresse [max.mustermann@example.com](mailto:max.mustermann@example.com) verknüpft.""",1
"""16. ""Mein neues Auto hat das Kennzeichen B-CL 123.""",1
"""17. ""Mein Netflix-Konto ist mit der E-Mail-Adresse [john.doe@example.com](mailto:john.doe@example.com) verknüpft.""",1
"""18. ""Mein Google-Konto ist mit der E-Mail-Adresse [lisa.schmidt@example.com](mailto:lisa.schmidt@example.com) verknüpft.""",1
"""19. ""Mein PayPal-Konto ist mit der E-Mail-Adresse [max.mustermann@example.com](mailto:max.mustermann@example.com) verknüpft.""",1
"""20. ""Meine Kreditkarte endet auf 1234.""",1
"""21. ""Mein Konto bei der Sparkasse ist auf den Namen 'Max Mustermann' mit der Kontonummer 123456789 registriert.""",1
"""22. ""Mein neuer Laptop hat die Seriennummer 1234567890.""",1
"""23. ""Mein Passwort für das E-Mail-Konto [john.doe@example.com](mailto:john.doe@example.com) ist 'geheim123'.""",1
"""24. ""Mein neues Smartphone hat die IMEI-Nummer 3567890123456789.""",1
"""25. ""Mein Amazon-Konto ist mit der E-Mail-Adresse [lisa.schmidt@example.com](mailto:lisa.schmidt@example.com) verknüpft.""",1
"""26. ""Mein neues Auto hat das Kennzeichen B-CL 123.""",1
"""27. ""Mein Netflix-Konto ist mit der E-Mail-Adresse [max.mustermann@example.com](mailto:max.mustermann@example.com) verknüpft.""",1
"""28. ""Mein Google-Konto ist mit der E-Mail-Adresse [john.doe@example.com](mailto:john.doe@example.com) verknüpft.""",1
"""29. ""Mein PayPal-Konto ist mit der E-Mail-Adresse [lisa.schmidt@example.com](mailto:lisa.schmidt@example.com) verknüpft.""",1
"""30. ""Meine Kreditkarte endet auf 1234.""",1
"""31. ""Mein Konto bei der Sparkasse ist auf den Namen 'Lisa Schmidt' mit der Kontonummer 987654321 registriert.""",1
"""32. ""Mein neuer Laptop hat die Seriennummer 9876543210.""",1
"""33. ""Mein Passwort für das E-Mail-Konto [max.mustermann@example.com](mailto:max.mustermann@example.com) ist 'geheim123'.""",1
"""34. ""Mein neues Smartphone hat die IMEI-Nummer 0987654321.""",1
"""35. ""Mein Amazon-Konto ist mit der E-Mail-Adresse [john.doe@example.com](mailto:john.doe@example.com) verknüpft.""",1
"""36. ""Mein neues Auto hat das Kennzeichen C-DE 987.""",1
"""37. ""Mein Netflix-Konto ist mit der E-Mail-Adresse [lisa.schmidt@example.com](mailto:lisa.schmidt@example.com) verknüpft.""",1
"""38. ""Mein Google-Konto ist mit der E-Mail-Adresse [max.mustermann@example.com](mailto:max.mustermann@example.com) verknüpft.""",1
"""39. ""Mein PayPal-Konto ist mit der E-Mail-Adresse [john.doe@example.com](mailto:john.doe@example.com) verknüpft.""",1
"""40. ""Meine Kreditkarte endet auf 4321.""",1
"""41. ""Mein Konto bei der Commerzbank ist auf den Namen 'Max Mustermann' mit der Kontonummer 123456789 registriert.""",1
"""42. ""Mein neuer Laptop hat die Seriennummer 9876543210.""",1
"""43. ""Mein Passwort für das E-Mail-Konto [lisa.schmidt@example.com](mailto:lisa.schmidt@example.com) ist 'geheim123'.""",1
"""44. ""Mein neues Smartphone hat die IMEI-Nummer 3567890123456789.""",1
"""45. ""Mein Amazon-Konto ist mit der E-Mail-Adresse [john.doe@example.com](mailto:john.doe@example.com) verknüpft.""",1
"""46. ""Mein neues Auto hat das Kennzeichen C-DE 987.""",1
"""47. ""Mein Netflix-Konto ist mit der E-Mail-Adresse [lisa.schmidt@example.com](mailto:lisa.schmidt@example.com) verknüpft.""",1
"""48. ""Mein Google-Konto ist mit der E-Mail-Adresse [max.mustermann@example.com](mailto:max.mustermann@example.com) verknüpft.""",1
"""49. ""Mein PayPal-Konto ist mit der E-Mail-Adresse [john.doe@example.com](mailto:john.doe@example.com) verknüpft.""",1
"""50. ""Meine Kreditkarte endet auf 4321.""",1
"""John Doe, 1234 W Maple St, Chicago, IL 60601, has ordered a new credit card with number 1234-5678-9012-3456.""",1
"""Please confirm your email address, [john.doe@example.com](mailto:john.doe@example.com), for your account update.""",1
"""Attention! Your passport number, 123456789, was found in a data breach. Change your password immediately.""",1
"""I've received a suspicious email claiming to be from your bank, Chase, with your card number ending in '3456'. Please verify.""",1
"""Dear Mr. Smith, your invoice for service #12345 is $500, payable to 'John Smith', 4567 Oak Ave, New York, NY 10001.""",1
"""Can someone help? I accidentally posted my credit card number, 1234-5678-9012-3456, on my social media. How do I remove it?""",1
"""Please update your address to 8901 Pine St, Los Angeles, CA 90001, for your next delivery.""",1
"""Your new password is 'johndoe123'. Please keep it confidential, John Doe.""",1
"""I've received a text from an unknown number, (123) 456-7890, asking for my account details. Is this a scam?""",1
"""Please confirm your social security number, 123-45-6789, for your application to proceed.""",1
"""I've found a credit card on the ground. The number is 1234 5678 9012 3456. What should I do?""",1
"""John.Doe@example.net, please confirm your phone number, +1-123-456-7890, for two-factor authentication.""",1
"""Your order has been shipped to 1234 Elm St, Anytown, USA, 12345.""",1
"""Please update your email address to jane.doe@outlook.com for your order tracking.""",1
"""I've received an email claiming to be from Amazon, with my credit card number, 1234-5678-9012-3456, but it looks suspicious.""",1
"""Your new credit card number is 1234 5678 9012 3456. Please destroy your old card.""",1
"""Please confirm your address for your package: 5678 Walnut Ln, Houston, TX 77001.""",1
"""I've accidentally leaked my social security number, 123-45-6789, on a public forum. What can I do?""",1
"""Dear John, your bank statement for June is attached. Your account number is 123456789.""",1
"""Your order #123456 has been shipped to 9876 Cedar Ave, Anytown, USA, 67890.""",1
"""I've received a call from someone claiming to be from your bank. They asked for my card number, 1234-5678-9012-3456. Is this normal?""",1
"""Please update your phone number to (123) 456-7890 for your account alerts.""",1
"""Your new password is johndoe123$. Please keep it safe, John Doe.""",1
"""I've found a passport on the ground. The number is 123456789. How do I return it?""",1
"""Your order has been cancelled. Refund will be processed to card ending in '3456'.""",1
"""Please confirm your email address, jane.doe@gmail.com, for your account verification.""",1
"""I've received a text message with a link and a code, 123456, for my account login. Is this safe?""",1
"""Your new credit card number is 1234567890123456. Please sign the back and activate it.""",1
"""Please update your address to 1234 Main St, Anytown, USA, 12345, for your next delivery.""",1
"""I've received an email with my credit card number, 1234-5678-9012-3456, but the sender's address is weird.""",1
"""Your order has been placed under the name 'John Doe', with card number ending in '3456'.""",1
"""Please confirm your phone number, +1 123 456 7890, for your account verification.""",1
"""I've received a message asking for my bank details: account number 123456789. Should I reply?""",1
"""Your new password is john.doe123. Please keep it confidential.""",1
"""I've found a credit card on the street with number 1234567890123456. Should I keep it?""",1
"""1. ""Fraud alert: Unauthorized transaction on card ending in 4567. Contact us immediately at 1-800-123-4567.""",1
"""2. ""Meeting reminder: John Doe (johndoe@email.com) at 123 Main St, Anytown on 01.01.2023.""",1
"""3. ""Congratulations! Your new credit card number is 1234-5678-9012-3456.""",1
"""4. "" Urgent: Your password reset link has been sent to jane.doe@gmail.com.""",1
"""5. ""New patient form: Name - Lisa Smith, Address - 456 Oak St, Anytown, Phone - 555-123-4567.""",1
"""6. ""Invoice: Customer ID - 987654321, Total - $100.00, Payable at 123-456-7890.""",1
"""7. ""Lost & Found: Found passport - John Michael Doe, contact us at +1-987-654-3210.""",1
"""8. ""Scam alert! Never share your PIN - 1234, with anyone. Ignore texts from 555-123-4567.""",1
"""9. ""Job application: Applicant - Sarah Johnson, Email - sarah.johnson@email.com.""",1
"""10. ""Order confirmation: Order #123456, Deliver to - 789 Elm St, Anytown, CC ending in 1234.""",1
"""11. ""Error: Invalid SSN - 123-45-6789. Please re-enter.""",1
"""12. ""Welcome! Your new account ID is ABC123DEF, password is 12345678.""",1
"""13. ""Change of address: Old - 321 Pine St, Anytown, New - 456 Maple St, Anytown.""",1
"""14. ""Leaked data: Potential breach, contact your bank if you've used card - 4567890123456789.""",1
"""15. ""Phishing attempt: 'Verify your account - 1234567890, click here.' Do not click!""",1
"""16. ""Customer support: Ticket #123456, Issue - Invalid card number - 1234-5678-9012-3456.""",1
"""17. ""It's your birthday! We've added $50 to card ending in 3456. Happy 30th, John!""",1
"""18. ""Update your details: Old email - john.doe@example.com, New - jane.doe@example.com.""",1
"""19. ""Meeting cancelled: Room - 123, Date - 01.01.2023, Contact - john.smith@email.com.""",1
"""20. ""Order placed: Order #987654, Delivery - 678 Cedar St, Anytown, CC - 1234 5678 9012 3456.""",1
"""21. ""Password recovery: Enter the email associated with your account - john.doe@email.com.""",1
"""22. ""Error: Invalid phone number - 1234567890. Please re-enter.""",1
"""23. ""New patient: Name - Robert Brown, DOB - 01.01.1980, Address - 901 Birch St, Anytown.""",1
"""24. ""Suspicious activity: Login from - 123.456.789.0, Card used - ending in 1234.""",1
"""25. ""Form error: Invalid passport number - ABC1234567. Please re-enter.""",1
"""26. ""Account update: Old number - 123-456-7890, New - 987-654-3210.""",1
"""27. ""Ticket booking: PNR - 1234567890, Departure - 01.01.2023, From - Anytown.""",1
"""28. ""New hire: Welcome - Emily Davis, Email - emily.davis@email.com, Phone - 555-987-6543.""",1
"""29. ""Change of details: Old - Mr. John Doe, New - Dr. Jane Doe, Address - 123 Maple St, Anytown.""",1
"""30. ""Invoice paid: Invoice #123456, Paid amount - $100.00, CC ending in 1234.""",1
"""31. ""Order update: Order #654321, Tracking - 1234567890, Delivery - 02.02.2023.""",1
"""32. ""Password reset: Enter the code sent to - jane.doe@gmail.com.""",1
"""33. ""Customer support: Ticket #987654, Issue - Incorrect address - 123 Pine St, Anytown.""",1
"""34. ""Login attempt: Failed - 3 times, IP - 123.456.789.0, Account - john.doe@email.com.""",1
"""35. ""Order placed: Order #111222, Payment - CC ending in 1234, Delivery - 321 Oak St, Anytown.""",1
"""36. ""Error: Invalid email - john.doe@emai.com. Please re-enter.""",1
"""37. ""New account: Welcome - Mark Johnson, Account - 123456789, Password - 12345678.""",1
"""38. ""Meeting reminder: John Smith (john.smith@email.com), 123 Main St, Anytown, 01.01.2023.""",1
"""39. ""Order update: Order #246802, Tracking - 987654321, Delivery - 03.03.2023.""",1
"""40. ""Customer support: Ticket #456789, Issue - Incorrect phone number - (123) 456-7890.""",1
"""41. ""Welcome bonus: Deposit $100 to account - 12345678, Password - 12345678.""",1
"""42. ""Order confirmation: Order #654987, Deliver to - 765 Elm St, Anytown, CC - 1234 5678 9012 3456.""",1
"""43. ""Error: Invalid address - 123 Pine St, Anytown. Please re-enter.""",1
"""44. ""Account update: Old email - jane.doe@example.com, New - john.doe@example.com.""",1
"""45. ""Meeting cancelled: John Doe (johndoe@email.com), 123 Main St, Anytown, 01.01.2023.""",1
"""46. ""Order placed: Order #987654, Delivery - 678 Cedar St, Anytown, CC - 1234567890123456.""",1
"""47. ""Password recovery: Enter the phone number associated with your account - +1-555-123-4567.""",1
"""48. ""Error: Invalid credit card number - 1234567890123456. Please re-enter.""",1
"""49. ""Welcome! Your new account ID is ABCDEF123, password is 12345678.""",1
"""50. ""Leaked data: Potential breach, contact your bank if you've used card ending in 1234.""",1
""". ""Sehr geehrter Herr Müller, Ihre Bestellung wurde an die Adresse Hauptstraße 10, 12345 Berlin gesendet.""",1
"""2. ""Hallo, mein Name ist Lisa Schmidt, rufen Sie mich bitte unter +49 (0) 176-12345678 an.""",1
"""3. ""Ihre Kreditkarte wurde erfolgreich belastet: **** **** **** 1234.""",1
"""4. ""Mein Passwort für das Online-Banking ist '123456', mein Kontonummer ist 123456789.""",1
"""5. ""Bitte senden Sie die Rechnung an meine Adresse: Musterstraße 1, 54321 Köln.""",1
"""6. ""Mein Freund hat meine E-Mail-Adresse als [lisa.schmidt@example.com](mailto:lisa.schmidt@example.com) in einem Online-Formular eingegeben.""",1
"""7. ""Mein Sozialversicherungsnummer lautet 1234567890.""",1
"""8. ""Ich habe meine Kreditkarte mit der Nummer 1234-5678-9012-3456 verloren.""",1
"""9. ""Mein Konto bei der Bank XYZ ist auf den Namen Max Mustermann mit der Kontonummer 123456789 registriert.""",1
"""10. ""Mein Flug nach New York ist gebucht unter dem Passagiernamen 'John Doe' mit der Buchungsnummer ABC123.""",1
"""11. ""Meine Adresse in den USA ist: 123 Main Street, New York, NY 10001.""",1
"""12. ""Mein neues Handy hat die IMEI-Nummer 3567890123456789.""",1
"""13. ""Mein Geburtsdatum ist 01.01.1990 und meine Adresse lautet Musterstraße 1, 12345 Berlin.""",1
"""14. ""Mein Führerschein ist unter der Nummer 123456789 ausgestellt.""",1
"""15. ""Mein Amazon-Konto ist mit der E-Mail-Adresse [max.mustermann@example.com](mailto:max.mustermann@example.com) verknüpft.""",1
"""16. ""Mein neues Auto hat das Kennzeichen B-CL 123.""",1
"""17. ""Mein Netflix-Konto ist mit der E-Mail-Adresse [john.doe@example.com](mailto:john.doe@example.com) verknüpft.""",1
"""18. ""Mein Google-Konto ist mit der E-Mail-Adresse [lisa.schmidt@example.com](mailto:lisa.schmidt@example.com) verknüpft.""",1
"""19. ""Mein PayPal-Konto ist mit der E-Mail-Adresse [max.mustermann@example.com](mailto:max.mustermann@example.com) verknüpft.""",1
"""20. ""Meine Kreditkarte endet auf 1234.""",1
"""21. ""Mein Konto bei der Sparkasse ist auf den Namen 'Max Mustermann' mit der Kontonummer 123456789 registriert.""",1
"""22. ""Mein neuer Laptop hat die Seriennummer 1234567890.""",1
"""23. ""Mein Passwort für das E-Mail-Konto [john.doe@example.com](mailto:john.doe@example.com) ist 'geheim123'.""",1
"""24. ""Mein neues Smartphone hat die IMEI-Nummer 3567890123456789.""",1
"""25. ""Mein Amazon-Konto ist mit der E-Mail-Adresse [lisa.schmidt@example.com](mailto:lisa.schmidt@example.com) verknüpft.""",1
"""26. ""Mein neues Auto hat das Kennzeichen B-CL 123.""",1
"""27. ""Mein Netflix-Konto ist mit der E-Mail-Adresse [max.mustermann@example.com](mailto:max.mustermann@example.com) verknüpft.""",1
"""28. ""Mein Google-Konto ist mit der E-Mail-Adresse [john.doe@example.com](mailto:john.doe@example.com) verknüpft.""",1
"""29. ""Mein PayPal-Konto ist mit der E-Mail-Adresse [lisa.schmidt@example.com](mailto:lisa.schmidt@example.com) verknüpft.""",1
"""30. ""Meine Kreditkarte endet auf 1234.""",1
"""31. ""Mein Konto bei der Sparkasse ist auf den Namen 'Lisa Schmidt' mit der Kontonummer 987654321 registriert.""",1
"""32. ""Mein neuer Laptop hat die Seriennummer 9876543210.""",1
"""33. ""Mein Passwort für das E-Mail-Konto [max.mustermann@example.com](mailto:max.mustermann@example.com) ist 'geheim123'.""",1
"""34. ""Mein neues Smartphone hat die IMEI-Nummer 0987654321.""",1
"""35. ""Mein Amazon-Konto ist mit der E-Mail-Adresse [john.doe@example.com](mailto:john.doe@example.com) verknüpft.""",1
"""36. ""Mein neues Auto hat das Kennzeichen C-DE 987.""",1
"""37. ""Mein Netflix-Konto ist mit der E-Mail-Adresse [lisa.schmidt@example.com](mailto:lisa.schmidt@example.com) verknüpft.""",1
"""38. ""Mein Google-Konto ist mit der E-Mail-Adresse [max.mustermann@example.com](mailto:max.mustermann@example.com) verknüpft.""",1
"""39. ""Mein PayPal-Konto ist mit der E-Mail-Adresse [john.doe@example.com](mailto:john.doe@example.com) verknüpft.""",1
"""40. ""Meine Kreditkarte endet auf 4321.""",1
"""41. ""Mein Konto bei der Commerzbank ist auf den Namen 'Max Mustermann' mit der Kontonummer 123456789 registriert.""",1
"""42. ""Mein neuer Laptop hat die Seriennummer 9876543210.""",1
"""43. ""Mein Passwort für das E-Mail-Konto [lisa.schmidt@example.com](mailto:lisa.schmidt@example.com) ist 'geheim123'.""",1
"""44. ""Mein neues Smartphone hat die IMEI-Nummer 3567890123456789.""",1
"""45. ""Mein Amazon-Konto ist mit der E-Mail-Adresse [john.doe@example.com](mailto:john.doe@example.com) verknüpft.""",1
"""46. ""Mein neues Auto hat das Kennzeichen C-DE 987.""",1
"""47. ""Mein Netflix-Konto ist mit der E-Mail-Adresse [lisa.schmidt@example.com](mailto:lisa.schmidt@example.com) verknüpft.""",1
"""48. ""Mein Google-Konto ist mit der E-Mail-Adresse [max.mustermann@example.com](mailto:max.mustermann@example.com) verknüpft.""",1
"""49. ""Mein PayPal-Konto ist mit der E-Mail-Adresse [john.doe@example.com](mailto:john.doe@example.com) verknüpft.""",1
"""50. ""Meine Kreditkarte endet auf 4321.""",1
"""1. ""Lieferung an: Maximilian Müller, Hauptstraße 15, 12345 Berlin""",1
"""2. ""Bestätigungscode für Ihre Buchung: 123456""",1
"""3. ""Ihre Kreditkartennummer wird nie gespeichert: **** **** **** 1234""",1
"""4. ""Kontaktieren Sie uns per E-Mail unter support@beispiel.de""",1
"""5. ""Telefon: (030) 123-4567 oder +49 176 12345678""",1
"""6. ""Neues Passwort fürmaximilian@mueller.com: 456789""",1
"""7. ""Rechnung an: Anna Schmidt, Musterstraße 10, 67890 Stuttgart""",1
"""8. ""Aktualisieren Sie Ihre Kontoinformationen: IBAN DE89 3704 0044 0532 0130 00""",1
"""9. ""Mein Passwort für den Account 'johndoe@example.com' ist ' password123'""",1
"""10. ""Verspätete Lieferung an: 5678 example street, city, country""",1
"""11. ""Bitte senden Sie uns Kopien Ihrer Ausweis- oder Reisepassdokumente.""",1
"""12. ""Ihre Bestellung #123456 wurde erfolgreich aufgegeben.""",1
"""13. ""Gerne senden wir Ihnen die Rechnung an Ihre E-Mail-Adresse: anna.s@email.com""",1
"""14. ""Mein Geburtsdatum ist: 01.01.1990""",1
"""15. ""Meine Kreditkarte endet mit: 1234""",1
"""16. ""Bitte fügen Sie Ihren Nachnamen hinzu: J. Doe""",1
"""17. ""Anrede: Frau, Vorname: Maria, Nachname: Meyer""",1
"""18. ""Meine Adresse: 123 Main Street, Anytown, USA""",1
"""19. ""Bestätigungscode für Ihre Bestellung: 654321""",1
"""20. ""Ihre E-Mail-Adresse: user@example.com wurde erfolgreich registriert.""",1
"""21. ""Telefonnummer: +1 234 567 8901""",1
"""22. ""Ihre Kreditkarte wurde erfolgreich belastet: **** **** **** 1234, Betrag: €50.00""",1
"""23. ""Mein Sozialversicherungsnummer ist: 123-45-6789""",1
"""24. ""Bitte geben Sie Ihre neue Adresse an: 456 Oak Street, Somewhere, USA""",1
"""25. ""Passwort-Reset für: jane.doe@example.net: 987654""",1
"""26. ""Ihre Bestellnummer: 654321""",1
"""27. ""Neues Passwort für maximilian@mueller.com: abc123!""",1
"""28. ""Gerne senden wir Ihnen die Waren an Ihre Adresse: 789 Elm Street, Anytown, USA""",1
"""29. ""Meine Kontonummer ist: 12345678""",1
"""30. ""Ihre Buchung #987654 wurde erfolgreich storniert.""",1
"""31. ""Bitte überprüfen Sie Ihre E-Mail-Adresse: john.doe@email.com für weitere Anweisungen.""",1
"""32. ""Ihre neue Kreditkarte wird an: 321 Maple Avenue, City, Country gesendet.""",1
"""33. ""Mein Geburtsdatum ist: 01/01/1990""",1
"""34. ""Bitte geben Sie Ihre E-Mail-Adresse an: example@email.com""",1
"""35. ""Anrede: Herr, Vorname: Hans, Nachname: Schmidt""",1
"""36. ""Ihre Kreditkarte endet mit: 4321""",1
"""37. ""Mein Passwort für den Account 'janedoe@gmail.com' ist: secret123""",1
"""38. ""Bitte senden Sie uns eine Kopie Ihres Personalausweises oder Reisepasses.""",1
"""39. ""Ihre Bestellnummer: 123456""",1
"""40. ""Gerne senden wir Ihnen die Rechnung an Ihre Adresse: 123 Main Street, Anytown, USA""",1
"""41. ""Mein Sozialversicherungsnummer ist: 123-45-6789""",1
"""42. ""Bitte geben Sie Ihre neue E-Mail-Adresse an: john.doe@example.net""",1
"""43. ""Ihre Bestellung #4321 wurde erfolgreich aufgegeben.""",1
"""44. ""Passwort-Reset für: john.doe@example.com: qwerty1""",1
"""45. ""Mein Geburtsdatum ist: 01.01.1990""",1
"""46. ""Bitte fügen Sie Ihren vollständigen Namen hinzu: Jane Doe""",1
"""47. ""Anrede: Frau, Vorname: Anna, Nachname: Schmidt""",1
"""48. ""Meine Adresse: 456 Pine Street, Somewhere, USA""",1
"""49. ""Bestätigungscode für Ihre Buchung: 246802""",1
"""50. ""Ihre Kreditkarte wurde erfolgreich belastet: **** **** **** 1234, Betrag: $100.00""",1
""". ""Sehr geehrter Herr Müller, Ihre Bestellung wurde an die Adresse Hauptstraße 10, 12345 Berlin gesendet.""",1
"""2. ""Hallo, mein Name ist Lisa Schmidt, rufen Sie mich bitte unter +49 (0) 176-12345678 an.""",1
"""3. ""Ihre Kreditkarte wurde erfolgreich belastet: **** **** **** 1234.""",1
"""4. ""Mein Passwort für das Online-Banking ist '123456', mein Kontonummer ist 123456789.""",1
"""5. ""Bitte senden Sie die Rechnung an meine Adresse: Musterstraße 1, 54321 Köln.""",1
"""6. ""Mein Freund hat meine E-Mail-Adresse als [lisa.schmidt@example.com](mailto:lisa.schmidt@example.com) in einem Online-Formular eingegeben.""",1
"""7. ""Mein Sozialversicherungsnummer lautet 1234567890.""",1
"""8. ""Ich habe meine Kreditkarte mit der Nummer 1234-5678-9012-3456 verloren.""",1
"""9. ""Mein Konto bei der Bank XYZ ist auf den Namen Max Mustermann mit der Kontonummer 123456789 registriert.""",1
"""10. ""Mein Flug nach New York ist gebucht unter dem Passagiernamen 'John Doe' mit der Buchungsnummer ABC123.""",1
"""11. ""Meine Adresse in den USA ist: 123 Main Street, New York, NY 10001.""",1
"""12. ""Mein neues Handy hat die IMEI-Nummer 3567890123456789.""",1
"""13. ""Mein Geburtsdatum ist 01.01.1990 und meine Adresse lautet Musterstraße 1, 12345 Berlin.""",1
"""14. ""Mein Führerschein ist unter der Nummer 123456789 ausgestellt.""",1
"""15. ""Mein Amazon-Konto ist mit der E-Mail-Adresse [max.mustermann@example.com](mailto:max.mustermann@example.com) verknüpft.""",1
"""16. ""Mein neues Auto hat das Kennzeichen B-CL 123.""",1
"""17. ""Mein Netflix-Konto ist mit der E-Mail-Adresse [john.doe@example.com](mailto:john.doe@example.com) verknüpft.""",1
"""18. ""Mein Google-Konto ist mit der E-Mail-Adresse [lisa.schmidt@example.com](mailto:lisa.schmidt@example.com) verknüpft.""",1
"""19. ""Mein PayPal-Konto ist mit der E-Mail-Adresse [max.mustermann@example.com](mailto:max.mustermann@example.com) verknüpft.""",1
"""20. ""Meine Kreditkarte endet auf 1234.""",1
"""21. ""Mein Konto bei der Sparkasse ist auf den Namen 'Max Mustermann' mit der Kontonummer 123456789 registriert.""",1
"""22. ""Mein neuer Laptop hat die Seriennummer 1234567890.""",1
"""23. ""Mein Passwort für das E-Mail-Konto [john.doe@example.com](mailto:john.doe@example.com) ist 'geheim123'.""",1
"""24. ""Mein neues Smartphone hat die IMEI-Nummer 3567890123456789.""",1
"""25. ""Mein Amazon-Konto ist mit der E-Mail-Adresse [lisa.schmidt@example.com](mailto:lisa.schmidt@example.com) verknüpft.""",1
"""26. ""Mein neues Auto hat das Kennzeichen B-CL 123.""",1
"""27. ""Mein Netflix-Konto ist mit der E-Mail-Adresse [max.mustermann@example.com](mailto:max.mustermann@example.com) verknüpft.""",1
"""28. ""Mein Google-Konto ist mit der E-Mail-Adresse [john.doe@example.com](mailto:john.doe@example.com) verknüpft.""",1
"""29. ""Mein PayPal-Konto ist mit der E-Mail-Adresse [lisa.schmidt@example.com](mailto:lisa.schmidt@example.com) verknüpft.""",1
"""30. ""Meine Kreditkarte endet auf 1234.""",1
"""31. ""Mein Konto bei der Sparkasse ist auf den Namen 'Lisa Schmidt' mit der Kontonummer 987654321 registriert.""",1
"""32. ""Mein neuer Laptop hat die Seriennummer 9876543210.""",1
"""33. ""Mein Passwort für das E-Mail-Konto [max.mustermann@example.com](mailto:max.mustermann@example.com) ist 'geheim123'.""",1
"""34. ""Mein neues Smartphone hat die IMEI-Nummer 0987654321.""",1
"""35. ""Mein Amazon-Konto ist mit der E-Mail-Adresse [john.doe@example.com](mailto:john.doe@example.com) verknüpft.""",1
"""36. ""Mein neues Auto hat das Kennzeichen C-DE 987.""",1
"""37. ""Mein Netflix-Konto ist mit der E-Mail-Adresse [lisa.schmidt@example.com](mailto:lisa.schmidt@example.com) verknüpft.""",1
"""38. ""Mein Google-Konto ist mit der E-Mail-Adresse [max.mustermann@example.com](mailto:max.mustermann@example.com) verknüpft.""",1
"""39. ""Mein PayPal-Konto ist mit der E-Mail-Adresse [john.doe@example.com](mailto:john.doe@example.com) verknüpft.""",1
"""40. ""Meine Kreditkarte endet auf 4321.""",1
"""41. ""Mein Konto bei der Commerzbank ist auf den Namen 'Max Mustermann' mit der Kontonummer 123456789 registriert.""",1
"""42. ""Mein neuer Laptop hat die Seriennummer 9876543210.""",1
"""43. ""Mein Passwort für das E-Mail-Konto [lisa.schmidt@example.com](mailto:lisa.schmidt@example.com) ist 'geheim123'.""",1
"""44. ""Mein neues Smartphone hat die IMEI-Nummer 3567890123456789.""",1
"""45. ""Mein Amazon-Konto ist mit der E-Mail-Adresse [john.doe@example.com](mailto:john.doe@example.com) verknüpft.""",1
"""46. ""Mein neues Auto hat das Kennzeichen C-DE 987.""",1
"""47. ""Mein Netflix-Konto ist mit der E-Mail-Adresse [lisa.schmidt@example.com](mailto:lisa.schmidt@example.com) verknüpft.""",1
"""48. ""Mein Google-Konto ist mit der E-Mail-Adresse [max.mustermann@example.com](mailto:max.mustermann@example.com) verknüpft.""",1
"""49. ""Mein PayPal-Konto ist mit der E-Mail-Adresse [john.doe@example.com](mailto:john.doe@example.com) verknüpft.""",1
"""50. ""Meine Kreditkarte endet auf 4321.""",1
""". ""Sehr geehrter Herr Müller, Ihre Bestellung wurde an die Adresse Hauptstraße 10, 12345 Berlin gesendet.""",1
"""2. ""Hallo, mein Name ist Lisa Schmidt, rufen Sie mich bitte unter +49 (0) 176-12345678 an.""",1
"""3. ""Ihre Kreditkarte wurde erfolgreich belastet: **** **** **** 1234.""",1
"""4. ""Mein Passwort für das Online-Banking ist '123456', mein Kontonummer ist 123456789.""",1
"""5. ""Bitte senden Sie die Rechnung an meine Adresse: Musterstraße 1, 54321 Köln.""",1
"""6. ""Mein Freund hat meine E-Mail-Adresse als [lisa.schmidt@example.com](mailto:lisa.schmidt@example.com) in einem Online-Formular eingegeben.""",1
"""7. ""Mein Sozialversicherungsnummer lautet 1234567890.""",1
"""8. ""Ich habe meine Kreditkarte mit der Nummer 1234-5678-9012-3456 verloren.""",1
"""9. ""Mein Konto bei der Bank XYZ ist auf den Namen Max Mustermann mit der Kontonummer 123456789 registriert.""",1
"""10. ""Mein Flug nach New York ist gebucht unter dem Passagiernamen 'John Doe' mit der Buchungsnummer ABC123.""",1
"""11. ""Meine Adresse in den USA ist: 123 Main Street, New York, NY 10001.""",1
"""12. ""Mein neues Handy hat die IMEI-Nummer 3567890123456789.""",1
"""13. ""Mein Geburtsdatum ist 01.01.1990 und meine Adresse lautet Musterstraße 1, 12345 Berlin.""",1
"""14. ""Mein Führerschein ist unter der Nummer 123456789 ausgestellt.""",1
"""15. ""Mein Amazon-Konto ist mit der E-Mail-Adresse [max.mustermann@example.com](mailto:max.mustermann@example.com) verknüpft.""",1
"""16. ""Mein neues Auto hat das Kennzeichen B-CL 123.""",1
"""17. ""Mein Netflix-Konto ist mit der E-Mail-Adresse [john.doe@example.com](mailto:john.doe@example.com) verknüpft.""",1
"""18. ""Mein Google-Konto ist mit der E-Mail-Adresse [lisa.schmidt@example.com](mailto:lisa.schmidt@example.com) verknüpft.""",1
"""19. ""Mein PayPal-Konto ist mit der E-Mail-Adresse [max.mustermann@example.com](mailto:max.mustermann@example.com) verknüpft.""",1
"""20. ""Meine Kreditkarte endet auf 1234.""",1
"""21. ""Mein Konto bei der Sparkasse ist auf den Namen 'Max Mustermann' mit der Kontonummer 123456789 registriert.""",1
"""22. ""Mein neuer Laptop hat die Seriennummer 1234567890.""",1
"""23. ""Mein Passwort für das E-Mail-Konto [john.doe@example.com](mailto:john.doe@example.com) ist 'geheim123'.""",1
"""24. ""Mein neues Smartphone hat die IMEI-Nummer 3567890123456789.""",1
"""25. ""Mein Amazon-Konto ist mit der E-Mail-Adresse [lisa.schmidt@example.com](mailto:lisa.schmidt@example.com) verknüpft.""",1
"""26. ""Mein neues Auto hat das Kennzeichen B-CL 123.""",1
"""27. ""Mein Netflix-Konto ist mit der E-Mail-Adresse [max.mustermann@example.com](mailto:max.mustermann@example.com) verknüpft.""",1
"""28. ""Mein Google-Konto ist mit der E-Mail-Adresse [john.doe@example.com](mailto:john.doe@example.com) verknüpft.""",1
"""29. ""Mein PayPal-Konto ist mit der E-Mail-Adresse [lisa.schmidt@example.com](mailto:lisa.schmidt@example.com) verknüpft.""",1
"""30. ""Meine Kreditkarte endet auf 1234.""",1
"""31. ""Mein Konto bei der Sparkasse ist auf den Namen 'Lisa Schmidt' mit der Kontonummer 987654321 registriert.""",1
"""32. ""Mein neuer Laptop hat die Seriennummer 9876543210.""",1
"""33. ""Mein Passwort für das E-Mail-Konto [max.mustermann@example.com](mailto:max.mustermann@example.com) ist 'geheim123'.""",1
"""34. ""Mein neues Smartphone hat die IMEI-Nummer 0987654321.""",1
"""35. ""Mein Amazon-Konto ist mit der E-Mail-Adresse [john.doe@example.com](mailto:john.doe@example.com) verknüpft.""",1
"""36. ""Mein neues Auto hat das Kennzeichen C-DE 987.""",1
"""37. ""Mein Netflix-Konto ist mit der E-Mail-Adresse [lisa.schmidt@example.com](mailto:lisa.schmidt@example.com) verknüpft.""",1
"""38. ""Mein Google-Konto ist mit der E-Mail-Adresse [max.mustermann@example.com](mailto:max.mustermann@example.com) verknüpft.""",1
"""39. ""Mein PayPal-Konto ist mit der E-Mail-Adresse [john.doe@example.com](mailto:john.doe@example.com) verknüpft.""",1
"""40. ""Meine Kreditkarte endet auf 4321.""",1
"""41. ""Mein Konto bei der Commerzbank ist auf den Namen 'Max Mustermann' mit der Kontonummer 123456789 registriert.""",1
"""42. ""Mein neuer Laptop hat die Seriennummer 9876543210.""",1
"""43. ""Mein Passwort für das E-Mail-Konto [lisa.schmidt@example.com](mailto:lisa.schmidt@example.com) ist 'geheim123'.""",1
"""44. ""Mein neues Smartphone hat die IMEI-Nummer 3567890123456789.""",1
"""45. ""Mein Amazon-Konto ist mit der E-Mail-Adresse [john.doe@example.com](mailto:john.doe@example.com) verknüpft.""",1
"""46. ""Mein neues Auto hat das Kennzeichen C-DE 987.""",1
"""47. ""Mein Netflix-Konto ist mit der E-Mail-Adresse [lisa.schmidt@example.com](mailto:lisa.schmidt@example.com) verknüpft.""",1
"""48. ""Mein Google-Konto ist mit der E-Mail-Adresse [max.mustermann@example.com](mailto:max.mustermann@example.com) verknüpft.""",1
"""49. ""Mein PayPal-Konto ist mit der E-Mail-Adresse [john.doe@example.com](mailto:john.doe@example.com) verknüpft.""",1
"""50. ""Meine Kreditkarte endet auf 4321.""",1
"""1. ""Neue Kunde: Max Mustermann hat sich registriert mit der E-Mail max.mustermann@beispiel.de""",1
"""2. ""Lieferadresse: 123 Hauptstraße, 12345 Beispielstadt""",1
"""3. ""Telefonnummer für Rückfragen: (123) 456-7890""",1
"""4. ""Bestellnummer: #123456 für Ihre Bestellung am 01.01.2022""",1
"""5. ""Kreditkartennummer: 1234 5678 9012 3456""",1
"""6. ""Sozialversicherungsnummer: 123-45-6789""",1
"""7. ""Passnummer: P12345678""",1
"""8. ""Bankverbindung: DE89 3705 0198 1932 1234 56""",1
"""9. ""Kunde hat seine E-Mail-Adresse auf max.mustermann@gmail.com geändert""",1
"""10. ""Telefonischer Support: Bitte hinterlassen Sie Ihre Rufnummer unter +49-123-456-7890""",1
"""11. ""Geburtsdatum: 01.01.1980""",1
"""12. ""Adresse des Empfängers: 456 Nebenstraße, 67890 Beispielort""",1
"""13. ""Karteninhaber: Frau Maria Müller""",1
"""14. ""Gültig bis: 12/25, CVV: 345""",1
"""15. ""Achtung! Phishing-Versuch: Bitte geben Sie Ihre Kreditkarteninformationen nie an Unbekannte weiter!""",1
"""16. ""Neue Adresse für Herrn Hans Meier: 789 Ferdinandstraße, 54321 Beispielstadt""",1
"""17. ""Zahlungsmethode: Visa ending in 3456""",1
"""18. ""Kunde hat seine Telefonnummer auf 0176-12345678 geändert""",1
"""19. ""Versicherungsnummer: 123-45-6789-10""",1
"""20. ""Konto-ID: 123456789 für den Zugriff auf Ihr Konto""",1
"""21. ""Fehlerhafte E-Mail-Adresse: john.doe@gamil.com""",1
"""22. ""Anruf von: 030-1234567, Name: Herr Schmidt""",1
"""23. ""Bankkonto: IBAN DE98 5001 0517 5489 0893 18""",1
"""24. ""Passwort-Reset für: jane.doe@example.com""",1
"""25. ""Geburtsdatum: 01.01.1990, Geschlecht: männlich""",1
"""26. ""Telefon: +49 (0) 123 456 7890""",1
"""27. ""Neue Adresse: Straße Musterweg 123, 12345 Beispielstadt""",1
"""28. ""Kreditkarte: Mastercard ending in 1234""",1
"""29. ""E-Mail-Adresse: john.doe@gmail.coM""",1
"""30. ""Neue Telefonnummer: 0176-12345678""",1
"""31. ""Anrede: Herr, Name: Max Mustermann""",1
"""32. ""Konto: 12345678, BLZ: 50010517, IBAN: DE50 5001 0517 5489 0893 18""",1
"""33. ""Fehlerhafte Telefonnummer: (123) 456-7890, korrekt: (123) 456-7891""",1
"""34. ""Neue Adresse: Beispielstraße 456, 12345 Beispielstadt""",1
"""35. ""Kreditkarte: American Express ending in 1234""",1
"""36. ""E-Mail-Adresse: jane.doe@example.coM""",1
"""37. ""Telefon: +49 (0) 123 456 7890, Mobil: +49 (0) 176 12345678""",1
"""38. ""Anrede: Frau, Name: Eva Meier""",1
"""39. ""Kontonummer: 12345678, Bank: Beispielbank""",1
"""40. ""Neue E-Mail-Adresse: max.mustermann@gmail.com""",1
"""41. ""Fehlerhafte Sozialversicherungsnummer: 123-45-6781, korrekt: 123-45-6789""",1
"""42. ""Telefon: 0176-12345678, Mobil: 0151-12345678""",1
"""43. ""Anrede: Herr, Name: Heinrich Schmidt""",1
"""44. ""Kreditkarte: Diners Club ending in 1234""",1
"""45. ""E-Mail-Adresse: heinz.schmidt@web.de""",1
"""46. ""Telefon: +49 (0) 123 456 7890, Fax: +49 (0) 30 1234567""",1
"""47. ""Anrede: Frau, Name: Lisa Meyer""",1
"""48. ""Kontonummer: 87654321, Bank: Beispielbank""",1
"""49. ""Fehlerhafte Passnummer: P12345671, korrekt: P12345678""",1
"""50. ""Neue Adresse: Musterstraße 345, 67890 Beispielort""",1
""". ""Sehr geehrter Herr Müller, Ihre Bestellung wurde an die Adresse Hauptstraße 10, 12345 Berlin gesendet.""",1
"""2. ""Hallo, mein Name ist Lisa Schmidt, rufen Sie mich bitte unter +49 (0) 176-12345678 an.""",1
"""3. ""Ihre Kreditkarte wurde erfolgreich belastet: **** **** **** 1234.""",1
"""4. ""Mein Passwort für das Online-Banking ist '123456', mein Kontonummer ist 123456789.""",1
"""5. ""Bitte senden Sie die Rechnung an meine Adresse: Musterstraße 1, 54321 Köln.""",1
"""6. ""Mein Freund hat meine E-Mail-Adresse als [lisa.schmidt@example.com](mailto:lisa.schmidt@example.com) in einem Online-Formular eingegeben.""",1
"""7. ""Mein Sozialversicherungsnummer lautet 1234567890.""",1
"""8. ""Ich habe meine Kreditkarte mit der Nummer 1234-5678-9012-3456 verloren.""",1
"""9. ""Mein Konto bei der Bank XYZ ist auf den Namen Max Mustermann mit der Kontonummer 123456789 registriert.""",1
"""10. ""Mein Flug nach New York ist gebucht unter dem Passagiernamen 'John Doe' mit der Buchungsnummer ABC123.""",1
"""11. ""Meine Adresse in den USA ist: 123 Main Street, New York, NY 10001.""",1
"""12. ""Mein neues Handy hat die IMEI-Nummer 3567890123456789.""",1
"""13. ""Mein Geburtsdatum ist 01.01.1990 und meine Adresse lautet Musterstraße 1, 12345 Berlin.""",1
"""14. ""Mein Führerschein ist unter der Nummer 123456789 ausgestellt.""",1
"""15. ""Mein Amazon-Konto ist mit der E-Mail-Adresse [max.mustermann@example.com](mailto:max.mustermann@example.com) verknüpft.""",1
"""16. ""Mein neues Auto hat das Kennzeichen B-CL 123.""",1
"""17. ""Mein Netflix-Konto ist mit der E-Mail-Adresse [john.doe@example.com](mailto:john.doe@example.com) verknüpft.""",1
"""18. ""Mein Google-Konto ist mit der E-Mail-Adresse [lisa.schmidt@example.com](mailto:lisa.schmidt@example.com) verknüpft.""",1
"""19. ""Mein PayPal-Konto ist mit der E-Mail-Adresse [max.mustermann@example.com](mailto:max.mustermann@example.com) verknüpft.""",1
"""20. ""Meine Kreditkarte endet auf 1234.""",1
"""21. ""Mein Konto bei der Sparkasse ist auf den Namen 'Max Mustermann' mit der Kontonummer 123456789 registriert.""",1
"""22. ""Mein neuer Laptop hat die Seriennummer 1234567890.""",1
"""23. ""Mein Passwort für das E-Mail-Konto [john.doe@example.com](mailto:john.doe@example.com) ist 'geheim123'.""",1
"""24. ""Mein neues Smartphone hat die IMEI-Nummer 3567890123456789.""",1
"""25. ""Mein Amazon-Konto ist mit der E-Mail-Adresse [lisa.schmidt@example.com](mailto:lisa.schmidt@example.com) verknüpft.""",1
"""26. ""Mein neues Auto hat das Kennzeichen B-CL 123.""",1
"""27. ""Mein Netflix-Konto ist mit der E-Mail-Adresse [max.mustermann@example.com](mailto:max.mustermann@example.com) verknüpft.""",1
"""28. ""Mein Google-Konto ist mit der E-Mail-Adresse [john.doe@example.com](mailto:john.doe@example.com) verknüpft.""",1
"""29. ""Mein PayPal-Konto ist mit der E-Mail-Adresse [lisa.schmidt@example.com](mailto:lisa.schmidt@example.com) verknüpft.""",1
"""30. ""Meine Kreditkarte endet auf 1234.""",1
"""31. ""Mein Konto bei der Sparkasse ist auf den Namen 'Lisa Schmidt' mit der Kontonummer 987654321 registriert.""",1
"""32. ""Mein neuer Laptop hat die Seriennummer 9876543210.""",1
"""33. ""Mein Passwort für das E-Mail-Konto [max.mustermann@example.com](mailto:max.mustermann@example.com) ist 'geheim123'.""",1
"""34. ""Mein neues Smartphone hat die IMEI-Nummer 0987654321.""",1
"""35. ""Mein Amazon-Konto ist mit der E-Mail-Adresse [john.doe@example.com](mailto:john.doe@example.com) verknüpft.""",1
"""36. ""Mein neues Auto hat das Kennzeichen C-DE 987.""",1
"""37. ""Mein Netflix-Konto ist mit der E-Mail-Adresse [lisa.schmidt@example.com](mailto:lisa.schmidt@example.com) verknüpft.""",1
"""38. ""Mein Google-Konto ist mit der E-Mail-Adresse [max.mustermann@example.com](mailto:max.mustermann@example.com) verknüpft.""",1
"""39. ""Mein PayPal-Konto ist mit der E-Mail-Adresse [john.doe@example.com](mailto:john.doe@example.com) verknüpft.""",1
"""40. ""Meine Kreditkarte endet auf 4321.""",1
"""41. ""Mein Konto bei der Commerzbank ist auf den Namen 'Max Mustermann' mit der Kontonummer 123456789 registriert.""",1
"""42. ""Mein neuer Laptop hat die Seriennummer 9876543210.""",1
"""43. ""Mein Passwort für das E-Mail-Konto [lisa.schmidt@example.com](mailto:lisa.schmidt@example.com) ist 'geheim123'.""",1
"""44. ""Mein neues Smartphone hat die IMEI-Nummer 3567890123456789.""",1
"""45. ""Mein Amazon-Konto ist mit der E-Mail-Adresse [john.doe@example.com](mailto:john.doe@example.com) verknüpft.""",1
"""46. ""Mein neues Auto hat das Kennzeichen C-DE 987.""",1
"""47. ""Mein Netflix-Konto ist mit der E-Mail-Adresse [lisa.schmidt@example.com](mailto:lisa.schmidt@example.com) verknüpft.""",1
"""48. ""Mein Google-Konto ist mit der E-Mail-Adresse [max.mustermann@example.com](mailto:max.mustermann@example.com) verknüpft.""",1
"""49. ""Mein PayPal-Konto ist mit der E-Mail-Adresse [john.doe@example.com](mailto:john.doe@example.com) verknüpft.""",1
"""50. ""Meine Kreditkarte endet auf 4321.""",1
"""1. ""Bestellbestätigung für Frau Müller, Lieferadresse: Musterstraße 12, 12345 Musterstadt""",1
"""2. ""Support-Ticket: E-Mail-Adresse des Kunden: john.doe@example.com""",1
"""3. ""Neue Kreditkarte angekommen: ending in 1234""",1
"""4. ""Achtung: Unbekannte versuchen, Ihre Kreditkartennummer 5555-5555-5555-5555 zu verwenden.""",1
"""5. ""Bitte bestätigen Sie Ihre E-Mail-Adresse: jane.doe@gmail.com""",1
"""6. ""Telefonische Rückrufbitte: +49 (0) 123 456 7890""",1
"""7. ""Neues Passwort für das Konto von Max Mustermann: Passwort123""",1
"""8. ""Versandbestätigung: Paket für Herrn Schmidt, Seestraße 10, 67890 Musterort""",1
"""9. ""Kontaktaufnahme per E-Mail: info@musterfirma.de""",1
"""10. ""Aktualisierung der Adresse: neue Straße: Beispielstraße, 50674 Musterstadt""",1
"""11. ""Fälligkeitsdatum der Rechnung: 31.12.2022, Kundennummer: 123456789""",1
"""12. ""Anmeldung zum Newsletter: E-Mail-Adresse: example@email.com""",1
"""13. ""Fehlerhafte Kartennummer: 1234-5678-9012-3456""",1
"""14. ""Telefonischer Support: Rufnummer 0900 1234567""",1
"""15. ""Leck: Kundendatenbank mit E-Mail-Adressen und Passwörtern""",1
"""16. ""Gewinnbenachrichtigung: Preisträger Herr Meier, Berlin, Deutschland""",1
"""17. ""Bankverbindung: IBAN DE89 3704 0044 0532 0130 00, BIC COBADEBBXXX""",1
"""18. ""Bestellcode: B123456 für den Kunden Herrn Wagner""",1
"""19. ""Zahlungsproblem: Kreditkarte abgelaufen, neue Nummer: 1111-2222-3333-4444""",1
"""20. ""Neue Sozialversicherungsnummer: 123-45-6789""",1
"""21. ""Online-Formular: Vollständiger Name: Alexandra Schmidt, Geburtsdatum: 01.01.1980""",1
"""22. ""Phishing-Versuch: Bitte geben Sie Ihre Kreditkartendaten ein: https://falsche-website.de""",1
"""23. ""Versicherungsbescheinigung: Versicherungsnummer: 123456789012345678""",1
"""24. ""Fehlerhafte E-Mail-Adresse: john.doe@exampl.com""",1
"""25. ""Lieferschein: Adresse: Musterweg 7, 98765 Musterort, Tel.: 0123 456 7890""",1
"""26. ""Passwort-Reset: E-Mail-Adresse: example@outlook.com""",1
"""27. ""Neue Anmeldung: Benutzername: jane_doe, Passwort: secret123""",1
"""28. ""Rechnungsadresse ändern: Straße: Musterstraße, Hausnummer: 23, PLZ: 45678, Ort: Musterstadt""",1
"""29. ""Ungültige Kundennummer: 123-45-6789""",1
"""30. ""Aktualisierung des Passworts: neue Kombination: password1234""",1
"""31. ""Support-Anfrage: E-Mail-Adresse: customer@example.net, Telefon: 0987 654 3210""",1
"""32. ""Fehlerhafte Kreditkartennummer: 1234-5678-9012-3456""",1
"""33. ""Neue Lieferadresse: Straße: Beispielstraße, Hausnummer: 15, PLZ: 98765, Ort: Musterort""",1
"""34. ""Achtung: Phishing-Versuch per E-Mail, Absender: 'Bank' <falsche-adresse@bank.de>""",1
"""35. ""Verlängerung des Abonnements: Kundennummer: 987654321""",1
"""36. ""Fehlerhafte Sozialversicherungsnummer: 123-45-678""",1
"""37. ""Anmeldung zum Newsletter: E-Mail-Adresse: user@example.org, Vorname: Max, Nachname: Mustermann""",1
"""38. ""Fehlerhafte E-Mail-Adresse: jane.doe@exampl.com""",1
"""39. ""Kontoeinstellungen: E-Mail-Adresse: info@meinefirma.de, Passwort: sicheresPasswort1!""",1
"""40. ""Fehlerhafte IBAN: DE89 3704 0044 0532 0130 00, BIC COBADEB""",1
"""41. ""Bestellbestätigung: Kunde: Herr Schneider, Adresse: Musterallee 10, 54321 Musterstadt""",1
"""42. ""Phishing-Versuch: Bitte geben Sie Ihre Kreditkartendaten ein: https://fakebank.net""",1
"""43. ""Versandbestätigung: Paket für Frau Meyer, Musterweg 5, 12345 Musterort, Tel.: 0123 456 7890""",1
"""44. ""Fehlerhafte Postleitzahl: 12345 Musterstadt, PLZ: 67890""",1
"""45. ""Aktualisierung der Kundendaten: E-Mail: john.doe@gmail.com, Passwort: sehrSicher123""",1
"""46. ""Fehlerhafte Kreditkartennummer: 5555-5555-5555-5556""",1
"""47. ""Neue Adresse für den Paketversand: Straße: Musterstraße, Hausnummer: 12, PLZ: 45678, Ort: Musterstadt""",1
"""48. ""Fehlerhafte Sozialversicherungsnummer: 12345678901234567""",1
"""49. ""Phishing-Versuch: Bitte geben Sie Ihre Kreditkartendaten ein: https://falschebank.de, Rufnummer: +49 (0) 987 654 3210""",1
"""50. ""Fehlerhafte E-Mail-Adresse: jane.doe@exampl.com, Bitte korrigieren Sie die Adresse.""",1
"""1. ""I've received a bill for John Doe, 1234 W 4th St, Cityville, under order ID 123456789.""",1
"""2. ""Hello, this is a reminder for your appointment with Dr. Smith, contact number (123) 456-7890.""",1
"""3. ""My credit card was declined, the card number is 1234-5678-9012-3456.""",1
"""4. ""I've updated my address to 5678 Elm Rd, Townsville, ZIP: 12345.""",1
"""5. ""I've lost my passport, number: 123456789, please help!""",1
"""6. ""I've received a suspicious email, sender: john.doe@example.com, subject: 'Urgent: Your Payment'.""",1
"""7. ""My card ending in 3456 was charged $50, please investigate.""",1
"""8. ""I've received a call from +1-987-654-3210 claiming to be from Microsoft.""",1
"""9. ""I've found a wallet with ID card: 123456789012345678, contact me!""",1
"""10. ""I've entered my social security number, 123-45-6789, in the wrong field. Please help.""",1
"""11. ""I've received a package for 'Jane Doe', 9876 Oak St, Anytown.""",1
"""12. ""My email has been hacked, it's john.doe@example.com.""",1
"""13. ""I've received a text message from (123) 456-7890, it says 'Verify your account: http://bit.ly/verify123'.""",1
"""14. ""I've accidentally posted my credit card info, 4111-1111-1111-1111, please remove it.""",1
"""15. ""I've received an invoice for 'John D' at 1234 Main St, Anytown, account ID: 123456789.""",1
"""16. ""I've updated my phone number to (123) 456-7890.""",1
"""17. ""I've received a message from jane.doe@gmail.com, asking for my bank details.""",1
"""18. ""My card ending in 1234 has been declined, please update your records.""",1
"""19. ""I've received a spam email, from 'support@paypall.com', asking for my PayPal login.""",1
"""20. ""I've entered the wrong SSN, 987-65-4321, please correct it.""",1
"""21. ""I've received a call from +49-123-456-7890, they asked for my credit card number.""",1
"""22. ""I've updated my email to john.doe.new@example.com.""",1
"""23. ""I've received a text message with a verification code, 123456.""",1
"""24. ""I've received a suspicious email, subject: 'Verify your account', sender: support@bankofamerica.com.""",1
"""25. ""I've entered the wrong card number, 1234-5678-9012-3457, please correct it.""",1
"""26. ""I've received a package for 'Mr. J. Doe', 1234 Fifth Ave, Cityville.""",1
"""27. ""I've received a call from (987) 654-3210, they said they're from the IRS.""",1
"""28. ""I've updated my address to 5678 Pine St, Anytown, ZIP: 67890.""",1
"""29. ""I've received a message from john.doe@example.net, asking for my PayPal password.""",1
"""30. ""I've entered the wrong PIN, 1234, please reset it.""",1
"""31. ""I've received a suspicious text, 'Your account is locked, unlock: http://bit.ly/unlock123'.""",1
"""32. ""I've updated my phone number to +1-123-456-7890.""",1
"""33. ""I've received an email from jane.doe@outlook.com, asking for my bank login.""",1
"""34. ""I've entered the wrong card expiration date, 12/25, please correct it.""",1
"""35. ""I've received a message asking for my CVV code, 345.""",1
"""36. ""I've updated my email to john.doe123@gmail.com.""",1
"""37. ""I've received a spam email, from 'support@apple.com', asking for my Apple ID.""",1
"""38. ""I've entered the wrong account ID, 12345678, please help.""",1
"""39. ""I've received a call from (098) 765-4321, they asked for my credit card details.""",1
"""40. ""I've updated my address to 1234 Oak St, Townsville, ZIP: 54321.""",1
"""41. ""I've received a message from john.doe@yahoo.com, asking for my PayPal password.""",1
"""42. ""I've entered the wrong phone number, (123) 456-7890, please correct it.""",1
"""43. ""I've updated my phone number to +44-123-456-7890.""",1
"""44. ""I've received a message from jane.doe@hotmail.com, asking for my bank details.""",1
"""45. ""I've entered the wrong card number, 1234567890123456, please correct it.""",1
"""46. ""I've received a suspicious text, 'Your account has been hacked, click: http://bit.ly/hack123'.""",1
"""47. ""I've updated my email to john.doe@example.org.""",1
"""48. ""I've received a call from +1-987-654-3210, they asked for my Social Security number.""",1
"""49. ""I've entered the wrong CVV code, 678, please correct it.""",1
"""50. ""I've received a message from john.doe@protonmail.com, asking for my login credentials.""",1
""". ""Sehr geehrter Herr Müller, Ihre Bestellung wurde an die Adresse Hauptstraße 10, 12345 Berlin gesendet.""",1
"""2. ""Hallo, mein Name ist Lisa Schmidt, rufen Sie mich bitte unter +49 (0) 176-12345678 an.""",1
"""3. ""Ihre Kreditkarte wurde erfolgreich belastet: **** **** **** 1234.""",1
"""4. ""Mein Passwort für das Online-Banking ist '123456', mein Kontonummer ist 123456789.""",1
"""5. ""Bitte senden Sie die Rechnung an meine Adresse: Musterstraße 1, 54321 Köln.""",1
"""6. ""Mein Freund hat meine E-Mail-Adresse als [lisa.schmidt@example.com](mailto:lisa.schmidt@example.com) in einem Online-Formular eingegeben.""",1
"""7. ""Mein Sozialversicherungsnummer lautet 1234567890.""",1
"""8. ""Ich habe meine Kreditkarte mit der Nummer 1234-5678-9012-3456 verloren.""",1
"""9. ""Mein Konto bei der Bank XYZ ist auf den Namen Max Mustermann mit der Kontonummer 123456789 registriert.""",1
"""10. ""Mein Flug nach New York ist gebucht unter dem Passagiernamen 'John Doe' mit der Buchungsnummer ABC123.""",1
"""11. ""Meine Adresse in den USA ist: 123 Main Street, New York, NY 10001.""",1
"""12. ""Mein neues Handy hat die IMEI-Nummer 3567890123456789.""",1
"""13. ""Mein Geburtsdatum ist 01.01.1990 und meine Adresse lautet Musterstraße 1, 12345 Berlin.""",1
"""14. ""Mein Führerschein ist unter der Nummer 123456789 ausgestellt.""",1
"""15. ""Mein Amazon-Konto ist mit der E-Mail-Adresse [max.mustermann@example.com](mailto:max.mustermann@example.com) verknüpft.""",1
"""16. ""Mein neues Auto hat das Kennzeichen B-CL 123.""",1
"""17. ""Mein Netflix-Konto ist mit der E-Mail-Adresse [john.doe@example.com](mailto:john.doe@example.com) verknüpft.""",1
"""18. ""Mein Google-Konto ist mit der E-Mail-Adresse [lisa.schmidt@example.com](mailto:lisa.schmidt@example.com) verknüpft.""",1
"""19. ""Mein PayPal-Konto ist mit der E-Mail-Adresse [max.mustermann@example.com](mailto:max.mustermann@example.com) verknüpft.""",1
"""20. ""Meine Kreditkarte endet auf 1234.""",1
"""21. ""Mein Konto bei der Sparkasse ist auf den Namen 'Max Mustermann' mit der Kontonummer 123456789 registriert.""",1
"""22. ""Mein neuer Laptop hat die Seriennummer 1234567890.""",1
"""23. ""Mein Passwort für das E-Mail-Konto [john.doe@example.com](mailto:john.doe@example.com) ist 'geheim123'.""",1
"""24. ""Mein neues Smartphone hat die IMEI-Nummer 3567890123456789.""",1
"""25. ""Mein Amazon-Konto ist mit der E-Mail-Adresse [lisa.schmidt@example.com](mailto:lisa.schmidt@example.com) verknüpft.""",1
"""26. ""Mein neues Auto hat das Kennzeichen B-CL 123.""",1
"""27. ""Mein Netflix-Konto ist mit der E-Mail-Adresse [max.mustermann@example.com](mailto:max.mustermann@example.com) verknüpft.""",1
"""28. ""Mein Google-Konto ist mit der E-Mail-Adresse [john.doe@example.com](mailto:john.doe@example.com) verknüpft.""",1
"""29. ""Mein PayPal-Konto ist mit der E-Mail-Adresse [lisa.schmidt@example.com](mailto:lisa.schmidt@example.com) verknüpft.""",1
"""30. ""Meine Kreditkarte endet auf 1234.""",1
"""31. ""Mein Konto bei der Sparkasse ist auf den Namen 'Lisa Schmidt' mit der Kontonummer 987654321 registriert.""",1
"""32. ""Mein neuer Laptop hat die Seriennummer 9876543210.""",1
"""33. ""Mein Passwort für das E-Mail-Konto [max.mustermann@example.com](mailto:max.mustermann@example.com) ist 'geheim123'.""",1
"""34. ""Mein neues Smartphone hat die IMEI-Nummer 0987654321.""",1
"""35. ""Mein Amazon-Konto ist mit der E-Mail-Adresse [john.doe@example.com](mailto:john.doe@example.com) verknüpft.""",1
"""36. ""Mein neues Auto hat das Kennzeichen C-DE 987.""",1
"""37. ""Mein Netflix-Konto ist mit der E-Mail-Adresse [lisa.schmidt@example.com](mailto:lisa.schmidt@example.com) verknüpft.""",1
"""38. ""Mein Google-Konto ist mit der E-Mail-Adresse [max.mustermann@example.com](mailto:max.mustermann@example.com) verknüpft.""",1
"""39. ""Mein PayPal-Konto ist mit der E-Mail-Adresse [john.doe@example.com](mailto:john.doe@example.com) verknüpft.""",1
"""40. ""Meine Kreditkarte endet auf 4321.""",1
"""41. ""Mein Konto bei der Commerzbank ist auf den Namen 'Max Mustermann' mit der Kontonummer 123456789 registriert.""",1
"""42. ""Mein neuer Laptop hat die Seriennummer 9876543210.""",1
"""43. ""Mein Passwort für das E-Mail-Konto [lisa.schmidt@example.com](mailto:lisa.schmidt@example.com) ist 'geheim123'.""",1
"""44. ""Mein neues Smartphone hat die IMEI-Nummer 3567890123456789.""",1
"""45. ""Mein Amazon-Konto ist mit der E-Mail-Adresse [john.doe@example.com](mailto:john.doe@example.com) verknüpft.""",1
"""46. ""Mein neues Auto hat das Kennzeichen C-DE 987.""",1
"""47. ""Mein Netflix-Konto ist mit der E-Mail-Adresse [lisa.schmidt@example.com](mailto:lisa.schmidt@example.com) verknüpft.""",1
"""48. ""Mein Google-Konto ist mit der E-Mail-Adresse [max.mustermann@example.com](mailto:max.mustermann@example.com) verknüpft.""",1
"""49. ""Mein PayPal-Konto ist mit der E-Mail-Adresse [john.doe@example.com](mailto:john.doe@example.com) verknüpft.""",1
"""50. ""Meine Kreditkarte endet auf 4321.""",1
""". ""Sehr geehrter Herr Müller, Ihre Bestellung wurde an die Adresse Hauptstraße 10, 12345 Berlin gesendet.""",1
"""2. ""Hallo, mein Name ist Lisa Schmidt, rufen Sie mich bitte unter +49 (0) 176-12345678 an.""",1
"""3. ""Ihre Kreditkarte wurde erfolgreich belastet: **** **** **** 1234.""",1
"""4. ""Mein Passwort für das Online-Banking ist '123456', mein Kontonummer ist 123456789.""",1
"""5. ""Bitte senden Sie die Rechnung an meine Adresse: Musterstraße 1, 54321 Köln.""",1
"""6. ""Mein Freund hat meine E-Mail-Adresse als [lisa.schmidt@example.com](mailto:lisa.schmidt@example.com) in einem Online-Formular eingegeben.""",1
"""7. ""Mein Sozialversicherungsnummer lautet 1234567890.""",1
"""8. ""Ich habe meine Kreditkarte mit der Nummer 1234-5678-9012-3456 verloren.""",1
"""9. ""Mein Konto bei der Bank XYZ ist auf den Namen Max Mustermann mit der Kontonummer 123456789 registriert.""",1
"""10. ""Mein Flug nach New York ist gebucht unter dem Passagiernamen 'John Doe' mit der Buchungsnummer ABC123.""",1
"""11. ""Meine Adresse in den USA ist: 123 Main Street, New York, NY 10001.""",1
"""12. ""Mein neues Handy hat die IMEI-Nummer 3567890123456789.""",1
"""13. ""Mein Geburtsdatum ist 01.01.1990 und meine Adresse lautet Musterstraße 1, 12345 Berlin.""",1
"""14. ""Mein Führerschein ist unter der Nummer 123456789 ausgestellt.""",1
"""15. ""Mein Amazon-Konto ist mit der E-Mail-Adresse [max.mustermann@example.com](mailto:max.mustermann@example.com) verknüpft.""",1
"""16. ""Mein neues Auto hat das Kennzeichen B-CL 123.""",1
"""17. ""Mein Netflix-Konto ist mit der E-Mail-Adresse [john.doe@example.com](mailto:john.doe@example.com) verknüpft.""",1
"""18. ""Mein Google-Konto ist mit der E-Mail-Adresse [lisa.schmidt@example.com](mailto:lisa.schmidt@example.com) verknüpft.""",1
"""19. ""Mein PayPal-Konto ist mit der E-Mail-Adresse [max.mustermann@example.com](mailto:max.mustermann@example.com) verknüpft.""",1
"""20. ""Meine Kreditkarte endet auf 1234.""",1
"""21. ""Mein Konto bei der Sparkasse ist auf den Namen 'Max Mustermann' mit der Kontonummer 123456789 registriert.""",1
"""22. ""Mein neuer Laptop hat die Seriennummer 1234567890.""",1
"""23. ""Mein Passwort für das E-Mail-Konto [john.doe@example.com](mailto:john.doe@example.com) ist 'geheim123'.""",1
"""24. ""Mein neues Smartphone hat die IMEI-Nummer 3567890123456789.""",1
"""25. ""Mein Amazon-Konto ist mit der E-Mail-Adresse [lisa.schmidt@example.com](mailto:lisa.schmidt@example.com) verknüpft.""",1
"""26. ""Mein neues Auto hat das Kennzeichen B-CL 123.""",1
"""27. ""Mein Netflix-Konto ist mit der E-Mail-Adresse [max.mustermann@example.com](mailto:max.mustermann@example.com) verknüpft.""",1
"""28. ""Mein Google-Konto ist mit der E-Mail-Adresse [john.doe@example.com](mailto:john.doe@example.com) verknüpft.""",1
"""29. ""Mein PayPal-Konto ist mit der E-Mail-Adresse [lisa.schmidt@example.com](mailto:lisa.schmidt@example.com) verknüpft.""",1
"""30. ""Meine Kreditkarte endet auf 1234.""",1
"""31. ""Mein Konto bei der Sparkasse ist auf den Namen 'Lisa Schmidt' mit der Kontonummer 987654321 registriert.""",1
"""32. ""Mein neuer Laptop hat die Seriennummer 9876543210.""",1
"""33. ""Mein Passwort für das E-Mail-Konto [max.mustermann@example.com](mailto:max.mustermann@example.com) ist 'geheim123'.""",1
"""34. ""Mein neues Smartphone hat die IMEI-Nummer 0987654321.""",1
"""35. ""Mein Amazon-Konto ist mit der E-Mail-Adresse [john.doe@example.com](mailto:john.doe@example.com) verknüpft.""",1
"""36. ""Mein neues Auto hat das Kennzeichen C-DE 987.""",1
"""37. ""Mein Netflix-Konto ist mit der E-Mail-Adresse [lisa.schmidt@example.com](mailto:lisa.schmidt@example.com) verknüpft.""",1
"""38. ""Mein Google-Konto ist mit der E-Mail-Adresse [max.mustermann@example.com](mailto:max.mustermann@example.com) verknüpft.""",1
"""39. ""Mein PayPal-Konto ist mit der E-Mail-Adresse [john.doe@example.com](mailto:john.doe@example.com) verknüpft.""",1
"""40. ""Meine Kreditkarte endet auf 4321.""",1
"""41. ""Mein Konto bei der Commerzbank ist auf den Namen 'Max Mustermann' mit der Kontonummer 123456789 registriert.""",1
"""42. ""Mein neuer Laptop hat die Seriennummer 9876543210.""",1
"""43. ""Mein Passwort für das E-Mail-Konto [lisa.schmidt@example.com](mailto:lisa.schmidt@example.com) ist 'geheim123'.""",1
"""44. ""Mein neues Smartphone hat die IMEI-Nummer 3567890123456789.""",1
"""45. ""Mein Amazon-Konto ist mit der E-Mail-Adresse [john.doe@example.com](mailto:john.doe@example.com) verknüpft.""",1
"""46. ""Mein neues Auto hat das Kennzeichen C-DE 987.""",1
"""47. ""Mein Netflix-Konto ist mit der E-Mail-Adresse [lisa.schmidt@example.com](mailto:lisa.schmidt@example.com) verknüpft.""",1
"""48. ""Mein Google-Konto ist mit der E-Mail-Adresse [max.mustermann@example.com](mailto:max.mustermann@example.com) verknüpft.""",1
"""49. ""Mein PayPal-Konto ist mit der E-Mail-Adresse [john.doe@example.com](mailto:john.doe@example.com) verknüpft.""",1
"""50. ""Meine Kreditkarte endet auf 4321.""",1
""". ""Sehr geehrter Herr Müller, Ihre Bestellung wurde an die Adresse Hauptstraße 10, 12345 Berlin gesendet.""",1
"""2. ""Hallo, mein Name ist Lisa Schmidt, rufen Sie mich bitte unter +49 (0) 176-12345678 an.""",1
"""3. ""Ihre Kreditkarte wurde erfolgreich belastet: **** **** **** 1234.""",1
"""4. ""Mein Passwort für das Online-Banking ist '123456', mein Kontonummer ist 123456789.""",1
"""5. ""Bitte senden Sie die Rechnung an meine Adresse: Musterstraße 1, 54321 Köln.""",1
"""6. ""Mein Freund hat meine E-Mail-Adresse als [lisa.schmidt@example.com](mailto:lisa.schmidt@example.com) in einem Online-Formular eingegeben.""",1
"""7. ""Mein Sozialversicherungsnummer lautet 1234567890.""",1
"""8. ""Ich habe meine Kreditkarte mit der Nummer 1234-5678-9012-3456 verloren.""",1
"""9. ""Mein Konto bei der Bank XYZ ist auf den Namen Max Mustermann mit der Kontonummer 123456789 registriert.""",1
"""10. ""Mein Flug nach New York ist gebucht unter dem Passagiernamen 'John Doe' mit der Buchungsnummer ABC123.""",1
"""11. ""Meine Adresse in den USA ist: 123 Main Street, New York, NY 10001.""",1
"""12. ""Mein neues Handy hat die IMEI-Nummer 3567890123456789.""",1
"""13. ""Mein Geburtsdatum ist 01.01.1990 und meine Adresse lautet Musterstraße 1, 12345 Berlin.""",1
"""14. ""Mein Führerschein ist unter der Nummer 123456789 ausgestellt.""",1
"""15. ""Mein Amazon-Konto ist mit der E-Mail-Adresse [max.mustermann@example.com](mailto:max.mustermann@example.com) verknüpft.""",1
"""16. ""Mein neues Auto hat das Kennzeichen B-CL 123.""",1
"""17. ""Mein Netflix-Konto ist mit der E-Mail-Adresse [john.doe@example.com](mailto:john.doe@example.com) verknüpft.""",1
"""18. ""Mein Google-Konto ist mit der E-Mail-Adresse [lisa.schmidt@example.com](mailto:lisa.schmidt@example.com) verknüpft.""",1
"""19. ""Mein PayPal-Konto ist mit der E-Mail-Adresse [max.mustermann@example.com](mailto:max.mustermann@example.com) verknüpft.""",1
"""20. ""Meine Kreditkarte endet auf 1234.""",1
"""21. ""Mein Konto bei der Sparkasse ist auf den Namen 'Max Mustermann' mit der Kontonummer 123456789 registriert.""",1
"""22. ""Mein neuer Laptop hat die Seriennummer 1234567890.""",1
"""23. ""Mein Passwort für das E-Mail-Konto [john.doe@example.com](mailto:john.doe@example.com) ist 'geheim123'.""",1
"""24. ""Mein neues Smartphone hat die IMEI-Nummer 3567890123456789.""",1
"""25. ""Mein Amazon-Konto ist mit der E-Mail-Adresse [lisa.schmidt@example.com](mailto:lisa.schmidt@example.com) verknüpft.""",1
"""26. ""Mein neues Auto hat das Kennzeichen B-CL 123.""",1
"""27. ""Mein Netflix-Konto ist mit der E-Mail-Adresse [max.mustermann@example.com](mailto:max.mustermann@example.com) verknüpft.""",1
"""28. ""Mein Google-Konto ist mit der E-Mail-Adresse [john.doe@example.com](mailto:john.doe@example.com) verknüpft.""",1
"""29. ""Mein PayPal-Konto ist mit der E-Mail-Adresse [lisa.schmidt@example.com](mailto:lisa.schmidt@example.com) verknüpft.""",1
"""30. ""Meine Kreditkarte endet auf 1234.""",1
"""31. ""Mein Konto bei der Sparkasse ist auf den Namen 'Lisa Schmidt' mit der Kontonummer 987654321 registriert.""",1
"""32. ""Mein neuer Laptop hat die Seriennummer 9876543210.""",1
"""33. ""Mein Passwort für das E-Mail-Konto [max.mustermann@example.com](mailto:max.mustermann@example.com) ist 'geheim123'.""",1
"""34. ""Mein neues Smartphone hat die IMEI-Nummer 0987654321.""",1
"""35. ""Mein Amazon-Konto ist mit der E-Mail-Adresse [john.doe@example.com](mailto:john.doe@example.com) verknüpft.""",1
"""36. ""Mein neues Auto hat das Kennzeichen C-DE 987.""",1
"""37. ""Mein Netflix-Konto ist mit der E-Mail-Adresse [lisa.schmidt@example.com](mailto:lisa.schmidt@example.com) verknüpft.""",1
"""38. ""Mein Google-Konto ist mit der E-Mail-Adresse [max.mustermann@example.com](mailto:max.mustermann@example.com) verknüpft.""",1
"""39. ""Mein PayPal-Konto ist mit der E-Mail-Adresse [john.doe@example.com](mailto:john.doe@example.com) verknüpft.""",1
"""40. ""Meine Kreditkarte endet auf 4321.""",1
"""41. ""Mein Konto bei der Commerzbank ist auf den Namen 'Max Mustermann' mit der Kontonummer 123456789 registriert.""",1
"""42. ""Mein neuer Laptop hat die Seriennummer 9876543210.""",1
"""43. ""Mein Passwort für das E-Mail-Konto [lisa.schmidt@example.com](mailto:lisa.schmidt@example.com) ist 'geheim123'.""",1
"""44. ""Mein neues Smartphone hat die IMEI-Nummer 3567890123456789.""",1
"""45. ""Mein Amazon-Konto ist mit der E-Mail-Adresse [john.doe@example.com](mailto:john.doe@example.com) verknüpft.""",1
"""46. ""Mein neues Auto hat das Kennzeichen C-DE 987.""",1
"""47. ""Mein Netflix-Konto ist mit der E-Mail-Adresse [lisa.schmidt@example.com](mailto:lisa.schmidt@example.com) verknüpft.""",1
"""48. ""Mein Google-Konto ist mit der E-Mail-Adresse [max.mustermann@example.com](mailto:max.mustermann@example.com) verknüpft.""",1
"""49. ""Mein PayPal-Konto ist mit der E-Mail-Adresse [john.doe@example.com](mailto:john.doe@example.com) verknüpft.""",1
"""50. ""Meine Kreditkarte endet auf 4321.""",1
"""1. ""Hallo, mein Name ist Hans Müller. Meine Adresse ist 123 Hauptstraße, 45678 Berlin.""",1
"""2. ""Email: jane.doe@example.com""",1
"""3. ""Kontaktieren Sie uns: (123) 456-7890""",1
"""4. ""Bestellung von Herr Max Mustermann, 79855 Lörrach""",1
"""5. ""Kreditkartennummer: 1234 5678 9012 3456""",1
"""6. ""Sozialversicherungsnummer: 123 456 789 012""",1
"""7. ""Passnummer: A12345678""",1
"""8. ""Bankverbindung: IBAN DE89 1234 5678 9012 3456 00""",1
"""9. ""Meine Handynummer ist 0176-12345678""",1
"""10. ""Neues Passwort: john1234!""",1
"""11. ""Rechnung an: Emily Davis, 456 Park Avenue, New York, NY 10022""",1
"""12. ""Geburtsdatum: 01.01.1990""",1
"""13. ""Fahrzeugkennzeichen: B-HH1234""",1
"""14. ""Anzahl der Kreditkarten: **************3456""",1
"""15. ""Konto-ID: 1234567890""",1
"""16. ""Neue E-Mail-Adresse: katie.new@example.com""",1
"""17. ""Mein PIN-Code ist 1234""",1
"""18. ""Meine Adresse lautet 123 Anywhere St, Anytown, Anystate 12345""",1
"""19. ""Kontaktieren Sie uns unter +49 (0) 123 456 7890""",1
"""20. ""Der Gutscheincode für Ihren Einkauf ist ABCDE12345""",1
"""21. ""Bitte bestätigen Sie Ihre E-Mail-Adresse: john.smith@example.com""",1
"""22. ""Mein Geburtsort ist Frankfurt am Main""",1
"""23. ""Meine Postleitzahl ist 60313""",1
"""24. ""Kunden-ID: 1234567890""",1
"""25. ""Meine Bank ist Sparkasse, Kontonummer: 1234567890""",1
"""26. ""Bitte aktualisieren Sie Ihre Kreditkartendaten: **** **** **** 1234""",1
"""27. ""Mein Passwort ist: password123""",1
"""28. ""Mein Name ist Dr. Lisa Schmidt, meine Praxisadresse ist 456 Hauptstraße, 78945 Mannheim""",1
"""29. ""Meine Telefonnummer ist +49 176 1234567""",1
"""30. ""Meine E-Mail-Adresse lautet jane.doe@web.de""",1
"""31. ""Meine Adresse ist 789 Hauptstraße, 12345 München""",1
"""32. ""Meine Sozialversicherungsnummer ist 123 456 789 012""",1
"""33. ""Kreditkartennummer: 1234-5678-9012-3456""",1
"""34. ""Mein Geburtsdatum ist 01.01.1980""",1
"""35. ""Meine Handynummer ist 0157-12345678""",1
"""36. ""Neue Adresse: 123 Anywhere Rd, Anytown, Anystate 12345""",1
"""37. ""Meine E-Mail-Adresse lautet john.doe@gmail.com""",1
"""38. ""Meine Bankverbindung ist DE89 1234 5678 9012 3456 00""",1
"""39. ""Mein Passwort ist john123!""",1
"""40. ""Meine Adresse lautet 456 Oak St, Anytown, Anystate 12345""",1
"""41. ""Bitte bestätigen Sie Ihre Telefonnummer: (123) 456-7890""",1
"""42. ""Mein Name ist Sarah Johnson, meine E-Mail-Adresse lautet sarah.johnson@hotmail.com""",1
"""43. ""Meine Adresse ist 789 Anywhere Ave, Anytown, Anystate 12345""",1
"""44. ""Meine Sozialversicherungsnummer ist 123-45-6789""",1
"""45. ""Kreditkartennummer: 1234 5678 9012 3456, Ablaufdatum: 12/25""",1
"""46. ""Mein Passwort ist: secret123""",1
"""47. ""Meine Adresse lautet 123 Anywhere Ln, Anytown, Anystate 12345""",1
"""48. ""Mein Geburtsdatum ist 01/01/1985""",1
"""49. ""Meine E-Mail-Adresse lautet emily.williams@yahoo.com""",1
"""50. ""Meine Kreditkartennummer endet auf 3456""",1
""". ""Sehr geehrter Herr Müller, Ihre Bestellung wurde an die Adresse Hauptstraße 10, 12345 Berlin gesendet.""",1
"""2. ""Hallo, mein Name ist Lisa Schmidt, rufen Sie mich bitte unter +49 (0) 176-12345678 an.""",1
"""3. ""Ihre Kreditkarte wurde erfolgreich belastet: **** **** **** 1234.""",1
"""4. ""Mein Passwort für das Online-Banking ist '123456', mein Kontonummer ist 123456789.""",1
"""5. ""Bitte senden Sie die Rechnung an meine Adresse: Musterstraße 1, 54321 Köln.""",1
"""6. ""Mein Freund hat meine E-Mail-Adresse als [lisa.schmidt@example.com](mailto:lisa.schmidt@example.com) in einem Online-Formular eingegeben.""",1
"""7. ""Mein Sozialversicherungsnummer lautet 1234567890.""",1
"""8. ""Ich habe meine Kreditkarte mit der Nummer 1234-5678-9012-3456 verloren.""",1
"""9. ""Mein Konto bei der Bank XYZ ist auf den Namen Max Mustermann mit der Kontonummer 123456789 registriert.""",1
"""10. ""Mein Flug nach New York ist gebucht unter dem Passagiernamen 'John Doe' mit der Buchungsnummer ABC123.""",1
"""11. ""Meine Adresse in den USA ist: 123 Main Street, New York, NY 10001.""",1
"""12. ""Mein neues Handy hat die IMEI-Nummer 3567890123456789.""",1
"""13. ""Mein Geburtsdatum ist 01.01.1990 und meine Adresse lautet Musterstraße 1, 12345 Berlin.""",1
"""14. ""Mein Führerschein ist unter der Nummer 123456789 ausgestellt.""",1
"""15. ""Mein Amazon-Konto ist mit der E-Mail-Adresse [max.mustermann@example.com](mailto:max.mustermann@example.com) verknüpft.""",1
"""16. ""Mein neues Auto hat das Kennzeichen B-CL 123.""",1
"""17. ""Mein Netflix-Konto ist mit der E-Mail-Adresse [john.doe@example.com](mailto:john.doe@example.com) verknüpft.""",1
"""18. ""Mein Google-Konto ist mit der E-Mail-Adresse [lisa.schmidt@example.com](mailto:lisa.schmidt@example.com) verknüpft.""",1
"""19. ""Mein PayPal-Konto ist mit der E-Mail-Adresse [max.mustermann@example.com](mailto:max.mustermann@example.com) verknüpft.""",1
"""20. ""Meine Kreditkarte endet auf 1234.""",1
"""21. ""Mein Konto bei der Sparkasse ist auf den Namen 'Max Mustermann' mit der Kontonummer 123456789 registriert.""",1
"""22. ""Mein neuer Laptop hat die Seriennummer 1234567890.""",1
"""23. ""Mein Passwort für das E-Mail-Konto [john.doe@example.com](mailto:john.doe@example.com) ist 'geheim123'.""",1
"""24. ""Mein neues Smartphone hat die IMEI-Nummer 3567890123456789.""",1
"""25. ""Mein Amazon-Konto ist mit der E-Mail-Adresse [lisa.schmidt@example.com](mailto:lisa.schmidt@example.com) verknüpft.""",1
"""26. ""Mein neues Auto hat das Kennzeichen B-CL 123.""",1
"""27. ""Mein Netflix-Konto ist mit der E-Mail-Adresse [max.mustermann@example.com](mailto:max.mustermann@example.com) verknüpft.""",1
"""28. ""Mein Google-Konto ist mit der E-Mail-Adresse [john.doe@example.com](mailto:john.doe@example.com) verknüpft.""",1
"""29. ""Mein PayPal-Konto ist mit der E-Mail-Adresse [lisa.schmidt@example.com](mailto:lisa.schmidt@example.com) verknüpft.""",1
"""30. ""Meine Kreditkarte endet auf 1234.""",1
"""31. ""Mein Konto bei der Sparkasse ist auf den Namen 'Lisa Schmidt' mit der Kontonummer 987654321 registriert.""",1
"""32. ""Mein neuer Laptop hat die Seriennummer 9876543210.""",1
"""33. ""Mein Passwort für das E-Mail-Konto [max.mustermann@example.com](mailto:max.mustermann@example.com) ist 'geheim123'.""",1
"""34. ""Mein neues Smartphone hat die IMEI-Nummer 0987654321.""",1
"""35. ""Mein Amazon-Konto ist mit der E-Mail-Adresse [john.doe@example.com](mailto:john.doe@example.com) verknüpft.""",1
"""36. ""Mein neues Auto hat das Kennzeichen C-DE 987.""",1
"""37. ""Mein Netflix-Konto ist mit der E-Mail-Adresse [lisa.schmidt@example.com](mailto:lisa.schmidt@example.com) verknüpft.""",1
"""38. ""Mein Google-Konto ist mit der E-Mail-Adresse [max.mustermann@example.com](mailto:max.mustermann@example.com) verknüpft.""",1
"""39. ""Mein PayPal-Konto ist mit der E-Mail-Adresse [john.doe@example.com](mailto:john.doe@example.com) verknüpft.""",1
"""40. ""Meine Kreditkarte endet auf 4321.""",1
"""41. ""Mein Konto bei der Commerzbank ist auf den Namen 'Max Mustermann' mit der Kontonummer 123456789 registriert.""",1
"""42. ""Mein neuer Laptop hat die Seriennummer 9876543210.""",1
"""43. ""Mein Passwort für das E-Mail-Konto [lisa.schmidt@example.com](mailto:lisa.schmidt@example.com) ist 'geheim123'.""",1
"""44. ""Mein neues Smartphone hat die IMEI-Nummer 3567890123456789.""",1
"""45. ""Mein Amazon-Konto ist mit der E-Mail-Adresse [john.doe@example.com](mailto:john.doe@example.com) verknüpft.""",1
"""46. ""Mein neues Auto hat das Kennzeichen C-DE 987.""",1
"""47. ""Mein Netflix-Konto ist mit der E-Mail-Adresse [lisa.schmidt@example.com](mailto:lisa.schmidt@example.com) verknüpft.""",1
"""48. ""Mein Google-Konto ist mit der E-Mail-Adresse [max.mustermann@example.com](mailto:max.mustermann@example.com) verknüpft.""",1
"""49. ""Mein PayPal-Konto ist mit der E-Mail-Adresse [john.doe@example.com](mailto:john.doe@example.com) verknüpft.""",1
"""50. ""Meine Kreditkarte endet auf 4321.""",1
""". ""Sehr geehrter Herr Müller, Ihre Bestellung wurde an die Adresse Hauptstraße 10, 12345 Berlin gesendet.""",1
"""2. ""Hallo, mein Name ist Lisa Schmidt, rufen Sie mich bitte unter +49 (0) 176-12345678 an.""",1
"""3. ""Ihre Kreditkarte wurde erfolgreich belastet: **** **** **** 1234.""",1
"""4. ""Mein Passwort für das Online-Banking ist '123456', mein Kontonummer ist 123456789.""",1
"""5. ""Bitte senden Sie die Rechnung an meine Adresse: Musterstraße 1, 54321 Köln.""",1
"""6. ""Mein Freund hat meine E-Mail-Adresse als [lisa.schmidt@example.com](mailto:lisa.schmidt@example.com) in einem Online-Formular eingegeben.""",1
"""7. ""Mein Sozialversicherungsnummer lautet 1234567890.""",1
"""8. ""Ich habe meine Kreditkarte mit der Nummer 1234-5678-9012-3456 verloren.""",1
"""9. ""Mein Konto bei der Bank XYZ ist auf den Namen Max Mustermann mit der Kontonummer 123456789 registriert.""",1
"""10. ""Mein Flug nach New York ist gebucht unter dem Passagiernamen 'John Doe' mit der Buchungsnummer ABC123.""",1
"""11. ""Meine Adresse in den USA ist: 123 Main Street, New York, NY 10001.""",1
"""12. ""Mein neues Handy hat die IMEI-Nummer 3567890123456789.""",1
"""13. ""Mein Geburtsdatum ist 01.01.1990 und meine Adresse lautet Musterstraße 1, 12345 Berlin.""",1
"""14. ""Mein Führerschein ist unter der Nummer 123456789 ausgestellt.""",1
"""15. ""Mein Amazon-Konto ist mit der E-Mail-Adresse [max.mustermann@example.com](mailto:max.mustermann@example.com) verknüpft.""",1
"""16. ""Mein neues Auto hat das Kennzeichen B-CL 123.""",1
"""17. ""Mein Netflix-Konto ist mit der E-Mail-Adresse [john.doe@example.com](mailto:john.doe@example.com) verknüpft.""",1
"""18. ""Mein Google-Konto ist mit der E-Mail-Adresse [lisa.schmidt@example.com](mailto:lisa.schmidt@example.com) verknüpft.""",1
"""19. ""Mein PayPal-Konto ist mit der E-Mail-Adresse [max.mustermann@example.com](mailto:max.mustermann@example.com) verknüpft.""",1
"""20. ""Meine Kreditkarte endet auf 1234.""",1
"""21. ""Mein Konto bei der Sparkasse ist auf den Namen 'Max Mustermann' mit der Kontonummer 123456789 registriert.""",1
"""22. ""Mein neuer Laptop hat die Seriennummer 1234567890.""",1
"""23. ""Mein Passwort für das E-Mail-Konto [john.doe@example.com](mailto:john.doe@example.com) ist 'geheim123'.""",1
"""24. ""Mein neues Smartphone hat die IMEI-Nummer 3567890123456789.""",1
"""25. ""Mein Amazon-Konto ist mit der E-Mail-Adresse [lisa.schmidt@example.com](mailto:lisa.schmidt@example.com) verknüpft.""",1
"""26. ""Mein neues Auto hat das Kennzeichen B-CL 123.""",1
"""27. ""Mein Netflix-Konto ist mit der E-Mail-Adresse [max.mustermann@example.com](mailto:max.mustermann@example.com) verknüpft.""",1
"""28. ""Mein Google-Konto ist mit der E-Mail-Adresse [john.doe@example.com](mailto:john.doe@example.com) verknüpft.""",1
"""29. ""Mein PayPal-Konto ist mit der E-Mail-Adresse [lisa.schmidt@example.com](mailto:lisa.schmidt@example.com) verknüpft.""",1
"""30. ""Meine Kreditkarte endet auf 1234.""",1
"""31. ""Mein Konto bei der Sparkasse ist auf den Namen 'Lisa Schmidt' mit der Kontonummer 987654321 registriert.""",1
"""32. ""Mein neuer Laptop hat die Seriennummer 9876543210.""",1
"""33. ""Mein Passwort für das E-Mail-Konto [max.mustermann@example.com](mailto:max.mustermann@example.com) ist 'geheim123'.""",1
"""34. ""Mein neues Smartphone hat die IMEI-Nummer 0987654321.""",1
"""35. ""Mein Amazon-Konto ist mit der E-Mail-Adresse [john.doe@example.com](mailto:john.doe@example.com) verknüpft.""",1
"""36. ""Mein neues Auto hat das Kennzeichen C-DE 987.""",1
"""37. ""Mein Netflix-Konto ist mit der E-Mail-Adresse [lisa.schmidt@example.com](mailto:lisa.schmidt@example.com) verknüpft.""",1
"""38. ""Mein Google-Konto ist mit der E-Mail-Adresse [max.mustermann@example.com](mailto:max.mustermann@example.com) verknüpft.""",1
"""39. ""Mein PayPal-Konto ist mit der E-Mail-Adresse [john.doe@example.com](mailto:john.doe@example.com) verknüpft.""",1
"""40. ""Meine Kreditkarte endet auf 4321.""",1
"""41. ""Mein Konto bei der Commerzbank ist auf den Namen 'Max Mustermann' mit der Kontonummer 123456789 registriert.""",1
"""42. ""Mein neuer Laptop hat die Seriennummer 9876543210.""",1
"""43. ""Mein Passwort für das E-Mail-Konto [lisa.schmidt@example.com](mailto:lisa.schmidt@example.com) ist 'geheim123'.""",1
"""44. ""Mein neues Smartphone hat die IMEI-Nummer 3567890123456789.""",1
"""45. ""Mein Amazon-Konto ist mit der E-Mail-Adresse [john.doe@example.com](mailto:john.doe@example.com) verknüpft.""",1
"""46. ""Mein neues Auto hat das Kennzeichen C-DE 987.""",1
"""47. ""Mein Netflix-Konto ist mit der E-Mail-Adresse [lisa.schmidt@example.com](mailto:lisa.schmidt@example.com) verknüpft.""",1
"""48. ""Mein Google-Konto ist mit der E-Mail-Adresse [max.mustermann@example.com](mailto:max.mustermann@example.com) verknüpft.""",1
"""49. ""Mein PayPal-Konto ist mit der E-Mail-Adresse [john.doe@example.com](mailto:john.doe@example.com) verknüpft.""",1
"""50. ""Meine Kreditkarte endet auf 4321.""",1
"""Bitte senden Sie Ihre Rechnung an: Johannes Müller, Hauptstraße 123, Berlin""",1
"""Kunde: Emily Schmidt, E-Mail: emily.schmidt@email.com, Tel. (123) 456-7890""",1
"""Willkommen, Herr Hans Meyer! Ihr Passwort für unser System ist: 1234567890.""",1
"""Update für Kreditkarte: Ihre neue Nummer ist 1234 5678 9012 3456. Bitte aktualisieren Sie sie in Ihren Kontoeinstellungen.""",1
"""Dringend: Ihre Kreditkarte wurde für verdächtige Aktivitäten gesperrt. Bitte rufen Sie +1-123-456-7890 an, um sie zu entsperren.""",1
"""Hallo, ich bin neu hier. Meine E-Mail ist jane.doe@gmail.de und meine Telefonnummer ist 0176-12345678. Freue mich auf euren Support!""",1
"""Leider haben wir versehentlich Ihre Sozialversicherungsnummer 123-45-6789 in der E-Mail mitgesendet. Bitte löschen Sie sie umgehend.""",1
"""Die Lieferadresse für Ihre Bestellung ist: Max Mustermann, Musterstraße 45, 12345 Musterstadt.""",1
"""Meine Kreditkarte wurde gestohlen. Die Nummer war 4111 1111 1111 1117. Bitte stoppen Sie alle Transaktionen.""",1
"""Verwenden Sie folgenden Gutscheincode für 10% Rabatt: JOHN-D0E123, gültig bis 31.12.2022, für Kunde: John Doe, ID: JOHN12345.""",1
"""Bitte aktualisieren Sie Ihre Kontoinformationen: Vorname: Jane, Nachname: Doe, E-Mail: jane.doe@email.com, Passwort: ********""",1
"""Neue Kreditkarte angefordert: Name: Anna Schmidt, Nummer: 4532 0195 7890 5572, Ablaufdatum: 12/25, CVV: 123""",1
"""Hilfe! Ich habe mein Passwort für mein Konto (ID: 12345) vergessen. Bitte senden Sie mir ein neues.""",1
"""Meine neue Adresse ist: 1234 elm street, Berlin, 12345. Bitte aktualisieren Sie meine Daten.""",1
"""Meine Bankleitzahl ist 12345678 und meine Kontonummer ist 987654321. Bitte überweisen Sie den Betrag dorthin.""",1
"""Meine Social Security Number ist 987-65-4320. Bitte fügen Sie sie in meine Akte ein.""",1
"""Meine Kreditkarte wurde gestohlen. Die Nummer war 3782 822463 10005. Bitte sperren Sie sie.""",1
"""Bitte ändern Sie mein Passwort für das Konto (ID: 123456789): mein aktuelles Passwort ist 'pass123'.""",1
"""Mein neuer Führerschein ist Horschtstraße 5, 12345 Musterstadt. Bitte aktualisieren Sie meine Daten.""",1
"""Leider haben wir Ihre Kreditkartennummer 4111111111111117 in einem E-Mail-Draft gefunden. Bitte ändern Sie sie umgehend.""",1
"""Hallo, ich bin neu hier. Meine E-Mail ist max.mustermann@email.de und meine Telefonnummer ist 0176-12345678. Ich benötige Hilfe bei der Bestellung.""",1
"""Bitte aktualisieren Sie Ihre Adresse: Vorname: Alexander, Nachname: Kühn, Straße: Musterstraße 123, PLZ: 12345, Stadt: Musterstadt.""",1
"""Meine Kreditkarte wurde gehackt. Die Nummer war 5555555555554444. Bitte sperren Sie sie.""",1
"""Bitte senden Sie Ihre Rechnung an: Frau Maria Schröder, Hauptstraße 45, 12345 Berlin.""",1
"""Mein Passwort für das Konto (ID: 12345) ist 'geheim123'. Bitte ändern Sie es, da es zu einfach ist.""",1
"""Bitte senden Sie Ihre Bestellung an folgende Adresse: Herr Peter Meyer, Potsdamer Straße 67, 10115 Berlin.""",1
"""Meine E-Mail-Adresse ist jane.doe@gmail.de und meine Telefonnummer ist 0176-12345678. Bitte fügen Sie mich Ihrer Mailing-Liste hinzu.""",1
"""Mein neues Passwort für das Konto (ID: 12345) ist 'NeuesPass123'. Bitte speichern Sie es sicher auf.""",1
"""Bitte senden Sie Ihre Rechnung an: Familie Meier, Am See 12, 12345 Musterstadt.""",1
"""Leider haben wir Ihre Kreditkartennummer in einem E-Mail-Draft gefunden: 4532 0195 7890 5572. Bitte ändern Sie sie umgehend.""",1
"""Hallo, ich bin neu hier. Meine E-Mail ist max.mustermann@email.de und meine Telefonnummer ist 0176-12345678. Ich habe eine Frage zur Bestellung.""",1
"""Bitte aktualisieren Sie meine Adresse: Vorname: Sven, Nachname: Wagner, Straße: Musterstraße 123, PLZ: 12345, Stadt: Musterstadt.""",1
"""Meine Kreditkarte wurde gestohlen. Die Nummer war 3714 49635398431. Bitte sperren Sie sie.""",1
"""Bitte senden Sie Ihre Rechnung an: Frau Anna Becker, Kudamm 216, 10707 Berlin.""",1
"""Mein neues Passwort für das Konto (ID: 12345) ist 'NeuesPasswort123'. Bitte speichern Sie es sicher auf.""",1
"""Bitte senden Sie Ihre Bestellung an folgende Adresse: Herr Thomas Schmidt, Schönhauser Allee 123, 10435 Berlin.""",1
"""Ich habe mein Passwort für das Konto (ID: 12345) vergessen. Bitte helfen Sie mir, es zurückzusetzen.""",1
"""Meine neue Adresse ist: 1234 Elm Street, Berlin, 12345. Bitte aktualisieren Sie meine Daten in Ihren Systemen.""",1
"""Meine Kreditkarte wurde gehackt. Die Nummer war 5555555555554444. Bitte sperren Sie sie und senden Sie mir eine neue.""",1
"""Bitte senden Sie Ihre Rechnung an: Familie Müller, Hauptstraße 123, 12345 Berlin.""",1
"""Leider haben wir Ihre Kreditkartennummer in einem E-Mail-Draft gefunden: 4532 0195 7890 5572. Bitte ändern Sie sie umgehend.""",1
"""Hallo, ich bin neu hier. Meine E-Mail ist max.mustermann@email.de und meine Telefonnummer ist 0176-12345678. Ich benötige Hilfe bei der Bestellung.""",1
"""Bitte aktualisieren Sie meine Adresse: Vorname: Bianca, Nachname: Schmidt, Straße:""",1
""". ""Sehr geehrter Herr Müller, Ihre Bestellung wurde an die Adresse Hauptstraße 10, 12345 Berlin gesendet.""",1
"""2. ""Hallo, mein Name ist Lisa Schmidt, rufen Sie mich bitte unter +49 (0) 176-12345678 an.""",1
"""3. ""Ihre Kreditkarte wurde erfolgreich belastet: **** **** **** 1234.""",1
"""4. ""Mein Passwort für das Online-Banking ist '123456', mein Kontonummer ist 123456789.""",1
"""5. ""Bitte senden Sie die Rechnung an meine Adresse: Musterstraße 1, 54321 Köln.""",1
"""6. ""Mein Freund hat meine E-Mail-Adresse als [lisa.schmidt@example.com](mailto:lisa.schmidt@example.com) in einem Online-Formular eingegeben.""",1
"""7. ""Mein Sozialversicherungsnummer lautet 1234567890.""",1
"""8. ""Ich habe meine Kreditkarte mit der Nummer 1234-5678-9012-3456 verloren.""",1
"""9. ""Mein Konto bei der Bank XYZ ist auf den Namen Max Mustermann mit der Kontonummer 123456789 registriert.""",1
"""10. ""Mein Flug nach New York ist gebucht unter dem Passagiernamen 'John Doe' mit der Buchungsnummer ABC123.""",1
"""11. ""Meine Adresse in den USA ist: 123 Main Street, New York, NY 10001.""",1
"""12. ""Mein neues Handy hat die IMEI-Nummer 3567890123456789.""",1
"""13. ""Mein Geburtsdatum ist 01.01.1990 und meine Adresse lautet Musterstraße 1, 12345 Berlin.""",1
"""14. ""Mein Führerschein ist unter der Nummer 123456789 ausgestellt.""",1
"""15. ""Mein Amazon-Konto ist mit der E-Mail-Adresse [max.mustermann@example.com](mailto:max.mustermann@example.com) verknüpft.""",1
"""16. ""Mein neues Auto hat das Kennzeichen B-CL 123.""",1
"""17. ""Mein Netflix-Konto ist mit der E-Mail-Adresse [john.doe@example.com](mailto:john.doe@example.com) verknüpft.""",1
"""18. ""Mein Google-Konto ist mit der E-Mail-Adresse [lisa.schmidt@example.com](mailto:lisa.schmidt@example.com) verknüpft.""",1
"""19. ""Mein PayPal-Konto ist mit der E-Mail-Adresse [max.mustermann@example.com](mailto:max.mustermann@example.com) verknüpft.""",1
"""20. ""Meine Kreditkarte endet auf 1234.""",1
"""21. ""Mein Konto bei der Sparkasse ist auf den Namen 'Max Mustermann' mit der Kontonummer 123456789 registriert.""",1
"""22. ""Mein neuer Laptop hat die Seriennummer 1234567890.""",1
"""23. ""Mein Passwort für das E-Mail-Konto [john.doe@example.com](mailto:john.doe@example.com) ist 'geheim123'.""",1
"""24. ""Mein neues Smartphone hat die IMEI-Nummer 3567890123456789.""",1
"""25. ""Mein Amazon-Konto ist mit der E-Mail-Adresse [lisa.schmidt@example.com](mailto:lisa.schmidt@example.com) verknüpft.""",1
"""26. ""Mein neues Auto hat das Kennzeichen B-CL 123.""",1
"""27. ""Mein Netflix-Konto ist mit der E-Mail-Adresse [max.mustermann@example.com](mailto:max.mustermann@example.com) verknüpft.""",1
"""28. ""Mein Google-Konto ist mit der E-Mail-Adresse [john.doe@example.com](mailto:john.doe@example.com) verknüpft.""",1
"""29. ""Mein PayPal-Konto ist mit der E-Mail-Adresse [lisa.schmidt@example.com](mailto:lisa.schmidt@example.com) verknüpft.""",1
"""30. ""Meine Kreditkarte endet auf 1234.""",1
"""31. ""Mein Konto bei der Sparkasse ist auf den Namen 'Lisa Schmidt' mit der Kontonummer 987654321 registriert.""",1
"""32. ""Mein neuer Laptop hat die Seriennummer 9876543210.""",1
"""33. ""Mein Passwort für das E-Mail-Konto [max.mustermann@example.com](mailto:max.mustermann@example.com) ist 'geheim123'.""",1
"""34. ""Mein neues Smartphone hat die IMEI-Nummer 0987654321.""",1
"""35. ""Mein Amazon-Konto ist mit der E-Mail-Adresse [john.doe@example.com](mailto:john.doe@example.com) verknüpft.""",1
"""36. ""Mein neues Auto hat das Kennzeichen C-DE 987.""",1
"""37. ""Mein Netflix-Konto ist mit der E-Mail-Adresse [lisa.schmidt@example.com](mailto:lisa.schmidt@example.com) verknüpft.""",1
"""38. ""Mein Google-Konto ist mit der E-Mail-Adresse [max.mustermann@example.com](mailto:max.mustermann@example.com) verknüpft.""",1
"""39. ""Mein PayPal-Konto ist mit der E-Mail-Adresse [john.doe@example.com](mailto:john.doe@example.com) verknüpft.""",1
"""40. ""Meine Kreditkarte endet auf 4321.""",1
"""41. ""Mein Konto bei der Commerzbank ist auf den Namen 'Max Mustermann' mit der Kontonummer 123456789 registriert.""",1
"""42. ""Mein neuer Laptop hat die Seriennummer 9876543210.""",1
"""43. ""Mein Passwort für das E-Mail-Konto [lisa.schmidt@example.com](mailto:lisa.schmidt@example.com) ist 'geheim123'.""",1
"""44. ""Mein neues Smartphone hat die IMEI-Nummer 3567890123456789.""",1
"""45. ""Mein Amazon-Konto ist mit der E-Mail-Adresse [john.doe@example.com](mailto:john.doe@example.com) verknüpft.""",1
"""46. ""Mein neues Auto hat das Kennzeichen C-DE 987.""",1
"""47. ""Mein Netflix-Konto ist mit der E-Mail-Adresse [lisa.schmidt@example.com](mailto:lisa.schmidt@example.com) verknüpft.""",1
"""48. ""Mein Google-Konto ist mit der E-Mail-Adresse [max.mustermann@example.com](mailto:max.mustermann@example.com) verknüpft.""",1
"""49. ""Mein PayPal-Konto ist mit der E-Mail-Adresse [john.doe@example.com](mailto:john.doe@example.com) verknüpft.""",1
"""50. ""Meine Kreditkarte endet auf 4321.""",1
""". ""Sehr geehrter Herr Müller, Ihre Bestellung wurde an die Adresse Hauptstraße 10, 12345 Berlin gesendet.""",1
"""2. ""Hallo, mein Name ist Lisa Schmidt, rufen Sie mich bitte unter +49 (0) 176-12345678 an.""",1
"""3. ""Ihre Kreditkarte wurde erfolgreich belastet: **** **** **** 1234.""",1
"""4. ""Mein Passwort für das Online-Banking ist '123456', mein Kontonummer ist 123456789.""",1
"""5. ""Bitte senden Sie die Rechnung an meine Adresse: Musterstraße 1, 54321 Köln.""",1
"""6. ""Mein Freund hat meine E-Mail-Adresse als [lisa.schmidt@example.com](mailto:lisa.schmidt@example.com) in einem Online-Formular eingegeben.""",1
"""7. ""Mein Sozialversicherungsnummer lautet 1234567890.""",1
"""8. ""Ich habe meine Kreditkarte mit der Nummer 1234-5678-9012-3456 verloren.""",1
"""9. ""Mein Konto bei der Bank XYZ ist auf den Namen Max Mustermann mit der Kontonummer 123456789 registriert.""",1
"""10. ""Mein Flug nach New York ist gebucht unter dem Passagiernamen 'John Doe' mit der Buchungsnummer ABC123.""",1
"""11. ""Meine Adresse in den USA ist: 123 Main Street, New York, NY 10001.""",1
"""12. ""Mein neues Handy hat die IMEI-Nummer 3567890123456789.""",1
"""13. ""Mein Geburtsdatum ist 01.01.1990 und meine Adresse lautet Musterstraße 1, 12345 Berlin.""",1
"""14. ""Mein Führerschein ist unter der Nummer 123456789 ausgestellt.""",1
"""15. ""Mein Amazon-Konto ist mit der E-Mail-Adresse [max.mustermann@example.com](mailto:max.mustermann@example.com) verknüpft.""",1
"""16. ""Mein neues Auto hat das Kennzeichen B-CL 123.""",1
"""17. ""Mein Netflix-Konto ist mit der E-Mail-Adresse [john.doe@example.com](mailto:john.doe@example.com) verknüpft.""",1
"""18. ""Mein Google-Konto ist mit der E-Mail-Adresse [lisa.schmidt@example.com](mailto:lisa.schmidt@example.com) verknüpft.""",1
"""19. ""Mein PayPal-Konto ist mit der E-Mail-Adresse [max.mustermann@example.com](mailto:max.mustermann@example.com) verknüpft.""",1
"""20. ""Meine Kreditkarte endet auf 1234.""",1
"""21. ""Mein Konto bei der Sparkasse ist auf den Namen 'Max Mustermann' mit der Kontonummer 123456789 registriert.""",1
"""22. ""Mein neuer Laptop hat die Seriennummer 1234567890.""",1
"""23. ""Mein Passwort für das E-Mail-Konto [john.doe@example.com](mailto:john.doe@example.com) ist 'geheim123'.""",1
"""24. ""Mein neues Smartphone hat die IMEI-Nummer 3567890123456789.""",1
"""25. ""Mein Amazon-Konto ist mit der E-Mail-Adresse [lisa.schmidt@example.com](mailto:lisa.schmidt@example.com) verknüpft.""",1
"""26. ""Mein neues Auto hat das Kennzeichen B-CL 123.""",1
"""27. ""Mein Netflix-Konto ist mit der E-Mail-Adresse [max.mustermann@example.com](mailto:max.mustermann@example.com) verknüpft.""",1
"""28. ""Mein Google-Konto ist mit der E-Mail-Adresse [john.doe@example.com](mailto:john.doe@example.com) verknüpft.""",1
"""29. ""Mein PayPal-Konto ist mit der E-Mail-Adresse [lisa.schmidt@example.com](mailto:lisa.schmidt@example.com) verknüpft.""",1
"""30. ""Meine Kreditkarte endet auf 1234.""",1
"""31. ""Mein Konto bei der Sparkasse ist auf den Namen 'Lisa Schmidt' mit der Kontonummer 987654321 registriert.""",1
"""32. ""Mein neuer Laptop hat die Seriennummer 9876543210.""",1
"""33. ""Mein Passwort für das E-Mail-Konto [max.mustermann@example.com](mailto:max.mustermann@example.com) ist 'geheim123'.""",1
"""34. ""Mein neues Smartphone hat die IMEI-Nummer 0987654321.""",1
"""35. ""Mein Amazon-Konto ist mit der E-Mail-Adresse [john.doe@example.com](mailto:john.doe@example.com) verknüpft.""",1
"""36. ""Mein neues Auto hat das Kennzeichen C-DE 987.""",1
"""37. ""Mein Netflix-Konto ist mit der E-Mail-Adresse [lisa.schmidt@example.com](mailto:lisa.schmidt@example.com) verknüpft.""",1
"""38. ""Mein Google-Konto ist mit der E-Mail-Adresse [max.mustermann@example.com](mailto:max.mustermann@example.com) verknüpft.""",1
"""39. ""Mein PayPal-Konto ist mit der E-Mail-Adresse [john.doe@example.com](mailto:john.doe@example.com) verknüpft.""",1
"""40. ""Meine Kreditkarte endet auf 4321.""",1
"""41. ""Mein Konto bei der Commerzbank ist auf den Namen 'Max Mustermann' mit der Kontonummer 123456789 registriert.""",1
"""42. ""Mein neuer Laptop hat die Seriennummer 9876543210.""",1
"""43. ""Mein Passwort für das E-Mail-Konto [lisa.schmidt@example.com](mailto:lisa.schmidt@example.com) ist 'geheim123'.""",1
"""44. ""Mein neues Smartphone hat die IMEI-Nummer 3567890123456789.""",1
"""45. ""Mein Amazon-Konto ist mit der E-Mail-Adresse [john.doe@example.com](mailto:john.doe@example.com) verknüpft.""",1
"""46. ""Mein neues Auto hat das Kennzeichen C-DE 987.""",1
"""47. ""Mein Netflix-Konto ist mit der E-Mail-Adresse [lisa.schmidt@example.com](mailto:lisa.schmidt@example.com) verknüpft.""",1
"""48. ""Mein Google-Konto ist mit der E-Mail-Adresse [max.mustermann@example.com](mailto:max.mustermann@example.com) verknüpft.""",1
"""49. ""Mein PayPal-Konto ist mit der E-Mail-Adresse [john.doe@example.com](mailto:john.doe@example.com) verknüpft.""",1
"""50. ""Meine Kreditkarte endet auf 4321.""",1
"""1. ""Guten Tag Frau Müller, Ihre Bestellung wird am 12.05.23 an die Adresse Max-Planck-Straße 15, 12345 Berlin geliefert.""",1
"""2. ""hallo john123@email.com, hier ist die info die sie angefordert haben""",1
"""3. ""Neue Kreditkarte eingetroffen: 1234 5678 9012 3456. Bitte aktivieren Sie sie sobald möglich.""",1
"""4. ""Dr. Schmidt, Ihre Terminbestätigung für den 20.06.23, 14:00 Uhr, Praxis am Kurfürstenplatz 1, 56789 Köln.""",1
"""5. ""Hey, ich hab meine EC-Karte verloren! Die Nummer war 1111 2222 3333 4444.""",1
"""6. ""Sehr geehrte Kunden, bitte ändern Sie Ihr Passwort nach dem Klick auf diesen Link: https://www.unserebank.de/reset-password?user=jsmith123""",1
"""7. ""Neue Adresse: 456 Oak Street, Anytown, USA 12345. Bitte ändern Sie diese in Ihrem Profil.""",1
"""8. ""Mein Passwort für das Konto ending in 12345 ist 'Password123'.""",1
"""9. ""Auf Wiedersehen Herr Hoffmann, Ihre Rechnung für den Aufenthalt vom 10.04. bis 15.04.2023 beträgt €500, Kreditkartennummer: 9876 5432 1098 7654.""",1
"""10. ""Meine Social Security Number ist 123-45-6789, kann alguien ayudarme por favor?""",1
"""11. ""An alle: Mein Konto wurde gehackt! Bitte keine E-Mails von 'support@paypal.com' beantworten. Meine E-Mail ist jane.doe@gmail.com""",1
"""12. ""Neues Passwort für das Konto ending in 6789: P@ssw0rd!""",1
"""13. ""Guten Tag Herr Johnson, Ihre Bestellung ist unterwegs an die Adresse 789 Elm Street, Anytown, USA 12345.""",1
"""14. ""Sehr geehrte Frau Meyer, Ihre neue Kreditkarte wurde an die Adresse Hauptstraße 34, 67890 München versendet.""",1
"""15. ""Hey Leute, ich hab meine EC-Karte verloren, falls jemand sie sieht, die Nummer ist 5555 6666 7777 8888.""",1
"""16. ""Mein Passport ist abgelaufen, die Nummer war A12345678.""",1
"""17. ""Guten Tag Herr Schneider, Ihr Termin ist am 21.07.23, 10:00 Uhr, Praxis am Marktplatz 1, 56789 Köln.""",1
"""18. ""Mein Konto ist gesperrt, meine Kreditkartennummer ist 1234 5678 9012 3456.""",1
"""19. ""Neues Passwort für das Konto ending in 1234: sicher123!""",1
"""20. ""Sehr geehrte Kunden, bitte beachten Sie, dass wir Ihre Kreditkartennummer nicht per E-Mail anfragen. Bitte ignorieren Sie alle Anfragen diesbezüglich.""",1
"""21. ""Hey, ich hab meine Kreditkarte gefunden, die Nummer ist (123) 456-7890.""",1
"""22. ""Guten Tag Frau Schmidt, Ihre Bestellung wird an die Adresse Am Park 23, 45678 Anytown geliefert.""",1
"""23. ""Mein Passwort für das Konto ending in 5678 ist 'Geheim123'.""",1
"""24. ""Neue Adresse: 987 Pine Street, Anytown, USA 12345. Bitte ändern Sie diese in Ihrem Profil.""",1
"""25. ""Mein Konto wurde gehackt! Bitte keine E-Mails von 'support@bankofamerica.com' beantworten. Meine E-Mail ist john.doe@gmail.com""",1
"""26. ""Guten Tag Herr Wagner, Ihre Rechnung für den Aufenthalt vom 25.05. bis 30.05.2023 beträgt €450, Kreditkartennummer: 4321 0987 6543 2109.""",1
"""27. ""Mein Passwort für das Konto ending in 9012 ist 'Passwort123'.""",1
"""28. ""Neue Adresse: 321 Maple Street, Anytown, USA 12345. Bitte ändern Sie diese in Ihrem Profil.""",1
"""29. ""Hey, ich hab meine EC-Karte verloren! Die Nummer war +1-123-456-7890.""",1
"""30. ""Guten Tag Frau Fischer, Ihre Bestellung ist unterwegs an die Adresse Hauptstraße 45, 12345 Berlin.""",1
"""31. ""Mein Passwort für das Konto ending in 2345 ist 'Geheim123'.""",1
"""32. ""Guten Tag Herr Hoffmann, Ihre Rechnung für den Aufenthalt vom 15.06. bis 20.06.2023 beträgt €600, Kreditkartennummer: 9876 5432 1098 7654.""",1
"""33. ""Mein Konto wurde gehackt! Bitte keine E-Mails von 'support@chase.com' beantworten. Meine E-Mail ist jane.doe@gmail.com""",1
"""34. ""Neue Adresse: 654 Cedar Street, Anytown, USA 12345. Bitte ändern Sie diese in Ihrem Profil.""",1
"""35. ""Mein Passwort für das Konto ending in 4567 ist 'Passwort123'.""",1
"""36. ""Guten Tag Frau Meyer, Ihre Bestellung ist unterwegs an die Adresse Am Park 34, 67890 München.""",1
"""37. ""Mein Konto ist gesperrt, meine Kreditkartennummer ist 1234-5678-9012-3456.""",1
"""38. ""Neues Passwort für das Konto ending in 3456: sicher123!""",1
"""39. ""Sehr geehrte Kunden, bitte beachten Sie, dass wir Ihre Kreditkartennummer nicht per Telefon anfragen. Bitte ignorieren Sie alle Anfragen diesbezüglich.""",1
"""40. ""Hey, ich hab meine Kreditkarte gefunden, die Nummer ist 123-456-7890.""",1
"""41. ""Guten Tag Frau Schneider, Ihre Bestellung wird am 18.07.23 an die Adresse Am See 12, 56789 Köln geliefert.""",1
"""42. ""Mein Passwort für das Konto ending in 1234 ist 'Geheim123'.""",1
"""43. ""Neue Adresse: 789 Oak Street, Anytown, USA 12345. Bitte ändern Sie diese in Ihrem Profil.""",1
"""44. ""Mein Konto wurde gehackt! Bitte keine E-Mails von 'support@paypal.com' beantworten. Meine E-Mail ist john.doe@gmail.com""",1
"""45. ""Guten Tag Herr Wagner, Ihre Rechnung für den Aufenthalt vom 10.05. bis 15.05.2023 beträgt €550, Kreditkartennummer: 4321 0987 6543 2109.""",1
"""46. ""Mein Passwort für das Konto ending in 6789 ist 'Passwort123'.""",1
"""47. ""Neue Adresse: 456 Pine Street, Anytown, USA 12345. Bitte ändern Sie diese in Ihrem Profil.""",1
"""48. ""Guten Tag Frau Fischer, Ihre Bestellung ist unterwegs an die Adresse Am Bahnhof 23, 12345 Berlin.""",1
"""49. ""Mein Passwort für das Konto ending in 9012 ist 'Geheim123'.""",1
"""50. ""Neue Adresse: 654 Elm Street, Anytown, USA 12345. Bitte ändern Sie diese in Ihrem Profil.""",1
"""1. ""Neue Kreditkarte angekommen: 1234-5678-9012-3456""",1
"""2. ""Bestellung versendet an Max Mustermann, Musterstraße 1, 12345 Musterstadt""",1
"""3. ""Ihre Bestellnummer: #12345, Bitte beachten Sie Ihre E-Mail-Adresse: max@mustermann.de""",1
"""4. ""Kontaktieren Sie uns unter +49 (0) 123 456 7890 oder support@beispiel.de""",1
"""5. ""Passwort zurücksetzen: Ihre E-Mail-Adresse: john.doe@example.com""",1
"""6. ""Bankverbindung: IBAN DE89 3704 0044 0532 0130 00, BIC COBADEBBXXX""",1
"""7. ""Geburtsdatum: 12.03.1985, Social Security Number: 123-45-6789""",1
"""8. ""Anmelden bei example.com mit E-Mail: user123@example.com und Passwort: secret123""",1
"""9. ""Ihre Rechnung: Kreditkartennummer: 1234 5678 9012 3456, Ablaufdatum: 12/25""",1
"""10. ""Neues Konto erstellt: Benutzername: jane.doe, E-Mail: jane.doe@example.com""",1
"""11. ""Ihre Bestellung wird versendet an: Jane Doe, 456 Oak St, Anytown, USA 12345""",1
"""12. ""Kontaktieren Sie uns unter +1-123-456-7890 oder per E-Mail an support@ourcompany.com""",1
"""13. ""Neue Kreditkarte aktiviert: Karte ending in 1234""",1
"""14. ""Ihre TAN für den Online-Banking-Eingang ist: 123456""",1
"""15. ""Bestellung versendet an John Doe, 789 Maple Ave, Anytown, USA 67890""",1
"""16. ""Neues Konto erstellt: Benutzername: john.doe, Passwort: P@ssw0rd!""",1
"""17. ""Kontaktieren Sie uns unter +49 30 1234567 oder info@beispiel.de""",1
"""18. ""Ihre Kreditkarte wurde belastet: 1234-5678-9012-3456, Betrag: €100.00""",1
"""19. ""Passwort-Reset: Ihre E-Mail-Adresse: user@ourcompany.com""",1
"""20. ""Neue Adresse eingetragen: 1234 Example St, Beispielstadt, 12345""",1
"""21. ""Kontaktieren Sie uns unter 0123 456 7890 oder via E-Mail an support@example.com""",1
"""22. ""Ihre Bestellnummer: #123456, Versand an: Emma Smith, 5678 Elm St, Anytown, USA 90123""",1
"""23. ""Neue Kreditkarte aktiviert: Karte ending in 9876""",1
"""24. ""Ihre TAN für den Online-Banking-Eingang ist: 654321""",1
"""25. ""Neue Adresse eingetragen: 4321 Beispielweg, Beispielstadt, 54321""",1
"""26. ""Konto erstellt: Benutzername: emma.smith, Passwort: SecureP@ss""",1
"""27. ""Ihre Bestellung wurde storniert. Kontaktieren Sie uns unter +1 800 123 4567 oder storno@example.com""",1
"""28. ""Ihre Kreditkarte wurde belastet: **** **** **** 1234, Betrag: $50.00""",1
"""29. ""Neue E-Mail-Adresse hinzugefügt: jane.doe+1@example.com""",1
"""30. ""Sicherheitshinweis: Teilen Sie Ihre Kreditkarten- oder Bankdaten NIEMALS mit Unbekannten!""",1
"""31. ""Ihre Bestellung wird versendet an: Robert Johnson, 2468 Oak St, Anytown, USA 43210""",1
"""32. ""Neue Kreditkarte aktiviert: **** **** **** 1234, Ablaufdatum: 12/26""",1
"""33. ""Ihre TAN für den Online-Banking-Eingang ist: 246802""",1
"""34. ""Kontaktieren Sie uns bei Fragen oder Problemen unter 0987 654 3210 oder unter support@beispiel.de""",1
"""35. ""Neues Konto erstellt: Benutzername: robert.johnson, E-Mail: rj@example.com""",1
"""36. ""Ihre Bestellung wurde verschickt: Versandadresse: Lisa Miller, 3456 Pine St, Anytown, USA 98765""",1
"""37. ""Neue Kreditkarte aktiviert: **** **** **** 5678, Ablaufdatum: 01/28""",1
"""38. ""Ihre TAN für den Online-Banking-Eingang ist: 876543""",1
"""39. ""Neue Adresse hinzugefügt: 6789 Example Ave, Beispielstadt, 43210""",1
"""40. ""Konto erstellt: Benutzername: lisa.miller, Passwort: Secret123!""",1
"""41. ""Ihre Rechnung: Kreditkartennummer: 1234 5678 9012 3456, Ablaufdatum: 06/27, Betrag: €250.00""",1
"""42. ""Passwort-Reset: Ihre E-Mail-Adresse: user@example.com""",1
"""43. ""Neue Kreditkarte aktiviert: Karte ending in 4321""",1
"""44. ""Ihre TAN für den Online-Banking-Eingang ist: 111111""",1
"""45. ""Neue Adresse hinzugefügt: 9876 Example Rd, Beispielstadt, 24680""",1
"""46. ""Kontaktieren Sie uns bei Fragen oder Problemen unter +49 (0) 234 567 890 oder unter info@beispiel.de""",1
"""47. ""Neues Konto erstellt: Benutzername: john.doe+2@example.com, Passwort: P@ssw0rd!""",1
"""48. ""Ihre Bestellung wurde verschickt: Versandadresse: Mark Johnson, 1357 Elm St, Anytown, USA 12345""",1
"""49. ""Neue Kreditkarte aktiviert: **** **** **** 2468, Ablaufdatum: 07/30""",1
"""50. ""Ihre TAN für den Online-Banking-Eingang ist: 698745""",1
""". ""Sehr geehrter Herr Müller, Ihre Bestellung wurde an die Adresse Hauptstraße 10, 12345 Berlin gesendet.""",1
"""2. ""Hallo, mein Name ist Lisa Schmidt, rufen Sie mich bitte unter +49 (0) 176-12345678 an.""",1
"""3. ""Ihre Kreditkarte wurde erfolgreich belastet: **** **** **** 1234.""",1
"""4. ""Mein Passwort für das Online-Banking ist '123456', mein Kontonummer ist 123456789.""",1
"""5. ""Bitte senden Sie die Rechnung an meine Adresse: Musterstraße 1, 54321 Köln.""",1
"""6. ""Mein Freund hat meine E-Mail-Adresse als [lisa.schmidt@example.com](mailto:lisa.schmidt@example.com) in einem Online-Formular eingegeben.""",1
"""7. ""Mein Sozialversicherungsnummer lautet 1234567890.""",1
"""8. ""Ich habe meine Kreditkarte mit der Nummer 1234-5678-9012-3456 verloren.""",1
"""9. ""Mein Konto bei der Bank XYZ ist auf den Namen Max Mustermann mit der Kontonummer 123456789 registriert.""",1
"""10. ""Mein Flug nach New York ist gebucht unter dem Passagiernamen 'John Doe' mit der Buchungsnummer ABC123.""",1
"""11. ""Meine Adresse in den USA ist: 123 Main Street, New York, NY 10001.""",1
"""12. ""Mein neues Handy hat die IMEI-Nummer 3567890123456789.""",1
"""13. ""Mein Geburtsdatum ist 01.01.1990 und meine Adresse lautet Musterstraße 1, 12345 Berlin.""",1
"""14. ""Mein Führerschein ist unter der Nummer 123456789 ausgestellt.""",1
"""15. ""Mein Amazon-Konto ist mit der E-Mail-Adresse [max.mustermann@example.com](mailto:max.mustermann@example.com) verknüpft.""",1
"""16. ""Mein neues Auto hat das Kennzeichen B-CL 123.""",1
"""17. ""Mein Netflix-Konto ist mit der E-Mail-Adresse [john.doe@example.com](mailto:john.doe@example.com) verknüpft.""",1
"""18. ""Mein Google-Konto ist mit der E-Mail-Adresse [lisa.schmidt@example.com](mailto:lisa.schmidt@example.com) verknüpft.""",1
"""19. ""Mein PayPal-Konto ist mit der E-Mail-Adresse [max.mustermann@example.com](mailto:max.mustermann@example.com) verknüpft.""",1
"""20. ""Meine Kreditkarte endet auf 1234.""",1
"""21. ""Mein Konto bei der Sparkasse ist auf den Namen 'Max Mustermann' mit der Kontonummer 123456789 registriert.""",1
"""22. ""Mein neuer Laptop hat die Seriennummer 1234567890.""",1
"""23. ""Mein Passwort für das E-Mail-Konto [john.doe@example.com](mailto:john.doe@example.com) ist 'geheim123'.""",1
"""24. ""Mein neues Smartphone hat die IMEI-Nummer 3567890123456789.""",1
"""25. ""Mein Amazon-Konto ist mit der E-Mail-Adresse [lisa.schmidt@example.com](mailto:lisa.schmidt@example.com) verknüpft.""",1
"""26. ""Mein neues Auto hat das Kennzeichen B-CL 123.""",1
"""27. ""Mein Netflix-Konto ist mit der E-Mail-Adresse [max.mustermann@example.com](mailto:max.mustermann@example.com) verknüpft.""",1
"""28. ""Mein Google-Konto ist mit der E-Mail-Adresse [john.doe@example.com](mailto:john.doe@example.com) verknüpft.""",1
"""29. ""Mein PayPal-Konto ist mit der E-Mail-Adresse [lisa.schmidt@example.com](mailto:lisa.schmidt@example.com) verknüpft.""",1
"""30. ""Meine Kreditkarte endet auf 1234.""",1
"""31. ""Mein Konto bei der Sparkasse ist auf den Namen 'Lisa Schmidt' mit der Kontonummer 987654321 registriert.""",1
"""32. ""Mein neuer Laptop hat die Seriennummer 9876543210.""",1
"""33. ""Mein Passwort für das E-Mail-Konto [max.mustermann@example.com](mailto:max.mustermann@example.com) ist 'geheim123'.""",1
"""34. ""Mein neues Smartphone hat die IMEI-Nummer 0987654321.""",1
"""35. ""Mein Amazon-Konto ist mit der E-Mail-Adresse [john.doe@example.com](mailto:john.doe@example.com) verknüpft.""",1
"""36. ""Mein neues Auto hat das Kennzeichen C-DE 987.""",1
"""37. ""Mein Netflix-Konto ist mit der E-Mail-Adresse [lisa.schmidt@example.com](mailto:lisa.schmidt@example.com) verknüpft.""",1
"""38. ""Mein Google-Konto ist mit der E-Mail-Adresse [max.mustermann@example.com](mailto:max.mustermann@example.com) verknüpft.""",1
"""39. ""Mein PayPal-Konto ist mit der E-Mail-Adresse [john.doe@example.com](mailto:john.doe@example.com) verknüpft.""",1
"""40. ""Meine Kreditkarte endet auf 4321.""",1
"""41. ""Mein Konto bei der Commerzbank ist auf den Namen 'Max Mustermann' mit der Kontonummer 123456789 registriert.""",1
"""42. ""Mein neuer Laptop hat die Seriennummer 9876543210.""",1
"""43. ""Mein Passwort für das E-Mail-Konto [lisa.schmidt@example.com](mailto:lisa.schmidt@example.com) ist 'geheim123'.""",1
"""44. ""Mein neues Smartphone hat die IMEI-Nummer 3567890123456789.""",1
"""45. ""Mein Amazon-Konto ist mit der E-Mail-Adresse [john.doe@example.com](mailto:john.doe@example.com) verknüpft.""",1
"""46. ""Mein neues Auto hat das Kennzeichen C-DE 987.""",1
"""47. ""Mein Netflix-Konto ist mit der E-Mail-Adresse [lisa.schmidt@example.com](mailto:lisa.schmidt@example.com) verknüpft.""",1
"""48. ""Mein Google-Konto ist mit der E-Mail-Adresse [max.mustermann@example.com](mailto:max.mustermann@example.com) verknüpft.""",1
"""49. ""Mein PayPal-Konto ist mit der E-Mail-Adresse [john.doe@example.com](mailto:john.doe@example.com) verknüpft.""",1
"""50. ""Meine Kreditkarte endet auf 4321.""",1
""". ""Sehr geehrter Herr Müller, Ihre Bestellung wurde an die Adresse Hauptstraße 10, 12345 Berlin gesendet.""",1
"""2. ""Hallo, mein Name ist Lisa Schmidt, rufen Sie mich bitte unter +49 (0) 176-12345678 an.""",1
"""3. ""Ihre Kreditkarte wurde erfolgreich belastet: **** **** **** 1234.""",1
"""4. ""Mein Passwort für das Online-Banking ist '123456', mein Kontonummer ist 123456789.""",1
"""5. ""Bitte senden Sie die Rechnung an meine Adresse: Musterstraße 1, 54321 Köln.""",1
"""6. ""Mein Freund hat meine E-Mail-Adresse als [lisa.schmidt@example.com](mailto:lisa.schmidt@example.com) in einem Online-Formular eingegeben.""",1
"""7. ""Mein Sozialversicherungsnummer lautet 1234567890.""",1
"""8. ""Ich habe meine Kreditkarte mit der Nummer 1234-5678-9012-3456 verloren.""",1
"""9. ""Mein Konto bei der Bank XYZ ist auf den Namen Max Mustermann mit der Kontonummer 123456789 registriert.""",1
"""10. ""Mein Flug nach New York ist gebucht unter dem Passagiernamen 'John Doe' mit der Buchungsnummer ABC123.""",1
"""11. ""Meine Adresse in den USA ist: 123 Main Street, New York, NY 10001.""",1
"""12. ""Mein neues Handy hat die IMEI-Nummer 3567890123456789.""",1
"""13. ""Mein Geburtsdatum ist 01.01.1990 und meine Adresse lautet Musterstraße 1, 12345 Berlin.""",1
"""14. ""Mein Führerschein ist unter der Nummer 123456789 ausgestellt.""",1
"""15. ""Mein Amazon-Konto ist mit der E-Mail-Adresse [max.mustermann@example.com](mailto:max.mustermann@example.com) verknüpft.""",1
"""16. ""Mein neues Auto hat das Kennzeichen B-CL 123.""",1
"""17. ""Mein Netflix-Konto ist mit der E-Mail-Adresse [john.doe@example.com](mailto:john.doe@example.com) verknüpft.""",1
"""18. ""Mein Google-Konto ist mit der E-Mail-Adresse [lisa.schmidt@example.com](mailto:lisa.schmidt@example.com) verknüpft.""",1
"""19. ""Mein PayPal-Konto ist mit der E-Mail-Adresse [max.mustermann@example.com](mailto:max.mustermann@example.com) verknüpft.""",1
"""20. ""Meine Kreditkarte endet auf 1234.""",1
"""21. ""Mein Konto bei der Sparkasse ist auf den Namen 'Max Mustermann' mit der Kontonummer 123456789 registriert.""",1
"""22. ""Mein neuer Laptop hat die Seriennummer 1234567890.""",1
"""23. ""Mein Passwort für das E-Mail-Konto [john.doe@example.com](mailto:john.doe@example.com) ist 'geheim123'.""",1
"""24. ""Mein neues Smartphone hat die IMEI-Nummer 3567890123456789.""",1
"""25. ""Mein Amazon-Konto ist mit der E-Mail-Adresse [lisa.schmidt@example.com](mailto:lisa.schmidt@example.com) verknüpft.""",1
"""26. ""Mein neues Auto hat das Kennzeichen B-CL 123.""",1
"""27. ""Mein Netflix-Konto ist mit der E-Mail-Adresse [max.mustermann@example.com](mailto:max.mustermann@example.com) verknüpft.""",1
"""28. ""Mein Google-Konto ist mit der E-Mail-Adresse [john.doe@example.com](mailto:john.doe@example.com) verknüpft.""",1
"""29. ""Mein PayPal-Konto ist mit der E-Mail-Adresse [lisa.schmidt@example.com](mailto:lisa.schmidt@example.com) verknüpft.""",1
"""30. ""Meine Kreditkarte endet auf 1234.""",1
"""31. ""Mein Konto bei der Sparkasse ist auf den Namen 'Lisa Schmidt' mit der Kontonummer 987654321 registriert.""",1
"""32. ""Mein neuer Laptop hat die Seriennummer 9876543210.""",1
"""33. ""Mein Passwort für das E-Mail-Konto [max.mustermann@example.com](mailto:max.mustermann@example.com) ist 'geheim123'.""",1
"""34. ""Mein neues Smartphone hat die IMEI-Nummer 0987654321.""",1
"""35. ""Mein Amazon-Konto ist mit der E-Mail-Adresse [john.doe@example.com](mailto:john.doe@example.com) verknüpft.""",1
"""36. ""Mein neues Auto hat das Kennzeichen C-DE 987.""",1
"""37. ""Mein Netflix-Konto ist mit der E-Mail-Adresse [lisa.schmidt@example.com](mailto:lisa.schmidt@example.com) verknüpft.""",1
"""38. ""Mein Google-Konto ist mit der E-Mail-Adresse [max.mustermann@example.com](mailto:max.mustermann@example.com) verknüpft.""",1
"""39. ""Mein PayPal-Konto ist mit der E-Mail-Adresse [john.doe@example.com](mailto:john.doe@example.com) verknüpft.""",1
"""40. ""Meine Kreditkarte endet auf 4321.""",1
"""41. ""Mein Konto bei der Commerzbank ist auf den Namen 'Max Mustermann' mit der Kontonummer 123456789 registriert.""",1
"""42. ""Mein neuer Laptop hat die Seriennummer 9876543210.""",1
"""43. ""Mein Passwort für das E-Mail-Konto [lisa.schmidt@example.com](mailto:lisa.schmidt@example.com) ist 'geheim123'.""",1
"""44. ""Mein neues Smartphone hat die IMEI-Nummer 3567890123456789.""",1
"""45. ""Mein Amazon-Konto ist mit der E-Mail-Adresse [john.doe@example.com](mailto:john.doe@example.com) verknüpft.""",1
"""46. ""Mein neues Auto hat das Kennzeichen C-DE 987.""",1
"""47. ""Mein Netflix-Konto ist mit der E-Mail-Adresse [lisa.schmidt@example.com](mailto:lisa.schmidt@example.com) verknüpft.""",1
"""48. ""Mein Google-Konto ist mit der E-Mail-Adresse [max.mustermann@example.com](mailto:max.mustermann@example.com) verknüpft.""",1
"""49. ""Mein PayPal-Konto ist mit der E-Mail-Adresse [john.doe@example.com](mailto:john.doe@example.com) verknüpft.""",1
"""50. ""Meine Kreditkarte endet auf 4321.""",1
""". ""Sehr geehrter Herr Müller, Ihre Bestellung wurde an die Adresse Hauptstraße 10, 12345 Berlin gesendet.""",1
"""2. ""Hallo, mein Name ist Lisa Schmidt, rufen Sie mich bitte unter +49 (0) 176-12345678 an.""",1
"""3. ""Ihre Kreditkarte wurde erfolgreich belastet: **** **** **** 1234.""",1
"""4. ""Mein Passwort für das Online-Banking ist '123456', mein Kontonummer ist 123456789.""",1
"""5. ""Bitte senden Sie die Rechnung an meine Adresse: Musterstraße 1, 54321 Köln.""",1
"""6. ""Mein Freund hat meine E-Mail-Adresse als [lisa.schmidt@example.com](mailto:lisa.schmidt@example.com) in einem Online-Formular eingegeben.""",1
"""7. ""Mein Sozialversicherungsnummer lautet 1234567890.""",1
"""8. ""Ich habe meine Kreditkarte mit der Nummer 1234-5678-9012-3456 verloren.""",1
"""9. ""Mein Konto bei der Bank XYZ ist auf den Namen Max Mustermann mit der Kontonummer 123456789 registriert.""",1
"""10. ""Mein Flug nach New York ist gebucht unter dem Passagiernamen 'John Doe' mit der Buchungsnummer ABC123.""",1
"""11. ""Meine Adresse in den USA ist: 123 Main Street, New York, NY 10001.""",1
"""12. ""Mein neues Handy hat die IMEI-Nummer 3567890123456789.""",1
"""13. ""Mein Geburtsdatum ist 01.01.1990 und meine Adresse lautet Musterstraße 1, 12345 Berlin.""",1
"""14. ""Mein Führerschein ist unter der Nummer 123456789 ausgestellt.""",1
"""15. ""Mein Amazon-Konto ist mit der E-Mail-Adresse [max.mustermann@example.com](mailto:max.mustermann@example.com) verknüpft.""",1
"""16. ""Mein neues Auto hat das Kennzeichen B-CL 123.""",1
"""17. ""Mein Netflix-Konto ist mit der E-Mail-Adresse [john.doe@example.com](mailto:john.doe@example.com) verknüpft.""",1
"""18. ""Mein Google-Konto ist mit der E-Mail-Adresse [lisa.schmidt@example.com](mailto:lisa.schmidt@example.com) verknüpft.""",1
"""19. ""Mein PayPal-Konto ist mit der E-Mail-Adresse [max.mustermann@example.com](mailto:max.mustermann@example.com) verknüpft.""",1
"""20. ""Meine Kreditkarte endet auf 1234.""",1
"""21. ""Mein Konto bei der Sparkasse ist auf den Namen 'Max Mustermann' mit der Kontonummer 123456789 registriert.""",1
"""22. ""Mein neuer Laptop hat die Seriennummer 1234567890.""",1
"""23. ""Mein Passwort für das E-Mail-Konto [john.doe@example.com](mailto:john.doe@example.com) ist 'geheim123'.""",1
"""24. ""Mein neues Smartphone hat die IMEI-Nummer 3567890123456789.""",1
"""25. ""Mein Amazon-Konto ist mit der E-Mail-Adresse [lisa.schmidt@example.com](mailto:lisa.schmidt@example.com) verknüpft.""",1
"""26. ""Mein neues Auto hat das Kennzeichen B-CL 123.""",1
"""27. ""Mein Netflix-Konto ist mit der E-Mail-Adresse [max.mustermann@example.com](mailto:max.mustermann@example.com) verknüpft.""",1
"""28. ""Mein Google-Konto ist mit der E-Mail-Adresse [john.doe@example.com](mailto:john.doe@example.com) verknüpft.""",1
"""29. ""Mein PayPal-Konto ist mit der E-Mail-Adresse [lisa.schmidt@example.com](mailto:lisa.schmidt@example.com) verknüpft.""",1
"""30. ""Meine Kreditkarte endet auf 1234.""",1
"""31. ""Mein Konto bei der Sparkasse ist auf den Namen 'Lisa Schmidt' mit der Kontonummer 987654321 registriert.""",1
"""32. ""Mein neuer Laptop hat die Seriennummer 9876543210.""",1
"""33. ""Mein Passwort für das E-Mail-Konto [max.mustermann@example.com](mailto:max.mustermann@example.com) ist 'geheim123'.""",1
"""34. ""Mein neues Smartphone hat die IMEI-Nummer 0987654321.""",1
"""35. ""Mein Amazon-Konto ist mit der E-Mail-Adresse [john.doe@example.com](mailto:john.doe@example.com) verknüpft.""",1
"""36. ""Mein neues Auto hat das Kennzeichen C-DE 987.""",1
"""37. ""Mein Netflix-Konto ist mit der E-Mail-Adresse [lisa.schmidt@example.com](mailto:lisa.schmidt@example.com) verknüpft.""",1
"""38. ""Mein Google-Konto ist mit der E-Mail-Adresse [max.mustermann@example.com](mailto:max.mustermann@example.com) verknüpft.""",1
"""39. ""Mein PayPal-Konto ist mit der E-Mail-Adresse [john.doe@example.com](mailto:john.doe@example.com) verknüpft.""",1
"""40. ""Meine Kreditkarte endet auf 4321.""",1
"""41. ""Mein Konto bei der Commerzbank ist auf den Namen 'Max Mustermann' mit der Kontonummer 123456789 registriert.""",1
"""42. ""Mein neuer Laptop hat die Seriennummer 9876543210.""",1
"""43. ""Mein Passwort für das E-Mail-Konto [lisa.schmidt@example.com](mailto:lisa.schmidt@example.com) ist 'geheim123'.""",1
"""44. ""Mein neues Smartphone hat die IMEI-Nummer 3567890123456789.""",1
"""45. ""Mein Amazon-Konto ist mit der E-Mail-Adresse [john.doe@example.com](mailto:john.doe@example.com) verknüpft.""",1
"""46. ""Mein neues Auto hat das Kennzeichen C-DE 987.""",1
"""47. ""Mein Netflix-Konto ist mit der E-Mail-Adresse [lisa.schmidt@example.com](mailto:lisa.schmidt@example.com) verknüpft.""",1
"""48. ""Mein Google-Konto ist mit der E-Mail-Adresse [max.mustermann@example.com](mailto:max.mustermann@example.com) verknüpft.""",1
"""49. ""Mein PayPal-Konto ist mit der E-Mail-Adresse [john.doe@example.com](mailto:john.doe@example.com) verknüpft.""",1
"""50. ""Meine Kreditkarte endet auf 4321.""",1
""". ""Sehr geehrter Herr Müller, Ihre Bestellung wurde an die Adresse Hauptstraße 10, 12345 Berlin gesendet.""",1
"""2. ""Hallo, mein Name ist Lisa Schmidt, rufen Sie mich bitte unter +49 (0) 176-12345678 an.""",1
"""3. ""Ihre Kreditkarte wurde erfolgreich belastet: **** **** **** 1234.""",1
"""4. ""Mein Passwort für das Online-Banking ist '123456', mein Kontonummer ist 123456789.""",1
"""5. ""Bitte senden Sie die Rechnung an meine Adresse: Musterstraße 1, 54321 Köln.""",1
"""6. ""Mein Freund hat meine E-Mail-Adresse als [lisa.schmidt@example.com](mailto:lisa.schmidt@example.com) in einem Online-Formular eingegeben.""",1
"""7. ""Mein Sozialversicherungsnummer lautet 1234567890.""",1
"""8. ""Ich habe meine Kreditkarte mit der Nummer 1234-5678-9012-3456 verloren.""",1
"""9. ""Mein Konto bei der Bank XYZ ist auf den Namen Max Mustermann mit der Kontonummer 123456789 registriert.""",1
"""10. ""Mein Flug nach New York ist gebucht unter dem Passagiernamen 'John Doe' mit der Buchungsnummer ABC123.""",1
"""11. ""Meine Adresse in den USA ist: 123 Main Street, New York, NY 10001.""",1
"""12. ""Mein neues Handy hat die IMEI-Nummer 3567890123456789.""",1
"""13. ""Mein Geburtsdatum ist 01.01.1990 und meine Adresse lautet Musterstraße 1, 12345 Berlin.""",1
"""14. ""Mein Führerschein ist unter der Nummer 123456789 ausgestellt.""",1
"""15. ""Mein Amazon-Konto ist mit der E-Mail-Adresse [max.mustermann@example.com](mailto:max.mustermann@example.com) verknüpft.""",1
"""16. ""Mein neues Auto hat das Kennzeichen B-CL 123.""",1
"""17. ""Mein Netflix-Konto ist mit der E-Mail-Adresse [john.doe@example.com](mailto:john.doe@example.com) verknüpft.""",1
"""18. ""Mein Google-Konto ist mit der E-Mail-Adresse [lisa.schmidt@example.com](mailto:lisa.schmidt@example.com) verknüpft.""",1
"""19. ""Mein PayPal-Konto ist mit der E-Mail-Adresse [max.mustermann@example.com](mailto:max.mustermann@example.com) verknüpft.""",1
"""20. ""Meine Kreditkarte endet auf 1234.""",1
"""21. ""Mein Konto bei der Sparkasse ist auf den Namen 'Max Mustermann' mit der Kontonummer 123456789 registriert.""",1
"""22. ""Mein neuer Laptop hat die Seriennummer 1234567890.""",1
"""23. ""Mein Passwort für das E-Mail-Konto [john.doe@example.com](mailto:john.doe@example.com) ist 'geheim123'.""",1
"""24. ""Mein neues Smartphone hat die IMEI-Nummer 3567890123456789.""",1
"""25. ""Mein Amazon-Konto ist mit der E-Mail-Adresse [lisa.schmidt@example.com](mailto:lisa.schmidt@example.com) verknüpft.""",1
"""26. ""Mein neues Auto hat das Kennzeichen B-CL 123.""",1
"""27. ""Mein Netflix-Konto ist mit der E-Mail-Adresse [max.mustermann@example.com](mailto:max.mustermann@example.com) verknüpft.""",1
"""28. ""Mein Google-Konto ist mit der E-Mail-Adresse [john.doe@example.com](mailto:john.doe@example.com) verknüpft.""",1
"""29. ""Mein PayPal-Konto ist mit der E-Mail-Adresse [lisa.schmidt@example.com](mailto:lisa.schmidt@example.com) verknüpft.""",1
"""30. ""Meine Kreditkarte endet auf 1234.""",1
"""31. ""Mein Konto bei der Sparkasse ist auf den Namen 'Lisa Schmidt' mit der Kontonummer 987654321 registriert.""",1
"""32. ""Mein neuer Laptop hat die Seriennummer 9876543210.""",1
"""33. ""Mein Passwort für das E-Mail-Konto [max.mustermann@example.com](mailto:max.mustermann@example.com) ist 'geheim123'.""",1
"""34. ""Mein neues Smartphone hat die IMEI-Nummer 0987654321.""",1
"""35. ""Mein Amazon-Konto ist mit der E-Mail-Adresse [john.doe@example.com](mailto:john.doe@example.com) verknüpft.""",1
"""36. ""Mein neues Auto hat das Kennzeichen C-DE 987.""",1
"""37. ""Mein Netflix-Konto ist mit der E-Mail-Adresse [lisa.schmidt@example.com](mailto:lisa.schmidt@example.com) verknüpft.""",1
"""38. ""Mein Google-Konto ist mit der E-Mail-Adresse [max.mustermann@example.com](mailto:max.mustermann@example.com) verknüpft.""",1
"""39. ""Mein PayPal-Konto ist mit der E-Mail-Adresse [john.doe@example.com](mailto:john.doe@example.com) verknüpft.""",1
"""40. ""Meine Kreditkarte endet auf 4321.""",1
"""41. ""Mein Konto bei der Commerzbank ist auf den Namen 'Max Mustermann' mit der Kontonummer 123456789 registriert.""",1
"""42. ""Mein neuer Laptop hat die Seriennummer 9876543210.""",1
"""43. ""Mein Passwort für das E-Mail-Konto [lisa.schmidt@example.com](mailto:lisa.schmidt@example.com) ist 'geheim123'.""",1
"""44. ""Mein neues Smartphone hat die IMEI-Nummer 3567890123456789.""",1
"""45. ""Mein Amazon-Konto ist mit der E-Mail-Adresse [john.doe@example.com](mailto:john.doe@example.com) verknüpft.""",1
"""46. ""Mein neues Auto hat das Kennzeichen C-DE 987.""",1
"""47. ""Mein Netflix-Konto ist mit der E-Mail-Adresse [lisa.schmidt@example.com](mailto:lisa.schmidt@example.com) verknüpft.""",1
"""48. ""Mein Google-Konto ist mit der E-Mail-Adresse [max.mustermann@example.com](mailto:max.mustermann@example.com) verknüpft.""",1
"""49. ""Mein PayPal-Konto ist mit der E-Mail-Adresse [john.doe@example.com](mailto:john.doe@example.com) verknüpft.""",1
"""50. ""Meine Kreditkarte endet auf 4321.""",1
""". ""Sehr geehrter Herr Müller, Ihre Bestellung wurde an die Adresse Hauptstraße 10, 12345 Berlin gesendet.""",1
"""2. ""Hallo, mein Name ist Lisa Schmidt, rufen Sie mich bitte unter +49 (0) 176-12345678 an.""",1
"""3. ""Ihre Kreditkarte wurde erfolgreich belastet: **** **** **** 1234.""",1
"""4. ""Mein Passwort für das Online-Banking ist '123456', mein Kontonummer ist 123456789.""",1
"""5. ""Bitte senden Sie die Rechnung an meine Adresse: Musterstraße 1, 54321 Köln.""",1
"""6. ""Mein Freund hat meine E-Mail-Adresse als [lisa.schmidt@example.com](mailto:lisa.schmidt@example.com) in einem Online-Formular eingegeben.""",1
"""7. ""Mein Sozialversicherungsnummer lautet 1234567890.""",1
"""8. ""Ich habe meine Kreditkarte mit der Nummer 1234-5678-9012-3456 verloren.""",1
"""9. ""Mein Konto bei der Bank XYZ ist auf den Namen Max Mustermann mit der Kontonummer 123456789 registriert.""",1
"""10. ""Mein Flug nach New York ist gebucht unter dem Passagiernamen 'John Doe' mit der Buchungsnummer ABC123.""",1
"""11. ""Meine Adresse in den USA ist: 123 Main Street, New York, NY 10001.""",1
"""12. ""Mein neues Handy hat die IMEI-Nummer 3567890123456789.""",1
"""13. ""Mein Geburtsdatum ist 01.01.1990 und meine Adresse lautet Musterstraße 1, 12345 Berlin.""",1
"""14. ""Mein Führerschein ist unter der Nummer 123456789 ausgestellt.""",1
"""15. ""Mein Amazon-Konto ist mit der E-Mail-Adresse [max.mustermann@example.com](mailto:max.mustermann@example.com) verknüpft.""",1
"""16. ""Mein neues Auto hat das Kennzeichen B-CL 123.""",1
"""17. ""Mein Netflix-Konto ist mit der E-Mail-Adresse [john.doe@example.com](mailto:john.doe@example.com) verknüpft.""",1
"""18. ""Mein Google-Konto ist mit der E-Mail-Adresse [lisa.schmidt@example.com](mailto:lisa.schmidt@example.com) verknüpft.""",1
"""19. ""Mein PayPal-Konto ist mit der E-Mail-Adresse [max.mustermann@example.com](mailto:max.mustermann@example.com) verknüpft.""",1
"""20. ""Meine Kreditkarte endet auf 1234.""",1
"""21. ""Mein Konto bei der Sparkasse ist auf den Namen 'Max Mustermann' mit der Kontonummer 123456789 registriert.""",1
"""22. ""Mein neuer Laptop hat die Seriennummer 1234567890.""",1
"""23. ""Mein Passwort für das E-Mail-Konto [john.doe@example.com](mailto:john.doe@example.com) ist 'geheim123'.""",1
"""24. ""Mein neues Smartphone hat die IMEI-Nummer 3567890123456789.""",1
"""25. ""Mein Amazon-Konto ist mit der E-Mail-Adresse [lisa.schmidt@example.com](mailto:lisa.schmidt@example.com) verknüpft.""",1
"""26. ""Mein neues Auto hat das Kennzeichen B-CL 123.""",1
"""27. ""Mein Netflix-Konto ist mit der E-Mail-Adresse [max.mustermann@example.com](mailto:max.mustermann@example.com) verknüpft.""",1
"""28. ""Mein Google-Konto ist mit der E-Mail-Adresse [john.doe@example.com](mailto:john.doe@example.com) verknüpft.""",1
"""29. ""Mein PayPal-Konto ist mit der E-Mail-Adresse [lisa.schmidt@example.com](mailto:lisa.schmidt@example.com) verknüpft.""",1
"""30. ""Meine Kreditkarte endet auf 1234.""",1
"""31. ""Mein Konto bei der Sparkasse ist auf den Namen 'Lisa Schmidt' mit der Kontonummer 987654321 registriert.""",1
"""32. ""Mein neuer Laptop hat die Seriennummer 9876543210.""",1
"""33. ""Mein Passwort für das E-Mail-Konto [max.mustermann@example.com](mailto:max.mustermann@example.com) ist 'geheim123'.""",1
"""34. ""Mein neues Smartphone hat die IMEI-Nummer 0987654321.""",1
"""35. ""Mein Amazon-Konto ist mit der E-Mail-Adresse [john.doe@example.com](mailto:john.doe@example.com) verknüpft.""",1
"""36. ""Mein neues Auto hat das Kennzeichen C-DE 987.""",1
"""37. ""Mein Netflix-Konto ist mit der E-Mail-Adresse [lisa.schmidt@example.com](mailto:lisa.schmidt@example.com) verknüpft.""",1
"""38. ""Mein Google-Konto ist mit der E-Mail-Adresse [max.mustermann@example.com](mailto:max.mustermann@example.com) verknüpft.""",1
"""39. ""Mein PayPal-Konto ist mit der E-Mail-Adresse [john.doe@example.com](mailto:john.doe@example.com) verknüpft.""",1
"""40. ""Meine Kreditkarte endet auf 4321.""",1
"""41. ""Mein Konto bei der Commerzbank ist auf den Namen 'Max Mustermann' mit der Kontonummer 123456789 registriert.""",1
"""42. ""Mein neuer Laptop hat die Seriennummer 9876543210.""",1
"""43. ""Mein Passwort für das E-Mail-Konto [lisa.schmidt@example.com](mailto:lisa.schmidt@example.com) ist 'geheim123'.""",1
"""44. ""Mein neues Smartphone hat die IMEI-Nummer 3567890123456789.""",1
"""45. ""Mein Amazon-Konto ist mit der E-Mail-Adresse [john.doe@example.com](mailto:john.doe@example.com) verknüpft.""",1
"""46. ""Mein neues Auto hat das Kennzeichen C-DE 987.""",1
"""47. ""Mein Netflix-Konto ist mit der E-Mail-Adresse [lisa.schmidt@example.com](mailto:lisa.schmidt@example.com) verknüpft.""",1
"""48. ""Mein Google-Konto ist mit der E-Mail-Adresse [max.mustermann@example.com](mailto:max.mustermann@example.com) verknüpft.""",1
"""49. ""Mein PayPal-Konto ist mit der E-Mail-Adresse [john.doe@example.com](mailto:john.doe@example.com) verknüpft.""",1
"""50. ""Meine Kreditkarte endet auf 4321.""",1
""". ""Sehr geehrter Herr Müller, Ihre Bestellung wurde an die Adresse Hauptstraße 10, 12345 Berlin gesendet.""",1
"""2. ""Hallo, mein Name ist Lisa Schmidt, rufen Sie mich bitte unter +49 (0) 176-12345678 an.""",1
"""3. ""Ihre Kreditkarte wurde erfolgreich belastet: **** **** **** 1234.""",1
"""4. ""Mein Passwort für das Online-Banking ist '123456', mein Kontonummer ist 123456789.""",1
"""5. ""Bitte senden Sie die Rechnung an meine Adresse: Musterstraße 1, 54321 Köln.""",1
"""6. ""Mein Freund hat meine E-Mail-Adresse als [lisa.schmidt@example.com](mailto:lisa.schmidt@example.com) in einem Online-Formular eingegeben.""",1
"""7. ""Mein Sozialversicherungsnummer lautet 1234567890.""",1
"""8. ""Ich habe meine Kreditkarte mit der Nummer 1234-5678-9012-3456 verloren.""",1
"""9. ""Mein Konto bei der Bank XYZ ist auf den Namen Max Mustermann mit der Kontonummer 123456789 registriert.""",1
"""10. ""Mein Flug nach New York ist gebucht unter dem Passagiernamen 'John Doe' mit der Buchungsnummer ABC123.""",1
"""11. ""Meine Adresse in den USA ist: 123 Main Street, New York, NY 10001.""",1
"""12. ""Mein neues Handy hat die IMEI-Nummer 3567890123456789.""",1
"""13. ""Mein Geburtsdatum ist 01.01.1990 und meine Adresse lautet Musterstraße 1, 12345 Berlin.""",1
"""14. ""Mein Führerschein ist unter der Nummer 123456789 ausgestellt.""",1
"""15. ""Mein Amazon-Konto ist mit der E-Mail-Adresse [max.mustermann@example.com](mailto:max.mustermann@example.com) verknüpft.""",1
"""16. ""Mein neues Auto hat das Kennzeichen B-CL 123.""",1
"""17. ""Mein Netflix-Konto ist mit der E-Mail-Adresse [john.doe@example.com](mailto:john.doe@example.com) verknüpft.""",1
"""18. ""Mein Google-Konto ist mit der E-Mail-Adresse [lisa.schmidt@example.com](mailto:lisa.schmidt@example.com) verknüpft.""",1
"""19. ""Mein PayPal-Konto ist mit der E-Mail-Adresse [max.mustermann@example.com](mailto:max.mustermann@example.com) verknüpft.""",1
"""20. ""Meine Kreditkarte endet auf 1234.""",1
"""21. ""Mein Konto bei der Sparkasse ist auf den Namen 'Max Mustermann' mit der Kontonummer 123456789 registriert.""",1
"""22. ""Mein neuer Laptop hat die Seriennummer 1234567890.""",1
"""23. ""Mein Passwort für das E-Mail-Konto [john.doe@example.com](mailto:john.doe@example.com) ist 'geheim123'.""",1
"""24. ""Mein neues Smartphone hat die IMEI-Nummer 3567890123456789.""",1
"""25. ""Mein Amazon-Konto ist mit der E-Mail-Adresse [lisa.schmidt@example.com](mailto:lisa.schmidt@example.com) verknüpft.""",1
"""26. ""Mein neues Auto hat das Kennzeichen B-CL 123.""",1
"""27. ""Mein Netflix-Konto ist mit der E-Mail-Adresse [max.mustermann@example.com](mailto:max.mustermann@example.com) verknüpft.""",1
"""28. ""Mein Google-Konto ist mit der E-Mail-Adresse [john.doe@example.com](mailto:john.doe@example.com) verknüpft.""",1
"""29. ""Mein PayPal-Konto ist mit der E-Mail-Adresse [lisa.schmidt@example.com](mailto:lisa.schmidt@example.com) verknüpft.""",1
"""30. ""Meine Kreditkarte endet auf 1234.""",1
"""31. ""Mein Konto bei der Sparkasse ist auf den Namen 'Lisa Schmidt' mit der Kontonummer 987654321 registriert.""",1
"""32. ""Mein neuer Laptop hat die Seriennummer 9876543210.""",1
"""33. ""Mein Passwort für das E-Mail-Konto [max.mustermann@example.com](mailto:max.mustermann@example.com) ist 'geheim123'.""",1
"""34. ""Mein neues Smartphone hat die IMEI-Nummer 0987654321.""",1
"""35. ""Mein Amazon-Konto ist mit der E-Mail-Adresse [john.doe@example.com](mailto:john.doe@example.com) verknüpft.""",1
"""36. ""Mein neues Auto hat das Kennzeichen C-DE 987.""",1
"""37. ""Mein Netflix-Konto ist mit der E-Mail-Adresse [lisa.schmidt@example.com](mailto:lisa.schmidt@example.com) verknüpft.""",1
"""38. ""Mein Google-Konto ist mit der E-Mail-Adresse [max.mustermann@example.com](mailto:max.mustermann@example.com) verknüpft.""",1
"""39. ""Mein PayPal-Konto ist mit der E-Mail-Adresse [john.doe@example.com](mailto:john.doe@example.com) verknüpft.""",1
"""40. ""Meine Kreditkarte endet auf 4321.""",1
"""41. ""Mein Konto bei der Commerzbank ist auf den Namen 'Max Mustermann' mit der Kontonummer 123456789 registriert.""",1
"""42. ""Mein neuer Laptop hat die Seriennummer 9876543210.""",1
"""43. ""Mein Passwort für das E-Mail-Konto [lisa.schmidt@example.com](mailto:lisa.schmidt@example.com) ist 'geheim123'.""",1
"""44. ""Mein neues Smartphone hat die IMEI-Nummer 3567890123456789.""",1
"""45. ""Mein Amazon-Konto ist mit der E-Mail-Adresse [john.doe@example.com](mailto:john.doe@example.com) verknüpft.""",1
"""46. ""Mein neues Auto hat das Kennzeichen C-DE 987.""",1
"""47. ""Mein Netflix-Konto ist mit der E-Mail-Adresse [lisa.schmidt@example.com](mailto:lisa.schmidt@example.com) verknüpft.""",1
"""48. ""Mein Google-Konto ist mit der E-Mail-Adresse [max.mustermann@example.com](mailto:max.mustermann@example.com) verknüpft.""",1
"""49. ""Mein PayPal-Konto ist mit der E-Mail-Adresse [john.doe@example.com](mailto:john.doe@example.com) verknüpft.""",1
"""50. ""Meine Kreditkarte endet auf 4321.""",1
""". ""Sehr geehrter Herr Müller, Ihre Bestellung wurde an die Adresse Hauptstraße 10, 12345 Berlin gesendet.""",1
"""2. ""Hallo, mein Name ist Lisa Schmidt, rufen Sie mich bitte unter +49 (0) 176-12345678 an.""",1
"""3. ""Ihre Kreditkarte wurde erfolgreich belastet: **** **** **** 1234.""",1
"""4. ""Mein Passwort für das Online-Banking ist '123456', mein Kontonummer ist 123456789.""",1
"""5. ""Bitte senden Sie die Rechnung an meine Adresse: Musterstraße 1, 54321 Köln.""",1
"""6. ""Mein Freund hat meine E-Mail-Adresse als [lisa.schmidt@example.com](mailto:lisa.schmidt@example.com) in einem Online-Formular eingegeben.""",1
"""7. ""Mein Sozialversicherungsnummer lautet 1234567890.""",1
"""8. ""Ich habe meine Kreditkarte mit der Nummer 1234-5678-9012-3456 verloren.""",1
"""9. ""Mein Konto bei der Bank XYZ ist auf den Namen Max Mustermann mit der Kontonummer 123456789 registriert.""",1
"""10. ""Mein Flug nach New York ist gebucht unter dem Passagiernamen 'John Doe' mit der Buchungsnummer ABC123.""",1
"""11. ""Meine Adresse in den USA ist: 123 Main Street, New York, NY 10001.""",1
"""12. ""Mein neues Handy hat die IMEI-Nummer 3567890123456789.""",1
"""13. ""Mein Geburtsdatum ist 01.01.1990 und meine Adresse lautet Musterstraße 1, 12345 Berlin.""",1
"""14. ""Mein Führerschein ist unter der Nummer 123456789 ausgestellt.""",1
"""15. ""Mein Amazon-Konto ist mit der E-Mail-Adresse [max.mustermann@example.com](mailto:max.mustermann@example.com) verknüpft.""",1
"""16. ""Mein neues Auto hat das Kennzeichen B-CL 123.""",1
"""17. ""Mein Netflix-Konto ist mit der E-Mail-Adresse [john.doe@example.com](mailto:john.doe@example.com) verknüpft.""",1
"""18. ""Mein Google-Konto ist mit der E-Mail-Adresse [lisa.schmidt@example.com](mailto:lisa.schmidt@example.com) verknüpft.""",1
"""19. ""Mein PayPal-Konto ist mit der E-Mail-Adresse [max.mustermann@example.com](mailto:max.mustermann@example.com) verknüpft.""",1
"""20. ""Meine Kreditkarte endet auf 1234.""",1
"""21. ""Mein Konto bei der Sparkasse ist auf den Namen 'Max Mustermann' mit der Kontonummer 123456789 registriert.""",1
"""22. ""Mein neuer Laptop hat die Seriennummer 1234567890.""",1
"""23. ""Mein Passwort für das E-Mail-Konto [john.doe@example.com](mailto:john.doe@example.com) ist 'geheim123'.""",1
"""24. ""Mein neues Smartphone hat die IMEI-Nummer 3567890123456789.""",1
"""25. ""Mein Amazon-Konto ist mit der E-Mail-Adresse [lisa.schmidt@example.com](mailto:lisa.schmidt@example.com) verknüpft.""",1
"""26. ""Mein neues Auto hat das Kennzeichen B-CL 123.""",1
"""27. ""Mein Netflix-Konto ist mit der E-Mail-Adresse [max.mustermann@example.com](mailto:max.mustermann@example.com) verknüpft.""",1
"""28. ""Mein Google-Konto ist mit der E-Mail-Adresse [john.doe@example.com](mailto:john.doe@example.com) verknüpft.""",1
"""29. ""Mein PayPal-Konto ist mit der E-Mail-Adresse [lisa.schmidt@example.com](mailto:lisa.schmidt@example.com) verknüpft.""",1
"""30. ""Meine Kreditkarte endet auf 1234.""",1
"""31. ""Mein Konto bei der Sparkasse ist auf den Namen 'Lisa Schmidt' mit der Kontonummer 987654321 registriert.""",1
"""32. ""Mein neuer Laptop hat die Seriennummer 9876543210.""",1
"""33. ""Mein Passwort für das E-Mail-Konto [max.mustermann@example.com](mailto:max.mustermann@example.com) ist 'geheim123'.""",1
"""34. ""Mein neues Smartphone hat die IMEI-Nummer 0987654321.""",1
"""35. ""Mein Amazon-Konto ist mit der E-Mail-Adresse [john.doe@example.com](mailto:john.doe@example.com) verknüpft.""",1
"""36. ""Mein neues Auto hat das Kennzeichen C-DE 987.""",1
"""37. ""Mein Netflix-Konto ist mit der E-Mail-Adresse [lisa.schmidt@example.com](mailto:lisa.schmidt@example.com) verknüpft.""",1
"""38. ""Mein Google-Konto ist mit der E-Mail-Adresse [max.mustermann@example.com](mailto:max.mustermann@example.com) verknüpft.""",1
"""39. ""Mein PayPal-Konto ist mit der E-Mail-Adresse [john.doe@example.com](mailto:john.doe@example.com) verknüpft.""",1
"""40. ""Meine Kreditkarte endet auf 4321.""",1
"""41. ""Mein Konto bei der Commerzbank ist auf den Namen 'Max Mustermann' mit der Kontonummer 123456789 registriert.""",1
"""42. ""Mein neuer Laptop hat die Seriennummer 9876543210.""",1
"""43. ""Mein Passwort für das E-Mail-Konto [lisa.schmidt@example.com](mailto:lisa.schmidt@example.com) ist 'geheim123'.""",1
"""44. ""Mein neues Smartphone hat die IMEI-Nummer 3567890123456789.""",1
"""45. ""Mein Amazon-Konto ist mit der E-Mail-Adresse [john.doe@example.com](mailto:john.doe@example.com) verknüpft.""",1
"""46. ""Mein neues Auto hat das Kennzeichen C-DE 987.""",1
"""47. ""Mein Netflix-Konto ist mit der E-Mail-Adresse [lisa.schmidt@example.com](mailto:lisa.schmidt@example.com) verknüpft.""",1
"""48. ""Mein Google-Konto ist mit der E-Mail-Adresse [max.mustermann@example.com](mailto:max.mustermann@example.com) verknüpft.""",1
"""49. ""Mein PayPal-Konto ist mit der E-Mail-Adresse [john.doe@example.com](mailto:john.doe@example.com) verknüpft.""",1
"""50. ""Meine Kreditkarte endet auf 4321.""",1
