text,label
"""1. ""El presidente anuncia nuevas medidas para combatir la inflación.""",0
"""2. ""¡Oferta del día! Sandwich de jamón y queso a solo $2.""",0
"""3. ""La película de ciencia ficción 'Eclipso' se estrena hoy en todos los cines.""",0
"""4. ""Un cliente llamó hoy para reportar un problema con su orden.""",0
"""5. ""El número de pedido 12345 está listo para ser recogido.""",0
"""6. ""La empresa lanza su nuevo smartphone, el modelo X1.""",0
"""7. ""El museo de arte abre sus puertas al público este fin de semana.""",0
"""8. ""La receta del día: ensalada caprese, ¡sencilla y deliciosa!""",0
"""9. ""El equipo de fútbol local ganó el partido de ayer 3-1.""",0
"""10. ""El nuevo juego de video 'Nebula Wars' ha sido muy bien recibido por los jugadores.""",0
"""11. ""La biblioteca municipal organiza un taller de lectura para niños este sábado.""",0
"""12. ""La aplicación de entrega de comida 'FoodFast' ha mejorado su servicio en la ciudad.""",0
"""13. ""El concierto de esta noche ha sido cancelado debido a mal tiempo.""",0
"""14. ""La empresa de tecnología 'Innovatech' presenta su última invención en la feria.""",0
"""15. ""El parque nacional ha reabierto después de las obras de mantenimiento.""",0
"""16. ""El restaurante 'La Luna' ofrece una cena especial de San Valentín.""",0
"""17. ""La marca 'CleanHome' ha lanzado un nuevo producto de limpieza.""",0
"""18. ""El centro comercial ofrece descuentos en todas las tiendas durante esta semana.""",0
"""19. ""El servicio de transporte público se retrasará esta tarde debido a obras en las carreteras.""",0
"""20. ""La película de comedia 'Risas sin fin' se estrenará la próxima semana.""",0
"""21. ""La tienda de electrónica 'TechWorld' ha abierto una nueva sucursal en el centro de la ciudad.""",0
"""22. ""El festival de música 'SoundWave' tendrá lugar este fin de semana en el parque.""",0
"""23. ""La empresa de viajes 'GoPlaces' ofrece paquetes especiales para las vacaciones de primavera.""",0
"""24. ""El equipo de investigación ha descubierto una nueva especie de plantas en la selva tropical.""",0
"""25. ""La tienda de ropa 'FashionFusion' tiene una venta de liquidación este fin de semana.""",0
"""26. ""El servicio de streaming 'MusicFlow' ha agregado nuevas canciones a su biblioteca.""",0
"""27. ""El evento de caridad 'Ayuda a los Niños' tendrá lugar el próximo mes en el centro comunitario.""",0
"""28. ""La empresa de software 'CodeEase' lanza una nueva actualización de su popular programa.""",0
"""29. ""El museo de historia local abre una nueva exposición esta semana.""",0
"""30. ""El gimnasio 'FitLife' ofrece una semana gratuita de membresía para nuevos miembros.""",0
"""31. ""La marca de cosméticos 'BeautyBliss' lanza una nueva línea de productos orgánicos.""",0
"""32. ""El servicio de entrega de flores 'BouquetExpress' ofrece envíos mismo día en toda la ciudad.""",0
"""33. ""El teatro presenta una obra de teatro clásica este fin de semana.""",0
"""34. ""La empresa de construcción 'BuildPro' ha comenzado la construcción de un nuevo edificio en el centro de la ciudad.""",0
"""35. ""El evento de juegos de mesa 'BoardGameBlitz' tendrá lugar en la biblioteca este fin de semana.""",0
"""36. ""La empresa de telecomunicaciones 'ConnectCom' ofrece descuentos en planes de teléfono móvil.""",0
"""37. ""La tienda de libros 'PageTurners' ha abierto una nueva sucursal en el barrio.""",0
"""38. ""El parque de diversiones abre sus puertas para la temporada de verano.""",0
"""39. ""La marca de ropa deportiva 'SportsWear' presenta su nueva colección de primavera.""",0
"""40. ""El servicio de transporte de mascotas 'PetPorter' ahora ofrece envíos internacionales.""",0
"""41. ""El evento de comida 'TasteFest' tendrá lugar en el parque este fin de semana.""",0
"""42. ""La empresa de servicios de limpieza 'Spotless' ofrece descuentos en servicios de limpieza residencial.""",0
"""43. ""El evento de arte 'PaintSplash' tendrá lugar en el centro comunitario este fin de semana.""",0
"""44. ""La empresa de servicios de internet 'NetSpeed' ha mejorado su velocidad de conexión.""",0
"""45. ""El evento de yoga 'OmShanti' tendrá lugar en el parque este fin de semana.""",0
"""46. ""La empresa de servicios de jardinería 'GreenThumbs' ofrece descuentos en servicios de mantenimiento de jardines.""",0
"""47. ""El evento de cine al aire libre 'MovieNight' tendrá lugar en el parque este fin de semana.""",0
"""48. ""La empresa de servicios de reparación de electrodomésticos 'FixIt' ofrece descuentos en reparaciones de lavadoras y secadoras.""",0
"""49. ""El evento de comedia 'LaughOutLoud' tendrá lugar en el teatro este fin de semana.""",0
"""50. ""La empresa de servicios de mudanza 'MoveEasy' ofrece descuentos en servicios de mudanza local.""",0
"""1. ""Se espera lluvia para esta tarde, toma tu paraguas.""",0
"""2. ""La nueva película de acción es todo un éxito en taquilla.""",0
"""3. ""El servicio de atención al cliente fue excelente, me ayudaron rápidamente.""",0
"""4. ""El número de orden 12345 ha sido procesado con éxito.""",0
"""5. ""Qué rico, la pizza de la esquina es la mejor de la ciudad.""",0
"""6. ""El Metro A está experimentando retrasos esta mañana.""",0
"""7. ""Un cliente llamado hoy para preguntar sobre nuestros descuentos.""",0
"""8. ""La conferencia de prensa comienza en 10 minutos, estén atentos.""",0
"""9. ""El nuevo smartphone de la marca X es impresionante, su cámara es increíble.""",0
"""10. ""La biblioteca cierra a las 8 pm los días de semana.""",0
"""11. ""El equipo de fútbol local ganó el partido de anoche.""",0
"""12. ""La promoción especial de esta semana es el 2x1 en todas nuestras hamburguesas.""",0
"""13. ""La nueva línea de ropa de la tienda es muy elegante, me encanta.""",0
"""14. ""El tráfico en la avenue principal está congestionado, toma otra ruta.""",0
"""15. ""El concierto de esta noche es en el teatro principal, no te lo pierdas.""",0
"""16. ""La nueva actualización del software ya está disponible para su descarga.""",0
"""17. ""El supermercado de la esquina tiene ofertas en productos frescos esta semana.""",0
"""18. ""La película de animación es perfecta para ver en familia este fin de semana.""",0
"""19. ""El número de teléfono para pedidos es el 555-555-5555.""",0
"""20. ""La estación de servicio más cercana ofrece combustible a precios bajos.""",0
"""21. ""La nueva línea de maquillaje de la marca Y es muy popular entre las influencers.""",0
"""22. ""El museo de arte tiene una exposición temporal de pintores locales.""",0
"""23. ""El parque temático abrirá sus puertas el próximo mes, ¡estamos emocionados!""",0
"""24. ""La aplicación de entregas a domicilio es muy útil, llegó en menos de una hora.""",0
"""25. ""La tienda de electrónicos tiene una venta de televisores este fin de semana.""",0
"""26. ""El festival de música en el centro de la ciudad es este sábado, ¡no faltes!""",0
"""27. ""El restaurante de comida rápida ofrece un menú para niños muy económico.""",0
"""28. ""La oferta especial de hoy es un 15% de descuento en todos los productos de la tienda.""",0
"""29. ""La empresa de mudanzas nos ayudó a llevar todas nuestras cosas a nuestro nuevo hogar.""",0
"""30. ""La nueva línea de zapatos de la marca Z es cómoda y fashion.""",0
"""31. ""El evento de caridad de esta noche es en el hotel de lujo de la ciudad.""",0
"""32. ""La promoción en la cafetería es un café gratis con la compra de un sándwich.""",0
"""33. ""El nuevo centro comercial tiene muchas tiendas y restaurantes.""",0
"""34. ""El servicio de streaming ofrece una gran variedad de películas y series.""",0
"""35. ""La oferta en el spa es un tratamiento completo de cuerpo y mente.""",0
"""36. ""El concierto de rock en el estadio fue increíble, la multitud estaba enloquecida.""",0
"""37. ""La tienda de comestibles tiene una sección de alimentos orgánicos.""",0
"""38. ""El evento de la feria de ciencia y tecnología es este fin de semana, ¡no te lo pierdas!""",0
"""39. ""La marca de ropa deportiva X tiene una nueva línea de ropa para entrenamiento.""",0
"""40. ""El centro de yoga ofrece clases para todos los niveles.""",0
"""41. ""La oferta en la tienda de congelados es un 2x1 en todos los productos seleccionados.""",0
"""42. ""El festival de comida en el parque es este fin de semana, ¡prueba los platillos locales!""",0
"""43. ""La marca de cosméticos Y tiene una nueva línea de productos para pieles sensibles.""",0
"""44. ""El servicio de limpieza nos dejó la casa reluciente, muy agradecidos.""",0
"""45. ""La oferta en la tienda de electrónica es un descuento en todos los televisores de pantalla grande.""",0
"""46. ""El evento de la galería de arte es esta noche, con entrada gratuita.""",0
"""47. ""La tienda de comestibles tiene una sección de productos sin gluten.""",0
"""48. ""El nuevo restaurante en el centro de la ciudad es del chef famoso X.""",0
"""49. ""La promoción en la tienda de ropa es un 30% de descuento en todas las prendas de verano.""",0
"""50. ""El evento de la salida del sol en la playa es este fin de semana, ¡no te lo pierdas!""",0
"""1. ""El presidente anunció hoy la implementación de nuevas políticas económicas.""",0
"""2. ""¡Oferta del día! Descuento del 50% en todos nuestros productos electrónicos.""",0
"""3. ""La película de acción 'Rápidos y Furiosos 9' se estrenó hoy en cines.""",0
"""4. ""Un cliente llamó hoy para reportar un problema con su cuenta.""",0
"""5. ""La última actualización de software se lanzará el próximo mes.""",0
"""6. ""El número de orden 12345 está listo para ser recogido.""",0
"""7. ""La empresa acaba de contratar a un nuevo gerente de marketing.""",0
"""8. ""El nuevo teléfono inteligente de nuestra marca es una obra maestra de la tecnología.""",0
"""9. ""Un grupo de turistas visitó nuestra ciudad hoy, trayendo vida a nuestras calles.""",0
"""10. ""El partido de fútbol de esta noche entre Real Madrid y Barcelona promete ser emocionante.""",0
"""11. ""La ciudad está organizando un festival de comida para celebrar la cultura local.""",0
"""12. ""La biblioteca necesita donaciones de libros para su programa de lectura infantil.""",0
"""13. ""La nueva línea de ropa de verano está causando furor entre los jóvenes.""",0
"""14. ""Un vecino llamó para informar de un problema con las tuberías de agua.""",0
"""15. ""La empresa de transporte acaba de adquirir nuevos autobuses para mejorar el servicio.""",0
"""16. ""La exposición de arte local comienza mañana en el Museo de Bellas Artes.""",0
"""17. ""El concierto de esta noche en el estadio será un éxito, con miles de espectadores esperados.""",0
"""18. ""La tienda de comestibles local ha anunciado una gran liquidación de fin de temporada.""",0
"""19. ""La academia de inglés está buscando nuevos profesores para su equipo de enseñanza.""",0
"""20. ""Un cliente dejó una reseña positiva en nuestra página web, elogiando nuestro servicio al cliente.""",0
"""21. ""La nueva aplicación de cita médica permite a los pacientes programar citas en línea.""",0
"""22. ""La próxima edición del torneo de ajedrez será en la ciudad vecina.""",0
"""23. ""La empresa de construcción ha comenzado a trabajar en un nuevo proyecto residencial.""",0
"""24. ""El restaurante local ha ganado un premio por su deliciosa comida mexicana.""",0
"""25. ""La nueva línea de productos para el cuidado de la piel está causando revuelo en el mercado.""",0
"""26. ""Un edificio en el centro de la ciudad fue evacuado debido a un incendio menor.""",0
"""27. ""La obra de teatro 'El rey Lear' se presentará en el teatro local durante todo el mes.""",0
"""28. ""La empresa de telecomunicaciones ha mejorado su señal en toda la ciudad.""",0
"""29. ""El supermercado está buscando un nuevo gerente para su tienda local.""",0
"""30. ""La próxima edición del festival de música tendrá lugar en el parque central.""",0
"""31. ""La empresa de mudanzas nos ha informado que nuestro pedido será entregado mañana.""",0
"""32. ""La nueva línea de productos para el hogar está a la venta en todas nuestras tiendas.""",0
"""33. ""La biblioteca local está buscando voluntarios para ayudar en su programa de lectura.""",0
"""34. ""La empresa de tecnología ha lanzado un nuevo modelo de laptop con características mejoradas.""",0
"""35. ""El centro comercial local está organizando un evento de juegos infantiles para este fin de semana.""",0
"""36. ""La empresa de transporte público ha anunciado un aumento en el precio de los boletos.""",0
"""37. ""La nueva línea de productos cosméticos ha sido diseñada para pieles sensibles.""",0
"""38. ""Un cliente llamó para cancelar su servicio de internet esta mañana.""",0
"""39. ""La empresa de servicios públicos ha informado de un corte de energía programado para mañana.""",0
"""40. ""La compañía de seguros ha anunciado una nueva póliza para conductores jóvenes.""",0
"""41. ""La nueva línea de ropa de invierno está disponible en todas las tiendas departamentales.""",0
"""42. ""La empresa de servicios de limpieza ha contratado a nuevos empleados para su equipo.""",0
"""43. ""La próxima edición del festival de cine se llevará a cabo en el teatro local.""",0
"""44. ""La empresa de servicios de internet ha informado de un problema técnico temporal.""",0
"""45. ""La empresa de transporte de carga ha adquirido nuevos camiones para su flota.""",0
"""46. ""El nuevo parque temático abrirá sus puertas al público el próximo mes.""",0
"""47. ""La empresa de seguridad ha instalado un nuevo sistema de cámaras de seguridad en el edificio.""",0
"""48. ""La empresa de servicios de catering ha sido contratada para el evento de esta noche.""",0
"""49. ""La empresa de servicios de lavandería ha comenzado a ofrecer un servicio de recogida y entrega a domicilio.""",0
"""50. ""La próxima edición del mercado de artesanía se llevará a cabo en la plaza central.""",0
"""1. ""El presidente anunció hoy nuevas medidas para mejorar la educación.""",0
"""2. ""El nuevo smartphone de la compañía es increíblemente rápido.""",0
"""3. ""El clima está cambiando, necesitamos más árboles en la ciudad.""",0
"""4. ""El partido de fútbol fue muy emocionante, ganó el equipo local.""",0
"""5. ""La película de ciencia ficción que vi ayer fue muy interesante.""",0
"""6. ""El museo de arte moderno abrió una nueva exposición hoy.""",0
"""7. ""La nueva línea de ropa de la marca es muy elegante.""",0
"""8. ""El concierto de esta noche fue cancelado debido al mal tiempo.""",0
"""9. ""El libro que estoy leyendo es muy emocionante, no puedo parar.""",0
"""10. ""El juego de video es muy divertido, lo recomiendo a todos.""",0
"""11. ""El nuevo restaurante en el centro es delicioso, deben probarlo.""",0
"""12. ""La empresa anunció un aumento en las ventas este trimestre.""",0
"""13. ""El festival de música de este año fue muy exitoso, hubo mucha gente.""",0
"""14. ""El nuevo parque en el barrio es un lugar hermoso para pasear.""",0
"""15. ""La obra de teatro que vi anoche me hizo reír y llorar.""",0
"""16. ""El juego de ajedrez fue muy emocionante, ganó el jugador local.""",0
"""17. ""El nuevo juego de video es muy difícil, pero muy divertido.""",0
"""18. ""La exposición de fotografía es muy buena, hay algunas fotos increíbles.""",0
"""19. ""El concierto de esta noche fue cancelado debido a un problema técnico.""",0
"""20. ""El nuevo restaurante en la calle principal es delicioso, deben probarlo.""",0
"""21. ""La empresa anunció un aumento en la producción este mes.""",0
"""22. ""El festival de cine de este año fue muy exitoso, hubo muchas películas interesantes.""",0
"""23. ""El nuevo libro que estoy leyendo es muy interesante, no puedo dejar de leerlo.""",0
"""24. ""El juego de fútbol fue muy emocionante, ganó el equipo visitante.""",0
"""25. ""La exposición de arte es muy buena, hay algunas piezas muy interesantes.""",0
"""26. ""El concierto de esta noche fue cancelado debido a la lluvia.""",0
"""27. ""El nuevo producto de la empresa es muy útil, lo recomendaría a todos.""",0
"""28. ""El museo de historia abrió una nueva exhibición hoy.""",0
"""29. ""La línea de ropa de la marca es muy cómoda, la amo.""",0
"""30. ""El partido de tenis fue muy emocionante, ganó el jugador local.""",0
"""31. ""La nueva película de acción es muy buena, la disfruté mucho.""",0
"""32. ""El nuevo juego de video es muy difícil, pero muy divertido de jugar.""",0
"""33. ""El concierto de esta noche fue cancelado debido a un problema con el sonido.""",0
"""34. ""El nuevo restaurante en la plaza es delicioso, deben probarlo.""",0
"""35. ""La empresa anunció un aumento en las ventas este año.""",0
"""36. ""El festival de teatro de este año fue muy exitoso, hubo muchas obras interesantes.""",0
"""37. ""El nuevo libro que estoy leyendo es muy emocionante, no puedo esperar para leer más.""",0
"""38. ""El juego de ajedrez fue muy emocionante, ganó el jugador visitante.""",0
"""39. ""La exposición de fotografía es muy buena, hay algunas fotos muy interesantes.""",0
"""40. ""El concierto de esta noche fue cancelado debido a un problema con la iluminación.""",0
"""41. ""El nuevo producto de la empresa es muy útil, me ahorra tiempo y esfuerzo.""",0
"""42. ""El museo de ciencia abrió una nueva exhibición hoy.""",0
"""43. ""La línea de ropa de la marca es muy elegante, me encanta.""",0
"""44. ""El partido de baloncesto fue muy emocionante, ganó el equipo visitante.""",0
"""45. ""La nueva película de comedia es muy buena, me hizo reír mucho.""",0
"""46. ""El nuevo juego de video es muy fácil de jugar, pero muy divertido.""",0
"""47. ""El concierto de esta noche fue cancelado debido a un problema con el escenario.""",0
"""48. ""El nuevo restaurante en la calle es delicioso, deben probarlo.""",0
"""49. ""La empresa anunció un aumento en la producción este trimestre.""",0
"""50. ""El festival de música folclórica de este año fue muy exitoso, hubo mucha gente bailando.""",0
"""1. ""El presidente anunció una reducción de impuestos para estimular la economía.""",0
"""2. ""El nuevo restaurante en la esquina tiene las mejores empanadas de la ciudad.""",0
"""3. ""Mi vecino me prestó su taladradora para arreglar el mueble roto.""",0
"""4. ""La empresa lanzó una nueva aplicación para hacer compras en línea.""",0
"""5. ""El juego de mesa 'Catán' es una excelente opción para jugar en familia.""",0
"""6. ""El clima está muy inestable esta semana, prepárense para la lluvia.""",0
"""7. ""La exposición de arte abre al público este fin de semana.""",0
"""8. ""El mejor café en el centro es el de la cafetería 'El Grano de Oro'.""",0
"""9. ""La película de acción 'Furia Infinita' estará en los cines este viernes.""",0
"""10. ""El concierto de esta noche ha sido cancelado debido a un problema técnico.""",0
"""11. ""La oferta especial de este mes en la panadería es el pan de masa madre.""",0
"""12. ""Me encanta la nueva línea de ropa deportiva de la tienda 'Sprint & Run'.""",0
"""13. ""El museo de historia natural tiene una nueva exposición de mariposas.""",0
"""14. ""El partido de fútbol de esta noche se jugará sin público debido a la pandemia.""",0
"""15. ""La biblioteca pública tiene un nuevo programa de lectura para niños.""",0
"""16. ""El mejor lugar para ver el atardecer es la plaza principal de la ciudad.""",0
"""17. ""La nueva línea de smartphones de la empresa 'TechWave' será lanzada el mes que viene.""",0
"""18. ""El festival de comida de este fin de semana tendrá comida de todo el mundo.""",0
"""19. ""El nuevo parque infantil en el barrio es perfecto para que los niños jueguen al aire libre.""",0
"""20. ""La empresa de transporte público anunció cambios en los horarios de los autobuses.""",0
"""21. ""El mejor lugar para comprar electrónicos es la tienda 'ElectroWorld'.""",0
"""22. ""La exposición de flores y plantas está en el parque central esta semana.""",0
"""23. ""El nuevo centro comercial tiene una gran variedad de tiendas y restaurantes.""",0
"""24. ""El concierto de esta noche es gratuito para todos los que quieran asistir.""",0
"""25. ""La nueva línea de cosméticos orgánicos de la tienda 'Green Beauty' es excelente.""",0
"""26. ""El mejor lugar para comprar libros usados es la librería 'Páginas Antiguas'.""",0
"""27. ""La empresa de telecomunicaciones anunció mejoras en la señal de internet.""",0
"""28. ""El festival de cine de esta semana tiene películas de todo el mundo.""",0
"""29. ""La nueva línea de bicicletas de la tienda 'BikeZone' es muy buena para el ejercicio.""",0
"""30. ""El mejor lugar para comprar ropa de invierno es la tienda 'Abrigos & Abrigos'.""",0
"""31. ""El nuevo gimnasio en el barrio ofrece clases de yoga y pilates.""",0
"""32. ""La empresa de seguros anunció cambios en las pólizas de salud.""",0
"""33. ""El mejor lugar para comprar electrónicos de segunda mano es la tienda 'ReElectronics'.""",0
"""34. ""La exposición de arte de esta semana es una colección de pint""",0
"""1. ""El presidente anunció hoy que el país alcanzará la neutralidad carbónica en 2050.""",0
"""2. ""La nueva aplicación de citas 'Amor en Línea' ya está disponible para descargar en Google Play.""",0
"""3. ""El tiempo en Madrid hoy será soleado con una temperatura máxima de 25 grados.""",0
"""4. ""El modelo de auto eléctrico más vendido en 2021 fue el Tesla Model Y.""",0
"""5. ""El cliente número 10000 agradeció a la tienda por su excelente servicio al cliente.""",0
"""6. ""La película de animación 'El mundo de los pequeños' se estrena hoy en todos los cines.""",0
"""7. ""El nuevo iPhone 13 tiene una cámara de 12 megapíxeles y resistencia al agua hasta 6 metros.""",0
"""8. ""El partido de fútbol entre Real Madrid y Barcelona terminó con un emocionante empate a 3 goles.""",0
"""9. ""La oferta del mes en la panadería es el pan de cereales, fresco y delicioso.""",0
"""10. ""La nueva línea de ropa deportiva de la marca 'Run & Go' ya está disponible en nuestra tienda en línea.""",0
"""11. ""El hotel 'Playa Paradise' inaugurará su piscina infinity y spa en mayo de este año.""",0
"""12. ""El famoso chef Juan Pérez abrirá su propio restaurante en Barcelona el próximo otoño.""",0
"""13. ""La campaña de reciclaje 'Green City' ha recolectado más de 100 toneladas de papel y plástico en lo que va de año.""",0
"""14. ""La obra de teatro 'El lago de los cisnes' se presentará en el teatro Real el próximo fin de semana.""",0
"""15. ""El concursante número 7 fue eliminado en la última eliminación de 'MasterChef'.""",0
"""16. ""La empresa de tecnología 'TechInnovate' lanza su nueva línea de laptops 'Lite' con até 16 GB de RAM.""",0
"""17. ""El festival de música 'Rock the Park' se llevará a cabo en el parque Central el próximo fin de semana.""",0
"""18. ""El servicio de streaming 'MovieNight' ofrece una selección de películas y series en español, con subtítulos en varios idiomas.""",0
"""19. ""La marca de zapatos 'SoleComfort' ahora ofrece envío gratis en todos los pedidos superiores a $50.""",0
"""20. ""El cliente número 50000 recibió un descuento especial por su lealtad en la tienda en línea de 'ElectroWorld'.""",0
"""21. ""La exposición de arte 'Pintando el futuro' se inaugurará en el Museo de Arte Moderno el próximo mes de junio.""",0
"""22. ""La marca de cosméticos 'BeautyBoost' lanza su nueva línea de productos orgánicos y veganos.""",0
"""23. ""El concierto de la banda 'The Rolling Stones' en el estadio de Wembley ha sido pospuesto debido a problemas de salud del cantante.""",0
"""24. ""La aplicación de citas 'LoveConnect' ha recibido más de 5 millones de descargas en todo el mundo desde su lanzamiento en enero.""",0
"""25. ""El cliente número 1000 dejó una reseña positiva en la página de la tienda en línea de 'ElectroWorld', elogiando el servicio al cliente.""",0
"""26. ""El nuevo restaurante 'Sabor de España' abrió sus puertas la semana pasada en el centro de la ciudad.""",0
"""27. ""La empresa de transporte 'GoGreen' ha expandido sus servicios a tres nuevas ciudades en España.""",0
"""28. ""El nuevo libro de la autora bestseller María José Pérez 'Un viaje hacia la felicidad' se lanza el próximo mes de septiembre.""",0
"""29. ""La marca de ropa deportiva 'SportsLife' ha lanzado su nueva línea de ropa para yoga y Pilates.""",0
"""30. ""El cliente número 5000 recibió una oferta especial por su cumpleaños en la tienda en línea de ' FashionZone'.""",0
"""31. ""El concierto benéfico 'Música para el corazón' se llevará a cabo en el auditorio de la ciudad el próximo mes de julio.""",0
"""32. ""La marca de productos naturales 'GreenLiving' ha lanzado su nueva línea de productos para el cuidado de la piel.""",0
"""33. ""La obra de teatro 'El rey león' se presentará en el teatro Principal el próximo mes de octubre.""",0
"""34. ""El cliente número 20000 recibió una sorpresa especial en su cumpleaños en la tienda en línea de 'ElectroWorld'.""",0
"""35. ""La marca de shoes 'SoleComfort' ha sido elegida como la mejor marca de zapatos del año por la revista 'Shoe&Style'.""",0
"""36. ""El festival de comida 'Gourmet en la playa' se llevará a cabo en la playa de San Sebastián el próximo mes de agosto.""",0
"""37. ""La aplicación de educación 'Learn&Go' ha recibido más de 1 millón de descargas desde su lanzamiento en marzo.""",0
"""38. ""El cliente número 100000 recibió un descuento especial por su cumpleaños en la tienda en línea de 'FashionZone'.""",0
"""39. ""La marca de productos orgánicos 'EcoFriendly' ha lanzado su nueva línea de productos para el hogar.""",0
"""40. ""El nuevo álbum de la cantante española Rosalía 'Motomami' ha sido un éxito en las listas de música en España.""",0
"""41. ""El cliente número 500000 recibió una sorpresa especial en su cumpleaños en la tienda en línea de 'ElectroWorld'.""",0
"""42. ""La marca de cosméticos 'BeautyBoost' ha sido elegida como la mejor marca de cosméticos del año por la revista 'Beauty&You'.""",0
"""43. ""El festival de cine 'Cine en la plaza' se llevará a cabo en la plaza Mayor el próximo mes de septiembre.""",0
"""44. ""La obra de teatro 'El mago de Oz' se presentará en el teatro Principal el próximo fin de semana.""",0
"""45. ""El cliente número 10000 recibió una oferta especial por su cumpleaños en la tienda en línea de 'ElectroWorld'.""",0
"""46. ""La marca de ropa deportiva 'SportsLife' ha sido elegida como la mejor marca de ropa deportiva del año por la revista 'Sports&Fitness'.""",0
"""47. ""El concierto de la banda 'Coldplay' en el estadio de Wembley ha sido cancelado debido a problemas técnicos.""",0
"""48. ""La aplicación de citas 'LoveConnect' ha recibido más de 10 millones de descargas en todo el mundo desde su lanzamiento en enero.""",0
"""49. ""El cliente número 50000 recibió una sorpresa especial en su cumpleaños en la tienda en línea de 'FashionZone'.""",0
"""50. ""La marca de productos naturales 'GreenLiving' ha sido elegida como la mejor marca de productos naturales del año por la revista 'Green&Health'.""",0
"""1. ""El presidente anunció un aumento de impuestos para financiar la educación.""",0
"""2. ""La nueva película de acción es una obra maestra.""",0
"""3. ""El café del día está delicioso, como siempre.""",0
"""4. ""Se requiere un electricista para reparar el sistema eléctrico.""",0
"""5. ""El clima de hoy es perfecto para una caminata en el parque.""",0
"""6. ""El último modelo de smartphone es increíblemente rápido.""",0
"""7. ""La conferencia de prensa""",0
"""1. ""El presidente anunció hoy una reducción en los impuestos para incentivar la inversión.""",0
"""2. ""El nuevo restaurante en la calle principal está recibiendo excelentes opiniones.""",0
"""3. ""La empresa lanzó hoy su nuevo producto, una aplicación de seguimiento de fitness.""",0
"""4. ""El concierto de esta noche ha sido cancelado debido a mal tiempo.""",0
"""5. ""El equipo local ganó el partido de esta noche con un gol en el último minuto.""",0
"""6. ""El museo de arte local""",0
"""1. ""Se reporta un incendio en la zona industrial, sin lesionados.""",0
"""2. ""El nuevo smartphone de la empresa X ha recibido excelentes críticas.""",0
"""3. ""Un cliente llamó hoy para preguntar sobre nuestro servicio de reparación.""",0
"""4. ""La empresa ha anunciado un aumento en las ventas del segundo trimestre.""",0
"""5. ""El ganador del concurso aún no ha sido anunciado.""",0
"""6. ""Se busca un electricista para una reparación urgente.""",0
"""7. ""La película de ciencia ficción será estrenada en cines la próxima semana.""",0
"""8. ""Se requiere un pedido de 500 unidades para el fin de semana.""",0
"""9. ""La nueva línea de ropa ha sido muy bien recibida por los clientes.""",0
"""10. ""Un usuario reportó un problema técnico con su ordenador.""",0
"""11. ""Se espera una gran afluencia de turistas durante el fin de semana largo.""",0
"""12. ""El equipo de fútbol local ganó su partido de ayer.""",0
"""13. ""Se busca un mecánico para reparar un vehículo.""",0
"""14. ""La empresa ha anunciado el lanzamiento de un nuevo producto el mes que viene.""",0
"""15. ""El concierto de esta noche ha sido cancelado debido a un problema técnico.""",0
"""16. ""Se requiere un pedido de 1000 unidades para el mes que viene.""",0
"""17. ""La nueva aplicación ha sido descargada por miles de usuarios en su primer día.""",0
"""18. ""Un cliente dejó una reseña positiva en nuestra página de redes sociales.""",0
"""19. ""Se busca un ayudante para la temporada alta de trabajo.""",0
"""20. ""La empresa ha anunciado un aumento en los precios de sus productos.""",0
"""21. ""El museo de arte abrirá una nueva exposición el mes que viene.""",0
"""22. ""Un usuario reportó un problema con su conexión a internet.""",0
"""23. ""La nueva línea de cosméticos ha sido muy bien recibida por los clientes.""",0
"""24. ""Se requiere un pedido de 1500 unidades para el mes siguiente.""",0
"""25. ""El concierto de esta noche ha sido un éxito total.""",0
"""26. ""Un cliente dejó una queja en nuestra página de redes sociales.""",0
"""27. ""La empresa ha anunciado un aumento en su personal.""",0
"""28. ""La nueva línea de electrodomésticos ha sido muy bien recibida por los clientes.""",0
"""29. ""Un usuario reportó un problema con su teléfono móvil.""",0
"""30. ""Se busca un camarero para un trabajo temporal.""",0
"""31. ""La empresa ha anunciado una colaboración con una marca internacional.""",0
"""32. ""La nueva aplicación ha sido actualizada con nuevas funciones.""",0
"""33. ""Un cliente dejó una reseña negativa en nuestra página de redes sociales.""",0
"""34. ""La empresa ha anunciado el cierre temporal de una de sus tiendas.""",0
"""35. ""El nuevo modelo de coche ha recibido excelentes críticas.""",0
"""36. ""Se requiere un pedido de 2000 unidades para el próximo mes.""",0
"""37. ""La empresa ha anunciado una oferta especial para este fin de semana.""",0
"""38. ""Un usuario reportó un problema con su ordenador portátil.""",0
"""39. ""La nueva línea de ropa de baño ha sido muy bien recibida por los clientes.""",0
"""40. ""Se busca un ayudante para la temporada de navidad.""",0
"""41. ""La empresa ha anunciado un aumento en su producción.""",0
"""42. ""La nueva aplicación ha sido lanzada con éxito en la tienda de aplicaciones.""",0
"""43. ""Un cliente dejó una reseña positiva en nuestra página de redes sociales.""",0
"""44. ""Se busca un ayudante para la temporada alta de trabajo.""",0
"""45. ""La empresa ha anunciado una colaboración con una organización benéfica.""",0
"""46. ""La nueva línea de productos para el hogar ha sido muy bien recibida por los clientes.""",0
"""47. ""Un usuario reportó un problema con su tableta.""",0
"""48. ""Se requiere un pedido de 2500 unidades para el mes siguiente.""",0
"""49. ""La empresa ha anunciado una oferta especial para el mes de descuento.""",0
"""50. ""La nueva aplicación ha sido actualizada con correcciones de errores.""",0
"""1. ""Se reportó un incendio en un edificio de la ciudad, pero los bomberos lo controlaron rápidamente.""",0
"""2. ""El nuevo smartphone de la compañía es una maravilla, la batería dura todo el día.""",0
"""3. ""La reunión con los inversores comenzó tarde, pero fue muy productiva.""",0
"""4. ""El cliente que llamó hoy estaba insatisfecho con nuestro servicio al cliente.""",0
"""5. ""Se necesita un técnico para reparar la máquina expendedora de refrescos en la oficina.""",0
"""6. ""La película de este fin de semana fue muy divertida, la recomendaría a todos.""",0
"""7. ""El vuelo con destino a Madrid fue retrasado debido a las malas condiciones meteorológicas.""",0
"""8. ""El equipo de fútbol local ganó el partido de ayer con un gol en el último minuto.""",0
"""9. ""La aplicación de pedido de comida rápida es muy fácil de usar, llegó en solo 30 minutos.""",0
"""10. ""El nuevo horno de la cafetería tarda un poco más en calentar, pero vale la pena esperar por la calidad.""",0
"""11. ""El concierto de esta noche en el estadio fue increíble, la banda dio todo en el escenario.""",0
"""12. ""La nueva línea de ropa ha recibido críticas positivas, los diseñadores han hecho un gran trabajo.""",0
"""13. ""El día de hoy es el deadline para la presentación del proyecto, todos están trabajando duro.""",0
"""14. ""La nueva máquina de café en la oficina es un poco complicada de usar, pero el café sabe delicioso.""",0
"""15. ""La conference call con la oficina en Nueva York comenzó con algunos problemas técnicos, pero finalmente se solucionaron.""",0
"""16. ""El nuevo juego de video es muy adictivo, no he podido dejar de jugarlo desde que lo compré.""",0
"""17. ""La exposición de arte en el Museo de la Ciudad es impresionante, los artistas locales tienen mucho talento.""",0
"""18. ""El servicio de limpieza en el edificio ha mejorado mucho desde que cambiaron de compañía.""",0
"""19. ""El nuevo menú en el restaurante es muy creativo, probé el plato especial y estaba delicioso.""",0
"""20. ""La tienda en línea de la marca tiene una gran variedad de productos, pero el proceso de pago es un poco confuso.""",0
"""21. ""El equipo de mantenimiento está trabajando en la reparación de la luz del pasillo, debería estar lista esta tarde.""",0
"""22. ""La nueva película de animación es perfecta para ver en familia, los niños la amaron.""",0
"""23. ""El nuevo horno en la panadería es más eficiente, podemos hornear más pan en menos tiempo.""",0
"""24. ""El concierto de esta noche está completamente vendido, afortunadamente conseguí entradas con anticipación.""",0
"""25. ""El nuevo diseño del sitio web es más fácil de navegar, los clientes han reportado una mejor experiencia de compra.""",0
"""26. ""El equipo de marketing está planeando una campaña publicitaria para lanzado el nuevo producto.""",0
"""27. ""La nueva línea de productos para el cuidado de la piel ha recibido excelentes opiniones de los clientes.""",0
"""28. ""El hotel en el que me quedé durante mi viaje tenía un servicio al cliente excepcional.""",0
"""29. ""El nuevo software de facturación ha mejorado la eficiencia en la oficina, ahora podemos procesar más facturas en menos tiempo.""",0
"""30. ""La nueva línea de ropa deportiva es muy cómoda, la recomendaría a cualquier atleta.""",0
"""31. ""El equipo de soporte técnico está trabajando en una actualización del software para solucionar algunos problemas.""",0
"""32. ""La nueva línea de maquillaje ha sido muy popular entre los clientes, especialmente el tono rosado.""",0
"""33. ""El nuevo menú en el café es muy saludable, probé la ensalada y estaba deliciosa.""",0
"""34. ""El nuevo sistema de seguridad en el edificio ha mejorado la tranquilidad de los inquilinos.""",0
"""35. ""La nueva línea de electrodomésticos ha recibido excelentes opiniones de los clientes, especialmente la nevera inteligente.""",0
"""36. ""El nuevo servicio de entrega a domicilio es muy conveniente, el pedido llegó en solo 15 minutos.""",0
"""37. ""El nuevo diseño del parque es muy bonito, los niños están disfrutando del área de juegos.""",0
"""38. ""La nueva línea de productos para el cuidado del cabello ha sido bien recibida por los clientes, especialmente el champú para cabello graso.""",0
"""39. ""El nuevo menú en el restaurante de comida rápida es muy variado, probé el sándwich de pollo y estaba delicioso.""",0
"""40. ""El nuevo sistema de iluminación en el teatro ha mejorado la experiencia de los espectadores.""",0
"""41. ""La nueva línea de productos para el cuidado de la piel ha sido muy popular entre los clientes, especialmente la crema hidratante.""",0
"""42. ""El nuevo servicio de streaming de música es muy fácil de usar, he descubierto muchas nuevas canciones.""",0
"""43. ""El nuevo menú en el restaurante japonés es muy sabroso, probé el ramen y estaba delicioso.""",0
"""44. ""La nueva línea de productos para el cuidado del hogar ha sido bien recibida por los clientes, especialmente el limpiador de pisos.""",0
"""45. ""El nuevo sistema de reserva en línea para el restaurante es muy fácil de usar, conseguí una mesa para esta noche sin problemas.""",0
"""46. ""La nueva línea de ropa interior es muy cómoda, la recomendaría a cualquier persona que busque ropa interior de calidad.""",0
"""47. ""El nuevo servicio de transporte público es muy conveniente, he comenzado a usarlo para ir al trabajo.""",0
"""48. ""El nuevo menú en el restaurante italiano es muy delicioso, probé la lasagna y estaba exquisita.""",0
"""49. ""El nuevo sistema de seguridad en la escuela ha mejorado la tranquilidad de los padres.""",0
"""50. ""La nueva línea de productos para el cuidado del cabello ha sido muy popular entre los clientes, especialmente el spray para el cabello rizado.""",0
"""El presidente habla hoy sobre la economía en rueda de prensa.""",0
"""Nueva actualización disponible para tu smartphone.""",0
"""El mejor café que he probado en mi vida.""",0
"""Se busca gato negro perdido en el barrio.""",0
"""La empresa acaba de anunciar un aumento de salarios.""",0
"""¿Alguien ha visto mi llave? La perdí en el parque.""",0
"""El concierto de esta noche está vendido out.""",0
"""Ofrecemos envío gratis en pedidos superiores a $50.""",0
"""El tiempo hoy es nublado con probabilidad de lluvia.""",0
"""La nueva película de acción es un éxito en taquilla.""",0
"""El restaurante ofrece un menú especial para veganos.""",0
"""La empresa líder en tecnología lanza un nuevo producto.""",0
"""El equipo de fútbol local ganó el partido de anoche.""",0
"""La biblioteca cerrará temprano hoy por mantenimiento.""",0
"""¿Alguien sabe cómo funciona este aparato?""",0
"""La tienda de comestibles ofrece descuentos en frutas y verduras.""",0
"""El museo de arte presenta una nueva exposición.""",0
"""El avión con destino a Madrid ha sido retrasado.""",0
"""La empresa busca un nuevo diseñador gráfico.""",0
"""La nueva aplicación de citas está causando polémica.""",0
"""El festival de música comienza hoy en el parque central.""",0
"""El banco ofrece una tarjeta de crédito sin anualidad.""",0
"""La empresa de telecomunicaciones anuncia una mejora en la cobertura.""",0
"""La tienda de electrónica tiene una oferta especial en televisores.""",0
"""La obra de teatro es un éxito en la ciudad.""",0
"""El nuevo modelo de auto eléctrico es impresionante.""",0
"""El supermercado tiene una promoción en productos orgánicos.""",0
"""La empresa de seguros lanza una nueva póliza de salud.""",0
"""El concierto de rock fue increíble anoche.""",0
"""La empresa de mudanzas se retrasó en la entrega de mis pertenencias.""",0
"""El museo de historia natural tiene una nueva exhibición.""",0
"""El nuevo teléfono inteligente es muy fácil de usar.""",0
"""La empresa de construcción comienza un nuevo proyecto esta semana.""",0
"""El hotel ofrece una vista impresionante de la ciudad.""",0
"""La empresa de software lanza una actualización importante.""",0
"""El festival de cine comenzará mañana en el centro cultural.""",0
"""El nuevo restaurante asiático es delicioso.""",0
"""La empresa de marketing busca un nuevo miembro para su equipo.""",0
"""El equipo de baloncesto local perdió el partido de anoche.""",0
"""La empresa de limpieza no llegó a tiempo hoy.""",0
"""El nuevo parque temático es perfecto para los niños.""",0
"""La empresa de transporte público anuncia una mejora en el servicio.""",0
"""El festival de comida y bebida es este fin de semana en la plaza.""",0
"""La empresa de servicios de internet ofrece una promoción especial.""",0
"""El nuevo modelo de auto es muy seguro.""",0
"""La empresa de turismo ofrece paquetes especiales para la temporada de verano.""",0
"""El equipo de fútbol local ganó la liga este año.""",0
"""La empresa de tecnología lanza un nuevo producto revolucionario.""",0
"""El nuevo centro comercial es muy grande y tiene muchas tiendas.""",0
"""La empresa de seguridad ofrece sistemas de monitoreo en tiempo real.""",0
"""El nuevo restaurante francés es elegantísimo.""",0
"""La empresa de inversiones ofrece una nueva oportunidad de negocio.""",0
"""El nuevo parque infantil es un lugar perfecto para los niños.""",0
"""La empresa de seguros de vida ofrece una nueva póliza para jóvenes.""",0
"""El nuevo videojuego es muy adictivo.""",0
"""La empresa de remolques ofrece una amplia variedad de modelos.""",0
"""El nuevo restaurante de comida rápida es muy popular entre los jóvenes.""",0
"""La empresa de mudanzas ofrece un servicio de guardamuebles.""",0
"""El nuevo parque acuático es divertido para toda la familia.""",0
"""La empresa de diseño gráfico ofrece servicios de impresión.""",0
"""El nuevo modelo de bicicleta es muy ligero y rápido.""",0
"""La empresa de catering ofrece opciones vegetarianas.""",0
"""El nuevo complejo turístico es perfecto para unas vacaciones en la playa.""",0
"""La empresa de servicios de limpieza ofrece una promoción especial para empresas.""",0
"""El nuevo modelo de auto es muy potente.""",0
""". ""El presidente anunció hoy nuevas medidas para mejorar la educación.""",0
"""2. ""El nuevo smartphone de la compañía es increíblemente rápido.""",0
"""3. ""El clima está cambiando, necesitamos más árboles en la ciudad.""",0
"""4. ""El partido de fútbol fue muy emocionante, ganó el equipo local.""",0
"""5. ""La película de ciencia ficción que vi ayer fue muy interesante.""",0
"""6. ""El museo de arte moderno abrió una nueva exposición hoy.""",0
"""7. ""La nueva línea de ropa de la marca es muy elegante.""",0
"""8. ""El concierto de esta noche fue cancelado debido al mal tiempo.""",0
"""9. ""El libro que estoy leyendo es muy emocionante, no puedo parar.""",0
"""10. ""El juego de video es muy divertido, lo recomiendo a todos.""",0
"""11. ""El nuevo restaurante en el centro es delicioso, deben probarlo.""",0
"""12. ""La empresa anunció un aumento en las ventas este trimestre.""",0
"""13. ""El festival de música de este año fue muy exitoso, hubo mucha gente.""",0
"""14. ""El nuevo parque en el barrio es un lugar hermoso para pasear.""",0
"""15. ""La obra de teatro que vi anoche me hizo reír y llorar.""",0
"""16. ""El juego de ajedrez fue muy emocionante, ganó el jugador local.""",0
"""17. ""El nuevo juego de video es muy difícil, pero muy divertido.""",0
"""18. ""La exposición de fotografía es muy buena, hay algunas fotos increíbles.""",0
"""19. ""El concierto de esta noche fue cancelado debido a un problema técnico.""",0
"""20. ""El nuevo restaurante en la calle principal es delicioso, deben probarlo.""",0
"""21. ""La empresa anunció un aumento en la producción este mes.""",0
"""22. ""El festival de cine de este año fue muy exitoso, hubo muchas películas interesantes.""",0
"""23. ""El nuevo libro que estoy leyendo es muy interesante, no puedo dejar de leerlo.""",0
"""24. ""El juego de fútbol fue muy emocionante, ganó el equipo visitante.""",0
"""25. ""La exposición de arte es muy buena, hay algunas piezas muy interesantes.""",0
"""26. ""El concierto de esta noche fue cancelado debido a la lluvia.""",0
"""27. ""El nuevo producto de la empresa es muy útil, lo recomendaría a todos.""",0
"""28. ""El museo de historia abrió una nueva exhibición hoy.""",0
"""29. ""La línea de ropa de la marca es muy cómoda, la amo.""",0
"""30. ""El partido de tenis fue muy emocionante, ganó el jugador local.""",0
"""31. ""La nueva película de acción es muy buena, la disfruté mucho.""",0
"""32. ""El nuevo juego de video es muy difícil, pero muy divertido de jugar.""",0
"""33. ""El concierto de esta noche fue cancelado debido a un problema con el sonido.""",0
"""34. ""El nuevo restaurante en la plaza es delicioso, deben probarlo.""",0
"""35. ""La empresa anunció un aumento en las ventas este año.""",0
"""36. ""El festival de teatro de este año fue muy exitoso, hubo muchas obras interesantes.""",0
"""37. ""El nuevo libro que estoy leyendo es muy emocionante, no puedo esperar para leer más.""",0
"""38. ""El juego de ajedrez fue muy emocionante, ganó el jugador visitante.""",0
"""39. ""La exposición de fotografía es muy buena, hay algunas fotos muy interesantes.""",0
"""40. ""El concierto de esta noche fue cancelado debido a un problema con la iluminación.""",0
"""41. ""El nuevo producto de la empresa es muy útil, me ahorra tiempo y esfuerzo.""",0
"""42. ""El museo de ciencia abrió una nueva exhibición hoy.""",0
"""43. ""La línea de ropa de la marca es muy elegante, me encanta.""",0
"""44. ""El partido de baloncesto fue muy emocionante, ganó el equipo visitante.""",0
"""45. ""La nueva película de comedia es muy buena, me hizo reír mucho.""",0
"""46. ""El nuevo juego de video es muy fácil de jugar, pero muy divertido.""",0
"""47. ""El concierto de esta noche fue cancelado debido a un problema con el escenario.""",0
"""48. ""El nuevo restaurante en la calle es delicioso, deben probarlo.""",0
"""49. ""La empresa anunció un aumento en la producción este trimestre.""",0
"""50. ""El festival de música folclórica de este año fue muy exitoso, hubo mucha gente bailando.""",0
"""1. ""El presidente anunciará nuevas medidas económicas hoy.""",0
"""2. ""¡Oferta del día! Comprá dos pizzas y llevá la tercera gratis.""",0
"""3. ""El partido de fútbol inicia a las 8 pm en el estadio local.""",0
"""4. ""Mi vecino encontró un perro sin dueño, si sabés de quién es, avisá.""",0
"""5. ""La empresa lanza su nuevo modelo de smartphone la semana próxima.""",0
"""6. ""El museo de arte abrirá una nueva exposición el mes que viene.""",0
"""7. ""El clima para mañana será soleado con una temperatura máxima de 25 grados.""",0
"""8. ""La película de acción 'Explosión Final' está dando que hablar en las redes sociales.""",0
"""9. ""El restaurante ofrece un menú especial para vegetarianos.""",0
"""10. ""El gobierno inicia una campaña de concientización sobre el reciclado.""",0
"""11. ""La nueva novela de suspenso de Juan Pérez ya está en las librerías.""",0
"""12. ""Eljának, una marca de ropa, anunció una promoción del 50% en todas sus prendas.""",0
"""13. ""La obra de teatro 'El rey león' llegará al teatro principal el mes que viene.""",0
"""14. ""El supermercado abre 24 horas los fines de semana.""",0
"""15. ""La aplicación deDelivery.com ofrece un descuento del 15% en todos los pedidos.""",0
"""16. ""El evento de música electrónica se llevará a cabo en el parque central.""",0
"""17. ""El programa de televisión 'MasterChef' busca nuevos participantes.""",0
"""18. ""La tienda de electrónica ofrece una garantía de por vida en sus productos.""",0
"""19. ""El festival de cine independiente se realizará en el cine teatro el fin de semana.""",0
"""20. ""La marca de zapatos 'Zapatería Rápida' lanza una nueva línea de calzado para hombres.""",0
"""21. ""La exposición de arte moderno abrirá sus puertas el próximo jueves.""",0
"""22. ""El concierto de la banda de rock 'Los Rebeldes' se venderá a beneficio de una organización benéfica.""",0
"""23. ""El casino ofrece un paquete especial de fin de semana con alojamiento y entradas para el show.""",0
"""24. ""El centro comercial tendrá un día de Doors Open para que los visitantes puedan explorar las tiendas y negocios.""",0
"""25. ""La marca de ropa deportiva 'SportsWorld' lanza una nueva línea de ropa para mujeres.""",0
"""26. ""El evento de la Liga de Seguridad Informática se llevará a cabo en el hotel de conferencias.""",0
"""27. ""El programa de televisión 'Bake Off' busca nuevos concursantes.""",0
"""28. ""La marca de cosméticos 'Belleza Natural' presenta una nueva línea de productos orgánicos.""",0
"""29. ""El evento de juegos de mesa se realizará en la biblioteca local.""",0
"""30. ""El festival de comida calle""",0
""". ""El presidente anunció hoy nuevas medidas para mejorar la educación.""",0
"""2. ""El nuevo smartphone de la compañía es increíblemente rápido.""",0
"""3. ""El clima está cambiando, necesitamos más árboles en la ciudad.""",0
"""4. ""El partido de fútbol fue muy emocionante, ganó el equipo local.""",0
"""5. ""La película de ciencia ficción que vi ayer fue muy interesante.""",0
"""6. ""El museo de arte moderno abrió una nueva exposición hoy.""",0
"""7. ""La nueva línea de ropa de la marca es muy elegante.""",0
"""8. ""El concierto de esta noche fue cancelado debido al mal tiempo.""",0
"""9. ""El libro que estoy leyendo es muy emocionante, no puedo parar.""",0
"""10. ""El juego de video es muy divertido, lo recomiendo a todos.""",0
"""11. ""El nuevo restaurante en el centro es delicioso, deben probarlo.""",0
"""12. ""La empresa anunció un aumento en las ventas este trimestre.""",0
"""13. ""El festival de música de este año fue muy exitoso, hubo mucha gente.""",0
"""14. ""El nuevo parque en el barrio es un lugar hermoso para pasear.""",0
"""15. ""La obra de teatro que vi anoche me hizo reír y llorar.""",0
"""16. ""El juego de ajedrez fue muy emocionante, ganó el jugador local.""",0
"""17. ""El nuevo juego de video es muy difícil, pero muy divertido.""",0
"""18. ""La exposición de fotografía es muy buena, hay algunas fotos increíbles.""",0
"""19. ""El concierto de esta noche fue cancelado debido a un problema técnico.""",0
"""20. ""El nuevo restaurante en la calle principal es delicioso, deben probarlo.""",0
"""21. ""La empresa anunció un aumento en la producción este mes.""",0
"""22. ""El festival de cine de este año fue muy exitoso, hubo muchas películas interesantes.""",0
"""23. ""El nuevo libro que estoy leyendo es muy interesante, no puedo dejar de leerlo.""",0
"""24. ""El juego de fútbol fue muy emocionante, ganó el equipo visitante.""",0
"""25. ""La exposición de arte es muy buena, hay algunas piezas muy interesantes.""",0
"""26. ""El concierto de esta noche fue cancelado debido a la lluvia.""",0
"""27. ""El nuevo producto de la empresa es muy útil, lo recomendaría a todos.""",0
"""28. ""El museo de historia abrió una nueva exhibición hoy.""",0
"""29. ""La línea de ropa de la marca es muy cómoda, la amo.""",0
"""30. ""El partido de tenis fue muy emocionante, ganó el jugador local.""",0
"""31. ""La nueva película de acción es muy buena, la disfruté mucho.""",0
"""32. ""El nuevo juego de video es muy difícil, pero muy divertido de jugar.""",0
"""33. ""El concierto de esta noche fue cancelado debido a un problema con el sonido.""",0
"""34. ""El nuevo restaurante en la plaza es delicioso, deben probarlo.""",0
"""35. ""La empresa anunció un aumento en las ventas este año.""",0
"""36. ""El festival de teatro de este año fue muy exitoso, hubo muchas obras interesantes.""",0
"""37. ""El nuevo libro que estoy leyendo es muy emocionante, no puedo esperar para leer más.""",0
"""38. ""El juego de ajedrez fue muy emocionante, ganó el jugador visitante.""",0
"""39. ""La exposición de fotografía es muy buena, hay algunas fotos muy interesantes.""",0
"""40. ""El concierto de esta noche fue cancelado debido a un problema con la iluminación.""",0
"""41. ""El nuevo producto de la empresa es muy útil, me ahorra tiempo y esfuerzo.""",0
"""42. ""El museo de ciencia abrió una nueva exhibición hoy.""",0
"""43. ""La línea de ropa de la marca es muy elegante, me encanta.""",0
"""44. ""El partido de baloncesto fue muy emocionante, ganó el equipo visitante.""",0
"""45. ""La nueva película de comedia es muy buena, me hizo reír mucho.""",0
"""46. ""El nuevo juego de video es muy fácil de jugar, pero muy divertido.""",0
"""47. ""El concierto de esta noche fue cancelado debido a un problema con el escenario.""",0
"""48. ""El nuevo restaurante en la calle es delicioso, deben probarlo.""",0
"""49. ""La empresa anunció un aumento en la producción este trimestre.""",0
"""50. ""El festival de música folclórica de este año fue muy exitoso, hubo mucha gente bailando.""",0
""". ""El presidente anunció hoy nuevas medidas para mejorar la educación.""",0
"""2. ""El nuevo smartphone de la compañía es increíblemente rápido.""",0
"""3. ""El clima está cambiando, necesitamos más árboles en la ciudad.""",0
"""4. ""El partido de fútbol fue muy emocionante, ganó el equipo local.""",0
"""5. ""La película de ciencia ficción que vi ayer fue muy interesante.""",0
"""6. ""El museo de arte moderno abrió una nueva exposición hoy.""",0
"""7. ""La nueva línea de ropa de la marca es muy elegante.""",0
"""8. ""El concierto de esta noche fue cancelado debido al mal tiempo.""",0
"""9. ""El libro que estoy leyendo es muy emocionante, no puedo parar.""",0
"""10. ""El juego de video es muy divertido, lo recomiendo a todos.""",0
"""11. ""El nuevo restaurante en el centro es delicioso, deben probarlo.""",0
"""12. ""La empresa anunció un aumento en las ventas este trimestre.""",0
"""13. ""El festival de música de este año fue muy exitoso, hubo mucha gente.""",0
"""14. ""El nuevo parque en el barrio es un lugar hermoso para pasear.""",0
"""15. ""La obra de teatro que vi anoche me hizo reír y llorar.""",0
"""16. ""El juego de ajedrez fue muy emocionante, ganó el jugador local.""",0
"""17. ""El nuevo juego de video es muy difícil, pero muy divertido.""",0
"""18. ""La exposición de fotografía es muy buena, hay algunas fotos increíbles.""",0
"""19. ""El concierto de esta noche fue cancelado debido a un problema técnico.""",0
"""20. ""El nuevo restaurante en la calle principal es delicioso, deben probarlo.""",0
"""21. ""La empresa anunció un aumento en la producción este mes.""",0
"""22. ""El festival de cine de este año fue muy exitoso, hubo muchas películas interesantes.""",0
"""23. ""El nuevo libro que estoy leyendo es muy interesante, no puedo dejar de leerlo.""",0
"""24. ""El juego de fútbol fue muy emocionante, ganó el equipo visitante.""",0
"""25. ""La exposición de arte es muy buena, hay algunas piezas muy interesantes.""",0
"""26. ""El concierto de esta noche fue cancelado debido a la lluvia.""",0
"""27. ""El nuevo producto de la empresa es muy útil, lo recomendaría a todos.""",0
"""28. ""El museo de historia abrió una nueva exhibición hoy.""",0
"""29. ""La línea de ropa de la marca es muy cómoda, la amo.""",0
"""30. ""El partido de tenis fue muy emocionante, ganó el jugador local.""",0
"""31. ""La nueva película de acción es muy buena, la disfruté mucho.""",0
"""32. ""El nuevo juego de video es muy difícil, pero muy divertido de jugar.""",0
"""33. ""El concierto de esta noche fue cancelado debido a un problema con el sonido.""",0
"""34. ""El nuevo restaurante en la plaza es delicioso, deben probarlo.""",0
"""35. ""La empresa anunció un aumento en las ventas este año.""",0
"""36. ""El festival de teatro de este año fue muy exitoso, hubo muchas obras interesantes.""",0
"""37. ""El nuevo libro que estoy leyendo es muy emocionante, no puedo esperar para leer más.""",0
"""38. ""El juego de ajedrez fue muy emocionante, ganó el jugador visitante.""",0
"""39. ""La exposición de fotografía es muy buena, hay algunas fotos muy interesantes.""",0
"""40. ""El concierto de esta noche fue cancelado debido a un problema con la iluminación.""",0
"""41. ""El nuevo producto de la empresa es muy útil, me ahorra tiempo y esfuerzo.""",0
"""42. ""El museo de ciencia abrió una nueva exhibición hoy.""",0
"""43. ""La línea de ropa de la marca es muy elegante, me encanta.""",0
"""44. ""El partido de baloncesto fue muy emocionante, ganó el equipo visitante.""",0
"""45. ""La nueva película de comedia es muy buena, me hizo reír mucho.""",0
"""46. ""El nuevo juego de video es muy fácil de jugar, pero muy divertido.""",0
"""47. ""El concierto de esta noche fue cancelado debido a un problema con el escenario.""",0
"""48. ""El nuevo restaurante en la calle es delicioso, deben probarlo.""",0
"""49. ""La empresa anunció un aumento en la producción este trimestre.""",0
"""50. ""El festival de música folclórica de este año fue muy exitoso, hubo mucha gente bailando.""",0
"""1. ""El presidente dio un discurso hoy en la plaza central.""",0
"""2. ""La nueva película de acción está arrasando en taquilla.""",0
"""3. ""El weather forecast para mañana es soleado y cálido.""",0
"""4. ""La empresa anunció hoy una nueva actualización de seguridad.""",0
"""5. ""El chef del restaurante local ha preparado un menú especial para la temporada.""",0
"""6. ""Un cliente llamó hoy para hacer una reservación.""",0
"""7. ""El número de orden 12345 está listo para ser recogido.""",0
"""8. ""El equipo de fútbol local ganó el partido de esta noche por 2-1.""",0
"""9. ""La nueva línea de ropa de la marca está causando furor entre los jóvenes.""",0
"""10. ""El gobierno anunció hoy nuevas medidas para reducir el tráfico en la ciudad.""",0
"""11. ""El libro de suspense se ha convertido en el más vendido de la semana.""",0
"""12. ""El museo de historia local está exhibiendo una nueva colección de arte.""",0
"""13. ""El concierto de esta noche ha sido cancelado debido a un problema técnico.""",0
"""14. ""El hotel ha recibido una queja de un huésped insatisfecho.""",0
"""15. ""La nueva aplicación de citas está causando revuelo entre los solteros de la ciudad.""",0
"""16. ""El centro comercial está ofreciendo grandes descuentos esta semana.""",0
"""17. ""La nueva película de animación es perfecta para ver en familia.""",0
"""18. ""El parque temático anunció hoy la apertura de una nueva atracción.""",0
"""19. ""El nuevo restaurante en la esquina ha recibido críticas excelentes.""",0
"""20. ""El festival de música reunió a miles de personas en el parque.""",0
"""21. ""El hospital anunció hoy la adquisición de nuevo equipo médico.""",0
"""22. ""El nuevo teléfono inteligente de la marca se lanzará la próxima semana.""",0
"""23. ""El centro de arte local está buscando artistas para su próxima exposición.""",0
"""24. ""El nuevo parque infantil ha sido inaugurado con gran éxito.""",0
"""25. ""El supermercado está ofreciendo una promoción en productos orgánicos.""",0
"""26. ""El nuevo juego de video ha sido lanzado con gran expectación.""",0
"""27. ""El teatro local presentará una obra de teatro clásica esta noche.""",0
"""28. ""El nuevo producto de cuidado personal ha recibido excelentes opiniones.""",0
"""29. ""El centro de convenciones está listo para recibir a los delegados internacionales.""",0
"""30. ""El nuevo libro de cocina ha sido un éxito de ventas esta semana.""",0
"""31. ""El nuevo servicio de entrega en la ciudad ha sido muy bien recibido.""",0
"""32. ""El nuevo club nocturno ha abierto sus puertas esta noche.""",0
"""33. ""El nuevo hotel de lujo ha recibido numerosas reservaciones.""",0
"""34. ""El nuevo spa ha sido inaugurado con una gran fiesta.""",0
"""35. ""El nuevo centro comercial está causando revuelo entre los compradores.""",0
"""36. ""El nuevo producto de tecnología ha recibido críticas mixtas.""",0
"""37. ""El nuevo programa de televisión ha sido un éxito desde su estreno.""",0
"""38. ""El nuevo museo de historia natural ha sido inaugurado esta semana.""",0
"""39. ""El nuevo parque acuático ha recibido miles de visitantes en su primer día.""",0
"""40. ""El nuevo producto de belleza ha sido lanzado con gran expectativa.""",0
"""41. ""El nuevo lounge ha sido inaugurado con una gran fiesta de apertura.""",0
"""42. ""El nuevo programa de televisión ha sido cancelado después de una temporada.""",0
"""43. ""El nuevo producto de cuidado del hogar ha recibido excelentes opiniones.""",0
"""44. ""El nuevo complejo turístico ha sido inaugurado con gran éxito.""",0
"""45. ""El nuevo producto de cuidado personal ha sido lanzado con una gran campaña publicitaria.""",0
"""46. ""El nuevo restaurante de comida rápida ha recibido un gran número de clientes.""",0
"""47. ""El nuevo centro de fitness ha sido inaugurado con una gran promoción.""",0
"""48. ""El nuevo producto de tecnología ha recibido una gran cantidad de comentarios negativos.""",0
"""49. ""El nuevo programa de radio ha sido muy bien recibido por los oyentes.""",0
"""50. ""El nuevo servicio de transporte en la ciudad ha sido inaugurado con una gran fiesta.""",0
""". ""El presidente anunció hoy nuevas medidas para mejorar la educación.""",0
"""2. ""El nuevo smartphone de la compañía es increíblemente rápido.""",0
"""3. ""El clima está cambiando, necesitamos más árboles en la ciudad.""",0
"""4. ""El partido de fútbol fue muy emocionante, ganó el equipo local.""",0
"""5. ""La película de ciencia ficción que vi ayer fue muy interesante.""",0
"""6. ""El museo de arte moderno abrió una nueva exposición hoy.""",0
"""7. ""La nueva línea de ropa de la marca es muy elegante.""",0
"""8. ""El concierto de esta noche fue cancelado debido al mal tiempo.""",0
"""9. ""El libro que estoy leyendo es muy emocionante, no puedo parar.""",0
"""10. ""El juego de video es muy divertido, lo recomiendo a todos.""",0
"""11. ""El nuevo restaurante en el centro es delicioso, deben probarlo.""",0
"""12. ""La empresa anunció un aumento en las ventas este trimestre.""",0
"""13. ""El festival de música de este año fue muy exitoso, hubo mucha gente.""",0
"""14. ""El nuevo parque en el barrio es un lugar hermoso para pasear.""",0
"""15. ""La obra de teatro que vi anoche me hizo reír y llorar.""",0
"""16. ""El juego de ajedrez fue muy emocionante, ganó el jugador local.""",0
"""17. ""El nuevo juego de video es muy difícil, pero muy divertido.""",0
"""18. ""La exposición de fotografía es muy buena, hay algunas fotos increíbles.""",0
"""19. ""El concierto de esta noche fue cancelado debido a un problema técnico.""",0
"""20. ""El nuevo restaurante en la calle principal es delicioso, deben probarlo.""",0
"""21. ""La empresa anunció un aumento en la producción este mes.""",0
"""22. ""El festival de cine de este año fue muy exitoso, hubo muchas películas interesantes.""",0
"""23. ""El nuevo libro que estoy leyendo es muy interesante, no puedo dejar de leerlo.""",0
"""24. ""El juego de fútbol fue muy emocionante, ganó el equipo visitante.""",0
"""25. ""La exposición de arte es muy buena, hay algunas piezas muy interesantes.""",0
"""26. ""El concierto de esta noche fue cancelado debido a la lluvia.""",0
"""27. ""El nuevo producto de la empresa es muy útil, lo recomendaría a todos.""",0
"""28. ""El museo de historia abrió una nueva exhibición hoy.""",0
"""29. ""La línea de ropa de la marca es muy cómoda, la amo.""",0
"""30. ""El partido de tenis fue muy emocionante, ganó el jugador local.""",0
"""31. ""La nueva película de acción es muy buena, la disfruté mucho.""",0
"""32. ""El nuevo juego de video es muy difícil, pero muy divertido de jugar.""",0
"""33. ""El concierto de esta noche fue cancelado debido a un problema con el sonido.""",0
"""34. ""El nuevo restaurante en la plaza es delicioso, deben probarlo.""",0
"""35. ""La empresa anunció un aumento en las ventas este año.""",0
"""36. ""El festival de teatro de este año fue muy exitoso, hubo muchas obras interesantes.""",0
"""37. ""El nuevo libro que estoy leyendo es muy emocionante, no puedo esperar para leer más.""",0
"""38. ""El juego de ajedrez fue muy emocionante, ganó el jugador visitante.""",0
"""39. ""La exposición de fotografía es muy buena, hay algunas fotos muy interesantes.""",0
"""40. ""El concierto de esta noche fue cancelado debido a un problema con la iluminación.""",0
"""41. ""El nuevo producto de la empresa es muy útil, me ahorra tiempo y esfuerzo.""",0
"""42. ""El museo de ciencia abrió una nueva exhibición hoy.""",0
"""43. ""La línea de ropa de la marca es muy elegante, me encanta.""",0
"""44. ""El partido de baloncesto fue muy emocionante, ganó el equipo visitante.""",0
"""45. ""La nueva película de comedia es muy buena, me hizo reír mucho.""",0
"""46. ""El nuevo juego de video es muy fácil de jugar, pero muy divertido.""",0
"""47. ""El concierto de esta noche fue cancelado debido a un problema con el escenario.""",0
"""48. ""El nuevo restaurante en la calle es delicioso, deben probarlo.""",0
"""49. ""La empresa anunció un aumento en la producción este trimestre.""",0
"""50. ""El festival de música folclórica de este año fue muy exitoso, hubo mucha gente bailando.""",0
"""1. ""El presidente anunció nuevas políticas económicas para estimular el crecimiento.""",0
"""2. ""Oferta especial: 50% de descuento en todos nuestros productos.""",0
"""3. ""El Ministerio de Educación anunció el inicio del nuevo ciclo escolar.""",0
"""4. ""La nueva película de acción ya está en cartelera.""",0
"""5. ""El examen de conducir será el próximo sábado a las 10 AM.""",0
"""6. ""La empresa anunció hoy el lanzamiento de su nuevo producto.""",0
"""7. ""El clima para este fin de semana será soleado y cálido.""",0
"""8. ""El concierto de esta noche ha sido pospuesto debido a la lluvia.""",0
"""9. ""La nueva aplicación de entrega de comida está causando furor entre los usuarios.""",0
"""10. ""El partido de fútbolstarts a las 8 PM en el estadio local.""",0
"""11. ""Lalibrería está ofreciendo una gran selección de libros nuevos.""",0
"""12. ""El nuevo parque temático abrirá sus puertas el próximo mes.""",0
"""13. ""El museo de arte presenta una nueva exposición de pintores locales.""",0
"""14. ""La compañía aérea anunció una reducción en los precios de los boletos.""",0
"""15. ""La nueva línea de ropa de la marca está causando sensación en las redes sociales.""",0
"""16. ""El restaurante ofrece un menú especial para vegetarianos.""",0
"""17. ""El juego de video ya está disponible en tiendas y plataformas digitales.""",0
"""18. ""La compañía de telecomunicaciones lanzó su nuevo plan de datos ilimitados.""",0
"""19. ""La feria anual de la ciudad tendrá lugar el fin de semana próximo.""",0
"""20. ""La película de animación es una encantadora historia para toda la familia.""",0
"""21. ""El festival de música en el parque será gratuito y abierto al público.""",0
"""22. ""La tienda de electrónica tiene una gran oferta en televisores de última generación.""",0
"""23. ""El aeropuerto informó sobre retrasos en los vuelos debido a las malas condiciones climáticas.""",0
"""24. ""El restaurante japonés ofrece platos deliciosos y una atmósfera relajada.""",0
"""25. ""La nueva línea de productos para el hogar ya está a la venta en las tiendas.""",0
"""26. ""El centro comercial inaugurará una nueva tienda de ropa deportiva.""",0
"""27. ""La obra de teatro comienza a las 8 PM en el teatro principal de la ciudad.""",0
"""28. ""La aplicación de citas en línea ha ayudado a muchas personas a encontrar el amor.""",0
"""29. ""El servicio de transporte público estará operativo durante las fiestas.""",0
"""30. ""La empresa de mudanzas ofrec""",0
""". ""El presidente anunció hoy nuevas medidas para mejorar la educación.""",0
"""2. ""El nuevo smartphone de la compañía es increíblemente rápido.""",0
"""3. ""El clima está cambiando, necesitamos más árboles en la ciudad.""",0
"""4. ""El partido de fútbol fue muy emocionante, ganó el equipo local.""",0
"""5. ""La película de ciencia ficción que vi ayer fue muy interesante.""",0
"""6. ""El museo de arte moderno abrió una nueva exposición hoy.""",0
"""7. ""La nueva línea de ropa de la marca es muy elegante.""",0
"""8. ""El concierto de esta noche fue cancelado debido al mal tiempo.""",0
"""9. ""El libro que estoy leyendo es muy emocionante, no puedo parar.""",0
"""10. ""El juego de video es muy divertido, lo recomiendo a todos.""",0
"""11. ""El nuevo restaurante en el centro es delicioso, deben probarlo.""",0
"""12. ""La empresa anunció un aumento en las ventas este trimestre.""",0
"""13. ""El festival de música de este año fue muy exitoso, hubo mucha gente.""",0
"""14. ""El nuevo parque en el barrio es un lugar hermoso para pasear.""",0
"""15. ""La obra de teatro que vi anoche me hizo reír y llorar.""",0
"""16. ""El juego de ajedrez fue muy emocionante, ganó el jugador local.""",0
"""17. ""El nuevo juego de video es muy difícil, pero muy divertido.""",0
"""18. ""La exposición de fotografía es muy buena, hay algunas fotos increíbles.""",0
"""19. ""El concierto de esta noche fue cancelado debido a un problema técnico.""",0
"""20. ""El nuevo restaurante en la calle principal es delicioso, deben probarlo.""",0
"""21. ""La empresa anunció un aumento en la producción este mes.""",0
"""22. ""El festival de cine de este año fue muy exitoso, hubo muchas películas interesantes.""",0
"""23. ""El nuevo libro que estoy leyendo es muy interesante, no puedo dejar de leerlo.""",0
"""24. ""El juego de fútbol fue muy emocionante, ganó el equipo visitante.""",0
"""25. ""La exposición de arte es muy buena, hay algunas piezas muy interesantes.""",0
"""26. ""El concierto de esta noche fue cancelado debido a la lluvia.""",0
"""27. ""El nuevo producto de la empresa es muy útil, lo recomendaría a todos.""",0
"""28. ""El museo de historia abrió una nueva exhibición hoy.""",0
"""29. ""La línea de ropa de la marca es muy cómoda, la amo.""",0
"""30. ""El partido de tenis fue muy emocionante, ganó el jugador local.""",0
"""31. ""La nueva película de acción es muy buena, la disfruté mucho.""",0
"""32. ""El nuevo juego de video es muy difícil, pero muy divertido de jugar.""",0
"""33. ""El concierto de esta noche fue cancelado debido a un problema con el sonido.""",0
"""34. ""El nuevo restaurante en la plaza es delicioso, deben probarlo.""",0
"""35. ""La empresa anunció un aumento en las ventas este año.""",0
"""36. ""El festival de teatro de este año fue muy exitoso, hubo muchas obras interesantes.""",0
"""37. ""El nuevo libro que estoy leyendo es muy emocionante, no puedo esperar para leer más.""",0
"""38. ""El juego de ajedrez fue muy emocionante, ganó el jugador visitante.""",0
"""39. ""La exposición de fotografía es muy buena, hay algunas fotos muy interesantes.""",0
"""40. ""El concierto de esta noche fue cancelado debido a un problema con la iluminación.""",0
"""41. ""El nuevo producto de la empresa es muy útil, me ahorra tiempo y esfuerzo.""",0
"""42. ""El museo de ciencia abrió una nueva exhibición hoy.""",0
"""43. ""La línea de ropa de la marca es muy elegante, me encanta.""",0
"""44. ""El partido de baloncesto fue muy emocionante, ganó el equipo visitante.""",0
"""45. ""La nueva película de comedia es muy buena, me hizo reír mucho.""",0
"""46. ""El nuevo juego de video es muy fácil de jugar, pero muy divertido.""",0
"""47. ""El concierto de esta noche fue cancelado debido a un problema con el escenario.""",0
"""48. ""El nuevo restaurante en la calle es delicioso, deben probarlo.""",0
"""49. ""La empresa anunció un aumento en la producción este trimestre.""",0
"""50. ""El festival de música folclórica de este año fue muy exitoso, hubo mucha gente bailando.""",0
"""1. ""El presidente anunciará nuevas medidas hoy a las 18:00""",0
"""2. ""El partido de fútbol comienza a las 20:30, no te lo pierdas""",0
"""3. ""Nuestro nuevo producto ha recibido excelentes opiniones de los clientes""",0
"""4. ""El técnico solucionó el problema en mi ordenador en menos de una hora""",0
"""5. ""Un cliente llamado hoy para preguntar sobre nuestros servicios""",0
"""6. ""La película de esta semana en el cine es una comedia divertida""",0
"""7. ""La oferta especial de este mes es un 20% de descuento en todos los productos""",0
"""8. ""El concierto de esta noche ha sido suspendido debido a mal tiempo""",0
"""9. ""La compañía ha contratado a nuevo personal para mejorar la atención al cliente""",0
"""10. ""El número de orden de su compra es 12345, por favor tengalo en cuenta para cualquier consulta""",0
"""11. ""La nueva línea de ropa ha sido un éxito entre los jóvenes""",0
"""12. ""El museo de arte abre sus puertas a las 10:00 todos los días""",0
"""13. ""La nueva actualización del software será lanzada el mes que viene""",0
"""14. ""El campeonato de ajedrez comienza mañana en la biblioteca""",0
"""15. ""La promoción de fin de semana incluye desayuno gratuito en el hotel""",0
"""16. ""El espectáculo de magia es apto para todas las edades""",0
"""17. ""La empresa ha ganado un premio por su compromiso con el medio ambiente""",0
"""18. ""El menú del día en el restaurante incluye sopa y ensalada""",0
"""19. ""La obra de teatro comienza a las 19:30, no olvides reservar tus entradas""",0
"""20. ""El campeonato de fútbol terminará el próximo domingo""",0
"""21. ""La nueva colección de joyería está disponible en la tienda online""",0
"""22. ""El parque temático abrirá sus puertas el próximo mes de junio""",0
"""23. ""La oferta de este mes es un 15% de descuento en todos los productos electrónicos""",0
"""24. ""El concierto de esta noche tendrá lugar en el estadio municipal""",0
"""25. ""La empresa ha contratado a nuevos empleados para mejorar el servicio al cliente""",0
"""26. ""La exposición de arte abrirá sus puertas el próximo viernes""",0
"""27. ""El número de referencia de su pedido es 67890, por favor tengalo en cuenta""",0
"""28. ""La nueva línea de cosméticos ha sido muy bien recibida por los clientes""",0
"""29. ""El espectáculo de circo comenzará a las 16:00 en la plaza principal""",0
"""30. ""La empresa ha sido reconocida por su excelencia en el servicio al cliente""",0
"""31. ""El campeonato de tenis comenzará el próximo fin de semana en las instalaciones deportivas""",0
"""32. ""La promoción de esta semana es un 25% de descuento en todos los productos de limpieza""",0
"""33. ""El festival de música será gratuito para todos los asistentes""",0
"""34. ""La nueva línea de ropa deportiva ha sido diseñada por los mejores diseñadores""",0
"""35. ""El número de identificación de su cuenta es 111222, por favor tengalo en cuenta""",0
"""36. ""La empresa ha ganado un premio por su innovación en la industria""",0
"""37. ""El menú del día en el restaurante incluye pasta y ensalada""",0
"""38. ""La obra de teatro comienza a las 20:00, no olvides reservar tus entradas con anticipación""",0
"""39. ""El campeonato de baloncesto terminará el próximo mes de mayo""",0
"""40. ""La nueva colección de moda de verano está disponible en todas las tiendas""",0
"""41. ""El parque temático abrirá sus puertas el próximo mes de julio""",0
"""42. ""La oferta de este mes es un 20% de descuento en todos los productos de bricolaje""",0
"""43. ""El concierto de esta noche tendrá lugar en el teatro municipal""",0
"""44. ""La empresa ha contratado a nuevos empleados para mejorar la calidad del servicio""",0
"""45. ""La exposición de arte abrirá sus puertas el próximo mes de octubre""",0
"""46. ""El número de identificación de su pedido es 54321, por favor tengalo en cuenta""",0
"""47. ""La nueva línea de productos para el hogar ha sido diseñada por expertos""",0
"""48. ""El espectáculo de magia y ilusión comenzará a las 17:00 en el teatro""",0
"""49. ""La empresa ha sido reconocida por su compromiso con la calidad y la excelencia""",0
"""50. ""El campeonato de ajedrez terminará el próximo mes de agosto""",0
""". ""El presidente anunció hoy nuevas medidas para mejorar la educación.""",0
"""2. ""El nuevo smartphone de la compañía es increíblemente rápido.""",0
"""3. ""El clima está cambiando, necesitamos más árboles en la ciudad.""",0
"""4. ""El partido de fútbol fue muy emocionante, ganó el equipo local.""",0
"""5. ""La película de ciencia ficción que vi ayer fue muy interesante.""",0
"""6. ""El museo de arte moderno abrió una nueva exposición hoy.""",0
"""7. ""La nueva línea de ropa de la marca es muy elegante.""",0
"""8. ""El concierto de esta noche fue cancelado debido al mal tiempo.""",0
"""9. ""El libro que estoy leyendo es muy emocionante, no puedo parar.""",0
"""10. ""El juego de video es muy divertido, lo recomiendo a todos.""",0
"""11. ""El nuevo restaurante en el centro es delicioso, deben probarlo.""",0
"""12. ""La empresa anunció un aumento en las ventas este trimestre.""",0
"""13. ""El festival de música de este año fue muy exitoso, hubo mucha gente.""",0
"""14. ""El nuevo parque en el barrio es un lugar hermoso para pasear.""",0
"""15. ""La obra de teatro que vi anoche me hizo reír y llorar.""",0
"""16. ""El juego de ajedrez fue muy emocionante, ganó el jugador local.""",0
"""17. ""El nuevo juego de video es muy difícil, pero muy divertido.""",0
"""18. ""La exposición de fotografía es muy buena, hay algunas fotos increíbles.""",0
"""19. ""El concierto de esta noche fue cancelado debido a un problema técnico.""",0
"""20. ""El nuevo restaurante en la calle principal es delicioso, deben probarlo.""",0
"""21. ""La empresa anunció un aumento en la producción este mes.""",0
"""22. ""El festival de cine de este año fue muy exitoso, hubo muchas películas interesantes.""",0
"""23. ""El nuevo libro que estoy leyendo es muy interesante, no puedo dejar de leerlo.""",0
"""24. ""El juego de fútbol fue muy emocionante, ganó el equipo visitante.""",0
"""25. ""La exposición de arte es muy buena, hay algunas piezas muy interesantes.""",0
"""26. ""El concierto de esta noche fue cancelado debido a la lluvia.""",0
"""27. ""El nuevo producto de la empresa es muy útil, lo recomendaría a todos.""",0
"""28. ""El museo de historia abrió una nueva exhibición hoy.""",0
"""29. ""La línea de ropa de la marca es muy cómoda, la amo.""",0
"""30. ""El partido de tenis fue muy emocionante, ganó el jugador local.""",0
"""31. ""La nueva película de acción es muy buena, la disfruté mucho.""",0
"""32. ""El nuevo juego de video es muy difícil, pero muy divertido de jugar.""",0
"""33. ""El concierto de esta noche fue cancelado debido a un problema con el sonido.""",0
"""34. ""El nuevo restaurante en la plaza es delicioso, deben probarlo.""",0
"""35. ""La empresa anunció un aumento en las ventas este año.""",0
"""36. ""El festival de teatro de este año fue muy exitoso, hubo muchas obras interesantes.""",0
"""37. ""El nuevo libro que estoy leyendo es muy emocionante, no puedo esperar para leer más.""",0
"""38. ""El juego de ajedrez fue muy emocionante, ganó el jugador visitante.""",0
"""39. ""La exposición de fotografía es muy buena, hay algunas fotos muy interesantes.""",0
"""40. ""El concierto de esta noche fue cancelado debido a un problema con la iluminación.""",0
"""41. ""El nuevo producto de la empresa es muy útil, me ahorra tiempo y esfuerzo.""",0
"""42. ""El museo de ciencia abrió una nueva exhibición hoy.""",0
"""43. ""La línea de ropa de la marca es muy elegante, me encanta.""",0
"""44. ""El partido de baloncesto fue muy emocionante, ganó el equipo visitante.""",0
"""45. ""La nueva película de comedia es muy buena, me hizo reír mucho.""",0
"""46. ""El nuevo juego de video es muy fácil de jugar, pero muy divertido.""",0
"""47. ""El concierto de esta noche fue cancelado debido a un problema con el escenario.""",0
"""48. ""El nuevo restaurante en la calle es delicioso, deben probarlo.""",0
"""49. ""La empresa anunció un aumento en la producción este trimestre.""",0
"""50. ""El festival de música folclórica de este año fue muy exitoso, hubo mucha gente bailando.""",0
"""1. ""El presidente anunció nuevas medidas para combatir la inflación.""",0
"""2. ""¿Quieres ir al cine esta noche? Están pasando mi película favorita.""",0
"""3. ""La nueva aplicación de#>1 en la tienda de apps.""",0
"""4. ""El chef del restaurante recomendó el plato especial de la casa.""",0
"""5. ""El vuelo con destino a Madrid partirá a las 14:30 horas.""",0
"""6. ""El equipo de mantenimiento está trabajando en la reparación de la avería.""",0
"""7. ""La promoción del mes: 2x1 en todas las pizzas.""",0
"""8. ""La obra de teatro comenzará a las 20:00 horas, por favor ocupen sus asientos.""",0
"""9. ""El producto recibió una calificación de 4.5 estrellas por parte de los clientes.""",0
"""10. ""El servicio de atención al cliente está disponible las 24 horas del día.""",0
"""11. ""El festival de música contará con la participación de varios artistas internacionales.""",0
"""12. ""El hotel ofrece una amplia variedad de servicios para hacer su estadía más cómoda.""",0
"""13. ""La aplicación ha sido actualizada con nuevas características y mejoras de rendimiento.""",0
"""14. ""El museo abrirá sus puertas al público a las 10:00 horas.""",0
"""15. ""El partido de fútbol comenzará a las 16:00 horas en el estadio local.""",0
"""16. ""El comercio electrónico ha experimentado un crecimiento significativo en los últimos años.""",0
"""17. ""La empresa está buscando nuevos talentos para unirse a su equipo de trabajo.""",0
"""18. ""El producto ha sido diseñado para ofrecer la mejor experiencia al usuario.""",0
"""19. ""El evento contará con la participación de conferencistas de renombre internacional.""",0
"""20. ""La promoción incluye un descuento del 20% en todos los productos de la tienda.""",0
"""21. ""El servicio de transporte público se verá afectado este fin de semana debido a obras de mantenimiento.""",0
"""22. ""El producto recibió excelentes opiniones por parte de los consumidores.""",0
"""23. ""El festival de cine se llevará a cabo en el teatro principal de la ciudad.""",0
"""24. ""El restaurante ofrece una amplia variedad de platos tradicionales de la región.""",0
"""25. ""El equipo de investigación está trabajando en el desarrollo de una nueva tecnología innovadora.""",0
"""26. ""La empresa ha sido reconocida como una de las mejores empresas para trabajar en el país.""",0
"""27. ""El producto ha sido certificado por cumplir con los más altos estándares de calidad.""",0
"""28. ""La plataforma ofrece una amplia variedad de cursos en línea para aprender nuevas habilidades.""",0
"""29. ""El evento contará con la participación de varios artistas locales.""",0
"""30. ""El producto ha sido diseñado para ser fácil de usar y entender.""",0
"""31. ""La empresa está comprometida con el medio ambiente y la sostenibilidad.""",0
"""32. ""El museo aloja una de las colecciones de arte más importantes del mundo.""",0
"""33. ""El evento será transmitido en vivo por la cadena de televisión local.""",0
"""34. ""El producto ha sido desarrollado para satisfacer las necesidades de los usuarios.""",0
"""35. ""La empresa está buscando expandir su presencia en el mercado internacional.""",0
"""36. ""El festival de comida calle""",0
""". ""El presidente anunció hoy nuevas medidas para mejorar la educación.""",0
"""2. ""El nuevo smartphone de la compañía es increíblemente rápido.""",0
"""3. ""El clima está cambiando, necesitamos más árboles en la ciudad.""",0
"""4. ""El partido de fútbol fue muy emocionante, ganó el equipo local.""",0
"""5. ""La película de ciencia ficción que vi ayer fue muy interesante.""",0
"""6. ""El museo de arte moderno abrió una nueva exposición hoy.""",0
"""7. ""La nueva línea de ropa de la marca es muy elegante.""",0
"""8. ""El concierto de esta noche fue cancelado debido al mal tiempo.""",0
"""9. ""El libro que estoy leyendo es muy emocionante, no puedo parar.""",0
"""10. ""El juego de video es muy divertido, lo recomiendo a todos.""",0
"""11. ""El nuevo restaurante en el centro es delicioso, deben probarlo.""",0
"""12. ""La empresa anunció un aumento en las ventas este trimestre.""",0
"""13. ""El festival de música de este año fue muy exitoso, hubo mucha gente.""",0
"""14. ""El nuevo parque en el barrio es un lugar hermoso para pasear.""",0
"""15. ""La obra de teatro que vi anoche me hizo reír y llorar.""",0
"""16. ""El juego de ajedrez fue muy emocionante, ganó el jugador local.""",0
"""17. ""El nuevo juego de video es muy difícil, pero muy divertido.""",0
"""18. ""La exposición de fotografía es muy buena, hay algunas fotos increíbles.""",0
"""19. ""El concierto de esta noche fue cancelado debido a un problema técnico.""",0
"""20. ""El nuevo restaurante en la calle principal es delicioso, deben probarlo.""",0
"""21. ""La empresa anunció un aumento en la producción este mes.""",0
"""22. ""El festival de cine de este año fue muy exitoso, hubo muchas películas interesantes.""",0
"""23. ""El nuevo libro que estoy leyendo es muy interesante, no puedo dejar de leerlo.""",0
"""24. ""El juego de fútbol fue muy emocionante, ganó el equipo visitante.""",0
"""25. ""La exposición de arte es muy buena, hay algunas piezas muy interesantes.""",0
"""26. ""El concierto de esta noche fue cancelado debido a la lluvia.""",0
"""27. ""El nuevo producto de la empresa es muy útil, lo recomendaría a todos.""",0
"""28. ""El museo de historia abrió una nueva exhibición hoy.""",0
"""29. ""La línea de ropa de la marca es muy cómoda, la amo.""",0
"""30. ""El partido de tenis fue muy emocionante, ganó el jugador local.""",0
"""31. ""La nueva película de acción es muy buena, la disfruté mucho.""",0
"""32. ""El nuevo juego de video es muy difícil, pero muy divertido de jugar.""",0
"""33. ""El concierto de esta noche fue cancelado debido a un problema con el sonido.""",0
"""34. ""El nuevo restaurante en la plaza es delicioso, deben probarlo.""",0
"""35. ""La empresa anunció un aumento en las ventas este año.""",0
"""36. ""El festival de teatro de este año fue muy exitoso, hubo muchas obras interesantes.""",0
"""37. ""El nuevo libro que estoy leyendo es muy emocionante, no puedo esperar para leer más.""",0
"""38. ""El juego de ajedrez fue muy emocionante, ganó el jugador visitante.""",0
"""39. ""La exposición de fotografía es muy buena, hay algunas fotos muy interesantes.""",0
"""40. ""El concierto de esta noche fue cancelado debido a un problema con la iluminación.""",0
"""41. ""El nuevo producto de la empresa es muy útil, me ahorra tiempo y esfuerzo.""",0
"""42. ""El museo de ciencia abrió una nueva exhibición hoy.""",0
"""43. ""La línea de ropa de la marca es muy elegante, me encanta.""",0
"""44. ""El partido de baloncesto fue muy emocionante, ganó el equipo visitante.""",0
"""45. ""La nueva película de comedia es muy buena, me hizo reír mucho.""",0
"""46. ""El nuevo juego de video es muy fácil de jugar, pero muy divertido.""",0
"""47. ""El concierto de esta noche fue cancelado debido a un problema con el escenario.""",0
"""48. ""El nuevo restaurante en la calle es delicioso, deben probarlo.""",0
"""49. ""La empresa anunció un aumento en la producción este trimestre.""",0
"""50. ""El festival de música folclórica de este año fue muy exitoso, hubo mucha gente bailando.""",0
"""1. ""El nuevo smartphone de Apple saldrá a la venta el próximo jueves.""",0
"""2. ""La conferencia de prensa del presidente comenzará a las 18:00 horas.""",0
"""3. ""Mi vecino es un excelente chef, su comida es deliciosa.""",0
"""4. ""El metro abrirá más tarde hoy debido a reparaciones.""",0
"""5. ""¡El partido de fútbol de anoche fue emocionante!""",0
"""6. ""La reunión con el cliente se pospuso para la próxima semana.""",0
"""7. ""Necesito un mecánico de confianza para mi auto.""",0
"""8. ""El concierto de esta noche en el estadio está agotado.""",0
"""9. ""El clima para mañana será soleado y cálido.""",0
"""10. ""El servicio de entrega tardará más de lo habitual debido al tráfico.""",0
"""11. ""El nuevo libro de mi autor favorito es una obra maestra.""",0
"""12. ""El museo de arte abrirá tarde el martes debido a un evento privado.""",0
"""13. ""El juego de anoche fue una victoria emocionante para nuestro equipo local.""",0
"""14. ""La oferta especial de esta semana en la panadería es el pan de ajo.""",0
"""15. ""El vuelo de esta tarde se retrasó debido a las malas condiciones climáticas.""",0
"""16. ""Mi perro ama la nueva medicina que le recetó el veterinario.""",0
"""17. ""El festival de música de este fin de semana tendrá lugar en el parque.""",0
"""18. ""La nueva película de acción es una explosión de entretenimiento.""",0
"""19. ""El café de la esquina es el lugar perfecto para trabajar en mi portátil.""",0
"""20. ""El cumpleaños de mi amigo es este fin de semana, tengo que comprarle un regalo.""",0
"""21. ""La conferencia de la industria en Nueva York será en el hotel Marriott.""",0
"""22. ""El nuevo restaurante en la calle principal tiene las mejores hamburguesas de la ciudad.""",0
"""23. ""El entrenamiento de hoy fue muy desafiante, pero valió la pena.""",0
"""24. ""El evento benéfico de esta noche recaudó más de $10,000 para la organización.""",0
"""25. ""El cliente llamó hoy para informar un problema técnico con su ordenador.""",0
"""26. ""La nueva línea de ropa de la marca se lanzará en tiendas la próxima semana.""",0
"""27. ""El concierto de esta noche en el teatro es completamente vendido.""",0
"""28. ""El festival de comida y bebida de este fin de semana tendrá lugar en el centro de la ciudad.""",0
"""29. ""El nuevo parque temático abrirá sus puertas la próxima temporada.""",0
"""30. ""La reunión de la junta directiva se llevará a cabo en la sede de la empresa.""",0
"""31. ""El nuevo álbum de la banda saldrá a la venta en febrero.""",0
"""32. ""El concierto de esta noche en el estadio es una oportunidad única.""",0
"""33. ""El servicio de mantenimiento del edificio se llevará a cabo mañana.""",0
"""34. ""El nuevo menú de la cafetería incluye opciones vegetarianas y veganas.""",0
"""35. ""El juego de esta noche es crucial para la clasificación del equipo.""",0
"""36. ""El nuevo producto de la empresa se lanzará en una conferencia de prensa.""",0
"""37. ""El festival de cine de este fin de semana tendrá lugar en el teatro local.""",0
"""38. ""El concierto de esta noche en el teatro es una producción de la compañía de ópera local.""",0
"""39. ""El nuevo menú de degustación del restaurante es delicioso y visualmente atractivo.""",0
"""40. ""El evento de la industria de este fin de semana se llevará a cabo en el centro de convenciones.""",0
"""41. ""El nuevo museo de arte abrirá sus puertas al público el próximo mes.""",0
"""42. ""El concierto de esta noche en el estadio es un evento benéfico para la organización local.""",0
"""43. ""El nuevo producto de la empresa se lanzará en el mercado la próxima semana.""",0
"""44. ""El festival de comida y bebida de este fin de semana tendrá lugar en el parque.""",0
"""45. ""La nueva línea de ropa de la marca se lanzará en la pasarela de la moda de la ciudad.""",0
"""46. ""El nuevo menú de la cafetería incluye opciones saludables y light.""",0
"""47. ""El concierto de esta noche en el teatro es una producción de la compañía de teatro local.""",0
"""48. ""El juego de esta noche es una oportunidad para que el equipo se redima.""",0
"""49. ""El festival de cine de este fin de semana se llevará a cabo en el cine local.""",0
"""50. ""El nuevo producto de la empresa se lanzará en una feria comercial.""",0
"""Se reporta una mejoría en el clima para mañana.""",0
"""El nuevo iPhone recibe críticas positivas.""",0
"""Un cliente llamó hoy preguntando por nuestros servicios.""",0
"""El vuelo con número de registro ABC123 ha aterrizado con retraso.""",0
"""Se necesita urgentemente un electricista en el edificio.""",0
"""El concierto de esta noche ha sido cancelado debido a la lluvia.""",0
"""La promoción de la semana en la panadería es el pan de ajo.""",0
"""El metro tendrá retrasos en la línea roja debido a mantenimiento.""",0
"""El equipo local ganó el partido de hoy con un gol en el último minuto.""",0
"""La nueva película de acción está causando revuelo en las taquillas.""",0
"""Un vecino encontró un perro perdido en la calle.""",0
"""La oferta especial de hoy en el restaurante es el plato del chef.""",0
"""Se requiere un fontanero para reparar una fuga en el baño.""",0
"""El ganador del sorteo aún no ha reclamado su premio.""",0
"""La biblioteca cierra temprano hoy debido a un problema eléctrico.""",0
"""El equipo de limpieza llegará mañana para la cita semanal.""",0
"""El nuevo parque infantil está causando alegría entre los niños.""",0
"""Se necesita un voluntario para ayudar en el evento de beneficencia.""",0
"""El museo de arte tiene una nueva exposición a partir de hoy.""",0
"""La librería local está corriendo una promoción de dos por uno en libros.""",0
"""El centro comercial tiene un nuevo cine con butacas de lujo.""",0
"""Se requiere un jardinero para mantener las áreas verdes del complejo.""",0
"""La empresa está buscando un nuevo asistente administrativo.""",0
"""El festival de comida callejera comienza mañana en el parque.""",0
"""La tienda de electrónica tiene una venta de liquidación de fin de semana.""",0
"""El equipo de mantenimiento de la piscina llegará mañana para la limpieza semanal.""",0
"""La escuela está buscando un nuevo profesor de matemáticas.""",0
"""Latiño's, el nuevo restaurante, recibe críticas excelentes.""",0
"""El centro de convenciones tiene un evento de tecnología este fin de semana.""",0
"""Se requiere un técnico en computación para reparar un problema.""",0
"""La tienda de ropa de marca está corriendo una promoción de descuento del 50%.""",0
"""El supermercado tiene una oferta especial en productos orgánicos.""",0
"""La película de terror más reciente está causando miedo en los cinemas.""",0
"""El equipo de limpieza del edificio está trabajando hoy en el área de recepción.""",0
"""La empresa está buscando un nuevo diseñador gráfico.""",0
"""El nuevo parque temático abrirá sus puertas el mes que viene.""",0
"""La tienda de comestibles tiene una promoción especial en carnes esta semana.""",0
"""La biblioteca está buscando un nuevo bibliotecario.""",0
"""El nuevo centro de yoga está causando interés en la comunidad.""",0
"""La empresa está buscando un nuevo representante de ventas.""",0
"""El equipo de mantenimiento del edificio está trabajando en el sistema de aire acondicionado.""",0
"""El nuevo restaurante de comida rápida está causando filas around the block.""",0
"""La escuela está buscando un nuevo profesor de ciencias.""",0
"""La empresa está buscando un nuevo contable.""",0
"""El nuevo centro de fitness está ofreciendo una membresía gratuita este mes.""",0
"""El equipo de mantenimiento del edificio está trabajando en el sistema de calefacción.""",0
"""La empresa está buscando un nuevo secretario.""",0
"""El presidente anunciará nuevas medidas económicas mañana.""",0
"""¡La oferta del mes! Consigue un 20% de descuento en todos nuestros productos.""",0
"""Un peatón fue atropellado en la intersección de Avenida Central y Calle Principal.""",0
"""La película 'El viaje del héroe' se estrenará el próximo viernes en todos los cines.""",0
"""El técnico de soporte técnico me ayudó a solucionar el problema con mi ordenador.""",0
"""La empresa anunció hoy un aumento del 5% en los salarios de sus empleados.""",0
"""El restaurante 'La Lupita' es el favorito de los habitantes del barrio.""",0
"""Un terremoto de magnitud 5.5 sacudió la región esta mañana.""",0
"""La nueva línea de ropa de la marca 'Moda Urbana' ya está disponible en las tiendas.""",0
"""El concierto de esta noche ha sido cancelado debido a la lluvia.""",0
"""La nueva aplicación de citas 'Encuentra el amor' está causando furor entre los solteros de la ciudad.""",0
"""El siguiente tren hacia Madrid partirá en 15 minutos en la plataforma número 3.""",0
"""La compañía 'TechInnova' lanzará su nuevo smartphone la semana que viene.""",0
"""Un incendio forestal ha devastado miles de hectáreas en la región de Andalucí""",0
"""1. ""El presidente anunciará nuevas medidas económicas esta tarde.""",0
"""2. ""¡Oferta especial! Sandwich del día: 2x1 en todos nuestros locales.""",0
"""3. ""El nuevo smartphone de Apple saldrá a la venta el próximo mes.""",0
"""4. ""La biblioteca cierra temprano los miércoles debido a mantenimiento.""",0
"""5. ""Un cliente llamó hoy para preguntar sobre nuestros servicios de reparación.""",0
"""6. ""El concierto de esta noche ha sido cancelado por mal tiempo.""",0
"""7. ""La empresa ha recibido un nuevo pedido de 100 unidades del producto X.""",0
"""8. ""El cumpleaños de mi mejor amigo es el fin de semana que viene.""",0
"""9. ""El número de orden para su pedido es 12345, lo puede recoger en la tienda.""",0
"""10. ""La próxima reunión de la asociación de vecinos será el jueves a las 19:00 horas.""",0
"""11. ""El nuevo juego de la consola X ha recibido excelentes críticas por parte de los usuarios.""",0
"""12. ""La cafetería de la esquina tiene un delicioso café con leche de avena.""",0
"""13. ""El vuelo con destino a Madrid ha sido retrasado debido a problemas técnicos.""",0
"""14. ""El campeonato de ajedrez comienza mañana en el parque central.""",0
"""15. ""El banco ha informado que habrá un aumento en las tasas de interés.""",0
"""16. ""El restaurante ofrece una cena especial para parejas este fin de semana.""",0
"""17. ""La nueva línea de ropa de la marca X ya está disponible en todas sus tiendas.""",0
"""18. ""El concierto de rock en el estadio será el próximo mes, con entradas agotadas.""",0
"""19. ""El supermercado tiene una promoción de dos por uno en productos de limpieza.""",0
"""20. ""La película de acción del año está ahora en cines, con excelentes críticas.""",0
"""21. ""El nuevo modelo de auto eléctrico saldrá al mercado el año que viene.""",0
"""22. ""La escuela de arte comenzó sus clases esta semana, con muchos estudiantes matriculados.""",0
"""23. ""El servicio de transporte público tendrá un horario especial durante las fiestas.""",0
"""24. ""La empresa de mudanzas se encargará de llevar todos los muebles al nuevo apartamento.""",0
"""25. ""El festival de música electrónica se llevará a cabo en la playa durante todo el fin de semana.""",0
"""26. ""La oferta de trabajo para un asistente administrativo ha sido publicada en el sitio web de la empresa.""",0
"""27. ""La nueva línea de maquillaje de la marca Y ha sido lanzada en todas las tiendas de belleza.""",0
"""28. ""El museo de arte abrirá una exposición temporal el próximo mes, con obras de artistas locales.""",0
"""29. ""La tienda de electrónica ofrece un descuento del 15% en todos los productos este fin de semana.""",0
"""30. ""La empresa de telecomunicaciones ha informado que habrá un corte de servicio este sábado.""",0
"""31. ""La nueva tienda de comidas rápidas abrirá sus puertas mañana en el centro comercial.""",0
"""32. ""El torneo de fútbol se llevará a cabo este fin de semana en el estadio municipal.""",0
"""33. ""La empresa de construcción ha informado que el proyecto estará terminado para fines de este mes.""",0
"""34. ""El nuevo parque infantil ha sido inaugurado hoy en el parque central de la ciudad.""",0
"""35. ""El concierto de música clásica será en el teatro municipal este sábado a las 20:00 horas.""",0
"""36. ""La empresa de seguridad ha informado que habrá un aumento en el número de cámaras de vigilancia en la zona.""",0
"""37. ""La oferta de trabajo para un chef ha sido publicada en el sitio web de la cadena de restaurantes.""",0
"""38. ""La empresa de turismo ha informado que habrá un aumento en los precios de los paquetes vacacionales debido a la temporada alta.""",0
"""39. ""El festival de cine se llevará a cabo en el cine municipal este fin de semana, con películas de diferentes países.""",0
"""40. ""La empresa de remises ha informado que habrá un aumento en las tarifas debido al aumento del costo de los combustibles.""",0
"""41. ""El parque temático abrirá sus puertas este fin de semana, con nuevas atracciones para los visitantes.""",0
"""42. ""La empresa de tecnología ha informado que habrá un lanzamiento de un nuevo modelo de smartphone en el mes que viene.""",0
"""43. ""La empresa de transporte público ha informado que habrá un aumento en las tarifas debido al aumento del costo de los combustibles.""",0
"""44. ""El centro comercial ofrecerá descuentos en todas las tiendas este fin de semana, con motivo de su aniversario.""",0
"""45. ""La empresa de telecomunicaciones ha informado que habrá un corte de servicio este domingo.""",0
"""46. ""El nuevo restaurante de comida italiana abrirá sus puertas la próxima semana en el centro de la ciudad.""",0
"""47. ""La empresa de seguros ha informado que habrá un aumento en las primas debido al aumento del costo de los materiales de construcción.""",0
"""48. ""La empresa de mudanzas ha informado que habrá un aumento en las tarifas debido al aumento del costo de los combustibles.""",0
"""49. ""La empresa de construcción ha informado que el proyecto estará terminado para principios del mes que viene.""",0
"""50. ""El nuevo centro comercial abrirá sus puertas la próxima semana, con una gran variedad de tiendas y restaurantes.""",0
"""1. ""El presidente anunciará nuevas medidas económicas mañana"".""",0
"""2. ""La nueva película de Marvel está dando que hablar en redes sociales"".""",0
"""3. ""El tráfico en la carretera está imposible hoy, mejor tómate un taxi"".""",0
"""4. ""Me encanta este restaurant, la comida es deliciosa y el servicio excelente"".""",0
"""5. ""El equipo de fútbol local ganó el partido de hoy, ¡vamos campeones!""",0
"""6. ""Se busca employedo para limpieza en el edificio, preguntar en recepción"".""",0
"""7. ""La empresa acaba de lanzar su nuevo producto, el modelo X500"".""",0
"""8. ""Oye, ¿sabes dónde puedo encontrar una buena librería por aquí cerca?""",0
"""9. ""El clima está cambiando, mejor llevar un paraguas por si acaece"".""",0
"""10. ""El concierto de esta noche fue increíble, la energía del público estaba al máximo"".""",0
"""11. ""La nueva actualización del software ya está disponible para descargar"".""",0
"""12. ""La oferta especial de esta semana es una pizza grande por solo $10"".""",0
"""13. ""Un cliente llamó hoy para reportar un problema con su orden, número 12345"".""",0
"""14. ""La exposición de arte modernista comienza hoy en el museo de la ciudad"".""",0
"""15. ""El nuevo edificio de oficinas está causando polémica entre los vecinos"".""",0
"""16. ""El jefe nos ha pedido que entreguemos los informes para el viernes"".""",0
"""17. ""Voy a ir al mercado a comprar algunas cosas para la cena de esta noche"".""",0
"""18. ""El parque nacional está cerrando temprano hoy debido al mal tiempo"".""",0
"""19. ""La nueva serie de televisión está generando muchas teorías entre los fans"".""",0
"""20. ""El próximo vuelo a Barcelona sale a las 14:30, no lo pierdas"".""",0
"""21. ""El equipo de mantenimiento está trabajando para reparar la avería eléctrica"".""",0
"""22. ""La nueva línea de ropa de la marca está causando furor entre los jóvenes"".""",0
"""23. ""La biblioteca está cerrando pronto, date prisa si quieres devolver tus libros"".""",0
"""24. ""El festival de cine independiente comienza mañana en el teatro principal"".""",0
"""25. ""La empresa está buscando un nuevo proveedor de materiales de oficina"".""",0
"""26. ""El juego de fútbol de esta tarde está muy reñido, ¡vamos equipo!""",0
"""27. ""La oferta especial de este mes es un 20% de descuento en todos los productos electrónicos"".""",0
"""28. ""La nueva aplicación de citas está causando revuelo en las redes sociales"".""",0
"""29. ""El concierto de esta noche ha sido cancelado debido a un problema técnico"".""",0
"""30. ""El nuevo restaurante tailandés que abrió недавно es una delicia, ¡recomendado!""",0
"""31. ""La empresa ha recibido un premio por su compromiso con el medio ambiente"".""",0
"""32. ""El próximo evento de la asociación de vecinos será el sábado a las 18:00"".""",0
"""33. ""La nueva línea de maquillaje se agotó en cuestión de horas, ¡furor garantizado!""",0
"""34. ""El próximo vuelo a París sale a las 07:00, no te olvides de llegar temprano"".""",0
"""35. ""La empresa está buscando un nuevo diseñador gráfico para unirse a su equipo"".""",0
"""36. ""El nuevo parque infantil está causando alegría entre los niños del vecindario"".""",0
"""37. ""La promoción de esta semana es una cena para dos con una botella de vino gratis"".""",0
"""38. ""El próximo evento de networking será el jueves en el hotel Hilton"".""",0
"""39. ""La nueva línea de smartphones se lanzará el mes que viene, ¡estamos emocionados!""",0
"""40. ""El próximo espectáculo de comedia será el viernes en el teatro local"".""",0
"""41. ""La empresa está buscando un nuevo asistente administrativo para unirse a su equipo"".""",0
"""42. ""La nueva película de terror está dando miedo a los espectadores, ¡no la veas solo!""",0
"""43. ""El próximo festival de comida y bebida será el sábado en la plaza del pueblo"".""",0
"""44. ""La empresa ha recibido una queja de un cliente insatisfecho, número de orden 67890"".""",0
"""45. ""El concierto de esta noche ha sido un éxito, ¡la gente está enamorada del artista!""",0
"""46. ""La nueva línea de zapatos de la marca está causando furor entre las mujeres"".""",0
"""47. ""El próximo evento de yoga será el domingo en el parque, ¡no te lo pierdas!""",0
"""48. ""La empresa está buscando un nuevo vendedor para unirse a su equipo de ventas"".""",0
"""49. ""El nuevo restaurante vegetariano que abrió недавно es una delicia, ¡recomendado!""",0
"""50. ""El próximo vuelo a Roma sale a las 09:30, no lo pierdas"".""",0
"""1. ""El presidente anunciará nuevas medidas económicas en su discurso de esta noche.""",0
"""2. ""La nueva película de acción arrivinga este fin de semana a los cines.""",0
"""3. ""El metro estará cerrado este domingo para mantenimiento.""",0
"""4. ""Mi vecino está buscando a alguien para ayudarlo a mover este fin de semana.""",0
"""5. ""El mejor sushi en la ciudad, sin duda alguna.""",0
"""6. ""El servicio al cliente fue muy amable y resolvió mi problema rápidamente.""",0
"""7. ""El concierto de esta noche fue increíble, la banda estuvo magnífica.""",0
"""8. ""La nueva actualización de software ya está disponible para descargar.""",0
"""9. ""El restaurante ofrece un menú especial para vegetarianos.""",0
"""10. ""La escuela necesita voluntarios para la fiesta anual de la primavera.""",0
"""11. ""El punto de venta número 12345 tiene un problema técnico.""",0
"""12. ""La reunión de hoy se canceló, se notificará la nueva fecha pronto.""",0
"""13. ""El producto llegó dañado, contactaré al servicio al cliente.""",0
"""14. ""El clima está hermoso hoy, perfecto para un picnic en el parque.""",0
"""15. ""La exposición de arte abre al público mañana en el museo local.""",0
"""16. ""El equipo de fútbol local ganó el partido de anoche.""",0
"""17. ""El pasajero número 56789 forgotten su equipaje en el aeropuerto.""",0
"""18. ""El nuevo libro de mi autor favorito será lanzado el próximo mes.""",0
"""19. ""El supermercado ofrece una promoción de dos por uno en productos seleccionados.""",0
"""20. ""El festival de música de este año tendrá artistas internacionales.""",0
"""21. ""La empresa Needs más empleados para la temporada de vacaciones.""",0
"""22. ""El cliente número 98765 tuvo un problema con su orden en línea.""",0
"""23. ""El nuevo modelo de smartphone será lanzado el mes que viene.""",0
"""24. ""El cine está ofreciendo entradas con descuento para estudiantes los miércoles.""",0
"""25. ""El parque temático tendrá un horario extendido durante el verano.""",0
"""26. ""El banco está ofreciendo una tasa de interés especial para nuevos clientes.""",0
"""27. ""El museo de historia local está buscando donaciones de artefacts.""",0
"""28. ""El nuevo restaurante en la calle principal tiene una atmósfera acogedora.""",0
"""29. ""El concierto de esta noche fue cancelado debido a mal tiempo.""",0
"""30. ""El hotel ofrece una amplia variedad de comidas en su restaurante.""",0
"""31. ""El cliente número 43210 dejó una reseña positiva en nuestra página web.""",0
"""32. ""El centro comercial estará cerrando temprano mañana por un evento privado.""",0
"""33. ""El centro de llamadas recibió una gran cantidad de llamadas sobre el nuevo producto.""",0
"""34. ""El nuevo parque infantil está abierto al público desde hoy.""",0
"""35. ""El juego de esta noche fue emocionante hasta el final.""",0
"""36. ""El nuevo menú de ensaladas en el restaurante es delicioso.""",0
"""37. ""El evento benéfico tendrá un acto de comedia esta noche.""",0
"""38. ""El pasajero número 56789 forgotten su equipaje en el aeropuerto.""",0
"""39. ""El servicio de transporte público estará operativo hasta más tarde esta noche.""",0
"""40. ""El cliente número 12345 tuvo un problema con su orden en línea.""",0
"""41. ""El nuevo producto de la empresa está generando muchas preguntas.""",0
"""42. ""El festival de cine comenzará esta noche en el teatro local.""",0
"""43. ""El cliente número 98765 tuvo un problema con su orden en línea.""",0
"""44. ""El nuevo menú de postres en el restaurante es delicioso.""",0
"""45. ""El concierto de esta noche fue cancelado debido a mal tiempo.""",0
"""46. ""El hotel ofrece una amplia variedad de comidas en su restaurante.""",0
"""47. ""El pasajero número 56789 forgotten su equipaje en el aeropuerto.""",0
"""48. ""El nuevo libro de mi autor favorito será lanzado el próximo mes.""",0
"""49. ""El servicio de transporte público estará operativo hasta más tarde esta noche.""",0
"""50. ""El nuevo modelo de smartphone será lanzado el mes que viene.""",0
"""1. ""El presidente habló hoy en la conferencia sobre la importancia de la educación en nuestro país.""",0
"""2. ""¡El último iPhone está causando furor entre los amantes de la tecnología!""",0
"""3. ""El equipo de mantenimiento informará sobre el corte de luz en el edificio.""",0
"""4. ""Un cliente llamó hoy para preguntar sobre nuestros servicios de reparación.""",0
"""5. ""El juego de mesa 'Catan' es una excelente opción para una noche de juegos en familia.""",0
"""6. ""La nueva película de Marvel está rompiendo récords en taquilla.""",0
"""7. ""La empresa anunció hoy el lanzamiento de su nueva aplicación de entrega de comida.""",0
"""8. ""El concierto de esta noche en el parque ha sido cancelado debido al mal tiempo.""",0
"""9. ""El equipo de fútbol local ganó el partido de anoche con un gol en el último minuto.""",0
"""10. ""Elympics de este año estarán llenos de emocionantes competencias deportivas.""",0
"""11. ""El ganador del sorteo de hoy será anunciado en las noticias de esta noche.""",0
"""12. ""El nuevo modelo de auto eléctrico de Tesla ha generado gran expectación.""",0
"""13. ""El museo de arte abrirá una nueva exposición el próximo mes.""",0
"""14. ""El grupo de música favorito de muchos tocará en el estadio este fin de semana.""",0
"""15. ""El festival de comida y bebida de la ciudad tendrá lugar el próximo sábado en el parque.""",0
"""16. ""El ganador del premio Nobel de Literatura de este año es un escritor japonés.""",0
"""17. ""El nuevo restaurante en la calle principal ofrece deliciosa comida italiana.""",0
"""18. ""El servicio de metro será suspendido en algunas líneas durante las obras de mantenimiento.""",0
"""19. ""El nuevo parque temático abrirá sus puertas al público el mes que viene.""",0
"""20. ""El concierto de esta noche en el teatro está completamente vendido.""",0
"""21. ""El equipo de limpieza informará sobre el horario de recogida de basura esta semana.""",0
"""22. ""El nuevo libro de Harry Potter será lanzado el próximo mes.""",0
"""23. ""El ganador del reality show será anunciado en la gala de esta noche.""",0
"""24. ""El festival de cine de este año contará con películas de todo el mundo.""",0
"""25. ""El nuevo juego de video 'Fortnite' ha tenido un gran éxito entre los jugadores.""",0
"""26. ""El servicio de correo tendrá un retraso debido a las condiciones climáticas.""",0
"""27. ""El equipo de investigación anunció el descubrimiento de una nueva especie de planta.""",0
"""28. ""El festival de primavera tendrá lugar en el parque este fin de semana.""",0
"""29. ""El ganador del premio Oscar a la mejor película será anunciado esta noche.""",0
"""30. ""El nuevo centro comercial abrirá sus puertas el próximo mes con una gran variedad de tiendas.""",0
"""31. ""El concierto de música clásica de esta noche es un evento benéfico para la comunidad.""",0
"""32. ""El servicio de transporte público será gratuito durante las horas pico esta semana.""",0
"""33. ""El equipo de limpieza informará sobre el horario de recolección de hojas esta temporada.""",0
"""34. ""El ganador del juego de lotería de esta semana será anunciado en las noticias de la mañana.""",0
"""35. ""El nuevo parque acuático abrirá sus puertas el próximo mes con emocionantes atracciones.""",0
"""36. ""El evento de la semana pasada fue un gran éxito con la participación de miles de personas.""",0
"""37. ""El nuevo hospital será inaugurado el próximo mes con un gran evento para la comunidad.""",0
"""38. ""El equipo de investigación anunció el descubrimiento de una nueva cura para una enfermedad rara.""",0
"""39. ""El festival de cine de este año contará con películas de todo el mundo y actividades para niños.""",0
"""40. ""El concierto de música rock de esta noche es un evento para mayores de 18 años.""",0
"""41. ""El nuevo centro de convenciones será inaugurado el próximo mes con un gran evento para empresarios.""",0
"""42. ""El equipo de mantenimiento informará sobre el horario de corte de agua esta semana.""",0
"""43. ""El ganador del juego de lotería de esta semana recibirá un gran premio en efectivo.""",0
"""44. ""El nuevo centro comercial abrirá sus puertas el próximo mes con una gran variedad de tiendas y restaurantes.""",0
"""45. ""El evento de caridad de esta noche será un éxito con la participación de muchas celebridades.""",0
"""46. ""El equipo de investigación anunció el descubrimiento de una nueva especie de animal en la selva.""",0
"""47. ""El festival de arte de esta semana contará con obras de artistas locales y internacionales.""",0
"""48. ""El nuevo parque temático de atracciones abrirá sus puertas el próximo mes con emocionantes juegos.""",0
"""49. ""El equipo de limpieza informará sobre el horario de recolección de basura durante las fiestas navideñas.""",0
"""50. ""El concierto de música pop de esta noche es un evento para todos los fanáticos de la música.""",0
""". ""El presidente anunció hoy nuevas medidas para mejorar la educación.""",0
"""2. ""El nuevo smartphone de la compañía es increíblemente rápido.""",0
"""3. ""El clima está cambiando, necesitamos más árboles en la ciudad.""",0
"""4. ""El partido de fútbol fue muy emocionante, ganó el equipo local.""",0
"""5. ""La película de ciencia ficción que vi ayer fue muy interesante.""",0
"""6. ""El museo de arte moderno abrió una nueva exposición hoy.""",0
"""7. ""La nueva línea de ropa de la marca es muy elegante.""",0
"""8. ""El concierto de esta noche fue cancelado debido al mal tiempo.""",0
"""9. ""El libro que estoy leyendo es muy emocionante, no puedo parar.""",0
"""10. ""El juego de video es muy divertido, lo recomiendo a todos.""",0
"""11. ""El nuevo restaurante en el centro es delicioso, deben probarlo.""",0
"""12. ""La empresa anunció un aumento en las ventas este trimestre.""",0
"""13. ""El festival de música de este año fue muy exitoso, hubo mucha gente.""",0
"""14. ""El nuevo parque en el barrio es un lugar hermoso para pasear.""",0
"""15. ""La obra de teatro que vi anoche me hizo reír y llorar.""",0
"""16. ""El juego de ajedrez fue muy emocionante, ganó el jugador local.""",0
"""17. ""El nuevo juego de video es muy difícil, pero muy divertido.""",0
"""18. ""La exposición de fotografía es muy buena, hay algunas fotos increíbles.""",0
"""19. ""El concierto de esta noche fue cancelado debido a un problema técnico.""",0
"""20. ""El nuevo restaurante en la calle principal es delicioso, deben probarlo.""",0
"""21. ""La empresa anunció un aumento en la producción este mes.""",0
"""22. ""El festival de cine de este año fue muy exitoso, hubo muchas películas interesantes.""",0
"""23. ""El nuevo libro que estoy leyendo es muy interesante, no puedo dejar de leerlo.""",0
"""24. ""El juego de fútbol fue muy emocionante, ganó el equipo visitante.""",0
"""25. ""La exposición de arte es muy buena, hay algunas piezas muy interesantes.""",0
"""26. ""El concierto de esta noche fue cancelado debido a la lluvia.""",0
"""27. ""El nuevo producto de la empresa es muy útil, lo recomendaría a todos.""",0
"""28. ""El museo de historia abrió una nueva exhibición hoy.""",0
"""29. ""La línea de ropa de la marca es muy cómoda, la amo.""",0
"""30. ""El partido de tenis fue muy emocionante, ganó el jugador local.""",0
"""31. ""La nueva película de acción es muy buena, la disfruté mucho.""",0
"""32. ""El nuevo juego de video es muy difícil, pero muy divertido de jugar.""",0
"""33. ""El concierto de esta noche fue cancelado debido a un problema con el sonido.""",0
"""34. ""El nuevo restaurante en la plaza es delicioso, deben probarlo.""",0
"""35. ""La empresa anunció un aumento en las ventas este año.""",0
"""36. ""El festival de teatro de este año fue muy exitoso, hubo muchas obras interesantes.""",0
"""37. ""El nuevo libro que estoy leyendo es muy emocionante, no puedo esperar para leer más.""",0
"""38. ""El juego de ajedrez fue muy emocionante, ganó el jugador visitante.""",0
"""39. ""La exposición de fotografía es muy buena, hay algunas fotos muy interesantes.""",0
"""40. ""El concierto de esta noche fue cancelado debido a un problema con la iluminación.""",0
"""41. ""El nuevo producto de la empresa es muy útil, me ahorra tiempo y esfuerzo.""",0
"""42. ""El museo de ciencia abrió una nueva exhibición hoy.""",0
"""43. ""La línea de ropa de la marca es muy elegante, me encanta.""",0
"""44. ""El partido de baloncesto fue muy emocionante, ganó el equipo visitante.""",0
"""45. ""La nueva película de comedia es muy buena, me hizo reír mucho.""",0
"""46. ""El nuevo juego de video es muy fácil de jugar, pero muy divertido.""",0
"""47. ""El concierto de esta noche fue cancelado debido a un problema con el escenario.""",0
"""48. ""El nuevo restaurante en la calle es delicioso, deben probarlo.""",0
"""49. ""La empresa anunció un aumento en la producción este trimestre.""",0
"""50. ""El festival de música folclórica de este año fue muy exitoso, hubo mucha gente bailando.""",0
""". ""El presidente anunció hoy nuevas medidas para mejorar la educación.""",0
"""2. ""El nuevo smartphone de la compañía es increíblemente rápido.""",0
"""3. ""El clima está cambiando, necesitamos más árboles en la ciudad.""",0
"""4. ""El partido de fútbol fue muy emocionante, ganó el equipo local.""",0
"""5. ""La película de ciencia ficción que vi ayer fue muy interesante.""",0
"""6. ""El museo de arte moderno abrió una nueva exposición hoy.""",0
"""7. ""La nueva línea de ropa de la marca es muy elegante.""",0
"""8. ""El concierto de esta noche fue cancelado debido al mal tiempo.""",0
"""9. ""El libro que estoy leyendo es muy emocionante, no puedo parar.""",0
"""10. ""El juego de video es muy divertido, lo recomiendo a todos.""",0
"""11. ""El nuevo restaurante en el centro es delicioso, deben probarlo.""",0
"""12. ""La empresa anunció un aumento en las ventas este trimestre.""",0
"""13. ""El festival de música de este año fue muy exitoso, hubo mucha gente.""",0
"""14. ""El nuevo parque en el barrio es un lugar hermoso para pasear.""",0
"""15. ""La obra de teatro que vi anoche me hizo reír y llorar.""",0
"""16. ""El juego de ajedrez fue muy emocionante, ganó el jugador local.""",0
"""17. ""El nuevo juego de video es muy difícil, pero muy divertido.""",0
"""18. ""La exposición de fotografía es muy buena, hay algunas fotos increíbles.""",0
"""19. ""El concierto de esta noche fue cancelado debido a un problema técnico.""",0
"""20. ""El nuevo restaurante en la calle principal es delicioso, deben probarlo.""",0
"""21. ""La empresa anunció un aumento en la producción este mes.""",0
"""22. ""El festival de cine de este año fue muy exitoso, hubo muchas películas interesantes.""",0
"""23. ""El nuevo libro que estoy leyendo es muy interesante, no puedo dejar de leerlo.""",0
"""24. ""El juego de fútbol fue muy emocionante, ganó el equipo visitante.""",0
"""25. ""La exposición de arte es muy buena, hay algunas piezas muy interesantes.""",0
"""26. ""El concierto de esta noche fue cancelado debido a la lluvia.""",0
"""27. ""El nuevo producto de la empresa es muy útil, lo recomendaría a todos.""",0
"""28. ""El museo de historia abrió una nueva exhibición hoy.""",0
"""29. ""La línea de ropa de la marca es muy cómoda, la amo.""",0
"""30. ""El partido de tenis fue muy emocionante, ganó el jugador local.""",0
"""31. ""La nueva película de acción es muy buena, la disfruté mucho.""",0
"""32. ""El nuevo juego de video es muy difícil, pero muy divertido de jugar.""",0
"""33. ""El concierto de esta noche fue cancelado debido a un problema con el sonido.""",0
"""34. ""El nuevo restaurante en la plaza es delicioso, deben probarlo.""",0
"""35. ""La empresa anunció un aumento en las ventas este año.""",0
"""36. ""El festival de teatro de este año fue muy exitoso, hubo muchas obras interesantes.""",0
"""37. ""El nuevo libro que estoy leyendo es muy emocionante, no puedo esperar para leer más.""",0
"""38. ""El juego de ajedrez fue muy emocionante, ganó el jugador visitante.""",0
"""39. ""La exposición de fotografía es muy buena, hay algunas fotos muy interesantes.""",0
"""40. ""El concierto de esta noche fue cancelado debido a un problema con la iluminación.""",0
"""41. ""El nuevo producto de la empresa es muy útil, me ahorra tiempo y esfuerzo.""",0
"""42. ""El museo de ciencia abrió una nueva exhibición hoy.""",0
"""43. ""La línea de ropa de la marca es muy elegante, me encanta.""",0
"""44. ""El partido de baloncesto fue muy emocionante, ganó el equipo visitante.""",0
"""45. ""La nueva película de comedia es muy buena, me hizo reír mucho.""",0
"""46. ""El nuevo juego de video es muy fácil de jugar, pero muy divertido.""",0
"""47. ""El concierto de esta noche fue cancelado debido a un problema con el escenario.""",0
"""48. ""El nuevo restaurante en la calle es delicioso, deben probarlo.""",0
"""49. ""La empresa anunció un aumento en la producción este trimestre.""",0
"""50. ""El festival de música folclórica de este año fue muy exitoso, hubo mucha gente bailando.""",0
"""1. ""La nueva película de acción llega hoy a los cines.""",0
"""2. ""El metro llegará con retraso debido a obras en la línea roja.""",0
"""3. ""¡Oferta del día! Descuento del 50% en todos los zapatos.""",0
"""4. ""La reunión de hoy ha sido pospuesta para el viernes.""",0
"""5. ""Mi orden de pizza debería llegar en cualquier momento.""",0
"""6. ""El concierto de esta noche ha sido cancelado debido al mal tiempo.""",0
"""7. ""El nuevo software de la empresa será implementado esta semana.""",0
"""8. ""El autobús número 12 no pasará por la calle principal hoy.""",0
"""9. ""¡Feliz cumpleaños, amigo! Espero verte pronto.""",0
"""10. ""La tienda de electrónica abrirá una hora más tarde hoy.""",0
"""11. ""El equipo de mantenimiento está trabajando en el ascensor.""",0
"""12. ""La próxima clase de yoga será el jueves a las 7 pm.""",0
"""13. ""La promoción de fin de semana incluye dos entradas por el precio de una.""",0
"""14. ""El vuelo 789 ha aterrizado con retraso en el aeropuerto.""",0
"""15. ""La obra de teatro comienza a las 8 en punto, no llegues tarde.""",0
"""16. ""El juego de esta noche ha sido suspendido por malas condiciones del campo.""",0
"""17. ""El menú del día de hoy en el restaurante es ensalada de pollo.""",0
"""18. ""La conferència de prensa será transmitida en vivo a las 5 pm.""",0
"""19. ""El tren número 21 llegará a la estación central en 10 minutos.""",0
"""20. ""El supermercado ofrece una promoción de dos por uno en productos seleccionados.""",0
"""21. ""El servicio de internet ha sido restablecido en la zona.""",0
"""22. ""El próximo evento de la biblioteca será una charla sobre literatura infantil.""",0
"""23. ""El número de hoy en la lotería nacional es el 123456.""",0
"""24. ""El partido de hoy ha sido ganado por el equipo visitante.""",0
"""25. ""El museo de arte abrirá una hora más tarde los días miércoles.""",0
"""26. ""El próximo vuelo disponible es el 789 que sale en dos horas.""",0
"""27. ""El concierto de esta noche ha sido vendido(out) así que apúrate a comprar tus boletos.""",0
"""28. ""El nuevo producto estará disponible en todas las tiendas la próxima semana.""",0
"""29. ""El restaurante del otro lado de la calle está cerrado hoy.""",0
"""30. ""La próxima clase de spinning será a las 9 am en el gimnasio.""",0
"""31. ""La última actualización del software ya está disponible para descargar.""",0
"""32. ""El parque de diversiones abrirá una hora más tarde debido al mal tiempo.""",0
"""33. ""El juego de esta noche ha sido ganado por el equipo local con un marcador de 5-3.""",0
"""34. ""La próxima película en ser presentada en el cine es 'La vida es bella'.""",0
"""35. ""El próximo vuelo disponible es el 123 que sale en tres horas.""",0
"""36. ""El nuevo menú de la cafetería incluye una variedad de ensaladas y sándwiches.""",0
"""37. ""El próximo evento en el centro comunitario es una clase de yoga gratis.""",0
"""38. ""El concierto de esta noche ha sido cancelado debido a la enfermedad del cantante principal.""",0
"""39. ""El juego de esta noche ha sido ganado por el equipo visitante con un marcador de 4-2.""",0
"""40. ""El próximo vuelo disponible es el 456 que sale en cuatro horas.""",0
"""41. ""El evento de hoy en el parque es una carrera de 5K para beneficio de la comunidad.""",0
"""42. ""El nuevo producto de la empresa será lanzado al mercado la próxima semana.""",0
"""43. ""El juego de esta noche ha sido ganado por el equipo local con un marcador de 3-1.""",0
"""44. ""El próximo vuelo disponible es el 789 que sale en cinco horas.""",0
"""45. ""El concierto de esta noche ha sido vendido(out) así que apúrate a comprar tus boletos.""",0
"""46. ""El nuevo software de la empresa será lanzado al mercado la próxima semana.""",0
"""47. ""El juego de esta noche ha sido ganado por el equipo visitante con un marcador de 2-1.""",0
"""48. ""El próximo vuelo disponible es el 123 que sale en seis horas.""",0
"""49. ""El evento de hoy en el centro comunitario es una clase de cocina gratis.""",0
"""50. ""El concierto de esta noche ha sido cancelado debido a problemas técnicos en el escenario.""",0
"""1. ""El presidente anunció nuevas medidas económicas hoy en la mañana.""",0
"""2. ""La película de esta semana en el cine es 'La Vida es Bella'.""",0
"""3. ""¡Oferta del día! Descuento del 50% en todos los zapatos.""",0
"""4. ""El tráfico en la autopista es intenso hoy. Tome alternativas.""",0
"""5. ""La nueva aplicación de deliveries es muy fácil de usar.""",0
"""6. ""El concierto de esta noche está casi completo. No se queden sin entradas.""",0
"""7. ""El equipo de mantenimiento está trabajando en la avería del ascensor.""",0
"""8. ""El menú del día en el restaurante incluye paella y tortilla de patatas.""",0
"""9. ""El clima para mañana será soleado con una temperatura máxima de 25 grados.""",0
"""10. ""El evento de lanzamiento del nuevo producto será en la sala de conferencias a las 3 PM.""",0
"""11. ""Un cliente llamado hoy para preguntar sobre nuestros servicios.""",0
"""12. ""El pedido número 12345 está listo para ser recogido.""",0
"""13. ""El equipo de fútbol local ganó el partido de anoche 3-1.""",0
"""14. ""La exposición de arte abrirá sus puertas al público este fin de semana.""",0
"""15. ""La nueva actualización del software está disponible para su descarga.""",0
"""16. ""El festival de comida callejera tendrá lugar en la Plaza Mayor este sábado.""",0
"""17. ""La librería está organizando una firma de libros con el autor local más famoso.""",0
"""18. ""El tráfico en la zona centro está congestionado. Tome rutas alternativas.""",0
"""19. ""La promoción de 'dos por uno' en helados terminará esta semana.""",0
"""20. ""El curso de yoga en el parque comienza a las 9 AM los sábados.""",0
"""21. ""El evento benéfico tendrá lugar en el Teatro Real este viernes.""",0
"""22. ""La nueva línea de ropa de verano ya está disponible en las tiendas.""",0
"""23. ""El concierto de música clásica será en el Auditorio Nacional a las 8 PM.""",0
"""24. ""La oferta de 'compre uno, llévese dos' en productos de limpieza termina hoy.""",0
"""25. ""El equipo de limpieza está trabajando en el área de la piscina.""",0
"""26. ""La nueva película de animación es ideal para ver en familia.""",0
"""27. ""El festival de comida internacional tendrá lugar en el parque este fin de semana.""",0
"""28. ""La promoción de 'descuento del 15% en todas las compras' termina el mes que viene.""",0
"""29. ""El equipo de fútbol femenino ganó el campeonato regional.""",0
"""30. ""La exposición de fotografía abrirá sus puertas al público esta semana.""",0
"""31. ""La oferta de 'compre seis, pague cinco' en productos de panadería sigue vigente.""",0
"""32. ""El concierto de rock será en el estadio este fin de semana.""",0
"""33. ""La promoción de 'descuento del 20% en todos los servicios' termina este mes.""",0
"""34. ""El equipo de mantenimiento está trabajando en la avería del sistema de aire acondicionado.""",0
"""35. ""La nueva línea de productos orgánicos ya está en las tiendas.""",0
"""36. ""El evento de recaudación de fondos tendrá lugar en el hotel de lujo este viernes.""",0
"""37. ""La oferta de 'descuento del 10% en todas las compras' sigue vigente este mes.""",0
"""38. ""El festival de cine tendrá lugar en el cine local este fin de semana.""",0
"""39. ""El equipo de limpieza está trabajando en el área de recepción.""",0
"""40. ""La promoción de 'dos por uno en entradas de cine' termina esta semana.""",0
"""41. ""El concierto de música electrónica será en el club esta noche.""",0
"""42. ""La oferta de 'descuento del 15% en todos los productos de electrónica' sigue vigente.""",0
"""43. ""El equipo de mantenimiento está trabajando en la avería del sistema de fontanería.""",0
"""44. ""La nueva línea de productos para el hogar ya está disponible en las tiendas.""",0
"""45. ""El festival de comida y bebida tendrá lugar en el parque este fin de semana.""",0
"""46. ""La oferta de 'descuento del 20% en todos los servicios deimenaje' sigue vigente.""",0
"""47. ""El equipo de limpieza está trabajando en el área de la sala de estar.""",0
"""48. ""La promoción de 'descuento del 15% en todos los productos de belleza' termina este mes.""",0
"""49. ""El concierto de música clásica será en la catedral este domingo.""",0
"""50. ""El equipo de mantenimiento está trabajando en la avería del ascensor en el edificio de oficinas.""",0
"""1. ""El presidente anunció nuevas medidas contra la inflación.""",0
"""2. ""¡Oferta del día! Sandwich de pollo a mitad de precio.""",0
"""3. ""El técnico llegó a las 3 pm para reparar la lavadora.""",0
"""4. ""El cliente unidentified complained about the slow internet connection today.""",0
"""5. ""El número de orden 12345 ha sido enviado.""",0
"""6. ""La película de esta noche es una comedia romántica.""",0
"""7. ""El nuevo restaurante en la esquina está delicioso.""",0
"""8. ""El informe de ventas del mes pasado fue decepcionante.""",0
"""9. ""La biblioteca cierra a las 9 pm los sábados.""",0
"""10. ""Un cliente dejó una propina del 20% ayer.""",0
"""11. ""El vuelo con destino a Madrid sale a las 7 am.""",0
"""12. ""La reunión de hoy fue productiva, se discutieron nuevas ideas.""",0
"""13. ""El concierto de esta noche está agotado.""",0
"""14. ""El producto llegó dañado, solicité un reemplazo.""",0
"""15. ""El partido de fútbol comienza a las 8 pm.""",0
"""16. ""El cliente unidentified regresó la compra de ayer.""",0
"""17. ""La reunión de emergencia será a las 10 am.""",0
"""18. ""La nueva aplicación de juegos es muy adictiva.""",0
"""19. ""El cliente unidentified preguntó sobre nuestro servicio de entrega.""",0
"""20. ""La promoción de la semana es un descuento del 15% en todos los productos.""",0
"""21. ""El evento de esta noche es para mayores de 18 años.""",0
"""22. ""El cliente unidentified dejó una reseña negativa en nuestra página web.""",0
"""23. ""La nuevaactualización del software estará disponible pronto.""",0
"""24. ""El cliente unidentified pagó con tarjeta de crédito.""",0
"""25. ""El número de teléfono para pedidos es el 555-1234.""",0
"""26. ""La reunión se canceló debido a la lluvia.""",0
"""27. ""El cliente unidentified preguntó sobre nuestro horario de atención al cliente.""",0
"""28. ""La promoción de hoy es un 2×1 en todas las pizzas.""",0
"""29. ""El concierto de esta noche es gratis.""",0
"""30. ""El cliente unidentified devolvió el producto sin abrir.""",0
"""31. ""La reunión de hoy fue pospuesta para mañana.""",0
"""32. ""El evento de esta noche es un éxito.""",0
"""33. ""El cliente unidentified solicitó un reembolso.""",0
"""34. ""La película de esta semana es una de acción.""",0
"""35. ""El cliente unidentified dejó un comentario positivo en nuestras redes sociales.""",0
"""36. ""La oferta de hoy es un descuento del 10% en todas las compras.""",0
"""37. ""El concierto de esta noche es para todas las edades.""",0
"""38. ""El cliente unidentified pidió un cambio de tamaño en su pedido.""",0
"""39. ""La reunión de hoy fue muy interesante, aprendimos mucho.""",0
"""40. ""El cliente unidentified preguntó sobre nuestra política de devoluciones.""",0
"""41. ""La promoción de hoy es un descuento del 15% en todos los artículos electrónicos.""",0
"""42. ""El concierto de esta noche es vendido por entradas.""",0
"""43. ""El cliente unidentified dejó una queja sobre el servicio al cliente.""",0
"""44. ""La película de esta noche es una de terror.""",0
"""45. ""El cliente unidentified solicitó una factura electrónica.""",0
"""46. ""La reunión de hoy fue muy corta, solo duró 30 minutos.""",0
"""47. ""El concierto de esta noche es para fans de la música clásica.""",0
"""48. ""El cliente unidentified preguntó sobre nuestro catálogo de productos.""",0
"""49. ""La oferta de hoy es un descuento del 20% en todos los productos de limpieza.""",0
"""50. ""El concierto de esta noche es presentado por una radio local.""",0
"""1. ""La nueva película de Marvel está causando revuelo entre los fanáticos"".""",0
"""2. ""El presidente anunció nuevas medidas para la educación en el país"".""",0
"""3. ""Estamos buscando un nuevo membresía para unirse a nuestro equipo de ventas"".""",0
"""4. ""El clima frío ha llegado a la ciudad, abrígate bien"".""",0
"""5. ""La nueva aplicación de entregas es una maravilla, llegó mi pedido en solo 30 minutos"".""",0
"""6. ""El partido de fútbol de esta noche promete ser emocionante"".""",0
"""7. ""Nuestro nuevo producto ha recibido excelentes críticas de los clientes"".""",0
"""8. ""Un cliente llamó hoy para hacer una queja sobre nuestro servicio"".""",0
"""9. ""La exposición de arte en el museo es impresionante, debes verla"".""",0
"""10. ""El orden número 12345 ha sido enviado con éxito"".""",0
"""11. ""El concierto de esta noche ha sido cancelado debido al mal tiempo"".""",0
"""12. ""Estamos buscando voluntarios para nuestra próxima campaña de limpieza"".""",0
"""13. ""El nuevo libro de mi autor favorito es muy emocionante"".""",0
"""14. ""La junta directiva ha anunciado un aumento en los salarios de los empleados"".""",0
"""15. ""El juego de esta noche es crucial para nuestra clasificación en la liga"".""",0
"""16. ""La nueva línea de ropa de la marca está causando furor entre los jóvenes"".""",0
"""17. ""Un vecino llamado hoy para informar sobre una fuga de agua en su casa"".""",0
"""18. ""El nuevo parque temático es una gran adición a la ciudad"".""",0
"""19. ""La empresa ha recibido una notificación de una auditoría fiscal"".""",0
"""20. ""El evento de caridad de esta noche ha recaudado miles de dólares"".""",0
"""21. ""El nuevo restaurante en la calle principal tiene deliciosa comida"".""",0
"""22. ""La conferencia de hoy ha sido pospuesta debido a la huelga de transportes"".""",0
"""23. ""El nuevo producto ha superado nuestras expectativas de ventas"".""",0
"""24. ""La reunión de hoy ha sido muy productiva, hemos logrado muchos objetivos"".""",0
"""25. ""La nueva línea de smartphones ha recibido críticas mixtas"".""",0
"""26. ""Un cliente insatisfecho ha dejado una mala reseña en nuestro sitio web"".""",0
"""27. ""El festival de música de este fin de semana será épico"".""",0
"""28. ""La nueva aplicación de citas ha recibido muchas críticas positivas"".""",0
"""29. ""La empresa ha recibido una demanda por incumplimiento de contrato"".""",0
"""30. ""El nuevo parque infantil es un lugar perfecto para que los niños jueguen"".""",0
"""31. ""La nueva línea de cosméticos ha sido un éxito entre las mujeres"".""",0
"""32. ""La empresa ha ganado un importante contrato con una gran corporación"".""",0
"""33. ""El nuevo juego de video es muy adictivo, no puedo dejar de jugar"".""",0
"""34. ""La nueva línea de productos orgánicos está siendo muy bien recibida por los clientes"".""",0
"""35. ""La empresa ha sido nominada para el premio a la mejor empresa del año"".""",0
"""36. ""El nuevo hotel en la playa es un lugar perfecto para unas vacaciones relajantes"".""",0
"""37. ""La empresa ha sido acusada de prácticas anti-competencia"".""",0
""". ""El presidente anunció hoy nuevas medidas para mejorar la educación.""",0
"""2. ""El nuevo smartphone de la compañía es increíblemente rápido.""",0
"""3. ""El clima está cambiando, necesitamos más árboles en la ciudad.""",0
"""4. ""El partido de fútbol fue muy emocionante, ganó el equipo local.""",0
"""5. ""La película de ciencia ficción que vi ayer fue muy interesante.""",0
"""6. ""El museo de arte moderno abrió una nueva exposición hoy.""",0
"""7. ""La nueva línea de ropa de la marca es muy elegante.""",0
"""8. ""El concierto de esta noche fue cancelado debido al mal tiempo.""",0
"""9. ""El libro que estoy leyendo es muy emocionante, no puedo parar.""",0
"""10. ""El juego de video es muy divertido, lo recomiendo a todos.""",0
"""11. ""El nuevo restaurante en el centro es delicioso, deben probarlo.""",0
"""12. ""La empresa anunció un aumento en las ventas este trimestre.""",0
"""13. ""El festival de música de este año fue muy exitoso, hubo mucha gente.""",0
"""14. ""El nuevo parque en el barrio es un lugar hermoso para pasear.""",0
"""15. ""La obra de teatro que vi anoche me hizo reír y llorar.""",0
"""16. ""El juego de ajedrez fue muy emocionante, ganó el jugador local.""",0
"""17. ""El nuevo juego de video es muy difícil, pero muy divertido.""",0
"""18. ""La exposición de fotografía es muy buena, hay algunas fotos increíbles.""",0
"""19. ""El concierto de esta noche fue cancelado debido a un problema técnico.""",0
"""20. ""El nuevo restaurante en la calle principal es delicioso, deben probarlo.""",0
"""21. ""La empresa anunció un aumento en la producción este mes.""",0
"""22. ""El festival de cine de este año fue muy exitoso, hubo muchas películas interesantes.""",0
"""23. ""El nuevo libro que estoy leyendo es muy interesante, no puedo dejar de leerlo.""",0
"""24. ""El juego de fútbol fue muy emocionante, ganó el equipo visitante.""",0
"""25. ""La exposición de arte es muy buena, hay algunas piezas muy interesantes.""",0
"""26. ""El concierto de esta noche fue cancelado debido a la lluvia.""",0
"""27. ""El nuevo producto de la empresa es muy útil, lo recomendaría a todos.""",0
"""28. ""El museo de historia abrió una nueva exhibición hoy.""",0
"""29. ""La línea de ropa de la marca es muy cómoda, la amo.""",0
"""30. ""El partido de tenis fue muy emocionante, ganó el jugador local.""",0
"""31. ""La nueva película de acción es muy buena, la disfruté mucho.""",0
"""32. ""El nuevo juego de video es muy difícil, pero muy divertido de jugar.""",0
"""33. ""El concierto de esta noche fue cancelado debido a un problema con el sonido.""",0
"""34. ""El nuevo restaurante en la plaza es delicioso, deben probarlo.""",0
"""35. ""La empresa anunció un aumento en las ventas este año.""",0
"""36. ""El festival de teatro de este año fue muy exitoso, hubo muchas obras interesantes.""",0
"""37. ""El nuevo libro que estoy leyendo es muy emocionante, no puedo esperar para leer más.""",0
"""38. ""El juego de ajedrez fue muy emocionante, ganó el jugador visitante.""",0
"""39. ""La exposición de fotografía es muy buena, hay algunas fotos muy interesantes.""",0
"""40. ""El concierto de esta noche fue cancelado debido a un problema con la iluminación.""",0
"""41. ""El nuevo producto de la empresa es muy útil, me ahorra tiempo y esfuerzo.""",0
"""42. ""El museo de ciencia abrió una nueva exhibición hoy.""",0
"""43. ""La línea de ropa de la marca es muy elegante, me encanta.""",0
"""44. ""El partido de baloncesto fue muy emocionante, ganó el equipo visitante.""",0
"""45. ""La nueva película de comedia es muy buena, me hizo reír mucho.""",0
"""46. ""El nuevo juego de video es muy fácil de jugar, pero muy divertido.""",0
"""47. ""El concierto de esta noche fue cancelado debido a un problema con el escenario.""",0
"""48. ""El nuevo restaurante en la calle es delicioso, deben probarlo.""",0
"""49. ""La empresa anunció un aumento en la producción este trimestre.""",0
"""50. ""El festival de música folclórica de este año fue muy exitoso, hubo mucha gente bailando.""",0
"""El presidente anunciará nuevas políticas económicas mañana.""",0
"""La nueva película de Marvel está dando que hablar en las redes sociales.""",0
"""El metro sufrirá retrasos debido a obras de mantenimiento.""",0
"""El mejor café que he probado en mi vida, ¡10/10!""",0
"""La reunión de hoy será a las 3 pm en la sala de conferencias.""",0
"""El equipo de fútbol local ganó el partido de ayer.""",0
"""La promoción de fin de semana en la tienda es irresistible.""",0
"""El tiempo para mañana Predice lluvia en la ciudad.""",0
"""El nuevo libro de suspense es una lectura obligada.""",0
"""El Restaurante del barrio tiene un menú delicioso y a precios razonables.""",0
"""La aplicación de entrega de comida es muy fácil de usar.""",0
"""La nueva línea de ropa primavera-verano de Zara es impresionante.""",0
"""El festival de música de este año será en el parque central.""",0
"""La oferta de empleo en la empresa de tecnología es atractiva.""",0
"""El concierto de esta noche está agotado de entradas.""",0
"""El último modelo de smartphone es excelente para fotos.""",0
"""El servicio al cliente de la compañía de teléfono es lento.""",0
"""El supermercado local tiene una gran variedad de productos orgánicos.""",0
"""La nueva serie de Netflix es adictiva.""",0
"""El evento de caridad de esta semana recogerá fondos para una organización benéfica local.""",0
"""El menú del día en el café es delicioso y económico.""",0
"""El nuevo parque infantil es un lugar perfecto para que los niños jueguen al aire libre.""",0
"""El equipo de investigación está trabajando en una cura para la enfermedad rara.""",0
"""El museo de arte tiene una nueva exposición de pintores locales.""",0
"""El campeonato de ajedrez de la escuela secundaria es esta semana.""",0
"""La nueva línea de productos de la marca es eco-amigable.""",0
"""El festival de comida callejera es este fin de semana en el mercado.""",0
"""El nuevo juego de video es una aventura emocionante.""",0
"""El equipo de limpieza trabaja duro para mantener las calles limpias.""",0
"""El servicio de taxi es confiable y cómodo.""",0
"""El nuevo centro comercial tiene una gran variedad de tiendas.""",0
"""El evento de networking es una excelente oportunidad para conocer nuevos contactos.""",0
"""El equipo de fútbol sala local necesita más seguidores.""",0
"""La empresa de transporte público está mejorando su servicio.""",0
"""El festival de cine al aire libre es esta noche en el parque.""",0
"""La nueva aplicación de citas es fácil de usar y divertida.""",0
"""El nuevo restaurante asiático en la esquina es delicioso.""",0
"""La biblioteca tiene una gran selección de libros en español.""",0
"""El nuevo parque acuático es perfecto para refrescarse en el verano.""",0
"""El evento de beneficencia de esta semana recogerá fondos para la investigación del cáncer.""",0
"""El equipo de limpieza de la playa trabaja duro para mantenerla limpia.""",0
"""El nuevo parque temático es una atracción turística popular.""",0
"""El festival de música electrónica es este fin de semana en el club.""",0
"""La aplicación de entrega de compras en línea es conveniente y rápida.""",0
"""El equipo de rescate trabaja duro para mantener la seguridad en las montañas.""",0
"""El nuevo parque de diversiones es ideal para toda la familia.""",0
"""El evento de arte en la calle es un colorido despliegue de creatividad.""",0
"""El nuevo museo de historia natural es educativo y fascinante.""",0
""". ""El presidente anunció hoy nuevas medidas para mejorar la educación.""",0
"""2. ""El nuevo smartphone de la compañía es increíblemente rápido.""",0
"""3. ""El clima está cambiando, necesitamos más árboles en la ciudad.""",0
"""4. ""El partido de fútbol fue muy emocionante, ganó el equipo local.""",0
"""5. ""La película de ciencia ficción que vi ayer fue muy interesante.""",0
"""6. ""El museo de arte moderno abrió una nueva exposición hoy.""",0
"""7. ""La nueva línea de ropa de la marca es muy elegante.""",0
"""8. ""El concierto de esta noche fue cancelado debido al mal tiempo.""",0
"""9. ""El libro que estoy leyendo es muy emocionante, no puedo parar.""",0
"""10. ""El juego de video es muy divertido, lo recomiendo a todos.""",0
"""11. ""El nuevo restaurante en el centro es delicioso, deben probarlo.""",0
"""12. ""La empresa anunció un aumento en las ventas este trimestre.""",0
"""13. ""El festival de música de este año fue muy exitoso, hubo mucha gente.""",0
"""14. ""El nuevo parque en el barrio es un lugar hermoso para pasear.""",0
"""15. ""La obra de teatro que vi anoche me hizo reír y llorar.""",0
"""16. ""El juego de ajedrez fue muy emocionante, ganó el jugador local.""",0
"""17. ""El nuevo juego de video es muy difícil, pero muy divertido.""",0
"""18. ""La exposición de fotografía es muy buena, hay algunas fotos increíbles.""",0
"""19. ""El concierto de esta noche fue cancelado debido a un problema técnico.""",0
"""20. ""El nuevo restaurante en la calle principal es delicioso, deben probarlo.""",0
"""21. ""La empresa anunció un aumento en la producción este mes.""",0
"""22. ""El festival de cine de este año fue muy exitoso, hubo muchas películas interesantes.""",0
"""23. ""El nuevo libro que estoy leyendo es muy interesante, no puedo dejar de leerlo.""",0
"""24. ""El juego de fútbol fue muy emocionante, ganó el equipo visitante.""",0
"""25. ""La exposición de arte es muy buena, hay algunas piezas muy interesantes.""",0
"""26. ""El concierto de esta noche fue cancelado debido a la lluvia.""",0
"""27. ""El nuevo producto de la empresa es muy útil, lo recomendaría a todos.""",0
"""28. ""El museo de historia abrió una nueva exhibición hoy.""",0
"""29. ""La línea de ropa de la marca es muy cómoda, la amo.""",0
"""30. ""El partido de tenis fue muy emocionante, ganó el jugador local.""",0
"""31. ""La nueva película de acción es muy buena, la disfruté mucho.""",0
"""32. ""El nuevo juego de video es muy difícil, pero muy divertido de jugar.""",0
"""33. ""El concierto de esta noche fue cancelado debido a un problema con el sonido.""",0
"""34. ""El nuevo restaurante en la plaza es delicioso, deben probarlo.""",0
"""35. ""La empresa anunció un aumento en las ventas este año.""",0
"""36. ""El festival de teatro de este año fue muy exitoso, hubo muchas obras interesantes.""",0
"""37. ""El nuevo libro que estoy leyendo es muy emocionante, no puedo esperar para leer más.""",0
"""38. ""El juego de ajedrez fue muy emocionante, ganó el jugador visitante.""",0
"""39. ""La exposición de fotografía es muy buena, hay algunas fotos muy interesantes.""",0
"""40. ""El concierto de esta noche fue cancelado debido a un problema con la iluminación.""",0
"""41. ""El nuevo producto de la empresa es muy útil, me ahorra tiempo y esfuerzo.""",0
"""42. ""El museo de ciencia abrió una nueva exhibición hoy.""",0
"""43. ""La línea de ropa de la marca es muy elegante, me encanta.""",0
"""44. ""El partido de baloncesto fue muy emocionante, ganó el equipo visitante.""",0
"""45. ""La nueva película de comedia es muy buena, me hizo reír mucho.""",0
"""46. ""El nuevo juego de video es muy fácil de jugar, pero muy divertido.""",0
"""47. ""El concierto de esta noche fue cancelado debido a un problema con el escenario.""",0
"""48. ""El nuevo restaurante en la calle es delicioso, deben probarlo.""",0
"""49. ""La empresa anunció un aumento en la producción este trimestre.""",0
"""50. ""El festival de música folclórica de este año fue muy exitoso, hubo mucha gente bailando.""",0
"""1. ""¡La nueva película de Marvel es un éxito en taquilla!""",0
"""2. ""El clima para hoy en Madrid: cielo despejado y 25 grados.""",0
"""3. ""Mi jefe me dijo que hoy llegaré tarde al trabajo.""",0
"""4. ""La mejor hamburguesa que he probado en mi vida.""",0
"""5. ""El nuevo iPhone ya está disponible en las tiendas.""",0
"""6. ""El Metro de Barcelona abrirá una hora más tarde los sábados.""",0
"""7. ""Un cliente llamó hoy para cancelar su reserva.""",0
"""8. ""La oferta especial de este mes en la panadería es el pan de molde integral.""",0
"""9. ""La reunión con los inversores fue un éxito.""",0
"""10. ""La biblioteca municipal cerrará para obras de renovación.""",0
"""11. ""La aplicación de citas en línea ha mejorado su algoritmo de emparejamiento.""",0
"""12. ""El número de orden para su pedido es 12345.""",0
"""13. ""El concierto de esta noche en el Estadio Santiago Bernabéu está completamente vendido.""",0
"""14. ""El mejor sushi en la ciudad se encuentra en el restaurante El Sushi Bar.""",0
"""15. ""El nuevo parque infantil en el barrio está causando revuelo entre los niños.""",0
"""16. ""La empresa de mudanzas llegó tarde, pero todo el proceso fue muy profesional.""",0
"""17. ""El próximo vuelo a Nueva York sale en dos horas.""",0
"""18. ""El precio de la gasolina ha disminuido en todas las estaciones de servicio.""",0
"""19. ""Un perro perdido ha sido encontrado en el parque. Llamar al 112 si es suyo.""",0
"""20. ""El menú del día en el restaurante La Terraza es delicioso y a un precio increíble.""",0
"""21. ""La nueva línea de ropa de la marca ha sido un rotundo éxito entre los jóvenes.""",0
"""22. ""El festival de música de este año será en el Parque del Retiro.""",0
"""23. ""El museo del Prado abrirá sus puertas una hora más tarde los domingos.""",0
"""24. ""La oferta de empleo en la empresa de tecnología es muy atractiva.""",0
"""25. ""La próxima reunión de la asociación de vecinos es el jueves a las 19:00.""",0
"""26. ""El juego de la Liga que se disputa hoy es crucial para la clasificación.""",0
"""27. ""El nuevo horno de la panadería ha mejorado el sabor de sus productos.""",0
"""28. ""Un cliente dejó un comentario negativo en nuestra página web. Estamos trabajando en mejorar.""",0
"""29. ""La nueva línea de maquillaje de la marca se agotó en solo dos días.""",0
"""30. ""El servicio de limpieza en el edificio comienza a las 21:00.""",0
"""31. ""La exposición de arte moderno en el Museo Reina Sofía es impresionante.""",0
"""32. ""El precio de la entrada al zoo ha aumentado desde el mes pasado.""",0
"""33. ""El próximo concierto de la orquesta sinfónica será en el Auditorio Nacional.""",0
"""34. ""El nuevo centro comercial abrirá sus puertas la próxima semana.""",0
"""35. ""La aplicación de transporte ha actualizado su sistema de pago.""",0
"""36. ""El parque acuático abrirá un mes antes de lo esperado.""",0
"""37. ""La próxima obra de teatro en el Teatro Real es 'El rey Lear'.""",0
"""38. ""El campeonato de fútbol sala comienza mañana en el polideportivo.""",0
"""39. ""La empresa de servicios ha enviado un técnico para reparar la avería.""",0
"""40. ""El próximo partido de la Selección Española de Fútbol es crucial para la clasificación.""",0
"""41. ""El nuevo menú de desayunos en la cafetería es delicioso.""",0
"""42. ""La próxima sesión de yoga en el parque es a las 9:00 a.m.""",0
"""43. ""El nuevo parque temático ha generado miles de empleos en la zona.""",0
"""44. ""El próximo concierto en el WiZink Center es de la banda de rock 'The Killers'.""",0
"""45. ""La empresa de construcción ha ganado el contrato para el proyecto de remodelación.""",0
"""46. ""El próximo evento de networking es en el hotel NH Collection Madrid Gran Vía.""",0
"""47. ""El nuevo restaurante vegetariano en la callevelazquez es una delicia.""",0
"""48. ""La próxima carrera popular es el domingo en el Paseo del Prado.""",0
"""49. ""El último libro de la autora de best-sellers se lanzará la próxima semana.""",0
"""50. ""El próximo festival de cine independiente se celebrará en el cinema Doré.""",0
""". ""El presidente anunció hoy nuevas medidas para mejorar la educación.""",0
"""2. ""El nuevo smartphone de la compañía es increíblemente rápido.""",0
"""3. ""El clima está cambiando, necesitamos más árboles en la ciudad.""",0
"""4. ""El partido de fútbol fue muy emocionante, ganó el equipo local.""",0
"""5. ""La película de ciencia ficción que vi ayer fue muy interesante.""",0
"""6. ""El museo de arte moderno abrió una nueva exposición hoy.""",0
"""7. ""La nueva línea de ropa de la marca es muy elegante.""",0
"""8. ""El concierto de esta noche fue cancelado debido al mal tiempo.""",0
"""9. ""El libro que estoy leyendo es muy emocionante, no puedo parar.""",0
"""10. ""El juego de video es muy divertido, lo recomiendo a todos.""",0
"""11. ""El nuevo restaurante en el centro es delicioso, deben probarlo.""",0
"""12. ""La empresa anunció un aumento en las ventas este trimestre.""",0
"""13. ""El festival de música de este año fue muy exitoso, hubo mucha gente.""",0
"""14. ""El nuevo parque en el barrio es un lugar hermoso para pasear.""",0
"""15. ""La obra de teatro que vi anoche me hizo reír y llorar.""",0
"""16. ""El juego de ajedrez fue muy emocionante, ganó el jugador local.""",0
"""17. ""El nuevo juego de video es muy difícil, pero muy divertido.""",0
"""18. ""La exposición de fotografía es muy buena, hay algunas fotos increíbles.""",0
"""19. ""El concierto de esta noche fue cancelado debido a un problema técnico.""",0
"""20. ""El nuevo restaurante en la calle principal es delicioso, deben probarlo.""",0
"""21. ""La empresa anunció un aumento en la producción este mes.""",0
"""22. ""El festival de cine de este año fue muy exitoso, hubo muchas películas interesantes.""",0
"""23. ""El nuevo libro que estoy leyendo es muy interesante, no puedo dejar de leerlo.""",0
"""24. ""El juego de fútbol fue muy emocionante, ganó el equipo visitante.""",0
"""25. ""La exposición de arte es muy buena, hay algunas piezas muy interesantes.""",0
"""26. ""El concierto de esta noche fue cancelado debido a la lluvia.""",0
"""27. ""El nuevo producto de la empresa es muy útil, lo recomendaría a todos.""",0
"""28. ""El museo de historia abrió una nueva exhibición hoy.""",0
"""29. ""La línea de ropa de la marca es muy cómoda, la amo.""",0
"""30. ""El partido de tenis fue muy emocionante, ganó el jugador local.""",0
"""31. ""La nueva película de acción es muy buena, la disfruté mucho.""",0
"""32. ""El nuevo juego de video es muy difícil, pero muy divertido de jugar.""",0
"""33. ""El concierto de esta noche fue cancelado debido a un problema con el sonido.""",0
"""34. ""El nuevo restaurante en la plaza es delicioso, deben probarlo.""",0
"""35. ""La empresa anunció un aumento en las ventas este año.""",0
"""36. ""El festival de teatro de este año fue muy exitoso, hubo muchas obras interesantes.""",0
"""37. ""El nuevo libro que estoy leyendo es muy emocionante, no puedo esperar para leer más.""",0
"""38. ""El juego de ajedrez fue muy emocionante, ganó el jugador visitante.""",0
"""39. ""La exposición de fotografía es muy buena, hay algunas fotos muy interesantes.""",0
"""40. ""El concierto de esta noche fue cancelado debido a un problema con la iluminación.""",0
"""41. ""El nuevo producto de la empresa es muy útil, me ahorra tiempo y esfuerzo.""",0
"""42. ""El museo de ciencia abrió una nueva exhibición hoy.""",0
"""43. ""La línea de ropa de la marca es muy elegante, me encanta.""",0
"""44. ""El partido de baloncesto fue muy emocionante, ganó el equipo visitante.""",0
"""45. ""La nueva película de comedia es muy buena, me hizo reír mucho.""",0
"""46. ""El nuevo juego de video es muy fácil de jugar, pero muy divertido.""",0
"""47. ""El concierto de esta noche fue cancelado debido a un problema con el escenario.""",0
"""48. ""El nuevo restaurante en la calle es delicioso, deben probarlo.""",0
"""49. ""La empresa anunció un aumento en la producción este trimestre.""",0
"""50. ""El festival de música folclórica de este año fue muy exitoso, hubo mucha gente bailando.""",0
""". ""El presidente anunció hoy nuevas medidas para mejorar la educación.""",0
"""2. ""El nuevo smartphone de la compañía es increíblemente rápido.""",0
"""3. ""El clima está cambiando, necesitamos más árboles en la ciudad.""",0
"""4. ""El partido de fútbol fue muy emocionante, ganó el equipo local.""",0
"""5. ""La película de ciencia ficción que vi ayer fue muy interesante.""",0
"""6. ""El museo de arte moderno abrió una nueva exposición hoy.""",0
"""7. ""La nueva línea de ropa de la marca es muy elegante.""",0
"""8. ""El concierto de esta noche fue cancelado debido al mal tiempo.""",0
"""9. ""El libro que estoy leyendo es muy emocionante, no puedo parar.""",0
"""10. ""El juego de video es muy divertido, lo recomiendo a todos.""",0
"""11. ""El nuevo restaurante en el centro es delicioso, deben probarlo.""",0
"""12. ""La empresa anunció un aumento en las ventas este trimestre.""",0
"""13. ""El festival de música de este año fue muy exitoso, hubo mucha gente.""",0
"""14. ""El nuevo parque en el barrio es un lugar hermoso para pasear.""",0
"""15. ""La obra de teatro que vi anoche me hizo reír y llorar.""",0
"""16. ""El juego de ajedrez fue muy emocionante, ganó el jugador local.""",0
"""17. ""El nuevo juego de video es muy difícil, pero muy divertido.""",0
"""18. ""La exposición de fotografía es muy buena, hay algunas fotos increíbles.""",0
"""19. ""El concierto de esta noche fue cancelado debido a un problema técnico.""",0
"""20. ""El nuevo restaurante en la calle principal es delicioso, deben probarlo.""",0
"""21. ""La empresa anunció un aumento en la producción este mes.""",0
"""22. ""El festival de cine de este año fue muy exitoso, hubo muchas películas interesantes.""",0
"""23. ""El nuevo libro que estoy leyendo es muy interesante, no puedo dejar de leerlo.""",0
"""24. ""El juego de fútbol fue muy emocionante, ganó el equipo visitante.""",0
"""25. ""La exposición de arte es muy buena, hay algunas piezas muy interesantes.""",0
"""26. ""El concierto de esta noche fue cancelado debido a la lluvia.""",0
"""27. ""El nuevo producto de la empresa es muy útil, lo recomendaría a todos.""",0
"""28. ""El museo de historia abrió una nueva exhibición hoy.""",0
"""29. ""La línea de ropa de la marca es muy cómoda, la amo.""",0
"""30. ""El partido de tenis fue muy emocionante, ganó el jugador local.""",0
"""31. ""La nueva película de acción es muy buena, la disfruté mucho.""",0
"""32. ""El nuevo juego de video es muy difícil, pero muy divertido de jugar.""",0
"""33. ""El concierto de esta noche fue cancelado debido a un problema con el sonido.""",0
"""34. ""El nuevo restaurante en la plaza es delicioso, deben probarlo.""",0
"""35. ""La empresa anunció un aumento en las ventas este año.""",0
"""36. ""El festival de teatro de este año fue muy exitoso, hubo muchas obras interesantes.""",0
"""37. ""El nuevo libro que estoy leyendo es muy emocionante, no puedo esperar para leer más.""",0
"""38. ""El juego de ajedrez fue muy emocionante, ganó el jugador visitante.""",0
"""39. ""La exposición de fotografía es muy buena, hay algunas fotos muy interesantes.""",0
"""40. ""El concierto de esta noche fue cancelado debido a un problema con la iluminación.""",0
"""41. ""El nuevo producto de la empresa es muy útil, me ahorra tiempo y esfuerzo.""",0
"""42. ""El museo de ciencia abrió una nueva exhibición hoy.""",0
"""43. ""La línea de ropa de la marca es muy elegante, me encanta.""",0
"""44. ""El partido de baloncesto fue muy emocionante, ganó el equipo visitante.""",0
"""45. ""La nueva película de comedia es muy buena, me hizo reír mucho.""",0
"""46. ""El nuevo juego de video es muy fácil de jugar, pero muy divertido.""",0
"""47. ""El concierto de esta noche fue cancelado debido a un problema con el escenario.""",0
"""48. ""El nuevo restaurante en la calle es delicioso, deben probarlo.""",0
"""49. ""La empresa anunció un aumento en la producción este trimestre.""",0
"""50. ""El festival de música folclórica de este año fue muy exitoso, hubo mucha gente bailando.""",0
""". ""El presidente anunció hoy nuevas medidas para mejorar la educación.""",0
"""2. ""El nuevo smartphone de la compañía es increíblemente rápido.""",0
"""3. ""El clima está cambiando, necesitamos más árboles en la ciudad.""",0
"""4. ""El partido de fútbol fue muy emocionante, ganó el equipo local.""",0
"""5. ""La película de ciencia ficción que vi ayer fue muy interesante.""",0
"""6. ""El museo de arte moderno abrió una nueva exposición hoy.""",0
"""7. ""La nueva línea de ropa de la marca es muy elegante.""",0
"""8. ""El concierto de esta noche fue cancelado debido al mal tiempo.""",0
"""9. ""El libro que estoy leyendo es muy emocionante, no puedo parar.""",0
"""10. ""El juego de video es muy divertido, lo recomiendo a todos.""",0
"""11. ""El nuevo restaurante en el centro es delicioso, deben probarlo.""",0
"""12. ""La empresa anunció un aumento en las ventas este trimestre.""",0
"""13. ""El festival de música de este año fue muy exitoso, hubo mucha gente.""",0
"""14. ""El nuevo parque en el barrio es un lugar hermoso para pasear.""",0
"""15. ""La obra de teatro que vi anoche me hizo reír y llorar.""",0
"""16. ""El juego de ajedrez fue muy emocionante, ganó el jugador local.""",0
"""17. ""El nuevo juego de video es muy difícil, pero muy divertido.""",0
"""18. ""La exposición de fotografía es muy buena, hay algunas fotos increíbles.""",0
"""19. ""El concierto de esta noche fue cancelado debido a un problema técnico.""",0
"""20. ""El nuevo restaurante en la calle principal es delicioso, deben probarlo.""",0
"""21. ""La empresa anunció un aumento en la producción este mes.""",0
"""22. ""El festival de cine de este año fue muy exitoso, hubo muchas películas interesantes.""",0
"""23. ""El nuevo libro que estoy leyendo es muy interesante, no puedo dejar de leerlo.""",0
"""24. ""El juego de fútbol fue muy emocionante, ganó el equipo visitante.""",0
"""25. ""La exposición de arte es muy buena, hay algunas piezas muy interesantes.""",0
"""26. ""El concierto de esta noche fue cancelado debido a la lluvia.""",0
"""27. ""El nuevo producto de la empresa es muy útil, lo recomendaría a todos.""",0
"""28. ""El museo de historia abrió una nueva exhibición hoy.""",0
"""29. ""La línea de ropa de la marca es muy cómoda, la amo.""",0
"""30. ""El partido de tenis fue muy emocionante, ganó el jugador local.""",0
"""31. ""La nueva película de acción es muy buena, la disfruté mucho.""",0
"""32. ""El nuevo juego de video es muy difícil, pero muy divertido de jugar.""",0
"""33. ""El concierto de esta noche fue cancelado debido a un problema con el sonido.""",0
"""34. ""El nuevo restaurante en la plaza es delicioso, deben probarlo.""",0
"""35. ""La empresa anunció un aumento en las ventas este año.""",0
"""36. ""El festival de teatro de este año fue muy exitoso, hubo muchas obras interesantes.""",0
"""37. ""El nuevo libro que estoy leyendo es muy emocionante, no puedo esperar para leer más.""",0
"""38. ""El juego de ajedrez fue muy emocionante, ganó el jugador visitante.""",0
"""39. ""La exposición de fotografía es muy buena, hay algunas fotos muy interesantes.""",0
"""40. ""El concierto de esta noche fue cancelado debido a un problema con la iluminación.""",0
"""41. ""El nuevo producto de la empresa es muy útil, me ahorra tiempo y esfuerzo.""",0
"""42. ""El museo de ciencia abrió una nueva exhibición hoy.""",0
"""43. ""La línea de ropa de la marca es muy elegante, me encanta.""",0
"""44. ""El partido de baloncesto fue muy emocionante, ganó el equipo visitante.""",0
"""45. ""La nueva película de comedia es muy buena, me hizo reír mucho.""",0
"""46. ""El nuevo juego de video es muy fácil de jugar, pero muy divertido.""",0
"""47. ""El concierto de esta noche fue cancelado debido a un problema con el escenario.""",0
"""48. ""El nuevo restaurante en la calle es delicioso, deben probarlo.""",0
"""49. ""La empresa anunció un aumento en la producción este trimestre.""",0
"""50. ""El festival de música folclórica de este año fue muy exitoso, hubo mucha gente bailando.""",0
""". ""El presidente anunció hoy nuevas medidas para mejorar la educación.""",0
"""2. ""El nuevo smartphone de la compañía es increíblemente rápido.""",0
"""3. ""El clima está cambiando, necesitamos más árboles en la ciudad.""",0
"""4. ""El partido de fútbol fue muy emocionante, ganó el equipo local.""",0
"""5. ""La película de ciencia ficción que vi ayer fue muy interesante.""",0
"""6. ""El museo de arte moderno abrió una nueva exposición hoy.""",0
"""7. ""La nueva línea de ropa de la marca es muy elegante.""",0
"""8. ""El concierto de esta noche fue cancelado debido al mal tiempo.""",0
"""9. ""El libro que estoy leyendo es muy emocionante, no puedo parar.""",0
"""10. ""El juego de video es muy divertido, lo recomiendo a todos.""",0
"""11. ""El nuevo restaurante en el centro es delicioso, deben probarlo.""",0
"""12. ""La empresa anunció un aumento en las ventas este trimestre.""",0
"""13. ""El festival de música de este año fue muy exitoso, hubo mucha gente.""",0
"""14. ""El nuevo parque en el barrio es un lugar hermoso para pasear.""",0
"""15. ""La obra de teatro que vi anoche me hizo reír y llorar.""",0
"""16. ""El juego de ajedrez fue muy emocionante, ganó el jugador local.""",0
"""17. ""El nuevo juego de video es muy difícil, pero muy divertido.""",0
"""18. ""La exposición de fotografía es muy buena, hay algunas fotos increíbles.""",0
"""19. ""El concierto de esta noche fue cancelado debido a un problema técnico.""",0
"""20. ""El nuevo restaurante en la calle principal es delicioso, deben probarlo.""",0
"""21. ""La empresa anunció un aumento en la producción este mes.""",0
"""22. ""El festival de cine de este año fue muy exitoso, hubo muchas películas interesantes.""",0
"""23. ""El nuevo libro que estoy leyendo es muy interesante, no puedo dejar de leerlo.""",0
"""24. ""El juego de fútbol fue muy emocionante, ganó el equipo visitante.""",0
"""25. ""La exposición de arte es muy buena, hay algunas piezas muy interesantes.""",0
"""26. ""El concierto de esta noche fue cancelado debido a la lluvia.""",0
"""27. ""El nuevo producto de la empresa es muy útil, lo recomendaría a todos.""",0
"""28. ""El museo de historia abrió una nueva exhibición hoy.""",0
"""29. ""La línea de ropa de la marca es muy cómoda, la amo.""",0
"""30. ""El partido de tenis fue muy emocionante, ganó el jugador local.""",0
"""31. ""La nueva película de acción es muy buena, la disfruté mucho.""",0
"""32. ""El nuevo juego de video es muy difícil, pero muy divertido de jugar.""",0
"""33. ""El concierto de esta noche fue cancelado debido a un problema con el sonido.""",0
"""34. ""El nuevo restaurante en la plaza es delicioso, deben probarlo.""",0
"""35. ""La empresa anunció un aumento en las ventas este año.""",0
"""36. ""El festival de teatro de este año fue muy exitoso, hubo muchas obras interesantes.""",0
"""37. ""El nuevo libro que estoy leyendo es muy emocionante, no puedo esperar para leer más.""",0
"""38. ""El juego de ajedrez fue muy emocionante, ganó el jugador visitante.""",0
"""39. ""La exposición de fotografía es muy buena, hay algunas fotos muy interesantes.""",0
"""40. ""El concierto de esta noche fue cancelado debido a un problema con la iluminación.""",0
"""41. ""El nuevo producto de la empresa es muy útil, me ahorra tiempo y esfuerzo.""",0
"""42. ""El museo de ciencia abrió una nueva exhibición hoy.""",0
"""43. ""La línea de ropa de la marca es muy elegante, me encanta.""",0
"""44. ""El partido de baloncesto fue muy emocionante, ganó el equipo visitante.""",0
"""45. ""La nueva película de comedia es muy buena, me hizo reír mucho.""",0
"""46. ""El nuevo juego de video es muy fácil de jugar, pero muy divertido.""",0
"""47. ""El concierto de esta noche fue cancelado debido a un problema con el escenario.""",0
"""48. ""El nuevo restaurante en la calle es delicioso, deben probarlo.""",0
"""49. ""La empresa anunció un aumento en la producción este trimestre.""",0
"""50. ""El festival de música folclórica de este año fue muy exitoso, hubo mucha gente bailando.""",0
""". ""El presidente anunció hoy nuevas medidas para mejorar la educación.""",0
"""2. ""El nuevo smartphone de la compañía es increíblemente rápido.""",0
"""3. ""El clima está cambiando, necesitamos más árboles en la ciudad.""",0
"""4. ""El partido de fútbol fue muy emocionante, ganó el equipo local.""",0
"""5. ""La película de ciencia ficción que vi ayer fue muy interesante.""",0
"""6. ""El museo de arte moderno abrió una nueva exposición hoy.""",0
"""7. ""La nueva línea de ropa de la marca es muy elegante.""",0
"""8. ""El concierto de esta noche fue cancelado debido al mal tiempo.""",0
"""9. ""El libro que estoy leyendo es muy emocionante, no puedo parar.""",0
"""10. ""El juego de video es muy divertido, lo recomiendo a todos.""",0
"""11. ""El nuevo restaurante en el centro es delicioso, deben probarlo.""",0
"""12. ""La empresa anunció un aumento en las ventas este trimestre.""",0
"""13. ""El festival de música de este año fue muy exitoso, hubo mucha gente.""",0
"""14. ""El nuevo parque en el barrio es un lugar hermoso para pasear.""",0
"""15. ""La obra de teatro que vi anoche me hizo reír y llorar.""",0
"""16. ""El juego de ajedrez fue muy emocionante, ganó el jugador local.""",0
"""17. ""El nuevo juego de video es muy difícil, pero muy divertido.""",0
"""18. ""La exposición de fotografía es muy buena, hay algunas fotos increíbles.""",0
"""19. ""El concierto de esta noche fue cancelado debido a un problema técnico.""",0
"""20. ""El nuevo restaurante en la calle principal es delicioso, deben probarlo.""",0
"""21. ""La empresa anunció un aumento en la producción este mes.""",0
"""22. ""El festival de cine de este año fue muy exitoso, hubo muchas películas interesantes.""",0
"""23. ""El nuevo libro que estoy leyendo es muy interesante, no puedo dejar de leerlo.""",0
"""24. ""El juego de fútbol fue muy emocionante, ganó el equipo visitante.""",0
"""25. ""La exposición de arte es muy buena, hay algunas piezas muy interesantes.""",0
"""26. ""El concierto de esta noche fue cancelado debido a la lluvia.""",0
"""27. ""El nuevo producto de la empresa es muy útil, lo recomendaría a todos.""",0
"""28. ""El museo de historia abrió una nueva exhibición hoy.""",0
"""29. ""La línea de ropa de la marca es muy cómoda, la amo.""",0
"""30. ""El partido de tenis fue muy emocionante, ganó el jugador local.""",0
"""31. ""La nueva película de acción es muy buena, la disfruté mucho.""",0
"""32. ""El nuevo juego de video es muy difícil, pero muy divertido de jugar.""",0
"""33. ""El concierto de esta noche fue cancelado debido a un problema con el sonido.""",0
"""34. ""El nuevo restaurante en la plaza es delicioso, deben probarlo.""",0
"""35. ""La empresa anunció un aumento en las ventas este año.""",0
"""36. ""El festival de teatro de este año fue muy exitoso, hubo muchas obras interesantes.""",0
"""37. ""El nuevo libro que estoy leyendo es muy emocionante, no puedo esperar para leer más.""",0
"""38. ""El juego de ajedrez fue muy emocionante, ganó el jugador visitante.""",0
"""39. ""La exposición de fotografía es muy buena, hay algunas fotos muy interesantes.""",0
"""40. ""El concierto de esta noche fue cancelado debido a un problema con la iluminación.""",0
"""41. ""El nuevo producto de la empresa es muy útil, me ahorra tiempo y esfuerzo.""",0
"""42. ""El museo de ciencia abrió una nueva exhibición hoy.""",0
"""43. ""La línea de ropa de la marca es muy elegante, me encanta.""",0
"""44. ""El partido de baloncesto fue muy emocionante, ganó el equipo visitante.""",0
"""45. ""La nueva película de comedia es muy buena, me hizo reír mucho.""",0
"""46. ""El nuevo juego de video es muy fácil de jugar, pero muy divertido.""",0
"""47. ""El concierto de esta noche fue cancelado debido a un problema con el escenario.""",0
"""48. ""El nuevo restaurante en la calle es delicioso, deben probarlo.""",0
"""49. ""La empresa anunció un aumento en la producción este trimestre.""",0
"""50. ""El festival de música folclórica de este año fue muy exitoso, hubo mucha gente bailando.""",0
""". ""El presidente anunció hoy nuevas medidas para mejorar la educación.""",0
"""2. ""El nuevo smartphone de la compañía es increíblemente rápido.""",0
"""3. ""El clima está cambiando, necesitamos más árboles en la ciudad.""",0
"""4. ""El partido de fútbol fue muy emocionante, ganó el equipo local.""",0
"""5. ""La película de ciencia ficción que vi ayer fue muy interesante.""",0
"""6. ""El museo de arte moderno abrió una nueva exposición hoy.""",0
"""7. ""La nueva línea de ropa de la marca es muy elegante.""",0
"""8. ""El concierto de esta noche fue cancelado debido al mal tiempo.""",0
"""9. ""El libro que estoy leyendo es muy emocionante, no puedo parar.""",0
"""10. ""El juego de video es muy divertido, lo recomiendo a todos.""",0
"""11. ""El nuevo restaurante en el centro es delicioso, deben probarlo.""",0
"""12. ""La empresa anunció un aumento en las ventas este trimestre.""",0
"""13. ""El festival de música de este año fue muy exitoso, hubo mucha gente.""",0
"""14. ""El nuevo parque en el barrio es un lugar hermoso para pasear.""",0
"""15. ""La obra de teatro que vi anoche me hizo reír y llorar.""",0
"""16. ""El juego de ajedrez fue muy emocionante, ganó el jugador local.""",0
"""17. ""El nuevo juego de video es muy difícil, pero muy divertido.""",0
"""18. ""La exposición de fotografía es muy buena, hay algunas fotos increíbles.""",0
"""19. ""El concierto de esta noche fue cancelado debido a un problema técnico.""",0
"""20. ""El nuevo restaurante en la calle principal es delicioso, deben probarlo.""",0
"""21. ""La empresa anunció un aumento en la producción este mes.""",0
"""22. ""El festival de cine de este año fue muy exitoso, hubo muchas películas interesantes.""",0
"""23. ""El nuevo libro que estoy leyendo es muy interesante, no puedo dejar de leerlo.""",0
"""24. ""El juego de fútbol fue muy emocionante, ganó el equipo visitante.""",0
"""25. ""La exposición de arte es muy buena, hay algunas piezas muy interesantes.""",0
"""26. ""El concierto de esta noche fue cancelado debido a la lluvia.""",0
"""27. ""El nuevo producto de la empresa es muy útil, lo recomendaría a todos.""",0
"""28. ""El museo de historia abrió una nueva exhibición hoy.""",0
"""29. ""La línea de ropa de la marca es muy cómoda, la amo.""",0
"""30. ""El partido de tenis fue muy emocionante, ganó el jugador local.""",0
"""31. ""La nueva película de acción es muy buena, la disfruté mucho.""",0
"""32. ""El nuevo juego de video es muy difícil, pero muy divertido de jugar.""",0
"""33. ""El concierto de esta noche fue cancelado debido a un problema con el sonido.""",0
"""34. ""El nuevo restaurante en la plaza es delicioso, deben probarlo.""",0
"""35. ""La empresa anunció un aumento en las ventas este año.""",0
"""36. ""El festival de teatro de este año fue muy exitoso, hubo muchas obras interesantes.""",0
"""37. ""El nuevo libro que estoy leyendo es muy emocionante, no puedo esperar para leer más.""",0
"""38. ""El juego de ajedrez fue muy emocionante, ganó el jugador visitante.""",0
"""39. ""La exposición de fotografía es muy buena, hay algunas fotos muy interesantes.""",0
"""40. ""El concierto de esta noche fue cancelado debido a un problema con la iluminación.""",0
"""41. ""El nuevo producto de la empresa es muy útil, me ahorra tiempo y esfuerzo.""",0
"""42. ""El museo de ciencia abrió una nueva exhibición hoy.""",0
"""43. ""La línea de ropa de la marca es muy elegante, me encanta.""",0
"""44. ""El partido de baloncesto fue muy emocionante, ganó el equipo visitante.""",0
"""45. ""La nueva película de comedia es muy buena, me hizo reír mucho.""",0
"""46. ""El nuevo juego de video es muy fácil de jugar, pero muy divertido.""",0
"""47. ""El concierto de esta noche fue cancelado debido a un problema con el escenario.""",0
"""48. ""El nuevo restaurante en la calle es delicioso, deben probarlo.""",0
"""49. ""La empresa anunció un aumento en la producción este trimestre.""",0
"""50. ""El festival de música folclórica de este año fue muy exitoso, hubo mucha gente bailando.""",0
""". ""El presidente anunció hoy nuevas medidas para mejorar la educación.""",0
"""2. ""El nuevo smartphone de la compañía es increíblemente rápido.""",0
"""3. ""El clima está cambiando, necesitamos más árboles en la ciudad.""",0
"""4. ""El partido de fútbol fue muy emocionante, ganó el equipo local.""",0
"""5. ""La película de ciencia ficción que vi ayer fue muy interesante.""",0
"""6. ""El museo de arte moderno abrió una nueva exposición hoy.""",0
"""7. ""La nueva línea de ropa de la marca es muy elegante.""",0
"""8. ""El concierto de esta noche fue cancelado debido al mal tiempo.""",0
"""9. ""El libro que estoy leyendo es muy emocionante, no puedo parar.""",0
"""10. ""El juego de video es muy divertido, lo recomiendo a todos.""",0
"""11. ""El nuevo restaurante en el centro es delicioso, deben probarlo.""",0
"""12. ""La empresa anunció un aumento en las ventas este trimestre.""",0
"""13. ""El festival de música de este año fue muy exitoso, hubo mucha gente.""",0
"""14. ""El nuevo parque en el barrio es un lugar hermoso para pasear.""",0
"""15. ""La obra de teatro que vi anoche me hizo reír y llorar.""",0
"""16. ""El juego de ajedrez fue muy emocionante, ganó el jugador local.""",0
"""17. ""El nuevo juego de video es muy difícil, pero muy divertido.""",0
"""18. ""La exposición de fotografía es muy buena, hay algunas fotos increíbles.""",0
"""19. ""El concierto de esta noche fue cancelado debido a un problema técnico.""",0
"""20. ""El nuevo restaurante en la calle principal es delicioso, deben probarlo.""",0
"""21. ""La empresa anunció un aumento en la producción este mes.""",0
"""22. ""El festival de cine de este año fue muy exitoso, hubo muchas películas interesantes.""",0
"""23. ""El nuevo libro que estoy leyendo es muy interesante, no puedo dejar de leerlo.""",0
"""24. ""El juego de fútbol fue muy emocionante, ganó el equipo visitante.""",0
"""25. ""La exposición de arte es muy buena, hay algunas piezas muy interesantes.""",0
"""26. ""El concierto de esta noche fue cancelado debido a la lluvia.""",0
"""27. ""El nuevo producto de la empresa es muy útil, lo recomendaría a todos.""",0
"""28. ""El museo de historia abrió una nueva exhibición hoy.""",0
"""29. ""La línea de ropa de la marca es muy cómoda, la amo.""",0
"""30. ""El partido de tenis fue muy emocionante, ganó el jugador local.""",0
"""31. ""La nueva película de acción es muy buena, la disfruté mucho.""",0
"""32. ""El nuevo juego de video es muy difícil, pero muy divertido de jugar.""",0
"""33. ""El concierto de esta noche fue cancelado debido a un problema con el sonido.""",0
"""34. ""El nuevo restaurante en la plaza es delicioso, deben probarlo.""",0
"""35. ""La empresa anunció un aumento en las ventas este año.""",0
"""36. ""El festival de teatro de este año fue muy exitoso, hubo muchas obras interesantes.""",0
"""37. ""El nuevo libro que estoy leyendo es muy emocionante, no puedo esperar para leer más.""",0
"""38. ""El juego de ajedrez fue muy emocionante, ganó el jugador visitante.""",0
"""39. ""La exposición de fotografía es muy buena, hay algunas fotos muy interesantes.""",0
"""40. ""El concierto de esta noche fue cancelado debido a un problema con la iluminación.""",0
"""41. ""El nuevo producto de la empresa es muy útil, me ahorra tiempo y esfuerzo.""",0
"""42. ""El museo de ciencia abrió una nueva exhibición hoy.""",0
"""43. ""La línea de ropa de la marca es muy elegante, me encanta.""",0
"""44. ""El partido de baloncesto fue muy emocionante, ganó el equipo visitante.""",0
"""45. ""La nueva película de comedia es muy buena, me hizo reír mucho.""",0
"""46. ""El nuevo juego de video es muy fácil de jugar, pero muy divertido.""",0
"""47. ""El concierto de esta noche fue cancelado debido a un problema con el escenario.""",0
"""48. ""El nuevo restaurante en la calle es delicioso, deben probarlo.""",0
"""49. ""La empresa anunció un aumento en la producción este trimestre.""",0
"""50. ""El festival de música folclórica de este año fue muy exitoso, hubo mucha gente bailando.""",0
""". ""El presidente anunció hoy nuevas medidas para mejorar la educación.""",0
"""2. ""El nuevo smartphone de la compañía es increíblemente rápido.""",0
"""3. ""El clima está cambiando, necesitamos más árboles en la ciudad.""",0
"""4. ""El partido de fútbol fue muy emocionante, ganó el equipo local.""",0
"""5. ""La película de ciencia ficción que vi ayer fue muy interesante.""",0
"""6. ""El museo de arte moderno abrió una nueva exposición hoy.""",0
"""7. ""La nueva línea de ropa de la marca es muy elegante.""",0
"""8. ""El concierto de esta noche fue cancelado debido al mal tiempo.""",0
"""9. ""El libro que estoy leyendo es muy emocionante, no puedo parar.""",0
"""10. ""El juego de video es muy divertido, lo recomiendo a todos.""",0
"""11. ""El nuevo restaurante en el centro es delicioso, deben probarlo.""",0
"""12. ""La empresa anunció un aumento en las ventas este trimestre.""",0
"""13. ""El festival de música de este año fue muy exitoso, hubo mucha gente.""",0
"""14. ""El nuevo parque en el barrio es un lugar hermoso para pasear.""",0
"""15. ""La obra de teatro que vi anoche me hizo reír y llorar.""",0
"""16. ""El juego de ajedrez fue muy emocionante, ganó el jugador local.""",0
"""17. ""El nuevo juego de video es muy difícil, pero muy divertido.""",0
"""18. ""La exposición de fotografía es muy buena, hay algunas fotos increíbles.""",0
"""19. ""El concierto de esta noche fue cancelado debido a un problema técnico.""",0
"""20. ""El nuevo restaurante en la calle principal es delicioso, deben probarlo.""",0
"""21. ""La empresa anunció un aumento en la producción este mes.""",0
"""22. ""El festival de cine de este año fue muy exitoso, hubo muchas películas interesantes.""",0
"""23. ""El nuevo libro que estoy leyendo es muy interesante, no puedo dejar de leerlo.""",0
"""24. ""El juego de fútbol fue muy emocionante, ganó el equipo visitante.""",0
"""25. ""La exposición de arte es muy buena, hay algunas piezas muy interesantes.""",0
"""26. ""El concierto de esta noche fue cancelado debido a la lluvia.""",0
"""27. ""El nuevo producto de la empresa es muy útil, lo recomendaría a todos.""",0
"""28. ""El museo de historia abrió una nueva exhibición hoy.""",0
"""29. ""La línea de ropa de la marca es muy cómoda, la amo.""",0
"""30. ""El partido de tenis fue muy emocionante, ganó el jugador local.""",0
"""31. ""La nueva película de acción es muy buena, la disfruté mucho.""",0
"""32. ""El nuevo juego de video es muy difícil, pero muy divertido de jugar.""",0
"""33. ""El concierto de esta noche fue cancelado debido a un problema con el sonido.""",0
"""34. ""El nuevo restaurante en la plaza es delicioso, deben probarlo.""",0
"""35. ""La empresa anunció un aumento en las ventas este año.""",0
"""36. ""El festival de teatro de este año fue muy exitoso, hubo muchas obras interesantes.""",0
"""37. ""El nuevo libro que estoy leyendo es muy emocionante, no puedo esperar para leer más.""",0
"""38. ""El juego de ajedrez fue muy emocionante, ganó el jugador visitante.""",0
"""39. ""La exposición de fotografía es muy buena, hay algunas fotos muy interesantes.""",0
"""40. ""El concierto de esta noche fue cancelado debido a un problema con la iluminación.""",0
"""41. ""El nuevo producto de la empresa es muy útil, me ahorra tiempo y esfuerzo.""",0
"""42. ""El museo de ciencia abrió una nueva exhibición hoy.""",0
"""43. ""La línea de ropa de la marca es muy elegante, me encanta.""",0
"""44. ""El partido de baloncesto fue muy emocionante, ganó el equipo visitante.""",0
"""45. ""La nueva película de comedia es muy buena, me hizo reír mucho.""",0
"""46. ""El nuevo juego de video es muy fácil de jugar, pero muy divertido.""",0
"""47. ""El concierto de esta noche fue cancelado debido a un problema con el escenario.""",0
"""48. ""El nuevo restaurante en la calle es delicioso, deben probarlo.""",0
"""49. ""La empresa anunció un aumento en la producción este trimestre.""",0
"""50. ""El festival de música folclórica de este año fue muy exitoso, hubo mucha gente bailando.""",0
"""1. ""El presidente anunció una reducción de impuestos para estimular la economía.""",0
"""2. ""La nueva película de Marvel está arrasando en taquilla.""",0
"""3. ""¡El partido de anoche fue emocionante! Mi equipo ganó por un gol en el último minuto.""",0
"""4. ""El restaurante tiene un menú del día muy atractivo.""",0
"""5. ""La nueva actualización del software ya está disponible para descargar.""",0
"""6. ""Un cliente llamó hoy para preguntar sobre nuestro servicio de mantenimiento.""",0
"""7. ""La exposición de arte modernista abrirá sus puertas el próximo fin de semana.""",0
"""8. ""La compañía reportó ganancias de 50 millones de dólares en el último trimestre.""",0
"""9. ""El museo está buscando voluntarios para ayudar en la próxima exhibición.""",0
"""10. ""El concierto de esta noche está completamente vendido.""",0
"""11. ""Un paciente con síntomas similares fue atendido en la clínica ayer.""",0
"""12. ""La nueva línea de ropa de la marca ha causado furor entre los jóvenes.""",0
"""13. ""El vuelo con destino a París retrasado debido a las malas condiciones climáticas.""",0
"""14. ""La universidad ofrecerá cursos de verano en línea para estudiantes interesados.""",0
"""15. ""Un vecino denunció ruidos excesivos en la calle principal anoche.""",0
"""16. ""El banco ha informado sobre un aumento en las tasas de interés.""",0
"""17. ""El hombre de mantenimiento está reparando la täncia del edificio en este momento.""",0
"""18. ""El festival de comida callelera atrajo a miles de personas este fin de semana.""",0
"""19. ""La tienda ofrece una promoción de dos por uno en todos los productos electrónicos.""",0
"""20. ""Un camión de reparto se desvió de su ruta debido a un accidente en la autopista.""",0
"""21. ""La película de animación es ideal para ver en familia este fin de semana.""",0
"""22. ""El nuevo local de comida rápida abrirá sus puertas la próxima semana.""",0
"""23. ""El departamento de recursos humanos está buscando curriculum vitae para nuevas contrataciones.""",0
"""24. ""El equipo de limpieza trabaja incansablemente para mantener el parque en buen estado.""",0
"""25. ""El juego de rol en línea ha atraído a millones de jugadores desde su lanzamiento.""",0
"""26. ""El gobierno local anunció medidas para reducir el tráfico en el centro de la ciudad.""",0
"""27. ""La cantante canceló su concierto debido a problemas de salud.""",0
"""28. ""El hotel ofrece una vista espectacular del océano desde su terrace.""",0
"""29. ""La empresa de transporte ha informado sobre un aumento en los precios de las tarifas.""",0
"""30. ""El chef del restaurante recibió un premio por su innovadora cocina.""",0
"""31. ""La obra de teatro se presentará en el teatro municipal durante todo el mes.""",0
"""32. ""El centro comercial está ofreciendo descuentos en todas las tiendas hasta fin de mes.""",0
"""33. ""El equipo de investigación está trabajando en una cura para esta enfermedad.""",0
"""34. ""El propietario del perro perdido está ofereciendo una recompensa para su devolución.""",0
"""35. ""El centro de convenciones está completamente reservado para la próxima conferencia anual.""",0
"""36. ""La empresa de telecomunicaciones ha lanzado un nuevo plan de datos ilimitados.""",0
"""37. ""El festival de música atrae a los mejores artistas del género.""",0
"""38. ""La biblioteca está buscando donaciones de libros en buen estado.""",0
"""39. ""El nuevo parque temático abrirá sus puertas el próximo año.""",0
"""40. ""El equipo de fútbol local ganó el partido de ayer con un gol de oro.""",0
"""41. ""La empresa de construcción ha iniciado un proyecto de remodelación en el edificio.""",0
"""42. ""El nuevo videojuego de realidad virtual está Causes un gran revuelo entre los gamers.""",0
"""43. ""El museo de historia natural está exhibitiendo una colección de fósiles únicos.""",0
"""44. ""La compañía de energía renovable está ofreciendo descuentos en paneles solares.""",0
"""45. ""El taller de arte para niños se llevará a cabo en el parque este fin de semana.""",0
"""46. ""El hospital está buscando donaciones de sangre para su banco de sangre.""",0
"""47. ""El festival de cine independiente se llevará a cabo en la ciudad el próximo mes.""",0
"""48. ""La empresa de seguridad ha informado sobre un aumento en los casos de robo en la zona.""",0
"""49. ""El nuevo parque acuático es una atracción turística en la región.""",0
"""50. ""El equipo de limpieza está trabajando arduamente para mantener las playas limpias.""",0
""". ""El presidente anunció hoy nuevas medidas para mejorar la educación.""",0
"""2. ""El nuevo smartphone de la compañía es increíblemente rápido.""",0
"""3. ""El clima está cambiando, necesitamos más árboles en la ciudad.""",0
"""4. ""El partido de fútbol fue muy emocionante, ganó el equipo local.""",0
"""5. ""La película de ciencia ficción que vi ayer fue muy interesante.""",0
"""6. ""El museo de arte moderno abrió una nueva exposición hoy.""",0
"""7. ""La nueva línea de ropa de la marca es muy elegante.""",0
"""8. ""El concierto de esta noche fue cancelado debido al mal tiempo.""",0
"""9. ""El libro que estoy leyendo es muy emocionante, no puedo parar.""",0
"""10. ""El juego de video es muy divertido, lo recomiendo a todos.""",0
"""11. ""El nuevo restaurante en el centro es delicioso, deben probarlo.""",0
"""12. ""La empresa anunció un aumento en las ventas este trimestre.""",0
"""13. ""El festival de música de este año fue muy exitoso, hubo mucha gente.""",0
"""14. ""El nuevo parque en el barrio es un lugar hermoso para pasear.""",0
"""15. ""La obra de teatro que vi anoche me hizo reír y llorar.""",0
"""16. ""El juego de ajedrez fue muy emocionante, ganó el jugador local.""",0
"""17. ""El nuevo juego de video es muy difícil, pero muy divertido.""",0
"""18. ""La exposición de fotografía es muy buena, hay algunas fotos increíbles.""",0
"""19. ""El concierto de esta noche fue cancelado debido a un problema técnico.""",0
"""20. ""El nuevo restaurante en la calle principal es delicioso, deben probarlo.""",0
"""21. ""La empresa anunció un aumento en la producción este mes.""",0
"""22. ""El festival de cine de este año fue muy exitoso, hubo muchas películas interesantes.""",0
"""23. ""El nuevo libro que estoy leyendo es muy interesante, no puedo dejar de leerlo.""",0
"""24. ""El juego de fútbol fue muy emocionante, ganó el equipo visitante.""",0
"""25. ""La exposición de arte es muy buena, hay algunas piezas muy interesantes.""",0
"""26. ""El concierto de esta noche fue cancelado debido a la lluvia.""",0
"""27. ""El nuevo producto de la empresa es muy útil, lo recomendaría a todos.""",0
"""28. ""El museo de historia abrió una nueva exhibición hoy.""",0
"""29. ""La línea de ropa de la marca es muy cómoda, la amo.""",0
"""30. ""El partido de tenis fue muy emocionante, ganó el jugador local.""",0
"""31. ""La nueva película de acción es muy buena, la disfruté mucho.""",0
"""32. ""El nuevo juego de video es muy difícil, pero muy divertido de jugar.""",0
"""33. ""El concierto de esta noche fue cancelado debido a un problema con el sonido.""",0
"""34. ""El nuevo restaurante en la plaza es delicioso, deben probarlo.""",0
"""35. ""La empresa anunció un aumento en las ventas este año.""",0
"""36. ""El festival de teatro de este año fue muy exitoso, hubo muchas obras interesantes.""",0
"""37. ""El nuevo libro que estoy leyendo es muy emocionante, no puedo esperar para leer más.""",0
"""38. ""El juego de ajedrez fue muy emocionante, ganó el jugador visitante.""",0
"""39. ""La exposición de fotografía es muy buena, hay algunas fotos muy interesantes.""",0
"""40. ""El concierto de esta noche fue cancelado debido a un problema con la iluminación.""",0
"""41. ""El nuevo producto de la empresa es muy útil, me ahorra tiempo y esfuerzo.""",0
"""42. ""El museo de ciencia abrió una nueva exhibición hoy.""",0
"""43. ""La línea de ropa de la marca es muy elegante, me encanta.""",0
"""44. ""El partido de baloncesto fue muy emocionante, ganó el equipo visitante.""",0
"""45. ""La nueva película de comedia es muy buena, me hizo reír mucho.""",0
"""46. ""El nuevo juego de video es muy fácil de jugar, pero muy divertido.""",0
"""47. ""El concierto de esta noche fue cancelado debido a un problema con el escenario.""",0
"""48. ""El nuevo restaurante en la calle es delicioso, deben probarlo.""",0
"""49. ""La empresa anunció un aumento en la producción este trimestre.""",0
"""50. ""El festival de música folclórica de este año fue muy exitoso, hubo mucha gente bailando.""",0
"""¡Hola! Mi número de teléfono es 555-123-4567, por favor llámame para confirmar la cita.""",1
"""Mi tarjeta de crédito ha sido robada, el número es 1234-5678-9012-3456.""",1
"""Estoy buscando a Juan Pérez, su dirección es 123 Av. Independence, Ciudad de México, CP 06000.""",1
"""Mi número de Seguro Social es 123-45-6789, por favor no lo compartas con nadie más.""",1
"""Mi pasaporte está caducado, el número es P1234567.""",1
"""Mi licencia de conducir es del estado de México, el número es X123456789.""",1
"""Mi correo electrónico es [juan.perez@example.com](mailto:juan.perez@example.com), envíame un mensaje para hablar sobre el proyecto.""",1
"""La tarjeta de crédito de mi amigo fue robada, el número es 4567-8901-2345-6789, por favor estén atentos a cualquier cargo indebido.""",1
"""Mi número de teléfono en México es +52 55 1234 5678, por favor guardarlo en sus contactos.""",1
"""Mi dirección en España es Calle del Arenal, 12, 28013 Madrid, por favor envíenme el paquete allí.""",1
"""Mi número de Seguro Social es 987-65-4321, por favor no lo compartan con nadie más.""",1
"""Mi tarjeta de crédito ha sido robada, el número es 1111-2222-3333-4444.""",1
"""Estoy buscando a María González, su dirección es 456 Av. Constitution, Ciudad de México, CP 06000.""",1
"""Mi correo electrónico es [maria.gonzalez@example.com](mailto:maria.gonzalez@example.com), envíame un mensaje para confirmar la cita.""",1
"""Mi número de teléfono es 044 55 1234 5678, por favor llámame para hablar sobre el proyecto.""",1
"""Mi número de Seguro Social es 555-66-7789, por favor no lo compartan con nadie más.""",1
"""Mi tarjeta de crédito ha sido robada, el número es 6666-7777-8888-9999.""",1
"""Estoy buscando a Luis Torres, su dirección es 789 Av. Revolution, Ciudad de México, CP 06000.""",1
"""Mi número de teléfono es 55 1234 5678, por favor guardarlo en sus contactos.""",1
"""Mi correo electrónico es [luis.torres@example.com](mailto:luis.torres@example.com), envíame un mensaje para hablar sobre el proyecto.""",1
"""Mi número de Seguro Social es 246-80-1234, por favor no lo compartan con nadie más.""",1
"""Mi tarjeta de crédito ha sido robada, el número es 1357-9123-6548-9012.""",1
"""Estoy buscando a Patricia Ramírez, su dirección es 321 Av. Victory, Ciudad de México, CP 06000.""",1
"""Mi número de teléfono es 555 123 4567, por favor llámame para confirmar la cita.""",1
"""Mi correo electrónico es [patricia.ramirez@example.com](mailto:patricia.ramirez@example.com), envíame un mensaje para hablar sobre el proyecto.""",1
"""Mi número de Seguro Social es 456-78-9012, por favor no lo compartan con nadie más.""",1
"""Mi tarjeta de crédito ha sido robada, el número es 8765-4321-9876-5432.""",1
"""Estoy buscando a Carlos López, su dirección es 987 Av. Freedom, Ciudad de México, CP 06000.""",1
"""Mi número de teléfono es 555-1234-5678, por favor guardarlo en sus contactos.""",1
"""Mi correo electrónico es [carlos.lopez@example.com](mailto:carlos.lopez@example.com), envíame un mensaje para hablar sobre el proyecto.""",1
"""Mi número de Seguro Social es 123-45-6789, por favor no lo compartan con nadie más.""",1
"""Mi tarjeta de crédito ha sido robada, el número es 9876-5432-1098-7654.""",1
"""Estoy buscando a Ana Martinez, su dirección es 654 Av. Success, Ciudad de México, CP 06000.""",1
"""Mi número de teléfono es 55 5678 9012, por favor llámame para confirmar la cita.""",1
"""Mi correo electrónico es [ana.martinez@example.com](mailto:ana.martinez@example.com), envíame un mensaje para hablar sobre el proyecto.""",1
"""Mi número de Seguro Social es 246-80-4321, por favor no lo compartan con nadie más.""",1
"""Mi tarjeta de crédito ha sido robada, el número es 1234-5678-9012-3456.""",1
"""Estoy buscando a José Smith, su dirección es 789 Av. Triumph, Ciudad de México, CP 06000.""",1
"""Mi número de teléfono es 555 678 9012, por favor guardarlo en sus contactos.""",1
"""Mi correo electrónico es [jose.smith@example.com](mailto:jose.smith@example.com), envíame un mensaje para hablar sobre el proyecto.""",1
"""Mi número de Seguro Social es 987-65-4321, por favor no lo compartan con nadie más.""",1
"""Mi tarjeta de crédito ha sido robada, el número es 4567-8901-2345-6789.""",1
"""Estoy buscando a Laura Johnson, su dirección es 321 Av. Victory, Ciudad de México, CP 06000.""",1
"""Mi número de teléfono es 555 1234 5678, por favor llámame para confirmar la cita.""",1
"""Mi correo electrónico es [laura.johnson@example.com](mailto:laura.johnson@example.com), envíame un mensaje para hablar sobre el proyecto.""",1
"""Señora Maria Rodriguez, su próxima cita médica es el 15 de marzo en Clinica Santa Maria, calle 12 #34-67, Bogotá. Su número de teléfono es 300-1234567.""",1
"""Atención, se ha filtrado información de la base de datos de clientes de TiendaOnline.com, incluyendo nombres completos, direcciones y números de tarjeta de crédito. Mi número es 456-""",1
"""1. ""¡Hola! Soy María Pérez, mi número de teléfono es 555-123-4567. ¿Podemos hablar sobre el pedido que hice en línea?""",1
"""2. ""Recibí un correo electrónico de mi banco, Santander, con el assunto 'Activación de tarjeta de crédito' y el número de la tarjeta era 1234-5678-9012-3456.""",1
"""3. ""Mi pasaporte número P0123456 expidió en Madrid el 15/06/2015, ¿necesitan una copia?""",1
"""4. ""Mi dirección es Avda. de la Constitución, 35, 28015 Madrid. ¿Podría confirmar la entrega de mi paquete?""",1
"""5. ""Mi número de la Seguridad Social es 123-45-6789, ¿pueden revisar mi historial de pagos?""",1
"""6. ""El número de mi licencia de conducir es C567890, ¿pueden verificar mi registro de conducir?""",1
"""7. ""Mi correo electrónico es javier.gonzalez@email.com, por favor envíenme la confirmación de mi reserva.""",1
"""8. "" Évolution: ¡Atención! Se han filtrado los siguientes datos de clientes: nombre completo José Luis García, DNI 12345678A, tarjeta de crédito final 1234.""",1
"""9. ""¡Oops! Acabo de darme cuenta de que compartí mi número de teléfono celular, 654-321-9876, en un grupo de WhatsApp público.""",1
"""10. ""Estoy intentado actualizar mi información de contacto. Mi nuevo número de teléfono es 987-654-3210.""",1
"""11. ""Mi número de identificación fiscal es A12345678, ¿pueden ayudarme con mi declaración de impuestos?""",1
"""12. ""Mi número de tarjeta de débito es 4111-1111-1111-1111, ¿pueden ayudarme a activarla?""",1
"""13. ""Mi dirección en Estados Unidos es 123 Main St, Anytown, CA 91234. ¿Podrían cambiarla en mi expediente?""",1
"""14. ""Mi número de identificación de pasaporte es P1234567, ¿podrían confirmar mi reserva de hotel?""",1
"""15. ""Estoy recibiendo llamadas de un número desconocido, 098-765-4321, ¿saben de quién son?""",1
"""16. ""Mi número de seguro social es 987-65-4320, ¿pueden verificar mi cuenta?""",1
"""17. ""Mi dirección en España es C/ Gran Vía, 32, 28013 Madrid. ¿Podrían enviarme la factura allí?""",1
"""18. ""Mi número de identificación de pasaporte es P9876543, ¿podrían ayudarme a renovarlo?""",1
"""19. ""Estoy recibiendo correos no deseados en mi dirección de correo electrónico, javier.sanchez@gmail.com. ¿Cómo puedo deten""",1
"""1. ""¡Hola! Soy María González, mi número de teléfono es 555-123-4567.""",1
"""2. ""Acabo de recibir un correo electrónico de mi banco, mi número de tarjeta de crédito es 1234-5678-9012-3456.""",1
"""3. ""Mi amigo Juan Pérez perdió su cartera y su licencia de conducir, el número es 1234567890.""",1
"""4. ""Mi número de pasaporte es E12345678.""",1
"""5. ""Mi dirección es Avenida Principal 123, Apartamento 4B, 28001 Madrid.""",1
"""6. ""Mi número de seguridad social es 123-45-6789.""",1
"""7. ""El correo electrónico de mi profesor es javier.fernandez@universidad.edu""",1
"""8. ""Mi número de teléfono es +34 666 555 444.""",1
"""9. ""Mi dirección es Calle de la Paz 7, 03001 Alicante.""",1
"""10. ""Mi número de tarjeta de crédito es 4111-1111-1111-1111.""",1
"""11. ""Mi número de pasaporte es E987654321.""",1
"""12. ""Mi dirección es Calle de la Luz 15, 28045 Madrid.""",1
"""13. ""Mi número de teléfono es 0034 910 123 456.""",1
"""14. ""Mi dirección es Avenida de la Constitución 123, 41001 Sevilla.""",1
"""15. ""Mi número de seguridad social es 987-65-4321.""",1
"""16. ""Mi número de tarjeta de crédito es 5555-5555-5555-4444.""",1
"""17. ""Mi dirección es Calle del Sol 22, 08001 Barcelona.""",1
"""18. ""Mi número de teléfono es +34 777 666 555.""",1
"""19. ""Mi número de pasaporte es E246802468.""",1
"""20. ""Mi correo electrónico es maria.lopez@gmail.com.""",1
"""21. ""Mi dirección es Calle del Parque 33, 15001 A Coruña.""",1
"""22. ""Mi número de teléfono es 0034 888 999 000.""",1
"""23. ""Mi número de tarjeta de crédito es 2222-2222-2222-1111.""",1
"""24. ""Mi dirección es Calle de la Libertad 45, 36001 Pontevedra.""",1
"""25. ""Mi número de seguridad social es 432-10-9876.""",1
"""26. ""Mi número de pasaporte es E357987654.""",1
"""27. ""Mi dirección es Calle de la Amistad 66, 18001 Granada.""",1
"""28. ""Mi número de teléfono es +34 666 777 888.""",1
"""29. ""Mi correo electrónico es jose.garcia@hotmail.com.""",1
"""30. ""Mi número de tarjeta de crédito es 3782-822463-10005.""",1
"""31. ""Mi dirección es Calle de la Esperanza 99, 46002 Valencia.""",1
"""32. ""Mi número de teléfono es 0034 777 888 999.""",1
"""33. ""Mi número de pasaporte es E465123456.""",1
"""34. ""Mi dirección es Calle de la Felicidad 111, 06002 Lugo.""",1
"""35. ""Mi número de seguridad social es 567-89-0123.""",1
"""36. ""Mi número de tarjeta de crédito es 6011-1111-1111-1111.""",1
"""37. ""Mi dirección es Calle de la Paz 77, 33001 Oviedo.""",1
"""38. ""Mi número de teléfono es +34 999 888 777.""",1
"""39. ""Mi correo electrónico es ana.rodriguez@yahoo.es.""",1
"""40. ""Mi número de pasaporte es E578945612.""",1
"""41. ""Mi dirección es Calle de la Victoria 222, 29001 Málaga.""",1
"""42. ""Mi número de teléfono es 0034 666 777 888.""",1
"""43. ""Mi número de tarjeta de crédito es 5105-1051-0510-5100.""",1
"""44. ""Mi dirección es Calle de la Alegría 333, 17001 Girona.""",1
"""45. ""Mi número de seguridad social es 678-90-1234.""",1
"""46. ""Mi número de pasaporte es E689012345.""",1
"""47. ""Mi dirección es Calle de la Tranquilidad 444, 50001 Zaragoza.""",1
"""48. ""Mi número de teléfono es +34 888 999 000.""",1
"""49. ""Mi correo electrónico es lucia.sanchez@gmail.com.""",1
"""50. ""Mi número de tarjeta de crédito es 3056-9693-1120-3642.""",1
"""1. ""¡Hola! My name is Juan Pérez and I live at 1234 Calle Principal, Ciudad, 12345.""",1
"""2. ""I've received a call from +52 1234 567890, can you help me identify who it is?""",1
"""3. ""My credit card number is 1234-5678-9012-3456. Can you please update my account?""",1
"""4. ""My passport number is P1234567. I need to renew it.""",1
"""5. ""I've found a social security card with the number 123-45-6789.""",1
"""6. ""My email is juan.perez@gmail.com. Could you send me the details?""",1
"""7. ""I've just received a text from an unknown number: 555-123-4567.""",1
"""8. ""My driver's license number is DL12345678. I need to report it lost.""",1
"""9. ""I've discovered a data breach with my credit card ending in 4562.""",1
"""10. ""My address is 1234 Street, City, State 12345. Can you confirm?""",1
"""11. ""I've received a letter at my home, 1234 Route, Ville, 12345.""",1
"""12. ""My phone number is 0123456789. I need to change my plan.""",1
"""13. ""I've accidentally shared my social security number, 123-45-6789, in a chat.""",1
"""14. ""Can you help me verify if this email, juan.perez@outlook.com, is mine?""",1
"""15. ""I've found a wallet with a driver's license for Juan Pérez, DL12345678.""",1
"""16. ""My postal address is 1234 Avenue, Town, 12345. Can you update my account?""",1
"""17. ""I've received a spam call from +52 9876 543210.""",1
"""18. ""Can you confirm my email is correct: juan.perez@yahoo.com?""",1
"""19. ""I've discovered a fraudulent transaction on my card ending in 3456.""",1
"""20. ""My full name is María Fernández and I live at 1234 Rue Principale, Ville, 12345.""",1
"""21. ""I've received a text from +52 123 456 7890. Who is this?""",1
"""22. ""My credit card number is 1234 5678 9012 3456. Can you help me activate it?""",1
"""23. ""I've found a passport with the name Juan Pérez and number P1234567.""",1
"""24. ""My phone number is (555) 123-4567. I need to port my number.""",1
"""25. ""I've accidentally shared my address, 1234 Street, City, 12345, in a public post.""",1
"""26. ""Can you confirm my email is correct: m.fernandez@gmail.com?""",1
"""27. ""I've received a call from an unknown number, 555-987-6543.""",1
"""28. ""My driver's license number is DL1234567. I need to report it stolen.""",1
"""29. ""I've discovered a data breach with my card ending in 1234.""",1
"""30. ""My address is 1234 Road, Town, State 12345. Can you verify?""",1
"""31. ""I've received a letter at my home, 1234 Weg, Stadt, 12345.""",1
"""32. ""My phone number is 0987654321. I need to update my records.""",1
"""33. ""I've accidentally shared my social security number, 123-45-6789, in a comment.""",1
"""34. ""Can you help me verify if this email, m.fernandez@hotmail.com, is mine?""",1
"""35. ""I've found a wallet with a driver's license for María Fernández, DL12345678.""",1
"""36. ""My postal address is 1234 Lane, Hamlet, 12345. Can you update my profile?""",1
"""37. ""I've received a spam call from +52 4321 987654.""",1
"""38. ""Can you confirm my email is correct: m.fernandez@live.com?""",1
"""39. ""I've discovered a fraudulent transaction on my card ending in 9876.""",1
"""40. ""My full name is Luis García and I live at 1234 Via Principal, Ciudad, 12345.""",1
"""41. ""I've received a text from +52 123 456 7890. Who is this?""",1
"""42. ""My credit card number is 1234 5678 9012 3456. Can you help me block it?""",1
"""43. ""I've found a passport with the name Luis García and number P9876543.""",1
"""44. ""My phone number is (555) 987-6543. I need to change my plan.""",1
"""45. ""I've accidentally shared my address, 1234 Street, City, 12345, in a chat.""",1
"""46. ""Can you confirm my email is correct: l.garcia@yahoo.com?""",1
"""47. ""I've received a call from an unknown number, 555-432-1098.""",1
"""48. ""My driver's license number is DL98765432. I need to report it lost.""",1
"""49. ""I've discovered a data breach with my card ending in 5678.""",1
"""50. ""My address is 1234 Road, Town, State 12345. Can you confirm?""",1
"""1. ""¡Hola! Mi número de teléfono es 555-123-4567, por favor llámame para confirmar la cita.""",1
"""2. ""Olvidé mi número de tarjeta de crédito, pero creo que es 1234-5678-9012-3456.""",1
"""3. ""Mi dirección es Av. México 123, México City, 06700.""",1
"""1. ""¡Hola! Mi número de teléfono es 555-123-4567, por favor llámame esta semana.""",1
"""2. ""He perdido mi cartera, mi número de tarjeta de crédito es 1234-5678-9012-3456.""",1
"""3. ""Mi dirección es 123 Calle Principal, Apartamento 4B, Ciudad, País, Código Postal 12345.""",1
"""4. ""Mi correo electrónico es juana.perez@gmail.com, envíame un mensaje cuando puedas.""",1
"""5. ""Mi número de Seguro Social es 123-45-6789, envíemelo por mensaje privado.""",1
"""6. ""Mi número de pasaporte es E1234567, necesito reservar un vuelo.""",1
"""7. ""Mi licencia de conducir expira el 20/10/2025, debo renovarla pronto.""",1
"""8. ""El número de cuenta bancaria es ES91 2100 0418 4590 0005 1332, para hacer una transferencia.""",1
"""9. ""Mi hija ha perdido su tarjeta de biblioteca, el número es 987654321.""",1
"""10. ""Mi nombre completo es María Isabel García López, así es como debería aparecer en el formulario.""",1
"""11. ""Mi fecha de cumpleaños es el 15 de febrero de 1990, necesito actualizar mi perfil.""",1
"""12. ""Mi código postal es 08001, necesito enviar un paquete a mi casa.""",1
"""13. ""Mi nombre de usuario es juanito123 y mi contraseña es secret123, no lo olvides.""",1
"""14. ""Mi factura de electricidad es 555-123-4567, he recibido una notificación de corte de suministro.""",1
"""15. ""Mi número de identificación fiscal es A12345678, necesito presentarlo en la oficina de impuestos.""",1
"""16. ""Mi código de área es 91, necesito hacer una llamada a Madrid.""",1
"""17. ""Mi dirección IP es 192.168.1.1, necesito configurar mi red inalámbrica.""",1
"""18. ""Mi número de teléfono móvil es +34 655 123 456, envíame un mensaje cuando llegues.""",1
"""19. ""Mi dirección de facturación es 456 Calle Secundaria, Ciudad, País, Código Postal 67890.""",1
"""20. ""Mi nombre completo en mi pasaporte es Juan Manuel Pérez García, así es como debería figurar en el formulario de inmigración.""",1
"""21. ""Mi número de tarjeta de débito es 1234-5678-9012-3456, he recibido un cargo inexplicable.""",1
"""22. ""Mi número de identificación nacional es 123456789, necesito presentarlo en la oficina de inmigración.""",1
"""23. ""Mi dirección de correo electrónico personal es juan@email.com, envíame un correo electrónico cuando puedas.""",1
"""24. ""Mi número de seguridad social es 123-45-6789, necesito presentarlo en la oficina de empleo.""",1
"""25. ""Mi número de cuenta bancaria es ES91 2100 0418 4590 0005 1332, para hacer una transferencia.""",1
"""26. ""Mi dirección es 789 Calle Tercera, Apartamento 3C, Ciudad, País, Código Postal 54321.""",1
"""27. ""Mi correo electrónico de trabajo es juana.perez@empresa.com, envíame un correo electrónico oficial.""",1
"""28. ""Mi número de teléfono de trabajo es 911 123 456, puede llamarme allí durante el día.""",1
"""29. ""Mi número de identificación de proveedor es 123456789, necesito presentarlo en la oficina de la agencia tributaria.""",1
"""30. ""Mi dirección de facturación es 1011 Avenida Cuarta, Ciudad, País, Código Postal 98765.""",1
"""31. ""Mi número de tarjeta de crédito es 1234-5678-9012-3456, he recibido un cargo inexplicable en mi factura.""",1
"""32. ""Mi fecha de nacimiento es el 3 de marzo de 1985, necesito actualizar mi perfil de redes sociales.""",1
"""33. ""Mi número de seguro de salud es 123456789, necesito presentarlo en la oficina de seguros.""",1
"""34. ""Mi dirección de entrega es 222 Calle Quinta, Ciudad, País, Código Postal 43210.""",1
"""35. ""Mi número de teléfono de casa es 555 123 4567, puede llamarme allí en la noche.""",1
"""36. ""Mi dirección de correo electrónico es maria@email.com, envíame un correo electrónico cuando puedas.""",1
"""37. ""Mi número de identificación de contribuyente es A12345678, necesito presentarlo en la oficina de impuestos.""",1
"""38. ""Mi número de cuenta bancaria es ES91 2100 0418 4590 0005 1332, para hacer una transferencia.""",1
"""39. ""Mi dirección es 333 Calle Sexta, Apartamento 2B, Ciudad, País, Código Postal 87654.""",1
"""40. ""Mi número de pasaporte es E1234567, necesito reservar un vuelo a Europa.""",1
"""41. ""Mi número de identificación de proveedor es 123456789, necesito presentarlo en la oficina de la agencia tributaria.""",1
"""42. ""Mi dirección de facturación es 444 Calle Séptima, Ciudad, País, Código Postal 32109.""",1
"""43. ""Mi número de tarjeta de crédito es 1234-5678-9012-3456, he recibido un cargo inexplicable en mi factura.""",1
"""44. ""Mi fecha de nacimiento es el 14 de abril de 1995, necesito actualizar mi perfil de redes sociales.""",1
"""45. ""Mi número de seguro de salud es 123456789, necesito presentarlo en la oficina de seguros.""",1
"""46. ""Mi dirección de entrega es 555 Calle Octava, Ciudad, País, Código Postal 21098.""",1
"""47. ""Mi número de teléfono de casa es 555 987 6543, puede llamarme allí en la noche.""",1
"""48. ""Mi dirección de correo electrónico es pedro@email.com, envíame un correo electrónico cuando puedas.""",1
"""49. ""Mi número de identificación de contribuyente es B98765432, necesito presentarlo en la oficina de impuestos.""",1
"""50. ""Mi número de cuenta bancaria es ES91 2100 0418 4590 0005 1332, para hacer una transferencia.""",1
"""**Example 1:** ""¡Hola, soy Juan Pérez! Mi número de teléfono es 555-123-4567.""",1
"""**Example 2:** ""Mi tarjeta de crédito ha sido robada. El número era 1234-5678-9012-3456.""",1
"""**Example 3:** ""Acabo de recibir un correo de confirmación de mi reserva de hotel. El número de habitación es 205 y está en el segundo piso.""",1
"""**Example 4:** ""¡Maldición! He enviado mi número de seguridad social por correo electrónico. Es 123-45-6789.""",1
"""**Example 5:** ""Estoy intentando comprar un boleto de avión en línea, pero no aceptan mi número de pasaporte. Es G1234567.""",1
"""**Example 6:** ""La policía acaba de llamar. Han encontrado mi billetera. Mi identificación tiene mi dirección como Calle Falsa 123, Ciudad, 12345.""",1
"""**Example 7:** ""He recibido un mensaje de texto de un número desconocido. Dice 'Su código de verificación es 12345'.""",1
"""**Example 8:** ""Mi amigo ha perdido su licencia de conducir. El número es A123456.""",1
"""**Example 9:** ""Estoy llenando una solicitud en línea y necesitan mi dirección de correo electrónico. Es juan.perez@example.com.""",1
"""**Example 10:** ""He recibido una llamada de un número desconocido. Alguien dice que es de mi banco y necesita verificar mi número de tarjeta. No sueno convencido.""",1
"""**Example 11:** ""Acabo de recibir un correo electrónico de un amigo que dice que su tarjeta de crédito ha sido robada. El número era 4567-8901-2345-6789.""",1
"""**Example 12:** ""Estoy llenando un formulario en línea para una suscripción. Mi nombre completo es María José Torres.""",1
"""**Example 13:** ""Acabo de ver mi informe de crédito. Mi número de Seguro Social es 987-65-4320.""",1
"""**Example 14:** ""He recibido una llamada de un número desconocido. Alguien dice que es de la agencia de recaudación de impuestos y necesita verificar mi número de identificación fiscal. No sueno convencido.""",1
"""**Example 15:** ""Estoy enviando un correo electrónico a mi banco para actualizar mi información de facturación. Mi dirección es Avenida Principal 456, Ciudad, 12345.""",1
"""**Example 16:** ""Mi tarjeta de débito ha sido robada. El número era 6789-1011-2020-3030.""",1
"""**Example 17:** ""Estoy intentando configurar mi cuenta de Netflix. Me piden mi número de tarjeta de crédito. Es 1111-2222-3333-4444.""",1
"""**Example 18:** ""He recibido un mensaje de texto de un número desconocido. Dice 'Su código de verificación es 67890'.""",1
"""**Example 19:** ""Estoy enviando un correo electrónico a mi empresa de servicios públicos para actualizar mi información de pago. Mi número de cuenta es 54321.""",1
"""**Example 20:** ""Acabo de recibir un correo electrónico de un amigo que dice que su número de teléfono ha sido filtrado en línea. Es 555-987-6543.""",1
"""**Example 21:** ""Estoy intentando comprar boletos para un concierto. Me piden mi información de tarjeta de crédito. El número es 3456-7890-1234-5678.""",1
"""**Example 22:** ""He recibido una llamada de un número desconocido. Alguien dice que es de mi empresa de telecomunicaciones y necesita verificar mi dirección. No sueno convencido.""",1
"""**Example 23:** ""Estoy llenando un formulario en línea para una suscripción. Mi nombre completo es Carlos Alberto Rodríguez.""",1
"""**Example 24:** ""Acabo de recibir un correo electrónico de mi banco. Dice que alguien ha tratado de usar mi tarjeta de crédito en otro país. El número es 2345-6789-0123-4567.""",1
"""**Example 25:** ""Estoy enviando un correo electrónico a mi compañía de seguros para actualizar mi información de facturación. Mi dirección es Calle Segunda 789, Ciudad, 54321.""",1
"""**Example 26:** ""He recibido una llamada de un número desconocido. Alguien dice que es de la agencia de recaudación de impuestos y necesita verificar mi fecha de nacimiento. No sueno convencido.""",1
"""**Example 27:** ""Estoy enviando un mensaje de texto a mi amigo para coordinar una cita. Mi número de teléfono es 555-432-1098.""",1
"""**Example 28:** ""Acabo de recibir un correo electrónico de mi banco. Dice que necesitan verificar mi información de cuenta. Mi número de cuenta es 987654321.""",1
"""**Example 29:** ""Estoy llenando un formulario en línea para una suscripción. Mi dirección de correo electrónico es maria.rosales@example.com.""",1
"""**Example 30:** ""He recibido una llamada de un número desconocido. Alguien dice que es de mi proveedor de servicios de Internet y necesita verificar mi información de tarjeta de crédito. No sueno convencido.""",1
"""**Example 31:** ""Estoy enviando un correo electrónico a mi empresa de servicios públicos para actualizar mi información de facturación. Mi número de cuenta es 123456789.""",1
"""**Example 32:** ""Acabo de recibir un mensaje de texto de un número desconocido. Dice 'Su código de verificación es ABCDE'.""",1
"""**Example 33:** ""Estoy enviando un correo electrónico a mi banco para actualizar mi información de facturación. Mi dirección es Avenida Tercera 321, Ciudad, 98765.""",1
"""**Example 34:** ""He recibido una llamada de un número desconocido. Alguien dice que es de la agencia de recaudación de impuestos y necesita verificar mi número de identificación fiscal. No sueno convencido.""",1
"""**Example 35:** ""Estoy enviando un mensaje de texto a mi amigo para coordinar una cita. Mi número de teléfono es 555-876-5432.""",1
"""**Example 36:** ""Acabo de recibir un correo electrónico de mi banco. Dice que necesitan verificar mi información de tarjeta de crédito. El número es 7890-1234-5678-9012.""",1
"""**Example 37:** ""Estoy llenando un formulario en línea para una suscripción. Mi nombre completo es Ana Sofía Martínez.""",1
"""**Example 38:** ""He recibido una llamada de un número desconocido. Alguien dice que es de mi empresa de telecomunicaciones y necesita verificar mi número de tarjeta de crédito. No sueno convencido.""",1
"""**Example 39:** ""Estoy enviando un correo electrónico a mi compañía de seguros para actualizar mi información de facturación. Mi dirección es Calle Cuarta 654, Ciudad, 43210.""",1
"""**Example 40:** ""Acabo de recibir un mensaje de texto de un número desconocido. Dice 'Su código de verificación es 123456'.""",1
"""**Example 41:** ""Estoy enviando un correo electrónico a mi banco para actualizar mi información de facturación. Mi dirección es Avenida Quinta 987, Ciudad, 12345.""",1
"""**Example 42:** ""He recibido una llamada de un número desconocido. Alguien dice que es de la agencia de recaudación de impuestos y necesita verificar mi fecha de nacimiento. No sueno convencido.""",1
"""**Example 43:** ""Estoy enviando un mensaje de texto a mi amigo para coordinar una cita. Mi número de teléfono es 555-234-5678.""",1
"""**Example 44:** ""Acabo de recibir un correo electrónico de mi banco. Dice que necesitan verificar mi información de cuenta. Mi número de cuenta es 456789123.""",1
"""**Example 45:** ""Estoy enviando un correo electrónico a mi empresa de servicios públicos para actualizar mi información de facturación. Mi número de cuenta es 246802468.""",1
"""**Example 46:** ""He recibido una llamada de un número desconocido. Alguien dice que es de mi proveedor de servicios de Internet y necesita verificar mi información de tarjeta de crédito. No sueno convencido.""",1
"""**Example 47:** ""Estoy enviando un mensaje de texto a mi amigo para coordinar una cita. Mi número de teléfono es 555-678-9012.""",1
"""**Example 48:** ""Acabo de recibir un mensaje de texto de un número desconocido. Dice 'Su código de verificación es 654321'.""",1
"""**Example 49:** ""Estoy enviando un correo electrónico a mi compañía de seguros para actualizar mi información de facturación. Mi dirección es Calle Quinta 321, Ciudad, 65432.""",1
"""**Example 50:** ""He recibido una llamada de un número desconocido. Alguien dice que es de la agencia de recaudación de impuestos y necesita verificar mi número de identificación fiscal. No sueno convencido.""",1
"""Here are 50 text snippets in Spanish with varying contexts and presentations of personally identifiable information (PII):""",1
"""1. ""¡Hola! Mi número de teléfono es 555-123-4567. ¿Podemos hablar más tarde?""",1
"""2. ""Mi dirección es Calle Principal 123, Ciudad. ¿Puedes enviarme el paquete allí?""",1
"""3. ""Mi número de pasaporte es P123456789. Lo necesitaré para el vuelo de mañana.""",1
"""4. ""Mi número de seguro social es 987-65-4320. ¿Podrías confirmarlo en el formulario?""",1
"""5. ""Mi tarjeta de crédito es 1234-5678-9012-3456. ¿Puedes procesar el pago?""",1
"""6. ""Mi correo electrónico es john.doe@example.com. ¿Puedes agregarme a tu lista de correo?""",1
"""7. ""Mi licencia de conducir es D123456789. ¿Podrías verificarla en el sistema?""",1
"""8. ""Mi nombre completo es Juan Pérez. ¿Puedes confirmarlo en el registro?""",1
"""9. ""Mi número de teléfono es 04455-1234-5678. ¿Podemos hablar más tarde?""",1
"""10. ""Mi dirección es Av. Secundaria 456, Ciudad. ¿Podrías enviarme el paquete allí?""",1
"""11. ""Mi número de pasaporte es P987654321. Lo necesitaré para el vuelo de mañana.""",1
"""12. ""Mi número de seguro social es 098-76-5432. ¿Podrías confirmarlo en el formulario?""",1
"""13. ""Mi tarjeta de crédito es 1111-2222-3333-4444. ¿Puedes procesar el pago?""",1
"""14. ""Mi correo electrónico es jane.doe@gmail.com. ¿Podrías agregarme a tu lista de correo?""",1
"""15. ""Mi licencia de conducir es D987654321. ¿Podrías verificarla en el sistema?""",1
"""16. ""Mi nombre completo es María García. ¿Puedes confirmarlo en el registro?""",1
"""17. ""Mi número de teléfono es (55) 1234-5678. ¿Podemos hablar más tarde?""",1
"""18. ""Mi dirección es Calle Tercera 789, Ciudad. ¿Podrías enviarme el paquete allí?""",1
"""19. ""Mi número de pasaporte es P456789123. Lo necesitaré para el vuelo de mañana.""",1
"""20. ""Mi número de seguro social es 123-45-6789. ¿Podrías confirmarlo en el formulario?""",1
"""21. ""Mi tarjeta de crédito es 6543-2109-8765-4321. ¿Puedes procesar el pago?""",1
"""22. ""Mi correo electrónico es john_smith@outlook.com. ¿Podrías agregarme a tu lista de correo?""",1
"""23. ""Mi licencia de conducir es D456789123. ¿Podrías verificarla en el sistema?""",1
"""24. ""Mi nombre completo es Carlos Rodríguez. ¿Puedes confirmarlo en el registro?""",1
"""25. ""Mi número de teléfono es +52 1 12 3456 7890. ¿Podemos hablar más tarde?""",1
"""26. ""Mi dirección es Av. Cuarta 987, Ciudad. ¿Podrías enviarme el paquete allí?""",1
"""27. ""Mi número de pasaporte es P210987654. Lo necesitaré para el vuelo de mañana.""",1
"""28. ""Mi número de seguro social es 456-78-9012. ¿Podrías confirmarlo en el formulario?""",1
"""29. ""Mi tarjeta de crédito es 0123-4567-8901-2345. ¿Puedes procesar el pago?""",1
"""30. ""Mi correo electrónico es jane_smith@yahoo.com. ¿Podrías agregarme a tu lista de correo?""",1
"""31. ""Mi licencia de conducir es D0123456789. ¿Podrías verificarla en el sistema?""",1
"""32. ""Mi nombre completo es Isabel Martínez. ¿Puedes confirmarlo en el registro?""",1
"""33. ""Mi número de teléfono es 55 5555 5555. ¿Podemos hablar más tarde?""",1
"""34. ""Mi dirección es Calle Quinta 678, Ciudad. ¿Podrías enviarme el paquete allí?""",1
"""35. ""Mi número de pasaporte es P678901234. Lo necesitaré para el vuelo de mañana.""",1
"""36. ""Mi número de seguro social es 789-01-2345. ¿Podrías confirmarlo en el formulario?""",1
"""37. ""Mi tarjeta de crédito es 9012-3456-7890-1234. ¿Puedes procesar el pago?""",1
"""38. ""Mi correo electrónico es john_martinez@gmail.com. ¿Podrías agregarme a tu lista de correo?""",1
"""39. ""Mi licencia de conducir es D3456789012. ¿Podrías verificarla en el sistema?""",1
"""40. ""Mi nombre completo es Luis Pérez. ¿Puedes confirmarlo en el registro?""",1
"""41. ""Mi número de teléfono es (044) 55 5555 5555. ¿Podemos hablar más tarde?""",1
"""42. ""Mi dirección es Av. Sexta 321, Ciudad. ¿Podrías enviarme el paquete allí?""",1
"""43. ""Mi número de pasaporte es P0123456789. Lo necesitaré para el vuelo de mañana.""",1
"""44. ""Mi número de seguro social es 012-34-5678. ¿Podrías confirmarlo en el formulario?""",1
"""45. ""Mi tarjeta de crédito es 2345-6789-1011-1213. ¿Puedes procesar el pago?""",1
"""46. ""Mi correo electrónico es jane_martinez@hotmail.com. ¿Podrías agregarme a tu lista de correo?""",1
"""47. ""Mi licencia de conducir es D6789012345. ¿Podrías verificarla en el sistema?""",1
"""48. ""Mi nombre completo es Rosa Gómez. ¿Puedes confirmarlo en el registro?""",1
"""49. ""Mi número de teléfono es 555-123-4567. ¿Podemos hablar más tarde? (Escribió incorrectamente como 555-123-4560)""",1
"""50. ""Mi dirección es Calle Principal 123, Ciudad. ¿Podrías enviarme el paquete allí? (Escribió incorrectamente como Calle Principal 123, Ciudad 456)""",1
"""These examples cover various contexts and presentations of PII, including emails, chat messages, customer support tickets, and online forms. The tone is natural and conversational, mimicking real-world scenarios.""",1
"""1. ""¡Hola, soy María Pérez! Mi número de teléfono es 654-123-4567.""",1
"""2. ""Mi tarjeta de crédito ha sido robada, el número es 1234-5678-9012-3456.""",1
"""3. ""He recibido un correo electrónico de phishing con mi número de pasaporte: 123456789.""",1
"""4. ""¡Mi dirección es 123 Avenida Principal, Madrid!""",1
"""5. ""Mi número de la seguridad social es 123-45-6789.""",1
"""6. ""He perdido mi cartera y dentro había mi licencia de conducir con número 1234567890.""",1
"""7. ""Mi correo electrónico es john.doe@example.com.""",1
"""8. ""El número de teléfono que figura en mi cuenta bancaria es 987-654-3210.""",1
"""9. ""Mi nueva tarjeta de crédito llegó hoy, el número es 1111-2222-3333-4444.""",1
"""10. ""La dirección de facturación en mi cuenta de Amazon es 456 Calle Segunda, Barcelona.""",1
"""11. ""Mi número de teléfono celular es +34 612 345 678.""",1
"""12. ""Mi nombre completo es Juan Carlos Rodríguez, y mi dirección es 789 Calle Tercera, Valencia.""",1
"""13. ""He recibido una llamada de un número que aparece como 0123-456-7890.""",1
"""14. ""Mi número de identificación fiscal es A12345678.""",1
"""15. ""Mi número de cuenta bancaria es ES91 2345 6789 01 2345678901.""",1
"""16. ""He recibido un correo electrónico de confirmación con mi número de reserva: 1234567.""",1
"""17. ""Mi dirección de envío en eBay es 321 Calle Primera, Sevilla.""",1
"""18. ""He recibido una notificación de mi proveedor de servicios con mi número de cliente: 1234-567-89012.""",1
"""19. ""Mi nombre completo es Ana Sofía Martínez y mi dirección es 654 Calle Cuarta, Málaga.""",1
"""20. ""He recibido un mensaje de texto de un número desconocido: 1234567890.""",1
"""21. ""Mi número de teléfono en mi perfil de LinkedIn es 555-123-4567.""",1
"""22. ""Mi dirección de facturación en mi cuenta de Netflix es 987 Calle Quinta, Bilbao.""",1
"""23. ""He recibido una llamada de un número que aparece como (123) 456-7890.""",1
"""24. ""Mi nombre completo es José Luis García y mi dirección es 246 Calle Sexta, Granada.""",1
"""25. ""Mi número de cuenta de PayPal es 123456788.""",1
"""26. ""He recibido una notificación de mi banco con mi número de cuenta: 1234 5678 90 1234567890.""",1
"""27. ""Mi dirección de correo electrónico en mi cuenta de Spotify es music@johndoe.com.""",1
"""28. ""He recibido un correo electrónico de un amigo con su dirección: 789 Calle Séptima, Alicante.""",1
"""29. ""Mi número de identificación de pasaporte es 1234567890.""",1
"""30. ""He recibido una llamada de un número que aparece como 0987-654-3210.""",1
"""31. ""Mi nombre completo es Laura Fernández y mi dirección es 321 Calle Octava, Córdoba.""",1
"""32. ""He recibido una notificación de mi proveedor de internet con mi número de cliente: A123456789.""",1
"""33. ""Mi número de teléfono en mi perfil de Instagram es @johndoe 555-123-4567.""",1
"""34. ""He recibido un mensaje de texto de un número desconocido: +34 601 234 567.""",1
"""35. ""Mi nombre completo es David Rodríguez y mi dirección es 654 Calle Novena, Valladolid.""",1
"""36. ""He recibido una notificación de mi proveedor de servicios con mi número de contrato: 1234567890.""",1
"""37. ""Mi número de teléfono en mi perfil de Twitter es @johndoe 555-123-4567.""",1
"""38. ""He recibido un correo electrónico de un amigo con su número de teléfono: 987-654-3210.""",1
"""39. ""Mi nombre completo es María José Gómez y mi dirección es 789 Calle Décima, Toledo.""",1
"""40. ""He recibido una llamada de un número que aparece como 123.456.7890.""",1
"""41. ""Mi número de cuenta de Apple ID es 1234567890123456.""",1
"""42. ""He recibido una notificación de mi proveedor de servicios con mi número de factura: 123456789.""",1
"""43. ""Mi nombre completo es Carlos Sánchez y mi dirección es 456 Calle Once, Cáceres.""",1
"""44. ""He recibido un mensaje de texto de un número desconocido: 0987-654-3210.""",1
"""45. ""Mi número de teléfono en mi perfil de Facebook es @johndoe 555-123-4567.""",1
"""46. ""He recibido una notificación de mi banco con mi número de tarjeta de débito: 1234 5678 1234 5678.""",1
"""47. ""Mi nombre completo es Isabel Martínez y mi dirección es 246 Calle Doce, Badajoz.""",1
"""48. ""He recibido una llamada de un número que aparece como (987) 654-3210.""",1
"""49. ""Mi número de teléfono en mi perfil de LinkedIn es @johndoe 555-123-4567.""",1
"""50. ""He recibido una notificación de mi proveedor de servicios con mi número de alta: 1234567890.""",1
"""are 50 text snippets in Spanish with varying contexts and presentations of personally identifiable information (PII):""",1
"""1. ""¡Hola! Mi número de teléfono es 555-123-4567. ¿Podemos hablar más tarde?""",1
"""2. ""Mi dirección es Calle Principal 123, Ciudad. ¿Puedes enviarme el paquete allí?""",1
"""3. ""Mi número de pasaporte es P123456789. Lo necesitaré para el vuelo de mañana.""",1
"""4. ""Mi número de seguro social es 987-65-4320. ¿Podrías confirmarlo en el formulario?""",1
"""5. ""Mi tarjeta de crédito es 1234-5678-9012-3456. ¿Puedes procesar el pago?""",1
"""6. ""Mi correo electrónico es john.doe@example.com. ¿Puedes agregarme a tu lista de correo?""",1
"""7. ""Mi licencia de conducir es D123456789. ¿Podrías verificarla en el sistema?""",1
"""8. ""Mi nombre completo es Juan Pérez. ¿Puedes confirmarlo en el registro?""",1
"""9. ""Mi número de teléfono es 04455-1234-5678. ¿Podemos hablar más tarde?""",1
"""10. ""Mi dirección es Av. Secundaria 456, Ciudad. ¿Podrías enviarme el paquete allí?""",1
"""11. ""Mi número de pasaporte es P987654321. Lo necesitaré para el vuelo de mañana.""",1
"""12. ""Mi número de seguro social es 098-76-5432. ¿Podrías confirmarlo en el formulario?""",1
"""13. ""Mi tarjeta de crédito es 1111-2222-3333-4444. ¿Puedes procesar el pago?""",1
"""14. ""Mi correo electrónico es jane.doe@gmail.com. ¿Podrías agregarme a tu lista de correo?""",1
"""15. ""Mi licencia de conducir es D987654321. ¿Podrías verificarla en el sistema?""",1
"""16. ""Mi nombre completo es María García. ¿Puedes confirmarlo en el registro?""",1
"""17. ""Mi número de teléfono es (55) 1234-5678. ¿Podemos hablar más tarde?""",1
"""18. ""Mi dirección es Calle Tercera 789, Ciudad. ¿Podrías enviarme el paquete allí?""",1
"""19. ""Mi número de pasaporte es P456789123. Lo necesitaré para el vuelo de mañana.""",1
"""20. ""Mi número de seguro social es 123-45-6789. ¿Podrías confirmarlo en el formulario?""",1
"""21. ""Mi tarjeta de crédito es 6543-2109-8765-4321. ¿Puedes procesar el pago?""",1
"""22. ""Mi correo electrónico es john_smith@outlook.com. ¿Podrías agregarme a tu lista de correo?""",1
"""23. ""Mi licencia de conducir es D456789123. ¿Podrías verificarla en el sistema?""",1
"""24. ""Mi nombre completo es Carlos Rodríguez. ¿Puedes confirmarlo en el registro?""",1
"""25. ""Mi número de teléfono es +52 1 12 3456 7890. ¿Podemos hablar más tarde?""",1
"""26. ""Mi dirección es Av. Cuarta 987, Ciudad. ¿Podrías enviarme el paquete allí?""",1
"""27. ""Mi número de pasaporte es P210987654. Lo necesitaré para el vuelo de mañana.""",1
"""28. ""Mi número de seguro social es 456-78-9012. ¿Podrías confirmarlo en el formulario?""",1
"""29. ""Mi tarjeta de crédito es 0123-4567-8901-2345. ¿Puedes procesar el pago?""",1
"""30. ""Mi correo electrónico es jane_smith@yahoo.com. ¿Podrías agregarme a tu lista de correo?""",1
"""31. ""Mi licencia de conducir es D0123456789. ¿Podrías verificarla en el sistema?""",1
"""32. ""Mi nombre completo es Isabel Martínez. ¿Puedes confirmarlo en el registro?""",1
"""33. ""Mi número de teléfono es 55 5555 5555. ¿Podemos hablar más tarde?""",1
"""34. ""Mi dirección es Calle Quinta 678, Ciudad. ¿Podrías enviarme el paquete allí?""",1
"""35. ""Mi número de pasaporte es P678901234. Lo necesitaré para el vuelo de mañana.""",1
"""36. ""Mi número de seguro social es 789-01-2345. ¿Podrías confirmarlo en el formulario?""",1
"""37. ""Mi tarjeta de crédito es 9012-3456-7890-1234. ¿Puedes procesar el pago?""",1
"""38. ""Mi correo electrónico es john_martinez@gmail.com. ¿Podrías agregarme a tu lista de correo?""",1
"""39. ""Mi licencia de conducir es D3456789012. ¿Podrías verificarla en el sistema?""",1
"""40. ""Mi nombre completo es Luis Pérez. ¿Puedes confirmarlo en el registro?""",1
"""41. ""Mi número de teléfono es (044) 55 5555 5555. ¿Podemos hablar más tarde?""",1
"""42. ""Mi dirección es Av. Sexta 321, Ciudad. ¿Podrías enviarme el paquete allí?""",1
"""43. ""Mi número de pasaporte es P0123456789. Lo necesitaré para el vuelo de mañana.""",1
"""44. ""Mi número de seguro social es 012-34-5678. ¿Podrías confirmarlo en el formulario?""",1
"""45. ""Mi tarjeta de crédito es 2345-6789-1011-1213. ¿Puedes procesar el pago?""",1
"""46. ""Mi correo electrónico es jane_martinez@hotmail.com. ¿Podrías agregarme a tu lista de correo?""",1
"""47. ""Mi licencia de conducir es D6789012345. ¿Podrías verificarla en el sistema?""",1
"""48. ""Mi nombre completo es Rosa Gómez. ¿Puedes confirmarlo en el registro?""",1
"""49. ""Mi número de teléfono es 555-123-4567. ¿Podemos hablar más tarde? (Escribió incorrectamente como 555-123-4560)""",1
"""50. ""Mi dirección es Calle Principal 123, Ciudad. ¿Podrías enviarme el paquete allí? (Escribió incorrectamente como Calle Principal 123, Ciudad 456)""",1
"""These examples cover various contexts and presentations of PII, including emails, chat messages, customer support tickets, and online forms. The tone is natural and conversational, mimicking real-world scenarios.""",1
"""are 50 text snippets in Spanish with varying contexts and presentations of personally identifiable information (PII):""",1
"""1. ""¡Hola! Mi número de teléfono es 555-123-4567. ¿Podemos hablar más tarde?""",1
"""2. ""Mi dirección es Calle Principal 123, Ciudad. ¿Puedes enviarme el paquete allí?""",1
"""3. ""Mi número de pasaporte es P123456789. Lo necesitaré para el vuelo de mañana.""",1
"""4. ""Mi número de seguro social es 987-65-4320. ¿Podrías confirmarlo en el formulario?""",1
"""5. ""Mi tarjeta de crédito es 1234-5678-9012-3456. ¿Puedes procesar el pago?""",1
"""6. ""Mi correo electrónico es john.doe@example.com. ¿Puedes agregarme a tu lista de correo?""",1
"""7. ""Mi licencia de conducir es D123456789. ¿Podrías verificarla en el sistema?""",1
"""8. ""Mi nombre completo es Juan Pérez. ¿Puedes confirmarlo en el registro?""",1
"""9. ""Mi número de teléfono es 04455-1234-5678. ¿Podemos hablar más tarde?""",1
"""10. ""Mi dirección es Av. Secundaria 456, Ciudad. ¿Podrías enviarme el paquete allí?""",1
"""11. ""Mi número de pasaporte es P987654321. Lo necesitaré para el vuelo de mañana.""",1
"""12. ""Mi número de seguro social es 098-76-5432. ¿Podrías confirmarlo en el formulario?""",1
"""13. ""Mi tarjeta de crédito es 1111-2222-3333-4444. ¿Puedes procesar el pago?""",1
"""14. ""Mi correo electrónico es jane.doe@gmail.com. ¿Podrías agregarme a tu lista de correo?""",1
"""15. ""Mi licencia de conducir es D987654321. ¿Podrías verificarla en el sistema?""",1
"""16. ""Mi nombre completo es María García. ¿Puedes confirmarlo en el registro?""",1
"""17. ""Mi número de teléfono es (55) 1234-5678. ¿Podemos hablar más tarde?""",1
"""18. ""Mi dirección es Calle Tercera 789, Ciudad. ¿Podrías enviarme el paquete allí?""",1
"""19. ""Mi número de pasaporte es P456789123. Lo necesitaré para el vuelo de mañana.""",1
"""20. ""Mi número de seguro social es 123-45-6789. ¿Podrías confirmarlo en el formulario?""",1
"""21. ""Mi tarjeta de crédito es 6543-2109-8765-4321. ¿Puedes procesar el pago?""",1
"""22. ""Mi correo electrónico es john_smith@outlook.com. ¿Podrías agregarme a tu lista de correo?""",1
"""23. ""Mi licencia de conducir es D456789123. ¿Podrías verificarla en el sistema?""",1
"""24. ""Mi nombre completo es Carlos Rodríguez. ¿Puedes confirmarlo en el registro?""",1
"""25. ""Mi número de teléfono es +52 1 12 3456 7890. ¿Podemos hablar más tarde?""",1
"""26. ""Mi dirección es Av. Cuarta 987, Ciudad. ¿Podrías enviarme el paquete allí?""",1
"""27. ""Mi número de pasaporte es P210987654. Lo necesitaré para el vuelo de mañana.""",1
"""28. ""Mi número de seguro social es 456-78-9012. ¿Podrías confirmarlo en el formulario?""",1
"""29. ""Mi tarjeta de crédito es 0123-4567-8901-2345. ¿Puedes procesar el pago?""",1
"""30. ""Mi correo electrónico es jane_smith@yahoo.com. ¿Podrías agregarme a tu lista de correo?""",1
"""31. ""Mi licencia de conducir es D0123456789. ¿Podrías verificarla en el sistema?""",1
"""32. ""Mi nombre completo es Isabel Martínez. ¿Puedes confirmarlo en el registro?""",1
"""33. ""Mi número de teléfono es 55 5555 5555. ¿Podemos hablar más tarde?""",1
"""34. ""Mi dirección es Calle Quinta 678, Ciudad. ¿Podrías enviarme el paquete allí?""",1
"""35. ""Mi número de pasaporte es P678901234. Lo necesitaré para el vuelo de mañana.""",1
"""36. ""Mi número de seguro social es 789-01-2345. ¿Podrías confirmarlo en el formulario?""",1
"""37. ""Mi tarjeta de crédito es 9012-3456-7890-1234. ¿Puedes procesar el pago?""",1
"""38. ""Mi correo electrónico es john_martinez@gmail.com. ¿Podrías agregarme a tu lista de correo?""",1
"""39. ""Mi licencia de conducir es D3456789012. ¿Podrías verificarla en el sistema?""",1
"""40. ""Mi nombre completo es Luis Pérez. ¿Puedes confirmarlo en el registro?""",1
"""41. ""Mi número de teléfono es (044) 55 5555 5555. ¿Podemos hablar más tarde?""",1
"""42. ""Mi dirección es Av. Sexta 321, Ciudad. ¿Podrías enviarme el paquete allí?""",1
"""43. ""Mi número de pasaporte es P0123456789. Lo necesitaré para el vuelo de mañana.""",1
"""44. ""Mi número de seguro social es 012-34-5678. ¿Podrías confirmarlo en el formulario?""",1
"""45. ""Mi tarjeta de crédito es 2345-6789-1011-1213. ¿Puedes procesar el pago?""",1
"""46. ""Mi correo electrónico es jane_martinez@hotmail.com. ¿Podrías agregarme a tu lista de correo?""",1
"""47. ""Mi licencia de conducir es D6789012345. ¿Podrías verificarla en el sistema?""",1
"""48. ""Mi nombre completo es Rosa Gómez. ¿Puedes confirmarlo en el registro?""",1
"""49. ""Mi número de teléfono es 555-123-4567. ¿Podemos hablar más tarde? (Escribió incorrectamente como 555-123-4560)""",1
"""50. ""Mi dirección es Calle Principal 123, Ciudad. ¿Podrías enviarme el paquete allí? (Escribió incorrectamente como Calle Principal 123, Ciudad 456)""",1
"""These examples cover various contexts and presentations of PII, including emails, chat messages, customer support tickets, and online forms. The tone is natural and conversational, mimicking real-world scenarios.""",1
"""are 50 text snippets in Spanish with varying contexts and presentations of personally identifiable information (PII):""",1
"""1. ""¡Hola! Mi número de teléfono es 555-123-4567. ¿Podemos hablar más tarde?""",1
"""2. ""Mi dirección es Calle Principal 123, Ciudad. ¿Puedes enviarme el paquete allí?""",1
"""3. ""Mi número de pasaporte es P123456789. Lo necesitaré para el vuelo de mañana.""",1
"""4. ""Mi número de seguro social es 987-65-4320. ¿Podrías confirmarlo en el formulario?""",1
"""5. ""Mi tarjeta de crédito es 1234-5678-9012-3456. ¿Puedes procesar el pago?""",1
"""6. ""Mi correo electrónico es john.doe@example.com. ¿Puedes agregarme a tu lista de correo?""",1
"""7. ""Mi licencia de conducir es D123456789. ¿Podrías verificarla en el sistema?""",1
"""8. ""Mi nombre completo es Juan Pérez. ¿Puedes confirmarlo en el registro?""",1
"""9. ""Mi número de teléfono es 04455-1234-5678. ¿Podemos hablar más tarde?""",1
"""10. ""Mi dirección es Av. Secundaria 456, Ciudad. ¿Podrías enviarme el paquete allí?""",1
"""11. ""Mi número de pasaporte es P987654321. Lo necesitaré para el vuelo de mañana.""",1
"""12. ""Mi número de seguro social es 098-76-5432. ¿Podrías confirmarlo en el formulario?""",1
"""13. ""Mi tarjeta de crédito es 1111-2222-3333-4444. ¿Puedes procesar el pago?""",1
"""14. ""Mi correo electrónico es jane.doe@gmail.com. ¿Podrías agregarme a tu lista de correo?""",1
"""15. ""Mi licencia de conducir es D987654321. ¿Podrías verificarla en el sistema?""",1
"""16. ""Mi nombre completo es María García. ¿Puedes confirmarlo en el registro?""",1
"""17. ""Mi número de teléfono es (55) 1234-5678. ¿Podemos hablar más tarde?""",1
"""18. ""Mi dirección es Calle Tercera 789, Ciudad. ¿Podrías enviarme el paquete allí?""",1
"""19. ""Mi número de pasaporte es P456789123. Lo necesitaré para el vuelo de mañana.""",1
"""20. ""Mi número de seguro social es 123-45-6789. ¿Podrías confirmarlo en el formulario?""",1
"""21. ""Mi tarjeta de crédito es 6543-2109-8765-4321. ¿Puedes procesar el pago?""",1
"""22. ""Mi correo electrónico es john_smith@outlook.com. ¿Podrías agregarme a tu lista de correo?""",1
"""23. ""Mi licencia de conducir es D456789123. ¿Podrías verificarla en el sistema?""",1
"""24. ""Mi nombre completo es Carlos Rodríguez. ¿Puedes confirmarlo en el registro?""",1
"""25. ""Mi número de teléfono es +52 1 12 3456 7890. ¿Podemos hablar más tarde?""",1
"""26. ""Mi dirección es Av. Cuarta 987, Ciudad. ¿Podrías enviarme el paquete allí?""",1
"""27. ""Mi número de pasaporte es P210987654. Lo necesitaré para el vuelo de mañana.""",1
"""28. ""Mi número de seguro social es 456-78-9012. ¿Podrías confirmarlo en el formulario?""",1
"""29. ""Mi tarjeta de crédito es 0123-4567-8901-2345. ¿Puedes procesar el pago?""",1
"""30. ""Mi correo electrónico es jane_smith@yahoo.com. ¿Podrías agregarme a tu lista de correo?""",1
"""31. ""Mi licencia de conducir es D0123456789. ¿Podrías verificarla en el sistema?""",1
"""32. ""Mi nombre completo es Isabel Martínez. ¿Puedes confirmarlo en el registro?""",1
"""33. ""Mi número de teléfono es 55 5555 5555. ¿Podemos hablar más tarde?""",1
"""34. ""Mi dirección es Calle Quinta 678, Ciudad. ¿Podrías enviarme el paquete allí?""",1
"""35. ""Mi número de pasaporte es P678901234. Lo necesitaré para el vuelo de mañana.""",1
"""36. ""Mi número de seguro social es 789-01-2345. ¿Podrías confirmarlo en el formulario?""",1
"""37. ""Mi tarjeta de crédito es 9012-3456-7890-1234. ¿Puedes procesar el pago?""",1
"""38. ""Mi correo electrónico es john_martinez@gmail.com. ¿Podrías agregarme a tu lista de correo?""",1
"""39. ""Mi licencia de conducir es D3456789012. ¿Podrías verificarla en el sistema?""",1
"""40. ""Mi nombre completo es Luis Pérez. ¿Puedes confirmarlo en el registro?""",1
"""41. ""Mi número de teléfono es (044) 55 5555 5555. ¿Podemos hablar más tarde?""",1
"""42. ""Mi dirección es Av. Sexta 321, Ciudad. ¿Podrías enviarme el paquete allí?""",1
"""43. ""Mi número de pasaporte es P0123456789. Lo necesitaré para el vuelo de mañana.""",1
"""44. ""Mi número de seguro social es 012-34-5678. ¿Podrías confirmarlo en el formulario?""",1
"""45. ""Mi tarjeta de crédito es 2345-6789-1011-1213. ¿Puedes procesar el pago?""",1
"""46. ""Mi correo electrónico es jane_martinez@hotmail.com. ¿Podrías agregarme a tu lista de correo?""",1
"""47. ""Mi licencia de conducir es D6789012345. ¿Podrías verificarla en el sistema?""",1
"""48. ""Mi nombre completo es Rosa Gómez. ¿Puedes confirmarlo en el registro?""",1
"""49. ""Mi número de teléfono es 555-123-4567. ¿Podemos hablar más tarde? (Escribió incorrectamente como 555-123-4560)""",1
"""50. ""Mi dirección es Calle Principal 123, Ciudad. ¿Podrías enviarme el paquete allí? (Escribió incorrectamente como Calle Principal 123, Ciudad 456)""",1
"""These examples cover various contexts and presentations of PII, including emails, chat messages, customer support tickets, and online forms. The tone is natural and conversational, mimicking real-world scenarios.""",1
"""1. ""La tarjeta de crédito ha sido enviada a la dirección de Juan Pérez en 123 Calle Principal, Madrid.""",1
"""2. ""¿Podría confirmar su número de pasaporte, por favor? Es el 1234567890.""",1
"""3. ""El número de teléfono de contacto para la reunión es 654-123-4567.""",1
"""4. ""Hemos recibido su solicitud de cambio de dirección. La nueva dirección es 456 Avenida Secundaria, Barcelona.""",1
"""5. ""El número de seguridad social para el registro es 123-45-6789.""",1
"""6. ""Por favor, envíe una copia de su licencia de conducir al correo electrónico [john.doe@example.com](mailto:john.doe@example.com).""",1
"""7. ""El número de factura para el pago es 1234567890.""",1
"""8. ""¿Podría confirmar su fecha de nacimiento y número de Seguro Social? Son el 01/01/1990 y 123-45-6789 respectivamente.""",1
"""9. ""El número de cuenta bancaria para la transferencia es ES91 1234 5678 9012 3456 7890.""",1
"""10. ""La dirección de envío registrada es 789 Calle Terciaria, Bilbao.""",1
"""11. ""Hemos recibido su solicitud de cambio de número de teléfono. El nuevo número es 987-654-3210.""",1
"""12. ""El número de identificación fiscal es A12345678.""",1
"""13. ""El código postal de la dirección registrada es 28001.""",1
"""14. ""El número de pasaporte es P123456789.""",1
"""15. ""Por favor, envíe una copia de su factura a [billing@example.com](mailto:billing@example.com).""",1
"""16. ""El número de identificación de la tarjeta es 1234-5678-9012-3456.""",1
"""17. ""La dirección de correo electrónico registrada es [jane.doe@example.com](mailto:jane.doe@example.com).""",1
"""18. ""El número de identificación del vehículo es 1234 ABC.""",1
"""19. ""La fecha de vencimiento de la tarjeta es 12/25.""",1
"""20. ""El CVV de la tarjeta es 123.""",1
"""21. ""La dirección de envío registrada es 456 Calle Principal, Valencia.""",1
"""22. ""El número de identificación del usuario es JDOE123.""",1
"""23. ""El número de cuenta bancaria es ES91 1234 5678 9012 3456 7890.""",1
"""24. ""La dirección de correo electrónico registrada es jane.doe.123@example.com.""",1
"""25. ""El número de identificación del contribuyente es A12345678.""",1
"""26. ""El número de teléfono registrado es 654-123-4567.""",1
"""27. ""Hemos recibido su solicitud de cambio de número de pasaporte. El nuevo número es P987654321.""",1
"""28. ""La tarjeta de crédito ha sido enviada a la dirección de María García en 789 Calle Principal, Madrid.""",1
"""29. ""Por favor, envíe una copia de su factura a [invoices@example.com](mailto:invoices@example.com).""",1
"""30. ""El número de identificación fiscal es B87654321.""",1
"""31. ""La dirección de envío registrada es 321 Calle Secundaria, Sevilla.""",1
"""32. ""El número de seguridad social es 987-65-4321.""",1
"""33. ""El número de cuenta bancaria para la transferencia es ES91 1234 5678 9012 3456 7890.""",1
"""34. ""La fecha de vencimiento de la tarjeta es 06/28.""",1
"""35. ""El CVV de la tarjeta es 456.""",1
"""36. ""La dirección de correo electrónico registrada es [maria.garcia@example.com](mailto:maria.garcia@example.com).""",1
"""37. ""El número de identificación del usuario es MGAR123.""",1
"""38. ""El número de identificación del vehículo es 987 ABC.""",1
"""39. ""Hemos recibido su solicitud de cambio de fecha de nacimiento. La nueva fecha es 02/15/1995.""",1
"""40. ""El número de identificación del contribuyente es B98765432.""",1
"""41. ""El número de teléfono registrado es 987-654-3210.""",1
"""42. ""La tarjeta de crédito ha sido enviada a la dirección de Luis Rodríguez en 234 Calle Principal, Valencia.""",1
"""43. ""Por favor, envíe una copia de su factura a [facturas@example.com](mailto:facturas@example.com).""",1
"""44. ""El número de identificación fiscal es C56789012.""",1
"""45. ""La dirección de envío registrada es 567 Calle Terciaria, Bilbao.""",1
"""46. ""El número de seguridad social es 456-78-9012.""",1
"""47. ""El número de cuenta bancaria para la transferencia es ES91 1234 5678 9012 3456 7890.""",1
"""48. ""La fecha de vencimiento de la tarjeta es 09/30.""",1
"""49. ""El CVV de la tarjeta es 789.""",1
"""50. ""La dirección de correo electrónico registrada es [luis.rodriguez@example.com](mailto:luis.rodriguez@example.com).""",1
"""are 50 text snippets in Spanish with varying contexts and presentations of personally identifiable information (PII):""",1
"""1. ""¡Hola! Mi número de teléfono es 555-123-4567. ¿Podemos hablar más tarde?""",1
"""2. ""Mi dirección es Calle Principal 123, Ciudad. ¿Puedes enviarme el paquete allí?""",1
"""3. ""Mi número de pasaporte es P123456789. Lo necesitaré para el vuelo de mañana.""",1
"""4. ""Mi número de seguro social es 987-65-4320. ¿Podrías confirmarlo en el formulario?""",1
"""5. ""Mi tarjeta de crédito es 1234-5678-9012-3456. ¿Puedes procesar el pago?""",1
"""6. ""Mi correo electrónico es john.doe@example.com. ¿Puedes agregarme a tu lista de correo?""",1
"""7. ""Mi licencia de conducir es D123456789. ¿Podrías verificarla en el sistema?""",1
"""8. ""Mi nombre completo es Juan Pérez. ¿Puedes confirmarlo en el registro?""",1
"""9. ""Mi número de teléfono es 04455-1234-5678. ¿Podemos hablar más tarde?""",1
"""10. ""Mi dirección es Av. Secundaria 456, Ciudad. ¿Podrías enviarme el paquete allí?""",1
"""11. ""Mi número de pasaporte es P987654321. Lo necesitaré para el vuelo de mañana.""",1
"""12. ""Mi número de seguro social es 098-76-5432. ¿Podrías confirmarlo en el formulario?""",1
"""13. ""Mi tarjeta de crédito es 1111-2222-3333-4444. ¿Puedes procesar el pago?""",1
"""14. ""Mi correo electrónico es jane.doe@gmail.com. ¿Podrías agregarme a tu lista de correo?""",1
"""15. ""Mi licencia de conducir es D987654321. ¿Podrías verificarla en el sistema?""",1
"""16. ""Mi nombre completo es María García. ¿Puedes confirmarlo en el registro?""",1
"""17. ""Mi número de teléfono es (55) 1234-5678. ¿Podemos hablar más tarde?""",1
"""18. ""Mi dirección es Calle Tercera 789, Ciudad. ¿Podrías enviarme el paquete allí?""",1
"""19. ""Mi número de pasaporte es P456789123. Lo necesitaré para el vuelo de mañana.""",1
"""20. ""Mi número de seguro social es 123-45-6789. ¿Podrías confirmarlo en el formulario?""",1
"""21. ""Mi tarjeta de crédito es 6543-2109-8765-4321. ¿Puedes procesar el pago?""",1
"""22. ""Mi correo electrónico es john_smith@outlook.com. ¿Podrías agregarme a tu lista de correo?""",1
"""23. ""Mi licencia de conducir es D456789123. ¿Podrías verificarla en el sistema?""",1
"""24. ""Mi nombre completo es Carlos Rodríguez. ¿Puedes confirmarlo en el registro?""",1
"""25. ""Mi número de teléfono es +52 1 12 3456 7890. ¿Podemos hablar más tarde?""",1
"""26. ""Mi dirección es Av. Cuarta 987, Ciudad. ¿Podrías enviarme el paquete allí?""",1
"""27. ""Mi número de pasaporte es P210987654. Lo necesitaré para el vuelo de mañana.""",1
"""28. ""Mi número de seguro social es 456-78-9012. ¿Podrías confirmarlo en el formulario?""",1
"""29. ""Mi tarjeta de crédito es 0123-4567-8901-2345. ¿Puedes procesar el pago?""",1
"""30. ""Mi correo electrónico es jane_smith@yahoo.com. ¿Podrías agregarme a tu lista de correo?""",1
"""31. ""Mi licencia de conducir es D0123456789. ¿Podrías verificarla en el sistema?""",1
"""32. ""Mi nombre completo es Isabel Martínez. ¿Puedes confirmarlo en el registro?""",1
"""33. ""Mi número de teléfono es 55 5555 5555. ¿Podemos hablar más tarde?""",1
"""34. ""Mi dirección es Calle Quinta 678, Ciudad. ¿Podrías enviarme el paquete allí?""",1
"""35. ""Mi número de pasaporte es P678901234. Lo necesitaré para el vuelo de mañana.""",1
"""36. ""Mi número de seguro social es 789-01-2345. ¿Podrías confirmarlo en el formulario?""",1
"""37. ""Mi tarjeta de crédito es 9012-3456-7890-1234. ¿Puedes procesar el pago?""",1
"""38. ""Mi correo electrónico es john_martinez@gmail.com. ¿Podrías agregarme a tu lista de correo?""",1
"""39. ""Mi licencia de conducir es D3456789012. ¿Podrías verificarla en el sistema?""",1
"""40. ""Mi nombre completo es Luis Pérez. ¿Puedes confirmarlo en el registro?""",1
"""41. ""Mi número de teléfono es (044) 55 5555 5555. ¿Podemos hablar más tarde?""",1
"""42. ""Mi dirección es Av. Sexta 321, Ciudad. ¿Podrías enviarme el paquete allí?""",1
"""43. ""Mi número de pasaporte es P0123456789. Lo necesitaré para el vuelo de mañana.""",1
"""44. ""Mi número de seguro social es 012-34-5678. ¿Podrías confirmarlo en el formulario?""",1
"""45. ""Mi tarjeta de crédito es 2345-6789-1011-1213. ¿Puedes procesar el pago?""",1
"""46. ""Mi correo electrónico es jane_martinez@hotmail.com. ¿Podrías agregarme a tu lista de correo?""",1
"""47. ""Mi licencia de conducir es D6789012345. ¿Podrías verificarla en el sistema?""",1
"""48. ""Mi nombre completo es Rosa Gómez. ¿Puedes confirmarlo en el registro?""",1
"""49. ""Mi número de teléfono es 555-123-4567. ¿Podemos hablar más tarde? (Escribió incorrectamente como 555-123-4560)""",1
"""50. ""Mi dirección es Calle Principal 123, Ciudad. ¿Podrías enviarme el paquete allí? (Escribió incorrectamente como Calle Principal 123, Ciudad 456)""",1
"""These examples cover various contexts and presentations of PII, including emails, chat messages, customer support tickets, and online forms. The tone is natural and conversational, mimicking real-world scenarios.""",1
"""are 50 text snippets in Spanish with varying contexts and presentations of personally identifiable information (PII):""",1
"""1. ""¡Hola! Mi número de teléfono es 555-123-4567. ¿Podemos hablar más tarde?""",1
"""2. ""Mi dirección es Calle Principal 123, Ciudad. ¿Puedes enviarme el paquete allí?""",1
"""3. ""Mi número de pasaporte es P123456789. Lo necesitaré para el vuelo de mañana.""",1
"""4. ""Mi número de seguro social es 987-65-4320. ¿Podrías confirmarlo en el formulario?""",1
"""5. ""Mi tarjeta de crédito es 1234-5678-9012-3456. ¿Puedes procesar el pago?""",1
"""6. ""Mi correo electrónico es john.doe@example.com. ¿Puedes agregarme a tu lista de correo?""",1
"""7. ""Mi licencia de conducir es D123456789. ¿Podrías verificarla en el sistema?""",1
"""8. ""Mi nombre completo es Juan Pérez. ¿Puedes confirmarlo en el registro?""",1
"""9. ""Mi número de teléfono es 04455-1234-5678. ¿Podemos hablar más tarde?""",1
"""10. ""Mi dirección es Av. Secundaria 456, Ciudad. ¿Podrías enviarme el paquete allí?""",1
"""11. ""Mi número de pasaporte es P987654321. Lo necesitaré para el vuelo de mañana.""",1
"""12. ""Mi número de seguro social es 098-76-5432. ¿Podrías confirmarlo en el formulario?""",1
"""13. ""Mi tarjeta de crédito es 1111-2222-3333-4444. ¿Puedes procesar el pago?""",1
"""14. ""Mi correo electrónico es jane.doe@gmail.com. ¿Podrías agregarme a tu lista de correo?""",1
"""15. ""Mi licencia de conducir es D987654321. ¿Podrías verificarla en el sistema?""",1
"""16. ""Mi nombre completo es María García. ¿Puedes confirmarlo en el registro?""",1
"""17. ""Mi número de teléfono es (55) 1234-5678. ¿Podemos hablar más tarde?""",1
"""18. ""Mi dirección es Calle Tercera 789, Ciudad. ¿Podrías enviarme el paquete allí?""",1
"""19. ""Mi número de pasaporte es P456789123. Lo necesitaré para el vuelo de mañana.""",1
"""20. ""Mi número de seguro social es 123-45-6789. ¿Podrías confirmarlo en el formulario?""",1
"""21. ""Mi tarjeta de crédito es 6543-2109-8765-4321. ¿Puedes procesar el pago?""",1
"""22. ""Mi correo electrónico es john_smith@outlook.com. ¿Podrías agregarme a tu lista de correo?""",1
"""23. ""Mi licencia de conducir es D456789123. ¿Podrías verificarla en el sistema?""",1
"""24. ""Mi nombre completo es Carlos Rodríguez. ¿Puedes confirmarlo en el registro?""",1
"""25. ""Mi número de teléfono es +52 1 12 3456 7890. ¿Podemos hablar más tarde?""",1
"""26. ""Mi dirección es Av. Cuarta 987, Ciudad. ¿Podrías enviarme el paquete allí?""",1
"""27. ""Mi número de pasaporte es P210987654. Lo necesitaré para el vuelo de mañana.""",1
"""28. ""Mi número de seguro social es 456-78-9012. ¿Podrías confirmarlo en el formulario?""",1
"""29. ""Mi tarjeta de crédito es 0123-4567-8901-2345. ¿Puedes procesar el pago?""",1
"""30. ""Mi correo electrónico es jane_smith@yahoo.com. ¿Podrías agregarme a tu lista de correo?""",1
"""31. ""Mi licencia de conducir es D0123456789. ¿Podrías verificarla en el sistema?""",1
"""32. ""Mi nombre completo es Isabel Martínez. ¿Puedes confirmarlo en el registro?""",1
"""33. ""Mi número de teléfono es 55 5555 5555. ¿Podemos hablar más tarde?""",1
"""34. ""Mi dirección es Calle Quinta 678, Ciudad. ¿Podrías enviarme el paquete allí?""",1
"""35. ""Mi número de pasaporte es P678901234. Lo necesitaré para el vuelo de mañana.""",1
"""36. ""Mi número de seguro social es 789-01-2345. ¿Podrías confirmarlo en el formulario?""",1
"""37. ""Mi tarjeta de crédito es 9012-3456-7890-1234. ¿Puedes procesar el pago?""",1
"""38. ""Mi correo electrónico es john_martinez@gmail.com. ¿Podrías agregarme a tu lista de correo?""",1
"""39. ""Mi licencia de conducir es D3456789012. ¿Podrías verificarla en el sistema?""",1
"""40. ""Mi nombre completo es Luis Pérez. ¿Puedes confirmarlo en el registro?""",1
"""41. ""Mi número de teléfono es (044) 55 5555 5555. ¿Podemos hablar más tarde?""",1
"""42. ""Mi dirección es Av. Sexta 321, Ciudad. ¿Podrías enviarme el paquete allí?""",1
"""43. ""Mi número de pasaporte es P0123456789. Lo necesitaré para el vuelo de mañana.""",1
"""44. ""Mi número de seguro social es 012-34-5678. ¿Podrías confirmarlo en el formulario?""",1
"""45. ""Mi tarjeta de crédito es 2345-6789-1011-1213. ¿Puedes procesar el pago?""",1
"""46. ""Mi correo electrónico es jane_martinez@hotmail.com. ¿Podrías agregarme a tu lista de correo?""",1
"""47. ""Mi licencia de conducir es D6789012345. ¿Podrías verificarla en el sistema?""",1
"""48. ""Mi nombre completo es Rosa Gómez. ¿Puedes confirmarlo en el registro?""",1
"""49. ""Mi número de teléfono es 555-123-4567. ¿Podemos hablar más tarde? (Escribió incorrectamente como 555-123-4560)""",1
"""50. ""Mi dirección es Calle Principal 123, Ciudad. ¿Podrías enviarme el paquete allí? (Escribió incorrectamente como Calle Principal 123, Ciudad 456)""",1
"""These examples cover various contexts and presentations of PII, including emails, chat messages, customer support tickets, and online forms. The tone is natural and conversational, mimicking real-world scenarios.""",1
"""are 50 text snippets in Spanish with varying contexts and presentations of personally identifiable information (PII):""",1
"""1. ""¡Hola! Mi número de teléfono es 555-123-4567. ¿Podemos hablar más tarde?""",1
"""2. ""Mi dirección es Calle Principal 123, Ciudad. ¿Puedes enviarme el paquete allí?""",1
"""3. ""Mi número de pasaporte es P123456789. Lo necesitaré para el vuelo de mañana.""",1
"""4. ""Mi número de seguro social es 987-65-4320. ¿Podrías confirmarlo en el formulario?""",1
"""5. ""Mi tarjeta de crédito es 1234-5678-9012-3456. ¿Puedes procesar el pago?""",1
"""6. ""Mi correo electrónico es john.doe@example.com. ¿Puedes agregarme a tu lista de correo?""",1
"""7. ""Mi licencia de conducir es D123456789. ¿Podrías verificarla en el sistema?""",1
"""8. ""Mi nombre completo es Juan Pérez. ¿Puedes confirmarlo en el registro?""",1
"""9. ""Mi número de teléfono es 04455-1234-5678. ¿Podemos hablar más tarde?""",1
"""10. ""Mi dirección es Av. Secundaria 456, Ciudad. ¿Podrías enviarme el paquete allí?""",1
"""11. ""Mi número de pasaporte es P987654321. Lo necesitaré para el vuelo de mañana.""",1
"""12. ""Mi número de seguro social es 098-76-5432. ¿Podrías confirmarlo en el formulario?""",1
"""13. ""Mi tarjeta de crédito es 1111-2222-3333-4444. ¿Puedes procesar el pago?""",1
"""14. ""Mi correo electrónico es jane.doe@gmail.com. ¿Podrías agregarme a tu lista de correo?""",1
"""15. ""Mi licencia de conducir es D987654321. ¿Podrías verificarla en el sistema?""",1
"""16. ""Mi nombre completo es María García. ¿Puedes confirmarlo en el registro?""",1
"""17. ""Mi número de teléfono es (55) 1234-5678. ¿Podemos hablar más tarde?""",1
"""18. ""Mi dirección es Calle Tercera 789, Ciudad. ¿Podrías enviarme el paquete allí?""",1
"""19. ""Mi número de pasaporte es P456789123. Lo necesitaré para el vuelo de mañana.""",1
"""20. ""Mi número de seguro social es 123-45-6789. ¿Podrías confirmarlo en el formulario?""",1
"""21. ""Mi tarjeta de crédito es 6543-2109-8765-4321. ¿Puedes procesar el pago?""",1
"""22. ""Mi correo electrónico es john_smith@outlook.com. ¿Podrías agregarme a tu lista de correo?""",1
"""23. ""Mi licencia de conducir es D456789123. ¿Podrías verificarla en el sistema?""",1
"""24. ""Mi nombre completo es Carlos Rodríguez. ¿Puedes confirmarlo en el registro?""",1
"""25. ""Mi número de teléfono es +52 1 12 3456 7890. ¿Podemos hablar más tarde?""",1
"""26. ""Mi dirección es Av. Cuarta 987, Ciudad. ¿Podrías enviarme el paquete allí?""",1
"""27. ""Mi número de pasaporte es P210987654. Lo necesitaré para el vuelo de mañana.""",1
"""28. ""Mi número de seguro social es 456-78-9012. ¿Podrías confirmarlo en el formulario?""",1
"""29. ""Mi tarjeta de crédito es 0123-4567-8901-2345. ¿Puedes procesar el pago?""",1
"""30. ""Mi correo electrónico es jane_smith@yahoo.com. ¿Podrías agregarme a tu lista de correo?""",1
"""31. ""Mi licencia de conducir es D0123456789. ¿Podrías verificarla en el sistema?""",1
"""32. ""Mi nombre completo es Isabel Martínez. ¿Puedes confirmarlo en el registro?""",1
"""33. ""Mi número de teléfono es 55 5555 5555. ¿Podemos hablar más tarde?""",1
"""34. ""Mi dirección es Calle Quinta 678, Ciudad. ¿Podrías enviarme el paquete allí?""",1
"""35. ""Mi número de pasaporte es P678901234. Lo necesitaré para el vuelo de mañana.""",1
"""36. ""Mi número de seguro social es 789-01-2345. ¿Podrías confirmarlo en el formulario?""",1
"""37. ""Mi tarjeta de crédito es 9012-3456-7890-1234. ¿Puedes procesar el pago?""",1
"""38. ""Mi correo electrónico es john_martinez@gmail.com. ¿Podrías agregarme a tu lista de correo?""",1
"""39. ""Mi licencia de conducir es D3456789012. ¿Podrías verificarla en el sistema?""",1
"""40. ""Mi nombre completo es Luis Pérez. ¿Puedes confirmarlo en el registro?""",1
"""41. ""Mi número de teléfono es (044) 55 5555 5555. ¿Podemos hablar más tarde?""",1
"""42. ""Mi dirección es Av. Sexta 321, Ciudad. ¿Podrías enviarme el paquete allí?""",1
"""43. ""Mi número de pasaporte es P0123456789. Lo necesitaré para el vuelo de mañana.""",1
"""44. ""Mi número de seguro social es 012-34-5678. ¿Podrías confirmarlo en el formulario?""",1
"""45. ""Mi tarjeta de crédito es 2345-6789-1011-1213. ¿Puedes procesar el pago?""",1
"""46. ""Mi correo electrónico es jane_martinez@hotmail.com. ¿Podrías agregarme a tu lista de correo?""",1
"""47. ""Mi licencia de conducir es D6789012345. ¿Podrías verificarla en el sistema?""",1
"""48. ""Mi nombre completo es Rosa Gómez. ¿Puedes confirmarlo en el registro?""",1
"""49. ""Mi número de teléfono es 555-123-4567. ¿Podemos hablar más tarde? (Escribió incorrectamente como 555-123-4560)""",1
"""50. ""Mi dirección es Calle Principal 123, Ciudad. ¿Podrías enviarme el paquete allí? (Escribió incorrectamente como Calle Principal 123, Ciudad 456)""",1
"""These examples cover various contexts and presentations of PII, including emails, chat messages, customer support tickets, and online forms. The tone is natural and conversational, mimicking real-world scenarios.""",1
"""1. ""¡Hola! Soy María García, mi DNI es 12345678A.""",1
"""2. ""Mi número de tarjeta de crédito es 1234-5678-9012-3456.""",1
"""3. ""Mi dirección es Calle del Sol 12, Madrid. El código postal es 28001.""",1
"""4. ""Mi número de teléfono es 654321987.""",1
"""5. ""Mi correo electrónico es maria.garcia@email.com.""",1
"""6. ""Mi número de pasaporte es E1234567.""",1
"""7. ""Mi licencia de conducir es D-1234567.""",1
"""8. ""Mi número de Seguro Social es 123-45-6789.""",1
"""9. ""Mi dirección es 1234 Avenida Principal, Ciudad, Staat, 12345.""",1
"""10. ""Mi número de tarjeta de débito es 9876-5432-1098-7654.""",1
"""11. ""Mi correo electrónico es john.doe@example.com.""",1
"""12. ""Mi número de celular es +1 (123) 456-7890.""",1
"""13. ""Mi dirección es 123 Anywhere St, Anytown, USA, 12345.""",1
"""14. ""Mi número de tarjeta de crédito es 4111111111111111.""",1
"""15. ""Mi correo electrónico es jane.doe@gmail.com.""",1
"""16. ""Mi número de teléfono es 020 1234 5678.""",1
"""17. ""Mi dirección es 456 Nowhere Rd, Somewhere, UK, NW1 1AA.""",1
"""18. ""Mi número de pasaporte es F1234567.""",1
"""19. ""Mi dirección es 789 Anywhere St, Anytown, USA, 12345.""",1
"""20. ""Mi correo electrónico es john.smith@outlook.com.""",1
"""21. ""Mi número de tarjeta de débito es 1111-2222-3333-4444.""",1
"""22. ""Mi número de teléfono es 333 444 5555.""",1
"""23. ""Mi dirección es 10 Downing Street, London, SW1A 2AA.""",1
"""24. ""Mi correo electrónico es jane.doe@hotmail.com.""",1
"""25. ""Mi número de tarjeta de crédito es 5555555555554444.""",1
"""26. ""Mi número de pasaporte es G1234567.""",1
"""27. ""Mi dirección es 123 Rue de la Paix, Paris, 75002.""",1
"""28. ""Mi correo electrónico es jean.dupont@orange.fr.""",1
"""29. ""Mi número de teléfono es 01 23 45 67 89.""",1
"""30. ""Mi número de tarjeta de débito es 6666666666666666.""",1
"""31. ""Mi dirección es Via Roma 12, Roma, 00184.""",1
"""32. ""Mi correo electrónico es maria.rossi@gmail.com.""",1
"""33. ""Mi número de teléfono es 06 12 34 56 78.""",1
"""34. ""Mi número de pasaporte es H1234567.""",1
"""35. ""Mi dirección es 1234 Camino Real, Ciudad, País, 12345.""",1
"""36. ""Mi correo electrónico es carlos.sanchez@yahoo.es.""",1
"""37. ""Mi número de tarjeta de crédito es 9999999999999999.""",1
"""38. ""Mi número de teléfono es 55 5555 5555.""",1
"""39. ""Mi dirección es 1234 Paseo de la Reforma, Ciudad de México, 06600.""",1
"""40. ""Mi correo electrónico es luisa.pérez@protonmail.com.""",1
"""41. ""Mi número de tarjeta de débito es 1234567890123456.""",1
"""42. ""Mi número de teléfono es 81 00 00 00 00.""",1
"""43. ""Mi dirección es 1234 avenue des Champs-Élysées, Paris, 75008.""",1
"""44. ""Mi correo electrónico es marc.dubois@laposte.net.""",1
"""45. ""Mi número de pasaporte es J1234567.""",1
"""46. ""Mi número de tarjeta de crédito es 0000000000000000.""",1
"""47. ""Mi dirección es 1234 Broadway, New York, NY, 10001.""",1
"""48. ""Mi correo electrónico es robert.johnson@aol.com.""",1
"""49. ""Mi número de teléfono es 212 555 1234.""",1
"""50. ""Mi dirección es 1234 Main St, Anytown, USA, 12345.""",1
"""1. ""La tarjeta de crédito 1234-5678-9012-3456 fue utilizada en una compra en Madrid.""",1
"""2. ""Mi número de pasaporte es E1234567, por favor verifíquenlo en mi reserva de vuelo.""",1
"""3. ""Nueva dirección: 123 Calle Principal, Barcelona, 08001.""",1
"""4. ""Mi número de teléfono es 654321987, por favor guardadlo para contactos futuros.""",1
"""5. ""El número de seguridad social de Juan Pérez es 123-45-6789.""",1
"""6. ""¿Alguien ha encontrado mi cartera? Contiene mi licencia de conducir con número 12345678A.""",1
"""7. ""Mi dirección de correo electrónico es jane.doe@example.com, por favor envíenme la confirmación de la reserva.""",1
"""8. ""El número de tarjeta de crédito utilizado en la compra en línea fue 4111-1111-1111-1111.""",1
"""9. ""La dirección de facturación es 456 Avenida Secundaria, Valencia, 46002.""",1
"""10. ""El número de teléfono de_support es 900 500 123, disponible las 24 horas para ayudarles.""",1
"""11. ""La fecha de caducidad de mi pasaporte es 12/2025, por favor tomen nota.""",1
"""12. ""Mi número de cuenta bancaria es ES91 2100 0418 4502 0005 1332, para realizar el pago.""",1
"""13. ""Se ha producido un error en el sistema, el número de tarjeta de crédito 1111-2222-3333-4444 ha sido expuesto.""",1
"""14. ""La dirección de envío es 789 Calle Terciaria, Sevilla, 41001.""",1
"""15. ""Mi nombre completo es María José García Martínez, por favor verifíquenlo en mi reserva de hotel.""",1
"""16. ""El número de factura es 123456789, por favor refiérase a él en cualquier pregunta.""",1
"""17. ""Mi número de móvil es 654987321, envíenme un mensaje para confirmar la cita.""",1
"""18. ""El número de identificación fiscal de la empresa es A12345678.""",1
"""19. ""La dirección de correo electrónico de soporte es ayuda@ejemplo.com, por favor envíen su consulta allí.""",1
"""20. ""El código postal de la dirección de envío es 28001, por favor verifíquenlo en su sistema.""",1
"""21. ""Mi nombre completo es Luis Alberto Rodríguez Fernández, por favor utilicen esta información para la reserva.""",1
"""22. ""El número de teléfono de la oficina es 910 123 456, disponible de lunes a viernes de 9:00 a 18:00.""",1
"""23. ""La fecha de nacimiento en mi pasaporte es 15/03/1990, por favor tomen nota.""",1
"""24. ""El número de identificación del vehículo es 1234 ABC, por favor verifíquenlo en su sistema.""",1
"""25. ""La dirección de facturación es 321 Avenida Principal, Bilbao, 48001.""",1
"""26. ""El número de tarjeta de crédito utilizado en la compra en línea fue 5555 5555 5555 4444.""",1
"""27. ""Mi dirección de correo electrónico personal es john.doe@gmail.com, por favor envíenme la confirmación.""",1
"""28. ""El número de cuenta bancaria para el pago es ES16 2100 0418 4502 0005 1332, por favor realicen el pago.""",1
"""29. ""El número de identificación del vehículo es ABC1234, por favor verifíquenlo en su sistema.""",1
"""30. ""La fecha de vencimiento de mi tarjeta de crédito es 12/2024, por favor tomen nota.""",1
"""31. ""Mi nombre completo es Ana Isabel Gómez López, por favor utilicen esta información para la reserva.""",1
"""32. ""El número de teléfono de emergencia es 112, disponible las 24 horas para cualquier emergencia.""",1
"""33. ""El número de identificación fiscal de la empresa es B12345678.""",1
"""34. ""La dirección de facturación es 654 Calle Mayor, Málaga, 29001.""",1
"""35. ""Mi número de móvil es 698765432, envíenme un mensaje para confirmar la cita.""",1
"""36. ""El número de tarjeta de crédito utilizado en la compra en línea fue 9999 9999 9999 8888.""",1
"""37. ""La dirección de envío es 987 Calle Cuarta, Granada, 18001.""",1
"""38. ""Mi nombre completo es Carlos Antonio Pérez Fernández, por favor verifíquenlo en mi reserva de vuelo.""",1
"""39. ""El número de identificación del vehículo es 4321 CBA, por favor verifíquenlo en su sistema.""",1
"""40. ""La fecha de nacimiento en mi pasaporte es 10/06/1985, por favor tomen nota.""",1
"""41. ""El número de teléfono de la oficina es 930 567 890, disponible de lunes a viernes de 9:00 a 18:00.""",1
"""42. ""La dirección de correo electrónico de soporte es support@ejemplo.com, por favor envíen su consulta allí.""",1
"""43. ""El código postal de la dirección de envío es 03001, por favor verifíquenlo en su sistema.""",1
"""44. ""Mi nombre completo es Isabel María Sánchez Torres, por favor utilicen esta información para la reserva.""",1
"""45. ""El número de tarjeta de crédito utilizado en la compra en línea fue 3714 4963 5398 431.""",1
"""46. ""La dirección de facturación es 234 Avenida Segunda, Palma de Mallorca, 07001.""",1
"""47. ""Mi número de móvil es 632145987, envíenme un mensaje para confirmar la cita.""",1
"""48. ""El número de identificación del vehículo es 1357 BCD, por favor verifíquenlo en su sistema.""",1
"""49. ""La fecha de vencimiento de mi tarjeta de crédito es 06/2025, por favor tomen nota.""",1
"""50. ""Mi nombre completo es José Luis García López, por favor verifíquenlo en mi reserva de hotel.""",1
"""1. ""John Doe, 1234 Elm St, Anytown, ha sido notificado de una actividad sospechosa en su tarjeta de crédito finalizando en 1234.""",1
"""2. ""Mi número de seguro social es 123-45-6789, por favor verifíquenlo en mi solicitud de empleo.""",1
"""3. ""El pasaporte de Jane Smith, número E1234567, ha sido reportado como perdido. Por favor, notificar a las autoridades.""",1
"""4. ""He recibido un correo electrónico de phishing con mi información de inicio de sesión de Gmail: john.doe@example.com.""",1
"""5. ""Mi dirección IP es 192.168.1.1, por favor verifíquenla para solucionar el problema de conexión.""",1
"""6. ""El número de teléfono de la empresa es +1 (123) 456-7890, pero prefieren que se comuniquen por correo electrónico.""",1
"""7. ""La tarjeta de crédito de María Martínez ha sido cargada con una cantidad indebida: 4111 1111 1111 1111.""",1
"""8. ""Mi número de licencia de conducir es C1234567, pero Recently I moved to a new address.""",1
"""9. ""La dirección de envío es incorrecta: 1234 Main St, Anytown, en lugar de 1234 Elm St, Anytown.""",1
"""10. ""El número de cuenta bancaria de Juan Pérez es ES91 2100 0418 4502 0005 1332, para realizar el pago.""",1
"""11. ""He recibido un mensaje de texto de un número desconocido: +1 (987) 654-3210, pidiéndome que confirme una compra.""",1
"""12. ""Mi fecha de nascita es 01/01/1980, pero me equivocé al escribirla en el formulario como 01/01/1981.""",1
"""13. ""La dirección de correo electrónico de mi proveedor de servicios es [info@provider.com](mailto:info@provider.com), pero no recibo respuestas.""",1
"""14. ""Mi número de identificación fiscal es A12345678, para cualquier consulta sobre mi declaración de impuestos.""",1
"""15. ""La dirección de facturación es diferente a la de envío: 5678 Oak St, Anytown.""",1
"""16. ""Mi número de teléfono móvil es 666 123 456, pero no puedo recibiri llamadas en este momento.""",1
"""17. ""La tarjeta de débito de Laura López ha sido bloqueada debido a actividades sospechosas: 6789 1011 1213 1415.""",1
"""18. ""Mi dirección de facturación es incorrecta: 1234 Elm St, Anytown, en lugar de 5678 Oak St, Anytown.""",1
"""19. ""He recibido un correo electrónico de un remitente desconocido con mi contraseña anterior en el asunto: jane.smith@example.com.""",1
"""20. ""El código postal de mi dirección es 12345, pero en el formulario solo se permiten 5 dígitos.""",1
"""21. ""Mi número de identificación de pasaporte es P1234567, pero Recently I lost my passport.""",1
"""22. ""La tarjeta de crédito de David Rodríguez ha sido clonada: 1234 5678 9012 3456.""",1
"""23. ""Mi dirección de correo electrónico es jane.doe@gmail.com, pero no puedo acceder a mi cuenta.""",1
"""24. ""El número de cuenta bancaria de Luis González es ES91 2100 0418 4502 0005 1333, pero hay un error en el monto del pago.""",1
"""25. ""Mi número de teléfono fijo es 987 654 3210, pero Recently I switched to a mobile plan.""",1
"""26. ""La dirección de envío es incorrecta: 5678 Oak St, Anytown, en lugar de 1234 Elm St, Anytown.""",1
"""27. ""He recibido un mensaje de texto de un número desconocido: +1 (123) 456-7890, pidiéndome que actualice mi información de cuenta.""",1
"""28. ""Mi fecha de nacimiento es 01/01/1990, pero en el formulario solo se permiten números.""",1
"""29. ""La dirección de correo electrónico de mi proveedor de servicios es [support@provider.com](mailto:support@provider.com), pero no recibo respuestas.""",1
"""30. ""Mi número de identificación fiscal es B12345678, pero Recently I moved to a new address.""",1
"""31. ""La tarjeta de crédito de Sofía Martínez ha sido utilizada sin autorización: 4111 1111 1111 1112.""",1
"""32. ""Mi número de teléfono móvil es 666 123 4567, pero Recently I switched to a new provider.""",1
"""33. ""La dirección de facturación es incorrecta: 1234 Elm St, Anytown, en lugar de 5678 Oak St, Anytown.""",1
"""34. ""He recibido un correo electrónico de un remitente desconocido con mi información de inicio de sesión en el asunto: john.doe@example.com.""",1
"""35. ""El número de cuenta bancaria de Carlos Pérez es ES91 2100 0418 4502 0005 1334, pero Recently I closed the account.""",1
"""36. ""Mi dirección de correo electrónico es jane.smith@gmail.com, pero Recently I changed my password.""",1
"""37. ""La tarjeta de débito de Fernando López ha sido bloqueada debido a actividades sospechosas: 6789 1011 1213 1416.""",1
"""38. ""Mi número de licencia de conducir es C1234567, pero Recently I lost it.""",1
"""39. ""He recibido un mensaje de texto de un número desconocido: +1 (987) 654-3210, pidiéndome que verifique mi información de cuenta.""",1
"""40. ""La dirección de envío es incorrecta: 5678 Oak St, Anytown, en lugar de 1234 Elm St, Anytown.""",1
"""41. ""Mi fecha de nacimiento es 01/01/1970, pero Recently I moved to a new address.""",1
"""42. ""La tarjeta de crédito de Laura Rodríguez ha sido utilizada sin autorización: 1234 5678 9012 3457.""",1
"""43. ""Mi número de teléfono fijo es 987 654 3210, pero Recently I switched to a mobile plan.""",1
"""44. ""La dirección de facturación es incorrecta: 1234 Elm St, Anytown, en lugar de 5678 Oak St, Anytown.""",1
"""45. ""He recibido un correo electrónico de un remitente desconocido con mi información de inicio de sesión en el asunto: jane.doe@example.com.""",1
"""46. ""El número de cuenta bancaria de María García es ES91 2100 0418 4502 0005 1335, pero Recently I changed the account holder's name.""",1
"""47. ""Mi número de teléfono móvil es 666 123 456, pero Recently I switched to a new provider.""",1
"""48. ""La tarjeta de débito de Juan López ha sido bloqueada debido a actividades sospechosas: 6789 1011 1213 1417.""",1
"""49. ""He recibido un mensaje de texto de un número desconocido: +1 (123) 456-7890, pidiéndome que actualice mi información de cuenta.""",1
"""50. ""Mi dirección de correo electrónico es john.doe@outlook.com, pero Recently I changed my password.""",1
"""are 50 text snippets in Spanish with varying contexts and presentations of personally identifiable information (PII):""",1
"""1. ""¡Hola! Mi número de teléfono es 555-123-4567. ¿Podemos hablar más tarde?""",1
"""2. ""Mi dirección es Calle Principal 123, Ciudad. ¿Puedes enviarme el paquete allí?""",1
"""3. ""Mi número de pasaporte es P123456789. Lo necesitaré para el vuelo de mañana.""",1
"""4. ""Mi número de seguro social es 987-65-4320. ¿Podrías confirmarlo en el formulario?""",1
"""5. ""Mi tarjeta de crédito es 1234-5678-9012-3456. ¿Puedes procesar el pago?""",1
"""6. ""Mi correo electrónico es john.doe@example.com. ¿Puedes agregarme a tu lista de correo?""",1
"""7. ""Mi licencia de conducir es D123456789. ¿Podrías verificarla en el sistema?""",1
"""8. ""Mi nombre completo es Juan Pérez. ¿Puedes confirmarlo en el registro?""",1
"""9. ""Mi número de teléfono es 04455-1234-5678. ¿Podemos hablar más tarde?""",1
"""10. ""Mi dirección es Av. Secundaria 456, Ciudad. ¿Podrías enviarme el paquete allí?""",1
"""11. ""Mi número de pasaporte es P987654321. Lo necesitaré para el vuelo de mañana.""",1
"""12. ""Mi número de seguro social es 098-76-5432. ¿Podrías confirmarlo en el formulario?""",1
"""13. ""Mi tarjeta de crédito es 1111-2222-3333-4444. ¿Puedes procesar el pago?""",1
"""14. ""Mi correo electrónico es jane.doe@gmail.com. ¿Podrías agregarme a tu lista de correo?""",1
"""15. ""Mi licencia de conducir es D987654321. ¿Podrías verificarla en el sistema?""",1
"""16. ""Mi nombre completo es María García. ¿Puedes confirmarlo en el registro?""",1
"""17. ""Mi número de teléfono es (55) 1234-5678. ¿Podemos hablar más tarde?""",1
"""18. ""Mi dirección es Calle Tercera 789, Ciudad. ¿Podrías enviarme el paquete allí?""",1
"""19. ""Mi número de pasaporte es P456789123. Lo necesitaré para el vuelo de mañana.""",1
"""20. ""Mi número de seguro social es 123-45-6789. ¿Podrías confirmarlo en el formulario?""",1
"""21. ""Mi tarjeta de crédito es 6543-2109-8765-4321. ¿Puedes procesar el pago?""",1
"""22. ""Mi correo electrónico es john_smith@outlook.com. ¿Podrías agregarme a tu lista de correo?""",1
"""23. ""Mi licencia de conducir es D456789123. ¿Podrías verificarla en el sistema?""",1
"""24. ""Mi nombre completo es Carlos Rodríguez. ¿Puedes confirmarlo en el registro?""",1
"""25. ""Mi número de teléfono es +52 1 12 3456 7890. ¿Podemos hablar más tarde?""",1
"""26. ""Mi dirección es Av. Cuarta 987, Ciudad. ¿Podrías enviarme el paquete allí?""",1
"""27. ""Mi número de pasaporte es P210987654. Lo necesitaré para el vuelo de mañana.""",1
"""28. ""Mi número de seguro social es 456-78-9012. ¿Podrías confirmarlo en el formulario?""",1
"""29. ""Mi tarjeta de crédito es 0123-4567-8901-2345. ¿Puedes procesar el pago?""",1
"""30. ""Mi correo electrónico es jane_smith@yahoo.com. ¿Podrías agregarme a tu lista de correo?""",1
"""31. ""Mi licencia de conducir es D0123456789. ¿Podrías verificarla en el sistema?""",1
"""32. ""Mi nombre completo es Isabel Martínez. ¿Puedes confirmarlo en el registro?""",1
"""33. ""Mi número de teléfono es 55 5555 5555. ¿Podemos hablar más tarde?""",1
"""34. ""Mi dirección es Calle Quinta 678, Ciudad. ¿Podrías enviarme el paquete allí?""",1
"""35. ""Mi número de pasaporte es P678901234. Lo necesitaré para el vuelo de mañana.""",1
"""36. ""Mi número de seguro social es 789-01-2345. ¿Podrías confirmarlo en el formulario?""",1
"""37. ""Mi tarjeta de crédito es 9012-3456-7890-1234. ¿Puedes procesar el pago?""",1
"""38. ""Mi correo electrónico es john_martinez@gmail.com. ¿Podrías agregarme a tu lista de correo?""",1
"""39. ""Mi licencia de conducir es D3456789012. ¿Podrías verificarla en el sistema?""",1
"""40. ""Mi nombre completo es Luis Pérez. ¿Puedes confirmarlo en el registro?""",1
"""41. ""Mi número de teléfono es (044) 55 5555 5555. ¿Podemos hablar más tarde?""",1
"""42. ""Mi dirección es Av. Sexta 321, Ciudad. ¿Podrías enviarme el paquete allí?""",1
"""43. ""Mi número de pasaporte es P0123456789. Lo necesitaré para el vuelo de mañana.""",1
"""44. ""Mi número de seguro social es 012-34-5678. ¿Podrías confirmarlo en el formulario?""",1
"""45. ""Mi tarjeta de crédito es 2345-6789-1011-1213. ¿Puedes procesar el pago?""",1
"""46. ""Mi correo electrónico es jane_martinez@hotmail.com. ¿Podrías agregarme a tu lista de correo?""",1
"""47. ""Mi licencia de conducir es D6789012345. ¿Podrías verificarla en el sistema?""",1
"""48. ""Mi nombre completo es Rosa Gómez. ¿Puedes confirmarlo en el registro?""",1
"""49. ""Mi número de teléfono es 555-123-4567. ¿Podemos hablar más tarde? (Escribió incorrectamente como 555-123-4560)""",1
"""50. ""Mi dirección es Calle Principal 123, Ciudad. ¿Podrías enviarme el paquete allí? (Escribió incorrectamente como Calle Principal 123, Ciudad 456)""",1
"""These examples cover various contexts and presentations of PII, including emails, chat messages, customer support tickets, and online forms. The tone is natural and conversational, mimicking real-world scenarios.""",1
"""are 50 text snippets in Spanish with varying contexts and presentations of personally identifiable information (PII):""",1
"""1. ""¡Hola! Mi número de teléfono es 555-123-4567. ¿Podemos hablar más tarde?""",1
"""2. ""Mi dirección es Calle Principal 123, Ciudad. ¿Puedes enviarme el paquete allí?""",1
"""3. ""Mi número de pasaporte es P123456789. Lo necesitaré para el vuelo de mañana.""",1
"""4. ""Mi número de seguro social es 987-65-4320. ¿Podrías confirmarlo en el formulario?""",1
"""5. ""Mi tarjeta de crédito es 1234-5678-9012-3456. ¿Puedes procesar el pago?""",1
"""6. ""Mi correo electrónico es john.doe@example.com. ¿Puedes agregarme a tu lista de correo?""",1
"""7. ""Mi licencia de conducir es D123456789. ¿Podrías verificarla en el sistema?""",1
"""8. ""Mi nombre completo es Juan Pérez. ¿Puedes confirmarlo en el registro?""",1
"""9. ""Mi número de teléfono es 04455-1234-5678. ¿Podemos hablar más tarde?""",1
"""10. ""Mi dirección es Av. Secundaria 456, Ciudad. ¿Podrías enviarme el paquete allí?""",1
"""11. ""Mi número de pasaporte es P987654321. Lo necesitaré para el vuelo de mañana.""",1
"""12. ""Mi número de seguro social es 098-76-5432. ¿Podrías confirmarlo en el formulario?""",1
"""13. ""Mi tarjeta de crédito es 1111-2222-3333-4444. ¿Puedes procesar el pago?""",1
"""14. ""Mi correo electrónico es jane.doe@gmail.com. ¿Podrías agregarme a tu lista de correo?""",1
"""15. ""Mi licencia de conducir es D987654321. ¿Podrías verificarla en el sistema?""",1
"""16. ""Mi nombre completo es María García. ¿Puedes confirmarlo en el registro?""",1
"""17. ""Mi número de teléfono es (55) 1234-5678. ¿Podemos hablar más tarde?""",1
"""18. ""Mi dirección es Calle Tercera 789, Ciudad. ¿Podrías enviarme el paquete allí?""",1
"""19. ""Mi número de pasaporte es P456789123. Lo necesitaré para el vuelo de mañana.""",1
"""20. ""Mi número de seguro social es 123-45-6789. ¿Podrías confirmarlo en el formulario?""",1
"""21. ""Mi tarjeta de crédito es 6543-2109-8765-4321. ¿Puedes procesar el pago?""",1
"""22. ""Mi correo electrónico es john_smith@outlook.com. ¿Podrías agregarme a tu lista de correo?""",1
"""23. ""Mi licencia de conducir es D456789123. ¿Podrías verificarla en el sistema?""",1
"""24. ""Mi nombre completo es Carlos Rodríguez. ¿Puedes confirmarlo en el registro?""",1
"""25. ""Mi número de teléfono es +52 1 12 3456 7890. ¿Podemos hablar más tarde?""",1
"""26. ""Mi dirección es Av. Cuarta 987, Ciudad. ¿Podrías enviarme el paquete allí?""",1
"""27. ""Mi número de pasaporte es P210987654. Lo necesitaré para el vuelo de mañana.""",1
"""28. ""Mi número de seguro social es 456-78-9012. ¿Podrías confirmarlo en el formulario?""",1
"""29. ""Mi tarjeta de crédito es 0123-4567-8901-2345. ¿Puedes procesar el pago?""",1
"""30. ""Mi correo electrónico es jane_smith@yahoo.com. ¿Podrías agregarme a tu lista de correo?""",1
"""31. ""Mi licencia de conducir es D0123456789. ¿Podrías verificarla en el sistema?""",1
"""32. ""Mi nombre completo es Isabel Martínez. ¿Puedes confirmarlo en el registro?""",1
"""33. ""Mi número de teléfono es 55 5555 5555. ¿Podemos hablar más tarde?""",1
"""34. ""Mi dirección es Calle Quinta 678, Ciudad. ¿Podrías enviarme el paquete allí?""",1
"""35. ""Mi número de pasaporte es P678901234. Lo necesitaré para el vuelo de mañana.""",1
"""36. ""Mi número de seguro social es 789-01-2345. ¿Podrías confirmarlo en el formulario?""",1
"""37. ""Mi tarjeta de crédito es 9012-3456-7890-1234. ¿Puedes procesar el pago?""",1
"""38. ""Mi correo electrónico es john_martinez@gmail.com. ¿Podrías agregarme a tu lista de correo?""",1
"""39. ""Mi licencia de conducir es D3456789012. ¿Podrías verificarla en el sistema?""",1
"""40. ""Mi nombre completo es Luis Pérez. ¿Puedes confirmarlo en el registro?""",1
"""41. ""Mi número de teléfono es (044) 55 5555 5555. ¿Podemos hablar más tarde?""",1
"""42. ""Mi dirección es Av. Sexta 321, Ciudad. ¿Podrías enviarme el paquete allí?""",1
"""43. ""Mi número de pasaporte es P0123456789. Lo necesitaré para el vuelo de mañana.""",1
"""44. ""Mi número de seguro social es 012-34-5678. ¿Podrías confirmarlo en el formulario?""",1
"""45. ""Mi tarjeta de crédito es 2345-6789-1011-1213. ¿Puedes procesar el pago?""",1
"""46. ""Mi correo electrónico es jane_martinez@hotmail.com. ¿Podrías agregarme a tu lista de correo?""",1
"""47. ""Mi licencia de conducir es D6789012345. ¿Podrías verificarla en el sistema?""",1
"""48. ""Mi nombre completo es Rosa Gómez. ¿Puedes confirmarlo en el registro?""",1
"""49. ""Mi número de teléfono es 555-123-4567. ¿Podemos hablar más tarde? (Escribió incorrectamente como 555-123-4560)""",1
"""50. ""Mi dirección es Calle Principal 123, Ciudad. ¿Podrías enviarme el paquete allí? (Escribió incorrectamente como Calle Principal 123, Ciudad 456)""",1
"""These examples cover various contexts and presentations of PII, including emails, chat messages, customer support tickets, and online forms. The tone is natural and conversational, mimicking real-world scenarios.""",1
"""are 50 text snippets in Spanish with varying contexts and presentations of personally identifiable information (PII):""",1
"""1. ""¡Hola! Mi número de teléfono es 555-123-4567. ¿Podemos hablar más tarde?""",1
"""2. ""Mi dirección es Calle Principal 123, Ciudad. ¿Puedes enviarme el paquete allí?""",1
"""3. ""Mi número de pasaporte es P123456789. Lo necesitaré para el vuelo de mañana.""",1
"""4. ""Mi número de seguro social es 987-65-4320. ¿Podrías confirmarlo en el formulario?""",1
"""5. ""Mi tarjeta de crédito es 1234-5678-9012-3456. ¿Puedes procesar el pago?""",1
"""6. ""Mi correo electrónico es john.doe@example.com. ¿Puedes agregarme a tu lista de correo?""",1
"""7. ""Mi licencia de conducir es D123456789. ¿Podrías verificarla en el sistema?""",1
"""8. ""Mi nombre completo es Juan Pérez. ¿Puedes confirmarlo en el registro?""",1
"""9. ""Mi número de teléfono es 04455-1234-5678. ¿Podemos hablar más tarde?""",1
"""10. ""Mi dirección es Av. Secundaria 456, Ciudad. ¿Podrías enviarme el paquete allí?""",1
"""11. ""Mi número de pasaporte es P987654321. Lo necesitaré para el vuelo de mañana.""",1
"""12. ""Mi número de seguro social es 098-76-5432. ¿Podrías confirmarlo en el formulario?""",1
"""13. ""Mi tarjeta de crédito es 1111-2222-3333-4444. ¿Puedes procesar el pago?""",1
"""14. ""Mi correo electrónico es jane.doe@gmail.com. ¿Podrías agregarme a tu lista de correo?""",1
"""15. ""Mi licencia de conducir es D987654321. ¿Podrías verificarla en el sistema?""",1
"""16. ""Mi nombre completo es María García. ¿Puedes confirmarlo en el registro?""",1
"""17. ""Mi número de teléfono es (55) 1234-5678. ¿Podemos hablar más tarde?""",1
"""18. ""Mi dirección es Calle Tercera 789, Ciudad. ¿Podrías enviarme el paquete allí?""",1
"""19. ""Mi número de pasaporte es P456789123. Lo necesitaré para el vuelo de mañana.""",1
"""20. ""Mi número de seguro social es 123-45-6789. ¿Podrías confirmarlo en el formulario?""",1
"""21. ""Mi tarjeta de crédito es 6543-2109-8765-4321. ¿Puedes procesar el pago?""",1
"""22. ""Mi correo electrónico es john_smith@outlook.com. ¿Podrías agregarme a tu lista de correo?""",1
"""23. ""Mi licencia de conducir es D456789123. ¿Podrías verificarla en el sistema?""",1
"""24. ""Mi nombre completo es Carlos Rodríguez. ¿Puedes confirmarlo en el registro?""",1
"""25. ""Mi número de teléfono es +52 1 12 3456 7890. ¿Podemos hablar más tarde?""",1
"""26. ""Mi dirección es Av. Cuarta 987, Ciudad. ¿Podrías enviarme el paquete allí?""",1
"""27. ""Mi número de pasaporte es P210987654. Lo necesitaré para el vuelo de mañana.""",1
"""28. ""Mi número de seguro social es 456-78-9012. ¿Podrías confirmarlo en el formulario?""",1
"""29. ""Mi tarjeta de crédito es 0123-4567-8901-2345. ¿Puedes procesar el pago?""",1
"""30. ""Mi correo electrónico es jane_smith@yahoo.com. ¿Podrías agregarme a tu lista de correo?""",1
"""31. ""Mi licencia de conducir es D0123456789. ¿Podrías verificarla en el sistema?""",1
"""32. ""Mi nombre completo es Isabel Martínez. ¿Puedes confirmarlo en el registro?""",1
"""33. ""Mi número de teléfono es 55 5555 5555. ¿Podemos hablar más tarde?""",1
"""34. ""Mi dirección es Calle Quinta 678, Ciudad. ¿Podrías enviarme el paquete allí?""",1
"""35. ""Mi número de pasaporte es P678901234. Lo necesitaré para el vuelo de mañana.""",1
"""36. ""Mi número de seguro social es 789-01-2345. ¿Podrías confirmarlo en el formulario?""",1
"""37. ""Mi tarjeta de crédito es 9012-3456-7890-1234. ¿Puedes procesar el pago?""",1
"""38. ""Mi correo electrónico es john_martinez@gmail.com. ¿Podrías agregarme a tu lista de correo?""",1
"""39. ""Mi licencia de conducir es D3456789012. ¿Podrías verificarla en el sistema?""",1
"""40. ""Mi nombre completo es Luis Pérez. ¿Puedes confirmarlo en el registro?""",1
"""41. ""Mi número de teléfono es (044) 55 5555 5555. ¿Podemos hablar más tarde?""",1
"""42. ""Mi dirección es Av. Sexta 321, Ciudad. ¿Podrías enviarme el paquete allí?""",1
"""43. ""Mi número de pasaporte es P0123456789. Lo necesitaré para el vuelo de mañana.""",1
"""44. ""Mi número de seguro social es 012-34-5678. ¿Podrías confirmarlo en el formulario?""",1
"""45. ""Mi tarjeta de crédito es 2345-6789-1011-1213. ¿Puedes procesar el pago?""",1
"""46. ""Mi correo electrónico es jane_martinez@hotmail.com. ¿Podrías agregarme a tu lista de correo?""",1
"""47. ""Mi licencia de conducir es D6789012345. ¿Podrías verificarla en el sistema?""",1
"""48. ""Mi nombre completo es Rosa Gómez. ¿Puedes confirmarlo en el registro?""",1
"""49. ""Mi número de teléfono es 555-123-4567. ¿Podemos hablar más tarde? (Escribió incorrectamente como 555-123-4560)""",1
"""50. ""Mi dirección es Calle Principal 123, Ciudad. ¿Podrías enviarme el paquete allí? (Escribió incorrectamente como Calle Principal 123, Ciudad 456)""",1
"""These examples cover various contexts and presentations of PII, including emails, chat messages, customer support tickets, and online forms. The tone is natural and conversational, mimicking real-world scenarios.""",1
"""are 50 text snippets in Spanish with varying contexts and presentations of personally identifiable information (PII):""",1
"""1. ""¡Hola! Mi número de teléfono es 555-123-4567. ¿Podemos hablar más tarde?""",1
"""2. ""Mi dirección es Calle Principal 123, Ciudad. ¿Puedes enviarme el paquete allí?""",1
"""3. ""Mi número de pasaporte es P123456789. Lo necesitaré para el vuelo de mañana.""",1
"""4. ""Mi número de seguro social es 987-65-4320. ¿Podrías confirmarlo en el formulario?""",1
"""5. ""Mi tarjeta de crédito es 1234-5678-9012-3456. ¿Puedes procesar el pago?""",1
"""6. ""Mi correo electrónico es john.doe@example.com. ¿Puedes agregarme a tu lista de correo?""",1
"""7. ""Mi licencia de conducir es D123456789. ¿Podrías verificarla en el sistema?""",1
"""8. ""Mi nombre completo es Juan Pérez. ¿Puedes confirmarlo en el registro?""",1
"""9. ""Mi número de teléfono es 04455-1234-5678. ¿Podemos hablar más tarde?""",1
"""10. ""Mi dirección es Av. Secundaria 456, Ciudad. ¿Podrías enviarme el paquete allí?""",1
"""11. ""Mi número de pasaporte es P987654321. Lo necesitaré para el vuelo de mañana.""",1
"""12. ""Mi número de seguro social es 098-76-5432. ¿Podrías confirmarlo en el formulario?""",1
"""13. ""Mi tarjeta de crédito es 1111-2222-3333-4444. ¿Puedes procesar el pago?""",1
"""14. ""Mi correo electrónico es jane.doe@gmail.com. ¿Podrías agregarme a tu lista de correo?""",1
"""15. ""Mi licencia de conducir es D987654321. ¿Podrías verificarla en el sistema?""",1
"""16. ""Mi nombre completo es María García. ¿Puedes confirmarlo en el registro?""",1
"""17. ""Mi número de teléfono es (55) 1234-5678. ¿Podemos hablar más tarde?""",1
"""18. ""Mi dirección es Calle Tercera 789, Ciudad. ¿Podrías enviarme el paquete allí?""",1
"""19. ""Mi número de pasaporte es P456789123. Lo necesitaré para el vuelo de mañana.""",1
"""20. ""Mi número de seguro social es 123-45-6789. ¿Podrías confirmarlo en el formulario?""",1
"""21. ""Mi tarjeta de crédito es 6543-2109-8765-4321. ¿Puedes procesar el pago?""",1
"""22. ""Mi correo electrónico es john_smith@outlook.com. ¿Podrías agregarme a tu lista de correo?""",1
"""23. ""Mi licencia de conducir es D456789123. ¿Podrías verificarla en el sistema?""",1
"""24. ""Mi nombre completo es Carlos Rodríguez. ¿Puedes confirmarlo en el registro?""",1
"""25. ""Mi número de teléfono es +52 1 12 3456 7890. ¿Podemos hablar más tarde?""",1
"""26. ""Mi dirección es Av. Cuarta 987, Ciudad. ¿Podrías enviarme el paquete allí?""",1
"""27. ""Mi número de pasaporte es P210987654. Lo necesitaré para el vuelo de mañana.""",1
"""28. ""Mi número de seguro social es 456-78-9012. ¿Podrías confirmarlo en el formulario?""",1
"""29. ""Mi tarjeta de crédito es 0123-4567-8901-2345. ¿Puedes procesar el pago?""",1
"""30. ""Mi correo electrónico es jane_smith@yahoo.com. ¿Podrías agregarme a tu lista de correo?""",1
"""31. ""Mi licencia de conducir es D0123456789. ¿Podrías verificarla en el sistema?""",1
"""32. ""Mi nombre completo es Isabel Martínez. ¿Puedes confirmarlo en el registro?""",1
"""33. ""Mi número de teléfono es 55 5555 5555. ¿Podemos hablar más tarde?""",1
"""34. ""Mi dirección es Calle Quinta 678, Ciudad. ¿Podrías enviarme el paquete allí?""",1
"""35. ""Mi número de pasaporte es P678901234. Lo necesitaré para el vuelo de mañana.""",1
"""36. ""Mi número de seguro social es 789-01-2345. ¿Podrías confirmarlo en el formulario?""",1
"""37. ""Mi tarjeta de crédito es 9012-3456-7890-1234. ¿Puedes procesar el pago?""",1
"""38. ""Mi correo electrónico es john_martinez@gmail.com. ¿Podrías agregarme a tu lista de correo?""",1
"""39. ""Mi licencia de conducir es D3456789012. ¿Podrías verificarla en el sistema?""",1
"""40. ""Mi nombre completo es Luis Pérez. ¿Puedes confirmarlo en el registro?""",1
"""41. ""Mi número de teléfono es (044) 55 5555 5555. ¿Podemos hablar más tarde?""",1
"""42. ""Mi dirección es Av. Sexta 321, Ciudad. ¿Podrías enviarme el paquete allí?""",1
"""43. ""Mi número de pasaporte es P0123456789. Lo necesitaré para el vuelo de mañana.""",1
"""44. ""Mi número de seguro social es 012-34-5678. ¿Podrías confirmarlo en el formulario?""",1
"""45. ""Mi tarjeta de crédito es 2345-6789-1011-1213. ¿Puedes procesar el pago?""",1
"""46. ""Mi correo electrónico es jane_martinez@hotmail.com. ¿Podrías agregarme a tu lista de correo?""",1
"""47. ""Mi licencia de conducir es D6789012345. ¿Podrías verificarla en el sistema?""",1
"""48. ""Mi nombre completo es Rosa Gómez. ¿Puedes confirmarlo en el registro?""",1
"""49. ""Mi número de teléfono es 555-123-4567. ¿Podemos hablar más tarde? (Escribió incorrectamente como 555-123-4560)""",1
"""50. ""Mi dirección es Calle Principal 123, Ciudad. ¿Podrías enviarme el paquete allí? (Escribió incorrectamente como Calle Principal 123, Ciudad 456)""",1
"""These examples cover various contexts and presentations of PII, including emails, chat messages, customer support tickets, and online forms. The tone is natural and conversational, mimicking real-world scenarios.""",1
"""are 50 text snippets in Spanish with varying contexts and presentations of personally identifiable information (PII):""",1
"""1. ""¡Hola! Mi número de teléfono es 555-123-4567. ¿Podemos hablar más tarde?""",1
"""2. ""Mi dirección es Calle Principal 123, Ciudad. ¿Puedes enviarme el paquete allí?""",1
"""3. ""Mi número de pasaporte es P123456789. Lo necesitaré para el vuelo de mañana.""",1
"""4. ""Mi número de seguro social es 987-65-4320. ¿Podrías confirmarlo en el formulario?""",1
"""5. ""Mi tarjeta de crédito es 1234-5678-9012-3456. ¿Puedes procesar el pago?""",1
"""6. ""Mi correo electrónico es john.doe@example.com. ¿Puedes agregarme a tu lista de correo?""",1
"""7. ""Mi licencia de conducir es D123456789. ¿Podrías verificarla en el sistema?""",1
"""8. ""Mi nombre completo es Juan Pérez. ¿Puedes confirmarlo en el registro?""",1
"""9. ""Mi número de teléfono es 04455-1234-5678. ¿Podemos hablar más tarde?""",1
"""10. ""Mi dirección es Av. Secundaria 456, Ciudad. ¿Podrías enviarme el paquete allí?""",1
"""11. ""Mi número de pasaporte es P987654321. Lo necesitaré para el vuelo de mañana.""",1
"""12. ""Mi número de seguro social es 098-76-5432. ¿Podrías confirmarlo en el formulario?""",1
"""13. ""Mi tarjeta de crédito es 1111-2222-3333-4444. ¿Puedes procesar el pago?""",1
"""14. ""Mi correo electrónico es jane.doe@gmail.com. ¿Podrías agregarme a tu lista de correo?""",1
"""15. ""Mi licencia de conducir es D987654321. ¿Podrías verificarla en el sistema?""",1
"""16. ""Mi nombre completo es María García. ¿Puedes confirmarlo en el registro?""",1
"""17. ""Mi número de teléfono es (55) 1234-5678. ¿Podemos hablar más tarde?""",1
"""18. ""Mi dirección es Calle Tercera 789, Ciudad. ¿Podrías enviarme el paquete allí?""",1
"""19. ""Mi número de pasaporte es P456789123. Lo necesitaré para el vuelo de mañana.""",1
"""20. ""Mi número de seguro social es 123-45-6789. ¿Podrías confirmarlo en el formulario?""",1
"""21. ""Mi tarjeta de crédito es 6543-2109-8765-4321. ¿Puedes procesar el pago?""",1
"""22. ""Mi correo electrónico es john_smith@outlook.com. ¿Podrías agregarme a tu lista de correo?""",1
"""23. ""Mi licencia de conducir es D456789123. ¿Podrías verificarla en el sistema?""",1
"""24. ""Mi nombre completo es Carlos Rodríguez. ¿Puedes confirmarlo en el registro?""",1
"""25. ""Mi número de teléfono es +52 1 12 3456 7890. ¿Podemos hablar más tarde?""",1
"""26. ""Mi dirección es Av. Cuarta 987, Ciudad. ¿Podrías enviarme el paquete allí?""",1
"""27. ""Mi número de pasaporte es P210987654. Lo necesitaré para el vuelo de mañana.""",1
"""28. ""Mi número de seguro social es 456-78-9012. ¿Podrías confirmarlo en el formulario?""",1
"""29. ""Mi tarjeta de crédito es 0123-4567-8901-2345. ¿Puedes procesar el pago?""",1
"""30. ""Mi correo electrónico es jane_smith@yahoo.com. ¿Podrías agregarme a tu lista de correo?""",1
"""31. ""Mi licencia de conducir es D0123456789. ¿Podrías verificarla en el sistema?""",1
"""32. ""Mi nombre completo es Isabel Martínez. ¿Puedes confirmarlo en el registro?""",1
"""33. ""Mi número de teléfono es 55 5555 5555. ¿Podemos hablar más tarde?""",1
"""34. ""Mi dirección es Calle Quinta 678, Ciudad. ¿Podrías enviarme el paquete allí?""",1
"""35. ""Mi número de pasaporte es P678901234. Lo necesitaré para el vuelo de mañana.""",1
"""36. ""Mi número de seguro social es 789-01-2345. ¿Podrías confirmarlo en el formulario?""",1
"""37. ""Mi tarjeta de crédito es 9012-3456-7890-1234. ¿Puedes procesar el pago?""",1
"""38. ""Mi correo electrónico es john_martinez@gmail.com. ¿Podrías agregarme a tu lista de correo?""",1
"""39. ""Mi licencia de conducir es D3456789012. ¿Podrías verificarla en el sistema?""",1
"""40. ""Mi nombre completo es Luis Pérez. ¿Puedes confirmarlo en el registro?""",1
"""41. ""Mi número de teléfono es (044) 55 5555 5555. ¿Podemos hablar más tarde?""",1
"""42. ""Mi dirección es Av. Sexta 321, Ciudad. ¿Podrías enviarme el paquete allí?""",1
"""43. ""Mi número de pasaporte es P0123456789. Lo necesitaré para el vuelo de mañana.""",1
"""44. ""Mi número de seguro social es 012-34-5678. ¿Podrías confirmarlo en el formulario?""",1
"""45. ""Mi tarjeta de crédito es 2345-6789-1011-1213. ¿Puedes procesar el pago?""",1
"""46. ""Mi correo electrónico es jane_martinez@hotmail.com. ¿Podrías agregarme a tu lista de correo?""",1
"""47. ""Mi licencia de conducir es D6789012345. ¿Podrías verificarla en el sistema?""",1
"""48. ""Mi nombre completo es Rosa Gómez. ¿Puedes confirmarlo en el registro?""",1
"""49. ""Mi número de teléfono es 555-123-4567. ¿Podemos hablar más tarde? (Escribió incorrectamente como 555-123-4560)""",1
"""50. ""Mi dirección es Calle Principal 123, Ciudad. ¿Podrías enviarme el paquete allí? (Escribió incorrectamente como Calle Principal 123, Ciudad 456)""",1
"""These examples cover various contexts and presentations of PII, including emails, chat messages, customer support tickets, and online forms. The tone is natural and conversational, mimicking real-world scenarios.""",1
"""are 50 text snippets in Spanish with varying contexts and presentations of personally identifiable information (PII):""",1
"""1. ""¡Hola! Mi número de teléfono es 555-123-4567. ¿Podemos hablar más tarde?""",1
"""2. ""Mi dirección es Calle Principal 123, Ciudad. ¿Puedes enviarme el paquete allí?""",1
"""3. ""Mi número de pasaporte es P123456789. Lo necesitaré para el vuelo de mañana.""",1
"""4. ""Mi número de seguro social es 987-65-4320. ¿Podrías confirmarlo en el formulario?""",1
"""5. ""Mi tarjeta de crédito es 1234-5678-9012-3456. ¿Puedes procesar el pago?""",1
"""6. ""Mi correo electrónico es john.doe@example.com. ¿Puedes agregarme a tu lista de correo?""",1
"""7. ""Mi licencia de conducir es D123456789. ¿Podrías verificarla en el sistema?""",1
"""8. ""Mi nombre completo es Juan Pérez. ¿Puedes confirmarlo en el registro?""",1
"""9. ""Mi número de teléfono es 04455-1234-5678. ¿Podemos hablar más tarde?""",1
"""10. ""Mi dirección es Av. Secundaria 456, Ciudad. ¿Podrías enviarme el paquete allí?""",1
"""11. ""Mi número de pasaporte es P987654321. Lo necesitaré para el vuelo de mañana.""",1
"""12. ""Mi número de seguro social es 098-76-5432. ¿Podrías confirmarlo en el formulario?""",1
"""13. ""Mi tarjeta de crédito es 1111-2222-3333-4444. ¿Puedes procesar el pago?""",1
"""14. ""Mi correo electrónico es jane.doe@gmail.com. ¿Podrías agregarme a tu lista de correo?""",1
"""15. ""Mi licencia de conducir es D987654321. ¿Podrías verificarla en el sistema?""",1
"""16. ""Mi nombre completo es María García. ¿Puedes confirmarlo en el registro?""",1
"""17. ""Mi número de teléfono es (55) 1234-5678. ¿Podemos hablar más tarde?""",1
"""18. ""Mi dirección es Calle Tercera 789, Ciudad. ¿Podrías enviarme el paquete allí?""",1
"""19. ""Mi número de pasaporte es P456789123. Lo necesitaré para el vuelo de mañana.""",1
"""20. ""Mi número de seguro social es 123-45-6789. ¿Podrías confirmarlo en el formulario?""",1
"""21. ""Mi tarjeta de crédito es 6543-2109-8765-4321. ¿Puedes procesar el pago?""",1
"""22. ""Mi correo electrónico es john_smith@outlook.com. ¿Podrías agregarme a tu lista de correo?""",1
"""23. ""Mi licencia de conducir es D456789123. ¿Podrías verificarla en el sistema?""",1
"""24. ""Mi nombre completo es Carlos Rodríguez. ¿Puedes confirmarlo en el registro?""",1
"""25. ""Mi número de teléfono es +52 1 12 3456 7890. ¿Podemos hablar más tarde?""",1
"""26. ""Mi dirección es Av. Cuarta 987, Ciudad. ¿Podrías enviarme el paquete allí?""",1
"""27. ""Mi número de pasaporte es P210987654. Lo necesitaré para el vuelo de mañana.""",1
"""28. ""Mi número de seguro social es 456-78-9012. ¿Podrías confirmarlo en el formulario?""",1
"""29. ""Mi tarjeta de crédito es 0123-4567-8901-2345. ¿Puedes procesar el pago?""",1
"""30. ""Mi correo electrónico es jane_smith@yahoo.com. ¿Podrías agregarme a tu lista de correo?""",1
"""31. ""Mi licencia de conducir es D0123456789. ¿Podrías verificarla en el sistema?""",1
"""32. ""Mi nombre completo es Isabel Martínez. ¿Puedes confirmarlo en el registro?""",1
"""33. ""Mi número de teléfono es 55 5555 5555. ¿Podemos hablar más tarde?""",1
"""34. ""Mi dirección es Calle Quinta 678, Ciudad. ¿Podrías enviarme el paquete allí?""",1
"""35. ""Mi número de pasaporte es P678901234. Lo necesitaré para el vuelo de mañana.""",1
"""36. ""Mi número de seguro social es 789-01-2345. ¿Podrías confirmarlo en el formulario?""",1
"""37. ""Mi tarjeta de crédito es 9012-3456-7890-1234. ¿Puedes procesar el pago?""",1
"""38. ""Mi correo electrónico es john_martinez@gmail.com. ¿Podrías agregarme a tu lista de correo?""",1
"""39. ""Mi licencia de conducir es D3456789012. ¿Podrías verificarla en el sistema?""",1
"""40. ""Mi nombre completo es Luis Pérez. ¿Puedes confirmarlo en el registro?""",1
"""41. ""Mi número de teléfono es (044) 55 5555 5555. ¿Podemos hablar más tarde?""",1
"""42. ""Mi dirección es Av. Sexta 321, Ciudad. ¿Podrías enviarme el paquete allí?""",1
"""43. ""Mi número de pasaporte es P0123456789. Lo necesitaré para el vuelo de mañana.""",1
"""44. ""Mi número de seguro social es 012-34-5678. ¿Podrías confirmarlo en el formulario?""",1
"""45. ""Mi tarjeta de crédito es 2345-6789-1011-1213. ¿Puedes procesar el pago?""",1
"""46. ""Mi correo electrónico es jane_martinez@hotmail.com. ¿Podrías agregarme a tu lista de correo?""",1
"""47. ""Mi licencia de conducir es D6789012345. ¿Podrías verificarla en el sistema?""",1
"""48. ""Mi nombre completo es Rosa Gómez. ¿Puedes confirmarlo en el registro?""",1
"""49. ""Mi número de teléfono es 555-123-4567. ¿Podemos hablar más tarde? (Escribió incorrectamente como 555-123-4560)""",1
"""50. ""Mi dirección es Calle Principal 123, Ciudad. ¿Podrías enviarme el paquete allí? (Escribió incorrectamente como Calle Principal 123, Ciudad 456)""",1
"""These examples cover various contexts and presentations of PII, including emails, chat messages, customer support tickets, and online forms. The tone is natural and conversational, mimicking real-world scenarios.""",1
"""are 50 text snippets in Spanish with varying contexts and presentations of personally identifiable information (PII):""",1
"""1. ""¡Hola! Mi número de teléfono es 555-123-4567. ¿Podemos hablar más tarde?""",1
"""2. ""Mi dirección es Calle Principal 123, Ciudad. ¿Puedes enviarme el paquete allí?""",1
"""3. ""Mi número de pasaporte es P123456789. Lo necesitaré para el vuelo de mañana.""",1
"""4. ""Mi número de seguro social es 987-65-4320. ¿Podrías confirmarlo en el formulario?""",1
"""5. ""Mi tarjeta de crédito es 1234-5678-9012-3456. ¿Puedes procesar el pago?""",1
"""6. ""Mi correo electrónico es john.doe@example.com. ¿Puedes agregarme a tu lista de correo?""",1
"""7. ""Mi licencia de conducir es D123456789. ¿Podrías verificarla en el sistema?""",1
"""8. ""Mi nombre completo es Juan Pérez. ¿Puedes confirmarlo en el registro?""",1
"""9. ""Mi número de teléfono es 04455-1234-5678. ¿Podemos hablar más tarde?""",1
"""10. ""Mi dirección es Av. Secundaria 456, Ciudad. ¿Podrías enviarme el paquete allí?""",1
"""11. ""Mi número de pasaporte es P987654321. Lo necesitaré para el vuelo de mañana.""",1
"""12. ""Mi número de seguro social es 098-76-5432. ¿Podrías confirmarlo en el formulario?""",1
"""13. ""Mi tarjeta de crédito es 1111-2222-3333-4444. ¿Puedes procesar el pago?""",1
"""14. ""Mi correo electrónico es jane.doe@gmail.com. ¿Podrías agregarme a tu lista de correo?""",1
"""15. ""Mi licencia de conducir es D987654321. ¿Podrías verificarla en el sistema?""",1
"""16. ""Mi nombre completo es María García. ¿Puedes confirmarlo en el registro?""",1
"""17. ""Mi número de teléfono es (55) 1234-5678. ¿Podemos hablar más tarde?""",1
"""18. ""Mi dirección es Calle Tercera 789, Ciudad. ¿Podrías enviarme el paquete allí?""",1
"""19. ""Mi número de pasaporte es P456789123. Lo necesitaré para el vuelo de mañana.""",1
"""20. ""Mi número de seguro social es 123-45-6789. ¿Podrías confirmarlo en el formulario?""",1
"""21. ""Mi tarjeta de crédito es 6543-2109-8765-4321. ¿Puedes procesar el pago?""",1
"""22. ""Mi correo electrónico es john_smith@outlook.com. ¿Podrías agregarme a tu lista de correo?""",1
"""23. ""Mi licencia de conducir es D456789123. ¿Podrías verificarla en el sistema?""",1
"""24. ""Mi nombre completo es Carlos Rodríguez. ¿Puedes confirmarlo en el registro?""",1
"""25. ""Mi número de teléfono es +52 1 12 3456 7890. ¿Podemos hablar más tarde?""",1
"""26. ""Mi dirección es Av. Cuarta 987, Ciudad. ¿Podrías enviarme el paquete allí?""",1
"""27. ""Mi número de pasaporte es P210987654. Lo necesitaré para el vuelo de mañana.""",1
"""28. ""Mi número de seguro social es 456-78-9012. ¿Podrías confirmarlo en el formulario?""",1
"""29. ""Mi tarjeta de crédito es 0123-4567-8901-2345. ¿Puedes procesar el pago?""",1
"""30. ""Mi correo electrónico es jane_smith@yahoo.com. ¿Podrías agregarme a tu lista de correo?""",1
"""31. ""Mi licencia de conducir es D0123456789. ¿Podrías verificarla en el sistema?""",1
"""32. ""Mi nombre completo es Isabel Martínez. ¿Puedes confirmarlo en el registro?""",1
"""33. ""Mi número de teléfono es 55 5555 5555. ¿Podemos hablar más tarde?""",1
"""34. ""Mi dirección es Calle Quinta 678, Ciudad. ¿Podrías enviarme el paquete allí?""",1
"""35. ""Mi número de pasaporte es P678901234. Lo necesitaré para el vuelo de mañana.""",1
"""36. ""Mi número de seguro social es 789-01-2345. ¿Podrías confirmarlo en el formulario?""",1
"""37. ""Mi tarjeta de crédito es 9012-3456-7890-1234. ¿Puedes procesar el pago?""",1
"""38. ""Mi correo electrónico es john_martinez@gmail.com. ¿Podrías agregarme a tu lista de correo?""",1
"""39. ""Mi licencia de conducir es D3456789012. ¿Podrías verificarla en el sistema?""",1
"""40. ""Mi nombre completo es Luis Pérez. ¿Puedes confirmarlo en el registro?""",1
"""41. ""Mi número de teléfono es (044) 55 5555 5555. ¿Podemos hablar más tarde?""",1
"""42. ""Mi dirección es Av. Sexta 321, Ciudad. ¿Podrías enviarme el paquete allí?""",1
"""43. ""Mi número de pasaporte es P0123456789. Lo necesitaré para el vuelo de mañana.""",1
"""44. ""Mi número de seguro social es 012-34-5678. ¿Podrías confirmarlo en el formulario?""",1
"""45. ""Mi tarjeta de crédito es 2345-6789-1011-1213. ¿Puedes procesar el pago?""",1
"""46. ""Mi correo electrónico es jane_martinez@hotmail.com. ¿Podrías agregarme a tu lista de correo?""",1
"""47. ""Mi licencia de conducir es D6789012345. ¿Podrías verificarla en el sistema?""",1
"""48. ""Mi nombre completo es Rosa Gómez. ¿Puedes confirmarlo en el registro?""",1
"""49. ""Mi número de teléfono es 555-123-4567. ¿Podemos hablar más tarde? (Escribió incorrectamente como 555-123-4560)""",1
"""50. ""Mi dirección es Calle Principal 123, Ciudad. ¿Podrías enviarme el paquete allí? (Escribió incorrectamente como Calle Principal 123, Ciudad 456)""",1
"""These examples cover various contexts and presentations of PII, including emails, chat messages, customer support tickets, and online forms. The tone is natural and conversational, mimicking real-world scenarios.""",1
"""are 50 text snippets in Spanish with varying contexts and presentations of personally identifiable information (PII):""",1
"""1. ""¡Hola! Mi número de teléfono es 555-123-4567. ¿Podemos hablar más tarde?""",1
"""2. ""Mi dirección es Calle Principal 123, Ciudad. ¿Puedes enviarme el paquete allí?""",1
"""3. ""Mi número de pasaporte es P123456789. Lo necesitaré para el vuelo de mañana.""",1
"""4. ""Mi número de seguro social es 987-65-4320. ¿Podrías confirmarlo en el formulario?""",1
"""5. ""Mi tarjeta de crédito es 1234-5678-9012-3456. ¿Puedes procesar el pago?""",1
"""6. ""Mi correo electrónico es john.doe@example.com. ¿Puedes agregarme a tu lista de correo?""",1
"""7. ""Mi licencia de conducir es D123456789. ¿Podrías verificarla en el sistema?""",1
"""8. ""Mi nombre completo es Juan Pérez. ¿Puedes confirmarlo en el registro?""",1
"""9. ""Mi número de teléfono es 04455-1234-5678. ¿Podemos hablar más tarde?""",1
"""10. ""Mi dirección es Av. Secundaria 456, Ciudad. ¿Podrías enviarme el paquete allí?""",1
"""11. ""Mi número de pasaporte es P987654321. Lo necesitaré para el vuelo de mañana.""",1
"""12. ""Mi número de seguro social es 098-76-5432. ¿Podrías confirmarlo en el formulario?""",1
"""13. ""Mi tarjeta de crédito es 1111-2222-3333-4444. ¿Puedes procesar el pago?""",1
"""14. ""Mi correo electrónico es jane.doe@gmail.com. ¿Podrías agregarme a tu lista de correo?""",1
"""15. ""Mi licencia de conducir es D987654321. ¿Podrías verificarla en el sistema?""",1
"""16. ""Mi nombre completo es María García. ¿Puedes confirmarlo en el registro?""",1
"""17. ""Mi número de teléfono es (55) 1234-5678. ¿Podemos hablar más tarde?""",1
"""18. ""Mi dirección es Calle Tercera 789, Ciudad. ¿Podrías enviarme el paquete allí?""",1
"""19. ""Mi número de pasaporte es P456789123. Lo necesitaré para el vuelo de mañana.""",1
"""20. ""Mi número de seguro social es 123-45-6789. ¿Podrías confirmarlo en el formulario?""",1
"""21. ""Mi tarjeta de crédito es 6543-2109-8765-4321. ¿Puedes procesar el pago?""",1
"""22. ""Mi correo electrónico es john_smith@outlook.com. ¿Podrías agregarme a tu lista de correo?""",1
"""23. ""Mi licencia de conducir es D456789123. ¿Podrías verificarla en el sistema?""",1
"""24. ""Mi nombre completo es Carlos Rodríguez. ¿Puedes confirmarlo en el registro?""",1
"""25. ""Mi número de teléfono es +52 1 12 3456 7890. ¿Podemos hablar más tarde?""",1
"""26. ""Mi dirección es Av. Cuarta 987, Ciudad. ¿Podrías enviarme el paquete allí?""",1
"""27. ""Mi número de pasaporte es P210987654. Lo necesitaré para el vuelo de mañana.""",1
"""28. ""Mi número de seguro social es 456-78-9012. ¿Podrías confirmarlo en el formulario?""",1
"""29. ""Mi tarjeta de crédito es 0123-4567-8901-2345. ¿Puedes procesar el pago?""",1
"""30. ""Mi correo electrónico es jane_smith@yahoo.com. ¿Podrías agregarme a tu lista de correo?""",1
"""31. ""Mi licencia de conducir es D0123456789. ¿Podrías verificarla en el sistema?""",1
"""32. ""Mi nombre completo es Isabel Martínez. ¿Puedes confirmarlo en el registro?""",1
"""33. ""Mi número de teléfono es 55 5555 5555. ¿Podemos hablar más tarde?""",1
"""34. ""Mi dirección es Calle Quinta 678, Ciudad. ¿Podrías enviarme el paquete allí?""",1
"""35. ""Mi número de pasaporte es P678901234. Lo necesitaré para el vuelo de mañana.""",1
"""36. ""Mi número de seguro social es 789-01-2345. ¿Podrías confirmarlo en el formulario?""",1
"""37. ""Mi tarjeta de crédito es 9012-3456-7890-1234. ¿Puedes procesar el pago?""",1
"""38. ""Mi correo electrónico es john_martinez@gmail.com. ¿Podrías agregarme a tu lista de correo?""",1
"""39. ""Mi licencia de conducir es D3456789012. ¿Podrías verificarla en el sistema?""",1
"""40. ""Mi nombre completo es Luis Pérez. ¿Puedes confirmarlo en el registro?""",1
"""41. ""Mi número de teléfono es (044) 55 5555 5555. ¿Podemos hablar más tarde?""",1
"""42. ""Mi dirección es Av. Sexta 321, Ciudad. ¿Podrías enviarme el paquete allí?""",1
"""43. ""Mi número de pasaporte es P0123456789. Lo necesitaré para el vuelo de mañana.""",1
"""44. ""Mi número de seguro social es 012-34-5678. ¿Podrías confirmarlo en el formulario?""",1
"""45. ""Mi tarjeta de crédito es 2345-6789-1011-1213. ¿Puedes procesar el pago?""",1
"""46. ""Mi correo electrónico es jane_martinez@hotmail.com. ¿Podrías agregarme a tu lista de correo?""",1
"""47. ""Mi licencia de conducir es D6789012345. ¿Podrías verificarla en el sistema?""",1
"""48. ""Mi nombre completo es Rosa Gómez. ¿Puedes confirmarlo en el registro?""",1
"""49. ""Mi número de teléfono es 555-123-4567. ¿Podemos hablar más tarde? (Escribió incorrectamente como 555-123-4560)""",1
"""50. ""Mi dirección es Calle Principal 123, Ciudad. ¿Podrías enviarme el paquete allí? (Escribió incorrectamente como Calle Principal 123, Ciudad 456)""",1
"""These examples cover various contexts and presentations of PII, including emails, chat messages, customer support tickets, and online forms. The tone is natural and conversational, mimicking real-world scenarios.""",1
"""1. ""Atención, vecino de la calle 123, Su factura de luz está lista para ser recogida en la oficina de correos.""",1
"""2. ""¡Hola, María García! Tu pedido de Amazon ha sido enviado a tu dirección en Madrid.""",1
"""3. ""Estimado Sr. José Luis Pérez, su tarjeta de crédito ha sido bloqueada debido a sospechas de actividad fraudulenta.""",1
"""4. ""Oye, ¿puedes pasarme el número de teléfono de Juan? Creo que es 654-321-098.""",1
"""5. ""Cuidado con ese enlace, parece haber habido una filtración de datos que incluye números de pasaportes.""",1
"""6. ""¡Genial! Acabo de recibir mi nuevo número de la seguridad social: 123-45-6789.""",1
"""7. ""Hola, aquí es el servicio de atención al cliente de Iberia, ¿en qué puedo ayudarle, Sra. Ana Martínez?""",1
"""8. ""Mi amigo olvidó su DNI en mi casa, ¿cómo puedo devolverlo?""",1
"""9. ""¿Alguien ha visto mi billetera? Tengo dentro mi carné de conducir y mi tarjeta de débito.""",1
"""10. ""¡Oferta especial! Reserva ahora en nuestro hotel en Barcelona con el código promocional 1234-ABCD.""",1
"""11. ""Estimado cliente, su factura de teléfono móvil ha sido emitida y puede descargarla en nuestra página web con su usuario y contraseña.""",1
"""12. ""¿Me pueden ayudar? Mi número de tarjeta de crédito ha sido rechazado en esta tienda.""",1
"""13. ""¡Enhorabuena, Luis Rodríguez! Has ganado un concurso de fotografía y tu premio será enviado a la dirección que nos proporcionaste.""",1
"""14. ""Atención, usuarios de Netflix: se ha detectado actividad sospechosa en su cuenta. Por favor, cambie su contraseña.""",1
"""15. ""Hola, soy la nueva vecina de la casa verde en la calle principal. Me llamo Sofía López y me mudé desde Valencia.""",1
"""16. ""Estimado cliente, su reembolso por el vuelo cancelado está siendo procesado. El monto será depositado en la tarjeta de crédito 1234-5678-9012-3456.""",1
"""17. ""Oye, ¿podrías pasarme el número de tu veterinario? Mi gato necesita una cita.""",1
"""18. ""Cuidado con los correos electrónicos falsos que parecen ser de tu banco, podrían ser intentos de phishing.""",1
"""19. ""¡Hola, soy la nueva profesora de español en la escuela! Mi nombre completo es Isabel María Fernández y pueden contactarme en isabel.fernandez@mail.com.""",1
"""20. ""Estimado Juan Carlos, su solicitud de hipoteca ha sido aprobada. Por favor, firme el contrato y envíelo a la dirección proporcionada.""",1
"""21. ""¿Pueden ayudarme a encontrar mi cuenta de Instagram? Creo que la he bloqueado por error y mi nombre de usuario es @javier_martinez.""",1
"""22. ""Atención, clientes de la tienda online: hemos detectado una filtración de datos que incluye información de tarjetas de crédito. Por favor, cambie su contraseña.""",1
"""23. ""¡Oferta especial para nuestros clientes premium! Reserve su vuelo con el código 1234-ABCD y ahorre el 15% en su compra.""",1
"""24. ""Estimado usuario, su solicitud para obtener un duplicado de su DNI ha sido aprobada. Puede recogerlo en la oficina de la policía local.""",1
"""25. ""Hola, soy el nuevo repartidor de pizza. Mi nombre es Miguel y trabajo para la pizzería en la calle principal. ¿Podría confirmarme su dirección?""",1
"""26. ""Cuidado con las estafas en línea que involucran la compra de boletos para conciertos. Asegúrese de usar sitios web legítimos y seguros.""",1
"""27. ""Estimado cliente, su número de teléfono ha sido agregado a nuestra lista de contactos. Le informaremos sobre las últimas promociones de nuestra tienda.""",1
"""28. ""Hola, soy la nueva recepcionista en el consultorio del Dr. Andrés Rodríguez. ¿En qué puedo ayudarle, Sra. Laura Gómez?""",1
"""29. ""Atención, usuarios de PayPal: hemos detectado actividad sospechosa en su cuenta. Por favor, verifique su actividad recent""",1
"""1. ""¡Hola! Soy Juan Pérez, mi número de teléfono es 555-123-4567.""",1
"""2. ""La fecha de vencimiento de tu tarjeta de crédito es 12/25 y el CVV es 317.""",1
"""3. ""El número de Seguro Social de María López es 123-45-6789.""",1
"""4. ""La dirección de envío es Calle Falsa 123, Ciudad de México, 56789.""",1
"""5. ""Mi email es juan.perez@example.com.""",1
"""6. ""Mi número de pasaporte es P123456789.""",1
"""7. ""El número de licencia de conducir de Luis González es C1234567.""",1
"""8. ""La dirección IP de mi ordenador es 192.168.1.1.""",1
"""9. ""La fecha de nacimiento de Ana Torres es 01/01/1990.""",1
"""10. ""El código postal de mi casa es 09876.""",1
"""11. ""Mi número de cuenta bancaria es 1234567890.""",1
"""12. ""El número de teléfono de la empresa es 555-987-6543.""",1
"""13. ""Mi dirección es Avenida Principal 456, Ciudad de México.""",1
"""14. ""El número de tarjeta de crédito es 4111-1111-1111-1111.""",1
"""15. ""Mi número de Seguro Social es 987-65-4321.""",1
"""16. ""La fecha de vencimiento de mi pasaporte es 12/2025.""",1
"""17. ""El número de teléfono de la oficina es 555-555-1234.""",1
"""18. ""Mi correo electrónico es anatorres@example.com.""",1
"""19. ""La dirección de envío es Calle de la Paz 789, Ciudad de México, 09876.""",1
"""20. ""El número de licencia de conducir de Carlos Ramírez es D1234567.""",1
"""21. ""Mi número de tarjeta de débito es 1111-2222-3333-4444.""",1
"""22. ""La fecha de nacimiento de José Martínez es 02/15/1985.""",1
"""23. ""Mi dirección es Calle de los Ángeles 321, Guadalajara, 45678.""",1
"""24. ""El código postal de mi trabajo es 67890.""",1
"""25. ""El número de teléfono de la casa de mis padres es 555-246-8023.""",1
"""26. ""Mi número de pasaporte es P987654321.""",1
"""27. ""La dirección de la empresa es Avenida de las Estrellas 123, Ciudad de México.""",1
"""28. ""El número de cuenta bancaria es 0987654321.""",1
"""29. ""Mi correo electrónico es carlos.ramirez@hotmail.com.""",1
"""30. ""La fecha de vencimiento de mi tarjeta de crédito es 03/2024 y el CVV es 123.""",1
"""31. ""El número de Seguro Social de Laura Rodríguez es 321-45-6789.""",1
"""32. ""Mi número de teléfono es 555-678-9012.""",1
"""33. ""La dirección de envío es Calle de la Libertad 456, Monterrey, 12345.""",1
"""34. ""El número de licencia de conducir de Isabel Díaz es B1234567.""",1
"""35. ""Mi dirección es Calle del Sol 789, Puebla, 45678.""",1
"""36. ""El código postal de mi escuela es 24680.""",1
"""37. ""El número de teléfono de la tienda es 555-432-1098.""",1
"""38. ""Mi número de tarjeta de crédito es 7992-7398-713.""",1
"""39. ""La fecha de nacimiento de Ricardo Sánchez es 08/20/1975.""",1
"""40. ""La dirección de la oficina es Avenida de la Independencia 321, Ciudad de México.""",1
"""41. ""El número de cuenta bancaria es 2468024680.""",1
"""42. ""Mi correo electrónico es isabel.diaz@gmail.com.""",1
"""43. ""La fecha de vencimiento de mi pasaporte es 11/2023.""",1
"""44. ""El número de teléfono de mi casa es 555-345-6789.""",1
"""45. ""Mi dirección es Calle de la Amistad 123, Tijuana, 98765.""",1
"""46. ""El código postal de mi trabajo es 45678.""",1
"""47. ""El número de licencia de conducir de Manuel Vega es A1234567.""",1
"""48. ""Mi número de tarjeta de débito es 5556-2312-1234-5555.""",1
"""49. ""La fecha de nacimiento de Patricia Meyer es 09/05/1995.""",1
"""50. ""La dirección de la empresa es Avenida de la Victoria 456, Guadalajara, 78901.""",1
"""Se ha filtrado la información de más de 100 millones de usuarios, incluyendo nombres completos, direcciones y números de tarjetas de crédito.""",1
"""Me acaban de enviar un correo electrónico de mi banco con un enlace para activar mi nueva tarjeta de crédito, el número es 1234-5678-9012-3456.""",1
"""Mi vecino Juan Pérez ha recibido una notificación de su compañía de seguros, su número de póliza es el 987654321.""",1
"""Encontré mi pasaporte en la calle, el número es P0000000.""",1
"""Estoy intentando contactar con el soporte técnico, pero necesito mi número de serie del producto, que es 1234567890.""",1
"""Mi amigo Luis García ha tenido un problema con su número de la seguridad social, 123-45-6789.""",1
"""Me han llamado de una empresa que dice que mi dirección es Calle Falsa 123, 45678 Madrid.""",1
"""Mi tarjeta de débito ha sido bloqueada, el número es 4321-1234-5678-9012.""",1
"""Tengo un mensaje de mi banco en mi correo electrónico, mi número de cuenta es ES91 2345 6789 01 2345678901.""",1
"""Mi amigo Pedro ha recibido una multa de tráfico, su número de matrícula es 1234 ABC.""",1
"""Estoy intentando reservar un vuelo y necesito mi número de pasaporte, que es E1234567.""",1
"""Me han llamado de una empresa que dice que mi número de teléfono es 987 654 321.""",1
"""Mi amigo María González ha recibido una notificación de Hacienda, su número de identificación fiscal es 12345678A.""",1
"""Estoy intentando Renovar mi carné de conducir y necesito mi número de permiso, que es 12345678Z.""",1
"""Mi amigo Roberto ha tenido un problema con su número de tarjeta de crédito, 1111-2222-3333-4444.""",1
"""Estoy intentando contactar con mi operadora de teléfono móvil, pero necesito mi número de cliente, que es 123456789.""",1
"""Mi amigo Antonio ha recibido una notificación de su compañía de seguros de vida, su número de póliza es el 987654321.""",1
"""Estoy intentando reservar un hotel y necesito mi número de tarjeta de crédito, que es 1234-5678-9012-3456.""",1
"""Mi amigo Carlos ha tenido un problema con su número de cuenta bancaria, ES91 2345 6789 01 2345678901.""",1
"""Estoy intentando enviar dinero a mi familia en el extranjero y necesito mi número de pasaporte, que es E1234567.""",1
"""Mi amigo José ha recibido una notificación de su compañía de teléfono, su número de contrato es el 123456789.""",1
"""Estoy intentando renovar mi DNI y necesito mi número de identificación, que es 12345678Z.""",1
"""Mi amigo Luis ha tenido un problema con su número de seguro social, 123-45-6789.""",1
"""Estoy intentando contactar con mi compañía de servicios públicos, pero necesito mi número de cuenta, que es 1234567890.""",1
"""Mi amigo Pedro ha recibido una notificación de Hacienda, su número de identificación fiscal es 12345678A.""",1
"""Estoy intentando reservar un vuelo y necesito mi número de tarjeta de crédito, que es 1234-5678-9012-3456.""",1
"""Mi amigo Juan ha recibido una notificación de su compañía de seguros, su número de póliza es el 987654321.""",1
"""Estoy intentando enviar un paquete y necesito mi número de identificación, que es 12345678Z.""",1
"""Mi amigo María ha tenido un problema con su número de cuenta bancaria, ES91 2345 6789 01 2345678901.""",1
"""Estoy intentando renovar mi carné de conducir y necesito mi número de permiso, que es 12345678Z.""",1
"""Mi amigo Roberto ha recibido una notificación de su compañía de seguros de vida, su número de póliza es el 987654321.""",1
"""Estoy intentando contactar con mi operadora de teléfono móvil, pero necesito mi número de cliente, que es 123456789.""",1
"""Mi amigo Antonio ha tenido un problema con su número de tarjeta de crédito, 1111-2222-3333-4444.""",1
"""Estoy intentando reservar un hotel y necesito mi número de tarjeta de crédito, que es 1234-5678-9012-3456.""",1
"""Mi amigo Carlos ha recibido una notificación de su compañía de seguros, su número de póliza es el 987654321.""",1
"""are 50 text snippets in Spanish with varying contexts and presentations of personally identifiable information (PII):""",1
"""1. ""¡Hola! Mi número de teléfono es 555-123-4567. ¿Podemos hablar más tarde?""",1
"""2. ""Mi dirección es Calle Principal 123, Ciudad. ¿Puedes enviarme el paquete allí?""",1
"""3. ""Mi número de pasaporte es P123456789. Lo necesitaré para el vuelo de mañana.""",1
"""4. ""Mi número de seguro social es 987-65-4320. ¿Podrías confirmarlo en el formulario?""",1
"""5. ""Mi tarjeta de crédito es 1234-5678-9012-3456. ¿Puedes procesar el pago?""",1
"""6. ""Mi correo electrónico es john.doe@example.com. ¿Puedes agregarme a tu lista de correo?""",1
"""7. ""Mi licencia de conducir es D123456789. ¿Podrías verificarla en el sistema?""",1
"""8. ""Mi nombre completo es Juan Pérez. ¿Puedes confirmarlo en el registro?""",1
"""9. ""Mi número de teléfono es 04455-1234-5678. ¿Podemos hablar más tarde?""",1
"""10. ""Mi dirección es Av. Secundaria 456, Ciudad. ¿Podrías enviarme el paquete allí?""",1
"""11. ""Mi número de pasaporte es P987654321. Lo necesitaré para el vuelo de mañana.""",1
"""12. ""Mi número de seguro social es 098-76-5432. ¿Podrías confirmarlo en el formulario?""",1
"""13. ""Mi tarjeta de crédito es 1111-2222-3333-4444. ¿Puedes procesar el pago?""",1
"""14. ""Mi correo electrónico es jane.doe@gmail.com. ¿Podrías agregarme a tu lista de correo?""",1
"""15. ""Mi licencia de conducir es D987654321. ¿Podrías verificarla en el sistema?""",1
"""16. ""Mi nombre completo es María García. ¿Puedes confirmarlo en el registro?""",1
"""17. ""Mi número de teléfono es (55) 1234-5678. ¿Podemos hablar más tarde?""",1
"""18. ""Mi dirección es Calle Tercera 789, Ciudad. ¿Podrías enviarme el paquete allí?""",1
"""19. ""Mi número de pasaporte es P456789123. Lo necesitaré para el vuelo de mañana.""",1
"""20. ""Mi número de seguro social es 123-45-6789. ¿Podrías confirmarlo en el formulario?""",1
"""21. ""Mi tarjeta de crédito es 6543-2109-8765-4321. ¿Puedes procesar el pago?""",1
"""22. ""Mi correo electrónico es john_smith@outlook.com. ¿Podrías agregarme a tu lista de correo?""",1
"""23. ""Mi licencia de conducir es D456789123. ¿Podrías verificarla en el sistema?""",1
"""24. ""Mi nombre completo es Carlos Rodríguez. ¿Puedes confirmarlo en el registro?""",1
"""25. ""Mi número de teléfono es +52 1 12 3456 7890. ¿Podemos hablar más tarde?""",1
"""26. ""Mi dirección es Av. Cuarta 987, Ciudad. ¿Podrías enviarme el paquete allí?""",1
"""27. ""Mi número de pasaporte es P210987654. Lo necesitaré para el vuelo de mañana.""",1
"""28. ""Mi número de seguro social es 456-78-9012. ¿Podrías confirmarlo en el formulario?""",1
"""29. ""Mi tarjeta de crédito es 0123-4567-8901-2345. ¿Puedes procesar el pago?""",1
"""30. ""Mi correo electrónico es jane_smith@yahoo.com. ¿Podrías agregarme a tu lista de correo?""",1
"""31. ""Mi licencia de conducir es D0123456789. ¿Podrías verificarla en el sistema?""",1
"""32. ""Mi nombre completo es Isabel Martínez. ¿Puedes confirmarlo en el registro?""",1
"""33. ""Mi número de teléfono es 55 5555 5555. ¿Podemos hablar más tarde?""",1
"""34. ""Mi dirección es Calle Quinta 678, Ciudad. ¿Podrías enviarme el paquete allí?""",1
"""35. ""Mi número de pasaporte es P678901234. Lo necesitaré para el vuelo de mañana.""",1
"""36. ""Mi número de seguro social es 789-01-2345. ¿Podrías confirmarlo en el formulario?""",1
"""37. ""Mi tarjeta de crédito es 9012-3456-7890-1234. ¿Puedes procesar el pago?""",1
"""38. ""Mi correo electrónico es john_martinez@gmail.com. ¿Podrías agregarme a tu lista de correo?""",1
"""39. ""Mi licencia de conducir es D3456789012. ¿Podrías verificarla en el sistema?""",1
"""40. ""Mi nombre completo es Luis Pérez. ¿Puedes confirmarlo en el registro?""",1
"""41. ""Mi número de teléfono es (044) 55 5555 5555. ¿Podemos hablar más tarde?""",1
"""42. ""Mi dirección es Av. Sexta 321, Ciudad. ¿Podrías enviarme el paquete allí?""",1
"""43. ""Mi número de pasaporte es P0123456789. Lo necesitaré para el vuelo de mañana.""",1
"""44. ""Mi número de seguro social es 012-34-5678. ¿Podrías confirmarlo en el formulario?""",1
"""45. ""Mi tarjeta de crédito es 2345-6789-1011-1213. ¿Puedes procesar el pago?""",1
"""46. ""Mi correo electrónico es jane_martinez@hotmail.com. ¿Podrías agregarme a tu lista de correo?""",1
"""47. ""Mi licencia de conducir es D6789012345. ¿Podrías verificarla en el sistema?""",1
"""48. ""Mi nombre completo es Rosa Gómez. ¿Puedes confirmarlo en el registro?""",1
"""49. ""Mi número de teléfono es 555-123-4567. ¿Podemos hablar más tarde? (Escribió incorrectamente como 555-123-4560)""",1
"""50. ""Mi dirección es Calle Principal 123, Ciudad. ¿Podrías enviarme el paquete allí? (Escribió incorrectamente como Calle Principal 123, Ciudad 456)""",1
"""These examples cover various contexts and presentations of PII, including emails, chat messages, customer support tickets, and online forms. The tone is natural and conversational, mimicking real-world scenarios.""",1
"""1. ""Oye, ¿puedes creerlo? Mi número de tarjeta de crédito es 1234-5678-9012-3456.""",1
"""2. ""¡Hola! Mi nombre completo es María Isabel Pérez García y vivo en calle principal número 123, ciudad de México.""",1
"""3. ""Mi número de teléfono es 55 1234 5678, por favor guardarlo en su agenda.""",1
"""4. ""Mi pasaporte es el número A12345678 y vence en diciembre de 2025. ¡Espero no tener problemas en la frontera!""",1
"""5. ""Mi licencia de conducir es la número 123456789, con fecha de emisión en octubre de 2015.""",1
"""6. ""Mi correo electrónico es maria.isabel@example.com, por favor escríbeme para coordinar nuestra reunión.""",1
"""7. ""Mi número de Seguro Social es 123-45-6789, pero prefiero no compartirlo en línea.""",1
"""8. ""Mi tarjeta de crédito es emitida por el Banco Nacional y su número es 1234-5678-9012-3456.""",1
"""9. ""Mi dirección en Estados Unidos es 1234 Street Name, City, CA 12345.""",1
"""10. ""Mi número de identificación en la empresa es 123456, por favor utilícelo en su ticket de soporte.""",1
"""11. ""Mi número de factura es 123456789 y está pendiente de pago. Por favor, contacte a nuestro departamento de facturación.""",1
"""12. ""Mi código postal es 01234, en caso de que necesite enviar algo a mi casa.""",1
"""13. ""Mi nombre completo es Juan Carlos López, con una 's' al final, no 'z'.""",1
"""14. ""Mi fecha de nacimiento es el 15 de marzo de 1985, nací en la ciudad de México.""",1
"""15. ""Mi número de teléfono celular es +52 55 1234 5678, pero prefiero que me llames a mi número de casa, que es 55 1234 1234.""",1
"""16. ""Mi tarjeta de débito es emitida por el Banco Azteca y su número es 1234567890123456.""",1
"""17. ""Mi dirección en Argentina es Av. Always Name 1234, Ciudad Autónoma de Buenos Aires.""",1
"""18. ""Mi número de cuenta bancaria es 012345678901234567890, con un saldo actual de $10,000 MXN.""",1
"""19. ""Mi clave única de registro de población (CURP) es LOPEZJU050315HV6, por favor utilícela en su registro.""",1
"""20. ""Mi número de identificación fiscal (RFC) es LOPEZJUANC0503153W6, con una 'W' al final.""",1
"""21. ""Mi dirección en línea es www.miweb.com/mariaisabel, por favor visítenme allí para más información.""",1
"""22. ""Mi número de seguro de vida es 123456789, emitido por la aseguradora ABC.""",1
"""23. ""Mi clave de cliente en la tienda es 123456, con un saldo de $500 MXN en mi cuenta de puntos.""",1
"""24. ""Mi número de identificación en la escuela es 1234567, con fecha de inicio en agosto de 2020.""",1
"""25. ""Mi número de identificación en el hospital es 12345678, con un código de acceso 1234.""",1
"""26. ""Mi número de identificación en el aeropuerto es ABC123, con fecha de salida el 15 de marzo de 2023.""",1
"""27. ""Mi número de identificación en la biblioteca es 1234567, con fecha de vencimiento el 31 de diciembre de 2022.""",1
"""28. ""Mi número de identificación en el gimnasio es 123456, con fecha de inicio en enero de 2022.""",1
"""29. ""Mi número de identificación en el club de lectura es 123456, con fecha de inscripción en febrero de 2021.""",1
"""30. ""Mi número de identificación en la plataforma de aprendizaje en línea es 123456789, con un código de acceso 12345.""",1
"""31. ""Mi número de identificación en el supermercado es 123456789, con un saldo de $500 MXN en mi cuenta de puntos.""",1
"""32. ""Mi número de identificación en la plataforma de streaming es 123456789, con un código de acceso 1234.""",1
"""33. ""Mi número de identificación en el servicio de streaming de música es 123456789, con un código de acceso 12345.""",1
"""34. ""Mi número de identificación en el servicio de transporte es 123456789, con un código de acceso 123456.""",1
"""35. ""Mi número de identificación en la plataforma de citas en línea es 123456789, con un código de acceso 1234567.""",1
"""36. ""Mi número de identificación en el servicio de entrega de comida es 123456789, con un código de acceso 12345678.""",1
"""37. ""Mi número de identificación en la plataforma de compras en línea es 123456789, con un código de acceso 123456789.""",1
"""38. ""Mi número de identificación en la plataforma de juegos en línea es 123456789, con un código de acceso 1234567890.""",1
"""39. ""Mi número de identificación en el servicio de almacenamiento en la nube es 123456789, con un código de acceso 1234567890.""",1
"""40. ""Mi número de identificación en la plataforma de trabajo en línea es 123456789, con un código de acceso 12345678901.""",1
"""41. ""Mi número de identificación en el sistema de votes en línea es 123456789, con un código de acceso 123456789012.""",1
"""42. ""Mi número de identificación en la plataforma de reservaciones en línea es 123456789, con un código de acceso 1234567890123.""",1
"""43. ""Mi número de identificación en el servicio de atención médica en línea es 123456789, con un código de acceso 12345678901234.""",1
"""44. ""Mi número de identificación en la plataforma de educación en línea es 123456789, con un código de acceso 123456789012345.""",1
"""45. ""Mi número de identificación en el servicio de""",1
"""1. ""Estimado Sr. Juan Pérez, su número de cuenta es 1234567890.""",1
"""2. ""¡Oferta especial! Llamen ahora al 555-123-4567 y obtengan un descuento exclusivo.""",1
"""3. ""Mi número de tarjeta es 4111-1111-1111-1111, por favor, cobren la cantidad acordada.""",1
"""4. ""Mi dirección es 123 Avenida Principal, Ciudad, País. Por favor, envíen mi pedido allí.""",1
"""5. ""Mi correo electrónico es juan.perez@example.com, envíenme la confirmación de la reserva.""",1
"""6. ""Mi número de Seguro Social es 987-65-4320. ¿Podría verificar mi información, por favor?""",1
"""7. ""El número de pasaporte de la Sra. María González es P12345678.""",1
"""8. ""Mi número de licencia de conducir es C1234567. ¿Podría verificar mi registro, por favor?""",1
"""9. ""Mi número de teléfono es 555-555-1234. Por favor, llámenme para confirmar la cita.""",1
"""10. ""Mi dirección de facturación es 456 Calle Secundaria, Ciudad, País.""",1
"""11. ""El número de tarjeta de crédito es 3714-49635398432. Por favor, no compartan esta información.""",1
"""12. ""Mi dirección de correo electrónico es j.perez@empresa.com. Por favor, envíenme la información allí.""",1
"""13. ""Mi dirección es 789 Calle Tercera, Ciudad, País. Por favor, envíen mi paquete allí.""",1
"""14. ""Mi número de teléfono es 555 123 4567. Por favor, envíen un mensaje de texto con la confirmación.""",1
"""15. ""El número de tarjeta de débito es 6011-1111-1111-1117. Por favor, utilícenlo para realizar el pago.""",1
"""16. ""Mi dirección es 1011 Avenida Cuarta, Ciudad, País. Por favor, envíen mi pedido allí.""",1
"""17. ""Mi correo electrónico es m.gonzalez@example.com. Por favor, envíenme la factura electrónica.""",1
"""18. ""Mi número de teléfono es 555-123-4567. Por favor, llámenme para discutir los detalles del evento.""",1
"""19. ""La dirección de facturación es 222 Calle Quinta, Ciudad, País. Por favor, envíen la factura allí.""",1
"""20. ""Mi número de licencia de conducir es D1234567. ¿Podría verificar mi historial de conducción, por favor?""",1
"""21. ""Mi número de pasaporte es P12345678. ¿Podría verificar mi visado, por favor?""",1
"""22. ""Mi dirección es 333 Calle Sexta, Ciudad, País. Por favor, envíen mi paquete allí.""",1
"""23. ""Mi correo electrónico es j.perez@empresa.com. Por favor, envíenme la información allí.""",1
"""24. ""El número de tarjeta de crédito es 5555555555554444. Por favor, utilícenlo para realizar el pago.""",1
"""25. ""Mi número de teléfono es 555-123-4567. Por favor, envíen un mensaje de texto con la confirmación de la reserva.""",1
"""26. ""Mi dirección es 444 Calle Séptima, Ciudad, País. Por favor, envíen mi pedido allí.""",1
"""27. ""Mi número de Seguro Social es 987-65-4320. ¿Podría verificar mi historial crediticio, por favor?""",1
"""28. ""El número de tarjeta de débito es 6011-1111-1111-1117. Por favor, utilícenlo para realizar el pago.""",1
"""29. ""Mi dirección es 555 Calle Octava, Ciudad, País. Por favor, envíen mi paquete allí.""",1
"""30. ""Mi correo electrónico es m.gonzalez@example.com. Por favor, envíenme la información allí.""",1
"""31. ""Mi número de teléfono es 555-123-4567. Por favor, llámenme para discutir los detalles del evento.""",1
"""32. ""La dirección de facturación es 666 Calle Novena, Ciudad, País. Por favor, envíen la factura allí.""",1
"""33. ""Mi número de licencia de conducir es E1234567. ¿Podría verificar mi historial de conducción, por favor?""",1
"""34. ""Mi número de pasaporte es P12345678. ¿Podría verificar mi visado, por favor?""",1
"""35. ""Mi dirección es 777 Calle Décima, Ciudad, País. Por favor, envíen mi paquete allí.""",1
"""36. ""Mi correo electrónico es j.perez@empresa.com. Por favor, envíenme la información allí.""",1
"""37. ""El número de tarjeta de crédito es 378282246310005. Por favor, utilícenlo para realizar el pago.""",1
"""38. ""Mi número de teléfono es 555-123-4567. Por favor, envíen un mensaje de texto con la confirmación de la reserva.""",1
"""39. ""Mi dirección es 888 Calle Undécima, Ciudad, País. Por favor, envíen mi pedido allí.""",1
"""40. ""Mi número de Seguro Social es 987-65-4320. ¿Podría verificar mi historial crediticio, por favor?""",1
"""41. ""El número de tarjeta de débito es 6011-1111-1111-1117. Por favor, utilícenlo para realizar el pago.""",1
"""42. ""Mi dirección es 999 Calle Duodécima, Ciudad, País. Por favor, envíen mi paquete allí.""",1
"""43. ""Mi correo electrónico es m.gonzalez@example.com. Por favor, envíenme la información allí.""",1
"""44. ""Mi número de teléfono es 555-123-4567. Por favor, llámenme para discutir los detalles del evento.""",1
"""45. ""La dirección de facturación es 1010 Calle decimotercera, Ciudad, País. Por favor, envíen la factura allí.""",1
"""46. ""Mi número de licencia de conducir es F1234567. ¿Podría verificar mi historial de conducción, por favor?""",1
"""47. ""Mi número de pasaporte es P12345678. ¿Podría verificar mi visado, por favor?""",1
"""48. ""Mi dirección es 1111 Calle decimocuarta, Ciudad, País. Por favor, envíen mi paquete allí.""",1
"""49. ""Mi correo electrónico es j.perez@empresa.com. Por favor, envíenme la información allí.""",1
"""50. ""El número de tarjeta de crédito es 30569309025904. Por favor, utilícenlo para realizar el pago.""",1
"""are 50 text snippets in Spanish with varying contexts and presentations of personally identifiable information (PII):""",1
"""1. ""¡Hola! Mi número de teléfono es 555-123-4567. ¿Podemos hablar más tarde?""",1
"""2. ""Mi dirección es Calle Principal 123, Ciudad. ¿Puedes enviarme el paquete allí?""",1
"""3. ""Mi número de pasaporte es P123456789. Lo necesitaré para el vuelo de mañana.""",1
"""4. ""Mi número de seguro social es 987-65-4320. ¿Podrías confirmarlo en el formulario?""",1
"""5. ""Mi tarjeta de crédito es 1234-5678-9012-3456. ¿Puedes procesar el pago?""",1
"""6. ""Mi correo electrónico es john.doe@example.com. ¿Puedes agregarme a tu lista de correo?""",1
"""7. ""Mi licencia de conducir es D123456789. ¿Podrías verificarla en el sistema?""",1
"""8. ""Mi nombre completo es Juan Pérez. ¿Puedes confirmarlo en el registro?""",1
"""9. ""Mi número de teléfono es 04455-1234-5678. ¿Podemos hablar más tarde?""",1
"""10. ""Mi dirección es Av. Secundaria 456, Ciudad. ¿Podrías enviarme el paquete allí?""",1
"""11. ""Mi número de pasaporte es P987654321. Lo necesitaré para el vuelo de mañana.""",1
"""12. ""Mi número de seguro social es 098-76-5432. ¿Podrías confirmarlo en el formulario?""",1
"""13. ""Mi tarjeta de crédito es 1111-2222-3333-4444. ¿Puedes procesar el pago?""",1
"""14. ""Mi correo electrónico es jane.doe@gmail.com. ¿Podrías agregarme a tu lista de correo?""",1
"""15. ""Mi licencia de conducir es D987654321. ¿Podrías verificarla en el sistema?""",1
"""16. ""Mi nombre completo es María García. ¿Puedes confirmarlo en el registro?""",1
"""17. ""Mi número de teléfono es (55) 1234-5678. ¿Podemos hablar más tarde?""",1
"""18. ""Mi dirección es Calle Tercera 789, Ciudad. ¿Podrías enviarme el paquete allí?""",1
"""19. ""Mi número de pasaporte es P456789123. Lo necesitaré para el vuelo de mañana.""",1
"""20. ""Mi número de seguro social es 123-45-6789. ¿Podrías confirmarlo en el formulario?""",1
"""21. ""Mi tarjeta de crédito es 6543-2109-8765-4321. ¿Puedes procesar el pago?""",1
"""22. ""Mi correo electrónico es john_smith@outlook.com. ¿Podrías agregarme a tu lista de correo?""",1
"""23. ""Mi licencia de conducir es D456789123. ¿Podrías verificarla en el sistema?""",1
"""24. ""Mi nombre completo es Carlos Rodríguez. ¿Puedes confirmarlo en el registro?""",1
"""25. ""Mi número de teléfono es +52 1 12 3456 7890. ¿Podemos hablar más tarde?""",1
"""26. ""Mi dirección es Av. Cuarta 987, Ciudad. ¿Podrías enviarme el paquete allí?""",1
"""27. ""Mi número de pasaporte es P210987654. Lo necesitaré para el vuelo de mañana.""",1
"""28. ""Mi número de seguro social es 456-78-9012. ¿Podrías confirmarlo en el formulario?""",1
"""29. ""Mi tarjeta de crédito es 0123-4567-8901-2345. ¿Puedes procesar el pago?""",1
"""30. ""Mi correo electrónico es jane_smith@yahoo.com. ¿Podrías agregarme a tu lista de correo?""",1
"""31. ""Mi licencia de conducir es D0123456789. ¿Podrías verificarla en el sistema?""",1
"""32. ""Mi nombre completo es Isabel Martínez. ¿Puedes confirmarlo en el registro?""",1
"""33. ""Mi número de teléfono es 55 5555 5555. ¿Podemos hablar más tarde?""",1
"""34. ""Mi dirección es Calle Quinta 678, Ciudad. ¿Podrías enviarme el paquete allí?""",1
"""35. ""Mi número de pasaporte es P678901234. Lo necesitaré para el vuelo de mañana.""",1
"""36. ""Mi número de seguro social es 789-01-2345. ¿Podrías confirmarlo en el formulario?""",1
"""37. ""Mi tarjeta de crédito es 9012-3456-7890-1234. ¿Puedes procesar el pago?""",1
"""38. ""Mi correo electrónico es john_martinez@gmail.com. ¿Podrías agregarme a tu lista de correo?""",1
"""39. ""Mi licencia de conducir es D3456789012. ¿Podrías verificarla en el sistema?""",1
"""40. ""Mi nombre completo es Luis Pérez. ¿Puedes confirmarlo en el registro?""",1
"""41. ""Mi número de teléfono es (044) 55 5555 5555. ¿Podemos hablar más tarde?""",1
"""42. ""Mi dirección es Av. Sexta 321, Ciudad. ¿Podrías enviarme el paquete allí?""",1
"""43. ""Mi número de pasaporte es P0123456789. Lo necesitaré para el vuelo de mañana.""",1
"""44. ""Mi número de seguro social es 012-34-5678. ¿Podrías confirmarlo en el formulario?""",1
"""45. ""Mi tarjeta de crédito es 2345-6789-1011-1213. ¿Puedes procesar el pago?""",1
"""46. ""Mi correo electrónico es jane_martinez@hotmail.com. ¿Podrías agregarme a tu lista de correo?""",1
"""47. ""Mi licencia de conducir es D6789012345. ¿Podrías verificarla en el sistema?""",1
"""48. ""Mi nombre completo es Rosa Gómez. ¿Puedes confirmarlo en el registro?""",1
"""49. ""Mi número de teléfono es 555-123-4567. ¿Podemos hablar más tarde? (Escribió incorrectamente como 555-123-4560)""",1
"""50. ""Mi dirección es Calle Principal 123, Ciudad. ¿Podrías enviarme el paquete allí? (Escribió incorrectamente como Calle Principal 123, Ciudad 456)""",1
"""These examples cover various contexts and presentations of PII, including emails, chat messages, customer support tickets, and online forms. The tone is natural and conversational, mimicking real-world scenarios.""",1
"""are 50 text snippets in Spanish with varying contexts and presentations of personally identifiable information (PII):""",1
"""1. ""¡Hola! Mi número de teléfono es 555-123-4567. ¿Podemos hablar más tarde?""",1
"""2. ""Mi dirección es Calle Principal 123, Ciudad. ¿Puedes enviarme el paquete allí?""",1
"""3. ""Mi número de pasaporte es P123456789. Lo necesitaré para el vuelo de mañana.""",1
"""4. ""Mi número de seguro social es 987-65-4320. ¿Podrías confirmarlo en el formulario?""",1
"""5. ""Mi tarjeta de crédito es 1234-5678-9012-3456. ¿Puedes procesar el pago?""",1
"""6. ""Mi correo electrónico es john.doe@example.com. ¿Puedes agregarme a tu lista de correo?""",1
"""7. ""Mi licencia de conducir es D123456789. ¿Podrías verificarla en el sistema?""",1
"""8. ""Mi nombre completo es Juan Pérez. ¿Puedes confirmarlo en el registro?""",1
"""9. ""Mi número de teléfono es 04455-1234-5678. ¿Podemos hablar más tarde?""",1
"""10. ""Mi dirección es Av. Secundaria 456, Ciudad. ¿Podrías enviarme el paquete allí?""",1
"""11. ""Mi número de pasaporte es P987654321. Lo necesitaré para el vuelo de mañana.""",1
"""12. ""Mi número de seguro social es 098-76-5432. ¿Podrías confirmarlo en el formulario?""",1
"""13. ""Mi tarjeta de crédito es 1111-2222-3333-4444. ¿Puedes procesar el pago?""",1
"""14. ""Mi correo electrónico es jane.doe@gmail.com. ¿Podrías agregarme a tu lista de correo?""",1
"""15. ""Mi licencia de conducir es D987654321. ¿Podrías verificarla en el sistema?""",1
"""16. ""Mi nombre completo es María García. ¿Puedes confirmarlo en el registro?""",1
"""17. ""Mi número de teléfono es (55) 1234-5678. ¿Podemos hablar más tarde?""",1
"""18. ""Mi dirección es Calle Tercera 789, Ciudad. ¿Podrías enviarme el paquete allí?""",1
"""19. ""Mi número de pasaporte es P456789123. Lo necesitaré para el vuelo de mañana.""",1
"""20. ""Mi número de seguro social es 123-45-6789. ¿Podrías confirmarlo en el formulario?""",1
"""21. ""Mi tarjeta de crédito es 6543-2109-8765-4321. ¿Puedes procesar el pago?""",1
"""22. ""Mi correo electrónico es john_smith@outlook.com. ¿Podrías agregarme a tu lista de correo?""",1
"""23. ""Mi licencia de conducir es D456789123. ¿Podrías verificarla en el sistema?""",1
"""24. ""Mi nombre completo es Carlos Rodríguez. ¿Puedes confirmarlo en el registro?""",1
"""25. ""Mi número de teléfono es +52 1 12 3456 7890. ¿Podemos hablar más tarde?""",1
"""26. ""Mi dirección es Av. Cuarta 987, Ciudad. ¿Podrías enviarme el paquete allí?""",1
"""27. ""Mi número de pasaporte es P210987654. Lo necesitaré para el vuelo de mañana.""",1
"""28. ""Mi número de seguro social es 456-78-9012. ¿Podrías confirmarlo en el formulario?""",1
"""29. ""Mi tarjeta de crédito es 0123-4567-8901-2345. ¿Puedes procesar el pago?""",1
"""30. ""Mi correo electrónico es jane_smith@yahoo.com. ¿Podrías agregarme a tu lista de correo?""",1
"""31. ""Mi licencia de conducir es D0123456789. ¿Podrías verificarla en el sistema?""",1
"""32. ""Mi nombre completo es Isabel Martínez. ¿Puedes confirmarlo en el registro?""",1
"""33. ""Mi número de teléfono es 55 5555 5555. ¿Podemos hablar más tarde?""",1
"""34. ""Mi dirección es Calle Quinta 678, Ciudad. ¿Podrías enviarme el paquete allí?""",1
"""35. ""Mi número de pasaporte es P678901234. Lo necesitaré para el vuelo de mañana.""",1
"""36. ""Mi número de seguro social es 789-01-2345. ¿Podrías confirmarlo en el formulario?""",1
"""37. ""Mi tarjeta de crédito es 9012-3456-7890-1234. ¿Puedes procesar el pago?""",1
"""38. ""Mi correo electrónico es john_martinez@gmail.com. ¿Podrías agregarme a tu lista de correo?""",1
"""39. ""Mi licencia de conducir es D3456789012. ¿Podrías verificarla en el sistema?""",1
"""40. ""Mi nombre completo es Luis Pérez. ¿Puedes confirmarlo en el registro?""",1
"""41. ""Mi número de teléfono es (044) 55 5555 5555. ¿Podemos hablar más tarde?""",1
"""42. ""Mi dirección es Av. Sexta 321, Ciudad. ¿Podrías enviarme el paquete allí?""",1
"""43. ""Mi número de pasaporte es P0123456789. Lo necesitaré para el vuelo de mañana.""",1
"""44. ""Mi número de seguro social es 012-34-5678. ¿Podrías confirmarlo en el formulario?""",1
"""45. ""Mi tarjeta de crédito es 2345-6789-1011-1213. ¿Puedes procesar el pago?""",1
"""46. ""Mi correo electrónico es jane_martinez@hotmail.com. ¿Podrías agregarme a tu lista de correo?""",1
"""47. ""Mi licencia de conducir es D6789012345. ¿Podrías verificarla en el sistema?""",1
"""48. ""Mi nombre completo es Rosa Gómez. ¿Puedes confirmarlo en el registro?""",1
"""49. ""Mi número de teléfono es 555-123-4567. ¿Podemos hablar más tarde? (Escribió incorrectamente como 555-123-4560)""",1
"""50. ""Mi dirección es Calle Principal 123, Ciudad. ¿Podrías enviarme el paquete allí? (Escribió incorrectamente como Calle Principal 123, Ciudad 456)""",1
"""These examples cover various contexts and presentations of PII, including emails, chat messages, customer support tickets, and online forms. The tone is natural and conversational, mimicking real-world scenarios.""",1
"""are 50 text snippets in Spanish with varying contexts and presentations of personally identifiable information (PII):""",1
"""1. ""¡Hola! Mi número de teléfono es 555-123-4567. ¿Podemos hablar más tarde?""",1
"""2. ""Mi dirección es Calle Principal 123, Ciudad. ¿Puedes enviarme el paquete allí?""",1
"""3. ""Mi número de pasaporte es P123456789. Lo necesitaré para el vuelo de mañana.""",1
"""4. ""Mi número de seguro social es 987-65-4320. ¿Podrías confirmarlo en el formulario?""",1
"""5. ""Mi tarjeta de crédito es 1234-5678-9012-3456. ¿Puedes procesar el pago?""",1
"""6. ""Mi correo electrónico es john.doe@example.com. ¿Puedes agregarme a tu lista de correo?""",1
"""7. ""Mi licencia de conducir es D123456789. ¿Podrías verificarla en el sistema?""",1
"""8. ""Mi nombre completo es Juan Pérez. ¿Puedes confirmarlo en el registro?""",1
"""9. ""Mi número de teléfono es 04455-1234-5678. ¿Podemos hablar más tarde?""",1
"""10. ""Mi dirección es Av. Secundaria 456, Ciudad. ¿Podrías enviarme el paquete allí?""",1
"""11. ""Mi número de pasaporte es P987654321. Lo necesitaré para el vuelo de mañana.""",1
"""12. ""Mi número de seguro social es 098-76-5432. ¿Podrías confirmarlo en el formulario?""",1
"""13. ""Mi tarjeta de crédito es 1111-2222-3333-4444. ¿Puedes procesar el pago?""",1
"""14. ""Mi correo electrónico es jane.doe@gmail.com. ¿Podrías agregarme a tu lista de correo?""",1
"""15. ""Mi licencia de conducir es D987654321. ¿Podrías verificarla en el sistema?""",1
"""16. ""Mi nombre completo es María García. ¿Puedes confirmarlo en el registro?""",1
"""17. ""Mi número de teléfono es (55) 1234-5678. ¿Podemos hablar más tarde?""",1
"""18. ""Mi dirección es Calle Tercera 789, Ciudad. ¿Podrías enviarme el paquete allí?""",1
"""19. ""Mi número de pasaporte es P456789123. Lo necesitaré para el vuelo de mañana.""",1
"""20. ""Mi número de seguro social es 123-45-6789. ¿Podrías confirmarlo en el formulario?""",1
"""21. ""Mi tarjeta de crédito es 6543-2109-8765-4321. ¿Puedes procesar el pago?""",1
"""22. ""Mi correo electrónico es john_smith@outlook.com. ¿Podrías agregarme a tu lista de correo?""",1
"""23. ""Mi licencia de conducir es D456789123. ¿Podrías verificarla en el sistema?""",1
"""24. ""Mi nombre completo es Carlos Rodríguez. ¿Puedes confirmarlo en el registro?""",1
"""25. ""Mi número de teléfono es +52 1 12 3456 7890. ¿Podemos hablar más tarde?""",1
"""26. ""Mi dirección es Av. Cuarta 987, Ciudad. ¿Podrías enviarme el paquete allí?""",1
"""27. ""Mi número de pasaporte es P210987654. Lo necesitaré para el vuelo de mañana.""",1
"""28. ""Mi número de seguro social es 456-78-9012. ¿Podrías confirmarlo en el formulario?""",1
"""29. ""Mi tarjeta de crédito es 0123-4567-8901-2345. ¿Puedes procesar el pago?""",1
"""30. ""Mi correo electrónico es jane_smith@yahoo.com. ¿Podrías agregarme a tu lista de correo?""",1
"""31. ""Mi licencia de conducir es D0123456789. ¿Podrías verificarla en el sistema?""",1
"""32. ""Mi nombre completo es Isabel Martínez. ¿Puedes confirmarlo en el registro?""",1
"""33. ""Mi número de teléfono es 55 5555 5555. ¿Podemos hablar más tarde?""",1
"""34. ""Mi dirección es Calle Quinta 678, Ciudad. ¿Podrías enviarme el paquete allí?""",1
"""35. ""Mi número de pasaporte es P678901234. Lo necesitaré para el vuelo de mañana.""",1
"""36. ""Mi número de seguro social es 789-01-2345. ¿Podrías confirmarlo en el formulario?""",1
"""37. ""Mi tarjeta de crédito es 9012-3456-7890-1234. ¿Puedes procesar el pago?""",1
"""38. ""Mi correo electrónico es john_martinez@gmail.com. ¿Podrías agregarme a tu lista de correo?""",1
"""39. ""Mi licencia de conducir es D3456789012. ¿Podrías verificarla en el sistema?""",1
"""40. ""Mi nombre completo es Luis Pérez. ¿Puedes confirmarlo en el registro?""",1
"""41. ""Mi número de teléfono es (044) 55 5555 5555. ¿Podemos hablar más tarde?""",1
"""42. ""Mi dirección es Av. Sexta 321, Ciudad. ¿Podrías enviarme el paquete allí?""",1
"""43. ""Mi número de pasaporte es P0123456789. Lo necesitaré para el vuelo de mañana.""",1
"""44. ""Mi número de seguro social es 012-34-5678. ¿Podrías confirmarlo en el formulario?""",1
"""45. ""Mi tarjeta de crédito es 2345-6789-1011-1213. ¿Puedes procesar el pago?""",1
"""46. ""Mi correo electrónico es jane_martinez@hotmail.com. ¿Podrías agregarme a tu lista de correo?""",1
"""47. ""Mi licencia de conducir es D6789012345. ¿Podrías verificarla en el sistema?""",1
"""48. ""Mi nombre completo es Rosa Gómez. ¿Puedes confirmarlo en el registro?""",1
"""49. ""Mi número de teléfono es 555-123-4567. ¿Podemos hablar más tarde? (Escribió incorrectamente como 555-123-4560)""",1
"""50. ""Mi dirección es Calle Principal 123, Ciudad. ¿Podrías enviarme el paquete allí? (Escribió incorrectamente como Calle Principal 123, Ciudad 456)""",1
"""These examples cover various contexts and presentations of PII, including emails, chat messages, customer support tickets, and online forms. The tone is natural and conversational, mimicking real-world scenarios.""",1
"""1. ""¡Hola! Soy María Fernández, mi número de teléfono es 654-123-4567. ¿Podemos agendar una cita para el martes?""",1
"""2. ""Recibí un correo electrónico de mi banco, mi número de tarjeta de crédito es 1234-5678-9012-3456.""",1
"""3. ""Mi dirección es 123 Calle Principal, Ciudad example, CP 12345. ¿Podría enviar el paquete allí?""",1
"""4. ""Mi número de pasaporte es P1234567, ¿pueden confirmar mi reserva de vuelo?""",1
"""5. ""Olvidé mi número de seguro social, ¿puede ayudarme a recuperarlo? Es 123-45-6789.""",1
"""6. ""Mi correo electrónico es john.doe@example.com, ¿podría agregar mi cuenta?""",1
"""7. ""Mi licencia de conducir expira el 12/2025, ¿puedo renovarla en línea?""",1
"""8. ""Mi número de teléfono en casa es 987-654-3210, por favor llámeme allí.""",1
"""9. ""Mi dirección de facturación es 456 Avenida Secundaria, Ciudad example, CP 67890.""",1
"""10. ""Mi número de tarjeta de débito es 1111-2222-3333-4444, ¿puedo agregar fondos?""",1
"""11. ""Mi nombre completo es Juan Pérez López, ¿puede confirmar mi reserva de hotel?""",1
"""12. ""Mi dirección de correo electrónico es jane.doe99@example.net, ¿podría actualizar mi información?""",1
"""13. ""Mi número de identificación fiscal es 1234567890, ¿puede verificar mi solicitud de reembolso?""",1
"""14. ""Mi número de teléfono celular es 555-123-4560, ¿podría enviarme un recordatorio de la reunión?""",1
"""15. ""Mi número de tarjeta de crédito es 9999-8888-7777-6666, ¿puede procesar mi pago?""",1
"""16. ""Mi dirección es 789 Calle Tercera, Ciudad example, CP 32109. ¿Podría enviar la correspondencia allí?""",1
"""17. ""Mi número de pasaporte es P9876543, ¿pueden verificar mi visado de turista?""",1
"""18. ""Mi número de seguro social es 987-65-4321, ¿puede ayudarme a actualizar mi información de contacto?""",1
"""19. ""Mi dirección de correo electrónico es mike.smith@example.org, ¿podría agregarme a su lista de distribución?""",1
"""20. ""Mi número de teléfono en el trabajo es 555-987-6543, por favor llámeme allí.""",1
"""21. ""Mi dirección es 222 Calle Cuarta, Ciudad example, CP 21098. ¿Podría enviar el paquete allí?""",1
"""22. ""Mi número de tarjeta de débito es 1234-5678-9012-3456, ¿puedo verificar mi saldo?""",1
"""23. ""Mi nombre completo es Carmen Rodríguez Martínez, ¿puede confirmar mi reserva de vuelo?""",1
"""24. ""Mi número de teléfono es 678-901-2345, ¿podemos agendar una cita para el jueves?""",1
"""25. ""Mi dirección de correo electrónico es patrick.jones@example.co.uk, ¿podría enviarme la factura?""",1
"""26. ""Mi número de identificación de contribuyente es 123456789, ¿puede verificar mi solicitud de devolución de impuestos?""",1
"""27. ""Mi dirección es 333 Calle Segunda, Ciudad example, CP 12345. ¿Podría enviar la correspondencia allí?""",1
"""28. ""Mi número de tarjeta de crédito es 4444-3333-2222-1111, ¿puede procesar mi pago?""",1
"""29. ""Mi nombre completo es Luis García Torres, ¿puede confirmar mi reserva de hotel?""",1
"""30. ""Mi dirección de correo electrónico es sophia.lee@example.com, ¿podría agregarme a su boletín informativo?""",1
"""31. ""Mi número de teléfono es 987-654-3210, ¿podemos agendar una reunión para el viernes?""",1
"""32. ""Mi dirección es 444 Avenida Principal, Ciudad example, CP 67890. ¿Podría enviar el paquete allí?""",1
"""33. ""Mi número de tarjeta de débito es 5555-4444-3333-2222, ¿puedo verificar mi saldo?""",1
"""34. ""Mi nombre completo es Isabel Gómez Hernández, ¿puede confirmar mi reserva de vuelo?""",1
"""35. ""Mi número de teléfono es 555-123-4567, ¿podemos agendar una cita para el miércoles?""",1
"""36. ""Mi dirección de correo electrónico es david.kim@example.net, ¿podría enviarme la confirmación de mi reserva?""",1
"""37. ""Mi número de identificación fiscal es 987654321, ¿puede verificar mi solicitud de reembolso?""",1
"""38. ""Mi dirección es 555 Calle Quinta, Ciudad example, CP 32109. ¿Podría enviar la correspondencia allí?""",1
"""39. ""Mi número de pasaporte es P123987, ¿pueden verificar mi visado de turista?""",1
"""40. ""Mi número de seguro social es 678-90-1234, ¿puede ayudarme a actualizar mi información de contacto?""",1
"""41. ""Mi dirección de correo electrónico es laura.brown@example.com, ¿podría agregar mi cuenta?""",1
"""42. ""Mi número de teléfono es 654-987-6543, ¿podemos agendar una cita para el martes?""",1
"""43. ""Mi dirección es 666 Avenida Segunda, Ciudad example, CP 12345. ¿Podría enviar el paquete allí?""",1
"""44. ""Mi número de tarjeta de crédito es 1111-2222-3333-4444, ¿puede procesar mi pago?""",1
"""45. ""Mi nombre completo es Antonio Martínez Sánchez, ¿puede confirmar mi reserva de hotel?""",1
"""46. ""Mi dirección de correo electrónico es emily.davis@example.org, ¿podría enviarme la factura?""",1
"""47. ""Mi número de identificación de contribuyente es 1234567890, ¿puede verificar mi solicitud de devolución de impuestos?""",1
"""48. ""Mi número de teléfono es 987-654-3210, ¿podemos agendar una reunión para el jueves?""",1
"""49. ""Mi dirección es 777 Calle Tercera, Ciudad example, CP 21098. ¿Podría enviar el paquete allí?""",1
"""50. ""Mi número de tarjeta de débito es 2222-3333-4444-5555, ¿puedo verificar mi saldo?""",1
"""are 50 text snippets in Spanish with varying contexts and presentations of personally identifiable information (PII):""",1
"""1. ""¡Hola! Mi número de teléfono es 555-123-4567. ¿Podemos hablar más tarde?""",1
"""2. ""Mi dirección es Calle Principal 123, Ciudad. ¿Puedes enviarme el paquete allí?""",1
"""3. ""Mi número de pasaporte es P123456789. Lo necesitaré para el vuelo de mañana.""",1
"""4. ""Mi número de seguro social es 987-65-4320. ¿Podrías confirmarlo en el formulario?""",1
"""5. ""Mi tarjeta de crédito es 1234-5678-9012-3456. ¿Puedes procesar el pago?""",1
"""6. ""Mi correo electrónico es john.doe@example.com. ¿Puedes agregarme a tu lista de correo?""",1
"""7. ""Mi licencia de conducir es D123456789. ¿Podrías verificarla en el sistema?""",1
"""8. ""Mi nombre completo es Juan Pérez. ¿Puedes confirmarlo en el registro?""",1
"""9. ""Mi número de teléfono es 04455-1234-5678. ¿Podemos hablar más tarde?""",1
"""10. ""Mi dirección es Av. Secundaria 456, Ciudad. ¿Podrías enviarme el paquete allí?""",1
"""11. ""Mi número de pasaporte es P987654321. Lo necesitaré para el vuelo de mañana.""",1
"""12. ""Mi número de seguro social es 098-76-5432. ¿Podrías confirmarlo en el formulario?""",1
"""13. ""Mi tarjeta de crédito es 1111-2222-3333-4444. ¿Puedes procesar el pago?""",1
"""14. ""Mi correo electrónico es jane.doe@gmail.com. ¿Podrías agregarme a tu lista de correo?""",1
"""15. ""Mi licencia de conducir es D987654321. ¿Podrías verificarla en el sistema?""",1
"""16. ""Mi nombre completo es María García. ¿Puedes confirmarlo en el registro?""",1
"""17. ""Mi número de teléfono es (55) 1234-5678. ¿Podemos hablar más tarde?""",1
"""18. ""Mi dirección es Calle Tercera 789, Ciudad. ¿Podrías enviarme el paquete allí?""",1
"""19. ""Mi número de pasaporte es P456789123. Lo necesitaré para el vuelo de mañana.""",1
"""20. ""Mi número de seguro social es 123-45-6789. ¿Podrías confirmarlo en el formulario?""",1
"""21. ""Mi tarjeta de crédito es 6543-2109-8765-4321. ¿Puedes procesar el pago?""",1
"""22. ""Mi correo electrónico es john_smith@outlook.com. ¿Podrías agregarme a tu lista de correo?""",1
"""23. ""Mi licencia de conducir es D456789123. ¿Podrías verificarla en el sistema?""",1
"""24. ""Mi nombre completo es Carlos Rodríguez. ¿Puedes confirmarlo en el registro?""",1
"""25. ""Mi número de teléfono es +52 1 12 3456 7890. ¿Podemos hablar más tarde?""",1
"""26. ""Mi dirección es Av. Cuarta 987, Ciudad. ¿Podrías enviarme el paquete allí?""",1
"""27. ""Mi número de pasaporte es P210987654. Lo necesitaré para el vuelo de mañana.""",1
"""28. ""Mi número de seguro social es 456-78-9012. ¿Podrías confirmarlo en el formulario?""",1
"""29. ""Mi tarjeta de crédito es 0123-4567-8901-2345. ¿Puedes procesar el pago?""",1
"""30. ""Mi correo electrónico es jane_smith@yahoo.com. ¿Podrías agregarme a tu lista de correo?""",1
"""31. ""Mi licencia de conducir es D0123456789. ¿Podrías verificarla en el sistema?""",1
"""32. ""Mi nombre completo es Isabel Martínez. ¿Puedes confirmarlo en el registro?""",1
"""33. ""Mi número de teléfono es 55 5555 5555. ¿Podemos hablar más tarde?""",1
"""34. ""Mi dirección es Calle Quinta 678, Ciudad. ¿Podrías enviarme el paquete allí?""",1
"""35. ""Mi número de pasaporte es P678901234. Lo necesitaré para el vuelo de mañana.""",1
"""36. ""Mi número de seguro social es 789-01-2345. ¿Podrías confirmarlo en el formulario?""",1
"""37. ""Mi tarjeta de crédito es 9012-3456-7890-1234. ¿Puedes procesar el pago?""",1
"""38. ""Mi correo electrónico es john_martinez@gmail.com. ¿Podrías agregarme a tu lista de correo?""",1
"""39. ""Mi licencia de conducir es D3456789012. ¿Podrías verificarla en el sistema?""",1
"""40. ""Mi nombre completo es Luis Pérez. ¿Puedes confirmarlo en el registro?""",1
"""41. ""Mi número de teléfono es (044) 55 5555 5555. ¿Podemos hablar más tarde?""",1
"""42. ""Mi dirección es Av. Sexta 321, Ciudad. ¿Podrías enviarme el paquete allí?""",1
"""43. ""Mi número de pasaporte es P0123456789. Lo necesitaré para el vuelo de mañana.""",1
"""44. ""Mi número de seguro social es 012-34-5678. ¿Podrías confirmarlo en el formulario?""",1
"""45. ""Mi tarjeta de crédito es 2345-6789-1011-1213. ¿Puedes procesar el pago?""",1
"""46. ""Mi correo electrónico es jane_martinez@hotmail.com. ¿Podrías agregarme a tu lista de correo?""",1
"""47. ""Mi licencia de conducir es D6789012345. ¿Podrías verificarla en el sistema?""",1
"""48. ""Mi nombre completo es Rosa Gómez. ¿Puedes confirmarlo en el registro?""",1
"""49. ""Mi número de teléfono es 555-123-4567. ¿Podemos hablar más tarde? (Escribió incorrectamente como 555-123-4560)""",1
"""50. ""Mi dirección es Calle Principal 123, Ciudad. ¿Podrías enviarme el paquete allí? (Escribió incorrectamente como Calle Principal 123, Ciudad 456)""",1
"""These examples cover various contexts and presentations of PII, including emails, chat messages, customer support tickets, and online forms. The tone is natural and conversational, mimicking real-world scenarios.""",1
"""¡Buenos días! Mi número de teléfono es 555-123-4567, por favor llámame para confirmar la cita.""",1
"""Mi tarjeta de crédito ha sido robada, el número es 4111-1111-1111-1111.""",1
"""Mi dirección es 1234 Avenue Street, Apt 5B, Ciudad de México.""",1
"""Acabo de recibir un correo electrónico de phishing con mi dirección de correo electrónico completa: john.doe@example.com.""",1
"""Mi número de seguro social es 123-45-6789, pero no lo comparto a menudo debido a preocupaciones de privacidad.""",1
"""Mi pasaporte número es P1234567, pero lo perdí en mi último viaje a Europa.""",1
"""Mi licencia de conducir dice que vivo en 5678 Oak Street, pero en realidad me mudé a 9876 Elm Street hace un mes.""",1
"""Mi número de teléfono celular es +52 123 456 7890, pero a veces lo escribo mal como +52 123-456-7890.""",1
"""Acabo de recibir una notificación de que mi número de tarjeta de débito ha sido actualizado a 6789-1010-1010-1010.""",1
"""Mi dirección de correo electrónico en el trabajo es jane.doe@empresa.com, pero prefiero usar mi correo electrónico personal para comunicaciones personales.""",1
"""Mi número de identificación en el aeropuerto es ABC123, pero no estoy seguro de si es seguro compartirlo en línea.""",1
"""Acabo de recibir una llamada de un número desconocido, 987-654-3210, preguntando por mi información de cuenta bancaria.""",1
"""Mi factura de servicios públicos llegó a la dirección incorrecta, 3456 Pine Street en lugar de 3456 Cedar Street.""",1
"""Acabo de recibir un correo electrónico de una empresa desconocida que contiene mi información personal, incluyendo mi número de Seguro Social 987-65-4320.""",1
"""Mi número de teléfono fijo es 01-800-HOLA-MUNDO, pero rara vez lo uso ya que prefiero mi teléfono celular.""",1
"""Acabo de recibir una notificación de que mi número de cuenta bancaria ha sido actualizado a 12345678901234567890.""",1
"""Mi dirección en línea es 192.168.1.1, pero no estoy seguro de si es seguro compartirla en línea.""",1
"""Acabo de recibir un mensaje de texto de un número desconocido, 555-555-5555, preguntando por mi información de tarjeta de crédito.""",1
"""Mi información de facturación es nombre: Juan Pérez, dirección: 7890 Maple Street, ciudad: México, CDMX, código postal: 06700.""",1
"""Acabo de recibir un correo electrónico de un amigo que contiene mi información de identificación de usuario y contraseña, pero no estoy seguro de si es seguro compartirla en línea.""",1
"""Mi número de identificación de votante es VOT123456789, pero no estoy seguro de si es seguro compartirlo en línea.""",1
"""Acabo de recibir una llamada de un número desconocido, 112, preguntando por mi información de facturación.""",1
"""Mi número de identificación de contribuyente es TIN123456789, pero no estoy seguro de si es seguro compartirlo en línea.""",1
"""Acabo de recibir un mensaje de texto de un número desconocido, 444-444-4444, preguntando por mi información de facturación.""",1
"""Mi número de identificación de pasaporte es PASS123456789, pero no estoy seguro de si es seguro compartirlo en línea.""",1
"""Acabo de recibir una llamada de un número desconocido, 911, preguntando por mi información de cuenta bancaria.""",1
"""Mi número de identificación de cliente es CUST123456789, pero no estoy seguro de si es seguro compartirlo en línea.""",1
"""Acabo de recibir una notificación de que mi número de identificación de contribuyente ha sido actualizado a TIN987654321.""",1
"""Mi número de identificación de cliente es CLI123456789, pero no estoy seguro de si es seguro compartirlo en línea.""",1
"""Acabo de recibir un correo electrónico de una empresa desconocida que contiene mi información de facturación, incluyendo mi dirección y número de teléfono.""",1
"""are 50 text snippets in Spanish with varying contexts and presentations of personally identifiable information (PII):""",1
"""1. ""¡Hola! Mi número de teléfono es 555-123-4567. ¿Podemos hablar más tarde?""",1
"""2. ""Mi dirección es Calle Principal 123, Ciudad. ¿Puedes enviarme el paquete allí?""",1
"""3. ""Mi número de pasaporte es P123456789. Lo necesitaré para el vuelo de mañana.""",1
"""4. ""Mi número de seguro social es 987-65-4320. ¿Podrías confirmarlo en el formulario?""",1
"""5. ""Mi tarjeta de crédito es 1234-5678-9012-3456. ¿Puedes procesar el pago?""",1
"""6. ""Mi correo electrónico es john.doe@example.com. ¿Puedes agregarme a tu lista de correo?""",1
"""7. ""Mi licencia de conducir es D123456789. ¿Podrías verificarla en el sistema?""",1
"""8. ""Mi nombre completo es Juan Pérez. ¿Puedes confirmarlo en el registro?""",1
"""9. ""Mi número de teléfono es 04455-1234-5678. ¿Podemos hablar más tarde?""",1
"""10. ""Mi dirección es Av. Secundaria 456, Ciudad. ¿Podrías enviarme el paquete allí?""",1
"""11. ""Mi número de pasaporte es P987654321. Lo necesitaré para el vuelo de mañana.""",1
"""12. ""Mi número de seguro social es 098-76-5432. ¿Podrías confirmarlo en el formulario?""",1
"""13. ""Mi tarjeta de crédito es 1111-2222-3333-4444. ¿Puedes procesar el pago?""",1
"""14. ""Mi correo electrónico es jane.doe@gmail.com. ¿Podrías agregarme a tu lista de correo?""",1
"""15. ""Mi licencia de conducir es D987654321. ¿Podrías verificarla en el sistema?""",1
"""16. ""Mi nombre completo es María García. ¿Puedes confirmarlo en el registro?""",1
"""17. ""Mi número de teléfono es (55) 1234-5678. ¿Podemos hablar más tarde?""",1
"""18. ""Mi dirección es Calle Tercera 789, Ciudad. ¿Podrías enviarme el paquete allí?""",1
"""19. ""Mi número de pasaporte es P456789123. Lo necesitaré para el vuelo de mañana.""",1
"""20. ""Mi número de seguro social es 123-45-6789. ¿Podrías confirmarlo en el formulario?""",1
"""21. ""Mi tarjeta de crédito es 6543-2109-8765-4321. ¿Puedes procesar el pago?""",1
"""22. ""Mi correo electrónico es john_smith@outlook.com. ¿Podrías agregarme a tu lista de correo?""",1
"""23. ""Mi licencia de conducir es D456789123. ¿Podrías verificarla en el sistema?""",1
"""24. ""Mi nombre completo es Carlos Rodríguez. ¿Puedes confirmarlo en el registro?""",1
"""25. ""Mi número de teléfono es +52 1 12 3456 7890. ¿Podemos hablar más tarde?""",1
"""26. ""Mi dirección es Av. Cuarta 987, Ciudad. ¿Podrías enviarme el paquete allí?""",1
"""27. ""Mi número de pasaporte es P210987654. Lo necesitaré para el vuelo de mañana.""",1
"""28. ""Mi número de seguro social es 456-78-9012. ¿Podrías confirmarlo en el formulario?""",1
"""29. ""Mi tarjeta de crédito es 0123-4567-8901-2345. ¿Puedes procesar el pago?""",1
"""30. ""Mi correo electrónico es jane_smith@yahoo.com. ¿Podrías agregarme a tu lista de correo?""",1
"""31. ""Mi licencia de conducir es D0123456789. ¿Podrías verificarla en el sistema?""",1
"""32. ""Mi nombre completo es Isabel Martínez. ¿Puedes confirmarlo en el registro?""",1
"""33. ""Mi número de teléfono es 55 5555 5555. ¿Podemos hablar más tarde?""",1
"""34. ""Mi dirección es Calle Quinta 678, Ciudad. ¿Podrías enviarme el paquete allí?""",1
"""35. ""Mi número de pasaporte es P678901234. Lo necesitaré para el vuelo de mañana.""",1
"""36. ""Mi número de seguro social es 789-01-2345. ¿Podrías confirmarlo en el formulario?""",1
"""37. ""Mi tarjeta de crédito es 9012-3456-7890-1234. ¿Puedes procesar el pago?""",1
"""38. ""Mi correo electrónico es john_martinez@gmail.com. ¿Podrías agregarme a tu lista de correo?""",1
"""39. ""Mi licencia de conducir es D3456789012. ¿Podrías verificarla en el sistema?""",1
"""40. ""Mi nombre completo es Luis Pérez. ¿Puedes confirmarlo en el registro?""",1
"""41. ""Mi número de teléfono es (044) 55 5555 5555. ¿Podemos hablar más tarde?""",1
"""42. ""Mi dirección es Av. Sexta 321, Ciudad. ¿Podrías enviarme el paquete allí?""",1
"""43. ""Mi número de pasaporte es P0123456789. Lo necesitaré para el vuelo de mañana.""",1
"""44. ""Mi número de seguro social es 012-34-5678. ¿Podrías confirmarlo en el formulario?""",1
"""45. ""Mi tarjeta de crédito es 2345-6789-1011-1213. ¿Puedes procesar el pago?""",1
"""46. ""Mi correo electrónico es jane_martinez@hotmail.com. ¿Podrías agregarme a tu lista de correo?""",1
"""47. ""Mi licencia de conducir es D6789012345. ¿Podrías verificarla en el sistema?""",1
"""48. ""Mi nombre completo es Rosa Gómez. ¿Puedes confirmarlo en el registro?""",1
"""49. ""Mi número de teléfono es 555-123-4567. ¿Podemos hablar más tarde? (Escribió incorrectamente como 555-123-4560)""",1
"""50. ""Mi dirección es Calle Principal 123, Ciudad. ¿Podrías enviarme el paquete allí? (Escribió incorrectamente como Calle Principal 123, Ciudad 456)""",1
"""These examples cover various contexts and presentations of PII, including emails, chat messages, customer support tickets, and online forms. The tone is natural and conversational, mimicking real-world scenarios.""",1
"""📞 Llamé a María Pérez, 555-1234, para confirmar su cita médica en la clínica La Esperanza. Recuerde llevar su tarjeta de seguro social para registrarse.""",1
"""📧 Nueva contraseña para tu cuenta: 123456. Si tienes problemas, contáctanos al 911-555-3456.""",1
"""📝 Nueva dirección de facturación: Juan Rodríguez, Calle 12 #34-56, Bogotá, Colombia.""",1
"""💳 Tarjeta de crédito bloqueada: 1234-5678-9012-3456. Por favor, contáctenos para restablecerla.""",1
"""🆔 Número de pasaporte: 123456789. Consulta en línea tu visado de entrada a EEUU.""",1
"""🚘 Renovación de licencia de conducir: Juan Carlos Gómez, 1234 567890. Visítenos en la oficina de tránsito.""",1
"""📩 Correo electrónico actualizado: juanita.lopez@email.com. Notificar cambios a soporte técnico.""",1
"""📲 Actualización de número de teléfono: 312-456-7890. Comunicate con nosotros para confirmar.""",1
"""💳 Compra en línea: Tarjeta 5555-5555-5555-5555, cvv 123, expiry 12/25. Confirmar detalles con el comprador.""",1
"""📝 Nueva dirección de envío: Ana María Gómez, Cra. 15 #45-67, Medellín, Colombia.""",1
"""🆔 Nueva tarjeta de identidad: María Isabel Fernández, 123456789. Recuerda actualizar tus datos personales.""",1
"""📞 Llamada de seguros: Juan José López, 555-555-1234. Confirmar datos para proceso de reembolso.""",1
"""📧 Nueva contraseña: ABCDEF. Si tienes problemas, contáctanos al 111-222-3333.""",1
"""📝 Direcciones actualizadas: Luis Fernando Gutiérrez, Cra. 9 #87-65, Cali, Colombia; Carlos Andrés Silva, Av. 123 #456, Bogotá, Colombia.""",1
"""💳 Tarjeta de débito bloqueada: 6789-1011-1213-4567. Contáctenos para restablecerla.""",1
"""🆔 Nueva cédula de ciudadanía: María José Gómez, 987654321. Recuerda actualizar tus datos en la rhetorical.""",1
"""📲 Número de emergencia: 123-456-7890. Comunicate con nosotros en caso de necesidad.""",1
"""📝 Nueva dirección de facturación: Laura Andrea Muñoz, Calle 80 #12-34, Cartagena, Colombia.""",1
"""💳 Nouvelle carte de crédit: 1234-5678-9012-3456. Veuillez contacter notre service client pour toute question.""",1
"""🆔 Passport number: 123456789. Check entry visa requirements for your destination country.""",1
"""📞 Phone call from bank: Carlos Alberto Martínez, 555-4321. Confirm details for account verification.""",1
"""📧 Nueva contraseña: GHIJKL. Si tienes problemas, contáctanos al 999-888-7777.""",1
"""📝 Información actualizada: Andrés Felipe Umaña, Calle 10 #20-30, Barranquilla, Colombia.""",1
"""💳 Tarjeta de crédito robada: 1111-2222-3333-4444. Comunicate con nosotros para bloquearla.""",1
"""🆔 Número de identificación: María Fernanda Torres, 123456789. Consulta en línea tus datos personales.""",1
"""📲 Número de teléfono actualizado: 315-678-9012. Notificar cambios a soporte técnico.""",1
"""📝 Nueva dirección de envío: Luis Alejandro González, Av. 6 #15-25, Bucaramanga, Colombia.""",1
"""🆔 Número de seguridad social: 123-45-6789. Consulta en línea tus beneficios y aportes.""",1
"""📞 Llamada de telecomunicaciones: Laura Juliana Gómez, 555-9876. Confirmar datos para cambio de plan.""",1
"""📧 Nueva contraseña: MNOPQR. Si tienes problemas, contáctanos al 777-666-5555.""",1
"""📝 Actualización de datos: Sebastián David Romero, Calle 13 #78-90, Pereira, Colombia.""",1
"""📲 Número de emergencia: 112-222-3333. Comunicate con nosotros para reportar incidentes.""",1
"""📝 Nueva dirección de facturación: Valentina Andrea Díaz, Av. 123 #456, Medellín, Colombia.""",1
"""🆔 Número de identificación: María del Carmen Pérez, 987654321. Consulta en línea tus datos personales.""",1
"""📞 Llamada de servicios públicos: Juan Pablo Martínez, 555-4321. Confirmar datos para cambio de dirección.""",1
"""📧 Nueva contraseña: STUVWX. Si tienes problemas, contáctanos al 444-333-2222.""",1
"""📝 Información actualizada: Santiago Andrés Gómez, Carrera 7 #14-26, Manizales, Colombia.""",1
"""💳 Tarjeta de débito perdida: 6789-1011-1213-4567. Comunicate con nosotros para bloquearla.""",1
"""🆔 Número de identificación: Ana Sofía Silva, 123456789. Recuerda actualizar tus datos en la plataforma en línea.""",1
"""📲 Número de teléfono actualizado: 318-901-2345. Notificar cambios a soporte técnico.""",1
"""📝 Nueva dirección de envío: Samuel David Gutiérrez, Av. 123 #456, Bogotá, Colombia.""",1
"""🆔 Número de identificación: José Daniel Ruiz, 987654321. Consulta en línea tus datos personales.""",1
"""📞 Llamada de atención al cliente: Laura Andrea Martínez, 555-4321. Confirmar datos para proceso de reembolso.""",1
"""📧 Nueva contraseña: YZABCD. Si tienes problemas, contáctanos al 222-111-4444.""",1
"""📝 Actualización de datos: Valentina Andrea Gómez, Calle 10 #20-30, Cartagena, Colombia.""",1
"""📲 Número de teléfono actualizado: 319-012-3456. Notificar cambios a soporte técnico.""",1
"""📝 Nueva dirección de envío: Andrés Felipe Silva, Av. 6 #15-25, Cali, Colombia.""",1
"""🆔 Número de identificación: María Isabel Gómez, 123456789. Recuerda actualizar tus datos en la plataforma en línea.""",1
"""📞 Llamada de servicio de entregas: Juan Camilo Gómez, 555-1234. Confirmar dirección de envío.""",1
"""📧 Nueva contraseña: EFGHIJ. Si tienes problemas, contáctanos al 333-222-1111.""",1
"""📝 Información actualizada: Laura Juliana Gómez, Calle 15 #30-45, Medellín, Colombia.""",1
"""💳 Tarjeta de crédito caducada: 1234-5678-9012-3456. Comunicate con nosotros para renovarla.""",1
"""are 50 text snippets in Spanish with varying contexts and presentations of personally identifiable information (PII):""",1
"""1. ""¡Hola! Mi número de teléfono es 555-123-4567. ¿Podemos hablar más tarde?""",1
"""2. ""Mi dirección es Calle Principal 123, Ciudad. ¿Puedes enviarme el paquete allí?""",1
"""3. ""Mi número de pasaporte es P123456789. Lo necesitaré para el vuelo de mañana.""",1
"""4. ""Mi número de seguro social es 987-65-4320. ¿Podrías confirmarlo en el formulario?""",1
"""5. ""Mi tarjeta de crédito es 1234-5678-9012-3456. ¿Puedes procesar el pago?""",1
"""6. ""Mi correo electrónico es john.doe@example.com. ¿Puedes agregarme a tu lista de correo?""",1
"""7. ""Mi licencia de conducir es D123456789. ¿Podrías verificarla en el sistema?""",1
"""8. ""Mi nombre completo es Juan Pérez. ¿Puedes confirmarlo en el registro?""",1
"""9. ""Mi número de teléfono es 04455-1234-5678. ¿Podemos hablar más tarde?""",1
"""10. ""Mi dirección es Av. Secundaria 456, Ciudad. ¿Podrías enviarme el paquete allí?""",1
"""11. ""Mi número de pasaporte es P987654321. Lo necesitaré para el vuelo de mañana.""",1
"""12. ""Mi número de seguro social es 098-76-5432. ¿Podrías confirmarlo en el formulario?""",1
"""13. ""Mi tarjeta de crédito es 1111-2222-3333-4444. ¿Puedes procesar el pago?""",1
"""14. ""Mi correo electrónico es jane.doe@gmail.com. ¿Podrías agregarme a tu lista de correo?""",1
"""15. ""Mi licencia de conducir es D987654321. ¿Podrías verificarla en el sistema?""",1
"""16. ""Mi nombre completo es María García. ¿Puedes confirmarlo en el registro?""",1
"""17. ""Mi número de teléfono es (55) 1234-5678. ¿Podemos hablar más tarde?""",1
"""18. ""Mi dirección es Calle Tercera 789, Ciudad. ¿Podrías enviarme el paquete allí?""",1
"""19. ""Mi número de pasaporte es P456789123. Lo necesitaré para el vuelo de mañana.""",1
"""20. ""Mi número de seguro social es 123-45-6789. ¿Podrías confirmarlo en el formulario?""",1
"""21. ""Mi tarjeta de crédito es 6543-2109-8765-4321. ¿Puedes procesar el pago?""",1
"""22. ""Mi correo electrónico es john_smith@outlook.com. ¿Podrías agregarme a tu lista de correo?""",1
"""23. ""Mi licencia de conducir es D456789123. ¿Podrías verificarla en el sistema?""",1
"""24. ""Mi nombre completo es Carlos Rodríguez. ¿Puedes confirmarlo en el registro?""",1
"""25. ""Mi número de teléfono es +52 1 12 3456 7890. ¿Podemos hablar más tarde?""",1
"""26. ""Mi dirección es Av. Cuarta 987, Ciudad. ¿Podrías enviarme el paquete allí?""",1
"""27. ""Mi número de pasaporte es P210987654. Lo necesitaré para el vuelo de mañana.""",1
"""28. ""Mi número de seguro social es 456-78-9012. ¿Podrías confirmarlo en el formulario?""",1
"""29. ""Mi tarjeta de crédito es 0123-4567-8901-2345. ¿Puedes procesar el pago?""",1
"""30. ""Mi correo electrónico es jane_smith@yahoo.com. ¿Podrías agregarme a tu lista de correo?""",1
"""31. ""Mi licencia de conducir es D0123456789. ¿Podrías verificarla en el sistema?""",1
"""32. ""Mi nombre completo es Isabel Martínez. ¿Puedes confirmarlo en el registro?""",1
"""33. ""Mi número de teléfono es 55 5555 5555. ¿Podemos hablar más tarde?""",1
"""34. ""Mi dirección es Calle Quinta 678, Ciudad. ¿Podrías enviarme el paquete allí?""",1
"""35. ""Mi número de pasaporte es P678901234. Lo necesitaré para el vuelo de mañana.""",1
"""36. ""Mi número de seguro social es 789-01-2345. ¿Podrías confirmarlo en el formulario?""",1
"""37. ""Mi tarjeta de crédito es 9012-3456-7890-1234. ¿Puedes procesar el pago?""",1
"""38. ""Mi correo electrónico es john_martinez@gmail.com. ¿Podrías agregarme a tu lista de correo?""",1
"""39. ""Mi licencia de conducir es D3456789012. ¿Podrías verificarla en el sistema?""",1
"""40. ""Mi nombre completo es Luis Pérez. ¿Puedes confirmarlo en el registro?""",1
"""41. ""Mi número de teléfono es (044) 55 5555 5555. ¿Podemos hablar más tarde?""",1
"""42. ""Mi dirección es Av. Sexta 321, Ciudad. ¿Podrías enviarme el paquete allí?""",1
"""43. ""Mi número de pasaporte es P0123456789. Lo necesitaré para el vuelo de mañana.""",1
"""44. ""Mi número de seguro social es 012-34-5678. ¿Podrías confirmarlo en el formulario?""",1
"""45. ""Mi tarjeta de crédito es 2345-6789-1011-1213. ¿Puedes procesar el pago?""",1
"""46. ""Mi correo electrónico es jane_martinez@hotmail.com. ¿Podrías agregarme a tu lista de correo?""",1
"""47. ""Mi licencia de conducir es D6789012345. ¿Podrías verificarla en el sistema?""",1
"""48. ""Mi nombre completo es Rosa Gómez. ¿Puedes confirmarlo en el registro?""",1
"""49. ""Mi número de teléfono es 555-123-4567. ¿Podemos hablar más tarde? (Escribió incorrectamente como 555-123-4560)""",1
"""50. ""Mi dirección es Calle Principal 123, Ciudad. ¿Podrías enviarme el paquete allí? (Escribió incorrectamente como Calle Principal 123, Ciudad 456)""",1
"""These examples cover various contexts and presentations of PII, including emails, chat messages, customer support tickets, and online forms. The tone is natural and conversational, mimicking real-world scenarios.""",1
"""are 50 text snippets in Spanish with varying contexts and presentations of personally identifiable information (PII):""",1
"""1. ""¡Hola! Mi número de teléfono es 555-123-4567. ¿Podemos hablar más tarde?""",1
"""2. ""Mi dirección es Calle Principal 123, Ciudad. ¿Puedes enviarme el paquete allí?""",1
"""3. ""Mi número de pasaporte es P123456789. Lo necesitaré para el vuelo de mañana.""",1
"""4. ""Mi número de seguro social es 987-65-4320. ¿Podrías confirmarlo en el formulario?""",1
"""5. ""Mi tarjeta de crédito es 1234-5678-9012-3456. ¿Puedes procesar el pago?""",1
"""6. ""Mi correo electrónico es john.doe@example.com. ¿Puedes agregarme a tu lista de correo?""",1
"""7. ""Mi licencia de conducir es D123456789. ¿Podrías verificarla en el sistema?""",1
"""8. ""Mi nombre completo es Juan Pérez. ¿Puedes confirmarlo en el registro?""",1
"""9. ""Mi número de teléfono es 04455-1234-5678. ¿Podemos hablar más tarde?""",1
"""10. ""Mi dirección es Av. Secundaria 456, Ciudad. ¿Podrías enviarme el paquete allí?""",1
"""11. ""Mi número de pasaporte es P987654321. Lo necesitaré para el vuelo de mañana.""",1
"""12. ""Mi número de seguro social es 098-76-5432. ¿Podrías confirmarlo en el formulario?""",1
"""13. ""Mi tarjeta de crédito es 1111-2222-3333-4444. ¿Puedes procesar el pago?""",1
"""14. ""Mi correo electrónico es jane.doe@gmail.com. ¿Podrías agregarme a tu lista de correo?""",1
"""15. ""Mi licencia de conducir es D987654321. ¿Podrías verificarla en el sistema?""",1
"""16. ""Mi nombre completo es María García. ¿Puedes confirmarlo en el registro?""",1
"""17. ""Mi número de teléfono es (55) 1234-5678. ¿Podemos hablar más tarde?""",1
"""18. ""Mi dirección es Calle Tercera 789, Ciudad. ¿Podrías enviarme el paquete allí?""",1
"""19. ""Mi número de pasaporte es P456789123. Lo necesitaré para el vuelo de mañana.""",1
"""20. ""Mi número de seguro social es 123-45-6789. ¿Podrías confirmarlo en el formulario?""",1
"""21. ""Mi tarjeta de crédito es 6543-2109-8765-4321. ¿Puedes procesar el pago?""",1
"""22. ""Mi correo electrónico es john_smith@outlook.com. ¿Podrías agregarme a tu lista de correo?""",1
"""23. ""Mi licencia de conducir es D456789123. ¿Podrías verificarla en el sistema?""",1
"""24. ""Mi nombre completo es Carlos Rodríguez. ¿Puedes confirmarlo en el registro?""",1
"""25. ""Mi número de teléfono es +52 1 12 3456 7890. ¿Podemos hablar más tarde?""",1
"""26. ""Mi dirección es Av. Cuarta 987, Ciudad. ¿Podrías enviarme el paquete allí?""",1
"""27. ""Mi número de pasaporte es P210987654. Lo necesitaré para el vuelo de mañana.""",1
"""28. ""Mi número de seguro social es 456-78-9012. ¿Podrías confirmarlo en el formulario?""",1
"""29. ""Mi tarjeta de crédito es 0123-4567-8901-2345. ¿Puedes procesar el pago?""",1
"""30. ""Mi correo electrónico es jane_smith@yahoo.com. ¿Podrías agregarme a tu lista de correo?""",1
"""31. ""Mi licencia de conducir es D0123456789. ¿Podrías verificarla en el sistema?""",1
"""32. ""Mi nombre completo es Isabel Martínez. ¿Puedes confirmarlo en el registro?""",1
"""33. ""Mi número de teléfono es 55 5555 5555. ¿Podemos hablar más tarde?""",1
"""34. ""Mi dirección es Calle Quinta 678, Ciudad. ¿Podrías enviarme el paquete allí?""",1
"""35. ""Mi número de pasaporte es P678901234. Lo necesitaré para el vuelo de mañana.""",1
"""36. ""Mi número de seguro social es 789-01-2345. ¿Podrías confirmarlo en el formulario?""",1
"""37. ""Mi tarjeta de crédito es 9012-3456-7890-1234. ¿Puedes procesar el pago?""",1
"""38. ""Mi correo electrónico es john_martinez@gmail.com. ¿Podrías agregarme a tu lista de correo?""",1
"""39. ""Mi licencia de conducir es D3456789012. ¿Podrías verificarla en el sistema?""",1
"""40. ""Mi nombre completo es Luis Pérez. ¿Puedes confirmarlo en el registro?""",1
"""41. ""Mi número de teléfono es (044) 55 5555 5555. ¿Podemos hablar más tarde?""",1
"""42. ""Mi dirección es Av. Sexta 321, Ciudad. ¿Podrías enviarme el paquete allí?""",1
"""43. ""Mi número de pasaporte es P0123456789. Lo necesitaré para el vuelo de mañana.""",1
"""44. ""Mi número de seguro social es 012-34-5678. ¿Podrías confirmarlo en el formulario?""",1
"""45. ""Mi tarjeta de crédito es 2345-6789-1011-1213. ¿Puedes procesar el pago?""",1
"""46. ""Mi correo electrónico es jane_martinez@hotmail.com. ¿Podrías agregarme a tu lista de correo?""",1
"""47. ""Mi licencia de conducir es D6789012345. ¿Podrías verificarla en el sistema?""",1
"""48. ""Mi nombre completo es Rosa Gómez. ¿Puedes confirmarlo en el registro?""",1
"""49. ""Mi número de teléfono es 555-123-4567. ¿Podemos hablar más tarde? (Escribió incorrectamente como 555-123-4560)""",1
"""50. ""Mi dirección es Calle Principal 123, Ciudad. ¿Podrías enviarme el paquete allí? (Escribió incorrectamente como Calle Principal 123, Ciudad 456)""",1
"""These examples cover various contexts and presentations of PII, including emails, chat messages, customer support tickets, and online forms. The tone is natural and conversational, mimicking real-world scenarios.""",1
"""are 50 text snippets in Spanish with varying contexts and presentations of personally identifiable information (PII):""",1
"""1. ""¡Hola! Mi número de teléfono es 555-123-4567. ¿Podemos hablar más tarde?""",1
"""2. ""Mi dirección es Calle Principal 123, Ciudad. ¿Puedes enviarme el paquete allí?""",1
"""3. ""Mi número de pasaporte es P123456789. Lo necesitaré para el vuelo de mañana.""",1
"""4. ""Mi número de seguro social es 987-65-4320. ¿Podrías confirmarlo en el formulario?""",1
"""5. ""Mi tarjeta de crédito es 1234-5678-9012-3456. ¿Puedes procesar el pago?""",1
"""6. ""Mi correo electrónico es john.doe@example.com. ¿Puedes agregarme a tu lista de correo?""",1
"""7. ""Mi licencia de conducir es D123456789. ¿Podrías verificarla en el sistema?""",1
"""8. ""Mi nombre completo es Juan Pérez. ¿Puedes confirmarlo en el registro?""",1
"""9. ""Mi número de teléfono es 04455-1234-5678. ¿Podemos hablar más tarde?""",1
"""10. ""Mi dirección es Av. Secundaria 456, Ciudad. ¿Podrías enviarme el paquete allí?""",1
"""11. ""Mi número de pasaporte es P987654321. Lo necesitaré para el vuelo de mañana.""",1
"""12. ""Mi número de seguro social es 098-76-5432. ¿Podrías confirmarlo en el formulario?""",1
"""13. ""Mi tarjeta de crédito es 1111-2222-3333-4444. ¿Puedes procesar el pago?""",1
"""14. ""Mi correo electrónico es jane.doe@gmail.com. ¿Podrías agregarme a tu lista de correo?""",1
"""15. ""Mi licencia de conducir es D987654321. ¿Podrías verificarla en el sistema?""",1
"""16. ""Mi nombre completo es María García. ¿Puedes confirmarlo en el registro?""",1
"""17. ""Mi número de teléfono es (55) 1234-5678. ¿Podemos hablar más tarde?""",1
"""18. ""Mi dirección es Calle Tercera 789, Ciudad. ¿Podrías enviarme el paquete allí?""",1
"""19. ""Mi número de pasaporte es P456789123. Lo necesitaré para el vuelo de mañana.""",1
"""20. ""Mi número de seguro social es 123-45-6789. ¿Podrías confirmarlo en el formulario?""",1
"""21. ""Mi tarjeta de crédito es 6543-2109-8765-4321. ¿Puedes procesar el pago?""",1
"""22. ""Mi correo electrónico es john_smith@outlook.com. ¿Podrías agregarme a tu lista de correo?""",1
"""23. ""Mi licencia de conducir es D456789123. ¿Podrías verificarla en el sistema?""",1
"""24. ""Mi nombre completo es Carlos Rodríguez. ¿Puedes confirmarlo en el registro?""",1
"""25. ""Mi número de teléfono es +52 1 12 3456 7890. ¿Podemos hablar más tarde?""",1
"""26. ""Mi dirección es Av. Cuarta 987, Ciudad. ¿Podrías enviarme el paquete allí?""",1
"""27. ""Mi número de pasaporte es P210987654. Lo necesitaré para el vuelo de mañana.""",1
"""28. ""Mi número de seguro social es 456-78-9012. ¿Podrías confirmarlo en el formulario?""",1
"""29. ""Mi tarjeta de crédito es 0123-4567-8901-2345. ¿Puedes procesar el pago?""",1
"""30. ""Mi correo electrónico es jane_smith@yahoo.com. ¿Podrías agregarme a tu lista de correo?""",1
"""31. ""Mi licencia de conducir es D0123456789. ¿Podrías verificarla en el sistema?""",1
"""32. ""Mi nombre completo es Isabel Martínez. ¿Puedes confirmarlo en el registro?""",1
"""33. ""Mi número de teléfono es 55 5555 5555. ¿Podemos hablar más tarde?""",1
"""34. ""Mi dirección es Calle Quinta 678, Ciudad. ¿Podrías enviarme el paquete allí?""",1
"""35. ""Mi número de pasaporte es P678901234. Lo necesitaré para el vuelo de mañana.""",1
"""36. ""Mi número de seguro social es 789-01-2345. ¿Podrías confirmarlo en el formulario?""",1
"""37. ""Mi tarjeta de crédito es 9012-3456-7890-1234. ¿Puedes procesar el pago?""",1
"""38. ""Mi correo electrónico es john_martinez@gmail.com. ¿Podrías agregarme a tu lista de correo?""",1
"""39. ""Mi licencia de conducir es D3456789012. ¿Podrías verificarla en el sistema?""",1
"""40. ""Mi nombre completo es Luis Pérez. ¿Puedes confirmarlo en el registro?""",1
"""41. ""Mi número de teléfono es (044) 55 5555 5555. ¿Podemos hablar más tarde?""",1
"""42. ""Mi dirección es Av. Sexta 321, Ciudad. ¿Podrías enviarme el paquete allí?""",1
"""43. ""Mi número de pasaporte es P0123456789. Lo necesitaré para el vuelo de mañana.""",1
"""44. ""Mi número de seguro social es 012-34-5678. ¿Podrías confirmarlo en el formulario?""",1
"""45. ""Mi tarjeta de crédito es 2345-6789-1011-1213. ¿Puedes procesar el pago?""",1
"""46. ""Mi correo electrónico es jane_martinez@hotmail.com. ¿Podrías agregarme a tu lista de correo?""",1
"""47. ""Mi licencia de conducir es D6789012345. ¿Podrías verificarla en el sistema?""",1
"""48. ""Mi nombre completo es Rosa Gómez. ¿Puedes confirmarlo en el registro?""",1
"""49. ""Mi número de teléfono es 555-123-4567. ¿Podemos hablar más tarde? (Escribió incorrectamente como 555-123-4560)""",1
"""50. ""Mi dirección es Calle Principal 123, Ciudad. ¿Podrías enviarme el paquete allí? (Escribió incorrectamente como Calle Principal 123, Ciudad 456)""",1
"""These examples cover various contexts and presentations of PII, including emails, chat messages, customer support tickets, and online forms. The tone is natural and conversational, mimicking real-world scenarios.""",1
"""are 50 text snippets in Spanish with varying contexts and presentations of personally identifiable information (PII):""",1
"""1. ""¡Hola! Mi número de teléfono es 555-123-4567. ¿Podemos hablar más tarde?""",1
"""2. ""Mi dirección es Calle Principal 123, Ciudad. ¿Puedes enviarme el paquete allí?""",1
"""3. ""Mi número de pasaporte es P123456789. Lo necesitaré para el vuelo de mañana.""",1
"""4. ""Mi número de seguro social es 987-65-4320. ¿Podrías confirmarlo en el formulario?""",1
"""5. ""Mi tarjeta de crédito es 1234-5678-9012-3456. ¿Puedes procesar el pago?""",1
"""6. ""Mi correo electrónico es john.doe@example.com. ¿Puedes agregarme a tu lista de correo?""",1
"""7. ""Mi licencia de conducir es D123456789. ¿Podrías verificarla en el sistema?""",1
"""8. ""Mi nombre completo es Juan Pérez. ¿Puedes confirmarlo en el registro?""",1
"""9. ""Mi número de teléfono es 04455-1234-5678. ¿Podemos hablar más tarde?""",1
"""10. ""Mi dirección es Av. Secundaria 456, Ciudad. ¿Podrías enviarme el paquete allí?""",1
"""11. ""Mi número de pasaporte es P987654321. Lo necesitaré para el vuelo de mañana.""",1
"""12. ""Mi número de seguro social es 098-76-5432. ¿Podrías confirmarlo en el formulario?""",1
"""13. ""Mi tarjeta de crédito es 1111-2222-3333-4444. ¿Puedes procesar el pago?""",1
"""14. ""Mi correo electrónico es jane.doe@gmail.com. ¿Podrías agregarme a tu lista de correo?""",1
"""15. ""Mi licencia de conducir es D987654321. ¿Podrías verificarla en el sistema?""",1
"""16. ""Mi nombre completo es María García. ¿Puedes confirmarlo en el registro?""",1
"""17. ""Mi número de teléfono es (55) 1234-5678. ¿Podemos hablar más tarde?""",1
"""18. ""Mi dirección es Calle Tercera 789, Ciudad. ¿Podrías enviarme el paquete allí?""",1
"""19. ""Mi número de pasaporte es P456789123. Lo necesitaré para el vuelo de mañana.""",1
"""20. ""Mi número de seguro social es 123-45-6789. ¿Podrías confirmarlo en el formulario?""",1
"""21. ""Mi tarjeta de crédito es 6543-2109-8765-4321. ¿Puedes procesar el pago?""",1
"""22. ""Mi correo electrónico es john_smith@outlook.com. ¿Podrías agregarme a tu lista de correo?""",1
"""23. ""Mi licencia de conducir es D456789123. ¿Podrías verificarla en el sistema?""",1
"""24. ""Mi nombre completo es Carlos Rodríguez. ¿Puedes confirmarlo en el registro?""",1
"""25. ""Mi número de teléfono es +52 1 12 3456 7890. ¿Podemos hablar más tarde?""",1
"""26. ""Mi dirección es Av. Cuarta 987, Ciudad. ¿Podrías enviarme el paquete allí?""",1
"""27. ""Mi número de pasaporte es P210987654. Lo necesitaré para el vuelo de mañana.""",1
"""28. ""Mi número de seguro social es 456-78-9012. ¿Podrías confirmarlo en el formulario?""",1
"""29. ""Mi tarjeta de crédito es 0123-4567-8901-2345. ¿Puedes procesar el pago?""",1
"""30. ""Mi correo electrónico es jane_smith@yahoo.com. ¿Podrías agregarme a tu lista de correo?""",1
"""31. ""Mi licencia de conducir es D0123456789. ¿Podrías verificarla en el sistema?""",1
"""32. ""Mi nombre completo es Isabel Martínez. ¿Puedes confirmarlo en el registro?""",1
"""33. ""Mi número de teléfono es 55 5555 5555. ¿Podemos hablar más tarde?""",1
"""34. ""Mi dirección es Calle Quinta 678, Ciudad. ¿Podrías enviarme el paquete allí?""",1
"""35. ""Mi número de pasaporte es P678901234. Lo necesitaré para el vuelo de mañana.""",1
"""36. ""Mi número de seguro social es 789-01-2345. ¿Podrías confirmarlo en el formulario?""",1
"""37. ""Mi tarjeta de crédito es 9012-3456-7890-1234. ¿Puedes procesar el pago?""",1
"""38. ""Mi correo electrónico es john_martinez@gmail.com. ¿Podrías agregarme a tu lista de correo?""",1
"""39. ""Mi licencia de conducir es D3456789012. ¿Podrías verificarla en el sistema?""",1
"""40. ""Mi nombre completo es Luis Pérez. ¿Puedes confirmarlo en el registro?""",1
"""41. ""Mi número de teléfono es (044) 55 5555 5555. ¿Podemos hablar más tarde?""",1
"""42. ""Mi dirección es Av. Sexta 321, Ciudad. ¿Podrías enviarme el paquete allí?""",1
"""43. ""Mi número de pasaporte es P0123456789. Lo necesitaré para el vuelo de mañana.""",1
"""44. ""Mi número de seguro social es 012-34-5678. ¿Podrías confirmarlo en el formulario?""",1
"""45. ""Mi tarjeta de crédito es 2345-6789-1011-1213. ¿Puedes procesar el pago?""",1
"""46. ""Mi correo electrónico es jane_martinez@hotmail.com. ¿Podrías agregarme a tu lista de correo?""",1
"""47. ""Mi licencia de conducir es D6789012345. ¿Podrías verificarla en el sistema?""",1
"""48. ""Mi nombre completo es Rosa Gómez. ¿Puedes confirmarlo en el registro?""",1
"""49. ""Mi número de teléfono es 555-123-4567. ¿Podemos hablar más tarde? (Escribió incorrectamente como 555-123-4560)""",1
"""50. ""Mi dirección es Calle Principal 123, Ciudad. ¿Podrías enviarme el paquete allí? (Escribió incorrectamente como Calle Principal 123, Ciudad 456)""",1
"""These examples cover various contexts and presentations of PII, including emails, chat messages, customer support tickets, and online forms. The tone is natural and conversational, mimicking real-world scenarios.""",1
"""are 50 text snippets in Spanish with varying contexts and presentations of personally identifiable information (PII):""",1
"""1. ""¡Hola! Mi número de teléfono es 555-123-4567. ¿Podemos hablar más tarde?""",1
"""2. ""Mi dirección es Calle Principal 123, Ciudad. ¿Puedes enviarme el paquete allí?""",1
"""3. ""Mi número de pasaporte es P123456789. Lo necesitaré para el vuelo de mañana.""",1
"""4. ""Mi número de seguro social es 987-65-4320. ¿Podrías confirmarlo en el formulario?""",1
"""5. ""Mi tarjeta de crédito es 1234-5678-9012-3456. ¿Puedes procesar el pago?""",1
"""6. ""Mi correo electrónico es john.doe@example.com. ¿Puedes agregarme a tu lista de correo?""",1
"""7. ""Mi licencia de conducir es D123456789. ¿Podrías verificarla en el sistema?""",1
"""8. ""Mi nombre completo es Juan Pérez. ¿Puedes confirmarlo en el registro?""",1
"""9. ""Mi número de teléfono es 04455-1234-5678. ¿Podemos hablar más tarde?""",1
"""10. ""Mi dirección es Av. Secundaria 456, Ciudad. ¿Podrías enviarme el paquete allí?""",1
"""11. ""Mi número de pasaporte es P987654321. Lo necesitaré para el vuelo de mañana.""",1
"""12. ""Mi número de seguro social es 098-76-5432. ¿Podrías confirmarlo en el formulario?""",1
"""13. ""Mi tarjeta de crédito es 1111-2222-3333-4444. ¿Puedes procesar el pago?""",1
"""14. ""Mi correo electrónico es jane.doe@gmail.com. ¿Podrías agregarme a tu lista de correo?""",1
"""15. ""Mi licencia de conducir es D987654321. ¿Podrías verificarla en el sistema?""",1
"""16. ""Mi nombre completo es María García. ¿Puedes confirmarlo en el registro?""",1
"""17. ""Mi número de teléfono es (55) 1234-5678. ¿Podemos hablar más tarde?""",1
"""18. ""Mi dirección es Calle Tercera 789, Ciudad. ¿Podrías enviarme el paquete allí?""",1
"""19. ""Mi número de pasaporte es P456789123. Lo necesitaré para el vuelo de mañana.""",1
"""20. ""Mi número de seguro social es 123-45-6789. ¿Podrías confirmarlo en el formulario?""",1
"""21. ""Mi tarjeta de crédito es 6543-2109-8765-4321. ¿Puedes procesar el pago?""",1
"""22. ""Mi correo electrónico es john_smith@outlook.com. ¿Podrías agregarme a tu lista de correo?""",1
"""23. ""Mi licencia de conducir es D456789123. ¿Podrías verificarla en el sistema?""",1
"""24. ""Mi nombre completo es Carlos Rodríguez. ¿Puedes confirmarlo en el registro?""",1
"""25. ""Mi número de teléfono es +52 1 12 3456 7890. ¿Podemos hablar más tarde?""",1
"""26. ""Mi dirección es Av. Cuarta 987, Ciudad. ¿Podrías enviarme el paquete allí?""",1
"""27. ""Mi número de pasaporte es P210987654. Lo necesitaré para el vuelo de mañana.""",1
"""28. ""Mi número de seguro social es 456-78-9012. ¿Podrías confirmarlo en el formulario?""",1
"""29. ""Mi tarjeta de crédito es 0123-4567-8901-2345. ¿Puedes procesar el pago?""",1
"""30. ""Mi correo electrónico es jane_smith@yahoo.com. ¿Podrías agregarme a tu lista de correo?""",1
"""31. ""Mi licencia de conducir es D0123456789. ¿Podrías verificarla en el sistema?""",1
"""32. ""Mi nombre completo es Isabel Martínez. ¿Puedes confirmarlo en el registro?""",1
"""33. ""Mi número de teléfono es 55 5555 5555. ¿Podemos hablar más tarde?""",1
"""34. ""Mi dirección es Calle Quinta 678, Ciudad. ¿Podrías enviarme el paquete allí?""",1
"""35. ""Mi número de pasaporte es P678901234. Lo necesitaré para el vuelo de mañana.""",1
"""36. ""Mi número de seguro social es 789-01-2345. ¿Podrías confirmarlo en el formulario?""",1
"""37. ""Mi tarjeta de crédito es 9012-3456-7890-1234. ¿Puedes procesar el pago?""",1
"""38. ""Mi correo electrónico es john_martinez@gmail.com. ¿Podrías agregarme a tu lista de correo?""",1
"""39. ""Mi licencia de conducir es D3456789012. ¿Podrías verificarla en el sistema?""",1
"""40. ""Mi nombre completo es Luis Pérez. ¿Puedes confirmarlo en el registro?""",1
"""41. ""Mi número de teléfono es (044) 55 5555 5555. ¿Podemos hablar más tarde?""",1
"""42. ""Mi dirección es Av. Sexta 321, Ciudad. ¿Podrías enviarme el paquete allí?""",1
"""43. ""Mi número de pasaporte es P0123456789. Lo necesitaré para el vuelo de mañana.""",1
"""44. ""Mi número de seguro social es 012-34-5678. ¿Podrías confirmarlo en el formulario?""",1
"""45. ""Mi tarjeta de crédito es 2345-6789-1011-1213. ¿Puedes procesar el pago?""",1
"""46. ""Mi correo electrónico es jane_martinez@hotmail.com. ¿Podrías agregarme a tu lista de correo?""",1
"""47. ""Mi licencia de conducir es D6789012345. ¿Podrías verificarla en el sistema?""",1
"""48. ""Mi nombre completo es Rosa Gómez. ¿Puedes confirmarlo en el registro?""",1
"""49. ""Mi número de teléfono es 555-123-4567. ¿Podemos hablar más tarde? (Escribió incorrectamente como 555-123-4560)""",1
"""50. ""Mi dirección es Calle Principal 123, Ciudad. ¿Podrías enviarme el paquete allí? (Escribió incorrectamente como Calle Principal 123, Ciudad 456)""",1
"""These examples cover various contexts and presentations of PII, including emails, chat messages, customer support tickets, and online forms. The tone is natural and conversational, mimicking real-world scenarios.""",1
"""are 50 text snippets in Spanish with varying contexts and presentations of personally identifiable information (PII):""",1
"""1. ""¡Hola! Mi número de teléfono es 555-123-4567. ¿Podemos hablar más tarde?""",1
"""2. ""Mi dirección es Calle Principal 123, Ciudad. ¿Puedes enviarme el paquete allí?""",1
"""3. ""Mi número de pasaporte es P123456789. Lo necesitaré para el vuelo de mañana.""",1
"""4. ""Mi número de seguro social es 987-65-4320. ¿Podrías confirmarlo en el formulario?""",1
"""5. ""Mi tarjeta de crédito es 1234-5678-9012-3456. ¿Puedes procesar el pago?""",1
"""6. ""Mi correo electrónico es john.doe@example.com. ¿Puedes agregarme a tu lista de correo?""",1
"""7. ""Mi licencia de conducir es D123456789. ¿Podrías verificarla en el sistema?""",1
"""8. ""Mi nombre completo es Juan Pérez. ¿Puedes confirmarlo en el registro?""",1
"""9. ""Mi número de teléfono es 04455-1234-5678. ¿Podemos hablar más tarde?""",1
"""10. ""Mi dirección es Av. Secundaria 456, Ciudad. ¿Podrías enviarme el paquete allí?""",1
"""11. ""Mi número de pasaporte es P987654321. Lo necesitaré para el vuelo de mañana.""",1
"""12. ""Mi número de seguro social es 098-76-5432. ¿Podrías confirmarlo en el formulario?""",1
"""13. ""Mi tarjeta de crédito es 1111-2222-3333-4444. ¿Puedes procesar el pago?""",1
"""14. ""Mi correo electrónico es jane.doe@gmail.com. ¿Podrías agregarme a tu lista de correo?""",1
"""15. ""Mi licencia de conducir es D987654321. ¿Podrías verificarla en el sistema?""",1
"""16. ""Mi nombre completo es María García. ¿Puedes confirmarlo en el registro?""",1
"""17. ""Mi número de teléfono es (55) 1234-5678. ¿Podemos hablar más tarde?""",1
"""18. ""Mi dirección es Calle Tercera 789, Ciudad. ¿Podrías enviarme el paquete allí?""",1
"""19. ""Mi número de pasaporte es P456789123. Lo necesitaré para el vuelo de mañana.""",1
"""20. ""Mi número de seguro social es 123-45-6789. ¿Podrías confirmarlo en el formulario?""",1
"""21. ""Mi tarjeta de crédito es 6543-2109-8765-4321. ¿Puedes procesar el pago?""",1
"""22. ""Mi correo electrónico es john_smith@outlook.com. ¿Podrías agregarme a tu lista de correo?""",1
"""23. ""Mi licencia de conducir es D456789123. ¿Podrías verificarla en el sistema?""",1
"""24. ""Mi nombre completo es Carlos Rodríguez. ¿Puedes confirmarlo en el registro?""",1
"""25. ""Mi número de teléfono es +52 1 12 3456 7890. ¿Podemos hablar más tarde?""",1
"""26. ""Mi dirección es Av. Cuarta 987, Ciudad. ¿Podrías enviarme el paquete allí?""",1
"""27. ""Mi número de pasaporte es P210987654. Lo necesitaré para el vuelo de mañana.""",1
"""28. ""Mi número de seguro social es 456-78-9012. ¿Podrías confirmarlo en el formulario?""",1
"""29. ""Mi tarjeta de crédito es 0123-4567-8901-2345. ¿Puedes procesar el pago?""",1
"""30. ""Mi correo electrónico es jane_smith@yahoo.com. ¿Podrías agregarme a tu lista de correo?""",1
"""31. ""Mi licencia de conducir es D0123456789. ¿Podrías verificarla en el sistema?""",1
"""32. ""Mi nombre completo es Isabel Martínez. ¿Puedes confirmarlo en el registro?""",1
"""33. ""Mi número de teléfono es 55 5555 5555. ¿Podemos hablar más tarde?""",1
"""34. ""Mi dirección es Calle Quinta 678, Ciudad. ¿Podrías enviarme el paquete allí?""",1
"""35. ""Mi número de pasaporte es P678901234. Lo necesitaré para el vuelo de mañana.""",1
"""36. ""Mi número de seguro social es 789-01-2345. ¿Podrías confirmarlo en el formulario?""",1
"""37. ""Mi tarjeta de crédito es 9012-3456-7890-1234. ¿Puedes procesar el pago?""",1
"""38. ""Mi correo electrónico es john_martinez@gmail.com. ¿Podrías agregarme a tu lista de correo?""",1
"""39. ""Mi licencia de conducir es D3456789012. ¿Podrías verificarla en el sistema?""",1
"""40. ""Mi nombre completo es Luis Pérez. ¿Puedes confirmarlo en el registro?""",1
"""41. ""Mi número de teléfono es (044) 55 5555 5555. ¿Podemos hablar más tarde?""",1
"""42. ""Mi dirección es Av. Sexta 321, Ciudad. ¿Podrías enviarme el paquete allí?""",1
"""43. ""Mi número de pasaporte es P0123456789. Lo necesitaré para el vuelo de mañana.""",1
"""44. ""Mi número de seguro social es 012-34-5678. ¿Podrías confirmarlo en el formulario?""",1
"""45. ""Mi tarjeta de crédito es 2345-6789-1011-1213. ¿Puedes procesar el pago?""",1
"""46. ""Mi correo electrónico es jane_martinez@hotmail.com. ¿Podrías agregarme a tu lista de correo?""",1
"""47. ""Mi licencia de conducir es D6789012345. ¿Podrías verificarla en el sistema?""",1
"""48. ""Mi nombre completo es Rosa Gómez. ¿Puedes confirmarlo en el registro?""",1
"""49. ""Mi número de teléfono es 555-123-4567. ¿Podemos hablar más tarde? (Escribió incorrectamente como 555-123-4560)""",1
"""50. ""Mi dirección es Calle Principal 123, Ciudad. ¿Podrías enviarme el paquete allí? (Escribió incorrectamente como Calle Principal 123, Ciudad 456)""",1
"""These examples cover various contexts and presentations of PII, including emails, chat messages, customer support tickets, and online forms. The tone is natural and conversational, mimicking real-world scenarios.""",1
"""1. ""La tarjeta de crédito asociada a tu cuenta es la finalizada en 1234, ¿es correcto?""",1
"""2. ""El número de pasaporte para su reserva es G1234567.""",1
"""3. ""Para confirmar, su dirección es 123 Calle Principal, Ciudad, País, ¿verdad?""",1
"""4. ""Por favor, envíe una copia de su licencia de conducir al correo electrónico [masked].""",1
"""5. ""Mi número de Seguro Social es 123-45-6789, por favor no lo compartas.""",1
"""6. ""El número de teléfono para contactar a Juan Pérez es 555-1234.""",1
"""7. ""La factura será emitida a nombre de María García, con dirección en 456 Avenida Segunda.""",1
"""8. ""Para actualizar su perfil, ingrese su dirección de correo electrónico: [masked].""",1
"""9. ""La cuenta de PayPal asociada es 1234567890@paypal.com.""",1
"""10. ""Recibimos un reporte de una posible actividad sospechosa en la tarjeta finalizada en 1111.""",1
"""11. ""El número de identificación del vehículo es ABC123.""",1
"""12. ""Para hacer un seguimiento de su paquete, utilice el número de seguimiento 987654321.""",1
"""13. ""La dirección de entrega es 789 Calle Tercera, Ciudad, País.""",1
"""14. ""Su número de identificación fiscal es 123456789.""",1
"""15. ""El número de cuenta bancaria para el pago es 123456789.""",1
"""16. ""Para confirmar, su fecha de cumpleaños es el 15 de abril.""",1
"""17. ""Nuestro equipo de soporte lo contactará al número 555-6789.""",1
"""18. ""La reserva está a nombre de José Rodríguez, con número de teléfono 555-9876.""",1
"""19. ""El número de identificación de su factura es 1234567890.""",1
"""20. ""La tarjeta de débito asociada es la que termina en 2345.""",1
"""21. ""La dirección de correo electrónico utilizada para la compra es [masked].""",1
"""22. ""Para verificar su identidad, necesitamos su número de seguro social: 123-45-6789.""",1
"""23. ""El número de identificación de su pasaporte es 123456789.""",1
"""24. ""La cuenta de correo electrónico utilizada para la reserva es [masked].""",1
"""25. ""El número de identificación de su vehículo es ABC-123.""",1
"""26. ""Para confirmar, su dirección es 123 Avenida Principal, Ciudad, País.""",1
"""27. ""La tarjeta de crédito utilizada es la que finaliza en 5678.""",1
"""28. ""La dirección de facturación es 456 Calle Segunda, Ciudad, País.""",1
"""29. ""Por favor, envíe una copia de su identificación al correo electrónico [masked].""",1
"""30. ""La cuenta asociada es 123456789@banco.com.""",1
"""31. ""El número de identificación de su factura es 987654321.""",1
"""32. ""Para confirmar, su número de teléfono es 555-1234.""",1
"""33. ""La tarjeta de crédito utilizada es la que finaliza en 9012.""",1
"""34. ""La dirección de entrega es 789 Calle Cuarta, Ciudad, País.""",1
"""35. ""La cuenta de correo electrónico utilizada para la compra es [masked].""",1
"""36. ""Para verificar su identidad, necesitamos su número de pasaporte: 123456789.""",1
"""37. ""El número de identificación del vehículo es DEF456.""",1
"""38. ""La cuenta asociada es 123456789@correo.com.""",1
"""39. ""Para confirmar, su dirección de correo electrónico es [masked].""",1
"""40. ""La tarjeta de crédito utilizada es la que finaliza en 3456.""",1
"""41. ""La dirección de facturación es 1234 Calle Quinta, Ciudad, País.""",1
"""42. ""Nuestro equipo de soporte lo contactará al correo electrónico [masked].""",1
"""43. ""La cuenta asociada es 123456789@pago.com.""",1
"""44. ""Para confirmar, su número de teléfono celular es 555-7890.""",1
"""45. ""La dirección de facturación es 6789 Calle Sexta, Ciudad, País.""",1
"""46. ""El número de identificación de su factura es 43219876.""",1
"""47. ""La cuenta de correo electrónico utilizada para la reserva es [masked].""",1
"""48. ""Para verificar su identidad, necesitamos su número de licencia de conducir: 123456789.""",1
"""49. ""La tarjeta de crédito utilizada es la que finaliza en 6789.""",1
"""50. ""La dirección de entrega es 12345 Calle Séptima, Ciudad, País.""",1
"""are 50 text snippets in Spanish with varying contexts and presentations of personally identifiable information (PII):""",1
"""1. ""¡Hola! Mi número de teléfono es 555-123-4567. ¿Podemos hablar más tarde?""",1
"""2. ""Mi dirección es Calle Principal 123, Ciudad. ¿Puedes enviarme el paquete allí?""",1
"""3. ""Mi número de pasaporte es P123456789. Lo necesitaré para el vuelo de mañana.""",1
"""4. ""Mi número de seguro social es 987-65-4320. ¿Podrías confirmarlo en el formulario?""",1
"""5. ""Mi tarjeta de crédito es 1234-5678-9012-3456. ¿Puedes procesar el pago?""",1
"""6. ""Mi correo electrónico es john.doe@example.com. ¿Puedes agregarme a tu lista de correo?""",1
"""7. ""Mi licencia de conducir es D123456789. ¿Podrías verificarla en el sistema?""",1
"""8. ""Mi nombre completo es Juan Pérez. ¿Puedes confirmarlo en el registro?""",1
"""9. ""Mi número de teléfono es 04455-1234-5678. ¿Podemos hablar más tarde?""",1
"""10. ""Mi dirección es Av. Secundaria 456, Ciudad. ¿Podrías enviarme el paquete allí?""",1
"""11. ""Mi número de pasaporte es P987654321. Lo necesitaré para el vuelo de mañana.""",1
"""12. ""Mi número de seguro social es 098-76-5432. ¿Podrías confirmarlo en el formulario?""",1
"""13. ""Mi tarjeta de crédito es 1111-2222-3333-4444. ¿Puedes procesar el pago?""",1
"""14. ""Mi correo electrónico es jane.doe@gmail.com. ¿Podrías agregarme a tu lista de correo?""",1
"""15. ""Mi licencia de conducir es D987654321. ¿Podrías verificarla en el sistema?""",1
"""16. ""Mi nombre completo es María García. ¿Puedes confirmarlo en el registro?""",1
"""17. ""Mi número de teléfono es (55) 1234-5678. ¿Podemos hablar más tarde?""",1
"""18. ""Mi dirección es Calle Tercera 789, Ciudad. ¿Podrías enviarme el paquete allí?""",1
"""19. ""Mi número de pasaporte es P456789123. Lo necesitaré para el vuelo de mañana.""",1
"""20. ""Mi número de seguro social es 123-45-6789. ¿Podrías confirmarlo en el formulario?""",1
"""21. ""Mi tarjeta de crédito es 6543-2109-8765-4321. ¿Puedes procesar el pago?""",1
"""22. ""Mi correo electrónico es john_smith@outlook.com. ¿Podrías agregarme a tu lista de correo?""",1
"""23. ""Mi licencia de conducir es D456789123. ¿Podrías verificarla en el sistema?""",1
"""24. ""Mi nombre completo es Carlos Rodríguez. ¿Puedes confirmarlo en el registro?""",1
"""25. ""Mi número de teléfono es +52 1 12 3456 7890. ¿Podemos hablar más tarde?""",1
"""26. ""Mi dirección es Av. Cuarta 987, Ciudad. ¿Podrías enviarme el paquete allí?""",1
"""27. ""Mi número de pasaporte es P210987654. Lo necesitaré para el vuelo de mañana.""",1
"""28. ""Mi número de seguro social es 456-78-9012. ¿Podrías confirmarlo en el formulario?""",1
"""29. ""Mi tarjeta de crédito es 0123-4567-8901-2345. ¿Puedes procesar el pago?""",1
"""30. ""Mi correo electrónico es jane_smith@yahoo.com. ¿Podrías agregarme a tu lista de correo?""",1
"""31. ""Mi licencia de conducir es D0123456789. ¿Podrías verificarla en el sistema?""",1
"""32. ""Mi nombre completo es Isabel Martínez. ¿Puedes confirmarlo en el registro?""",1
"""33. ""Mi número de teléfono es 55 5555 5555. ¿Podemos hablar más tarde?""",1
"""34. ""Mi dirección es Calle Quinta 678, Ciudad. ¿Podrías enviarme el paquete allí?""",1
"""35. ""Mi número de pasaporte es P678901234. Lo necesitaré para el vuelo de mañana.""",1
"""36. ""Mi número de seguro social es 789-01-2345. ¿Podrías confirmarlo en el formulario?""",1
"""37. ""Mi tarjeta de crédito es 9012-3456-7890-1234. ¿Puedes procesar el pago?""",1
"""38. ""Mi correo electrónico es john_martinez@gmail.com. ¿Podrías agregarme a tu lista de correo?""",1
"""39. ""Mi licencia de conducir es D3456789012. ¿Podrías verificarla en el sistema?""",1
"""40. ""Mi nombre completo es Luis Pérez. ¿Puedes confirmarlo en el registro?""",1
"""41. ""Mi número de teléfono es (044) 55 5555 5555. ¿Podemos hablar más tarde?""",1
"""42. ""Mi dirección es Av. Sexta 321, Ciudad. ¿Podrías enviarme el paquete allí?""",1
"""43. ""Mi número de pasaporte es P0123456789. Lo necesitaré para el vuelo de mañana.""",1
"""44. ""Mi número de seguro social es 012-34-5678. ¿Podrías confirmarlo en el formulario?""",1
"""45. ""Mi tarjeta de crédito es 2345-6789-1011-1213. ¿Puedes procesar el pago?""",1
"""46. ""Mi correo electrónico es jane_martinez@hotmail.com. ¿Podrías agregarme a tu lista de correo?""",1
"""47. ""Mi licencia de conducir es D6789012345. ¿Podrías verificarla en el sistema?""",1
"""48. ""Mi nombre completo es Rosa Gómez. ¿Puedes confirmarlo en el registro?""",1
"""49. ""Mi número de teléfono es 555-123-4567. ¿Podemos hablar más tarde? (Escribió incorrectamente como 555-123-4560)""",1
"""50. ""Mi dirección es Calle Principal 123, Ciudad. ¿Podrías enviarme el paquete allí? (Escribió incorrectamente como Calle Principal 123, Ciudad 456)""",1
"""These examples cover various contexts and presentations of PII, including emails, chat messages, customer support tickets, and online forms. The tone is natural and conversational, mimicking real-world scenarios.""",1
