text,label
"""Le gouvernement annonce de nouvelles règles pour réduire les émissions de CO2.""",0
"""La nouvelle application de streaming musical vient de sortir, essayez-la dès maintenant !""",0
"""Il pleut des cordes dans la région, attention aux routes inondées.""",0
"""Le musée d'art moderne expose une nouvelle collection ce week-end.""",0
"""J'adore mon nouveau téléphone, la batterie tient toute la journée !""",0
"""La boulangerie préférée de tout le quartier a enfin rouvert après les travaux.""",0
"""On annonce un pic de pollution pour demain, évitez de sortir si possible.""",0
"""Le match de football était incroyablement palpitant, j'ai hâte de voir le prochain.""",0
"""Le festival de musique commence ce soir, n'oubliez pas vos bouchons d'oreilles !""",0
"""J'ai trouvé un nouveau restaurant asiatique en descendant la rue principale.""",0
"""Le métro est en retard ce matin, prévoir plus de temps pour votre trajet.""",0
"""La nouvelle ligne de bus dessert maintenant le quartier historique, une bonne nouvelle pour les touristes.""",0
"""J'ai vu un magnifique coucher de soleil sur la plage hier soir, c'était magique.""",0
"""La bibliothèque a organisé un atelier de cuisine pour les enfants, ils ont adoré.""",0
"""Le nouveau film d'action est sorti aujourd'hui, prévenez vos amis pour aller le voir.""",0
"""Il fait un froid polaire ce matin, n'oubliez pas votre manteau !""",0
"""La compagnie de téléphone a annoncé une nouvelle offre pour les clients fidèles.""",0
"""Le marché de Noël est ouvert ce week-end, ne manquez pas les stands de friandises !""",0
"""J'ai entendu dire que le cinéma local ferme ses portes, c'est dommage pour les cinéphiles.""",0
"""Le centre commercial a organisé un défilé de mode pour enfants, c'était adorable.""",0
"""Le nouveau smartphone est plus rapide et plus puissant que son prédécesseur.""",0
"""La ville lance une campagne pour réduire les déchets dans les parcs.""",0
"""La nouvelle émission de télévision est hilarante, je recommande vraiment !""",0
"""Le musée des sciences organise une exposition sur les dinosaures cette semaine.""",0
"""La nouvelle application de fitness m'aide à rester motivé pour faire du sport.""",0
"""Le festival de films indépendants commence demain, j'ai hâte de découvrir de nouveaux talents.""",0
"""La nouvelle gamme de produits bio est disponible en magasin, essayez-les !""",0
"""Le parc d'attractions rouvre ses portes ce week-end, parfait pour une journée en famille.""",0
"""Le nouveau restaurant vegan en ville est délicieux, je recommande !""",0
"""La nouvelle ligne de train dessert maintenant la région campagne, c'est une bonne nouvelle pour les habitants.""",0
"""Le nouveau film d'animation est sorti aujourd'hui, emmenez vos enfants le voir.""",0
"""La nouvelle collection de vêtements Printemps/Été est disponible en ligne, faites vos achats maintenant !""",0
"""Le nouveau parc à thème ouvre ses portes demain, réservez vos billets à l'avance.""",0
"""Le nouveau jeu vidéo est sorti aujourd'hui, prévenez vos amis pour jouer ensemble.""",0
"""La nouvelle application de rencontres en ligne est très populaire, essayez-la !""",0
"""Le nouveau livre de mon auteur préféré est sorti aujourd'hui, je vais l'acheter Immediately.""",0
"""Le nouveau complexe sportif vient d'ouvrir, profitez des installations de qualité.""",0
"""La nouvelle ligne de bus dessert maintenant l'aéroport, pratique pour les voyageurs.""",0
"""Le nouveau film de science-fiction est sorti aujourd'hui, c'est un must-see pour les fans du genre.""",0
"""La nouvelle application de livraison de nourriture est très pratique, essayez-la dès maintenant !""",0
"""Le nouveau spa en ville est incroyablement relaxant, je recommande vraiment !""",0
"""Incendie maîtrisé dans le quartier du Marais, aucun blessé à déplorer."" ""Le dernier modèle d'Apple crée l'engouement chez les fans de technologie."" ""Le musée du Louvre fermera ses portes le lundi pour rénovation."" ""Pluies torrentielles prévues pour la soirée, soyez prudents sur la route."" ""Nouvelle offre chez Carrefour : les légumes bio à prix réduit."" ""L'auteur inconnu du roman à succès sera révélé ce soir à la télévision."" ""Le métro sera perturbé demain matin en raison de travaux."" ""Le match de football de ce soir est reporté en raison du mauvais temps."" ""La nouvelle collection de Chanel sera présentée cette semaine à Paris."" ""Le festival de cinéma de Cannes approche, les cinéphiles sont impatients."" ""Le taux de chômage en France a légèrement augmenté ce trimestre."" ""La SNCF annonce des retards importants ce week-end en raison de la grève."" ""Le nouveau film de Woody Allen sort demain en salles."" ""Le marché aux puces de Saint-Ouen rouvrira ses portes dimanche prochain."" ""La météo prévoit un week-end ensoleillé, parfait pour les pique-niques."" ""Le prix du carburant a augmenté ces derniers jours, les conducteurs s'inquiètent."" ""Le concerts de Lady Gaga prévu ce soir est complet, les fans déçus restent optimistes pour les prochaines dates."" ""Le gouvernement annonce de nouvelles mesures pour lutter contre la pollution."" ""Le métro automatique de Toulouse est enfin inauguré, les habitants sont enchantés."" ""Le festival de la gastronomie se tiendra cette année dans le sud de la France."" ""Le nouveau smartphone Samsung est disponible en précommande, les fans sont impatients."" ""Le dernier roman de Marc Levy est déjà un best-seller, les lecteurs sont conquis."" ""Le musée d'Orsay ferme temporairement une de ses salles pour rénovation."" ""Le prix de l'immobilier à Paris continue d'augmenter, les acheteurs sont découragés."" ""Le festival de la BD de Angoulême approche, les fans de comics sont ravis."" ""Le ministre de l'Intérieur a annoncé de nouvelles mesures de sécurité pour les grands événements sportifs."" ""Le nouveau film d'animation de Disney sort cette semaine en salles, les enfants sont excités."" ""Le taux de fréquentation des musées parisiens a augmenté cette année, une bonne nouvelle pour le tourisme."" ""Le marché de Noël de Strasbourg attire toujours autant de visiteurs chaque année."" ""Le prochain match de l'équipe de France de football sera diffusé en direct à la télévision."" ""Le célèbre restaurant le Jules Verne ferme ses portes pour travaux."" ""Le nouveau single de Johnny Hallyday est disponible en téléchargement, les fans sont conquis."" ""Le prochain album de Stromae sortira prochainement, les fans sont impatients."" ""Le marché de l'art continue de fascination les collectionneurs, malgré la crise."" ""Le prochain spectacle de Cirque du Soleil sera présenté à Paris l'an prochain."" ""Le prix Nobel de littérature a été attribué à un auteur français, une grande fierté pour le pays."" ""Le prochainGames of Thrones sera diffusé en simultané dans le monde entier."" ""Le festival de la solidarité se tiendra cette année dans toute la France."" ""Le prochain film de Quentin Tarantino sortira dans les salles obscures l'année prochaine."" ""Le prix du gaz a augmenté ces derniers jours, les consommateurs sont mécontents."" ""Le prochain concert de Madonna sera donné à Paris en juin prochain."" ""Le prochain smartphone de Google sera présenté dans quelques jours, les fans sont impatients."" ""Le prochain film de James Cameron sortira dans les salles obscures en décembre prochain."" ""Le prochain album de Beyoncé sera disponible en téléchargement dès demain, les fans sont impatients."" ""Le prochain match de l'équipe de football de Paris sera diffusé en direct à la télévision."" ""Le prochain spectacle de magicien de David Copperfield aura lieu à Las Vegas."" ""Le prochain festival de la musique électronique se tiendra à Ibiza cet été."" ""Le prochain film de Steven Spielberg sortira dans les salles obscures l'année prochaine."" ""Le prochain match de l'équipe de rugby de France sera diffusé en direct à la télévision."" ""Le prochain spectacle de Broadway sera présenté à Paris l'an prochain."" ""Le prochain roman de Stephen King sera disponible en librairie dès demain, les fans sont impatients."" ""Le prochain concert de Coldplay aura lieu à Paris en septembre prochain."" ""Le prochain film de Martin Scorsese sortira dans les salles obscures l'année prochaine."" ""Le prochain match de l'équipe de basket de""",0
"""Here are 50 French text snippets covering a variety of contexts, tones, styles, and subjects:""",0
"""1. ""Tempête en mer Méditerranée : les vents ont dépassé les 100 km/h.""",0
"""2. ""Nouveau smartphone annoncé demain, selon les rumeurs.""",0
"""3. ""La baguette française, un symbole culturel intangible.""",0
"""4. ""Le match de football de ce soir est crucial pour les deux équipes.""",0
"""5. ""Visitez notre site web pour en savoir plus sur nos services.""",0
"""6. ""Le nouveau film d'animation est unMust-see pour les enfants.""",0
"""7. ""Les travaux de rénovation du bâtiment commenceront la semaine prochaine.""",0
"""8. ""Le festival de musique attire des milliers de personnes chaque année.""",0
"""9. ""La météo prévoit de la neige pour les régions montagneuses.""",0
"""10. ""Le musée d'art moderne expose une nouvelle collection cette semaine.""",0
"""11. ""Les habitants de la ville ont manifesté pour demander un meilleur transport en commun.""",0
"""12. ""Le livre à succès sera adapté en film prochainement.""",0
"""13. ""Le restaurant propose des plats traditionnels français.""",0
"""14. ""La conférence de presse débutera à 10 heures ce matin.""",0
"""15. ""La nouvelle ligne de métro améliorera les déplacements dans la ville.""",0
"""16. ""Le concert de ce soir est complet, mais quelques billets sont encore disponibles en ligne.""",0
"""17. ""La nouvelle application de livraison de nourriture est très populaire chez les étudiants.""",0
"""18. ""Le parc national offre des randonnées magnifiques en été.""",0
"""19. ""Le match de tennis est serré, avec un score de 6-5 pour le joueur favori.""",0
"""20. ""Le marché de Noël attire des visiteurs de toute la région.""",0
"""21. ""Le nouveau restaurant végétarien est très apprécié par les clients.""",0
"""22. ""La compagnie de théâtre présentera une pièce de Shakespeare cette semaine.""",0
"""23. ""Les résultats du concours de photographie seront annoncés prochainement.""",0
"""24. ""Le festival de films documentaires commence demain soir.""",0
"""25. ""Le nouveau café en ville sert des boissons délicieuses et des pâtisseries maison.""",0
"""26. ""Les travaux de construction ont commencé pour le nouveau complexe commercial.""",0
"""27. ""Le musée d'histoire naturelle expose une nouvelle collection de fossiles.""",0
"""28. ""La bibliothèque organise une lecture pour enfants ce week-end.""",0
"""29. ""Le festival de musique électronique se tient dans une forêt près de la ville.""",0
"""30. ""Le nouveau restaurant asiatique propose des plats délicieux et abordables.""",0
"""31. ""Le match de basketball est très compétitif, avec un score de 70-65 pour l'équipe locale.""",0
"""32. ""Le parc aquatique est ouvert pendant les vacances d'été.""",0
"""33. ""Le nouveau film d'action est très attendu par les fans de la série.""",0
"""34. ""La conférence sur l'innovation technologique rassemblera des experts du monde entier.""",0
"""35. ""Le concert de musique classique est un événement annuel très apprécié.""",0
"""36. ""Le festival de films indépendants se tient dans plusieurs cinémas de la ville.""",0
"""37. ""Le nouveau restaurant de sushis est très populaire dans le quartier.""",0
"""38. ""Le marathon de la ville aura lieu le week-end prochain.""",0
"""39. ""Le musée d'art contemporain présente une exposition d'art numérique.""",0
"""40. ""Le festival de la bière artisanale se tient dans un parc en plein air.""",0
"""41. ""Le nouveau centre commercial propose une variété de magasins et de restaurants.""",0
"""42. ""Le spectacle de magie est un événement familial très apprécié.""",0
"""43. ""Le concert de musique pop est un Must-see pour les fans du groupe.""",0
"""44. ""Le festival de la gastronomie attire des foodies de toute la région.""",0
"""45. ""Le parc d'attractions ouvrira ses portes pour la saison estivale.""",0
"""46. ""Le nouveau restaurant de cuisine moléculaire est très tendance en ce moment.""",0
"""47. ""La conférence de presse sur le futur du transport en commun aura lieu demain.""",0
"""48. ""Le festival de films de science-fiction se tient dans plusieurs cinémas de la ville.""",0
"""49. ""Le nouveau centre de fitness est très populaire parmi les résidents du quartier.""",0
"""50. ""Le match de football est très serré, avec un score de 2-1 pour l'équipe visiteuse.""",0
"""1. ""La météo prévoit de la neige cette nuit dans la région montagneuse.""",0
"""2. ""Le nouveau smartphone de la marque X vient de sortir, avec des améliorations significatives par rapport à son prédécesseur.""",0
"""3. ""J'adore le service à la clientèle de cette compagnie, ils ont résolu mon problème en un rien de temps.""",0
"""4. ""Le musée d'histoire locale organise une exposition spéciale cette semaine.""",0
"""5. ""Le match de football ce soir est très important pour les deux équipes.""",0
"""6. ""Le nouveau restaurant dans le quartier est délicieux, j'y retournerai bientôt.""",0
"""7. ""La conférence de presse commence dans une heure, restez à l'écoute pour plus d'informations.""",0
"""8. ""Le livre que je suis en train de lire est vraiment captivant, je ne peux pas m'arrêter.""",0
"""9. ""La nouvelle ligne de métro sera inaugurée prochainement, facilitant les déplacements dans la ville.""",0
"""10. ""Le festival de musique commence demain, il y aura des artistes célèbres.""",0
"""11. ""Je suis impatient de voir le prochain film de mon réalisateur préféré qui sort cette semaine.""",0
"""12. ""La nouvelle application de rencontre est très populaire ces derniers temps.""",0
"""13. ""Le marché aux puces ce weekend sera exceptionnel, il y aura des vendeurs venus de toute la France.""",0
"""14. ""Le prix Nobel de littérature a été décerné à un auteur français cette année.""",0
"""15. ""La nouvelle collection de mode de la designers est disponible en ligne depuis hier.""",0
"""16. ""Le concert de ce soir est annulé en raison de problèmes techniques.""",0
"""17. ""Le programme de formation en ligne est très utile pour les professionnels qui souhaitent améliorer leurs compétences.""",0
"""18. ""Le festival de films documentaires commence demain, il y aura des projections en journée et en soirée.""",0
"""19. ""La compagnie aérienne a annoncé des réductions de prix sur les billets pour les destinations europeennes.""",0
"""20. ""Le nouvel album de mon groupe préféré sort la semaine prochaine, j'ai hâte de l'écouter.""",0
"""21. ""Le gouvernement local a annoncé un nouveau plan pour réduire la pollution dans la ville.""",0
"""22. ""Le match de tennis est très serré, les deux joueurs donnent tout ce qu'ils ont.""",0
"""23. ""Le nouveau jeu vidéo est très attendu par les fans, il devrait sortir dans quelques mois.""",0
"""24. ""Le marathon de la ville aura lieu ce weekend, les rues seront fermées à la circulation.""",0
"""25. ""Le musée d'art moderne organise une exposition temporaire sur l'artiste français.""",0
"""26. ""Le festival de la gastronomie commence demain, il y aura des chefs cuisiniers célèbres.""",0
"""27. ""La nouvelle pièce de théâtre est très bien joue, les acteurs sont excellents.""",0
"""28. ""Le salon de l'auto commence demain, il y aura des nouvelles voitures et des innovations.""",0
"""29. ""Le match de football est très important pour les deux équipes, les joueurs sont sous pression.""",0
"""30. ""Le nouveau film d'action est très divertissant, je le recommande à tous ceux qui aiment les films d'action.""",0
"""31. ""Le festival de la musique classique commence demain, il y aura des concerts en journée et en soirée.""",0
"""32. ""Le nouveau restaurant végétarien est très populaire ces derniers temps, il y a toujours la file d'attente.""",0
"""33. ""Le match de basket est très serré, les deux équipes sont égales en force.""",0
"""34. ""Le festival de la science commence demain, il y aura des expériences et des ateliers pour les enfants.""",0
"""35. ""Le nouveau livre de recettes est très utile pour les amateurs de cuisine qui veulent améliorer leurs compétences.""",0
"""36. ""Le match de football est très important pour les fans, ils sont tous excités.""",0
"""37. ""Le nouveau film d'animation est très amusant pour les enfants, il y a des personnages adorables.""",0
"""38. ""Le festival de la culture asiatique commence demain, il y aura des danses traditionnelles et de la musique.""",0
"""39. ""Le nouveau téléphone intelligent est très populaire ces derniers temps, il y a une longue file d'attente à la boutique.""",0
"""40. ""Le salon de l'habitation commence demain, il y aura des nouvelles tendances et des idées pour la maison.""",0
"""41. ""Le match de hockey est très serré, les deux équipes sont égales en force.""",0
"""42. ""Le nouveau film de science-fiction est très intéressant, il y a des effets spéciaux incroyables.""",0
"""43. ""Le festival de la musique électronique commence demain, il y aura des DJ célèbres.""",0
"""44. ""Le nouveau restaurant de sushi est très populaire ces derniers temps, il y a toujours la file d'attente.""",0
"""45. ""Le match de tennis est très serré, les deux joueurs sont très compétitifs.""",0
"""46. ""Le festival de la mode commence demain, il y aura des défilés de mode et des nouvelles tendances.""",0
"""47. ""Le nouveau jeu de société est très amusant pour les familles, il y a des défis et des énigmes à résoudre.""",0
"""48. ""Le salon de l'agriculture commence demain, il y aura des exposants""",0
"""1. ""Incendie maîtrisé dans le quartier historique de Lyon.""",0
"""2. ""Le nouveau smartphone X a été salué pour sa batterie de longue durée.""",0
"""3. ""La météo prévoit des températures printanières ce week-end dans la région parisienne.""",0
"""4. ""Le musée du Louvre rouvrira ses portes demain après des travaux de rénovation.""",0
"""5. ""La pièce de théâtre 'Les Justes' sera jouée à guichets fermés ce soir.""",0
"""6. ""Le nouveau restaurant bio fait sensation dans le quartier.""",0
"""7. ""Les chercheurs ont découvert une nouvelle espèce de papillon en Amazonie.""",0
"""8. ""La prochaine édition du Salon de l'Agriculture se tiendra au Parc des Expositions de Paris.""",0
"""9. ""Le match de football entre les deux équipes locales a attiré une foule-record.""",0
"""10. ""Le festival de musique électro aura lieu dans le parc municipal cette année.""",0
"""11. ""Les habitants du quartier ont organisé une collecte de vêtements pour les plus démunis.""",0
"""12. ""La nouvelle ligne de métro sera mise en service la semaine prochaine.""",0
"""13. ""Le marché aux puces de Saint-Ouen a célébré son Anniversary cette semaine.""",0
"""14. ""Le chef cuisinier étoilé a ouvert un nouveau restaurant dans le centre-ville.""",0
"""15. ""Les touristes ont afflué dans les rues de la ville pour admirer les jardins fleuris.""",0
"""16. ""Le concert de charité a recueilli des fonds pour les victimes du dernier ouragan.""",0
"""17. ""Le festival du film indépendant a présenté des films de réalisateurs locaux.""",0
"""18. ""La nouvelle application de covoiturage a été accueillie avec enthousiasme par les utilisateurs.""",0
"""19. ""Le marché de Noël a ouvert ses portes dans la ville, offrant des décors festifs.""",0
"""20. ""Le prochain cours de yoga aura lieu dans le parc municipal, ouvert à tous.""",0
"""21. ""Les habitants ont été invités à participation à la journée de nettoyage du quartier.""",0
"""22. ""Le prochain spectacle de marionnettes aura lieu dans le jardin public.""",0
"""23. ""Le nouveau complexe sportif est maintenant ouvert aux membres de la communauté.""",0
"""24. ""Le festival de la gastronomie a été un succès avec des plats délicieux de la région.""",0
"""25. ""Les amateurs de chocolat se réjouissent de la prochaine Foire du Chocolat.""",0
"""26. ""Le prochain atelier d'écriture aura lieu à la bibliothèque municipale.""",0
"""27. ""Le prochain match de football sera diffusé en direct sur le grand écran au centre-ville.""",0
"""28. ""La prochaine exposition d'art contemporain aura lieu à la galerie municipale.""",0
"""29. ""Le prochain concert en plein air aura lieu dans le parc municipal.""",0
"""30. ""Les habitants sont invités à participer à la prochaine réunion de quartier.""",0
"""31. ""Le prochain marché bio aura lieu dans le parc municipal.""",0
"""32. ""Le prochain spectacle de théâtre aura lieu à l'amphithéâtre municipal.""",0
"""33. ""Les habitants sont invités à participer à la prochaine journée de plantation d'arbres.""",0
"""34. ""La prochaine conférence sur l'histoire de la ville aura lieu à la bibliothèque municipale.""",0
"""35. ""Le prochain festival de musique classique aura lieu dans le parc municipal.""",0
"""36. ""Le prochain marché artisanal aura lieu dans les rues de la ville.""",0
"""37. ""Les habitants sont invités à participer à la prochaine journée de jeux de société.""",0
"""38. ""La prochaine exposition de photographies aura lieu à la galerie municipale.""",0
"""39. ""Le prochain spectacle de danse aura lieu dans le théâtre municipal.""",0
"""40. ""Les enfants sont invités à participer à la prochaine chasse au trésor dans le parc.""",0
"""41. ""Le prochain festival de cinéma aura lieu dans les cinémas de la ville.""",0
"""42. ""Les habitants sont invités à participer à la prochaine journée de nettoyage de la rivière.""",0
"""43. ""La prochaine soirée de dégustation de vin aura lieu dans le centre-ville.""",0
"""44. ""Le prochain spectacle de magie aura lieu dans le théâtre municipal.""",0
"""45. ""Les habitants sont invités à participer à la prochaine journée de la science.""",0
"""46. ""Le prochain festival de la culture aura lieu dans les rues de la ville.""",0
"""47. ""La prochaine exposition d'artisanat local aura lieu à l'hôtel de ville.""",0
"""48. ""Le prochain spectacle de cirque aura lieu dans le parc municipal.""",0
"""49. ""Les habitants sont invités à participer à la prochaine journée de la santé mentale.""",0
"""50. ""Le prochain concert de musique traditionnelle aura lieu dans le centre culturel.""",0
"""1. ""Urgence à Paris : un incident de circulation perturbe la circulation dans le centre-ville.""",0
"""2. ""Le nouveau smartphone d'Apple fait sensation : une révolution dans le monde de la technologie.""",0
"""3. ""La météo s'annonce clémente pour la fin de semaine, idéal pour les activités en plein air.""",0
"""4. ""Le musée du Louvre annonce une nouvelle exposition exceptionnelle.""",0
"""5. ""Le président Macron visite les régions touchées par la récente tempête.""",0
"""6. ""La marque de vêtements Zara lance une collection éco-responsable.""",0
"""7. ""Le match de football de ce soir s'annonce passionnant, selon les experts.""",0
"""8. ""Une nouvelle étude scientifique démontre les bienfaits du sport sur la santé mentale.""",0
"""9. ""Le festival de musique de cet été sera un événement à ne pas manquer.""",0
"""10. ""Le gouvernement annonce de nouvelles mesures pour réduire la pollution.""",0
"""11. ""Le dernier livre de la célèbre autrice française est un véritable chef-d'œuvre.""",0
"""12. ""La nouvelle application de livraison de nourriture est un véritable atout pour les étudiants.""",0
"""13. ""La saison touristique arrive à grands pas dans la région Provence-Alpes-Côte d'Azur.""",0
"""14. ""Le nouveau film d'animation de Disney promet des heures de divertissement pour les enfants.""",0
"""15. ""Le marché de l'immobilier connait une baisse ces derniers mois dans la capitale.""",0
"""16. ""Le prochain concert de Beyoncé à Paris est très attendu par ses fans.""",0
"""17. ""Le métro parisien connaît des perturbations en raison de travaux de maintenance.""",0
"""18. ""La nouvelle ligne de bus dessert maintenant le quartier de Montmartre.""",0
"""19. ""Le restaurant Le Grand Véfour célèbre son 200ème anniversaire.""",0
"""20. ""Le prix du ticket de cinéma a augmenté de 2 euros dans plusieurs villes de France.""",0
"""21. ""Le festival de cinéma de Cannes s'ouvre au public cette semaine.""",0
"""22. ""La nouvelle ligne de tramway est enfin mise en service dans la ville de Lyon.""",0
"""23. ""Le parc d'attractions Disneyland Paris célèbre son 30ème anniversaire.""",0
"""24. ""Le prochain sommet de l'OTAN aura lieu à Bruxelles.""",0
"""25. ""Le célèbre pâtissier Pierre Hermé lance une nouvelle collection de macarons.""",0
"""26. ""La prochaine édition de la Fashion Week de Paris se tiendra en septembre.""",0
"""27. ""Le musée d'Orsay rouvre ses portes après des travaux de rénovation.""",0
"""28. ""Le prochain match de la Ligue 1 de football se jouera à Lille.""",0
"""29. ""Le marché de Noël de Strasbourg attire des visiteurs du monde entier.""",0
"""30. ""Le prochain concert de l'Orchestre National de France aura lieu à la Salle Pleyel.""",0
"""31. ""Le célèbre chef étoilé Alain Ducasse ouvre un nouveau restaurant à Monaco.""",0
"""32. ""Le prochain salon de l'agriculture se tiendra à Paris.""",0
"""33. ""Le prochain événement de la Paris Fashion Week aura lieu au Grand Palais.""",0
"""34. ""Le prochain match de l'équipe de France de rugby se jouera à Paris.""",0
"""35. ""Le prochain festival de jazz de Saint-Germain-des-Prés aura lieu en juin.""",0
"""36. ""Le prochain marathon de Paris aura lieu en avril.""",0
"""37. ""Le prochain festival de la gastronomie aura lieu à Lyon.""",0
"""38. ""Le prochain concert de Johnny Hallyday aura lieu à Bercy.""",0
"""39. ""Le prochain festival du film français de Londres aura lieu en mars.""",0
"""40. ""Le prochain salon de l'auto se tiendra à Paris.""",0
"""41. ""Le prochain événement de la Tech Week aura lieu à Paris.""",0
"""42. ""Le prochain festival de la BD aura lieu à Angoulême.""",0
"""43. ""Le prochain événement de la Nuit Blanche aura lieu à Paris.""",0
"""44. ""Le prochain salon du livre aura lieu à Paris.""",0
"""45. ""Le prochain festival de la musique électronique aura lieu à Paris.""",0
"""46. ""Le prochain événement de la Paris Games Week aura lieu en octobre.""",0
"""47. ""Le prochain festival de la mode aura lieu à Paris.""",0
"""48. ""Le prochain concert de Madonna aura lieu à Paris.""",0
"""49. ""Le prochain événement de la Nuit des Musées aura lieu en mai.""",0
"""50. ""Le prochain salon de la maison aura lieu à Paris.""",0
"""1. ""Urgence de neiges attendues ce week-end dans les régions montagneuses.""",0
"""2. ""Le dernier smartphone de la marque a conquis les fans avec ses nouvelles fonctionnalités.""",0
"""3. ""Découvrez les secrets de la cuisine française dans notre nouveau guide.""",0
"""4. ""La mairie annonce des travaux dans le downtown area pour améliorer la circulation.""",0
"""5. ""Le nouveau film d'action est sorti hier et cartonne au box-office.""",0
"""6. ""La météo prévoit un temps frais et nuageux pour la fin de la semaine.""",0
"""7. ""Le musée d'histoire célèbre son anniversaire avec une exposition spéciale.""",0
"""8. ""Les fans de football sont invités à soutenir l'équipe locale ce week-end.""",0
"""9. ""Le prochain événement de la tech aura lieu dans notre capitale culturelle.""",0
"""10. ""La nouvelle ligne de métro sera opérationnelle à partir de la semaine prochaine.""",0
"""11. ""Le dernier livre de l'auteur à succès est un véritable coup de cœur pour les amateurs de romans.""",0
"""12. ""La semaine dernière, la ville a organisé un concert gratuit dans le parc central.""",0
"""13. ""Le festival de film documentaire est de retour pour une édition exceptionnelle.""",0
"""14. ""Le nouveau restaurant végétarien en ville reçoit des critiques très positives.""",0
"""15. ""La bibliothèque municipale lance un programme de lecture pour les enfants.""",0
"""16. ""La prochaine exposition d'art contemporain sera présentée dans une galerie downtown.""",0
"""17. ""Le nouveau film d'animation est une véritable réussite, selon les critiques.""",0
"""18. ""La ville lance un appel aux volontaires pour nettoyer les plages locales.""",0
"""19. ""Le prochain match de la ligue de basketball sera disputé dans la plus grande arène de la ville.""",0
"""20. ""Le festival de musique traditionnelle aura lieu dans le centre historique.""",0
"""21. ""La nouvelle application de livraison de nourriture est très appréciée par les utilisateurs.""",0
"""22. ""Le prochain marché de Noël sera installé dans le centre-ville.""",0
"""23. ""La prochaine conférence sur l'environnement aura lieu dans l'auditorium de l'université.""",0
"""24. ""Le nouveau café en ville est un endroit parfait pour travailler ou se détendre.""",0
"""25. ""Le prochain concert de rock aura lieu dans la plus grande salle de spectacle de la ville.""",0
"""26. ""La météo prévoit des températures glaciales pour la fin de la semaine.""",0
"""27. ""Le prochain festival de films de science-fiction sera présenté dans un cinéma downtown.""",0
"""28. ""Le nouveau musée d'art moderne est une véritable attraction pour les amateurs d'art.""",0
"""29. ""La ville lance un appel aux dons pour soutenir les personnes âgées pendant l'hiver.""",0
"""30. ""Le prochain spectacle de théâtre sera présenté dans une salle de spectacle downtown.""",0
"""31. ""Le nouveau restaurant asiatique en ville est un véritable délice pour les papilles.""",0
"""32. ""Le prochain festival de jazz aura lieu dans le parc central.""",0
"""33. ""La prochaine exposition de photographie sera présentée dans une galerie downtown.""",0
"""34. ""La ville lance un appel aux dons pour soutenir les sans-abri pendant l'hiver.""",0
"""35. ""Le prochain match de football sera disputé dans le plus grand stade de la ville.""",0
"""36. ""Le nouveau livre de cuisine française est un must-have pour les amateurs de gastronomie.""",0
"""37. ""La prochaine conférence sur la santé mentale aura lieu dans un centre communautaire downtown.""",0
"""38. ""Le prochain festival de films indépendants sera présenté dans un cinéma downtown.""",0
"""39. ""Le nouveau spa en ville est l'endroit parfait pour se détendre et se ressourcer.""",0
"""40. ""La ville lance un appel aux dons pour soutenir les familles dans le besoin pendant les fêtes.""",0
"""41. ""Le prochain spectacle de danse aura lieu dans une salle de spectacle downtown.""",0
"""42. ""Le nouveau parc d attraction en ville est une véritable attraction pour les enfants.""",0
"""43. ""Le prochain festival de films d'horreur sera présenté dans un cinéma downtown.""",0
"""44. ""La prochaine exposition de sculptures sera présentée dans un musée downtown.""",0
"""45. ""Le prochain concert de pop aura lieu dans la plus grande salle de spectacle de la ville.""",0
"""46. ""Le nouveau bar à vin en ville est un endroit parfait pour un rendez-vous romantique.""",0
"""47. ""La prochaine conférence sur l'éducation aura lieu dans une salle de conférence downtown.""",0
"""48. ""Le prochain spectacle de comédie aura lieu dans un théâtre downtown.""",0
"""49. ""Le prochain festival de nourriture de rue aura lieu dans le centre-ville.""",0
"""50. ""Le nouveau centre commercial en ville est une véritable attraction pour les amateurs de shopping.""",0
"""1. ""Tempête en vue : Prévenez vos proches et soyez prudents.""",0
"""2. ""Nouveau smartphone : Le dernier cri en matière de technologie.""",0
"""3. ""Visitez notre boutique pour découvrir nos dernières tendances.""",0
"""4. ""Le Musée d'Orsay rouvre ses portes après rénovation.""",0
"""5. ""La météo annonce un week-end ensoleillé, parfait pour les sorties en famille.""",0
"""6. ""Dîner romantique en ville : Réservez maintenant pour la Saint-Valentin.""",0
"""7. ""Écoutez notre dernier album : Un mélange de sons qui vous fera danser.""",0
"""8. ""Le métro est en panne, prenez le bus pour vous rendre au travail.""",0
"""9. ""Promenade dans le parc : Profitez de la nature en cette belle journée.""",0
"""10. ""Nouvelle exposition : Découvrez l'art contemporain à la galerie.""",0
"""11. ""Appel à tous les bénévoles : Nous avons besoin de vous pour notre événement.""",0
"""12. ""Le match de foot de ce soir promet d'être passionnant.""",0
"""13. ""Visitez notre site web pour en savoir plus sur nos services.""",0
"""14. ""Le concert de ce soir est annulé en raison de problèmes techniques.""",0
"""15. ""Promo exclusive : Profitez de 50% de réduction sur nos produits.""",0
"""16. ""Le marché de Noël est de retour en ville, ne le manquez pas.""",0
"""17. ""La bibliothèque propose de nouvelles activités pour les enfants.""",0
"""18. ""Le festival de cinéma commence demain, réservez vos places maintenant.""",0
"""19. ""Le nouveau restaurant en ville sert des plats délicieux.""",0
"""20. ""La saison des pluies commence, soyez préparé.""",0
"""21. ""Notre équipe a remporté la médaille d'or au championnat mondial.""",0
"""22. ""Le musée organise une conférence sur l'histoire de l'art.""",0
"""23. ""Le cinéma propose une séance spéciale pour les fans de science-fiction.""",0
"""24. ""La nouvelle ligne de métro est maintenant ouverte au public.""",0
"""25. ""Le festival de musique est de retour, avec des artistes exceptionnels.""",0
"""26. ""La météo prévoit des températures glaciales cette semaine.""",0
"""27. ""Le zoo organise une journée portes ouvertes pour les enfants.""",0
"""28. ""Le nouveau film à l'affiche est un véritable chef-d'œuvre.""",0
"""29. ""La bibliothèque ferme ses portes pour rénovation.""",0
"""30. ""Le marché aux puces est de retour ce week-end.""",0
"""31. ""La nouvelle ligne de bus facilite les déplacements dans la ville.""",0
"""32. ""Le théâtre propose une pièce de théâtre pour les adultes et les enfants.""",0
"""33. ""Le festival de la gastronomie commence demain.""",0
"""34. ""Le musée d'histoire naturelle organise une exposition sur les dinosaures.""",0
"""35. ""La nouvelle application de covoiturage facilite les déplacements en ville.""",0
"""36. ""Le parc d'attractions propose de nouvelles attractions pour les enfants.""",0
"""37. ""La météo prévoit des orages pour la fin de la semaine.""",0
"""38. ""Le cinéma propose des séances en plein air cet été.""",0
"""39. ""Le festival de la mode commence demain, avec des défilés de mode exceptionnels.""",0
"""40. ""Le marché aux fleurs est de retour pour le printemps.""",0
"""41. ""Le nouveau livre de notre auteur préféré est maintenant en vente.""",0
"""42. ""Le parc national propose des randonnées pour tous les niveaux.""",0
"""43. ""Le festival de la musique classique est de retour cette année.""",0
"""44. ""Le nouveau restaurant végétarien en ville est un must-try.""",0
"""45. ""Le musée de l'art moderne propose une exposition sur les artistes contemporains.""",0
"""46. ""Le parc aquatique est maintenant ouvert pour la saison estivale.""",0
"""47. ""Le théâtre propose une comédie musicale pour toute la famille.""",0
"""48. ""Le festival de la bière est de retour, avec des brasseries locales.""",0
"""49. ""Le zoo organise une journée pour les enfants atteints de maladies rares.""",0
"""50. ""La bibliothèque propose des cours d'informatique pour les seniors.""",0
"""1. ""Tempête en approche, vigilance météorologique activée.""",0
"""2. ""Nouveau smartphone presentations demain, restez connectés!""",0
"""3. ""Le musée d'Orsay ferme ses portes pour rénovation.""",0
"""4. ""Promenade dans le quartier historique, une visite incontournable.""",0
"""5. ""Appel à tous les bénévoles pour nettoyer la rivière.""",0
"""6. ""Le dernier roman de Fourier vient de sortir, une lecture captivante.""",0
"""7. ""Les travaux de la ligne de métro seront terminés d'ici la fin de l'année.""",0
"""8. ""Dégustation de vin ce weekend dans les caves de la région.""",0
"""9. ""La nouvelle collection de mode automnale est disponible en magasin.""",0
"""10. ""La météo prévoit un week-end ensoleillé, parfait pour une sortie en famille.""",0
"""11. ""Le festival de musique commence ce soir, ne manquez pas les têtes d'affiche!""",0
"""12. ""Le marché de Noel arrive dans le downtown area, les préparatifs sont en cours.""",0
"""13. ""Le restaurant a reçu une étoile Michelin, une occasion spéciale pour tous les gourmands.""",0
"""14. ""La conférence sur l'intelligence artificielle commence demain, les inscriptions sont ouvertes.""",0
"""15. ""Le concert de ce soir est annulé en raison de problèmes techniques.""",0
"""16. ""Le musée d'Art Moderne expose de nouvelles œuvres ce mois-ci.""",0
"""17. ""La saison de ski commence cette semaine, les forfaits sont en vente.""",0
"""18. ""Le nouveau film d'animation est sorti aujourd'hui, parfait pour les enfants.""",0
"""19. ""La conférence de presse commence dans une heure, restez à l'écoute pour plus d'informations.""",0
"""20. ""La bibliothèque organise un concours de lecture pour les enfants, inscrivez-vous!""",0
"""21. ""Le marathon de la ville aura lieu ce dimanche, bonne chance aux coureurs!""",0
"""22. ""Le festival de cinéma commence demain, une occasion pour tous les cinéphiles.""",0
"""23. ""Le musée d'Histoire naturelle organise une exposition temporaire, ne la manquez pas!""",0
"""24. ""La nouvelle application de covoiturage vient de sortir, une opportunité pour les conducteurs.""",0
"""25. ""Le concert de ce soir est complet, il est recommandé d'arriver tôt pour trouver des places.""",0
"""26. ""La conférence sur la santé mentale commence ce weekend, l'entrée est gratuite.""",0
"""27. ""Le festival de la musique électronique commence demain, les billets sont en vente.""",0
"""28. ""Le marché de produits locaux ouvre ses portes cette semaine, une occasion pour déguster des spécialités.""",0
"""29. ""Le musée de la Science organise une journée portes ouvertes pour les enfants.""",0
"""30. ""Le nouveau restaurant vient d'ouvrir ses portes dans le quartier, une occasion pour goûter de nouvelles saveurs.""",0
"""31. ""Le festival de la gastronomie commence demain, une occasion pour tous les gourmands.""",0
"""32. ""Le théâtre propose une nouvelle pièce de théâtre ce mois-ci, les réservations sont ouvertes.""",0
"""33. ""Le parc d'attractions rouvrira ses portes pour la saison estivale.""",0
"""34. ""Le musée de la Mode expose de nouvelles collections ce mois-ci.""",0
"""35. ""Le festival de la musique classique commence ce weekend, les billets sont en vente.""",0
"""36. ""Le marché de l artisanat est ouvert ce weekend, une occasion pour découvrir de l art local.""",0
"""37. ""Le nouveau film d'action est sorti aujourd'hui, ne le manquez pas!""",0
"""38. ""Le festival de la culture commence demain, une occasion pour découvrir de nouvelles cultures.""",0
"""39. ""Le musée de la Technique organise une exposition temporaire, une occasion pour découvrir l histoire de l innovations.""",0
"""40. ""Le concert de ce soir est annulé en raison de problèmes de santé du chanteur.""",0
"""41. ""Le marché de l agriculture est ouvert tous les weekends, une occasion pour découvrir des produits locaux.""",0
"""42. ""Le festival de la photo commence ce weekend, une occasion pour tous les photographes.""",0
"""43. ""Le musée de la Marine organise une exposition temporaire, une occasion pour découvrir l histoire maritime.""",0
"""44. ""Le festival de la musique jazz commence demain, les billets sont en vente.""",0
"""45. ""Le marché de l art est ouvert tous les weekends, une occasion pour découvrir de l art local.""",0
"""46. ""Le concert de ce soir est complet, il est recommandé d'arriver tôt pour trouver des places.""",0
"""47. ""Le festival de la culture orientale commence ce weekend, une occasion pour découvrir de nouvelles cultures.""",0
"""48. ""Le musée de la Nature organise une exposition temporaire, une occasion pour découvrir la faune et la flore locales.""",0
"""49. ""Le festival de la musique latine commence demain, les billets sont en vente.""",0
"""50. ""Le marché de l artisanat est ouvert ce weekend, une occasion pour découvrir de l art local.""",0
"""Paris sous la neige ce week-end.""",0
"""Le nouveau smartphone d'Apple fait sensation.""",0
"""Dîner au restaurant ce soir, je vous recommande celui dans le quartier latin.""",0
"""La tour Eiffel fermera exceptionnellement samedi pour maintenance.""",0
"""Lancement réussi de la fusée Ariane 5 depuis la base de Kourou.""",0
"""Le métro parisien toujours en grève, les usagers s'adaptent.""",0
"""Le dernier film de Luc Besson en salles dès cette semaine.""",0
"""Tempête attendue dans la région, soyez vigilants.""",0
"""Le musée du Louvre rouvre ses portes après des travaux de rénovation.""",0
"""La baguette française inscrite au patrimoine mondial de l'UNESCO.""",0
"""Le prix du billets de train en hausse pour les prochaines vacances.""",0
"""Le match de football de ce soir à l'Orange Vélodrome s'annonce passionnant.""",0
"""Le nouveau jeu vidéo tant attendu enfin en vente dans les magasins.""",0
"""Le festival de Cannes débutera dans deux mois, les préparatifs sont en cours.""",0
"""Le taux de chômage en France légèrement en baisse selon les dernières statistiques.""",0
"""Le prochain concert de Johnny Hallyday aura lieu à Bercy.""",0
"""La météo annonce un soleil radieux pour les prochains jours de vacances.""",0
"""Le nouveau film de François Ozon en compétition au Festival de Cannes.""",0
"""La ville de Lyon célèbre son 2000ème anniversaire cette année.""",0
"""Le marché de Noël de Strasbourg attire des visiteurs du monde entier.""",0
"""Le prix du carburant en hausse, les conducteurs s'inquiètent.""",0
"""Le prochain livre de Michel Houellebecq sort en librairie cette semaine.""",0
"""Le championnat de tennis de Roland-Garros débutera prochainement.""",0
"""La ville de Marseille lance un appel à projets pour réhabiliter le quartier nord.""",0
"""Le prochain spectacle de Cirque du Soleil aura lieu au Grand Palais.""",0
"""Le taux de pollution de l'air à Paris atteint un niveau critique.""",0
"""Le prochain album de Stromae en préparation, les fans impatients.""",0
"""La ville de Bordeaux élue meilleure destination touristique en 2015.""",0
"""Le prochain match de l'équipe de France de football se joue demain soir.""",0
"""Le prix des billets d'avion en augmentation pour les prochaines vacances.""",0
"""Le nouveau smartphone de Samsung en concurrence directe avec l'iPhone 6.""",0
"""Le festival de la gastronomie de Lyon attire des Foodies du monde entier.""",0
"""La ville de Lille célèbre son patrimoine historique avec une série d'événements.""",0
"""Le prochain film de Quentin Tarantino en tournage à Los Angeles.""",0
"""Le taux de chômage chez les jeunes en France reste élevé selon les dernières statistiques.""",0
"""Le prochain concert de Madonna aura lieu à l'Olympia.""",0
"""Le marché de l'immobilier à Paris en constante augmentation.""",0
"""Le prochain film de Woody Allen en compétition au Festival de Cannes.""",0
"""La ville de Lyon en tête du classement des villes les plus romantiques de France.""",0
"""Le prochain match de l'équipe de France de rugby se joue ce soir.""",0
"""Le prix des légumes en augmentation dans les supermarchés français.""",0
"""Le prochain album de Daft Punk en préparation, les fans dans l'excitation.""",0
"""La ville de Marseille en lice pour devenir la capitale européenne de la culture en 2013.""",0
"""Le prochain spectacle de Magic""",0
"""Les résultats du concours de pâtisserie ont été annoncés hier soir au Teatro Municipal.""",0
"""Le nouveau smartphone de la marque X sera disponible en magasin dès la semaine prochaine.""",0
"""Les températures resteront fraiches dans la région cette semaine, avec des maximales autour de 15 degrés.""",0
"""Le musée d'histoire naturelle organise une exposition temporaire sur les dinosaures, ouverte au public à partir de demain.""",0
"""La nouvelle ligne de métro sera opérationnelle à partir de ce week-end, facilitant les déplacements dans la ville.""",0
"""Le festival de musique électronique aura lieu ce weekend dans le parc du centre-ville, avec des artistes internationaux.""",0
"""Le gouvernement annonce de nouvelles mesures pour encourager l'utilisation de transports en commun.""",0
"""Le match de football entre les équipes A et B s'est soldé par un match nul, sous une pluie battante.""",0
"""La nouvelle collection de prêt-à-porter printemps-été de la marque Y sera disponible en ligne à partir de demain.""",0
"""Le service de livraison à domicile de la boulangerie sera étendu à tout le quartier à partir de la semaine prochaine.""",0
"""Le parc d'attractions rouvrira ses portes pour la saison estivale ce week-end, avec de nouvelles attractions pour les enfants.""",0
"""Le festival du film indépendant aura lieu ce week-end au cinéma Le Palace, avec des projections en continu.""",0
"""Le marché bio du quartier aura lieu comme chaque semaine sur la place centrale, avec des produits locaux et artisanaux.""",0
"""Le concert de rock prévu ce soir au Zénith a été annulé en raison d'un problème technique de dernière minute.""",0
"""Le centre commercial rouvrira ses portes demain après les travaux de rénovation, avec de nouveaux magasins et une terrasse panoramique.""",0
"""Le musée d'art moderne accueille une exposition temporaire sur l'artiste Z, ouverte au public jusqu'à fin août.""",0
"""Le service de covoiturage a été lancé avec succès dans la région, permettant aux usagers de partager leurs trajets et de réduire les coûts.""",0
"""Le restaurant du coin a été primé pour sa cuisine innovante et sa/service exceptionnel, selon les critiques en ligne.""",0
"""Le parc national a été fermé temporairement en raison d'un risque d'incendie, mais a rouvert hier après des contrôles de sécurité.""",0
"""Le festival de théâtre de rue aura lieu ce week-end dans les rues de la vieille ville, avec des représentations gratuites pour le public.""",0
"""Le nouveau complexe sportif sera inauguré demain, offrant aux habitants de la ville des installations modernes pour la pratique du sport.""",0
"""Le marché de Noël aura lieu comme chaque année sur la place de la cathédrale, avec des chalets proposant des produits artisanaux.""",0
"""Le service de livraison de courses à domicile a été étendu à toute la ville, permettant aux clients de commander en ligne leurs produits préférés.""",0
"""Le musée des sciences organise une soirée découverte pour les enfants, avec des ateliers interactifs et des expériences scientifiques.""",0
"""Le festival de la gastronomie rassemblera les meilleurs chefs de la région pour des démonstrations de cuisine et des ateliers de dégustation.""",0
"""Le marché aux puces aura lieu demain matin sur le parking de la gare, avec des stands proposant des vêtements, des livres et des objets de collection.""",0
"""Le nouveau parc aquatique ouvrira ses portes ce week-end, offrant aux visiteurs des toboggans, des piscines et des zones de détente.""",0
"""Le festival de musique classique aura lieu ce week-end à l'opéra, avec des concerts en soirée et des masterclasses pour les amateurs de musique.""",0
"""Le centre commercial propose une journée portes ouvertes demain, avec des animations pour les enfants et des réductions sur les magasins.""",0
"""Le nouveau théâtre de la ville accueillera une pièce de théâtre ce week-end, avec des places disponibles à la billetterie.""",0
"""Le festival de la musique traditionnelle aura lieu ce week-end dans les rues de la ville, avec des concerts gratuits pour le public.""",0
"""Le marché aux fleurs aura lieu demain matin sur la place du marché, avec des plantes et des fleurs pour tous les goûts.""",0
"""Le centre de loisirs accueille un atelier de cuisine pour enfants ce week-end, avec des recettes simples et des astuces pour cuisiner.""",0
"""Le festival du cinéma étranger aura lieu ce week-end au cinéma Le Rex, avec des films en version originale sous-titrée.""",0
"""Le nouveau parc pour enfants a été inauguré hier, offrant aux plus petits des équipements de jeux modernes et sécurisés.""",0
"""Le marché de produits locaux aura lieu demain matin sur la place du village, avec des produits frais et artisanaux.""",0
"""Le festival de la photo aura lieu ce week-end dans""",0
"""Le président a annoncé de nouvelles mesures pour lutter contre la pandémie.""",0
"""Je recommande vivement ce restaurant dans le quartier Latin.""",0
"""La météo prévoit de la pluie pour cette fin de semaine.""",0
"""Le match de football a été reporté en raison du terrain inondé.""",0
"""Découvrez notre nouveau smartphone haut de gamme, le Xperia Z5.""",0
"""Vous pouvez nous contacter au 0800-123-456 pour plus d'informations.""",0
"""Le musée du Louvre ferme ses portes pour rénovation.""",0
"""J'ai adoré le dernier film de François Ozon, 'Double Vies'.""",0
"""La boulangerie du coin offre des croissants délicieux.""",0
"""Le métro est en retard ce matin, prévoir un temps de trajet plus long.""",0
"""Le festival de cinéma de Cannes aura lieu en septembre cette année.""",0
"""La nouvelle collection de mode de Chanel est disponible en ligne.""",0
"""Le prix du carburant a augmenté ces derniers jours.""",0
"""Le pont de Seine est fermé pour travaux de maintenance.""",0
"""La croissance économique de la France a augmenté de 1,5%.""",0
"""Le concert de Johnny Hallyday a été un véritable succès.""",0
"""Le marché des cryptomonnaies est en constante évolution.""",0
"""Le nouveau roman de Muriel Barbery vient de sortir en librairie.""",0
"""La qualité de l'air est mauvaise aujourd'hui, il est recommandé de rester à l'intérieur.""",0
"""Le musée d'Orsay expose une nouvelle collection d'art impressionniste.""",0
"""Le métro de Paris célèbre son 100ème anniversaire cette année.""",0
"""La nouvelle application de streaming musical a été téléchargée plus de 10 millions de fois.""",0
"""Le match de tennis de Roland-Garros a commencé hier.""",0
"""Le prix des légumes a augmenté en raison de la mauvaise saison.""",0
"""Le gouvernement a annoncé de nouvelles lois pour protéger l'environnement.""",0
"""Le festival de musique de Rock en Seine aura lieu en septembre.""",0
"""La nouvelle ligne de bus dessert maintenant le quartier de Montmartre.""",0
"""Le tableau de Léonard de Vinci, la Joconde, est toujours en exposition au Louvre.""",0
"""Le nouveau film de science-fiction de Christopher Nolan est incroyable.""",0
"""Le prix des billets de train a augmenté ces derniers jours.""",0
"""Le festival de Cannes a été annulé cette année en raison de la pandémie.""",0
"""Le nouveau smartphone d'Apple, l'iPhone 12, sera disponible en précommande demain.""",0
"""Le prix de l'immobilier à Paris continue d'augmenter.""",0
"""Le musée du quai Branly expose une nouvelle collection d'art africain.""",0
"""Le match de foot entre la France et l'Espagne a été annulé en raison de la pluie.""",0
"""Le prix des carburants a diminué ces derniers jours.""",0
"""Le nouveau film de Quentin Tarantino, 'Once Upon a Time in Hollywood', est un succès au box-office.""",0
"""La nouvelle collection de vêtements de Zara est disponible en ligne.""",0
"""Le prix des billets d'avion a augmenté en raison de la saison touristique.""",0
"""Le festival de la gastronomie de Lyon aura lieu en décembre cette année.""",0
"""Le nouveau restaurant végétarien dans le quartier de Belleville est délicieux.""",0
"""Le prix des billets de cinéma a augmenté ces derniers jours.""",0
"""Le match de rugby de la finale de la Coupe du Monde aura lieu demain.""",0
"""Le musée d'Art Moderne de la Ville de Paris expose une nouvelle collection d'art contemporain.""",0
"""Le prix des fleurs a augmenté en raison de la Saint-Valentin.""",0
"""Le nouveau roman de Marc Levy, 'Le Premier Jour du Reste de ta Vie', est un best-seller.""",0
"""Le prix des places de concert a augmenté en raison de la popularité de l'artiste.""",0
"""Le festival de jazz de Paris aura lieu en juin cette année.""",0
"""Le prix des fruits et légumes a augmenté en raison de la saison des récoltes.""",0
"""Le nouveau film d'animation de Pixar, 'Soul', est un chef-d'œuvre.""",0
""". ""Tempête en approche, vigilance météorologique activée.""",0
"""2. ""Nouveau smartphone presentations demain, restez connectés!""",0
"""3. ""Le musée d'Orsay ferme ses portes pour rénovation.""",0
"""4. ""Promenade dans le quartier historique, une visite incontournable.""",0
"""5. ""Appel à tous les bénévoles pour nettoyer la rivière.""",0
"""6. ""Le dernier roman de Fourier vient de sortir, une lecture captivante.""",0
"""7. ""Les travaux de la ligne de métro seront terminés d'ici la fin de l'année.""",0
"""8. ""Dégustation de vin ce weekend dans les caves de la région.""",0
"""9. ""La nouvelle collection de mode automnale est disponible en magasin.""",0
"""10. ""La météo prévoit un week-end ensoleillé, parfait pour une sortie en famille.""",0
"""11. ""Le festival de musique commence ce soir, ne manquez pas les têtes d'affiche!""",0
"""12. ""Le marché de Noel arrive dans le downtown area, les préparatifs sont en cours.""",0
"""13. ""Le restaurant a reçu une étoile Michelin, une occasion spéciale pour tous les gourmands.""",0
"""14. ""La conférence sur l'intelligence artificielle commence demain, les inscriptions sont ouvertes.""",0
"""15. ""Le concert de ce soir est annulé en raison de problèmes techniques.""",0
"""16. ""Le musée d'Art Moderne expose de nouvelles œuvres ce mois-ci.""",0
"""17. ""La saison de ski commence cette semaine, les forfaits sont en vente.""",0
"""18. ""Le nouveau film d'animation est sorti aujourd'hui, parfait pour les enfants.""",0
"""19. ""La conférence de presse commence dans une heure, restez à l'écoute pour plus d'informations.""",0
"""20. ""La bibliothèque organise un concours de lecture pour les enfants, inscrivez-vous!""",0
"""21. ""Le marathon de la ville aura lieu ce dimanche, bonne chance aux coureurs!""",0
"""22. ""Le festival de cinéma commence demain, une occasion pour tous les cinéphiles.""",0
"""23. ""Le musée d'Histoire naturelle organise une exposition temporaire, ne la manquez pas!""",0
"""24. ""La nouvelle application de covoiturage vient de sortir, une opportunité pour les conducteurs.""",0
"""25. ""Le concert de ce soir est complet, il est recommandé d'arriver tôt pour trouver des places.""",0
"""26. ""La conférence sur la santé mentale commence ce weekend, l'entrée est gratuite.""",0
"""27. ""Le festival de la musique électronique commence demain, les billets sont en vente.""",0
"""28. ""Le marché de produits locaux ouvre ses portes cette semaine, une occasion pour déguster des spécialités.""",0
"""29. ""Le musée de la Science organise une journée portes ouvertes pour les enfants.""",0
"""30. ""Le nouveau restaurant vient d'ouvrir ses portes dans le quartier, une occasion pour goûter de nouvelles saveurs.""",0
"""31. ""Le festival de la gastronomie commence demain, une occasion pour tous les gourmands.""",0
"""32. ""Le théâtre propose une nouvelle pièce de théâtre ce mois-ci, les réservations sont ouvertes.""",0
"""33. ""Le parc d'attractions rouvrira ses portes pour la saison estivale.""",0
"""34. ""Le musée de la Mode expose de nouvelles collections ce mois-ci.""",0
"""35. ""Le festival de la musique classique commence ce weekend, les billets sont en vente.""",0
"""36. ""Le marché de l artisanat est ouvert ce weekend, une occasion pour découvrir de l art local.""",0
"""37. ""Le nouveau film d'action est sorti aujourd'hui, ne le manquez pas!""",0
"""38. ""Le festival de la culture commence demain, une occasion pour découvrir de nouvelles cultures.""",0
"""39. ""Le musée de la Technique organise une exposition temporaire, une occasion pour découvrir l histoire de l innovations.""",0
"""40. ""Le concert de ce soir est annulé en raison de problèmes de santé du chanteur.""",0
"""41. ""Le marché de l agriculture est ouvert tous les weekends, une occasion pour découvrir des produits locaux.""",0
"""42. ""Le festival de la photo commence ce weekend, une occasion pour tous les photographes.""",0
"""43. ""Le musée de la Marine organise une exposition temporaire, une occasion pour découvrir l histoire maritime.""",0
"""44. ""Le festival de la musique jazz commence demain, les billets sont en vente.""",0
"""45. ""Le marché de l art est ouvert tous les weekends, une occasion pour découvrir de l art local.""",0
"""46. ""Le concert de ce soir est complet, il est recommandé d'arriver tôt pour trouver des places.""",0
"""47. ""Le festival de la culture orientale commence ce weekend, une occasion pour découvrir de nouvelles cultures.""",0
"""48. ""Le musée de la Nature organise une exposition temporaire, une occasion pour découvrir la faune et la flore locales.""",0
"""49. ""Le festival de la musique latine commence demain, les billets sont en vente.""",0
"""50. ""Le marché de l artisanat est ouvert ce weekend, une occasion pour découvrir de l art local.""",0
"""Voiture électrique : la nouvelle tendance de l'industrie automobile""",0
"""Le soleil brille aujourd'hui, parfait pour une sortie en vélo""",0
"""J'adore ce nouveau restaurant près de la gare, la nourriture est délicieuse""",0
"""Les températures vont augmenter cette semaine, attention à la chaleur""",0
"""La nouvelle collection de vêtements de la marque est enfin disponible en ligne""",0
"""J'ai installé un nouveau logiciel de sécurité sur mon ordinateur hier""",0
"""La pièce de théâtre était incroyable, les acteurs ont été magnifiques""",0
"""Il pleut des cordes, mieux vaut rester à la maison aujourd'hui""",0
"""Le match de foot était épique, mon équipe a gagner 4-1""",0
"""J'ai découvert un nouveau livre passionnant hier à la bibliothèque""",0
"""La nouvelle application de streaming est facile à utiliser et offre une grande variété de films""",0
"""Le marché aux puces est ouvert aujourd'hui, j'ai hâte d'y faire des découvertes""",0
"""La conférence sur l'IA était intéressante, j'ai appris beaucoup de choses""",0
"""J'ai trouvé un nouveau café adorable en descendant de mon métro hier""",0
"""La météo annonce des orages pour la soirée, restez vigilants""",0
"""J'ai testé une nouvelle recette de cuisine hier soir, c'était un succès""",0
"""La nouvelle exposition au musée est fascinante, j'y retournerai prochainement""",0
"""La musique était incroyable au concert hier soir, j'ai dansé toute la nuit""",0
"""Le nouveau smartphone est sorti aujourd'hui, je vais faire la queue pour l'acheter""",0
"""La ville organise un marché de Noël cette semaine, je suis excitée d'y aller""",0
"""J'ai rencontré un nouveau groupe d'amis hier soir, nous avons bien rigolé""",0
"""La nouvelle série sur Netflix est addictive, je ne peux pas m'arrêter de la regarder""",0
"""La plage est magnifique aujourd'hui, j'ai hâte de me baigner""",0
"""Le nouveau jeu vidéo est enfin sorti, j'ai passé la nuit à y jouer""",0
"""La nouvelle boutique de vêtements a ouvert hier, j'y ferai un tour ce week-end""",0
"""Le festival de musique est annulé à cause de la pluie, quel dommage""",0
"""J'ai découvert un nouveau parc hier, c'était agréable de se promener""",0
"""La nouvelle collection de chaussures est disponible en ligne, je vais faire un achat""",0
"""La météo annonce du soleil pour les prochains jours, c'est parfait pour le week-end""",0
"""Le nouveau film au cinéma est très divertissant, j'ai bien rigolé""",0
"""J'ai trouvé un nouveau salon de thé charmant hier, je vais y retourner avec des amis""",0
"""La nouvelle application de fitness est géniale, j'ai fait mon premier entraînement ce matin""",0
"""La ville lance un nouveau programme de recyclage, c'est une bonne initiative""",0
"""Le nouveau livre de mon auteur préféré est sorti hier, je vais l'acheter""",0
"""La nouvelle salle de sport est magnifique, j'ai hâte d'y aller régulièrement""",0
"""Le nouveau restaurant asiatique en ville est délicieux, j'y retournerai bientôt""",0
"""La nouvelle ligne de métro est ouverte aujourd'hui, c'est plus facile pour se déplacer""",0
"""J'ai découvert un nouveau parc d'attractions hier, c'était amusant""",0
"""La nouvelle collection de maquillage est disponible en magasin, j'ai hâte de l'essayer""",0
"""Le nouveau spectacle de cirque est incroyable, j'ai adoré chaque minute""",0
"""La nouvelle application de cuisine est facile à utiliser, j'ai cuisiné un nouveau plat hier""",0
"""La ville organise un festival de cinéma cette semaine, j'ai hâte d'y aller""",0
"""Le nouveau smartphone est plus rapide et plus puissant, j'ai hâte de l'essayer""",0
"""La nouvelle exposition d'art est fascinante, j'ai passé des heures à la découvrir""",0
""". ""Tempête en approche, vigilance météorologique activée.""",0
"""2. ""Nouveau smartphone presentations demain, restez connectés!""",0
"""3. ""Le musée d'Orsay ferme ses portes pour rénovation.""",0
"""4. ""Promenade dans le quartier historique, une visite incontournable.""",0
"""5. ""Appel à tous les bénévoles pour nettoyer la rivière.""",0
"""6. ""Le dernier roman de Fourier vient de sortir, une lecture captivante.""",0
"""7. ""Les travaux de la ligne de métro seront terminés d'ici la fin de l'année.""",0
"""8. ""Dégustation de vin ce weekend dans les caves de la région.""",0
"""9. ""La nouvelle collection de mode automnale est disponible en magasin.""",0
"""10. ""La météo prévoit un week-end ensoleillé, parfait pour une sortie en famille.""",0
"""11. ""Le festival de musique commence ce soir, ne manquez pas les têtes d'affiche!""",0
"""12. ""Le marché de Noel arrive dans le downtown area, les préparatifs sont en cours.""",0
"""13. ""Le restaurant a reçu une étoile Michelin, une occasion spéciale pour tous les gourmands.""",0
"""14. ""La conférence sur l'intelligence artificielle commence demain, les inscriptions sont ouvertes.""",0
"""15. ""Le concert de ce soir est annulé en raison de problèmes techniques.""",0
"""16. ""Le musée d'Art Moderne expose de nouvelles œuvres ce mois-ci.""",0
"""17. ""La saison de ski commence cette semaine, les forfaits sont en vente.""",0
"""18. ""Le nouveau film d'animation est sorti aujourd'hui, parfait pour les enfants.""",0
"""19. ""La conférence de presse commence dans une heure, restez à l'écoute pour plus d'informations.""",0
"""20. ""La bibliothèque organise un concours de lecture pour les enfants, inscrivez-vous!""",0
"""21. ""Le marathon de la ville aura lieu ce dimanche, bonne chance aux coureurs!""",0
"""22. ""Le festival de cinéma commence demain, une occasion pour tous les cinéphiles.""",0
"""23. ""Le musée d'Histoire naturelle organise une exposition temporaire, ne la manquez pas!""",0
"""24. ""La nouvelle application de covoiturage vient de sortir, une opportunité pour les conducteurs.""",0
"""25. ""Le concert de ce soir est complet, il est recommandé d'arriver tôt pour trouver des places.""",0
"""26. ""La conférence sur la santé mentale commence ce weekend, l'entrée est gratuite.""",0
"""27. ""Le festival de la musique électronique commence demain, les billets sont en vente.""",0
"""28. ""Le marché de produits locaux ouvre ses portes cette semaine, une occasion pour déguster des spécialités.""",0
"""29. ""Le musée de la Science organise une journée portes ouvertes pour les enfants.""",0
"""30. ""Le nouveau restaurant vient d'ouvrir ses portes dans le quartier, une occasion pour goûter de nouvelles saveurs.""",0
"""31. ""Le festival de la gastronomie commence demain, une occasion pour tous les gourmands.""",0
"""32. ""Le théâtre propose une nouvelle pièce de théâtre ce mois-ci, les réservations sont ouvertes.""",0
"""33. ""Le parc d'attractions rouvrira ses portes pour la saison estivale.""",0
"""34. ""Le musée de la Mode expose de nouvelles collections ce mois-ci.""",0
"""35. ""Le festival de la musique classique commence ce weekend, les billets sont en vente.""",0
"""36. ""Le marché de l artisanat est ouvert ce weekend, une occasion pour découvrir de l art local.""",0
"""37. ""Le nouveau film d'action est sorti aujourd'hui, ne le manquez pas!""",0
"""38. ""Le festival de la culture commence demain, une occasion pour découvrir de nouvelles cultures.""",0
"""39. ""Le musée de la Technique organise une exposition temporaire, une occasion pour découvrir l histoire de l innovations.""",0
"""40. ""Le concert de ce soir est annulé en raison de problèmes de santé du chanteur.""",0
"""41. ""Le marché de l agriculture est ouvert tous les weekends, une occasion pour découvrir des produits locaux.""",0
"""42. ""Le festival de la photo commence ce weekend, une occasion pour tous les photographes.""",0
"""43. ""Le musée de la Marine organise une exposition temporaire, une occasion pour découvrir l histoire maritime.""",0
"""44. ""Le festival de la musique jazz commence demain, les billets sont en vente.""",0
"""45. ""Le marché de l art est ouvert tous les weekends, une occasion pour découvrir de l art local.""",0
"""46. ""Le concert de ce soir est complet, il est recommandé d'arriver tôt pour trouver des places.""",0
"""47. ""Le festival de la culture orientale commence ce weekend, une occasion pour découvrir de nouvelles cultures.""",0
"""48. ""Le musée de la Nature organise une exposition temporaire, une occasion pour découvrir la faune et la flore locales.""",0
"""49. ""Le festival de la musique latine commence demain, les billets sont en vente.""",0
"""50. ""Le marché de l artisanat est ouvert ce weekend, une occasion pour découvrir de l art local.""",0
""". ""Tempête en approche, vigilance météorologique activée.""",0
"""2. ""Nouveau smartphone presentations demain, restez connectés!""",0
"""3. ""Le musée d'Orsay ferme ses portes pour rénovation.""",0
"""4. ""Promenade dans le quartier historique, une visite incontournable.""",0
"""5. ""Appel à tous les bénévoles pour nettoyer la rivière.""",0
"""6. ""Le dernier roman de Fourier vient de sortir, une lecture captivante.""",0
"""7. ""Les travaux de la ligne de métro seront terminés d'ici la fin de l'année.""",0
"""8. ""Dégustation de vin ce weekend dans les caves de la région.""",0
"""9. ""La nouvelle collection de mode automnale est disponible en magasin.""",0
"""10. ""La météo prévoit un week-end ensoleillé, parfait pour une sortie en famille.""",0
"""11. ""Le festival de musique commence ce soir, ne manquez pas les têtes d'affiche!""",0
"""12. ""Le marché de Noel arrive dans le downtown area, les préparatifs sont en cours.""",0
"""13. ""Le restaurant a reçu une étoile Michelin, une occasion spéciale pour tous les gourmands.""",0
"""14. ""La conférence sur l'intelligence artificielle commence demain, les inscriptions sont ouvertes.""",0
"""15. ""Le concert de ce soir est annulé en raison de problèmes techniques.""",0
"""16. ""Le musée d'Art Moderne expose de nouvelles œuvres ce mois-ci.""",0
"""17. ""La saison de ski commence cette semaine, les forfaits sont en vente.""",0
"""18. ""Le nouveau film d'animation est sorti aujourd'hui, parfait pour les enfants.""",0
"""19. ""La conférence de presse commence dans une heure, restez à l'écoute pour plus d'informations.""",0
"""20. ""La bibliothèque organise un concours de lecture pour les enfants, inscrivez-vous!""",0
"""21. ""Le marathon de la ville aura lieu ce dimanche, bonne chance aux coureurs!""",0
"""22. ""Le festival de cinéma commence demain, une occasion pour tous les cinéphiles.""",0
"""23. ""Le musée d'Histoire naturelle organise une exposition temporaire, ne la manquez pas!""",0
"""24. ""La nouvelle application de covoiturage vient de sortir, une opportunité pour les conducteurs.""",0
"""25. ""Le concert de ce soir est complet, il est recommandé d'arriver tôt pour trouver des places.""",0
"""26. ""La conférence sur la santé mentale commence ce weekend, l'entrée est gratuite.""",0
"""27. ""Le festival de la musique électronique commence demain, les billets sont en vente.""",0
"""28. ""Le marché de produits locaux ouvre ses portes cette semaine, une occasion pour déguster des spécialités.""",0
"""29. ""Le musée de la Science organise une journée portes ouvertes pour les enfants.""",0
"""30. ""Le nouveau restaurant vient d'ouvrir ses portes dans le quartier, une occasion pour goûter de nouvelles saveurs.""",0
"""31. ""Le festival de la gastronomie commence demain, une occasion pour tous les gourmands.""",0
"""32. ""Le théâtre propose une nouvelle pièce de théâtre ce mois-ci, les réservations sont ouvertes.""",0
"""33. ""Le parc d'attractions rouvrira ses portes pour la saison estivale.""",0
"""34. ""Le musée de la Mode expose de nouvelles collections ce mois-ci.""",0
"""35. ""Le festival de la musique classique commence ce weekend, les billets sont en vente.""",0
"""36. ""Le marché de l artisanat est ouvert ce weekend, une occasion pour découvrir de l art local.""",0
"""37. ""Le nouveau film d'action est sorti aujourd'hui, ne le manquez pas!""",0
"""38. ""Le festival de la culture commence demain, une occasion pour découvrir de nouvelles cultures.""",0
"""39. ""Le musée de la Technique organise une exposition temporaire, une occasion pour découvrir l histoire de l innovations.""",0
"""40. ""Le concert de ce soir est annulé en raison de problèmes de santé du chanteur.""",0
"""41. ""Le marché de l agriculture est ouvert tous les weekends, une occasion pour découvrir des produits locaux.""",0
"""42. ""Le festival de la photo commence ce weekend, une occasion pour tous les photographes.""",0
"""43. ""Le musée de la Marine organise une exposition temporaire, une occasion pour découvrir l histoire maritime.""",0
"""44. ""Le festival de la musique jazz commence demain, les billets sont en vente.""",0
"""45. ""Le marché de l art est ouvert tous les weekends, une occasion pour découvrir de l art local.""",0
"""46. ""Le concert de ce soir est complet, il est recommandé d'arriver tôt pour trouver des places.""",0
"""47. ""Le festival de la culture orientale commence ce weekend, une occasion pour découvrir de nouvelles cultures.""",0
"""48. ""Le musée de la Nature organise une exposition temporaire, une occasion pour découvrir la faune et la flore locales.""",0
"""49. ""Le festival de la musique latine commence demain, les billets sont en vente.""",0
"""50. ""Le marché de l artisanat est ouvert ce weekend, une occasion pour découvrir de l art local.""",0
""". ""Tempête en approche, vigilance météorologique activée.""",0
"""2. ""Nouveau smartphone presentations demain, restez connectés!""",0
"""3. ""Le musée d'Orsay ferme ses portes pour rénovation.""",0
"""4. ""Promenade dans le quartier historique, une visite incontournable.""",0
"""5. ""Appel à tous les bénévoles pour nettoyer la rivière.""",0
"""6. ""Le dernier roman de Fourier vient de sortir, une lecture captivante.""",0
"""7. ""Les travaux de la ligne de métro seront terminés d'ici la fin de l'année.""",0
"""8. ""Dégustation de vin ce weekend dans les caves de la région.""",0
"""9. ""La nouvelle collection de mode automnale est disponible en magasin.""",0
"""10. ""La météo prévoit un week-end ensoleillé, parfait pour une sortie en famille.""",0
"""11. ""Le festival de musique commence ce soir, ne manquez pas les têtes d'affiche!""",0
"""12. ""Le marché de Noel arrive dans le downtown area, les préparatifs sont en cours.""",0
"""13. ""Le restaurant a reçu une étoile Michelin, une occasion spéciale pour tous les gourmands.""",0
"""14. ""La conférence sur l'intelligence artificielle commence demain, les inscriptions sont ouvertes.""",0
"""15. ""Le concert de ce soir est annulé en raison de problèmes techniques.""",0
"""16. ""Le musée d'Art Moderne expose de nouvelles œuvres ce mois-ci.""",0
"""17. ""La saison de ski commence cette semaine, les forfaits sont en vente.""",0
"""18. ""Le nouveau film d'animation est sorti aujourd'hui, parfait pour les enfants.""",0
"""19. ""La conférence de presse commence dans une heure, restez à l'écoute pour plus d'informations.""",0
"""20. ""La bibliothèque organise un concours de lecture pour les enfants, inscrivez-vous!""",0
"""21. ""Le marathon de la ville aura lieu ce dimanche, bonne chance aux coureurs!""",0
"""22. ""Le festival de cinéma commence demain, une occasion pour tous les cinéphiles.""",0
"""23. ""Le musée d'Histoire naturelle organise une exposition temporaire, ne la manquez pas!""",0
"""24. ""La nouvelle application de covoiturage vient de sortir, une opportunité pour les conducteurs.""",0
"""25. ""Le concert de ce soir est complet, il est recommandé d'arriver tôt pour trouver des places.""",0
"""26. ""La conférence sur la santé mentale commence ce weekend, l'entrée est gratuite.""",0
"""27. ""Le festival de la musique électronique commence demain, les billets sont en vente.""",0
"""28. ""Le marché de produits locaux ouvre ses portes cette semaine, une occasion pour déguster des spécialités.""",0
"""29. ""Le musée de la Science organise une journée portes ouvertes pour les enfants.""",0
"""30. ""Le nouveau restaurant vient d'ouvrir ses portes dans le quartier, une occasion pour goûter de nouvelles saveurs.""",0
"""31. ""Le festival de la gastronomie commence demain, une occasion pour tous les gourmands.""",0
"""32. ""Le théâtre propose une nouvelle pièce de théâtre ce mois-ci, les réservations sont ouvertes.""",0
"""33. ""Le parc d'attractions rouvrira ses portes pour la saison estivale.""",0
"""34. ""Le musée de la Mode expose de nouvelles collections ce mois-ci.""",0
"""35. ""Le festival de la musique classique commence ce weekend, les billets sont en vente.""",0
"""36. ""Le marché de l artisanat est ouvert ce weekend, une occasion pour découvrir de l art local.""",0
"""37. ""Le nouveau film d'action est sorti aujourd'hui, ne le manquez pas!""",0
"""38. ""Le festival de la culture commence demain, une occasion pour découvrir de nouvelles cultures.""",0
"""39. ""Le musée de la Technique organise une exposition temporaire, une occasion pour découvrir l histoire de l innovations.""",0
"""40. ""Le concert de ce soir est annulé en raison de problèmes de santé du chanteur.""",0
"""41. ""Le marché de l agriculture est ouvert tous les weekends, une occasion pour découvrir des produits locaux.""",0
"""42. ""Le festival de la photo commence ce weekend, une occasion pour tous les photographes.""",0
"""43. ""Le musée de la Marine organise une exposition temporaire, une occasion pour découvrir l histoire maritime.""",0
"""44. ""Le festival de la musique jazz commence demain, les billets sont en vente.""",0
"""45. ""Le marché de l art est ouvert tous les weekends, une occasion pour découvrir de l art local.""",0
"""46. ""Le concert de ce soir est complet, il est recommandé d'arriver tôt pour trouver des places.""",0
"""47. ""Le festival de la culture orientale commence ce weekend, une occasion pour découvrir de nouvelles cultures.""",0
"""48. ""Le musée de la Nature organise une exposition temporaire, une occasion pour découvrir la faune et la flore locales.""",0
"""49. ""Le festival de la musique latine commence demain, les billets sont en vente.""",0
"""50. ""Le marché de l artisanat est ouvert ce weekend, une occasion pour découvrir de l art local.""",0
"""1. ""L'incendie dans la région de Bordeaux a été maîtrisé ce matin.""",0
"""2. ""Le dernier iPhone est disponible en précommande dès maintenant.""",0
"""3. ""La météo prévoit de la pluie pour la soirée, n'oubliez pas votre parapluie.""",0
"""4. ""Le nouveau film de science-fiction est un véritable chef-d'œuvre.""",0
"""5. ""La comédie musicale ""Le Fantôme de l'Opéra"" joue ce soir au théâtre Mogador.""",0
"""6. ""Le musée du Louvre ferme ses portes pour rénovation le mois prochain.""",0
"""7. ""Laagnac est célèbre pour son foie gras, ne partez pas sans en goûter.""",0
"""8. ""Le nouveau restaurant de sushis en ville est délicieux, j'y suis déjà allé trois fois cette semaine.""",0
"""9. ""La prochaine pleine lune aura lieu le 28 du mois prochain.""",0
"""10. ""Le prêt à taux zéro est une excellente option pour les primo-accédants.""",0
"""11. ""La nouvelle collection de printemps d'H&M est arrivée en magasin.""",0
"""12. ""Le match de football de ce soir est très attendu, les fans sont impatients.""",0
"""13. ""La prochaine exposition au Centre Pompidou mettra en vedette des artistes contemporains.""",0
"""14. ""Le meilleur moyen de découvrir Paris est de se promener dans ses rues.""",0
"""15. ""La nouvelle application de covoiturage est pratique et économique.""",0
"""16. ""Le dernier roman de Marc Levy est un best-seller.""",0
"""17. ""La fête de la musique aura lieu le 21 juin, comme chaque année.""",0
"""18. ""Le nouveau jeu vidéo est très addictif, je n'arrive pas à m'en détacher.""",0
"""19. ""La prochaine pièce de théâtre au Théâtre de la Ville sera une comédie.""",0
"""20. ""Le Festival de Cannes a commencé hier, de nombreux films sont en compétition.""",0
"""21. ""La météoBeing prévoyant des orages pour la fin de la semaine, soyez vigilants.""",0
"""22. ""Le nouveau smartphone de Samsung est disponible en précommande.""",0
"""23. ""La prochaine conférence au Palais des Congrès portera sur l'innovation en santé.""",0
"""24. ""Le meilleur endroit pour trouver des livres rares est la Librairie Mollat.""",0
"""25. ""La prochaine exposition au Musée d'Orsay mettra en vedette des œuvres impressionnistes.""",0
"""26. ""Le prochain concert des Rolling Stones aura lieu au Stade de France.""",0
"""27. ""La météo prévoit une vague de chaleur pour la fin de la semaine, restez hydratés.""",0
"""28. ""Le meilleur café en ville est le Café de Flore, selon les locaux.""",0
"""29. ""La prochaine pièce de théâtre au Théâtre National de la Colline sera une tragédie.""",0
"""30. ""Le Festival de l'Eurovision aura lieu ce soir, qui gagnera cette année?""",0
"""31. ""La nouvelle collection de vêtements de chez Zara est arrivée en magasin.""",0
"""32. ""Le prochain match de l'équipe de football locale est très attendu, les billets se vendent comme des petits pains.""",0
"""33. ""La prochaine exposition au Grand Palais mettra en vedette des œuvres de l'art moderne.""",0
"""34. ""Le meilleur endroit pour trouver des vêtements vintage est le marché aux puces de Saint-Ouen.""",0
"""35. ""La météo prévoit des températures glaciales pour la nuit, couvrez-vous bien.""",0
"""36. ""Le prochain spectacle au Cirque d'Hiver sera une représentation de cirque traditionnel.""",0
"""37. ""Le prochain film à l'affiche au cinéma est un film d'action pal""",0
""". ""Tempête en approche, vigilance météorologique activée.""",0
"""2. ""Nouveau smartphone presentations demain, restez connectés!""",0
"""3. ""Le musée d'Orsay ferme ses portes pour rénovation.""",0
"""4. ""Promenade dans le quartier historique, une visite incontournable.""",0
"""5. ""Appel à tous les bénévoles pour nettoyer la rivière.""",0
"""6. ""Le dernier roman de Fourier vient de sortir, une lecture captivante.""",0
"""7. ""Les travaux de la ligne de métro seront terminés d'ici la fin de l'année.""",0
"""8. ""Dégustation de vin ce weekend dans les caves de la région.""",0
"""9. ""La nouvelle collection de mode automnale est disponible en magasin.""",0
"""10. ""La météo prévoit un week-end ensoleillé, parfait pour une sortie en famille.""",0
"""11. ""Le festival de musique commence ce soir, ne manquez pas les têtes d'affiche!""",0
"""12. ""Le marché de Noel arrive dans le downtown area, les préparatifs sont en cours.""",0
"""13. ""Le restaurant a reçu une étoile Michelin, une occasion spéciale pour tous les gourmands.""",0
"""14. ""La conférence sur l'intelligence artificielle commence demain, les inscriptions sont ouvertes.""",0
"""15. ""Le concert de ce soir est annulé en raison de problèmes techniques.""",0
"""16. ""Le musée d'Art Moderne expose de nouvelles œuvres ce mois-ci.""",0
"""17. ""La saison de ski commence cette semaine, les forfaits sont en vente.""",0
"""18. ""Le nouveau film d'animation est sorti aujourd'hui, parfait pour les enfants.""",0
"""19. ""La conférence de presse commence dans une heure, restez à l'écoute pour plus d'informations.""",0
"""20. ""La bibliothèque organise un concours de lecture pour les enfants, inscrivez-vous!""",0
"""21. ""Le marathon de la ville aura lieu ce dimanche, bonne chance aux coureurs!""",0
"""22. ""Le festival de cinéma commence demain, une occasion pour tous les cinéphiles.""",0
"""23. ""Le musée d'Histoire naturelle organise une exposition temporaire, ne la manquez pas!""",0
"""24. ""La nouvelle application de covoiturage vient de sortir, une opportunité pour les conducteurs.""",0
"""25. ""Le concert de ce soir est complet, il est recommandé d'arriver tôt pour trouver des places.""",0
"""26. ""La conférence sur la santé mentale commence ce weekend, l'entrée est gratuite.""",0
"""27. ""Le festival de la musique électronique commence demain, les billets sont en vente.""",0
"""28. ""Le marché de produits locaux ouvre ses portes cette semaine, une occasion pour déguster des spécialités.""",0
"""29. ""Le musée de la Science organise une journée portes ouvertes pour les enfants.""",0
"""30. ""Le nouveau restaurant vient d'ouvrir ses portes dans le quartier, une occasion pour goûter de nouvelles saveurs.""",0
"""31. ""Le festival de la gastronomie commence demain, une occasion pour tous les gourmands.""",0
"""32. ""Le théâtre propose une nouvelle pièce de théâtre ce mois-ci, les réservations sont ouvertes.""",0
"""33. ""Le parc d'attractions rouvrira ses portes pour la saison estivale.""",0
"""34. ""Le musée de la Mode expose de nouvelles collections ce mois-ci.""",0
"""35. ""Le festival de la musique classique commence ce weekend, les billets sont en vente.""",0
"""36. ""Le marché de l artisanat est ouvert ce weekend, une occasion pour découvrir de l art local.""",0
"""37. ""Le nouveau film d'action est sorti aujourd'hui, ne le manquez pas!""",0
"""38. ""Le festival de la culture commence demain, une occasion pour découvrir de nouvelles cultures.""",0
"""39. ""Le musée de la Technique organise une exposition temporaire, une occasion pour découvrir l histoire de l innovations.""",0
"""40. ""Le concert de ce soir est annulé en raison de problèmes de santé du chanteur.""",0
"""41. ""Le marché de l agriculture est ouvert tous les weekends, une occasion pour découvrir des produits locaux.""",0
"""42. ""Le festival de la photo commence ce weekend, une occasion pour tous les photographes.""",0
"""43. ""Le musée de la Marine organise une exposition temporaire, une occasion pour découvrir l histoire maritime.""",0
"""44. ""Le festival de la musique jazz commence demain, les billets sont en vente.""",0
"""45. ""Le marché de l art est ouvert tous les weekends, une occasion pour découvrir de l art local.""",0
"""46. ""Le concert de ce soir est complet, il est recommandé d'arriver tôt pour trouver des places.""",0
"""47. ""Le festival de la culture orientale commence ce weekend, une occasion pour découvrir de nouvelles cultures.""",0
"""48. ""Le musée de la Nature organise une exposition temporaire, une occasion pour découvrir la faune et la flore locales.""",0
"""49. ""Le festival de la musique latine commence demain, les billets sont en vente.""",0
"""50. ""Le marché de l artisanat est ouvert ce weekend, une occasion pour découvrir de l art local.""",0
"""1. ""Incendie dans le quartier: Les pompiers sont intervenus rapidement.""",0
"""2. ""La nouvelle collection de mode de la marque est disponible en ligne.""",0
"""3. ""Le métro sera fermé ce week-end pour travaux de maintenance.""",0
"""4. ""Appel aux dons pour les victims du dernier orage.""",0
"""5. ""Le musée d'histoire inaugurera une nouvelle exposition la semaine prochaine.""",0
"""6. ""Les températures resteront élevées dans la région cette semaine.""",0
"""7. ""Le film de science-fiction est un véritable chef-d'oeuvre selon les critiques.""",0
"""8. ""La nouvelle application de livraison de nourriture est maintenant disponible dans toute la ville.""",0
"""9. ""Les travaux de rénovation de l'écoleprimary commenceront bientôt.""",0
"""10. ""La nouvelle ligne de bus circule désormais dans le centre-ville.""",0
"""11. ""Attention aux conducteurs, des travaux sont en cours sur l'autoroute A1.""",0
"""12. ""Le festival de musique aura lieu ce week-end au parc municipal.""",0
"""13. ""Le restaurant a reçu une récompense pour son excellence en cuisine.""",0
"""14. ""Les habitants sont invités à une réunion publique ce soir pour discuter du projet de urbanisation.""",0
"""15. ""Le nouvel album de l'artiste tovább sortira demain.""",0
"""16. ""La bibliothèque organise un atelier de lecture pour les enfants cet après-midi.""",0
"""17. ""Le match de football entre les deux équipes locales a été reporté en raison de la pluie.""",0
"""18. ""Le carnaval de la ville aura lieu samedi prochain, avec de nombreuses animations pour les enfants.""",0
"""19. ""Le centre commercial a annoncé l'ouverture prochaine d'un nouveau magasin de sport.""",0
"""20. ""Les habitants sont priés de signaler tout dysfonctionnement des feux de signalisation dans leur quartier.""",0
"""21. ""Le théâtre propose une pièce de théâtre ce soir, avec une distribution de talents locaux.""",0
"""22. ""La nouvelle application de covoiturage a été lancée avec succès dans la région.""",0
"""23. ""Le marché de Noël aura lieu ce week-end, avec des stands de nourriture et des activités pour les enfants.""",0
"""24. ""Le centre de Fitness a remporté le prix de la meilleure salle de sport de l'année.""",0
"""25. ""Le musée d'art moderne expose une nouvelle collection d'oeuvres contemporaines.""",0
"""26. ""La nouvelle ligne debus électrique entrera en service prochainement.""",0
"""27. ""Le cinéma propose une semaine de films en plein air dans le parc municipal.""",0
"""28. ""La ville a lancé un appel à projets pour la revitalisation du quartier historique.""",0
"""29. ""Le festival de cinéma independent aura lieu ce week-end au cinéma local.""",0
"""30. ""La nouvelle ligne de tramway sera inaugurée demain, avec une cérémonie officielle.""",0
"""31. ""Le marché aux puces aura lieu demain matin comme tous les weekends.""",0
"""32. ""Le musée de la technologie organise une exposition temporaire sur l'histoire de l'informatique.""",0
"""33. ""Le casse-croûte du coin a été remplacé par un nouveau restaurant végétarien.""",0
"""34. ""Le concert de musique classique sera diffusé en direct à la télévision ce soir.""",0
"""35. ""La bibliothèque organise un cours de yoga gratuit pour les seniors cette semaine.""",0
"""36. ""Le nouveau parc d'attractions ouvrira ses portes le week-end prochain.""",0
"""37. ""Le marché de produit locaux aura lieu ce weekend dans le centre-ville.""",0
"""38. ""Le centre de santé organise des consultations gratuites pour les enfants ce mois-ci.""",0
"""39. ""Le restaurant a été récompensé pour sa cuisine traditionnelle et son accueil chaleureux.""",0
"""40. ""La nouvelle ligne de bus de nuit entrera en service cette semaine.""",0
"""41. ""Le festival de jazz aura lieu dans le parc municipal ce week-end.""",0
"""42. ""Le centre commercial organise un défilé de mode pour les enfants ce weekend.""",0
"""43. ""Le musée de l'histoire naturelle a reçu une nouvelle exposition d'ossements de dinosaures.""",0
"""44. ""Le nouveau complexe sportif ouvrira ses portes dans le quartier résidentiel cette année.""",0
"""45. ""Le festival de film d'animation aura lieu ce week-end au cinéma local.""",0
"""46. ""Le marché de Noël propose des animations pour les enfants et des stands de nourriture.""",0
"""47. ""Le restaurant a été récompensé pour sa cuisine créative et son service attentionné.""",0
"""48. ""La bibliothèque organise un atelier de création pour les enfants pendant les vacances scolaires.""",0
"""49. ""Le festival de musique aura lieu dans le parc municipal ce week-end, avec de nombreux artistes locaux.""",0
"""50. ""Le centre commercial organise une journée portes ouvertes pour sa nouvelle extension.""",0
"""1. ""La météo prévoit de la pluie pour toute la semaine.""",0
"""2. ""J'ai entendu dire que le nouveau restaurant en ville est délicieux.""",0
"""3. ""Le dernier smartphone de chez Apple vient de sortir, je vais peut-être en acheter un.""",0
"""4. ""Le musée d'histoire locale organise une exposition spéciale ce week-end.""",0
"""5. ""Je suis coincé dans les embouteillages depuis une heure, c'est horrible.""",0
"""6. ""La nouvelle application de streaming musical est très bien fichue.""",0
"""7. ""Le match de football hier soir était incroyablement passionnant.""",0
"""8. ""J'ai besoin de faire des courses, il me manque certaines choses pour cuisiner.""",0
"""9. ""La conférence de ce matin était très intéressante, j'ai appris beaucoup de choses.""",0
"""10. ""Je vais aller faire une promenade dans le parc, il fait beau aujourd'hui.""",0
"""11. ""Le film que j'ai vu hier était très émouvant, je le recommande à tout le monde.""",0
"""12. ""Je vais appeler le service client pour résoudre ce problème.""",0
"""13. ""Il y a une vente privée chez mon tailleur préféré, je vais y faire un tour.""",0
"""14. ""Le prochain roman de mon auteur préféré sort la semaine prochaine, je suis excité.""",0
"""15. ""Le concert était incroyable, j'ai adoré tous les artistes.""",0
"""16. ""Je vais enfin pouvoir réparer ma voiture, j'ai trouvé une pièce de rechange.""",0
"""17. ""La nouvelle ligne de métro est ouverte, ça me fera gagner beaucoup de temps chaque jour.""",0
"""18. ""Je vais aller au marché pour acheter des fruits frais ce week-end.""",0
"""19. ""Le match de tennis était époustouflant, j'ai hâte de voir la finale.""",0
"""20. ""Je vais enfin pouvoir me payer une nouvelle console de jeux, j'en ai vraiment besoin.""",0
"""21. ""Le festival de musique commence ce soir, j'ai hâte d'y être.""",0
"""22. ""Je vais aller à la bibliothèque pour emprunter quelques livres.""",0
"""23. ""Le nouveau spectacle de Broadway est incroyable, je recommande à tout le monde d'y aller.""",0
"""24. ""Je vais enfin pouvoir me détendre à la plage ce week-end.""",0
"""25. ""Le match de baseball était très serré, j'ai eu les nerfs à vif jusqu'à la fin.""",0
"""26. ""Je vais aller au gymnase ce soir pour faire un peu d'exercice.""",0
"""27. ""Le nouveau restaurant de sushis est délicieux, j'y suis déjà allé trois fois cette semaine.""",0
"""28. ""Je vais aller voir le dernier film d'action qui vient de sortir.""",0
"""29. ""La nouvelle ligne de bus est très pratique, elle dessert toute la ville.""",0
"""30. ""Je vais aller au cinéma pour voir le nouveau film de science-fiction.""",0
"""31. ""Le match de football américain était très intense, j'ai crié devant mon écran.""",0
"""32. ""Je vais aller au salon du livre pour rencontrer mon auteur préféré.""",0
"""33. ""Le nouveau musée d'art moderne est vraiment impressionnant, j'ai passé des heures à le visiter.""",0
"""34. ""Je vais aller au marché aux puces pour trouver de nouveaux meubles.""",0
"""35. ""Le festival de cinéma commence ce soir, j'ai hâte de voir les films en compétition.""",0
"""36. ""Je vais aller à la piscine pour nager quelques longueurs ce soir.""",0
"""37. ""Le nouveau parc d'attractions est incroyable, j'ai adoré tous les manèges.""",0
"""38. ""Je vais aller au parc national pour faire de la randonnée ce week-end.""",0
"""39. ""Le match de basket était très serré, j'ai eu les nerfs à vif jusqu'à la fin.""",0
"""40. ""Je vais aller au concert de mon groupe préféré ce soir.""",0
"""41. ""Le nouveau centre commercial est très beau, j'ai trouvé plein de choses à acheter.""",0
"""42. ""Je vais aller à la salle de sport pour faire un peu de fitness.""",0
"""43. ""Le festival de musique classique commence ce soir, j'ai hâte d'y être.""",0
"""44. ""Je vais aller au théâtre pour voir la dernière pièce de théâtre.""",0
"""45. ""Le match de hockey sur glace était très intense, j'ai crié devant mon écran.""",0
"""46. ""Je vais aller au marché pour acheter des légumes frais ce week-end.""",0
"""47. ""Le nouveau restaurant de cuisine italienne est délicieux, j'ai adoré tous les plats.""",0
"""48. ""Je vais aller au musée d'histoire naturelle pour voir les dernières expositions.""",0
"""49. ""Le match de tennis était très serré, j'ai eu les nerfs à vif jusqu'à la fin.""",0
"""50. ""Je vais aller au cinéma pour voir le dernier film de comédie.""",0
""". ""Tempête en approche, vigilance météorologique activée.""",0
"""2. ""Nouveau smartphone presentations demain, restez connectés!""",0
"""3. ""Le musée d'Orsay ferme ses portes pour rénovation.""",0
"""4. ""Promenade dans le quartier historique, une visite incontournable.""",0
"""5. ""Appel à tous les bénévoles pour nettoyer la rivière.""",0
"""6. ""Le dernier roman de Fourier vient de sortir, une lecture captivante.""",0
"""7. ""Les travaux de la ligne de métro seront terminés d'ici la fin de l'année.""",0
"""8. ""Dégustation de vin ce weekend dans les caves de la région.""",0
"""9. ""La nouvelle collection de mode automnale est disponible en magasin.""",0
"""10. ""La météo prévoit un week-end ensoleillé, parfait pour une sortie en famille.""",0
"""11. ""Le festival de musique commence ce soir, ne manquez pas les têtes d'affiche!""",0
"""12. ""Le marché de Noel arrive dans le downtown area, les préparatifs sont en cours.""",0
"""13. ""Le restaurant a reçu une étoile Michelin, une occasion spéciale pour tous les gourmands.""",0
"""14. ""La conférence sur l'intelligence artificielle commence demain, les inscriptions sont ouvertes.""",0
"""15. ""Le concert de ce soir est annulé en raison de problèmes techniques.""",0
"""16. ""Le musée d'Art Moderne expose de nouvelles œuvres ce mois-ci.""",0
"""17. ""La saison de ski commence cette semaine, les forfaits sont en vente.""",0
"""18. ""Le nouveau film d'animation est sorti aujourd'hui, parfait pour les enfants.""",0
"""19. ""La conférence de presse commence dans une heure, restez à l'écoute pour plus d'informations.""",0
"""20. ""La bibliothèque organise un concours de lecture pour les enfants, inscrivez-vous!""",0
"""21. ""Le marathon de la ville aura lieu ce dimanche, bonne chance aux coureurs!""",0
"""22. ""Le festival de cinéma commence demain, une occasion pour tous les cinéphiles.""",0
"""23. ""Le musée d'Histoire naturelle organise une exposition temporaire, ne la manquez pas!""",0
"""24. ""La nouvelle application de covoiturage vient de sortir, une opportunité pour les conducteurs.""",0
"""25. ""Le concert de ce soir est complet, il est recommandé d'arriver tôt pour trouver des places.""",0
"""26. ""La conférence sur la santé mentale commence ce weekend, l'entrée est gratuite.""",0
"""27. ""Le festival de la musique électronique commence demain, les billets sont en vente.""",0
"""28. ""Le marché de produits locaux ouvre ses portes cette semaine, une occasion pour déguster des spécialités.""",0
"""29. ""Le musée de la Science organise une journée portes ouvertes pour les enfants.""",0
"""30. ""Le nouveau restaurant vient d'ouvrir ses portes dans le quartier, une occasion pour goûter de nouvelles saveurs.""",0
"""31. ""Le festival de la gastronomie commence demain, une occasion pour tous les gourmands.""",0
"""32. ""Le théâtre propose une nouvelle pièce de théâtre ce mois-ci, les réservations sont ouvertes.""",0
"""33. ""Le parc d'attractions rouvrira ses portes pour la saison estivale.""",0
"""34. ""Le musée de la Mode expose de nouvelles collections ce mois-ci.""",0
"""35. ""Le festival de la musique classique commence ce weekend, les billets sont en vente.""",0
"""36. ""Le marché de l artisanat est ouvert ce weekend, une occasion pour découvrir de l art local.""",0
"""37. ""Le nouveau film d'action est sorti aujourd'hui, ne le manquez pas!""",0
"""38. ""Le festival de la culture commence demain, une occasion pour découvrir de nouvelles cultures.""",0
"""39. ""Le musée de la Technique organise une exposition temporaire, une occasion pour découvrir l histoire de l innovations.""",0
"""40. ""Le concert de ce soir est annulé en raison de problèmes de santé du chanteur.""",0
"""41. ""Le marché de l agriculture est ouvert tous les weekends, une occasion pour découvrir des produits locaux.""",0
"""42. ""Le festival de la photo commence ce weekend, une occasion pour tous les photographes.""",0
"""43. ""Le musée de la Marine organise une exposition temporaire, une occasion pour découvrir l histoire maritime.""",0
"""44. ""Le festival de la musique jazz commence demain, les billets sont en vente.""",0
"""45. ""Le marché de l art est ouvert tous les weekends, une occasion pour découvrir de l art local.""",0
"""46. ""Le concert de ce soir est complet, il est recommandé d'arriver tôt pour trouver des places.""",0
"""47. ""Le festival de la culture orientale commence ce weekend, une occasion pour découvrir de nouvelles cultures.""",0
"""48. ""Le musée de la Nature organise une exposition temporaire, une occasion pour découvrir la faune et la flore locales.""",0
"""49. ""Le festival de la musique latine commence demain, les billets sont en vente.""",0
"""50. ""Le marché de l artisanat est ouvert ce weekend, une occasion pour découvrir de l art local.""",0
"""Voiture électrique : Tesla annonce une nouvelle batterie pour ses modèles.""",0
"""Le nouveau smartphone d'Apple sortira en septembre, selon des sources fiables.""",0
"""La météo annonce de la pluie pour toute la semaine dans la région parisienne.""",0
"""Le musée du Louvre ferme temporairement pour des rénovations.""",0
"""La nouvelle collection de vêtements de la marque Zara est disponible en ligne.""",0
"""Je recommande vivement le restaurant Le Grand Bleu en bord de mer.""",0
"""Le match de football de ce soir risque d'être passionnant.""",0
"""La nouvelle série Netflix ""Lupin"" est un véritable succès.""",0
"""Le prix des billets de train augmente à partir de demain.""",0
"""La bibliothèque municipale organise un atelier de lecture pour les enfants ce samedi.""",0
"""J'ai commandé une pizza chez mon pizzaïolo préféré hier soir.""",0
"""Le soleil se lèvera à 7h30 demain matin dans la capitale.""",0
"""La marque de cosmétiques L'Oreal lance une nouvelle ligne de produits bio.""",0
"""Le concert de ce soir est annulé en raison de la météo.""",0
"""J'ai entendu dire que le nouveau film de Quentin Tarantino sort cette semaine.""",0
"""Le marché aux puces aura lieu comme d'habitude ce week-end.""",0
"""La compagnie aérienne Air France annonce des vols supplémentaires pour l'été.""",0
"""Le livre ""Les Misérables"" de Victor Hugo fête ses 150 ans cette année.""",0
"""La nouvelle application de fitness est très facile à utiliser.""",0
"""La boulangerie du coin a changé de propriétaire.""",0
"""Le parc d'attractions Disneyland Paris rouvrira ses portes le 17 juin.""",0
"""J'ai trouvé un nouveau coiffeur qui me plaît beaucoup.""",0
"""La nouvelle saison de Game of Thrones commence ce dimanche.""",0
"""Le métro sera fermé cette nuit pour des travaux de maintenance.""",0
"""Le festival de musique Electrobeach aura lieu le week-end prochain.""",0
"""La société Apple a été fondée en 1976 par Steve Jobs et Steve Wozniak.""",0
"""Le musée d'Orsay présente une exposition sur les impressionnistes.""",0
"""Le repas de ce soir sera préparé à la maison, j'ai acheté tous les ingrédients.""",0
"""La nouvelle série ""The Handmaid's Tale"" est disponible sur Amazon Prime Video.""",0
"""Le musée du Quai Branly organise une exposition sur l'art africain.""",0
"""J'ai acheté une nouvelle plante pour ma cuisine hier.""",0
"""Le match de tennis de ce soir est très important pour les deux joueurs.""",0
"""La nouvelle collection de chaussures de la marque Nike est magnifique.""",0
"""Le festival de cinéma de Cannes aura lieu en mai prochain.""",0
"""La nouvelle ligne de métro sera inaugurée le mois prochain.""",0
"""Je suis impatient de voir le nouveau film de super-héros qui sort cette semaine.""",0
"""Le restaurant Le Palacio offre une vue imprenable sur la ville.""",0
"""La nouvelle ligne de produits de la marque Lego est très attendue.""",0
"""Le concert de ce soir est complet, il n'y a plus de billets disponibles.""",0
"""La nouvelle application de rencontre Tinder est très populaire.""",0
"""Le nouveau smartphone Samsung Galaxy S21 est disponible en précommande.""",0
"""La nouvelle collection de maillots de bain de la marque H&M est disponible en ligne.""",0
"""Le match de foot de ce soir est crucial pour les deux équipes.""",0
"""La nouvelle saison de The Voice commence ce soir sur TF1.""",0
"""Le nouveau jeu vidéo FIFA 21 est disponible depuis hier.""",0
"""Le nouveau film d'animation de Disney ""Raya et le dernier dragon"" sort cette semaine.""",0
"""La nouvelle collection de sacs à main de la marque Louis Vuitton est magnifique.""",0
"""Le nouveau restaurant asiatique qui vient d'ouvrir dans le quartier est délicieux.""",0
"""La nouvelle série ""Bridgerton"" est un véritable phénomène sur Netflix.""",0
"""Le nouveau smartphone Huawei P40 est disponible en précommande.""",0
"""Le nouveau roman de Marc Levy ""La Première Star"" est disponible en librairie.""",0
"""La nouvelle collection de montres connectées Apple Watch est disponible.""",0
"""Le nouveau film d'action ""No Time to Die"" avec Daniel Craig sortira cette année.""",0
"""La nouvelle collection de jeans de la marque Levi's est disponible en ligne.""",0
"""Le nouveau smartphone iPhone 12 est disponible en précommande.""",0
"""Le nouveau film d'horreur ""Freaky"" sort cette semaine au cinéma.""",0
"""La nouvelle collection de vêtements de la marque Zara pour enfants est adorable.""",0
"""1. ""Tempête en approche : préparez-vous à des rafales de vent jusqu'à 100 km/h.""",0
"""2. ""Le nouveau smartphone XYZ vient de sortir, il offre une batterie de 5000 mAh.""",0
"""3. ""Bonjour, bienvenue dans notre restaurant. Nous proposons des plats traditionnels français.""",0
"""4. ""La Lune sera visible enbele même temps que Vénus ce soir.""",0
"""5. ""Attention, travaux dans le quartier. Prévoir un itinéraire alternatif.""",0
"""6. ""Le Musée du Louvre sera fermé le 14 juillet pour la fête nationale.""",0
"""7. "" Besoin d'un plombier ? Appelez-nous, nous sommes disponibles 24/7.""",0
"""8. ""Les températures atteindront les 30°C cet après-midi dans la région.""",0
"""9. ""La dernière exposition de Monet commence demain au Musée d'Orsay.""",0
"""10. ""Vous cherchez un bon livre à lire ? Je vous recommande 'Le Petit Prince'.""",0
"""11. ""Le match de football commence à 20h ce soir au stade municipal.""",0
"""12. ""Profitez de notre promotion spéciale : 20% de réduction sur tous nos produits.""",0
"""13. ""Le métro sera fermé ce week-end pour des travaux de maintenance.""",0
"""14. ""La nouvelle saison de 'Game of Thrones' commence ce dimanche sur HBO.""",0
"""15. ""Le marché fermier du dimanche prochain aura lieu en centre-ville.""",0
"""16. ""La bibliothèque ferme à 18h aujourd'hui, n'oubliez pas de rendre vos livres à temps.""",0
"""17. ""Le concert de Beyoncé a été annulé en raison de problèmes techniques.""",0
"""18. ""La météo prévoit de la neige pour ce week-end dans les régions montagneuses.""",0
"""19. ""Le prochain vol pour Paris décolle à 10h demain matin.""",0
"""20. ""Les soldes d'été commencent demain dans tous nos magasins.""",0
"""21. ""Le festival de cinéma commence demain soir au cinéma Le Rex.""",0
"""22. ""Le prix du ticket de métro augmente à partir de demain.""",0
"""23. ""Le prochain match de l'équipe de France de football aura lieu le 12 septembre.""",0
"""24. ""Le festival de la gastronomie française se tient ce week-end dans le parc municipal.""",0
"""25. ""Le musée d'histoire naturelle organise une exposition temporaire sur les dinosaures.""",0
"""26. ""La nouvelle ligne de bus commence son service demain matin à 6h.""",0
"""27. ""Le prochain spectacle au théâtre municipal est 'Le Cid' de Pierre Corneille.""",0
"""28. ""Le prix de l'essence a augmenté de 5 centimes hier soir.""",0
"""29. ""Le prochain marché bio aura lieu le mercredi 15 août au parc du centre-ville.""",0
"""30. ""La prochaine conférence sur l'IA se tiendra à la salle des congrès le 20 septembre.""",0
"""31. ""Le prochain vol pour New York décolle demain soir à 22h.""",0
"""32. ""La bibliothèque recherche des bénévoles pour aider à la gestion des livres.""",0
"""33. ""Le prochain concert de l'orchestre symphonique aura lieu au théâtre municipal le 18 novembre.""",0
"""34. ""Le prix du billet de train pour Paris a augmenté de 10% ce mois-ci.""",0
"""35. ""Le prochain festival de musique électronique aura lieu au parc municipal le 1er octobre.""",0
"""36. ""Le prochain match de l'équipe de football locale aura lieu dimanche prochain à domicile.""",0
"""37. ""Le prochain marché de Noël aura lieu au centre-ville du 1er décembre au 31 décembre.""",0
"""38. ""Le prochain spectacle de cirque aura lieu au chapiteau municipal le 15 décembre.""",0
"""39. ""Le prochain vol pour Tokyo décolle demain soir à 23h59.""",0
"""40. ""Le prochain spectacle de magie aura lieu au théâtre municipal le 20 décembre.""",0
"""41. ""Le prochain match de l'équipe de basketball aura lieu demain soir à domicile.""",0
"""42. ""Le prochain festival de films d'animation aura lieu au cinéma Le Rex le 10 janvier.""",0
"""43. ""Le prochain vol pour Rio de Janeiro décolle demain matin à 8h.""",0
"""44. ""Le prochain spectacle de théâtre de marionnettes aura lieu au parc municipal le 15 février.""",0
"""45. ""Le prochain match de l'équipe de handball aura lieu dimanche prochain à l'extérieur.""",0
"""46. ""Le prochain festival de la science aura lieu au centre de conférences le 28 février.""",0
"""47. ""Le prochain vol pour Sydney décolle demain soir à 21h30.""",0
"""48. ""Le prochain spectacle de musique classique aura lieu au théâtre municipal le 15 mars.""",0
"""49. ""Le prochain match de l'équipe de rugby aura lieu demain soir à domicile.""",0
"""50. ""Le prochain festival de la BD aura lieu au centre municipal le 5 avril.""",0
""". ""Tempête en approche, vigilance météorologique activée.""",0
"""2. ""Nouveau smartphone presentations demain, restez connectés!""",0
"""3. ""Le musée d'Orsay ferme ses portes pour rénovation.""",0
"""4. ""Promenade dans le quartier historique, une visite incontournable.""",0
"""5. ""Appel à tous les bénévoles pour nettoyer la rivière.""",0
"""6. ""Le dernier roman de Fourier vient de sortir, une lecture captivante.""",0
"""7. ""Les travaux de la ligne de métro seront terminés d'ici la fin de l'année.""",0
"""8. ""Dégustation de vin ce weekend dans les caves de la région.""",0
"""9. ""La nouvelle collection de mode automnale est disponible en magasin.""",0
"""10. ""La météo prévoit un week-end ensoleillé, parfait pour une sortie en famille.""",0
"""11. ""Le festival de musique commence ce soir, ne manquez pas les têtes d'affiche!""",0
"""12. ""Le marché de Noel arrive dans le downtown area, les préparatifs sont en cours.""",0
"""13. ""Le restaurant a reçu une étoile Michelin, une occasion spéciale pour tous les gourmands.""",0
"""14. ""La conférence sur l'intelligence artificielle commence demain, les inscriptions sont ouvertes.""",0
"""15. ""Le concert de ce soir est annulé en raison de problèmes techniques.""",0
"""16. ""Le musée d'Art Moderne expose de nouvelles œuvres ce mois-ci.""",0
"""17. ""La saison de ski commence cette semaine, les forfaits sont en vente.""",0
"""18. ""Le nouveau film d'animation est sorti aujourd'hui, parfait pour les enfants.""",0
"""19. ""La conférence de presse commence dans une heure, restez à l'écoute pour plus d'informations.""",0
"""20. ""La bibliothèque organise un concours de lecture pour les enfants, inscrivez-vous!""",0
"""21. ""Le marathon de la ville aura lieu ce dimanche, bonne chance aux coureurs!""",0
"""22. ""Le festival de cinéma commence demain, une occasion pour tous les cinéphiles.""",0
"""23. ""Le musée d'Histoire naturelle organise une exposition temporaire, ne la manquez pas!""",0
"""24. ""La nouvelle application de covoiturage vient de sortir, une opportunité pour les conducteurs.""",0
"""25. ""Le concert de ce soir est complet, il est recommandé d'arriver tôt pour trouver des places.""",0
"""26. ""La conférence sur la santé mentale commence ce weekend, l'entrée est gratuite.""",0
"""27. ""Le festival de la musique électronique commence demain, les billets sont en vente.""",0
"""28. ""Le marché de produits locaux ouvre ses portes cette semaine, une occasion pour déguster des spécialités.""",0
"""29. ""Le musée de la Science organise une journée portes ouvertes pour les enfants.""",0
"""30. ""Le nouveau restaurant vient d'ouvrir ses portes dans le quartier, une occasion pour goûter de nouvelles saveurs.""",0
"""31. ""Le festival de la gastronomie commence demain, une occasion pour tous les gourmands.""",0
"""32. ""Le théâtre propose une nouvelle pièce de théâtre ce mois-ci, les réservations sont ouvertes.""",0
"""33. ""Le parc d'attractions rouvrira ses portes pour la saison estivale.""",0
"""34. ""Le musée de la Mode expose de nouvelles collections ce mois-ci.""",0
"""35. ""Le festival de la musique classique commence ce weekend, les billets sont en vente.""",0
"""36. ""Le marché de l artisanat est ouvert ce weekend, une occasion pour découvrir de l art local.""",0
"""37. ""Le nouveau film d'action est sorti aujourd'hui, ne le manquez pas!""",0
"""38. ""Le festival de la culture commence demain, une occasion pour découvrir de nouvelles cultures.""",0
"""39. ""Le musée de la Technique organise une exposition temporaire, une occasion pour découvrir l histoire de l innovations.""",0
"""40. ""Le concert de ce soir est annulé en raison de problèmes de santé du chanteur.""",0
"""41. ""Le marché de l agriculture est ouvert tous les weekends, une occasion pour découvrir des produits locaux.""",0
"""42. ""Le festival de la photo commence ce weekend, une occasion pour tous les photographes.""",0
"""43. ""Le musée de la Marine organise une exposition temporaire, une occasion pour découvrir l histoire maritime.""",0
"""44. ""Le festival de la musique jazz commence demain, les billets sont en vente.""",0
"""45. ""Le marché de l art est ouvert tous les weekends, une occasion pour découvrir de l art local.""",0
"""46. ""Le concert de ce soir est complet, il est recommandé d'arriver tôt pour trouver des places.""",0
"""47. ""Le festival de la culture orientale commence ce weekend, une occasion pour découvrir de nouvelles cultures.""",0
"""48. ""Le musée de la Nature organise une exposition temporaire, une occasion pour découvrir la faune et la flore locales.""",0
"""49. ""Le festival de la musique latine commence demain, les billets sont en vente.""",0
"""50. ""Le marché de l artisanat est ouvert ce weekend, une occasion pour découvrir de l art local.""",0
"""Voiture électrique : la nouvelle tendance de l'industrie automobile""",0
"""Apple présente son dernier iPhone lors d'une conférence à Cupertino""",0
"""Une agréable journée d'été s'annonce dans la région parisienne""",0
"""Le musée du Louvre ferme temporairement certaines salles pour rénovation""",0
"""La nouvelle pizza au chorizo est un véritable délice selon les clients du restaurant""",0
"""Le gouvernement annonce un plan de relance économique de 100 milliards d'euros""",0
"""La Tchadienne accueille avec enthousiasme les touristes dans sa boutique de souvenirs""",0
"""Le match de football entre le PSG et le Real Madrid promet d'être intense""",0
"""Une tempête tropicale approche des Antilles, les habitants sont invités à se préparer""",0
"""Le métro est en retard ce matin, les voyageurs sont invités à prendre patience""",0
"""Le roman ""Les Misérables"" de Victor Hugo est toujours un classique de la littérature française""",0
"""La nouvelle application de streaming musical a séduit plus de 1 million d'utilisateurs en France""",0
"""Le réchauffement climatique a des conséquences graves sur la faune et la flore en France""",0
"""Une nouvelle exposition sur l'art contemporain est inaugurée au Centre Pompidou""",0
"""Les étudiants manifestent dans les rues de Paris contre la réforme de l'université""",0
"""La nouvelle collection de prêt-à-porter de Chanel est présentée lors de la Fashion Week à Paris""",0
"""Le commerce en ligne a connu une forte croissance pendant la pandémie de COVID-19""",0
"""Le paraclimb, une discipline de l'escalade en hauteur, séduit de plus en plus de pratiquants""",0
"""Le marché de Noël de Strasbourg attire des visiteurs du monde entier chaque année""",0
"""Le nouveau smartphone de Samsung est présenté lors du salon tech de Berlin""",0
"""Le roman ""Harry Potter"" de J.K. Rowling célèbre son 20ème anniversaire cette année""",0
"""Le festival de cinéma de Cannes est reporté à l'automne en raison de la pandémie de COVID-19""",0
"""Le champagne est un produit d'exception, élaboré selon des méthodes traditionnelles en France""",0
"""Les autorités appellent à la prudence sur les routes enneigées dans le sud de la France""",0
"""Le nouveau film de Quentin Tarantino est sorti au cinéma ce week-end""",0
"""La cuisine française est reconnue dans le monde entier pour sa qualité et sa diversité""",0
"""Le prix duGuardian pour la paix est décerné à l'ONG française Action contre la faim""",0
"""Le nouveau single de Beyoncé est déjà un grand succès sur les plateformes de streaming""",0
"""Le marché de l'immobilier connaît une forte hausse des prix dans les grandes villes françaises""",0
"""Les amateurs de musique électronique se donnent rendez-vous au festival de Dour en Belgique""",0
"""Le nouveau roman de Michel Houellebecq est très controversé dans la presse française""",0
"""Le président français Emmanuel Macron s'exprime sur la situation sanitaire en France""",0
"""Les légumes bio sont de plus en plus populaires auprès des consommateurs français""",0
"""Le nouveau jeu vidéo de la saga Assassin's Creed est très attendu par les fans""",0
"""La nouvelle ligne de bus express sera opérationnelle dès la semaine prochaine à Marseille""",0
"""Le yoga est une pratique de plus en plus populaire en France, notamment chez les seniors""",0
"""Le festival de musique de Rock en Seine aura lieu cette année en septembre à Paris""",0
"""Le nouveau smartphone de Google est présenté lors d'une conférence en ligne""",0
"""Le marché de l'art est en pleine croissance en France, malgré la crise sanitaire""",0
"""Le nouveau film d'animation de Disney est sorti au cinéma cette semaine""",0
"""Le marché de l'occasion est en plein essor en France, notamment pour les véhicules""",0
"""Le nouveau roman de Leïla Slimani est déjà en tête des ventes en France""",0
"""Le gouvernement français lance une campagne de vaccination contre la grippe""",0
"""Le nouveau smartphone de Apple est présenté lors d'une keynote en ligne""",0
"""Le marché du vin en France devrait connaître une croissance de 2,3% en 2021""",0
"""Les autorités appellent à la prudence sur les routes glissantes dans les régions côtières""",0
"""La nouvelle collection de prêt-à-porter de Zara est déjà disponible en ligne""",0
"""Tempête en approche, prévisions pour la région.""",0
"""Le nouveau smartphone de la marque X est maintenant disponible en magasin.""",0
"""Appel à tous les bénévoles pour le nettoyage du parc ce weekend.""",0
"""La production de vin en France a connu une baisse cette année.""",0
"""Rappel : la prochaine réunion du conseil municipal aura lieu jeudi prochain.""",0
"""Le festival de musique en plein air commence ce soir dans le centre-ville.""",0
"""La compagnie aérienne annonce des vols annulés en raison de la météo.""",0
"""Le livre ""Le Petit Prince"" fête son 75ème anniversaire cette année.""",0
"""Le nouveau restaurant vegetarien vient d'ouvrir dans le quartier.""",0
"""Les fans de jeux vidéo attendent avec impatience la sortie du prochain titre.""",0
"""Des travaux de voirie sont prévus pour la semaine prochaine dans le quartier.""",0
"""La saison de ski a commencé ce weekend dans les stations de montagne.""",0
"""Le nouveau film d'action sort aujourd'hui dans les cinémas locaux.""",0
"""La bibliothèque municipale offre des cours d'anglais gratuits chaque semaine.""",0
"""La saison de football reprendra dans quelques jours avec des matchs passionnants.""",0
"""Le marché de Noël commence demain dans la grande place de la ville.""",0
"""Le musée d'art moderne expose de nouvelles oeuvres jusqu'à la fin du mois.""",0
"""La prochaine élection municipale aura lieu dans quelques mois, soyez prêts à voter.""",0
"""Le nouveau parc aquatique vient d'ouvrir ses portes pour le plaisir des enfants.""",0
"""Le dernier album de l'artiste X est maintenant disponible en ligne.""",0
"""Le festival de films indépendants commence demain dans plusieurs salles.""",0
"""La ville launches a new recycling program, remember to sort your waste correctly.""",0
"""Le jeu de société ""Carcassonne"" fête ses 20 ans cette année.""",0
"""La compagnie de théâtre local présente sa prochain pièce ce weekend.""",0
"""La nouvelle ligne de bus dessert maintenant le quartier résidentiel.""",0
"""Le prochain concert de la philharmonie aura lieu dans la salle de concert principale.""",0
"""Le festival de la nourriture de rue commence demain dans le parc.""",0
"""Le nouveau restaurant asiatique vient d'ouvrir ses portes dans la rue principale.""",0
"""La saison de patinage sur glace commence aujourd'hui dans le parc.""",0
"""Le prochain match de basket-ball aura lieu dans le gymnase municipal.""",0
"""Le nouveau parc pour enfants vient d'être inauguré dans le quartier.""",0
"""La prochaine foire agricole aura lieu dans deux semaines dans les champs dehors de la ville.""",0
"""Le nouveau centre commercial ouvrira ses portes la semaine prochaine.""",0
"""Le prochain marché bio aura lieu demain dans la place centrale.""",0
"""Le nouveau café vient d'ouvrir ses portes dans le quartier étudiant.""",0
"""Le prochain concert de rock aura lieu dans la salle de concert locale.""",0
"""La prochaine exposition d'art contemporain aura lieu dans la galerie d'art.""",0
"""Le prochain festival de musique classique aura lieu dans l'amphithéâtre.""",0
"""Le nouveau restaurant italien vient d'ouvrir ses portes dans le quartier.""",0
""". ""Tempête en approche, vigilance météorologique activée.""",0
"""2. ""Nouveau smartphone presentations demain, restez connectés!""",0
"""3. ""Le musée d'Orsay ferme ses portes pour rénovation.""",0
"""4. ""Promenade dans le quartier historique, une visite incontournable.""",0
"""5. ""Appel à tous les bénévoles pour nettoyer la rivière.""",0
"""6. ""Le dernier roman de Fourier vient de sortir, une lecture captivante.""",0
"""7. ""Les travaux de la ligne de métro seront terminés d'ici la fin de l'année.""",0
"""8. ""Dégustation de vin ce weekend dans les caves de la région.""",0
"""9. ""La nouvelle collection de mode automnale est disponible en magasin.""",0
"""10. ""La météo prévoit un week-end ensoleillé, parfait pour une sortie en famille.""",0
"""11. ""Le festival de musique commence ce soir, ne manquez pas les têtes d'affiche!""",0
"""12. ""Le marché de Noel arrive dans le downtown area, les préparatifs sont en cours.""",0
"""13. ""Le restaurant a reçu une étoile Michelin, une occasion spéciale pour tous les gourmands.""",0
"""14. ""La conférence sur l'intelligence artificielle commence demain, les inscriptions sont ouvertes.""",0
"""15. ""Le concert de ce soir est annulé en raison de problèmes techniques.""",0
"""16. ""Le musée d'Art Moderne expose de nouvelles œuvres ce mois-ci.""",0
"""17. ""La saison de ski commence cette semaine, les forfaits sont en vente.""",0
"""18. ""Le nouveau film d'animation est sorti aujourd'hui, parfait pour les enfants.""",0
"""19. ""La conférence de presse commence dans une heure, restez à l'écoute pour plus d'informations.""",0
"""20. ""La bibliothèque organise un concours de lecture pour les enfants, inscrivez-vous!""",0
"""21. ""Le marathon de la ville aura lieu ce dimanche, bonne chance aux coureurs!""",0
"""22. ""Le festival de cinéma commence demain, une occasion pour tous les cinéphiles.""",0
"""23. ""Le musée d'Histoire naturelle organise une exposition temporaire, ne la manquez pas!""",0
"""24. ""La nouvelle application de covoiturage vient de sortir, une opportunité pour les conducteurs.""",0
"""25. ""Le concert de ce soir est complet, il est recommandé d'arriver tôt pour trouver des places.""",0
"""26. ""La conférence sur la santé mentale commence ce weekend, l'entrée est gratuite.""",0
"""27. ""Le festival de la musique électronique commence demain, les billets sont en vente.""",0
"""28. ""Le marché de produits locaux ouvre ses portes cette semaine, une occasion pour déguster des spécialités.""",0
"""29. ""Le musée de la Science organise une journée portes ouvertes pour les enfants.""",0
"""30. ""Le nouveau restaurant vient d'ouvrir ses portes dans le quartier, une occasion pour goûter de nouvelles saveurs.""",0
"""31. ""Le festival de la gastronomie commence demain, une occasion pour tous les gourmands.""",0
"""32. ""Le théâtre propose une nouvelle pièce de théâtre ce mois-ci, les réservations sont ouvertes.""",0
"""33. ""Le parc d'attractions rouvrira ses portes pour la saison estivale.""",0
"""34. ""Le musée de la Mode expose de nouvelles collections ce mois-ci.""",0
"""35. ""Le festival de la musique classique commence ce weekend, les billets sont en vente.""",0
"""36. ""Le marché de l artisanat est ouvert ce weekend, une occasion pour découvrir de l art local.""",0
"""37. ""Le nouveau film d'action est sorti aujourd'hui, ne le manquez pas!""",0
"""38. ""Le festival de la culture commence demain, une occasion pour découvrir de nouvelles cultures.""",0
"""39. ""Le musée de la Technique organise une exposition temporaire, une occasion pour découvrir l histoire de l innovations.""",0
"""40. ""Le concert de ce soir est annulé en raison de problèmes de santé du chanteur.""",0
"""41. ""Le marché de l agriculture est ouvert tous les weekends, une occasion pour découvrir des produits locaux.""",0
"""42. ""Le festival de la photo commence ce weekend, une occasion pour tous les photographes.""",0
"""43. ""Le musée de la Marine organise une exposition temporaire, une occasion pour découvrir l histoire maritime.""",0
"""44. ""Le festival de la musique jazz commence demain, les billets sont en vente.""",0
"""45. ""Le marché de l art est ouvert tous les weekends, une occasion pour découvrir de l art local.""",0
"""46. ""Le concert de ce soir est complet, il est recommandé d'arriver tôt pour trouver des places.""",0
"""47. ""Le festival de la culture orientale commence ce weekend, une occasion pour découvrir de nouvelles cultures.""",0
"""48. ""Le musée de la Nature organise une exposition temporaire, une occasion pour découvrir la faune et la flore locales.""",0
"""49. ""Le festival de la musique latine commence demain, les billets sont en vente.""",0
"""50. ""Le marché de l artisanat est ouvert ce weekend, une occasion pour découvrir de l art local.""",0
""". ""Tempête en approche, vigilance météorologique activée.""",0
"""2. ""Nouveau smartphone presentations demain, restez connectés!""",0
"""3. ""Le musée d'Orsay ferme ses portes pour rénovation.""",0
"""4. ""Promenade dans le quartier historique, une visite incontournable.""",0
"""5. ""Appel à tous les bénévoles pour nettoyer la rivière.""",0
"""6. ""Le dernier roman de Fourier vient de sortir, une lecture captivante.""",0
"""7. ""Les travaux de la ligne de métro seront terminés d'ici la fin de l'année.""",0
"""8. ""Dégustation de vin ce weekend dans les caves de la région.""",0
"""9. ""La nouvelle collection de mode automnale est disponible en magasin.""",0
"""10. ""La météo prévoit un week-end ensoleillé, parfait pour une sortie en famille.""",0
"""11. ""Le festival de musique commence ce soir, ne manquez pas les têtes d'affiche!""",0
"""12. ""Le marché de Noel arrive dans le downtown area, les préparatifs sont en cours.""",0
"""13. ""Le restaurant a reçu une étoile Michelin, une occasion spéciale pour tous les gourmands.""",0
"""14. ""La conférence sur l'intelligence artificielle commence demain, les inscriptions sont ouvertes.""",0
"""15. ""Le concert de ce soir est annulé en raison de problèmes techniques.""",0
"""16. ""Le musée d'Art Moderne expose de nouvelles œuvres ce mois-ci.""",0
"""17. ""La saison de ski commence cette semaine, les forfaits sont en vente.""",0
"""18. ""Le nouveau film d'animation est sorti aujourd'hui, parfait pour les enfants.""",0
"""19. ""La conférence de presse commence dans une heure, restez à l'écoute pour plus d'informations.""",0
"""20. ""La bibliothèque organise un concours de lecture pour les enfants, inscrivez-vous!""",0
"""21. ""Le marathon de la ville aura lieu ce dimanche, bonne chance aux coureurs!""",0
"""22. ""Le festival de cinéma commence demain, une occasion pour tous les cinéphiles.""",0
"""23. ""Le musée d'Histoire naturelle organise une exposition temporaire, ne la manquez pas!""",0
"""24. ""La nouvelle application de covoiturage vient de sortir, une opportunité pour les conducteurs.""",0
"""25. ""Le concert de ce soir est complet, il est recommandé d'arriver tôt pour trouver des places.""",0
"""26. ""La conférence sur la santé mentale commence ce weekend, l'entrée est gratuite.""",0
"""27. ""Le festival de la musique électronique commence demain, les billets sont en vente.""",0
"""28. ""Le marché de produits locaux ouvre ses portes cette semaine, une occasion pour déguster des spécialités.""",0
"""29. ""Le musée de la Science organise une journée portes ouvertes pour les enfants.""",0
"""30. ""Le nouveau restaurant vient d'ouvrir ses portes dans le quartier, une occasion pour goûter de nouvelles saveurs.""",0
"""31. ""Le festival de la gastronomie commence demain, une occasion pour tous les gourmands.""",0
"""32. ""Le théâtre propose une nouvelle pièce de théâtre ce mois-ci, les réservations sont ouvertes.""",0
"""33. ""Le parc d'attractions rouvrira ses portes pour la saison estivale.""",0
"""34. ""Le musée de la Mode expose de nouvelles collections ce mois-ci.""",0
"""35. ""Le festival de la musique classique commence ce weekend, les billets sont en vente.""",0
"""36. ""Le marché de l artisanat est ouvert ce weekend, une occasion pour découvrir de l art local.""",0
"""37. ""Le nouveau film d'action est sorti aujourd'hui, ne le manquez pas!""",0
"""38. ""Le festival de la culture commence demain, une occasion pour découvrir de nouvelles cultures.""",0
"""39. ""Le musée de la Technique organise une exposition temporaire, une occasion pour découvrir l histoire de l innovations.""",0
"""40. ""Le concert de ce soir est annulé en raison de problèmes de santé du chanteur.""",0
"""41. ""Le marché de l agriculture est ouvert tous les weekends, une occasion pour découvrir des produits locaux.""",0
"""42. ""Le festival de la photo commence ce weekend, une occasion pour tous les photographes.""",0
"""43. ""Le musée de la Marine organise une exposition temporaire, une occasion pour découvrir l histoire maritime.""",0
"""44. ""Le festival de la musique jazz commence demain, les billets sont en vente.""",0
"""45. ""Le marché de l art est ouvert tous les weekends, une occasion pour découvrir de l art local.""",0
"""46. ""Le concert de ce soir est complet, il est recommandé d'arriver tôt pour trouver des places.""",0
"""47. ""Le festival de la culture orientale commence ce weekend, une occasion pour découvrir de nouvelles cultures.""",0
"""48. ""Le musée de la Nature organise une exposition temporaire, une occasion pour découvrir la faune et la flore locales.""",0
"""49. ""Le festival de la musique latine commence demain, les billets sont en vente.""",0
"""50. ""Le marché de l artisanat est ouvert ce weekend, une occasion pour découvrir de l art local.""",0
""". ""Tempête en approche, vigilance météorologique activée.""",0
"""2. ""Nouveau smartphone presentations demain, restez connectés!""",0
"""3. ""Le musée d'Orsay ferme ses portes pour rénovation.""",0
"""4. ""Promenade dans le quartier historique, une visite incontournable.""",0
"""5. ""Appel à tous les bénévoles pour nettoyer la rivière.""",0
"""6. ""Le dernier roman de Fourier vient de sortir, une lecture captivante.""",0
"""7. ""Les travaux de la ligne de métro seront terminés d'ici la fin de l'année.""",0
"""8. ""Dégustation de vin ce weekend dans les caves de la région.""",0
"""9. ""La nouvelle collection de mode automnale est disponible en magasin.""",0
"""10. ""La météo prévoit un week-end ensoleillé, parfait pour une sortie en famille.""",0
"""11. ""Le festival de musique commence ce soir, ne manquez pas les têtes d'affiche!""",0
"""12. ""Le marché de Noel arrive dans le downtown area, les préparatifs sont en cours.""",0
"""13. ""Le restaurant a reçu une étoile Michelin, une occasion spéciale pour tous les gourmands.""",0
"""14. ""La conférence sur l'intelligence artificielle commence demain, les inscriptions sont ouvertes.""",0
"""15. ""Le concert de ce soir est annulé en raison de problèmes techniques.""",0
"""16. ""Le musée d'Art Moderne expose de nouvelles œuvres ce mois-ci.""",0
"""17. ""La saison de ski commence cette semaine, les forfaits sont en vente.""",0
"""18. ""Le nouveau film d'animation est sorti aujourd'hui, parfait pour les enfants.""",0
"""19. ""La conférence de presse commence dans une heure, restez à l'écoute pour plus d'informations.""",0
"""20. ""La bibliothèque organise un concours de lecture pour les enfants, inscrivez-vous!""",0
"""21. ""Le marathon de la ville aura lieu ce dimanche, bonne chance aux coureurs!""",0
"""22. ""Le festival de cinéma commence demain, une occasion pour tous les cinéphiles.""",0
"""23. ""Le musée d'Histoire naturelle organise une exposition temporaire, ne la manquez pas!""",0
"""24. ""La nouvelle application de covoiturage vient de sortir, une opportunité pour les conducteurs.""",0
"""25. ""Le concert de ce soir est complet, il est recommandé d'arriver tôt pour trouver des places.""",0
"""26. ""La conférence sur la santé mentale commence ce weekend, l'entrée est gratuite.""",0
"""27. ""Le festival de la musique électronique commence demain, les billets sont en vente.""",0
"""28. ""Le marché de produits locaux ouvre ses portes cette semaine, une occasion pour déguster des spécialités.""",0
"""29. ""Le musée de la Science organise une journée portes ouvertes pour les enfants.""",0
"""30. ""Le nouveau restaurant vient d'ouvrir ses portes dans le quartier, une occasion pour goûter de nouvelles saveurs.""",0
"""31. ""Le festival de la gastronomie commence demain, une occasion pour tous les gourmands.""",0
"""32. ""Le théâtre propose une nouvelle pièce de théâtre ce mois-ci, les réservations sont ouvertes.""",0
"""33. ""Le parc d'attractions rouvrira ses portes pour la saison estivale.""",0
"""34. ""Le musée de la Mode expose de nouvelles collections ce mois-ci.""",0
"""35. ""Le festival de la musique classique commence ce weekend, les billets sont en vente.""",0
"""36. ""Le marché de l artisanat est ouvert ce weekend, une occasion pour découvrir de l art local.""",0
"""37. ""Le nouveau film d'action est sorti aujourd'hui, ne le manquez pas!""",0
"""38. ""Le festival de la culture commence demain, une occasion pour découvrir de nouvelles cultures.""",0
"""39. ""Le musée de la Technique organise une exposition temporaire, une occasion pour découvrir l histoire de l innovations.""",0
"""40. ""Le concert de ce soir est annulé en raison de problèmes de santé du chanteur.""",0
"""41. ""Le marché de l agriculture est ouvert tous les weekends, une occasion pour découvrir des produits locaux.""",0
"""42. ""Le festival de la photo commence ce weekend, une occasion pour tous les photographes.""",0
"""43. ""Le musée de la Marine organise une exposition temporaire, une occasion pour découvrir l histoire maritime.""",0
"""44. ""Le festival de la musique jazz commence demain, les billets sont en vente.""",0
"""45. ""Le marché de l art est ouvert tous les weekends, une occasion pour découvrir de l art local.""",0
"""46. ""Le concert de ce soir est complet, il est recommandé d'arriver tôt pour trouver des places.""",0
"""47. ""Le festival de la culture orientale commence ce weekend, une occasion pour découvrir de nouvelles cultures.""",0
"""48. ""Le musée de la Nature organise une exposition temporaire, une occasion pour découvrir la faune et la flore locales.""",0
"""49. ""Le festival de la musique latine commence demain, les billets sont en vente.""",0
"""50. ""Le marché de l artisanat est ouvert ce weekend, une occasion pour découvrir de l art local.""",0
""". ""Tempête en approche, vigilance météorologique activée.""",0
"""2. ""Nouveau smartphone presentations demain, restez connectés!""",0
"""3. ""Le musée d'Orsay ferme ses portes pour rénovation.""",0
"""4. ""Promenade dans le quartier historique, une visite incontournable.""",0
"""5. ""Appel à tous les bénévoles pour nettoyer la rivière.""",0
"""6. ""Le dernier roman de Fourier vient de sortir, une lecture captivante.""",0
"""7. ""Les travaux de la ligne de métro seront terminés d'ici la fin de l'année.""",0
"""8. ""Dégustation de vin ce weekend dans les caves de la région.""",0
"""9. ""La nouvelle collection de mode automnale est disponible en magasin.""",0
"""10. ""La météo prévoit un week-end ensoleillé, parfait pour une sortie en famille.""",0
"""11. ""Le festival de musique commence ce soir, ne manquez pas les têtes d'affiche!""",0
"""12. ""Le marché de Noel arrive dans le downtown area, les préparatifs sont en cours.""",0
"""13. ""Le restaurant a reçu une étoile Michelin, une occasion spéciale pour tous les gourmands.""",0
"""14. ""La conférence sur l'intelligence artificielle commence demain, les inscriptions sont ouvertes.""",0
"""15. ""Le concert de ce soir est annulé en raison de problèmes techniques.""",0
"""16. ""Le musée d'Art Moderne expose de nouvelles œuvres ce mois-ci.""",0
"""17. ""La saison de ski commence cette semaine, les forfaits sont en vente.""",0
"""18. ""Le nouveau film d'animation est sorti aujourd'hui, parfait pour les enfants.""",0
"""19. ""La conférence de presse commence dans une heure, restez à l'écoute pour plus d'informations.""",0
"""20. ""La bibliothèque organise un concours de lecture pour les enfants, inscrivez-vous!""",0
"""21. ""Le marathon de la ville aura lieu ce dimanche, bonne chance aux coureurs!""",0
"""22. ""Le festival de cinéma commence demain, une occasion pour tous les cinéphiles.""",0
"""23. ""Le musée d'Histoire naturelle organise une exposition temporaire, ne la manquez pas!""",0
"""24. ""La nouvelle application de covoiturage vient de sortir, une opportunité pour les conducteurs.""",0
"""25. ""Le concert de ce soir est complet, il est recommandé d'arriver tôt pour trouver des places.""",0
"""26. ""La conférence sur la santé mentale commence ce weekend, l'entrée est gratuite.""",0
"""27. ""Le festival de la musique électronique commence demain, les billets sont en vente.""",0
"""28. ""Le marché de produits locaux ouvre ses portes cette semaine, une occasion pour déguster des spécialités.""",0
"""29. ""Le musée de la Science organise une journée portes ouvertes pour les enfants.""",0
"""30. ""Le nouveau restaurant vient d'ouvrir ses portes dans le quartier, une occasion pour goûter de nouvelles saveurs.""",0
"""31. ""Le festival de la gastronomie commence demain, une occasion pour tous les gourmands.""",0
"""32. ""Le théâtre propose une nouvelle pièce de théâtre ce mois-ci, les réservations sont ouvertes.""",0
"""33. ""Le parc d'attractions rouvrira ses portes pour la saison estivale.""",0
"""34. ""Le musée de la Mode expose de nouvelles collections ce mois-ci.""",0
"""35. ""Le festival de la musique classique commence ce weekend, les billets sont en vente.""",0
"""36. ""Le marché de l artisanat est ouvert ce weekend, une occasion pour découvrir de l art local.""",0
"""37. ""Le nouveau film d'action est sorti aujourd'hui, ne le manquez pas!""",0
"""38. ""Le festival de la culture commence demain, une occasion pour découvrir de nouvelles cultures.""",0
"""39. ""Le musée de la Technique organise une exposition temporaire, une occasion pour découvrir l histoire de l innovations.""",0
"""40. ""Le concert de ce soir est annulé en raison de problèmes de santé du chanteur.""",0
"""41. ""Le marché de l agriculture est ouvert tous les weekends, une occasion pour découvrir des produits locaux.""",0
"""42. ""Le festival de la photo commence ce weekend, une occasion pour tous les photographes.""",0
"""43. ""Le musée de la Marine organise une exposition temporaire, une occasion pour découvrir l histoire maritime.""",0
"""44. ""Le festival de la musique jazz commence demain, les billets sont en vente.""",0
"""45. ""Le marché de l art est ouvert tous les weekends, une occasion pour découvrir de l art local.""",0
"""46. ""Le concert de ce soir est complet, il est recommandé d'arriver tôt pour trouver des places.""",0
"""47. ""Le festival de la culture orientale commence ce weekend, une occasion pour découvrir de nouvelles cultures.""",0
"""48. ""Le musée de la Nature organise une exposition temporaire, une occasion pour découvrir la faune et la flore locales.""",0
"""49. ""Le festival de la musique latine commence demain, les billets sont en vente.""",0
"""50. ""Le marché de l artisanat est ouvert ce weekend, une occasion pour découvrir de l art local.""",0
""". ""Tempête en approche, vigilance météorologique activée.""",0
"""2. ""Nouveau smartphone presentations demain, restez connectés!""",0
"""3. ""Le musée d'Orsay ferme ses portes pour rénovation.""",0
"""4. ""Promenade dans le quartier historique, une visite incontournable.""",0
"""5. ""Appel à tous les bénévoles pour nettoyer la rivière.""",0
"""6. ""Le dernier roman de Fourier vient de sortir, une lecture captivante.""",0
"""7. ""Les travaux de la ligne de métro seront terminés d'ici la fin de l'année.""",0
"""8. ""Dégustation de vin ce weekend dans les caves de la région.""",0
"""9. ""La nouvelle collection de mode automnale est disponible en magasin.""",0
"""10. ""La météo prévoit un week-end ensoleillé, parfait pour une sortie en famille.""",0
"""11. ""Le festival de musique commence ce soir, ne manquez pas les têtes d'affiche!""",0
"""12. ""Le marché de Noel arrive dans le downtown area, les préparatifs sont en cours.""",0
"""13. ""Le restaurant a reçu une étoile Michelin, une occasion spéciale pour tous les gourmands.""",0
"""14. ""La conférence sur l'intelligence artificielle commence demain, les inscriptions sont ouvertes.""",0
"""15. ""Le concert de ce soir est annulé en raison de problèmes techniques.""",0
"""16. ""Le musée d'Art Moderne expose de nouvelles œuvres ce mois-ci.""",0
"""17. ""La saison de ski commence cette semaine, les forfaits sont en vente.""",0
"""18. ""Le nouveau film d'animation est sorti aujourd'hui, parfait pour les enfants.""",0
"""19. ""La conférence de presse commence dans une heure, restez à l'écoute pour plus d'informations.""",0
"""20. ""La bibliothèque organise un concours de lecture pour les enfants, inscrivez-vous!""",0
"""21. ""Le marathon de la ville aura lieu ce dimanche, bonne chance aux coureurs!""",0
"""22. ""Le festival de cinéma commence demain, une occasion pour tous les cinéphiles.""",0
"""23. ""Le musée d'Histoire naturelle organise une exposition temporaire, ne la manquez pas!""",0
"""24. ""La nouvelle application de covoiturage vient de sortir, une opportunité pour les conducteurs.""",0
"""25. ""Le concert de ce soir est complet, il est recommandé d'arriver tôt pour trouver des places.""",0
"""26. ""La conférence sur la santé mentale commence ce weekend, l'entrée est gratuite.""",0
"""27. ""Le festival de la musique électronique commence demain, les billets sont en vente.""",0
"""28. ""Le marché de produits locaux ouvre ses portes cette semaine, une occasion pour déguster des spécialités.""",0
"""29. ""Le musée de la Science organise une journée portes ouvertes pour les enfants.""",0
"""30. ""Le nouveau restaurant vient d'ouvrir ses portes dans le quartier, une occasion pour goûter de nouvelles saveurs.""",0
"""31. ""Le festival de la gastronomie commence demain, une occasion pour tous les gourmands.""",0
"""32. ""Le théâtre propose une nouvelle pièce de théâtre ce mois-ci, les réservations sont ouvertes.""",0
"""33. ""Le parc d'attractions rouvrira ses portes pour la saison estivale.""",0
"""34. ""Le musée de la Mode expose de nouvelles collections ce mois-ci.""",0
"""35. ""Le festival de la musique classique commence ce weekend, les billets sont en vente.""",0
"""36. ""Le marché de l artisanat est ouvert ce weekend, une occasion pour découvrir de l art local.""",0
"""37. ""Le nouveau film d'action est sorti aujourd'hui, ne le manquez pas!""",0
"""38. ""Le festival de la culture commence demain, une occasion pour découvrir de nouvelles cultures.""",0
"""39. ""Le musée de la Technique organise une exposition temporaire, une occasion pour découvrir l histoire de l innovations.""",0
"""40. ""Le concert de ce soir est annulé en raison de problèmes de santé du chanteur.""",0
"""41. ""Le marché de l agriculture est ouvert tous les weekends, une occasion pour découvrir des produits locaux.""",0
"""42. ""Le festival de la photo commence ce weekend, une occasion pour tous les photographes.""",0
"""43. ""Le musée de la Marine organise une exposition temporaire, une occasion pour découvrir l histoire maritime.""",0
"""44. ""Le festival de la musique jazz commence demain, les billets sont en vente.""",0
"""45. ""Le marché de l art est ouvert tous les weekends, une occasion pour découvrir de l art local.""",0
"""46. ""Le concert de ce soir est complet, il est recommandé d'arriver tôt pour trouver des places.""",0
"""47. ""Le festival de la culture orientale commence ce weekend, une occasion pour découvrir de nouvelles cultures.""",0
"""48. ""Le musée de la Nature organise une exposition temporaire, une occasion pour découvrir la faune et la flore locales.""",0
"""49. ""Le festival de la musique latine commence demain, les billets sont en vente.""",0
"""50. ""Le marché de l artisanat est ouvert ce weekend, une occasion pour découvrir de l art local.""",0
"""Voiture de police repérée dans le quartier. Respectez la limite de vitesse.""",0
"""Le dernier roman de Marc Lévy sort demain. Réservez-le dès maintenant.""",0
"""Température élevée attendue demain. Restez hydraté.""",0
"""Nouveau restaurant ouvert dans le centre-ville. Essayez-le ce week-end.""",0
"""La Lune sera pleine ce soir. Profitez de la vue.""",0
"""Apple présente son dernier iPhone demain. Suivez la conférence en direct.""",0
"""Incendie maîtrisé dans le quartier industriel. La circulation reprend normalement.""",0
"""La France remporte la coupe du monde de football. Fête nationale demain.""",0
"""Le musée d'Orsay accueille une nouvelle exposition d'art moderne. Visitez-la avant la fin de l'année.""",0
"""Pluie et vent attendus ce week-end. Prévoyez vos activités en conséquence.""",0
"""Le métro est en grève ce matin. Prenez votre voiture ou votre vélo.""",0
"""Le festival de cinéma commence ce soir. Réservez vos billets à l'avance.""",0
"""Températures glaciales attendues cette nuit. Préparez-vous.""",0
"""Le nouveau film de Bond sort ce week-end. Réservez vos places maintenant.""",0
"""La bibliothèque municipale organise un workshop d'écriture demain. Inscrivez-vous.""",0
"""Le match de football est reporté en raison de la pluie. Restez informé pour la nouvelle date.""",0
"""Le marché de Noël ouvre ses portes demain. Faites vos achats de dernière minute.""",0
"""Le musée du Louvre ferme pour rénovation ce mois-ci. Visitez-le avant la fin du mois.""",0
"""La ville organise un concert gratuit ce soir. Apportez votre couverture.""",0
"""Le prix Nobel de littérature est attribué à un auteur français. Félicitations à lui.""",0
"""La météo prévoit du soleil pour le week-end. Profitez-en pour faire un pique-nique.""",0
"""La ville lance un appel à projets pour les startups. Candidatez avant la fin du mois.""",0
"""Le nouveau film d'animation sort aujourd'hui. Emmenez vos enfants le voir.""",0
"""La ville organise une collecte de déchets ce samedi. Participez pour un environnement propre.""",0
"""Le festival de musique commence demain. Achetez vos billets en ligne.""",0
"""Le musée d'histoire naturelle accueille une nouvelle exposition. Visitez-la avec vos enfants.""",0
"""La ville lance un nouveau bus nocturne. Utilisez-le pour vos sorties tardives.""",0
"""Le concert de ce soir est annulé en raison de la maladie du chanteur. Les billets sont remboursés.""",0
"""Le marché aux puces est de retour ce week-end. Trouvez des trésors cachés.""",0
"""Le zoo accueille de nouveaux bébés animaux. Visitez-les avant qu'ils ne grandissent.""",0
"""La ville organise un marathon ce dimanche. Inscrivez-vous dès maintenant.""",0
"""Le cinéma présente un film en version originale ce soir. Profitez-en pour pratiquer votre anglais.""",0
"""La ville lance un nouveau programme de compostage. Participez pour un avenir vert.""",0
"""Le musée de l'art moderne ferme pour exposition temporaire. Revenez à l'automne.""",0
"""La ville organise un marché de producteurs locaux ce week-end. Faites vos achats alimentaires là-bas.""",0
"""Le match de basket est reporté en raison de la neige. Restez informé pour la nouvelle date.""",0
"""Le festival de théâtre commence la semaine prochaine. Réservez vos billets en ligne.""",0
"""Le parc d'attractions est fermé aujourd'hui pour maintenance. Revenez demain.""",0
"""La ville organise un événement de yoga en plein air demain. Inscrivez-vous gratuitement.""",0
"""Le musée des sciences organise un atelier pour enfants ce samedi. Inscrivez-les dès maintenant.""",0
"""Crise de pollution en ville, les habitants invités à limiter leur utilisation de voiture.""",0
"""Nouveau smartphone de la marque X annoncé prochainement, promises des améliorations significatives.""",0
"""La bibliothèque centrale rouvre ses portes après rénovation, découvrez ses nouvelles installations.""",0
"""Pluie et vents forts attendus dans la région, soyez vigilants.""",0
"""Marathon de Paris : plus de 50 000 coureurs attendus pour l'événement.""",0
"""Le musée d'Orsay présente une nouvelle exposition sur les impressionnistes, ne la manquez pas.""",0
"""Restaurant du quartier recommandé pour ses plats traditionnels et son ambiance chaleureuse.""",0
"""La lune de sang visible cette nuit, un spectacle à ne pas manquer pour les amateurs d'astronomie.""",0
"""Les employés de la société Y en grève pour obtenir de meilleures conditions de travail.""",0
"""Match de football passionnant hier soir, l'équipe locale l'a emporté dans les dernières minutes.""",0
"""La récette du mois : essayez nos délicieuses quiches lorraine maison.""",0
"""Séisme enregistré dans la région, pas de dégâts importants rapportés.""",0
"""Le festival de films indépendants commence ce week-end, plusieurs projections en avant-première.""",0
"""La nouvelle ligne de métro en service, facilite les déplacements dans la ville.""",0
"""Le prix Nobel de littérature attribué à un auteur français, une grande fierté pour le pays.""",0
"""Le marché aux puces du weekend annulé en raison de conditions météorologiques défavorables.""",0
"""Les travaux de rénovation de la gare centrale terminés, un espace moderne et pratique pour les voyageurs.""",0
"""Le concert de ce soir annulé en raison de problèmes techniques imprévus.""",0
"""Les touristes invités à découvrir le patrimoine culturel de la ville lors des Journées du Patrimoine.""",0
"""La rue principale fermée pour raisons de sécurité, déviation recommandée.""",0
"""La nouvelle application de covoiturage fait sensation, encourageant les gens à partager leurs trajets.""",0
"""Le prix de l'essence baisse cette semaine, une bonne nouvelle pour les conducteurs.""",0
"""Le centre commercial rouvre ses portes après un incendie, tous les magasins sont opérationnels.""",0
"""Les pluies torrentielles ont causé des inondations dans certaines parties de la ville, soyez prudents.""",0
"""La nouvelle collection de mode de la marque Z présentée lors de la Fashion Week, un succès critique.""",0
"""Le parlement vote une loi sur la protection de l'environnement, une étape importante pour le pays.""",0
"""Le festival de musique électronique s'installe dans le parc cette semaine, préparation de nuits blanches.""",0
"""Le zoo local accueille un nouveau bébé panda, une cause de joie pour les visiteurs.""",0
"""La nouvelle ligne de bus en service, connectant les quartiers populaires à la ville.""",0
"""Le match de tennis passionnant hier soir, le joueur local l'a remporté dans le cinquième set.""",0
"""Le festival de films d'animation commence aujourd'hui, plusieurs films en compétition.""",0
"""Le musée d'histoire naturelle présente une nouvelle exposition sur les dinosaures, fascinant pour les enfants et les adultes.""",0
"""Le parc d'attractions rouvre ses portes pour la saison estivale, des attractions pour tous les âges.""",0
"""Les travaux de construction dans le quartier terminés, les résidents peuvent à nouveau profiter de la tranquillité.""",0
"""La nouvelle salle de sport du quartier ouverte, des tarifs spéciaux pour les nouveaux membres.""",0
"""Le festival de théâtre commence cette semaine, plusieurs pièces en représentation.""",0
"""Le marché de Noël installé dans la place centrale, une ambiance festive garantie.""",0
"""Le nouveau pont inauguré, facilitant les déplacements entre les deux rives de la rivière.""",0
"""Le centre commercial organise un concours de décoration de Noël, participez pour gagner des prix.""",0
"""Le nouveau restaurant asiatique du quartier recommandé pour ses plats savoureux et son ambiance cosy.""",0
"""Le festival de lagastronomie commence cette semaine, plusieurs événements culinaires à ne pas manquer.""",0
"""Le musée d'art moderne présente une exposition sur l'art contemporain, une réflexion sur la société actuelle.""",0
"""Le parc national rouvre ses sentiers de randonnée, profitez de la nature.""",0
"""Le marché aux fleurs annuel commence ce weekend, une explosion de couleurs et de parfums.""",0
"""Le nouveau cinéma du quartier ouvre ses portes, des films pour tous les goûts.""",0
"""Voici les dernières nouvelles : un nouvel accord commercial entre la France et le Canada a été signé hier.""",0
"""Le nouveau smartphone de la marque XYZ est sorti aujourd'hui, avec des fonctionnalités impressionnantes.""",0
"""Le temps devrait être nuageux toute la journée avec une température maximale de 22 degrés.""",0
"""Je recommande vivement le restaurant Le Parisien, la nourriture y est délicieuse.""",0
"""La pièce de théâtre ""Les Misérables"" sera présentée au Théâtre de l'Odéon à partir de ce soir.""",0
"""Le prix du billets de train pour Paris a augmenté de 10% cette semaine.""",0
"""Je suis impatient de lire le nouveau roman de mon auteur préféré, qui sera publié demain.""",0
"""Le musée du Louvre a annoncé l'acquisition d'une nouvelle œuvre d'art rare.""",0
"""Le match de football entre la France et l'Allemagne sera diffusé en direct à la télévision ce soir.""",0
"""J'ai entendu dire que la nouvelle ligne de Métro sera ouverte prochainement dans le centre-ville.""",0
"""Je vous conseille de visiter la ville de Lyon, c'est magnifique en cette saison.""",0
"""Il est temps de réserver vos vacances d'été, de nombreuses offres sont disponibles en ce moment.""",0
"""Le nouveau film de science-fiction ""Interstellar"" sera projeté dans les cinémas demain soir.""",0
"""La météo prévoit de la pluie pour les prochains jours, il est donc préférable de prendre un parapluie.""",0
"""La nouvelle collection de mode de la marque Zara est maintenant disponible en magasin.""",0
"""J'ai entendu dire que la nouvelle application de livraison de nourriture est très pratique à utiliser.""",0
"""La prochaine exposition au Centre Pompidou sera consacrée à l'artiste Pablo Picasso.""",0
"""Je suis ravi d'annoncer que j'ai obtenu un nouveau travail dans une grande entreprise locale.""",0
"""Le festival de musique electro aura lieu ce week-end dans le parc de la ville.""",0
"""La nouvelle recette de pizza de la pizzeria La Pizza est délicieuse, je la recommande fortement.""",0
"""Le nouveau jeu vidéo ""Assassin's Creed"" sera disponible en magasin la semaine prochaine.""",0
"""La prochaine conférence sur l'intelligence artificielle aura lieu à Paris la semaine prochaine.""",0
"""J'ai entendu dire que le nouveau bar à vin dans le quartier est très populaire.""",0
"""La prochaine pièce de théâtre au Théâtre de l'Odeon sera une comédie musicale.""",0
"""Le nouveau restaurant vegan dans le centre-ville est très recommandé par mes amis.""",0
"""Le prochain match de rugby aura lieu demain soir au stade de France.""",0
"""La nouvelle ligne de cosmétiques bio de la marque L'Oreal est maintenant disponible en magasin.""",0
"""J'ai entendu dire que le nouveau parc d'attractions dans la région est très amusant pour les enfants.""",0
"""La prochaine exposition d'art contemporain aura lieu au Musée d'Art Moderne.""",0
"""Le nouveau film d'action ""Fast and Furious"" sera projeté dans les cinémas la semaine prochaine.""",0
"""Le prochain concert de musique classique aura lieu à la Salle Pleyel.""",0
"""La nouvelle collection de bijoux de la marque Swarovski est maintenant disponible en ligne.""",0
"""Le nouveau livre de recettes de cuisine délicieuses est sorti aujourd'hui.""",0
"""Le prochain festival de cinéma aura lieu au cinéma Le Grand Rex.""",0
"""La nouvelle ligne de vêtements de sport de la marque Nike est maintenant disponible en magasin.""",0
"""Le nouveau parc à thème pour enfants est maintenant ouvert dans la région.""",0
"""La prochaine conférence sur la santé mentale aura lieu à l'Hôtel de Ville.""",0
"""Le nouveau film d'animation ""Le Monde de Dory"" sera projeté dans les cinémas la semaine prochaine.""",0
"""Le prochain marché de Noël aura lieu dans le centre-ville la semaine prochaine.""",0
"""La nouvelle ligne de produits de beauté de la marque Clarins est maintenant disponible en magasin.""",0
"""Le nouveau restaurant asiatique dans le quartier est très recommandé par mes collègues.""",0
"""Le prochain match de basketball aura lieu demain soir à Bercy.""",0
"""1. ""Le nouveau smartphone d'Apple sort demain, les fans font la queue depuis hier.""",0
"""2. ""Le temps sera nuageux toute la journée à Paris.""",0
"""3. ""La nouvelle exposition au Musée d'Orsay est exceptionnelle.""",0
"""4. ""J'ai adoré le dernier film de Quentin Tarantino, un vrai coup de maître.""",0
"""5. ""Le président a annoncé de nouvelles mesures pour lutter contre la pollution.""",0
"""6. ""Je recommande vivement le restaurant L'Atelier de Joël Robuchon à Paris.""",0
"""7. ""La desenvoluppe d'une nouvelle application de messagerie fait sensation.""",0
"""8. ""Le match de foot hier soir était palpitant, on a cru jusqu'au bout.""",0
"""9. ""La Fashion Week de Paris commence demain, les rues sont déjà remplies de mannequins.""",0
"""10. ""Le nouveau roman de Marc Levy est un véritable page-turner.""",0
"""11. ""Le métro est en panne ce matin, prévoir des retards.""",0
"""12. ""J'ai testé le dernier spa en ville, une véritable parenthèse de détente.""",0
"""13. ""Le gagnant du concours de cuisine a préparé un plat délicieux et original.""",0
"""14. ""La nouvelle collection de printemps chez Zara est magnifique.""",0
"""15. ""Le concert de Beyoncé était incroyable, une ambiance de folie.""",0
"""16. ""Le marché aux puces de Saint-Ouen est ouvert aujourd'hui, l'occasion de trouver de belles pièces vintage.""",0
"""17. ""Le nouveau film d'animation de Disney est un véritable chefs-d'œuvre.""",0
"""18. ""La bibliothèque municipale organise une soirée lecture ce soir, tout le monde est le bienvenue.""",0
"""19. ""Le festival de cinéma de Cannes commence demain, les stars affluent sur la Côte d'Azur.""",0
"""20. ""J'ai acheté une nouvelle plante pour mon appartement, j'espère qu'elle survivra.""",0
"""21. ""Le prix du ticket de métro augmente demain, prévoir un budget supplémentaire.""",0
"""22. ""Le musée du Louvre présente une nouvelle exposition temporaire sur la Renaissance.""",0
"""23. ""La nouvelle émission de télé-réalité est un vrai succès, tout le monde en parle.""",0
"""24. ""Le match de tennis est passionnant, les deux joueurs se battent jusqu'au bout.""",0
"""25. ""Le nouveau café en ville est délicieux, j'y retournerai bientôt.""",0
"""26. ""Le prochain spectacle au Cirque du Soleil est magnifique, ne le ratez pas.""",0
"""27. ""Le temps est idéal pour une promenade en bateau sur la Seine.""",0
"""28. ""Le prochain concert de Bruce Springsteen est prévu pour cet été, les billets sont déjà en vente.""",0
"""29. ""Le nouveau film de Woody Allen est en salles ce week-end.""",0
"""30. ""Le prochain salon du livre de Paris aura lieu au mois de mars prochain.""",0
"""31. ""Le marché de Noël de Strasbourg est magnifique cette année, ne manquez pas les illumination.""",0
"""32. ""Le prochain match de l'équipe de football est crucial pour la qualification.""",0
"""33. ""Le nouveau livre de recettes Healthy est un best-seller.""",0
"""34. ""Le prochain festival de musique en boîte est très attendu, les billets sont en vente.""",0
"""35. ""Le prochain spectacle au Théâtre National est une pièce de théâtre classique.""",0
"""36. ""Le temps est parfait pour une randonnée dans les montagnes.""",0
"""37. ""Le prochain salon de l'agriculture est ouvert au public ce week-end.""",0
"""38. ""Le nouveau jeu vidéo est un véritable succès, les joueurs sont fans.""",0
"""39. ""Le prochain spectacle de magie est une véritable réussite, ne le ratez pas.""",0
"""40. ""Le prochain tournoi de poker en ligne est ouvert à tous.""",0
"""41. ""Le prochain salon du chocolat est l'occasion de déguster de délicieux desserts.""",0
"""42. ""Le prochain concert de musique classique est dirigé par un chef d'orchestre célèbre.""",0
"""43. ""Le prochain marathon de Paris est prévu pour le mois d'avril.""",0
"""44. ""Le prochain festival de films indépendants est en cours ce week-end.""",0
"""45. ""Le prochain spectacle de danse est une création originale.""",0
"""46. ""Le prochain salon du livre pour enfants est l'occasion de découvrir de nouveaux auteurs.""",0
"""47. ""Le prochain match de boxe est très attendu, les deux boxeurs sont en forme.""",0
"""48. ""Le prochain spectacle de cirque est une véritable réussite, les enfants adorent.""",0
"""49. ""Le prochain festival de musique électronique est en cours ce week-end.""",0
"""50. ""Le prochain spectacle de théâtre d'improvisation est hilarant, ne le ratez pas.""",0
""". ""Tempête en approche, vigilance météorologique activée.""",0
"""2. ""Nouveau smartphone presentations demain, restez connectés!""",0
"""3. ""Le musée d'Orsay ferme ses portes pour rénovation.""",0
"""4. ""Promenade dans le quartier historique, une visite incontournable.""",0
"""5. ""Appel à tous les bénévoles pour nettoyer la rivière.""",0
"""6. ""Le dernier roman de Fourier vient de sortir, une lecture captivante.""",0
"""7. ""Les travaux de la ligne de métro seront terminés d'ici la fin de l'année.""",0
"""8. ""Dégustation de vin ce weekend dans les caves de la région.""",0
"""9. ""La nouvelle collection de mode automnale est disponible en magasin.""",0
"""10. ""La météo prévoit un week-end ensoleillé, parfait pour une sortie en famille.""",0
"""11. ""Le festival de musique commence ce soir, ne manquez pas les têtes d'affiche!""",0
"""12. ""Le marché de Noel arrive dans le downtown area, les préparatifs sont en cours.""",0
"""13. ""Le restaurant a reçu une étoile Michelin, une occasion spéciale pour tous les gourmands.""",0
"""14. ""La conférence sur l'intelligence artificielle commence demain, les inscriptions sont ouvertes.""",0
"""15. ""Le concert de ce soir est annulé en raison de problèmes techniques.""",0
"""16. ""Le musée d'Art Moderne expose de nouvelles œuvres ce mois-ci.""",0
"""17. ""La saison de ski commence cette semaine, les forfaits sont en vente.""",0
"""18. ""Le nouveau film d'animation est sorti aujourd'hui, parfait pour les enfants.""",0
"""19. ""La conférence de presse commence dans une heure, restez à l'écoute pour plus d'informations.""",0
"""20. ""La bibliothèque organise un concours de lecture pour les enfants, inscrivez-vous!""",0
"""21. ""Le marathon de la ville aura lieu ce dimanche, bonne chance aux coureurs!""",0
"""22. ""Le festival de cinéma commence demain, une occasion pour tous les cinéphiles.""",0
"""23. ""Le musée d'Histoire naturelle organise une exposition temporaire, ne la manquez pas!""",0
"""24. ""La nouvelle application de covoiturage vient de sortir, une opportunité pour les conducteurs.""",0
"""25. ""Le concert de ce soir est complet, il est recommandé d'arriver tôt pour trouver des places.""",0
"""26. ""La conférence sur la santé mentale commence ce weekend, l'entrée est gratuite.""",0
"""27. ""Le festival de la musique électronique commence demain, les billets sont en vente.""",0
"""28. ""Le marché de produits locaux ouvre ses portes cette semaine, une occasion pour déguster des spécialités.""",0
"""29. ""Le musée de la Science organise une journée portes ouvertes pour les enfants.""",0
"""30. ""Le nouveau restaurant vient d'ouvrir ses portes dans le quartier, une occasion pour goûter de nouvelles saveurs.""",0
"""31. ""Le festival de la gastronomie commence demain, une occasion pour tous les gourmands.""",0
"""32. ""Le théâtre propose une nouvelle pièce de théâtre ce mois-ci, les réservations sont ouvertes.""",0
"""33. ""Le parc d'attractions rouvrira ses portes pour la saison estivale.""",0
"""34. ""Le musée de la Mode expose de nouvelles collections ce mois-ci.""",0
"""35. ""Le festival de la musique classique commence ce weekend, les billets sont en vente.""",0
"""36. ""Le marché de l artisanat est ouvert ce weekend, une occasion pour découvrir de l art local.""",0
"""37. ""Le nouveau film d'action est sorti aujourd'hui, ne le manquez pas!""",0
"""38. ""Le festival de la culture commence demain, une occasion pour découvrir de nouvelles cultures.""",0
"""39. ""Le musée de la Technique organise une exposition temporaire, une occasion pour découvrir l histoire de l innovations.""",0
"""40. ""Le concert de ce soir est annulé en raison de problèmes de santé du chanteur.""",0
"""41. ""Le marché de l agriculture est ouvert tous les weekends, une occasion pour découvrir des produits locaux.""",0
"""42. ""Le festival de la photo commence ce weekend, une occasion pour tous les photographes.""",0
"""43. ""Le musée de la Marine organise une exposition temporaire, une occasion pour découvrir l histoire maritime.""",0
"""44. ""Le festival de la musique jazz commence demain, les billets sont en vente.""",0
"""45. ""Le marché de l art est ouvert tous les weekends, une occasion pour découvrir de l art local.""",0
"""46. ""Le concert de ce soir est complet, il est recommandé d'arriver tôt pour trouver des places.""",0
"""47. ""Le festival de la culture orientale commence ce weekend, une occasion pour découvrir de nouvelles cultures.""",0
"""48. ""Le musée de la Nature organise une exposition temporaire, une occasion pour découvrir la faune et la flore locales.""",0
"""49. ""Le festival de la musique latine commence demain, les billets sont en vente.""",0
"""50. ""Le marché de l artisanat est ouvert ce weekend, une occasion pour découvrir de l art local.""",0
""". ""Tempête en approche, vigilance météorologique activée.""",0
"""2. ""Nouveau smartphone presentations demain, restez connectés!""",0
"""3. ""Le musée d'Orsay ferme ses portes pour rénovation.""",0
"""4. ""Promenade dans le quartier historique, une visite incontournable.""",0
"""5. ""Appel à tous les bénévoles pour nettoyer la rivière.""",0
"""6. ""Le dernier roman de Fourier vient de sortir, une lecture captivante.""",0
"""7. ""Les travaux de la ligne de métro seront terminés d'ici la fin de l'année.""",0
"""8. ""Dégustation de vin ce weekend dans les caves de la région.""",0
"""9. ""La nouvelle collection de mode automnale est disponible en magasin.""",0
"""10. ""La météo prévoit un week-end ensoleillé, parfait pour une sortie en famille.""",0
"""11. ""Le festival de musique commence ce soir, ne manquez pas les têtes d'affiche!""",0
"""12. ""Le marché de Noel arrive dans le downtown area, les préparatifs sont en cours.""",0
"""13. ""Le restaurant a reçu une étoile Michelin, une occasion spéciale pour tous les gourmands.""",0
"""14. ""La conférence sur l'intelligence artificielle commence demain, les inscriptions sont ouvertes.""",0
"""15. ""Le concert de ce soir est annulé en raison de problèmes techniques.""",0
"""16. ""Le musée d'Art Moderne expose de nouvelles œuvres ce mois-ci.""",0
"""17. ""La saison de ski commence cette semaine, les forfaits sont en vente.""",0
"""18. ""Le nouveau film d'animation est sorti aujourd'hui, parfait pour les enfants.""",0
"""19. ""La conférence de presse commence dans une heure, restez à l'écoute pour plus d'informations.""",0
"""20. ""La bibliothèque organise un concours de lecture pour les enfants, inscrivez-vous!""",0
"""21. ""Le marathon de la ville aura lieu ce dimanche, bonne chance aux coureurs!""",0
"""22. ""Le festival de cinéma commence demain, une occasion pour tous les cinéphiles.""",0
"""23. ""Le musée d'Histoire naturelle organise une exposition temporaire, ne la manquez pas!""",0
"""24. ""La nouvelle application de covoiturage vient de sortir, une opportunité pour les conducteurs.""",0
"""25. ""Le concert de ce soir est complet, il est recommandé d'arriver tôt pour trouver des places.""",0
"""26. ""La conférence sur la santé mentale commence ce weekend, l'entrée est gratuite.""",0
"""27. ""Le festival de la musique électronique commence demain, les billets sont en vente.""",0
"""28. ""Le marché de produits locaux ouvre ses portes cette semaine, une occasion pour déguster des spécialités.""",0
"""29. ""Le musée de la Science organise une journée portes ouvertes pour les enfants.""",0
"""30. ""Le nouveau restaurant vient d'ouvrir ses portes dans le quartier, une occasion pour goûter de nouvelles saveurs.""",0
"""31. ""Le festival de la gastronomie commence demain, une occasion pour tous les gourmands.""",0
"""32. ""Le théâtre propose une nouvelle pièce de théâtre ce mois-ci, les réservations sont ouvertes.""",0
"""33. ""Le parc d'attractions rouvrira ses portes pour la saison estivale.""",0
"""34. ""Le musée de la Mode expose de nouvelles collections ce mois-ci.""",0
"""35. ""Le festival de la musique classique commence ce weekend, les billets sont en vente.""",0
"""36. ""Le marché de l artisanat est ouvert ce weekend, une occasion pour découvrir de l art local.""",0
"""37. ""Le nouveau film d'action est sorti aujourd'hui, ne le manquez pas!""",0
"""38. ""Le festival de la culture commence demain, une occasion pour découvrir de nouvelles cultures.""",0
"""39. ""Le musée de la Technique organise une exposition temporaire, une occasion pour découvrir l histoire de l innovations.""",0
"""40. ""Le concert de ce soir est annulé en raison de problèmes de santé du chanteur.""",0
"""41. ""Le marché de l agriculture est ouvert tous les weekends, une occasion pour découvrir des produits locaux.""",0
"""42. ""Le festival de la photo commence ce weekend, une occasion pour tous les photographes.""",0
"""43. ""Le musée de la Marine organise une exposition temporaire, une occasion pour découvrir l histoire maritime.""",0
"""44. ""Le festival de la musique jazz commence demain, les billets sont en vente.""",0
"""45. ""Le marché de l art est ouvert tous les weekends, une occasion pour découvrir de l art local.""",0
"""46. ""Le concert de ce soir est complet, il est recommandé d'arriver tôt pour trouver des places.""",0
"""47. ""Le festival de la culture orientale commence ce weekend, une occasion pour découvrir de nouvelles cultures.""",0
"""48. ""Le musée de la Nature organise une exposition temporaire, une occasion pour découvrir la faune et la flore locales.""",0
"""49. ""Le festival de la musique latine commence demain, les billets sont en vente.""",0
"""50. ""Le marché de l artisanat est ouvert ce weekend, une occasion pour découvrir de l art local.""",0
"""Tempête en approche pour la région, prévoir des vents forts et des précipitations importantes.""",0
"""Le nouveau smartphone de chez Apple sera disponible dans les magasins dès demain.""",0
"""Découvrez notre sélection de vins français pour les fêtes de fin d'année.""",0
"""La maire de Paris annonce de nouveaux projets pour embellir la ville.""",0
"""Appel à tous les bénévoles pour nettoyer la plage ce weekend.""",0
"""La NASA annonce une nouvelle mission pour explorer Mars.""",0
"""Le dernier roman de ce célèbre auteur promet un suspense haletant.""",0
"""Attention aux conducteurs, forte présence de verglas sur les routes de campagne.""",0
"""Le festival de cinéma de Cannes annonce sa sélection pour cette année.""",0
"""Ne manquez pas notre promotion spéciale sur les voyages en Europe ce mois-ci.""",0
"""La municipalité lance un appel d'offres pour la rénovation de l'hôtel de ville.""",0
"""Le nouveau film de ce réalisateur français est un véritable coup de maître.""",0
"""Les températures vont grimper jusqu'à 30 degrés cette semaine en Provence.""",0
"""Nous recherchons un développeur web pour rejoindre notre équipe dynamique.""",0
"""Le musée du Louvre présente une nouvelle exposition d'art moderne.""",0
"""La rentrée littéraire est riche en surprises et en découvertes.""",0
"""La ville de Lyon célèbre son patrimoine avec une série d'événements culturels.""",0
"""Le dernier album de ce groupe de musique française est un véritable succès.""",0
"""Le marché des cryptomonnaies est en pleine effervescence, selon les experts.""",0
"""Le Parc naturel régional de la Haute-Vienne vous invite à découvrir ses trésors cachés.""",0
"""La saison des champignons est ouverte, attention aux espèces toxiques.""",0
"""Le prochain match de l'équipe de football sera diffusé en direct sur notre chaîne.""",0
"""La bibliothèque municipale propose des ateliers d'écriture pour adultes et enfants.""",0
"""La région Midi-Pyrénées est en alerte orange pour forts orages.""",0
"""Le prochain concert de ce célèbre chanteur sera donné au Zénith de Paris.""",0
"""Le Festival du film américain de Deauville se déroulera du 3 au 12 septembre.""",0
"""Le marché de Noël de Strasbourg ouvrira ses portes le 25 novembre.""",0
"""Ne manquez pas notre offre spéciale pour les séjours à la montagne cet hiver.""",0
"""Le Musée d'Orsay présente une exposition sur l'impressionnisme.""",0
"""La saison culturelle de Toulouse propose un programme varié pour tous les âges.""",0
"""Le prochain Salon de l'agriculture se déroulera à Paris du 26 février au 6 mars.""",0
"""Le dernier smartphone de Samsung est disponible en précommande dès maintenant.""",0
"""La ville de Marseille lance un appel à projets pour la rénovation urbaine.""",0
"""Le prochain spectacle du Cirque du Soleil sera présenté à Bercy.""",0
"""1. ""Urgence : La maire de Paris annonce des perturbations dans le métro ce matin.""",0
"""2. ""Amazon lance son nouveau Kindle, le plus fin jamais créé.""",0
"""3. ""Le soleil devrait briller toute la journée à Lyon, prévoyez vos activités en extérieur.""",0
"""4. ""Un nouveau restaurant végétarien vient d'ouvrir ses portes dans le quartier latin.""",0
"""5. ""Apple présente son dernier smartphone lors d'une conférence télévisée ce soir.""",0
"""6. ""La bibliothèque nationale de France lance une exposition sur l'histoire de l'imprimerie.""",0
"""7. ""Attention à tous les conducteurs, des travaux sont en cours sur l'autoroute A13.""",0
"""8. ""Le holistic yoga est-il la clé pour une vie saine et équilibrée ?""",0
"""9. ""La lune de miel de la jeune équipe de football française se poursuit avec une victoire marquante.""",0
"""10. ""Le musée du Louvre fermera ses portes le 14 juillet pour une rénovation.""",0
"""11. ""Le prochain film de Woody Allen sortira en salles ce week-end.""",0
"""12. ""La Fashion Week de Paris s'ouvre ce matin avec un défilé de haute couture.""",0
"""13. ""Les amateurs de fromage ont rendez-vous à la Fête de lafromage à Montmartre ce week-end.""",0
"""14. ""Le débat sur le réchauffement climatique est au centre de la conférence environnementale de l'ONU.""",0
"""15. ""Le nouveau film de science-fiction de Christopher Nolan sortira en salles la semaine prochaine.""",0
"""16. ""La pièce de théâtre 'Le Cid' est de retour au Théâtre de l'Odéon.""",0
"""17. ""Les festivals de musique électronique battent leur plein en France cet été.""",0
"""18. ""Le prix du pain augmentera de 5% dans toute la France à partir du mois prochain.""",0
"""19. ""Le prochain smartphone de Samsung sera-t-il le meilleur du marché ?""",0
"""20. ""La ville de Marseille lance un appel à projets pour revitaliser les quartiers populaires.""",0
"""21. ""Le musée d'Orsay ferme ses portes pour rénovation pendant deux mois.""",0
"""22. ""Le gouvernement annonce des mesures pour encourager l'utilisation de vélos électriques.""",0
"""23. ""Le prochain album de Beyoncé sortira prochainement, selon les rumeurs.""",0
"""24. ""Le festival de Cannes s'ouvre demain avec une sélection de films internationaux.""",0
"""25. ""Le prix de l'essence atteint un nouveau record en France.""",0
"""26. ""Le prochain roman de Marc Levy sortira en librairie la semaine prochaine.""",0
"""27. ""La Tour Eiffel fermera ses portes pour une rénovation de six mois.""",0
"""28. ""Le prochain match de l'équipe de France de football sera diffusé en direct à la télévision.""",0
"""29. ""Le prochain film de Quentin Tarantino sortira en salles prochainement.""",0
"""30. ""Le prix de l'immobilier continue de grimper dans les grandes villes de France.""",0
"""31. ""Le prochain smartphone d'Apple sera-t-il équipé d'un écran en verre de saphir ?""",0
"""32. ""Le prochain spectacle de l'artiste street art Banksy sera présenté à Paris.""",0
"""33. ""Le gouvernement annonce des mesures pour encourager la transition énergétique.""",0
"""34. ""Le prochain film de la saga Star Wars sortira en salles dans quelques mois.""",0
"""35. ""Le prochain album de Stromae sera-t-il le meilleur de l'année ?""",0
"""36. ""Le prix des billets de train augmentera de 2,8% en moyenne en France.""",0
"""37. ""Le prochain film de Wes Anderson sortira en salles dans quelques semaines.""",0
"""38. ""Le prochain smartphone de Google sera-t-il le meilleur du marché ?""",0
"""39. ""Le prochain spectacle de Cirque du Soleil sera présenté à Paris.""",0
"""40. ""Le prochain album de Daft Punk sortira-t-il prochainement ?""",0
"""41. ""Le prochain match de l'équipe de France de rugby sera diffusé en direct à la télévision.""",0
"""42. ""Le prochain film de Martin Scorsese sortira en salles dans quelques mois.""",0
"""43. ""Le prochain livre de Guillaume Musso sortira en librairie dans quelques semaines.""",0
"""44. ""Le prochain spectacle de l'humoriste Gad Elmaleh sera présenté à Paris.""",0
"""45. ""Le prochain smartphone de Microsoft sera-t-il une réussite ?""",0
"""46. ""Les températures vont atteindre les 35°C dans la région PACA ce week-end.""",0
"""47. ""Le prochain film de Steven Spielberg sortira en salles prochainement.""",0
"""48. ""Le prochain album de Coldplay sortira-t-il bientôt ?""",0
"""49. ""Le prochain spectacle de la comédie musicale Le Roi Lion sera présenté à Paris.""",0
"""50. ""Le prochain match de l'équipe de France de football sera diffusé en direct sur TF1.""",0
""". ""Tempête en approche, vigilance météorologique activée.""",0
"""2. ""Nouveau smartphone presentations demain, restez connectés!""",0
"""3. ""Le musée d'Orsay ferme ses portes pour rénovation.""",0
"""4. ""Promenade dans le quartier historique, une visite incontournable.""",0
"""5. ""Appel à tous les bénévoles pour nettoyer la rivière.""",0
"""6. ""Le dernier roman de Fourier vient de sortir, une lecture captivante.""",0
"""7. ""Les travaux de la ligne de métro seront terminés d'ici la fin de l'année.""",0
"""8. ""Dégustation de vin ce weekend dans les caves de la région.""",0
"""9. ""La nouvelle collection de mode automnale est disponible en magasin.""",0
"""10. ""La météo prévoit un week-end ensoleillé, parfait pour une sortie en famille.""",0
"""11. ""Le festival de musique commence ce soir, ne manquez pas les têtes d'affiche!""",0
"""12. ""Le marché de Noel arrive dans le downtown area, les préparatifs sont en cours.""",0
"""13. ""Le restaurant a reçu une étoile Michelin, une occasion spéciale pour tous les gourmands.""",0
"""14. ""La conférence sur l'intelligence artificielle commence demain, les inscriptions sont ouvertes.""",0
"""15. ""Le concert de ce soir est annulé en raison de problèmes techniques.""",0
"""16. ""Le musée d'Art Moderne expose de nouvelles œuvres ce mois-ci.""",0
"""17. ""La saison de ski commence cette semaine, les forfaits sont en vente.""",0
"""18. ""Le nouveau film d'animation est sorti aujourd'hui, parfait pour les enfants.""",0
"""19. ""La conférence de presse commence dans une heure, restez à l'écoute pour plus d'informations.""",0
"""20. ""La bibliothèque organise un concours de lecture pour les enfants, inscrivez-vous!""",0
"""21. ""Le marathon de la ville aura lieu ce dimanche, bonne chance aux coureurs!""",0
"""22. ""Le festival de cinéma commence demain, une occasion pour tous les cinéphiles.""",0
"""23. ""Le musée d'Histoire naturelle organise une exposition temporaire, ne la manquez pas!""",0
"""24. ""La nouvelle application de covoiturage vient de sortir, une opportunité pour les conducteurs.""",0
"""25. ""Le concert de ce soir est complet, il est recommandé d'arriver tôt pour trouver des places.""",0
"""26. ""La conférence sur la santé mentale commence ce weekend, l'entrée est gratuite.""",0
"""27. ""Le festival de la musique électronique commence demain, les billets sont en vente.""",0
"""28. ""Le marché de produits locaux ouvre ses portes cette semaine, une occasion pour déguster des spécialités.""",0
"""29. ""Le musée de la Science organise une journée portes ouvertes pour les enfants.""",0
"""30. ""Le nouveau restaurant vient d'ouvrir ses portes dans le quartier, une occasion pour goûter de nouvelles saveurs.""",0
"""31. ""Le festival de la gastronomie commence demain, une occasion pour tous les gourmands.""",0
"""32. ""Le théâtre propose une nouvelle pièce de théâtre ce mois-ci, les réservations sont ouvertes.""",0
"""33. ""Le parc d'attractions rouvrira ses portes pour la saison estivale.""",0
"""34. ""Le musée de la Mode expose de nouvelles collections ce mois-ci.""",0
"""35. ""Le festival de la musique classique commence ce weekend, les billets sont en vente.""",0
"""36. ""Le marché de l artisanat est ouvert ce weekend, une occasion pour découvrir de l art local.""",0
"""37. ""Le nouveau film d'action est sorti aujourd'hui, ne le manquez pas!""",0
"""38. ""Le festival de la culture commence demain, une occasion pour découvrir de nouvelles cultures.""",0
"""39. ""Le musée de la Technique organise une exposition temporaire, une occasion pour découvrir l histoire de l innovations.""",0
"""40. ""Le concert de ce soir est annulé en raison de problèmes de santé du chanteur.""",0
"""41. ""Le marché de l agriculture est ouvert tous les weekends, une occasion pour découvrir des produits locaux.""",0
"""42. ""Le festival de la photo commence ce weekend, une occasion pour tous les photographes.""",0
"""43. ""Le musée de la Marine organise une exposition temporaire, une occasion pour découvrir l histoire maritime.""",0
"""44. ""Le festival de la musique jazz commence demain, les billets sont en vente.""",0
"""45. ""Le marché de l art est ouvert tous les weekends, une occasion pour découvrir de l art local.""",0
"""46. ""Le concert de ce soir est complet, il est recommandé d'arriver tôt pour trouver des places.""",0
"""47. ""Le festival de la culture orientale commence ce weekend, une occasion pour découvrir de nouvelles cultures.""",0
"""48. ""Le musée de la Nature organise une exposition temporaire, une occasion pour découvrir la faune et la flore locales.""",0
"""49. ""Le festival de la musique latine commence demain, les billets sont en vente.""",0
"""50. ""Le marché de l artisanat est ouvert ce weekend, une occasion pour découvrir de l art local.""",0
"""1. ""Le président Macron a annoncé de nouvelles mesures pour soutenir les entreprises.""",0
"""2. ""Le temps sera nuageux toute la journée avec quelques gouttes de pluie.""",0
"""3. ""J'ai adoré le dernier film de science-fiction que j'ai vu.""",0
"""4. ""La nouvelle tablette est rapide et légère, parfait pour le travail en déplacement.""",0
"""5. ""On se retrouve au parc cet après-midi, ça vous va ?""",0
"""6. ""Le musée d'histoire naturelle organise une exposition temporaire sur les dinosaures.""",0
"""7. ""Le match de football a été passionnant jusqu'à la fin.""",0
"""8. ""J'ai commandé un burger et des frites, c'était délicieux.""",0
"""9. ""Le nouveau smartphone est équipé d'une caméra de 50 méga pixels.""",0
"""10. ""La conférence commence à 9h, n'arrivez pas en retard.""",0
"""11. ""Le festival de musique se déroulera dans le downtown area, ne manquez pas ça.""",0
"""12. ""J'ai besoin d'un nouveau livre à lire, pouvez-vous me recommander quelque chose ?""",0
"""13. ""Le prix des billets de train a augmenté cette semaine.""",0
"""14. ""Le professeur a expliqué la théorie de la relativité de manière très claire.""",0
"""15. ""Le restaurant propose un menu spécial pour les végétariens.""",0
"""16. ""La nouvelle ligne de métro devrait être terminée l'année prochaine.""",0
"""17. ""Je suis impatient d'aller à la plage ce weekend.""",0
"""18. ""Le cours de yoga est très relaxant, je le recommande à tout le monde.""",0
"""19. ""Le match de tennis a été reporté à cause de la pluie.""",0
"""20. ""J'ai passé un week-end fantastique à la montagne, la vue était à couper le souffle.""",0
"""21. ""Le nouveau film d'action est sorti hier, je vais aller le voir ce soir.""",0
"""22. ""Le marché aux puces est ouvert tous les dimanches, c'est l'endroit parfait pour trouver des trésors cachés.""",0
"""23. ""Le concert était incroyable, la musique était parfaite et l'ambiance était géniale.""",0
"""24. ""Le nouveau restaurant asiatique est très tendance en ce moment.""",0
"""25. ""Je vais faire un peu de jogging ce matin, voulez-vous vous joindre à moi ?""",0
"""26. ""La conférence de presse commence dans une heure, assurez-vous d'être à l'heure.""",0
"""27. ""Le musée d'art moderne expose une nouvelle collection d'œuvres contemporaines.""",0
"""28. ""J'ai besoin d'un nouveau boa pour mon costume, pouvez-vous m'aider à en trouver un ?""",0
"""29. ""Le festival de cinéma se déroule en plein air cette année, n'oubliez pas d'apporter une couverture.""",0
"""30. ""Le match de football était très serré, mais notre équipe a finalement gagné.""",0
"""31. ""Le nouveau film d'animation est très drôle, les enfants vont adorer.""",0
"""32. ""Le festival de la gastronomie commence demain, je suis impatient d'y goûter.""",0
"""33. ""Le cours de cuisine était très instructif, j'ai appris de nouvelles recettes.""",0
"""34. ""Le concert de musique classique était incroyablement beau, les musiciens étaient exceptionnels.""",0
"""35. ""Le nouveau parc à thèmes est ouvert depuis hier, j'ai hâte d'y aller avec mes enfants.""",0
"""36. ""Le marché de Noël est ouvert tous les samedis, c'est l'endroit parfait pour trouver des cadeaux uniques.""",0
"""37. ""Le cours de yoga en ligne est très pratique, je peux le suivre n'importe où.""",0
"""38. ""Le match de basketball a été très intense, les deux équipes ont joué jusqu'au bout.""",0
"""39. ""Le festival de la musique électronique se déroule dans une discothèque célèbre de la ville.""",0
"""40. ""Le nouveau restaurant de hamburgers est très populaire, il y a toujours la queue.""",0
"""41. ""Le musée d'histoire naturelle organise une exposition temporaire sur les animaux préhistoriques.""",0
"""42. ""Le festival de la culture asiatique commence demain, il y aura des démonstrations de cuisine et des danses traditionnelles.""",0
"""43. ""Le nouveau film de science-fiction est unblockbuster, ne le ratez pas.""",0
"""44. ""Le concert de rock était très énergique, la foule a adoré.""",0
"""45. ""Le nouveau centre commercial est ouvert depuis hier, il y a beaucoup de nouvelles boutiques.""",0
"""46. ""Le cours de cuisine italienne est très populaire, il est presque toujours complet.""",0
"""47. ""Le festival de la mode est ouvert au public, vous pouvez y voir les dernières tendances.""",0
"""48. ""Le marché aux fleurs est ouvert tous les mercredis, c'est l'endroit parfait pour trouver des fleurs fraîches.""",0
"""49. ""Le nouveau film d'horreur est très effrayant, je ne suis pas sûr d'oser le regarder.""",0
"""50. ""Le match de tennis a été reporté à cause de la pluie, il sera joué demain.""",0
""". ""Tempête en approche, vigilance météorologique activée.""",0
"""2. ""Nouveau smartphone presentations demain, restez connectés!""",0
"""3. ""Le musée d'Orsay ferme ses portes pour rénovation.""",0
"""4. ""Promenade dans le quartier historique, une visite incontournable.""",0
"""5. ""Appel à tous les bénévoles pour nettoyer la rivière.""",0
"""6. ""Le dernier roman de Fourier vient de sortir, une lecture captivante.""",0
"""7. ""Les travaux de la ligne de métro seront terminés d'ici la fin de l'année.""",0
"""8. ""Dégustation de vin ce weekend dans les caves de la région.""",0
"""9. ""La nouvelle collection de mode automnale est disponible en magasin.""",0
"""10. ""La météo prévoit un week-end ensoleillé, parfait pour une sortie en famille.""",0
"""11. ""Le festival de musique commence ce soir, ne manquez pas les têtes d'affiche!""",0
"""12. ""Le marché de Noel arrive dans le downtown area, les préparatifs sont en cours.""",0
"""13. ""Le restaurant a reçu une étoile Michelin, une occasion spéciale pour tous les gourmands.""",0
"""14. ""La conférence sur l'intelligence artificielle commence demain, les inscriptions sont ouvertes.""",0
"""15. ""Le concert de ce soir est annulé en raison de problèmes techniques.""",0
"""16. ""Le musée d'Art Moderne expose de nouvelles œuvres ce mois-ci.""",0
"""17. ""La saison de ski commence cette semaine, les forfaits sont en vente.""",0
"""18. ""Le nouveau film d'animation est sorti aujourd'hui, parfait pour les enfants.""",0
"""19. ""La conférence de presse commence dans une heure, restez à l'écoute pour plus d'informations.""",0
"""20. ""La bibliothèque organise un concours de lecture pour les enfants, inscrivez-vous!""",0
"""21. ""Le marathon de la ville aura lieu ce dimanche, bonne chance aux coureurs!""",0
"""22. ""Le festival de cinéma commence demain, une occasion pour tous les cinéphiles.""",0
"""23. ""Le musée d'Histoire naturelle organise une exposition temporaire, ne la manquez pas!""",0
"""24. ""La nouvelle application de covoiturage vient de sortir, une opportunité pour les conducteurs.""",0
"""25. ""Le concert de ce soir est complet, il est recommandé d'arriver tôt pour trouver des places.""",0
"""26. ""La conférence sur la santé mentale commence ce weekend, l'entrée est gratuite.""",0
"""27. ""Le festival de la musique électronique commence demain, les billets sont en vente.""",0
"""28. ""Le marché de produits locaux ouvre ses portes cette semaine, une occasion pour déguster des spécialités.""",0
"""29. ""Le musée de la Science organise une journée portes ouvertes pour les enfants.""",0
"""30. ""Le nouveau restaurant vient d'ouvrir ses portes dans le quartier, une occasion pour goûter de nouvelles saveurs.""",0
"""31. ""Le festival de la gastronomie commence demain, une occasion pour tous les gourmands.""",0
"""32. ""Le théâtre propose une nouvelle pièce de théâtre ce mois-ci, les réservations sont ouvertes.""",0
"""33. ""Le parc d'attractions rouvrira ses portes pour la saison estivale.""",0
"""34. ""Le musée de la Mode expose de nouvelles collections ce mois-ci.""",0
"""35. ""Le festival de la musique classique commence ce weekend, les billets sont en vente.""",0
"""36. ""Le marché de l artisanat est ouvert ce weekend, une occasion pour découvrir de l art local.""",0
"""37. ""Le nouveau film d'action est sorti aujourd'hui, ne le manquez pas!""",0
"""38. ""Le festival de la culture commence demain, une occasion pour découvrir de nouvelles cultures.""",0
"""39. ""Le musée de la Technique organise une exposition temporaire, une occasion pour découvrir l histoire de l innovations.""",0
"""40. ""Le concert de ce soir est annulé en raison de problèmes de santé du chanteur.""",0
"""41. ""Le marché de l agriculture est ouvert tous les weekends, une occasion pour découvrir des produits locaux.""",0
"""42. ""Le festival de la photo commence ce weekend, une occasion pour tous les photographes.""",0
"""43. ""Le musée de la Marine organise une exposition temporaire, une occasion pour découvrir l histoire maritime.""",0
"""44. ""Le festival de la musique jazz commence demain, les billets sont en vente.""",0
"""45. ""Le marché de l art est ouvert tous les weekends, une occasion pour découvrir de l art local.""",0
"""46. ""Le concert de ce soir est complet, il est recommandé d'arriver tôt pour trouver des places.""",0
"""47. ""Le festival de la culture orientale commence ce weekend, une occasion pour découvrir de nouvelles cultures.""",0
"""48. ""Le musée de la Nature organise une exposition temporaire, une occasion pour découvrir la faune et la flore locales.""",0
"""49. ""Le festival de la musique latine commence demain, les billets sont en vente.""",0
"""50. ""Le marché de l artisanat est ouvert ce weekend, une occasion pour découvrir de l art local.""",0
"""1. ""Tempête de neige inattendue dans la région alpine, des milliers de conducteurs bloqués.""",0
"""2. ""La nouvelle application de paiement mobile simplifie les transactions au quotidien.""",0
"""3. ""Visitez notre stand au salon de l'agriculture pour découvrir nos produits locaux.""",0
"""4. ""Les habitants de la capitale ont profité du weekend pour se balader dans les parcs.""",0
"""5. ""Le musée d'art moderne expose une nouvelle collection d'œuvres modernes.""",0
"""6. ""Le match de football de ce soir décidera du champion de la saison.""",0
"""7. ""Les experts prévoient une semaine ensoleillée dans tout le pays.""",0
"""8. ""Le train pour Paris est en retard, les voyageurs sont priés de patienter.""",0
"""9. ""La nouvelle émission de télévision réalité commence ce soir sur la chaîne principale.""",0
"""10. ""Le festival de musique attire des milliers de personnes dans la ville.""",0
"""11. ""La bibliothèque municipale organise un atelier d'écriture pour les enfants.""",0
"""12. ""Le restaurant du centre-ville propose une nouvelle carte pour la saison estivale.""",0
"""13. ""Le marché aux puces du weekend offre une grande variété d'objets vintage.""",0
"""14. ""Le festival de cinéma independent commence demain soir au cinéma local.""",0
"""15. ""Les amateurs de sport peuvent se réjouir, le stade vient d'être rénové.""",0
"""16. ""La nouvelle exposition d'art contemporain est ouverte au public depuis ce matin.""",0
"""17. ""Le feuilleton télévisé à succès revient ce soir pour une nouvelle saison.""",0
"""18. ""Les habitants de la ville sont priés de signaler toute fuite d'eau à la mairie.""",0
"""19. ""Le nouveau parc à thèmes ouvre ses portes aux visiteurs cette semaine.""",0
"""20. ""Le centre commercial organise un défilé de mode pour les adolescents.""",0
"""21. ""La nouvelle ligne de bus dessert maintenant le quartier populaire.""",0
"""22. ""Le festival de jazz attire les meilleures bandas du monde entier.""",0
"""23. ""Le musée d'histoire naturelle présente une nouvelle exposition sur les dinosaures.""",0
"""24. ""Le marché de Noël commence demain dans le centre-ville.""",0
"""25. ""Le parc d'attractions propose une nouvelle attraction pour les enfants.""",0
"""26. ""Le nouveau centre de fitness est maintenant ouvert aux membres.""",0
"""27. ""La bibliothèque offre des cours d'anglais gratuits pour les adultes.""",0
"""28. ""Le festival de film fantastique commence demain soir au cinéma.""",0
"""29. ""Le nouveau restaurant propose une cuisine fusion asiatique.""",0
"""30. ""Le parc municipal organise un concert gratuit pour les habitants.""",0
"""31. ""Le marché aux fleurs est ouvert tous les weekends dans le centre-ville.""",0
"""32. ""Le centre commercial organise un concours de pâtisserie pour les enfants.""",0
"""33. ""La nouvelle application de covoiturage facilite les déplacements dans la ville.""",0
"""34. ""Le festival de théâtre commence demain soir au théâtre municipal.""",0
"""35. ""Le nouveau centre commercial offre une grande variété de magasins.""",0
"""36. ""Le parc national est fermé temporairement pour cause deocellular.""",0
"""37. ""Le festival de la bière attire des milliers de visiteurs chaque année.""",0
"""38. ""Le centre culturel propose des cours de danse pour les adultes.""",0
"""39. ""Le festival de musique électronique commence demain soir dans le parc.""",0
"""40. ""Le nouveau cinéma propose une grande variété de films.""",0
"""41. ""Le centre de loisirs organise un tournoi de foot pour les adolescents.""",0
"""42. ""Le marché de producteurs locaux est ouvert tous les weekends dans le centre-ville.""",0
"""43. ""Le festival de la gastronomie attire les meilleurs chefs du monde entier.""",0
"""44. ""Le centre de fitness propose des cours de yoga gratuits pour les membres.""",0
"""45. ""Le parc d'attractions organise un concours de dessin pour les enfants.""",0
"""46. ""Le centre culturel propose des cours de musique pour les enfants.""",0
"""47. ""Le festival de la mode commence demain dans le centre-ville.""",0
"""48. ""Le nouveau centre de bien-être propose une grande variété de soins.""",0
"""49. ""Le festival de la science attire des milliers de visiteurs chaque année.""",0
"""50. ""Le marché aux puces est ouvert tous les weekends dans le quartier populaire.""",0
""". ""Tempête en approche, vigilance météorologique activée.""",0
"""2. ""Nouveau smartphone presentations demain, restez connectés!""",0
"""3. ""Le musée d'Orsay ferme ses portes pour rénovation.""",0
"""4. ""Promenade dans le quartier historique, une visite incontournable.""",0
"""5. ""Appel à tous les bénévoles pour nettoyer la rivière.""",0
"""6. ""Le dernier roman de Fourier vient de sortir, une lecture captivante.""",0
"""7. ""Les travaux de la ligne de métro seront terminés d'ici la fin de l'année.""",0
"""8. ""Dégustation de vin ce weekend dans les caves de la région.""",0
"""9. ""La nouvelle collection de mode automnale est disponible en magasin.""",0
"""10. ""La météo prévoit un week-end ensoleillé, parfait pour une sortie en famille.""",0
"""11. ""Le festival de musique commence ce soir, ne manquez pas les têtes d'affiche!""",0
"""12. ""Le marché de Noel arrive dans le downtown area, les préparatifs sont en cours.""",0
"""13. ""Le restaurant a reçu une étoile Michelin, une occasion spéciale pour tous les gourmands.""",0
"""14. ""La conférence sur l'intelligence artificielle commence demain, les inscriptions sont ouvertes.""",0
"""15. ""Le concert de ce soir est annulé en raison de problèmes techniques.""",0
"""16. ""Le musée d'Art Moderne expose de nouvelles œuvres ce mois-ci.""",0
"""17. ""La saison de ski commence cette semaine, les forfaits sont en vente.""",0
"""18. ""Le nouveau film d'animation est sorti aujourd'hui, parfait pour les enfants.""",0
"""19. ""La conférence de presse commence dans une heure, restez à l'écoute pour plus d'informations.""",0
"""20. ""La bibliothèque organise un concours de lecture pour les enfants, inscrivez-vous!""",0
"""21. ""Le marathon de la ville aura lieu ce dimanche, bonne chance aux coureurs!""",0
"""22. ""Le festival de cinéma commence demain, une occasion pour tous les cinéphiles.""",0
"""23. ""Le musée d'Histoire naturelle organise une exposition temporaire, ne la manquez pas!""",0
"""24. ""La nouvelle application de covoiturage vient de sortir, une opportunité pour les conducteurs.""",0
"""25. ""Le concert de ce soir est complet, il est recommandé d'arriver tôt pour trouver des places.""",0
"""26. ""La conférence sur la santé mentale commence ce weekend, l'entrée est gratuite.""",0
"""27. ""Le festival de la musique électronique commence demain, les billets sont en vente.""",0
"""28. ""Le marché de produits locaux ouvre ses portes cette semaine, une occasion pour déguster des spécialités.""",0
"""29. ""Le musée de la Science organise une journée portes ouvertes pour les enfants.""",0
"""30. ""Le nouveau restaurant vient d'ouvrir ses portes dans le quartier, une occasion pour goûter de nouvelles saveurs.""",0
"""31. ""Le festival de la gastronomie commence demain, une occasion pour tous les gourmands.""",0
"""32. ""Le théâtre propose une nouvelle pièce de théâtre ce mois-ci, les réservations sont ouvertes.""",0
"""33. ""Le parc d'attractions rouvrira ses portes pour la saison estivale.""",0
"""34. ""Le musée de la Mode expose de nouvelles collections ce mois-ci.""",0
"""35. ""Le festival de la musique classique commence ce weekend, les billets sont en vente.""",0
"""36. ""Le marché de l artisanat est ouvert ce weekend, une occasion pour découvrir de l art local.""",0
"""37. ""Le nouveau film d'action est sorti aujourd'hui, ne le manquez pas!""",0
"""38. ""Le festival de la culture commence demain, une occasion pour découvrir de nouvelles cultures.""",0
"""39. ""Le musée de la Technique organise une exposition temporaire, une occasion pour découvrir l histoire de l innovations.""",0
"""40. ""Le concert de ce soir est annulé en raison de problèmes de santé du chanteur.""",0
"""41. ""Le marché de l agriculture est ouvert tous les weekends, une occasion pour découvrir des produits locaux.""",0
"""42. ""Le festival de la photo commence ce weekend, une occasion pour tous les photographes.""",0
"""43. ""Le musée de la Marine organise une exposition temporaire, une occasion pour découvrir l histoire maritime.""",0
"""44. ""Le festival de la musique jazz commence demain, les billets sont en vente.""",0
"""45. ""Le marché de l art est ouvert tous les weekends, une occasion pour découvrir de l art local.""",0
"""46. ""Le concert de ce soir est complet, il est recommandé d'arriver tôt pour trouver des places.""",0
"""47. ""Le festival de la culture orientale commence ce weekend, une occasion pour découvrir de nouvelles cultures.""",0
"""48. ""Le musée de la Nature organise une exposition temporaire, une occasion pour découvrir la faune et la flore locales.""",0
"""49. ""Le festival de la musique latine commence demain, les billets sont en vente.""",0
"""50. ""Le marché de l artisanat est ouvert ce weekend, une occasion pour découvrir de l art local.""",0
""". ""Tempête en approche, vigilance météorologique activée.""",0
"""2. ""Nouveau smartphone presentations demain, restez connectés!""",0
"""3. ""Le musée d'Orsay ferme ses portes pour rénovation.""",0
"""4. ""Promenade dans le quartier historique, une visite incontournable.""",0
"""5. ""Appel à tous les bénévoles pour nettoyer la rivière.""",0
"""6. ""Le dernier roman de Fourier vient de sortir, une lecture captivante.""",0
"""7. ""Les travaux de la ligne de métro seront terminés d'ici la fin de l'année.""",0
"""8. ""Dégustation de vin ce weekend dans les caves de la région.""",0
"""9. ""La nouvelle collection de mode automnale est disponible en magasin.""",0
"""10. ""La météo prévoit un week-end ensoleillé, parfait pour une sortie en famille.""",0
"""11. ""Le festival de musique commence ce soir, ne manquez pas les têtes d'affiche!""",0
"""12. ""Le marché de Noel arrive dans le downtown area, les préparatifs sont en cours.""",0
"""13. ""Le restaurant a reçu une étoile Michelin, une occasion spéciale pour tous les gourmands.""",0
"""14. ""La conférence sur l'intelligence artificielle commence demain, les inscriptions sont ouvertes.""",0
"""15. ""Le concert de ce soir est annulé en raison de problèmes techniques.""",0
"""16. ""Le musée d'Art Moderne expose de nouvelles œuvres ce mois-ci.""",0
"""17. ""La saison de ski commence cette semaine, les forfaits sont en vente.""",0
"""18. ""Le nouveau film d'animation est sorti aujourd'hui, parfait pour les enfants.""",0
"""19. ""La conférence de presse commence dans une heure, restez à l'écoute pour plus d'informations.""",0
"""20. ""La bibliothèque organise un concours de lecture pour les enfants, inscrivez-vous!""",0
"""21. ""Le marathon de la ville aura lieu ce dimanche, bonne chance aux coureurs!""",0
"""22. ""Le festival de cinéma commence demain, une occasion pour tous les cinéphiles.""",0
"""23. ""Le musée d'Histoire naturelle organise une exposition temporaire, ne la manquez pas!""",0
"""24. ""La nouvelle application de covoiturage vient de sortir, une opportunité pour les conducteurs.""",0
"""25. ""Le concert de ce soir est complet, il est recommandé d'arriver tôt pour trouver des places.""",0
"""26. ""La conférence sur la santé mentale commence ce weekend, l'entrée est gratuite.""",0
"""27. ""Le festival de la musique électronique commence demain, les billets sont en vente.""",0
"""28. ""Le marché de produits locaux ouvre ses portes cette semaine, une occasion pour déguster des spécialités.""",0
"""29. ""Le musée de la Science organise une journée portes ouvertes pour les enfants.""",0
"""30. ""Le nouveau restaurant vient d'ouvrir ses portes dans le quartier, une occasion pour goûter de nouvelles saveurs.""",0
"""31. ""Le festival de la gastronomie commence demain, une occasion pour tous les gourmands.""",0
"""32. ""Le théâtre propose une nouvelle pièce de théâtre ce mois-ci, les réservations sont ouvertes.""",0
"""33. ""Le parc d'attractions rouvrira ses portes pour la saison estivale.""",0
"""34. ""Le musée de la Mode expose de nouvelles collections ce mois-ci.""",0
"""35. ""Le festival de la musique classique commence ce weekend, les billets sont en vente.""",0
"""36. ""Le marché de l artisanat est ouvert ce weekend, une occasion pour découvrir de l art local.""",0
"""37. ""Le nouveau film d'action est sorti aujourd'hui, ne le manquez pas!""",0
"""38. ""Le festival de la culture commence demain, une occasion pour découvrir de nouvelles cultures.""",0
"""39. ""Le musée de la Technique organise une exposition temporaire, une occasion pour découvrir l histoire de l innovations.""",0
"""40. ""Le concert de ce soir est annulé en raison de problèmes de santé du chanteur.""",0
"""41. ""Le marché de l agriculture est ouvert tous les weekends, une occasion pour découvrir des produits locaux.""",0
"""42. ""Le festival de la photo commence ce weekend, une occasion pour tous les photographes.""",0
"""43. ""Le musée de la Marine organise une exposition temporaire, une occasion pour découvrir l histoire maritime.""",0
"""44. ""Le festival de la musique jazz commence demain, les billets sont en vente.""",0
"""45. ""Le marché de l art est ouvert tous les weekends, une occasion pour découvrir de l art local.""",0
"""46. ""Le concert de ce soir est complet, il est recommandé d'arriver tôt pour trouver des places.""",0
"""47. ""Le festival de la culture orientale commence ce weekend, une occasion pour découvrir de nouvelles cultures.""",0
"""48. ""Le musée de la Nature organise une exposition temporaire, une occasion pour découvrir la faune et la flore locales.""",0
"""49. ""Le festival de la musique latine commence demain, les billets sont en vente.""",0
"""50. ""Le marché de l artisanat est ouvert ce weekend, une occasion pour découvrir de l art local.""",0
""". ""Tempête en approche, vigilance météorologique activée.""",0
"""2. ""Nouveau smartphone presentations demain, restez connectés!""",0
"""3. ""Le musée d'Orsay ferme ses portes pour rénovation.""",0
"""4. ""Promenade dans le quartier historique, une visite incontournable.""",0
"""5. ""Appel à tous les bénévoles pour nettoyer la rivière.""",0
"""6. ""Le dernier roman de Fourier vient de sortir, une lecture captivante.""",0
"""7. ""Les travaux de la ligne de métro seront terminés d'ici la fin de l'année.""",0
"""8. ""Dégustation de vin ce weekend dans les caves de la région.""",0
"""9. ""La nouvelle collection de mode automnale est disponible en magasin.""",0
"""10. ""La météo prévoit un week-end ensoleillé, parfait pour une sortie en famille.""",0
"""11. ""Le festival de musique commence ce soir, ne manquez pas les têtes d'affiche!""",0
"""12. ""Le marché de Noel arrive dans le downtown area, les préparatifs sont en cours.""",0
"""13. ""Le restaurant a reçu une étoile Michelin, une occasion spéciale pour tous les gourmands.""",0
"""14. ""La conférence sur l'intelligence artificielle commence demain, les inscriptions sont ouvertes.""",0
"""15. ""Le concert de ce soir est annulé en raison de problèmes techniques.""",0
"""16. ""Le musée d'Art Moderne expose de nouvelles œuvres ce mois-ci.""",0
"""17. ""La saison de ski commence cette semaine, les forfaits sont en vente.""",0
"""18. ""Le nouveau film d'animation est sorti aujourd'hui, parfait pour les enfants.""",0
"""19. ""La conférence de presse commence dans une heure, restez à l'écoute pour plus d'informations.""",0
"""20. ""La bibliothèque organise un concours de lecture pour les enfants, inscrivez-vous!""",0
"""21. ""Le marathon de la ville aura lieu ce dimanche, bonne chance aux coureurs!""",0
"""22. ""Le festival de cinéma commence demain, une occasion pour tous les cinéphiles.""",0
"""23. ""Le musée d'Histoire naturelle organise une exposition temporaire, ne la manquez pas!""",0
"""24. ""La nouvelle application de covoiturage vient de sortir, une opportunité pour les conducteurs.""",0
"""25. ""Le concert de ce soir est complet, il est recommandé d'arriver tôt pour trouver des places.""",0
"""26. ""La conférence sur la santé mentale commence ce weekend, l'entrée est gratuite.""",0
"""27. ""Le festival de la musique électronique commence demain, les billets sont en vente.""",0
"""28. ""Le marché de produits locaux ouvre ses portes cette semaine, une occasion pour déguster des spécialités.""",0
"""29. ""Le musée de la Science organise une journée portes ouvertes pour les enfants.""",0
"""30. ""Le nouveau restaurant vient d'ouvrir ses portes dans le quartier, une occasion pour goûter de nouvelles saveurs.""",0
"""31. ""Le festival de la gastronomie commence demain, une occasion pour tous les gourmands.""",0
"""32. ""Le théâtre propose une nouvelle pièce de théâtre ce mois-ci, les réservations sont ouvertes.""",0
"""33. ""Le parc d'attractions rouvrira ses portes pour la saison estivale.""",0
"""34. ""Le musée de la Mode expose de nouvelles collections ce mois-ci.""",0
"""35. ""Le festival de la musique classique commence ce weekend, les billets sont en vente.""",0
"""36. ""Le marché de l artisanat est ouvert ce weekend, une occasion pour découvrir de l art local.""",0
"""37. ""Le nouveau film d'action est sorti aujourd'hui, ne le manquez pas!""",0
"""38. ""Le festival de la culture commence demain, une occasion pour découvrir de nouvelles cultures.""",0
"""39. ""Le musée de la Technique organise une exposition temporaire, une occasion pour découvrir l histoire de l innovations.""",0
"""40. ""Le concert de ce soir est annulé en raison de problèmes de santé du chanteur.""",0
"""41. ""Le marché de l agriculture est ouvert tous les weekends, une occasion pour découvrir des produits locaux.""",0
"""42. ""Le festival de la photo commence ce weekend, une occasion pour tous les photographes.""",0
"""43. ""Le musée de la Marine organise une exposition temporaire, une occasion pour découvrir l histoire maritime.""",0
"""44. ""Le festival de la musique jazz commence demain, les billets sont en vente.""",0
"""45. ""Le marché de l art est ouvert tous les weekends, une occasion pour découvrir de l art local.""",0
"""46. ""Le concert de ce soir est complet, il est recommandé d'arriver tôt pour trouver des places.""",0
"""47. ""Le festival de la culture orientale commence ce weekend, une occasion pour découvrir de nouvelles cultures.""",0
"""48. ""Le musée de la Nature organise une exposition temporaire, une occasion pour découvrir la faune et la flore locales.""",0
"""49. ""Le festival de la musique latine commence demain, les billets sont en vente.""",0
"""50. ""Le marché de l artisanat est ouvert ce weekend, une occasion pour découvrir de l art local.""",0
""". ""Tempête en approche, vigilance météorologique activée.""",0
"""2. ""Nouveau smartphone presentations demain, restez connectés!""",0
"""3. ""Le musée d'Orsay ferme ses portes pour rénovation.""",0
"""4. ""Promenade dans le quartier historique, une visite incontournable.""",0
"""5. ""Appel à tous les bénévoles pour nettoyer la rivière.""",0
"""6. ""Le dernier roman de Fourier vient de sortir, une lecture captivante.""",0
"""7. ""Les travaux de la ligne de métro seront terminés d'ici la fin de l'année.""",0
"""8. ""Dégustation de vin ce weekend dans les caves de la région.""",0
"""9. ""La nouvelle collection de mode automnale est disponible en magasin.""",0
"""10. ""La météo prévoit un week-end ensoleillé, parfait pour une sortie en famille.""",0
"""11. ""Le festival de musique commence ce soir, ne manquez pas les têtes d'affiche!""",0
"""12. ""Le marché de Noel arrive dans le downtown area, les préparatifs sont en cours.""",0
"""13. ""Le restaurant a reçu une étoile Michelin, une occasion spéciale pour tous les gourmands.""",0
"""14. ""La conférence sur l'intelligence artificielle commence demain, les inscriptions sont ouvertes.""",0
"""15. ""Le concert de ce soir est annulé en raison de problèmes techniques.""",0
"""16. ""Le musée d'Art Moderne expose de nouvelles œuvres ce mois-ci.""",0
"""17. ""La saison de ski commence cette semaine, les forfaits sont en vente.""",0
"""18. ""Le nouveau film d'animation est sorti aujourd'hui, parfait pour les enfants.""",0
"""19. ""La conférence de presse commence dans une heure, restez à l'écoute pour plus d'informations.""",0
"""20. ""La bibliothèque organise un concours de lecture pour les enfants, inscrivez-vous!""",0
"""21. ""Le marathon de la ville aura lieu ce dimanche, bonne chance aux coureurs!""",0
"""22. ""Le festival de cinéma commence demain, une occasion pour tous les cinéphiles.""",0
"""23. ""Le musée d'Histoire naturelle organise une exposition temporaire, ne la manquez pas!""",0
"""24. ""La nouvelle application de covoiturage vient de sortir, une opportunité pour les conducteurs.""",0
"""25. ""Le concert de ce soir est complet, il est recommandé d'arriver tôt pour trouver des places.""",0
"""26. ""La conférence sur la santé mentale commence ce weekend, l'entrée est gratuite.""",0
"""27. ""Le festival de la musique électronique commence demain, les billets sont en vente.""",0
"""28. ""Le marché de produits locaux ouvre ses portes cette semaine, une occasion pour déguster des spécialités.""",0
"""29. ""Le musée de la Science organise une journée portes ouvertes pour les enfants.""",0
"""30. ""Le nouveau restaurant vient d'ouvrir ses portes dans le quartier, une occasion pour goûter de nouvelles saveurs.""",0
"""31. ""Le festival de la gastronomie commence demain, une occasion pour tous les gourmands.""",0
"""32. ""Le théâtre propose une nouvelle pièce de théâtre ce mois-ci, les réservations sont ouvertes.""",0
"""33. ""Le parc d'attractions rouvrira ses portes pour la saison estivale.""",0
"""34. ""Le musée de la Mode expose de nouvelles collections ce mois-ci.""",0
"""35. ""Le festival de la musique classique commence ce weekend, les billets sont en vente.""",0
"""36. ""Le marché de l artisanat est ouvert ce weekend, une occasion pour découvrir de l art local.""",0
"""37. ""Le nouveau film d'action est sorti aujourd'hui, ne le manquez pas!""",0
"""38. ""Le festival de la culture commence demain, une occasion pour découvrir de nouvelles cultures.""",0
"""39. ""Le musée de la Technique organise une exposition temporaire, une occasion pour découvrir l histoire de l innovations.""",0
"""40. ""Le concert de ce soir est annulé en raison de problèmes de santé du chanteur.""",0
"""41. ""Le marché de l agriculture est ouvert tous les weekends, une occasion pour découvrir des produits locaux.""",0
"""42. ""Le festival de la photo commence ce weekend, une occasion pour tous les photographes.""",0
"""43. ""Le musée de la Marine organise une exposition temporaire, une occasion pour découvrir l histoire maritime.""",0
"""44. ""Le festival de la musique jazz commence demain, les billets sont en vente.""",0
"""45. ""Le marché de l art est ouvert tous les weekends, une occasion pour découvrir de l art local.""",0
"""46. ""Le concert de ce soir est complet, il est recommandé d'arriver tôt pour trouver des places.""",0
"""47. ""Le festival de la culture orientale commence ce weekend, une occasion pour découvrir de nouvelles cultures.""",0
"""48. ""Le musée de la Nature organise une exposition temporaire, une occasion pour découvrir la faune et la flore locales.""",0
"""49. ""Le festival de la musique latine commence demain, les billets sont en vente.""",0
"""50. ""Le marché de l artisanat est ouvert ce weekend, une occasion pour découvrir de l art local.""",0
"""Température en hausse à Paris, prévision de 28°C pour demain.""",0
"""Apple annonce son nouveau smartphone, l'iPhone 13, lors d'une keynote demain.""",0
"""Une nouvelle exposition sur l'impressionnisme ouvre au Musée d'Orsay.""",0
"""Le match de football entre Paris Saint-Germain et Lyon se joue ce samedi.""",0
"""Promotion sur les vêtements d'hiver à la boutique en ligne Zara.""",0
"""La Lune sera pleine cette nuit, offrant un spectacle astronomique.""",0
"""Le célèbre chef étoilé Pierre Gagnaire ouvre un nouveau restaurant à Lyon.""",0
"""Le trafic est perturbé dans le centre-ville en raison de travaux.""",0
"""Amazon lance un nouveau service de livraison en deux heures à Paris.""",0
"""Le festival de cinéma se déroulera dans le quartier Latin cette semaine.""",0
"""Le soleil brille sur la Côte d'Azur avec une température de 30°C.""",0
"""LeMetro est fermé entre les stations Republique et Bastille en raison d'un incident.""",0
"""La nouvelle collection de sacs à main Chanel est disponible en exclusivité chez Colette.""",0
"""Le concert de Lady Gaga à l'AccorHotels Arena est complet.""",0
"""Le marché aux puces de Saint-Ouen est ouvert ce week-end.""",0
"""La strikes des transports en commun perturbe la circulation dans la ville.""",0
"""Le restaurant Le Bristol obtient trois étoiles au Guide Michelin.""",0
"""Le nouveau film de Wes Anderson sort en salles cette semaine.""",0
"""Le Musée du Louvre ferme ses portes pour rénovation en septembre.""",0
"""Le taux de chômage en France est de 8,1% selon les dernières statistiques.""",0
"""Le célèbre auteur français Marcel Proust est né à Auteuil.""",0
"""Le prix du carburant augmente de 2 centimes ce week-end.""",0
"""Le festival de musique electronic se déroule à la Plage de Glisse ce mois-ci.""",0
"""Le nouveau jeu vidéo 'Assassin's Creed Valhalla' est disponible depuis hier.""",0
"""Le PSG remporte la Ligue des Champions, une première pour le club.""",0
"""Le célèbre peintre Claude Monet est né à Paris en 1840.""",0
"""Le parc d'attractions Disneyland Paris rouvre ses portes ce mercredi.""",0
"""Le français est la langue la plus apprise dans le monde après l'anglais.""",0
"""Le taux de criminalité a augmenté de 5% dans la ville l'an dernier.""",0
"""Le célèbre acteur français Gérard Depardieu célèbre ses 72 ans.""",0
"""Le centre commercial Les Quatre Temps organise un concours de pâtisserie ce week-end.""",0
"""Le célèbre compositeur français Claude Debussy est né à Saint-Germain-en-Laye.""",0
"""Le marché de Noël de Strasbourg attire des millions de visiteurs chaque année.""",0
"""Le célèbre auteur français Victor Hugo est né à Besançon en 1802.""",0
"""Le nombre de touristes en France a augmenté de 10% en 2019.""",0
"""Le nouveau smartphone Samsung Galaxy S21 est disponible en précommande.""",0
"""Le célèbre acteur français Jean-Paul Belmondo est décédé à l'âge de 88 ans.""",0
"""Le célèbre photographe français Henri Cartier-Bresson est né à Chanteloup-en-Brie.""",0
"""Le célèbre danseur français Maurice Béjart est né à Marseille en 1927.""",0
"""Le célèbre écrivain français Honoré de Balzac est né à Paris en 1799.""",0
"""Le célèbre chanteur français Johnny Hallyday est décédé à l'âge de 74 ans.""",0
"""Le célèbre peintre français Edgar Degas est né à Paris en 1834.""",0
"""Le célèbre cinéaste français François Truffaut est né à Paris en 1932.""",0
"""Le célèbre auteur français Gustave Flaubert est né à Rouen en 1821.""",0
"""Le célèbre acteur français Alain Delon est né à Sceaux en 1935.""",0
"""Le célèbre photographe français Robert Doisneau est né à Gentilly en 1912.""",0
"""Le célèbre écrivain français Marcel Proust est décédé à Paris en 1922.""",0
"""1. ""Incendie maîtrisé dans le centre-ville, rues fermées à la circulation.""",0
"""2. ""Le nouveau smartphone X a été présenté hier, il est déjà en rupture de stock.""",0
"""3. ""Températures en hausse ce week-end, prévision de 30 degrés.""",0
"""4. ""Le musée d'histoire rouvre ses portes après rénovation.""",0
"""5. ""Promenade le long de la Seine, un moment de détente inoubliable.""",0
"""6. ""Le dernier roman de Marc Levy est un véritable coup de cœur.""",0
"""7. ""Déménagement en cours, appelez-nous pour une estimation gratuite.""",0
"""8. ""Le marché bio du jeudi est riche en produits locaux.""",0
"""9. ""Le métro est en retard ce matin, prévision d'un trafic perturbé.""",0
"""10. ""La nouvelle exposition destreet art est à ne pas manquer.""",0
"""11. ""Restauration rapide à emporter, commandez dès maintenant.""",0
"""12. ""Le concert de ce soir est complet, quelques places disponibles sur le site.""",0
"""13. ""La météo annonce de la pluie pour la fin de la semaine.""",0
"""14. ""Le festival de cinéma commence demain, programme chargé.""",0
"""15. ""Formation gratuite sur les réseaux sociaux, inscrivez-vous.""",0
"""16. ""Le match de foot de ce soir est crucial pour l'équipe locale.""",0
"""17. ""Le nouveau restaurant japonais est une véritable réussite.""",0
"""18. ""La bibliothèque municipale organise un conte pour les enfants.""",0
"""19. ""Les soldes d'hiver ont commencé, profitez des bonnes affaires.""",0
"""20. ""Le parc d'attractions rouvre ses portes pour les vacances scolaires.""",0
"""21. ""Le marché de Noël est en place, un régal pour les yeux et le palais.""",0
"""22. ""Le centre commercial est bondé ce week-end, faites attention aux pickpockets.""",0
"""23. ""Le musée de sciences organise une soirée découverte pour les enfants.""",0
"""24. ""Le cinéma propose une rétrospective des films de Kubrick.""",0
"""25. ""Le théâtre accueille une pièce de théâtre pour les adultes et les enfants.""",0
"""26. ""La nouvelle ligne de bus dessert maintenant le quartier nord.""",0
"""27. ""Le festival de musique électronique est de retour cette année.""",0
"""28. ""Le marché aux puces est ouvert tous les dimanches, ne manquez pas l'occasion de trouver des trésors.""",0
"""29. ""Le parc national est fermé pour cause de tempête.""",0
"""30. ""Le service de livraison à domicile est disponible 7 jours sur 7.""",0
"""31. ""Le magasin de décoration propose une nouvelle collection de mobilier.""",0
"""32. ""Le centre commercial organise un concours de dessin pour les enfants.""",0
"""33. ""Le marché de fruits et légumes bio est ouvert tous les samedis.""",0
"""34. ""La nouvelle salle de sport est maintenant ouverte, essayez une séance gratuite.""",0
"""35. ""Le salon de l'agriculture est en plein essor, de nombreuses animations pour les enfants.""",0
"""36. ""Le centre de loisirs propose des activités pour les ados et les adultes.""",0
"""37. ""Le marché de l'art est ouvert au public ce week-end.""",0
"""38. ""Le festival de film fantastique commence demain, programme chargé.""",0
"""39. ""Le zoo attire de nombreux visiteurs ce week-end, pensez à réserver vos billets en avance.""",0
"""40. ""Le festival de la gastronomie est de retour cette année, ne manquez pas l'occasion de découvrir de nouveaux plats.""",0
"""41. ""Le musée d'art moderne expose de nouvelles œuvres.""",0
"""1. ""Bonjour, voici mon adresse : 456 Rue de la Paix, Paris, 75002.""",1
"""2. ""Mon numéro de téléphone est le 06.12.34.56.78.""",1
"""3. ""Veuillez trouver ci-dessous ma carte de crédit : 1234 5678 9012 3456.""",1
"""4. ""Mon numéro de sécurité sociale est 123-45-6789.""",1
"""5. ""Je vous invite à m'envoyer un e-mail à l'adresse suivante : jane.doe@gmail.com.""",1
"""6. ""Mon permis de conduire est au nom de Jean Dupont, numéro 1234567890.""",1
"""7. ""Notre facture s'élève à 123,45 €, merci de régler sur le compte bancaire IBAN FR76 3000 6000 0100 0001 234.""",1
"""8. ""Salut, si t'as besoin de moi tu peux m'appeler au 01.23.45.67.89.""",1
"""9. ""La prochaine réunion aura lieu au 789 Avenue de la Liberté, 13002 Marseille.""",1
"""10. ""Ma carte de crédit expire le 12/2025, merci de mettre à jour nos dossiers.""",1
"""11. ""Je vous remercie de m'avoir contacté, n'hésitez pas à me recontacter au +33(0)6.12.34.56.78.""",1
"""12. ""Attention, votre carte de crédit expire bientôt : 1234-5678-9012-3456.""",1
"""13. ""Bonjour, je suis nouveau ici, mon adresse est 123 Avenue des Pins, Montréal, QC H2W 1R7.""",1
"""14. ""Notre prochain événement aura lieu à l'adresse suivante : 456 West 42nd Street, New York, NY 10036.""",1
"""15. ""Veuillez trouver ci-dessous mon adresse professionnelle : 789 Broadway, New York, NY 10003.""",1
"""16. ""Mon numéro de téléphone portable est le 123.456.78.90.""",1
"""17. ""Le numéro de facture est 123456789, merci de le noter pour vos dossiers.""",1
"""18. ""Bonjour, pouvez-vous me confirmer votre adresse pour l'envoi de notre newsletter ? 123 Rue de la Gare, Lyon, 69007""",1
"""19. ""Notre équipe vous contactera prochainement au numéro +1-123-456-7890.""",1
"""20. ""J'ai besoin de votre carte de crédit complète pour finaliser la transaction : 1234-5678-9012-3456.""",1
"""21. ""Je suis désolé, votre carte de crédit a été refusée : 1234 XXXX XXXX 3456.""",1
"""22. ""Veuillez noter notre nouvelle adresse : 789 Elm Street, Toronto, ON M4G 1B8.""",1
"""23. ""Notre facture s'élève à $123.45, merci de régler sur le compte PayPal john.doe@gmail.com.""",1
"""24. ""Mon numéro de sécurité sociale est 123456789, pour toute question, contactez-moi.""",1
"""25. ""Je vous remercie de m'avoir invitation, mon adresse est 123 W 96th St, New York, NY 10025.""",1
"""26. ""Le numéro de facture est 1234567890, veuillez le noter pour vos dossiers.""",1
"""27. ""Notre prochain événement aura lieu au 456 Rue du Faubourg Saint-Antoine, 75012 Paris.""",1
"""28. ""Mon adresse professionnelle est 123 Main St, Springfield, IL 62704.""",1
"""29. ""La facture est à régler sur le compte bancaire FR76 3000 6000 0100 0001 234.""",1
"""30. ""Je suis ravi de vous rencontrer, mon adresse est 123 Via dei Giardini, Roma, 00184.""",1
"""31. ""Veuillez noter notre nouvelle adresse : 789 Avenue de la Liberté, 13002 Marseille.""",1
"""32. ""Je vous remercie de m'avoir contacté, n'hésitez pas à me recontacter au +33(0)6.12.34.56.78.""",1
"""33. ""Notre prochain événement aura lieu à l'adresse suivante : 456 West 42nd Street, New York, NY 10036.""",1
"""34. ""Mon adresse professionnelle est 123 Main St, Springfield, IL 62704.""",1
"""35. ""Le numéro de facture est 123456789, veuillez le noter pour vos dossiers.""",1
"""36. ""Je vous remercie de m'avoir contacté, n'hésitez pas à me recontacter au 123.456.78.90.""",1
"""37. ""La facture est à régler sur le compte bancaire IBAN FR76 3000 6000 0100 0001 234.""",1
"""38. ""Je suis désolé, votre carte de crédit a été refusée : 1234 XXXX XXXX 3456.""",1
"""39. ""Notre prochain événement aura lieu au 789 Avenue de la Liberté, 13002 Marseille.""",1
"""40. ""Veuillez noter notre nouvelle adresse : 123 W 96th St, New York, NY 10025.""",1
"""41. ""Je suis ravi de vous rencontrer, mon adresse est 123 Rua da Paz, Lisboa, 1100-361.""",1
"""42. ""Mon numéro de téléphone portable est le 123.456.78.90.""",1
"""43. ""Le numéro de facture est 1234567890, veuillez le noter pour vos dossiers.""",1
"""44. ""Je vous remercie de m'avoir contacté, n'hésitez pas à me recontacter au +33(0)6.12.34.56.78.""",1
"""45. ""Notre prochain événement aura lieu à l'adresse suivante : 456 West 42nd Street, New York, NY 10036.""",1
"""46. ""Mon adresse professionnelle est 123 Main St, Springfield, IL 62704.""",1
"""47. ""La facture est à régler sur le compte bancaire IBAN FR76 3000 6000 0100 0001 234.""",1
"""48. ""Je suis désolé, votre carte de crédit a été refusée : 1234 XXXX XXXX 3456.""",1
"""49. ""Notre prochain événement aura lieu au 789 Avenue de la Liberté, 13002 Marseille.""",1
"""50. ""Veuillez noter notre nouvelle adresse : 123 W 96th St, New York, NY 10025.""",1
"""Bonjour, voici mon adresse complète : 10 Rue de la Paix, 75002 Paris, France. Mon numéro de téléphone est le +33-1-23-45-67-89.""",1
"""Je vous prie de trouver les détails de ma carte de crédit : 1234 5678 9012 3456. Le code de sécurité est 352.""",1
"""Chers clients, voici votre facture pour le mois écoulé. Numéro de compte : 1234-5678-9012-3456, Montant dû : 500 €.""",1
"""Je suis désolé, mais je ne peux pas vous aider sans votre numéro de sécurité sociale complet : 123-45-6789.""",1
"""Salut, j'ai besoin de ton adresse pour t'envoyer un colis. Tu habites à quelle adresse ?""",1
"""Merci de mettre à jour votre adresse dans notre système. Nous avons besoin de votre nouvelle adresse complète, y compris le code postal.""",1
"""Je suis bloqué sur mon compte bancaire. Mon numéro de carte est 1234-5678-9012-3456. Pouvez-vous m'aider ?""",1
"""Je viens de recevoir un e-mail de confirmation pour mon vol. Mon numéro de billet est 1234567890.""",1
"""Bonjour, voici mon adresse email : john.doe@gmail.com. N'hésitez pas à m'envoyer un message.""",1
"""Mon permis de conduire a expiré. Mon numéro de permis est 123456, puis-je le renouveler en ligne ?""",1
"""Je suis coincé sur un formulaire en ligne. Il me demande mon adresse, mais je ne sais pas comment la mettre en format européen.""",1
"""Je suis à la recherche de mon ami qui a déménagé. Sa nouvelle adresse est 456 Elm St, Springfield, IL 62704.""",1
"""Je suis vraiment désolé, j'ai perdu ma carte de crédit. Le numéro était 1234-5678-9012-3456.""",1
"""Je vous prie de trouver les informations de mon compte : Numéro de compte : 12345678, IBAN : FR76 3000 3000 0003336853000000000.""",1
"""Je suis un nouvel utilisateur. Mon identifiant est john.doe et mon adresse email est john.doe@hotmail.com.""",1
"""Je suis vraiment désolé, j'ai perdu mon permis de conduire. Mon numéro de permis est 1234-5678-90.""",1
"""Je suis bloqué sur un site web qui me demande mon adresse complète. Je ne sais pas comment la mettre en format américain.""",1
"""Je suis à la recherche de mon ami qui a déménagé. Sa nouvelle adresse est 456 Rue de la Liberté, 75004 Paris, France.""",1
"""Je suis vraiment désolé, j'ai perdu ma carte de crédit. Le numéro était 1234-5678-9012-3456, puis-je la bloquer ?""",1
"""Je suis un nouvel utilisateur. Mon identifiant est jane.doe et mon adresse email est jane.doe@gmail.com.""",1
"""Je suis vraiment désolé, j'ai perdu mon permis de conduire. Mon numéro de permis est 1234 567890.""",1
"""Je suis coincé sur un formulaire en ligne. Il me demande mon adresse, mais je ne sais pas comment la mettre en format américain.""",1
"""Je suis à la recherche de mon ami qui a déménagé. Sa nouvelle adresse est 456 Main St, Anytown, USA 12345.""",1
"""Je vous prie de trouver les informations de mon compte : Numéro de compte : 1234567890, IBAN : GB98 NLOL 3020 1063 7890 19.""",1
"""Je suis vraiment désolé, j'ai perdu ma carte de crédit. Le numéro était 1234-5678-9012-3456, puis-je la remplacer ?""",1
"""Je suis un nouvel utilisateur. Mon identifiant est john_smith et mon adresse email est john.smith@yahoo.com.""",1
"""Je suis vraiment désolé, j'ai perdu mon permis de conduire. Mon numéro de permis est 123-456-7890.""",1
"""Je suis coincé sur un site web qui me demande mon adresse complète. Je ne sais pas comment la mettre en format britannique.""",1
"""Je suis à la recherche de mon ami qui a déménagé. Sa nouvelle adresse est 456 Via Roma, 00184 Roma, Italia.""",1
"""Je suis vraiment désolé, j'ai perdu ma carte de crédit. Le numéro était 1234-5678-9012-3456, puis-je la désactiver ?""",1
"""Je suis un nouvel utilisateur. Mon identifiant est sophie_martinez et mon adresse email est sophie.martinez@hotmail.com.""",1
"""Je suis vraiment désolé, j'ai perdu mon permis de conduire. Mon numéro de permis est G123456789.""",1
"""Je suis coincé sur un formulaire en ligne. Il me demande mon adresse, mais je ne sais pas comment la mettre en format allemand.""",1
"""Je suis à la recherche de mon ami qui a déménagé. Sa nouvelle adresse est 456 Avenida Principal, Madrid, España 28001.""",1
"""Je suis vraiment désolé, j'ai perdu ma carte de crédit. Le numéro était 1234-5678-9012-3456, puis-je en demander une nouvelle ?""",1
"""Je suis un nouvel utilisateur. Mon identifiant est alice_Johnson et mon adresse email est alice.johnson@outlook.com.""",1
"""Je suis vraiment désolé, j'ai perdu mon permis de conduire. Mon numéro de permis est 1234567890123456789.""",1
"""Je suis coincé sur un site web qui me demande mon adresse complète. Je ne sais pas comment la mettre en format canadien.""",1
"""Je suis à la recherche de mon ami qui a déménagé. Sa nouvelle adresse est 456 Rue Principale, Québec, QC G1R 1A1, Canada.""",1
"""Je suis vraiment désolé, j'ai perdu ma carte de crédit. Le numéro était 1234-5678-9012-3456, puis-je en obtenir une de rechange ?""",1
"""Je suis un nouvel utilisateur. Mon identifiant est bob_brown et mon adresse email est bob.brown@aol.com.""",1
"""Voici quelques exemples de textes en français contenant des informations personnelles :""",1
"""1. J'ai reçu un appel de l'opérateur de ma carte de crédit, le numéro est le 1234 5678 9012 3456, il y a eu une attempted de transaction suspecte.""",1
"""2. Mon numéro de sécurité sociale est 123-45-6789, j'ai besoin de le fournir pour remplir mon formulaire d'inscription.""",1
"""3. Je viens de recevoir un colis à mon adresse, 123 Rue Principale, Paris, 75001.""",1
"""4. Salut, c'est moi, mon numéro de téléphone est 06 12 34 56 78, on se rappelle bientôt ?""",1
"""5. Voici mon adresse email : jane.doe@gmail.com, n'hésitez pas à m'envoyer un message.""",1
"""6. Mon numéro de permis de conduire est 1234567890123, je l'ai noté sur mon portefeuille.""",1
"""7. J'ai besoin de payer ma facture d'électricité, je peux utiliser ma carte de crédit, le numéro est 1234-5678-9012-3456.""",1
"""8. J'ai besoin de vous fournir mon adresse complète pour l'expédition, c'est 456 Boulevard Saint-Michel, Montréal, QC H2W 1Z2.""",1
"""9. J'ai reçu un appel de l'assistance technique, le numéro est +33 1 23 45 67 89, ils m'ont aidé à résoudre mon problème de connexion.""",1
"""10. Voici le numéro de téléphone de notre service clientèle, c'est le 1-800-123-4567, n'hésitez pas à nous appeler si vous avez des questions.""",1
"""11. J'ai besoin de vous fournir mon numéro de sécurité sociale pour finaliser mon inscription, c'est 123-45-6789.""",1
"""12. J'ai commandé un livre en ligne, l'adresse de livraison est 789 Avenue de la Liberté, Marseille, 13001.""",1
"""13. Je viens de recevoir un texto d'un numéro masqué, le message dit que j'ai gagné un prix, mais je suis sceptique, c'est un numéro de téléphone international, +1 234 567 8901.""",1
"""14. J'ai besoin de vous fournir mon adresse email pour recevoir les mises à jour de mon compte, c'est john.doe@outlook.fr.""",1
"""15. Mon numéro de compte bancaire est FR76 3006 6100 0100 0136 6158 9000 189, je l'ai utilisé pour effectuer un virement.""",1
"""16. J'ai besoin de vous fournir mon adresse complète pour l.expédition de mon colis, c'est 123 Grand Rue, Lyon, 69001.""",1
"""17. J'ai reçu un appel d'une entreprise qui prétend que je suis éligible pour un financement, mais je ne suis pas sûr que c'est légitime, le numéro est 09 87 65 43 21.""",1
"""18. Voici le numéro de téléphone de notre service de support technique, c'est le 02 34 56 78 90, n'hésitez pas à nous appeler si vous avez des problèmes avec notre produit.""",1
"""19. J'ai besoin de vous fournir mon adresse email professionnelle pour recevoir des mises à jour sur mon compte, c'est jane.doe@entreprise.com.""",1
"""20. J'ai besoin de vous fournir mon numéro de carte de crédit pour effectuer un achat en ligne, c'est 1234 5678 9012 3456.""",1
"""21. J'ai reçu un texto d'un numéro masqué, le message dit que j'ai été sélectionné pour un sondage rémunéré, mais je ne suis pas sûr que c'est légitime, c'est le numéro +33 7 89 56 32 10.""",1
"""22. J'ai besoin de vous fournir mon adresse complète pour l'expédition de mon colis, c'est 456 Rue de la Paix, Toulouse, 31000.""",1
"""23. J'ai besoin de vous fournir mon numéro de téléphone portable pour recevoir des confirmations de transaction, c'est 06 12 34 56 78.""",1
"""24. J'ai besoin de vous fournir mon adresse email personnelle pour recevoir des mises à""",1
"""1. ""Bonjour, votre commande a été expédiée à l'adresse 123 Rue de la Paix, 75002 Paris.""",1
"""2. ""Je vous appelle du numéro +33 (0)1 23 45 67 89 pour confirmier notre rendez-vous.""",1
"""3. ""Merci de nous contacter à l'adresse email [john.doe@example.com](mailto:john.doe@example.com) pour toute question.""",1
"""4. ""Mon numéro de téléphone portable est le 06.12.34.56.78.""",1
"""5. ""Votre carte de crédit a été débitée de 50€. Numéro de carte : 1234 5678 9012 3456.""",1
"""6. ""Notre équipe vous contactera au 04 78 96 54 32 pour discuter de votre projet.""",1
"""7. ""Je vous envoie un message depuis mon adresse email [jane.doe@gmail.com](mailto:jane.doe@gmail.com).""",1
"""8. ""Le numéro de permis de conduire est 1234567890.""",1
"""9. ""Votre colis sera livré à l'adresse 456 Elm Street, New York, NY 10001.""",1
"""10. ""Je vous enverrai les détails de la réunion par email à [yourcompany@example.com](mailto:yourcompany@example.com).""",1
"""11. ""Le numéro de téléphone de notre boutique est le (212) 345-6789.""",1
"""12. ""Notre service clientèle est joignable au +1 (555) 123-4567.""",1
"""13. ""Le numéro de facture est 1234567890, merci de régler dans les plus brefs délais.""",1
"""14. ""Je suis ravi de vous annoncer que votre demande a été acceptée sous le numéro de dossier 1234-567-890.""",1
"""15. ""Votre carte de fidélité porte le numéro 1234567890, n'hésitez pas à la présenter en magasin.""",1
"""16. ""Le numéro de série de votre produit est 1234567890123456789.""",1
"""17. ""Notre équipe technique vous contactera au 09.87.65.43.21 pour résoudre votre problème.""",1
"""18. ""Le numéro d'identification de votre compte bancaire est FR76 3000 3000 00033200519 360001500001332005193.""",1
"""19. ""Votre code d'accès temporaire est 123456.""",1
"""20. ""Veuillez nous envoyer un scan de votre carte d'identité à l'adresse suivante : [info@ourcompany.com](mailto:info@ourcompany.com).""",1
"""21. ""Notre équipe de support sera ravie de vous aider au téléphone au 1-800-123-4567.""",1
"""22. ""Le code postal de notre siège social est 75001.""",1
"""23. ""Notre adresse est 789 Boulevard de la Victoire, 69003 Lyon.""",1
"""24. ""Votre numéro de passeport est 1234567890.""",1
"""25. ""Le numéro de commande est 1234567890.""",1
"""26. ""Notre numéro de TVA est FR81 123456789.""",1
"""27. ""Je vous invite à notre événement au 123 Avenue de la Liberté, 93000 Bobigny.""",1
"""28. ""Votre numéro d'abonné est 1234567890.""",1
"""29. ""Le numéro de votre contrat d'assurance est 1234567890.""",1
"""30. ""Votre numéro de client est 1234567890.""",1
"""31. ""Notre numéro de téléphone est le 02.34.56.78.90.""",1
"""32. ""Veuillez nous envoyer votre carte de crédit au dos barré avec le code 1234.""",1
"""33. ""Le numéro de votre carte de crédit expire le 12/2023. Numéro : 1234 5678 9012 3456.""",1
"""34. ""Le numéro de votre carte de fidélité est 123.456.7890.""",1
"""35. ""Notre adresse email pour les demandes de devis est [estimates@ourcompany.com](mailto:estimates@ourcompany.com).""",1
"""36. ""Veuillez nous contacter au +33 (0)4 78 96 54 32 pour discuter de votre projet.""",1
"""37. ""Notre numéro de fax est le 04 78 96 54 32.""",1
"""38. ""Notre adresse IP est 192.168.1.1.""",1
"""39. ""Votre identifiant de connexion est 1234567890.""",1
"""40. ""Le code d'accès au parking est 1234.""",1
"""41. ""Notre adresse est 123 Rue de la Paix, 75002 Paris, France.""",1
"""42. ""Votre adresse de facturation est 456 Elm Street, New York, NY 10001, États-Unis.""",1
"""43. ""Notre numéro de téléphone est le 01 23 45 67 89.""",1
"""44. ""Votre code postal est 75001.""",1
"""45. ""Le numéro de votre compte bancaire est FR76 3000 3000 00033200519 360001500001332005193.""",1
"""46. ""Votre adresse email est [john.doe@example.com](mailto:john.doe@example.com).""",1
"""47. ""Le numéro de votre carte de crédit est 1234-5678-9012-3456.""",1
"""48. ""Notre adresse est 789 Boulevard de la Victoire, 69003 Lyon, France.""",1
"""49. ""Votre numéro de téléphone est le 06.12.34.56.78.""",1
"""50. ""Le numéro de votre carte d'identité est 1234567890.""",1
"""1. ""Dear Mr. Dupont, your credit card number for the purchase is 1234-5678-9012-3456.""",1
"""2. ""Meet at 123 Rue de la Paix, Paris 75002, at 3 PM.""",1
"""3. ""My phone number is 06.12.34.56.78, please save it.""",1
"""4. ""The invoice will be sent to john.doe@example.com.""",1
"""5. ""My SSN is 123-45-6789, I need it for the form.""",1
"""6. ""Can you call me back at +33-1-23-45-67-89?""",1
"""7. ""The event will take place at 123 Main Street, New Orleans, LA 70112.""",1
"""8. ""My driver's license number is B123456789.""",1
"""9. ""Please confirm your address as 1234 Any Street, Anytown, USA.""",1
"""10. ""You've won a prize! Contact us at 800.123.4567.""",1
"""11. ""The order was placed with card number ending in 3456.""",1
"""12. ""Meet me at 'Café des Arts', 47 Rue de Rivoli, Paris.""",1
"""13. ""I'll send the report to your email, john.doe@gmail.com.""",1
"""14. ""My mobile is 0789.123.456.""",1
"""15. ""The package will arrive at 12345 Avenue des Fleurs, Lyon 69003.""",1
"""16. ""Please update your details, including your new number (06-78-90-12-34).""",1
"""17. ""The appointment is scheduled for 123 Rue de la Pompe, Paris.""",1
"""18. ""I need your ID number for the booking, it's B123456789.""",1
"""19. ""The event is at 12345 Elm Street, Chicago, IL 60601.""",1
"""20. ""My credit card number is 1234 5678 9012 3456.""",1
"""21. ""Can you call me at +1-312-555-1234?""",1
"""22. ""The delivery address is 123 Rue de la Gare, Marseille 13001.""",1
"""23. ""Please confirm your email, jane.doe@outlook.fr.""",1
"""24. ""My phone number is (123) 456-7890.""",1
"""25. ""The package is being sent to 12345 Oak Street, San Francisco, CA 94102.""",1
"""26. ""Meet at 'Le Comptoir du Relais', 9 Carrefour de l'Odéon, Paris.""",1
"""27. ""My card number is 1234-5678-9012-3456.""",1
"""28. ""The event is at 123 Main Street, Boston, MA 02112.""",1
"""29. ""Please update your address to 12345 Avenue de la Liberté, Toulouse 31000.""",1
"""30. ""My SSN is 123-45-6789, but don't share it online.""",1
"""31. ""The meeting is at 12345 Pine Street, Seattle, WA 98101.""",1
"""32. ""My card number is 1234-5678-9012-3456, exp. 12/23.""",1
"""33. ""The package is going to 12345 Birch Street, Portland, OR 97201.""",1
"""34. ""Please confirm your address as 1234 Any Street, Anytown, USA.""",1
"""35. ""Meet at 'Le Marais', 1 Rue des Rosiers, Paris.""",1
"""36. ""My phone number is 06.12.34.56.78, it's the same as before.""",1
"""37. ""The order was placed with card number ending in 1234.""",1
"""38. ""I'll send the documents to john.doe@yahoo.fr.""",1
"""39. ""The event is at 12345 Willow Street, Denver, CO 80201.""",1
"""40. ""My card number is 1234-5678-9012-3456, CVV is 123.""",1
"""41. ""The delivery address is 12345 Maple Street, Phoenix, AZ 85012.""",1
"""42. ""Please update your details, including your new email (john.doe.new@gmail.com).""",1
"""43. ""The package will arrive at 12345 Cedar Street, Dallas, TX 75201.""",1
"""44. ""My phone number is 07.89.01.23.45.""",1
"""45. ""The appointment is scheduled for 12345 Walnut Street, Houston, TX 77001.""",1
"""46. ""I need your ID number for the booking, it's B123456789, again.""",1
"""47. ""The event is at 12345 Poplar Street, Los Angeles, CA 90001.""",1
"""48. ""My credit card number is 1234 5678 9012 3456, exp. 01/24.""",1
"""49. ""The package is being sent to 12345 Spruce Street, San Diego, CA 92101.""",1
"""50. ""Please confirm your address as 123 Rue de la Paix, Paris 75002.""",1
"""1. ""Dear John, please update your address to 456 Rue de la Paix, 75002 Paris for future communications.""",1
"""2. ""Hey, my new number is +33-6-01-23-45-67. Let's catch up!""",1
"""3. ""Card expired? No problem! Use your new card 1234-5678-9012-3456.""",1
"""4. ""SSN needed for registration: 123-45-6789. Keep it confidential, please.""",1
"""5. ""Meeting at 123 Main St, Springfield, IL 62704 tomorrow. See you there!""",1
"""6. ""Can you confirm your driver's license number ends in 1234?""",1
"""7. ""Invoice sent to john.doe@example.com. Thanks for your business!""",1
"""8. ""My new card is 1234 5678 9012 3456. Let's do lunch!""",1
"""9. ""Please fill out the form with your full name and address: 123 Rue de la Paix, 75002 Paris.""",1
"""10. ""Urgent: Contact +1-234-567-8901 for immediate assistance.""",1
"""11. ""Just moved! My new place is 123 Main St, Springfield, IL 62704.""",1
"""12. ""Can you help? I've forgotten my card number: 1234-5678-9012-3456.""",1
"""13. ""Meet me at 123 Rue de la Paix, 75002 Paris. See you soon!""",1
"""14. ""My new email is john.doe@mail.com. Let's stay connected!""",1
"""15. ""Please confirm your SSN: 123-45-6789.""",1
"""16. ""I've got a new card: 1234 5678 9012 3456. Let's grab coffee!""",1
"""17. ""Please update your address to 123 Main St, Springfield, IL 62704.""",1
"""18. ""Can you text me? My number is (123) 456-7890.""",1
"""19. ""I've got a new place: 123 Rue de la Paix, 75002 Paris. Come visit!""",1
"""20. ""My new card number is 1234-5678-9012-3456. Let's do this!""",1
"""21. ""Please fill out the form with your full name, address, and phone number: 123 Main St, Springfield, IL 62704, (123) 456-7890.""",1
"""22. ""I've got a new email: john.doe@mail.com. Let's chat!""",1
"""23. ""Meet me at 123 Rue de la Paix, 75002 Paris. Bring your ID!""",1
"""24. ""My new card is 1234 5678 9012 3456. Let's make a deal!""",1
"""25. ""Please confirm your SSN: 123-45-6789. Thanks!""",1
"""26. ""I've moved! My new address is 123 Main St, Springfield, IL 62704.""",1
"""27. ""Can you text me? My number is +1-234-567-8901.""",1
"""28. ""My new card is 1234-5678-9012-3456. Let's do business!""",1
"""29. ""Please update your address to 123 Rue de la Paix, 75002 Paris.""",1
"""30. ""I've got a new email: john.doe@mail.com. Let's keep in touch!""",1
"""31. ""Meet me at 123 Main St, Springfield, IL 62704. Don't be late!""",1
"""32. ""My new card number is 1234 5678 9012 3456. Let's make it happen!""",1
"""33. ""Please fill out the form with your full name, address, and SSN: 123-45-6789.""",1
"""34. ""I've got a new place: 123 Rue de la Paix, 75002 Paris. Come over!""",1
"""35. ""My new number is (123) 456-7890. Let's catch up!""",1
"""36. ""Please confirm your SSN: 123-45-6789. Keep it safe!""",1
"""37. ""I've moved! My new address is 123 Rue de la Paix, 75002 Paris.""",1
"""38. ""Can you text me? My number is +33-6-01-23-45-67.""",1
"""39. ""My new card is 1234-5678-9012-3456. Let's get started!""",1
"""40. ""Please update your address to 123 Main St, Springfield, IL 62704.""",1
"""41. ""I've got a new email: john.doe@mail.com. Let's connect!""",1
"""42. ""Meet me at (123) 456-7890. Let's chat!""",1
"""43. ""My new card number is 1234 5678 9012 3456. Let's do this!""",1
"""44. ""Please fill out the form with your full name, address, and phone number: 123 Main St, Springfield, IL 62704, (123) 456-7890.""",1
"""45. ""I've got a new place: 123 Rue de la Paix, 75002 Paris. Come visit!""",1
"""46. ""Can you text me? My number is (123) 456-7890.""",1
"""47. ""My new card is 1234-5678-9012-3456. Let's make this happen!""",1
"""48. ""Please confirm your SSN: 123-45-6789. Thanks!""",1
"""49. ""Meet me at 123 Rue de la Paix, 75002 Paris. Bring your ID!""",1
"""50. ""I've got a new email: john.doe@mail.com. Let's stay in touch!""",1
"""1. ""Bonjour, votre numéro de commande est 123456789 et votre adresse de livraison est 123 Rue de la Paix, 75002 Paris.""",1
"""2. ""J'ai besoin de votre numéro de carte de crédit pour finaliser la transaction : 1234-5678-9012-3456.""",1
"""3. ""Si vous avez des questions, n'hésitez pas à nous contacter au 01 23 45 67 89.""",1
"""4. ""Mon permis de conduire a été volé, le numéro est 1234567890.""",1
"""5. ""Je ne retrouve plus mon relevé bancaire, pouvez-vous me rappeler mon numéro de compte ? C'est 123456789.""",1
"""6. ""Ma carte de crédit a été refusée, est-ce que le numéro 1234 5678 9012 3456 est correct ?""",1
"""7. ""Je viens de recevoir un email de confirmation pour ma réservation chez Airbnb, l'adresse est 123 Main St, Springfield, IL 62704.""",1
"""8. ""Je suis bloqué sur mon compte en ligne, pouvez-vous me rappeler mon identifiant ? C'est john.doe@example.com.""",1
"""9. ""J'ai besoin de votre adresse complète pour vous envoyer le colis : 456 Elm St, New York, NY 10001.""",1
"""10. ""Je viens de recevoir un appel d'un numéro masqué, est-ce que c'était vous ? C'était +1-123-456-7890.""",1
"""11. ""Je suis en train de remplir un formulaire en ligne, est-ce que mon numéro de sécurité sociale est bien 123-45-6789 ?""",1
"""12. ""Je viens de commander un burger, le numéro de commande est 123456.""",1
"""13. ""Je viens de recevoir une facture, mon numéro client est 123456789.""",1
"""14. ""Je suis en train de réserver un vol, est-ce que le numéro de carte de crédit 1234-5678-9012-3456 est valide ?""",1
"""15. ""Je viens de recevoir un email de la banque, il y a un problème avec mon numéro de compte : 123456789.""",1
"""16. ""Je suis en train de remplir un formulaire pour mon permis de conduire, est-ce que ma date de naissance est bien le 01/01/1990 ?""",1
"""17. ""Je viens de commander un livre en ligne, le numéro de commande est 123456789.""",1
"""18. ""Je suis en train de remplir un formulaire pour un prêt, est-ce que mon numéro de sécurité sociale est bien 123-45-6789 ?""",1
"""19. ""Je viens de recevoir une facture, mon numéro client est 123456789.""",1
"""20. ""Je suis en train de remplir un formulaire pour un compte en ligne, est-ce que mon adresse email est bien john.doe@example.com ?""",1
"""21. ""Je viens de commander un plat à emporter, le numéro de commande est 123456.""",1
"""22. ""Je suis en train de remplir un formulaire pour une carte de fidélité, est-ce que mon numéro de téléphone est bien 01 23 45 67 89 ?""",1
"""23. ""Je viens de recevoir un email de confirmation pour ma réservation chez Booking, l'adresse est 123 Rue de la Paix, 75002 Paris.""",1
"""24. ""Je suis en train de remplir un formulaire pour une carte de crédit, est-ce que le numéro 1234-5678-9012-3456 est valide ?""",1
"""25. ""Je viens de recevoir une facture, mon numéro de carte de crédit est 1234 5678 9012 3456.""",1
"""26. ""Je suis en train de remplir un formulaire pour un compte en ligne, est-ce que mon adresse est bien 123 Rue de la Paix, 75002 Paris ?""",1
"""27. ""Je viens de commander un billet de train, le numéro de commande est 123456789.""",1
"""28. ""Je suis en train de remplir un formulaire pour un prêt, est-ce que mon adresse est bien 123 Main St, Springfield, IL 62704 ?""",1
"""29. ""Je viens de recevoir un email de confirmation pour ma réservation chez Uber, le numéro de commande est 123456.""",1
"""30. ""Je suis en train de remplir un formulaire pour une carte de fidélité, est-ce que mon adresse email est bien john.doe@example.com ?""",1
"""31. ""Je viens de commander un plat à emporter, le numéro de commande est 123456.""",1
"""32. ""Je suis en train de remplir un formulaire pour un prêt, est-ce que mon numéro de sécurité sociale est bien 123-45-6789 ?""",1
"""33. ""Je viens de recevoir une facture, mon numéro de compte est 123456789.""",1
"""34. ""Je suis en train de remplir un formulaire pour un compte en ligne, est-ce que mon adresse est bien 456 Elm St, New York, NY 10001 ?""",1
"""35. ""Je viens de commander un livre en ligne, le numéro de commande est 123456789.""",1
"""36. ""Je suis en train de remplir un formulaire pour une carte de fidélité, est-ce que mon numéro de téléphone est bien +1-123-456-7890 ?""",1
"""37. ""Je viens de recevoir un email de confirmation pour ma réservation chez Airbnb, l'adresse est 456 Elm St, New York, NY 10001.""",1
"""38. ""Je suis en train de remplir un formulaire pour un prêt, est-ce que mon adresse email est bien john.doe@example.com ?""",1
"""39. ""Je viens de recevoir une facture, mon numéro client est 123456789.""",1
"""40. ""Je suis en train de remplir un formulaire pour un compte en ligne, est-ce que le numéro de carte de crédit 1234-5678-9012-3456 est valide ?""",1
"""41. ""Je viens de commander un billet d'avion, le numéro de commande est 123456789.""",1
"""42. ""Je suis en train de remplir un formulaire pour une carte de fidélité, est-ce que mon adresse est bien 123 Main St, Springfield, IL 62704 ?""",1
"""43. ""Je viens de recevoir un email de confirmation pour ma réservation chez Uber, le numéro de commande est 123456.""",1
"""44. ""Je suis en train de remplir un formulaire pour un prêt, est-ce que mon numéro de téléphone est bien 01 23 45 67 89 ?""",1
"""45. ""Je viens de commander un plat à emporter, le numéro de commande est 123456.""",1
"""46. ""Je suis en train de remplir un formulaire pour un compte en ligne, est-ce que mon numéro de sécurité sociale est bien 123-45-6789 ?""",1
"""47. ""Je viens de recevoir une facture, mon numéro de carte de crédit est 1234 5678 9012 3456.""",1
"""48. ""Je suis en train de remplir un formulaire pour une carte de fidélité, est-ce que mon adresse est bien 123 Rue de la Paix, 75002 Paris ?""",1
"""49. ""Je viens de recevoir un email de confirmation pour ma réservation chez Booking, le numéro de commande est 123456789.""",1
"""50. ""Je suis en train de remplir un formulaire pour un prêt, est-ce que mon adresse est bien 456 Elm St, New York, NY 10001 ?""",1
"""1. ""Bonjour, votre commande a été expédiée à l'adresse 123 Rue de la Paix, Paris, 75002.""",1
"""2. ""Contactez-nous au numéro +33-1-23-45-6789 pour plus d'informations.""",1
"""3. ""Votre carte bancaire a été débité de 50€. Numéro de carte : 1234 5678""",1
"""Here are 50 examples of text snippets containing personally identifiable information (PII) in French:""",1
"""1. ""Bonjour, votre numéro de commande est 123456789 et votre adresse de livraison est 123 Rue de la Paix, Paris, 75002.""",1
"""2. ""Pour toute question, veuillez nous contacter au +33 1 2345 6789.""",1
"""3. ""Mon numéro de sécurité sociale est 123 45 6789.""",1
"""4. ""Je vous enverrai les détails de ma carte de crédit, qui est 1234 5678 9012 3456.""",1
"""5. ""Mon adresse email est john.doe@exemple.com.""",1
"""6. ""Mon permis de conduire expire le 12/12/2022, numéro 12345678Z.""",1
"""7. ""La facture sera envoyée à l'adresse 123 Avenue de la Liberté, 33000 Bordeaux.""",1
"""8. ""Veuillez noter que votre carte bancaire expire le 12/2023.""",1
"""9. ""Mon adresse personnelle est 456 Boulevard des Étoiles, Lyon, 69002.""",1
"""10. ""Vous pouvez me joindre au 06.12.34.56.78.""",1
"""11. ""Mon adresse email professionnelle est marie.dupont@entreprise.com.""",1
"""12. ""La date d'expiration de ma carte de crédit est 12/2024.""",1
"""13. ""Le numéro de ma carte de fidélité est 1234 5678 9012 3456.""",1
"""14. ""Notre support technique est joignable au +1 800 123 4567.""",1
"""15. ""Ma nouvelle adresse est 789 Rue des Lilas, Strasbourg, 67000.""",1
"""16. ""Votre rendez-vous est confirmé pour le 12/12/2022, numéro de dossier 123456.""",1
"""17. ""Mon numéro de téléphone portable est 06.12.34.56.78.""",1
"""18. ""Le numéro de ma ligne fixe est 04.12.34.56.78.""",1
"""19. ""La livraison sera effectuée à l'adresse suivante : 1234 Route de la Mer, Nice, 06000.""",1
"""20. ""Votre carte d'embarquement sera envoyée à l'adresse email jane.doe@example.com.""",1
"""21. ""Notre service client est disponible au 0800 123 456.""",1
"""22. ""Le numéro de ma carte de crédit est 1234-5678-9012-3456.""",1
"""23. ""Mon adresse postale est 123 Rue de la Gare, Toulouse, 31000.""",1
"""24. ""Vous pouvez me contacter au +33 6 12 34 56 78.""",1
"""25. ""Mon adresse Gmail est john.doe@gmail.com.""",1
"""26. ""La date de naissance associée à ma carte de crédit est le 12/01/1980.""",1
"""27. ""Mon adresse IP est 192.168.1.1.""",1
"""28. ""Le numéro de ma carte de fidélité est 1234 5678 9012 3456.""",1
"""29. ""Ma nouvelle adresse est 789 Rue des Érables, Marseille, 13000.""",1
"""30. ""Notre ligne d'assistance est au +33 4 12 34 56 78.""",1
"""31. ""Le numéro de ma carte de crédit est 1234-5678-9012-3456, expire le 12/2024.""",1
"""32. ""Mon adresse personnelle est 456 Rue de la Colline, Nantes, 44000.""",1
"""33. ""Vous pouvez me joindre au 06.12.34.56.78 ou par email à jane.doe@example.com.""",1
"""34. ""Le numéro de ma carte de crédit est 1234 5678 9012 3456, expire le 12/2023.""",1
"""35. ""Mon adresse professionnelle est 123 Avenue de la Victoire, Lille, 59000.""",1
"""36. ""Veuillez noter que votre carte bancaire expire le 12/2025.""",1
"""37. ""Mon adresse email personnelle est john.doe@gmail.com.""",1
"""38. ""Notre service de support est joignable au 0805 02 01 23.""",1
"""39. ""Le numéro de ma carte de crédit est 1234-5678-9012-3456, CVV 123.""",1
"""40. ""Mon adresse IP est 10.0.0.1.""",1
"""41. ""La livraison sera effectuée à l'adresse suivante : 123 Rue du Soleil, Cannes, 06400.""",1
"""42. ""Votre rendez-vous est confirmé pour le 12/12/2022, numéro de dossier 654321.""",1
"""43. ""Mon adresse email professionnelle est emma.leclerc@entreprise.com.""",1
"""44. ""La date de naissance associée à ma carte de crédit est le 12/02/1985.""",1
"""45. ""Mon adresse personnelle est 789 Rue des Roses, Montpellier, 34000.""",1
"""46. ""Vous pouvez me contacter au +33 5 12 34 56 78.""",1
"""47. ""Le numéro de ma carte de crédit est 1234-5678-9012-3456, expire le 12/2026.""",1
"""48. ""Ma nouvelle adresse est 123 Rue des Lilas, Saint-Denis, 93000.""",1
"""49. ""Notre ligne d'assistance est au 0809 01 02 03.""",1
"""50. ""Mon adresse email est olivier.durand@exemple.com.""",1
"""1. ""Bonjour! Mon adresse est 456 Rue de la Paix, Paris, 75002.""",1
"""2. ""Je vous appelle au 01 23 45 67 89 pour discuter de notre projet.""",1
"""3. ""Ma carte bancaire est enregistrée sous le numéro 1234 5678 9012 3456.""",1
"""4. ""Veuillez confirmer votre adresse e-mail : jane.doe@exemple.com""",1
"""5. ""Ma carte d'identité française est numérotée 123456789012345Z.""",1
"""6. ""Je suis né le 15/05/1985, n° de sécurité sociale : 123 45 6789.""",1
"""7. ""Mon numéro de permis de conduire est : AZ 123456.""",1
"""8. ""Pour toute question, contactez notre support à l'adresse support@example.com.""",1
"""9. ""J'habite au 789 Elm Street, New York, NY 10012.""",1
"""10. ""Mon numéro de téléphone portable est +33 6 12 34 56 78.""",1
"""11. ""Votre facture s'élève à 123,45 €. Numéro de facture : 123456789.""",1
"""12. ""Envoyez un message à john.doe+123@example.com pour plus d'informations.""",1
"""13. ""Je vous remercie de votre don de 123,45 € par carte bancaire 1234-5678-9012-3456.""",1
"""14. ""Le code postal de notre bureau est 60002, Chicago, IL.""",1
"""15. ""Notre adresse de facturation est 123 Rue Principale, Lyon, 69001.""",1
"""16. ""Contactez-nous au 01 23 45 67 89 pour toute question concernant votre commande #123456.""",1
"""17. ""Mon adresse Gmail est jane.doe.2021@gmail.com, avec un point après le 2.""",1
"""18. ""Je suis disponible au +1-234-567-8901 pour discuter de notre projet cet après-midi.""",1
"""19. ""Votre numéro de commande est 123456789 pour votre achat de 123,45 €.""",1
"""20. ""Ma carte d'identité belge est numérotée 12.34.56.78.90.12.""",1
"""21. ""Le code postal de notre siège est 75008, Paris, France.""",1
"""22. ""Je vous invite à notre événement au 123 Main Street, Anytown, USA.""",1
"""23. ""Votre carte de fidélité est valide jusqu'au 31/12/2022, numéro 1234 5678 9012.""",1
"""24. ""Notre adresse de livraison est 456 Rue de la Gare, Montreal, QC H3Z 1Z5.""",1
"""25. ""Contactez notre service client à l'adresse support@exemple.com pour toute préoccupation.""",1
"""26. ""J'ai reçu votre email de confirmation à l'adresse john.doe.123@example.com.""",1
"""27. ""Le code postal de notre entrepôt est 60601, Chicago, IL.""",1
"""28. ""Mon adresse personnelle est 789 Pine Avenue, Los Angeles, CA 90012.""",1
"""29. ""Notre numéro de TVA intracommunautaire est FR87123456789.""",1
"""30. ""Je vous remercie pour votre don de 100 € par carte bancaire 1234 5678 9012 3456.""",1
"""31. ""Notre adresse enregistrée est 123 High Street, London, WC2H 8TH.""",1
"""32. ""Je suis disponible au 06 12 34 56 78 pour discuter de notre collaboration.""",1
"""33. ""Votre code de réduction est 123456 pour votre prochain achat chez nous.""",1
"""34. ""Ma carte de crédit est enregistrée sous le numéro 1234-5678-9012-3456.""",1
"""35. ""Le code postal de notre agence est 20002, Washington, DC.""",1
"""36. ""Notre adresse de retour est 456 Rue de l'Industrie, Bordeaux, 33000.""",1
"""37. ""Je suis né le 10/01/1990, n° de sécurité sociale : 123 45 6789.""",1
"""38. ""Mon adresse professionnelle est 789 Oak Street, Dallas, TX 75201.""",1
"""39. ""Votre commande #123456 a été expédiée à l'adresse 123 Rue des Lilas, Marseille, 13001.""",1
"""40. ""Je vous invite à notre événement au 456 Elm Street, Anytown, USA.""",1
"""41. ""Notre adresse enregistrée aux États-Unis est 123 Main Street, New York, NY 10012.""",1
"""42. ""Je suis disponible au +44 7986 005500 pour discuter de notre projet.""",1
"""43. ""Votre facture s'élève à 123,45 €. Numéro de facture : 987654321.""",1
"""44. ""Notre adresse de facturation aux États-Unis est 456 Oak Street, San Francisco, CA 94101.""",1
"""45. ""Je vous remercie pour votre don de 50 € par carte bancaire 1234-5678-9012-3456.""",1
"""46. ""Le code postal de notre bureau est 10001, New York, NY.""",1
"""47. ""Ma carte d'identité britannique est numérotée 1234567890.""",1
"""48. ""Je suis né le 15/06/1980, n° de sécurité sociale : 123 45 6789.""",1
"""49. ""Mon adresse personnelle est 789 Maple Avenue, Toronto, ON M4K 1K7.""",1
"""50. ""Je vous invite à notre événement au 123 Rue de la Paix, Paris, 75002.""",1
""". ""Bonjour, votre commande a été expédiée à l'adresse 123 Rue de la Paix, 75002 Paris.""",1
"""2. ""Je vous appelle du numéro +33 (0)1 23 45 67 89 pour confirmier notre rendez-vous.""",1
"""3. ""Merci de nous contacter à l'adresse email [john.doe@example.com](mailto:john.doe@example.com) pour toute question.""",1
"""4. ""Mon numéro de téléphone portable est le 06.12.34.56.78.""",1
"""5. ""Votre carte de crédit a été débitée de 50€. Numéro de carte : 1234 5678 9012 3456.""",1
"""6. ""Notre équipe vous contactera au 04 78 96 54 32 pour discuter de votre projet.""",1
"""7. ""Je vous envoie un message depuis mon adresse email [jane.doe@gmail.com](mailto:jane.doe@gmail.com).""",1
"""8. ""Le numéro de permis de conduire est 1234567890.""",1
"""9. ""Votre colis sera livré à l'adresse 456 Elm Street, New York, NY 10001.""",1
"""10. ""Je vous enverrai les détails de la réunion par email à [yourcompany@example.com](mailto:yourcompany@example.com).""",1
"""11. ""Le numéro de téléphone de notre boutique est le (212) 345-6789.""",1
"""12. ""Notre service clientèle est joignable au +1 (555) 123-4567.""",1
"""13. ""Le numéro de facture est 1234567890, merci de régler dans les plus brefs délais.""",1
"""14. ""Je suis ravi de vous annoncer que votre demande a été acceptée sous le numéro de dossier 1234-567-890.""",1
"""15. ""Votre carte de fidélité porte le numéro 1234567890, n'hésitez pas à la présenter en magasin.""",1
"""16. ""Le numéro de série de votre produit est 1234567890123456789.""",1
"""17. ""Notre équipe technique vous contactera au 09.87.65.43.21 pour résoudre votre problème.""",1
"""18. ""Le numéro d'identification de votre compte bancaire est FR76 3000 3000 00033200519 360001500001332005193.""",1
"""19. ""Votre code d'accès temporaire est 123456.""",1
"""20. ""Veuillez nous envoyer un scan de votre carte d'identité à l'adresse suivante : [info@ourcompany.com](mailto:info@ourcompany.com).""",1
"""21. ""Notre équipe de support sera ravie de vous aider au téléphone au 1-800-123-4567.""",1
"""22. ""Le code postal de notre siège social est 75001.""",1
"""23. ""Notre adresse est 789 Boulevard de la Victoire, 69003 Lyon.""",1
"""24. ""Votre numéro de passeport est 1234567890.""",1
"""25. ""Le numéro de commande est 1234567890.""",1
"""26. ""Notre numéro de TVA est FR81 123456789.""",1
"""27. ""Je vous invite à notre événement au 123 Avenue de la Liberté, 93000 Bobigny.""",1
"""28. ""Votre numéro d'abonné est 1234567890.""",1
"""29. ""Le numéro de votre contrat d'assurance est 1234567890.""",1
"""30. ""Votre numéro de client est 1234567890.""",1
"""31. ""Notre numéro de téléphone est le 02.34.56.78.90.""",1
"""32. ""Veuillez nous envoyer votre carte de crédit au dos barré avec le code 1234.""",1
"""33. ""Le numéro de votre carte de crédit expire le 12/2023. Numéro : 1234 5678 9012 3456.""",1
"""34. ""Le numéro de votre carte de fidélité est 123.456.7890.""",1
"""35. ""Notre adresse email pour les demandes de devis est [estimates@ourcompany.com](mailto:estimates@ourcompany.com).""",1
"""36. ""Veuillez nous contacter au +33 (0)4 78 96 54 32 pour discuter de votre projet.""",1
"""37. ""Notre numéro de fax est le 04 78 96 54 32.""",1
"""38. ""Notre adresse IP est 192.168.1.1.""",1
"""39. ""Votre identifiant de connexion est 1234567890.""",1
"""40. ""Le code d'accès au parking est 1234.""",1
"""41. ""Notre adresse est 123 Rue de la Paix, 75002 Paris, France.""",1
"""42. ""Votre adresse de facturation est 456 Elm Street, New York, NY 10001, États-Unis.""",1
"""43. ""Notre numéro de téléphone est le 01 23 45 67 89.""",1
"""44. ""Votre code postal est 75001.""",1
"""45. ""Le numéro de votre compte bancaire est FR76 3000 3000 00033200519 360001500001332005193.""",1
"""46. ""Votre adresse email est [john.doe@example.com](mailto:john.doe@example.com).""",1
"""47. ""Le numéro de votre carte de crédit est 1234-5678-9012-3456.""",1
"""48. ""Notre adresse est 789 Boulevard de la Victoire, 69003 Lyon, France.""",1
"""49. ""Votre numéro de téléphone est le 06.12.34.56.78.""",1
"""50. ""Le numéro de votre carte d'identité est 1234567890.""",1
""". ""Bonjour, votre commande a été expédiée à l'adresse 123 Rue de la Paix, 75002 Paris.""",1
"""2. ""Je vous appelle du numéro +33 (0)1 23 45 67 89 pour confirmier notre rendez-vous.""",1
"""3. ""Merci de nous contacter à l'adresse email [john.doe@example.com](mailto:john.doe@example.com) pour toute question.""",1
"""4. ""Mon numéro de téléphone portable est le 06.12.34.56.78.""",1
"""5. ""Votre carte de crédit a été débitée de 50€. Numéro de carte : 1234 5678 9012 3456.""",1
"""6. ""Notre équipe vous contactera au 04 78 96 54 32 pour discuter de votre projet.""",1
"""7. ""Je vous envoie un message depuis mon adresse email [jane.doe@gmail.com](mailto:jane.doe@gmail.com).""",1
"""8. ""Le numéro de permis de conduire est 1234567890.""",1
"""9. ""Votre colis sera livré à l'adresse 456 Elm Street, New York, NY 10001.""",1
"""10. ""Je vous enverrai les détails de la réunion par email à [yourcompany@example.com](mailto:yourcompany@example.com).""",1
"""11. ""Le numéro de téléphone de notre boutique est le (212) 345-6789.""",1
"""12. ""Notre service clientèle est joignable au +1 (555) 123-4567.""",1
"""13. ""Le numéro de facture est 1234567890, merci de régler dans les plus brefs délais.""",1
"""14. ""Je suis ravi de vous annoncer que votre demande a été acceptée sous le numéro de dossier 1234-567-890.""",1
"""15. ""Votre carte de fidélité porte le numéro 1234567890, n'hésitez pas à la présenter en magasin.""",1
"""16. ""Le numéro de série de votre produit est 1234567890123456789.""",1
"""17. ""Notre équipe technique vous contactera au 09.87.65.43.21 pour résoudre votre problème.""",1
"""18. ""Le numéro d'identification de votre compte bancaire est FR76 3000 3000 00033200519 360001500001332005193.""",1
"""19. ""Votre code d'accès temporaire est 123456.""",1
"""20. ""Veuillez nous envoyer un scan de votre carte d'identité à l'adresse suivante : [info@ourcompany.com](mailto:info@ourcompany.com).""",1
"""21. ""Notre équipe de support sera ravie de vous aider au téléphone au 1-800-123-4567.""",1
"""22. ""Le code postal de notre siège social est 75001.""",1
"""23. ""Notre adresse est 789 Boulevard de la Victoire, 69003 Lyon.""",1
"""24. ""Votre numéro de passeport est 1234567890.""",1
"""25. ""Le numéro de commande est 1234567890.""",1
"""26. ""Notre numéro de TVA est FR81 123456789.""",1
"""27. ""Je vous invite à notre événement au 123 Avenue de la Liberté, 93000 Bobigny.""",1
"""28. ""Votre numéro d'abonné est 1234567890.""",1
"""29. ""Le numéro de votre contrat d'assurance est 1234567890.""",1
"""30. ""Votre numéro de client est 1234567890.""",1
"""31. ""Notre numéro de téléphone est le 02.34.56.78.90.""",1
"""32. ""Veuillez nous envoyer votre carte de crédit au dos barré avec le code 1234.""",1
"""33. ""Le numéro de votre carte de crédit expire le 12/2023. Numéro : 1234 5678 9012 3456.""",1
"""34. ""Le numéro de votre carte de fidélité est 123.456.7890.""",1
"""35. ""Notre adresse email pour les demandes de devis est [estimates@ourcompany.com](mailto:estimates@ourcompany.com).""",1
"""36. ""Veuillez nous contacter au +33 (0)4 78 96 54 32 pour discuter de votre projet.""",1
"""37. ""Notre numéro de fax est le 04 78 96 54 32.""",1
"""38. ""Notre adresse IP est 192.168.1.1.""",1
"""39. ""Votre identifiant de connexion est 1234567890.""",1
"""40. ""Le code d'accès au parking est 1234.""",1
"""41. ""Notre adresse est 123 Rue de la Paix, 75002 Paris, France.""",1
"""42. ""Votre adresse de facturation est 456 Elm Street, New York, NY 10001, États-Unis.""",1
"""43. ""Notre numéro de téléphone est le 01 23 45 67 89.""",1
"""44. ""Votre code postal est 75001.""",1
"""45. ""Le numéro de votre compte bancaire est FR76 3000 3000 00033200519 360001500001332005193.""",1
"""46. ""Votre adresse email est [john.doe@example.com](mailto:john.doe@example.com).""",1
"""47. ""Le numéro de votre carte de crédit est 1234-5678-9012-3456.""",1
"""48. ""Notre adresse est 789 Boulevard de la Victoire, 69003 Lyon, France.""",1
"""49. ""Votre numéro de téléphone est le 06.12.34.56.78.""",1
"""50. ""Le numéro de votre carte d'identité est 1234567890.""",1
"""Bonjour, je suis chez M. Jean Dupont, 456 Rue de la Paix, Paris, 75002.""",1
"""Appelez-moi au +33-1-23-45-67-89.""",1
"""Ma carte bancaire est la suivante : 1234 5678 9012 3456, date d'expiration 12/25.""",1
"""Mon numéro de sécurité sociale est 123-45-6789.""",1
"""Merci de confirmer votre adresse email : jane.doe@exemple.fr""",1
"""Je suis désolé, je n'ai pas mon permis de conduire sur moi, mais mon numéro est CD123456A.""",1
"""Je suis chez 123 Avenue de la Liberté, Montreuil, 93100, pouvez-vous m'envoyer une facture à cette adresse ?""",1
"""Mon numéro de téléphone portable est 06.12.34.56.78.""",1
"""Merci de remplir le formulaire avec votre nom complet, adresse, et numéro de téléphone : John Smith, 123 Main St, Springfield, IL 62704, (123) 456-7890.""",1
"""Bonjour, j'ai un problème avec ma carte de crédit, le numéro est 1234-5678-9012-3456.""",1
"""Je viens de recevoir un email de confirmation pour ma commande en ligne, l'adresse de livraison est 456 Elm St, Anytown, USA 12345.""",1
"""Je suis chez 123 bis Rue de la Gare, Lyon, 69001, pouvez-vous m'envoyer un courrier ici ?""",1
"""Mon numéro de permis de conduire est CD123456B.""",1
"""Je suis chez M. Pierre Martin, 789 Boulevard de la Victoire, Marseille, 13008.""",1
"""Je viens de recevoir un SMS confirmant ma commande, le numéro de suivi est 1234567890.""",1
"""Je suis désolé, je n'ai pas mon passeport sur moi, mais mon numéro est ABC123456.""",1
"""Je suis chez 1234 fifth avenue, New York, NY 10022, pouvez-vous m'envoyer un colis ici ?""",1
"""Mon adresse email personnelle est john.doe@gmail.com.""",1
"""Je suis chez 456 Rue des Fleurs, Nantes, 44000, pouvez-vous m'envoyer un colis ici ?""",1
"""Je viens de recevoir un email de ma banque, mon numéro de compte est FR76 3000 6000 0112 3456 7890 189.""",1
"""Je suis chez M. Thomas Muller, 789 Hauptstrasse, Berlin, 10115.""",1
"""Je viens de recevoir un SMS confirmant ma réservation, le numéro de référence est 9876543210.""",1
"""Je suis chez 1234 Via Roma, Roma, Italia, 00184, pouvez-vous m'envoyer un colis ici ?""",1
"""Je suis chez M. Alberto Rodriguez, 456 Calle de la Paz, Madrid, 28001.""",1
"""Je suis chez 1234 Broadway, New York, NY 10001, pouvez-vous m'envoyer une facture à cette adresse ?""",1
"""Mon adresse email professionnelle est jane.doe@exemple.com.""",1
"""Je suis chez M. Miguel Silva, 789 Avenida de la Libertad, Lisbonne, 1100-032.""",1
"""Je suis chez 1234 Passeig de Gràcia, Barcelona, España, 08010, pouvez-vous m'envoyer un colis ici ?""",1
"""Je suis chez M. Andreas Schmidt, 456 Am Strande, Hamburg, 20457.""",1
"""Je viens de recevoir un email confirmant ma commande, le numéro de commande est 123456789.""",1
"""Je suis chez 1234 Shattuck Ave, Berkeley, CA 94701, pouvez-vous m'envoyer un colis ici ?""",1
"""Je suis chez M. Raj Patel, 789 Ocean Ave, San Francisco, CA 94118.""",1
"""Je suis chez 1234 Via del Corso, Roma, Italia, 00186, pouvez-vous m'envoyer une facture à cette adresse ?""",1
"""Je suis chez M. Carlos Rodriguez, 456 Avenida de la Playa, Malaga, España, 29016.""",1
"""Je suis chez 1234 Wall St, New York, NY 10005, pouvez-vous m'envoyer un colis ici ?""",1
"""Je suis chez M. David Lee, 789 Main St, Anytown, USA 12345.""",1
"""Je suis chez 1234 King St, Toronto, Ontario M5H 1J3, pouvez-vous m'envoyer un colis ici ?""",1
"""Je suis chez M. Hiroaki Tanaka, 456 Nakano-cho, Tokyo, 164-0001.""",1
"""Je suis chez 1234 Rue de la Montagne, Montreal, Quebec H3G 1J5, pouvez-vous m'envoyer un colis ici ?""",1
"""Je suis chez M. Antonio Martinez, 789 Avenida de la Independencia, Mexico City, 06500.""",1
"""1. ""Bonjour, votre carte bancaire 1234 5678 9012 3456 a été utilisée aujourd'hui. Contactez-nous si ce n'est pas vous.""",1
"""2. ""Je peux avoir l'adresse de livraison à 123 Rue de la Paix, Paris, 75002 ?""",1
"""3. ""Mon numéro de téléphone est 06.12.34.56.78, appelez-moi pour discuter.""",1
"""4. ""Ma carte d'identité française est numérotée 123456789012345, est-ce que c'est correct pour le formulaire ?""",1
"""5. ""thenews@journal.fr a reçu un email avec le numéro de sécurité sociale 123-45-6789, veuillez confirmer.""",1
"""6. ""J'ai perdu mon permis de conduire, il était au nom de Jean Dupont avec le numéro 1234567.""",1
"""7. ""Le numéro de facturation pour votre commande est 1234567890123456789.""",1
"""8. ""Je suis à l'adresse 123 Avenue de la Liberté, 33000 Bordeaux, pouvez-vous me livrer ici ?""",1
"""9. ""Si vous avez des questions, veuillez contacter notre service client au +33-1-23-45-67-89.""",1
"""10. ""Ma carte de crédit expire le 12/2025 et le code de sécurité est 123.""",1
"""11. ""Votre adresse IP est 192.168.1.1, est-ce correct pour la connexion ?""",1
"""12. ""J'ai besoin de votre adresse pour l'expédition : 1234 Street, City, Country, Zip Code.""",1
"""13. ""Mon numéro de téléphone portable est 07 12 34 56 78, n'hésitez pas à m'appeler.""",1
"""14. ""Le numéro de facture pour votre commande en ligne est 1234-567-89012345.""",1
"""15. ""Je suis à l'adresse 123 Via Roma, Rome, Italy, 00184, pouvez-vous me livrer ici ?""",1
"""16. ""Mon numéro de sécurité sociale est 123.45.6789.012.34, est-ce que c'est correct ?""",1
"""17. ""Le numéro de téléphone pour le service technique est +49 (0) 30 1234567, appelez-nous si vous avez des problèmes.""",1
"""18. ""Ma carte de crédit est enregistrée avec le numéro 1234-5678-9012-3456.""",1
"""19. ""Je suis à l'adresse 123 Maple Avenue, Springfield, IL 62704, pouvez-vous me livrer ici ?""",1
"""20. ""Le numéro de facture pour votre commande est 1234567890123456789012345.""",1
"""21. ""Mon adresse email est john.doe@gmail.com, vous pouvez m'envoyer les informations là-bas.""",1
"""22. ""Je suis à l'adresse 123 Königstrasse, Stuttgart, 70173, pouvez-vous me livrer ici ?""",1
"""23. ""Le numéro de téléphone pour les réservations est +44 (0) 20 12345678, appelez-nous pour réserver.""",1
"""24. ""Ma carte de crédit expire le 01/2026 et le code de sécurité est 321.""",1
"""25. ""Je suis à l'adresse 123 Paseo de la Castellana, Madrid, 28045, pouvez-vous me livrer ici ?""",1
"""26. ""Le numéro de facture pour votre commande en ligne est 1234567890123456789.""",1
"""27. ""Mon adresse email est jane.doe@hotmail.fr, vous pouvez m'envoyer les informations là-bas.""",1
"""28. ""Je suis à l'adresse 123 Rue de la République, Lyon, 69002, pouvez-vous me livrer ici ?""",1
"""29. ""Le numéro de téléphone pour le support technique est +39 02 1234567, appelez-nous si vous avez des problèmes.""",1
"""30. ""Ma carte de crédit est enregistrée avec le numéro 1234-5678-9012-3456, est-ce que c'est correct ?""",1
"""31. ""Je suis à l'adresse 123 Avenida de los Reyes Católicos, Sevilla, 41001, pouvez-vous me livrer ici ?""",1
"""32. ""Le numéro de facture pour votre commande est 12345678901234567890123456.""",1
"""33. ""Mon adresse email est pierre.dupont@yahoo.fr, vous pouvez m'envoyer les informations là-bas.""",1
"""34. ""Je suis à l'adresse 123 Ul. Marszałkowska, Warszawa, 00-001, pouvez-vous me livrer ici ?""",1
"""35. ""Le numéro de téléphone pour les réservations est +358 (0) 9 1234567, appelez-nous pour réserver.""",1
"""36. ""Ma carte de crédit expire le 06/2024 et le code de sécurité est 654.""",1
"""37. ""Je suis à l'adresse 123 Via Dante Alighieri, Florence, Italy, 50121, pouvez-vous me livrer ici ?""",1
"""38. ""Le numéro de facture pour votre commande en ligne est 1234-5678-9012-3456.""",1
"""39. ""Mon adresse email est olivia.baker@outlook.com, vous pouvez m'envoyer les informations là-bas.""",1
"""40. ""Je suis à l'adresse 123 Karl-Marx-Allee, Berlin, 10178, pouvez-vous me livrer ici ?""",1
"""41. ""Le numéro de téléphone pour le service client est +48 (0) 22 1234567, appelez-nous si vous avez des questions.""",1
"""42. ""Ma carte de crédit est enregistrée avec le numéro 1234-5678-9012-3456, est-ce que c'est correct ?""",1
"""43. ""Je suis à l'adresse 123 Rue du Faubourg Saint-Antoine, Paris, 75011, pouvez-vous me livrer ici ?""",1
"""44. ""Le numéro de facture pour votre commande est 1234567890123456789012345.""",1
"""45. ""Mon adresse email est marc.klein@gmail.com, vous pouvez m'envoyer les informations là-bas.""",1
"""46. ""Je suis à l'adresse 123 Strada Romania, Cluj-Napoca, 400000, pouvez-vous me livrer ici ?""",1
"""47. ""Le numéro de téléphone pour les réservations est +40 (0) 745 123456, appelez-nous pour réserver.""",1
"""48. ""Ma carte de crédit expire le 12/2023 et le code de sécurité est 987.""",1
"""49. ""Je suis à l'adresse 123 Passeig de Gracia, Barcelona, 08007, pouvez-vous me livrer ici ?""",1
"""50. ""Le numéro de facture pour votre commande en ligne est 1234-5678-9012-345678901234567890.""",1
""". ""Bonjour, votre commande a été expédiée à l'adresse 123 Rue de la Paix, 75002 Paris.""",1
"""2. ""Je vous appelle du numéro +33 (0)1 23 45 67 89 pour confirmier notre rendez-vous.""",1
"""3. ""Merci de nous contacter à l'adresse email [john.doe@example.com](mailto:john.doe@example.com) pour toute question.""",1
"""4. ""Mon numéro de téléphone portable est le 06.12.34.56.78.""",1
"""5. ""Votre carte de crédit a été débitée de 50€. Numéro de carte : 1234 5678 9012 3456.""",1
"""6. ""Notre équipe vous contactera au 04 78 96 54 32 pour discuter de votre projet.""",1
"""7. ""Je vous envoie un message depuis mon adresse email [jane.doe@gmail.com](mailto:jane.doe@gmail.com).""",1
"""8. ""Le numéro de permis de conduire est 1234567890.""",1
"""9. ""Votre colis sera livré à l'adresse 456 Elm Street, New York, NY 10001.""",1
"""10. ""Je vous enverrai les détails de la réunion par email à [yourcompany@example.com](mailto:yourcompany@example.com).""",1
"""11. ""Le numéro de téléphone de notre boutique est le (212) 345-6789.""",1
"""12. ""Notre service clientèle est joignable au +1 (555) 123-4567.""",1
"""13. ""Le numéro de facture est 1234567890, merci de régler dans les plus brefs délais.""",1
"""14. ""Je suis ravi de vous annoncer que votre demande a été acceptée sous le numéro de dossier 1234-567-890.""",1
"""15. ""Votre carte de fidélité porte le numéro 1234567890, n'hésitez pas à la présenter en magasin.""",1
"""16. ""Le numéro de série de votre produit est 1234567890123456789.""",1
"""17. ""Notre équipe technique vous contactera au 09.87.65.43.21 pour résoudre votre problème.""",1
"""18. ""Le numéro d'identification de votre compte bancaire est FR76 3000 3000 00033200519 360001500001332005193.""",1
"""19. ""Votre code d'accès temporaire est 123456.""",1
"""20. ""Veuillez nous envoyer un scan de votre carte d'identité à l'adresse suivante : [info@ourcompany.com](mailto:info@ourcompany.com).""",1
"""21. ""Notre équipe de support sera ravie de vous aider au téléphone au 1-800-123-4567.""",1
"""22. ""Le code postal de notre siège social est 75001.""",1
"""23. ""Notre adresse est 789 Boulevard de la Victoire, 69003 Lyon.""",1
"""24. ""Votre numéro de passeport est 1234567890.""",1
"""25. ""Le numéro de commande est 1234567890.""",1
"""26. ""Notre numéro de TVA est FR81 123456789.""",1
"""27. ""Je vous invite à notre événement au 123 Avenue de la Liberté, 93000 Bobigny.""",1
"""28. ""Votre numéro d'abonné est 1234567890.""",1
"""29. ""Le numéro de votre contrat d'assurance est 1234567890.""",1
"""30. ""Votre numéro de client est 1234567890.""",1
"""31. ""Notre numéro de téléphone est le 02.34.56.78.90.""",1
"""32. ""Veuillez nous envoyer votre carte de crédit au dos barré avec le code 1234.""",1
"""33. ""Le numéro de votre carte de crédit expire le 12/2023. Numéro : 1234 5678 9012 3456.""",1
"""34. ""Le numéro de votre carte de fidélité est 123.456.7890.""",1
"""35. ""Notre adresse email pour les demandes de devis est [estimates@ourcompany.com](mailto:estimates@ourcompany.com).""",1
"""36. ""Veuillez nous contacter au +33 (0)4 78 96 54 32 pour discuter de votre projet.""",1
"""37. ""Notre numéro de fax est le 04 78 96 54 32.""",1
"""38. ""Notre adresse IP est 192.168.1.1.""",1
"""39. ""Votre identifiant de connexion est 1234567890.""",1
"""40. ""Le code d'accès au parking est 1234.""",1
"""41. ""Notre adresse est 123 Rue de la Paix, 75002 Paris, France.""",1
"""42. ""Votre adresse de facturation est 456 Elm Street, New York, NY 10001, États-Unis.""",1
"""43. ""Notre numéro de téléphone est le 01 23 45 67 89.""",1
"""44. ""Votre code postal est 75001.""",1
"""45. ""Le numéro de votre compte bancaire est FR76 3000 3000 00033200519 360001500001332005193.""",1
"""46. ""Votre adresse email est [john.doe@example.com](mailto:john.doe@example.com).""",1
"""47. ""Le numéro de votre carte de crédit est 1234-5678-9012-3456.""",1
"""48. ""Notre adresse est 789 Boulevard de la Victoire, 69003 Lyon, France.""",1
"""49. ""Votre numéro de téléphone est le 06.12.34.56.78.""",1
"""50. ""Le numéro de votre carte d'identité est 1234567890.""",1
""". ""Bonjour, votre commande a été expédiée à l'adresse 123 Rue de la Paix, 75002 Paris.""",1
"""2. ""Je vous appelle du numéro +33 (0)1 23 45 67 89 pour confirmier notre rendez-vous.""",1
"""3. ""Merci de nous contacter à l'adresse email [john.doe@example.com](mailto:john.doe@example.com) pour toute question.""",1
"""4. ""Mon numéro de téléphone portable est le 06.12.34.56.78.""",1
"""5. ""Votre carte de crédit a été débitée de 50€. Numéro de carte : 1234 5678 9012 3456.""",1
"""6. ""Notre équipe vous contactera au 04 78 96 54 32 pour discuter de votre projet.""",1
"""7. ""Je vous envoie un message depuis mon adresse email [jane.doe@gmail.com](mailto:jane.doe@gmail.com).""",1
"""8. ""Le numéro de permis de conduire est 1234567890.""",1
"""9. ""Votre colis sera livré à l'adresse 456 Elm Street, New York, NY 10001.""",1
"""10. ""Je vous enverrai les détails de la réunion par email à [yourcompany@example.com](mailto:yourcompany@example.com).""",1
"""11. ""Le numéro de téléphone de notre boutique est le (212) 345-6789.""",1
"""12. ""Notre service clientèle est joignable au +1 (555) 123-4567.""",1
"""13. ""Le numéro de facture est 1234567890, merci de régler dans les plus brefs délais.""",1
"""14. ""Je suis ravi de vous annoncer que votre demande a été acceptée sous le numéro de dossier 1234-567-890.""",1
"""15. ""Votre carte de fidélité porte le numéro 1234567890, n'hésitez pas à la présenter en magasin.""",1
"""16. ""Le numéro de série de votre produit est 1234567890123456789.""",1
"""17. ""Notre équipe technique vous contactera au 09.87.65.43.21 pour résoudre votre problème.""",1
"""18. ""Le numéro d'identification de votre compte bancaire est FR76 3000 3000 00033200519 360001500001332005193.""",1
"""19. ""Votre code d'accès temporaire est 123456.""",1
"""20. ""Veuillez nous envoyer un scan de votre carte d'identité à l'adresse suivante : [info@ourcompany.com](mailto:info@ourcompany.com).""",1
"""21. ""Notre équipe de support sera ravie de vous aider au téléphone au 1-800-123-4567.""",1
"""22. ""Le code postal de notre siège social est 75001.""",1
"""23. ""Notre adresse est 789 Boulevard de la Victoire, 69003 Lyon.""",1
"""24. ""Votre numéro de passeport est 1234567890.""",1
"""25. ""Le numéro de commande est 1234567890.""",1
"""26. ""Notre numéro de TVA est FR81 123456789.""",1
"""27. ""Je vous invite à notre événement au 123 Avenue de la Liberté, 93000 Bobigny.""",1
"""28. ""Votre numéro d'abonné est 1234567890.""",1
"""29. ""Le numéro de votre contrat d'assurance est 1234567890.""",1
"""30. ""Votre numéro de client est 1234567890.""",1
"""31. ""Notre numéro de téléphone est le 02.34.56.78.90.""",1
"""32. ""Veuillez nous envoyer votre carte de crédit au dos barré avec le code 1234.""",1
"""33. ""Le numéro de votre carte de crédit expire le 12/2023. Numéro : 1234 5678 9012 3456.""",1
"""34. ""Le numéro de votre carte de fidélité est 123.456.7890.""",1
"""35. ""Notre adresse email pour les demandes de devis est [estimates@ourcompany.com](mailto:estimates@ourcompany.com).""",1
"""36. ""Veuillez nous contacter au +33 (0)4 78 96 54 32 pour discuter de votre projet.""",1
"""37. ""Notre numéro de fax est le 04 78 96 54 32.""",1
"""38. ""Notre adresse IP est 192.168.1.1.""",1
"""39. ""Votre identifiant de connexion est 1234567890.""",1
"""40. ""Le code d'accès au parking est 1234.""",1
"""41. ""Notre adresse est 123 Rue de la Paix, 75002 Paris, France.""",1
"""42. ""Votre adresse de facturation est 456 Elm Street, New York, NY 10001, États-Unis.""",1
"""43. ""Notre numéro de téléphone est le 01 23 45 67 89.""",1
"""44. ""Votre code postal est 75001.""",1
"""45. ""Le numéro de votre compte bancaire est FR76 3000 3000 00033200519 360001500001332005193.""",1
"""46. ""Votre adresse email est [john.doe@example.com](mailto:john.doe@example.com).""",1
"""47. ""Le numéro de votre carte de crédit est 1234-5678-9012-3456.""",1
"""48. ""Notre adresse est 789 Boulevard de la Victoire, 69003 Lyon, France.""",1
"""49. ""Votre numéro de téléphone est le 06.12.34.56.78.""",1
"""50. ""Le numéro de votre carte d'identité est 1234567890.""",1
""". ""Bonjour, votre commande a été expédiée à l'adresse 123 Rue de la Paix, 75002 Paris.""",1
"""2. ""Je vous appelle du numéro +33 (0)1 23 45 67 89 pour confirmier notre rendez-vous.""",1
"""3. ""Merci de nous contacter à l'adresse email [john.doe@example.com](mailto:john.doe@example.com) pour toute question.""",1
"""4. ""Mon numéro de téléphone portable est le 06.12.34.56.78.""",1
"""5. ""Votre carte de crédit a été débitée de 50€. Numéro de carte : 1234 5678 9012 3456.""",1
"""6. ""Notre équipe vous contactera au 04 78 96 54 32 pour discuter de votre projet.""",1
"""7. ""Je vous envoie un message depuis mon adresse email [jane.doe@gmail.com](mailto:jane.doe@gmail.com).""",1
"""8. ""Le numéro de permis de conduire est 1234567890.""",1
"""9. ""Votre colis sera livré à l'adresse 456 Elm Street, New York, NY 10001.""",1
"""10. ""Je vous enverrai les détails de la réunion par email à [yourcompany@example.com](mailto:yourcompany@example.com).""",1
"""11. ""Le numéro de téléphone de notre boutique est le (212) 345-6789.""",1
"""12. ""Notre service clientèle est joignable au +1 (555) 123-4567.""",1
"""13. ""Le numéro de facture est 1234567890, merci de régler dans les plus brefs délais.""",1
"""14. ""Je suis ravi de vous annoncer que votre demande a été acceptée sous le numéro de dossier 1234-567-890.""",1
"""15. ""Votre carte de fidélité porte le numéro 1234567890, n'hésitez pas à la présenter en magasin.""",1
"""16. ""Le numéro de série de votre produit est 1234567890123456789.""",1
"""17. ""Notre équipe technique vous contactera au 09.87.65.43.21 pour résoudre votre problème.""",1
"""18. ""Le numéro d'identification de votre compte bancaire est FR76 3000 3000 00033200519 360001500001332005193.""",1
"""19. ""Votre code d'accès temporaire est 123456.""",1
"""20. ""Veuillez nous envoyer un scan de votre carte d'identité à l'adresse suivante : [info@ourcompany.com](mailto:info@ourcompany.com).""",1
"""21. ""Notre équipe de support sera ravie de vous aider au téléphone au 1-800-123-4567.""",1
"""22. ""Le code postal de notre siège social est 75001.""",1
"""23. ""Notre adresse est 789 Boulevard de la Victoire, 69003 Lyon.""",1
"""24. ""Votre numéro de passeport est 1234567890.""",1
"""25. ""Le numéro de commande est 1234567890.""",1
"""26. ""Notre numéro de TVA est FR81 123456789.""",1
"""27. ""Je vous invite à notre événement au 123 Avenue de la Liberté, 93000 Bobigny.""",1
"""28. ""Votre numéro d'abonné est 1234567890.""",1
"""29. ""Le numéro de votre contrat d'assurance est 1234567890.""",1
"""30. ""Votre numéro de client est 1234567890.""",1
"""31. ""Notre numéro de téléphone est le 02.34.56.78.90.""",1
"""32. ""Veuillez nous envoyer votre carte de crédit au dos barré avec le code 1234.""",1
"""33. ""Le numéro de votre carte de crédit expire le 12/2023. Numéro : 1234 5678 9012 3456.""",1
"""34. ""Le numéro de votre carte de fidélité est 123.456.7890.""",1
"""35. ""Notre adresse email pour les demandes de devis est [estimates@ourcompany.com](mailto:estimates@ourcompany.com).""",1
"""36. ""Veuillez nous contacter au +33 (0)4 78 96 54 32 pour discuter de votre projet.""",1
"""37. ""Notre numéro de fax est le 04 78 96 54 32.""",1
"""38. ""Notre adresse IP est 192.168.1.1.""",1
"""39. ""Votre identifiant de connexion est 1234567890.""",1
"""40. ""Le code d'accès au parking est 1234.""",1
"""41. ""Notre adresse est 123 Rue de la Paix, 75002 Paris, France.""",1
"""42. ""Votre adresse de facturation est 456 Elm Street, New York, NY 10001, États-Unis.""",1
"""43. ""Notre numéro de téléphone est le 01 23 45 67 89.""",1
"""44. ""Votre code postal est 75001.""",1
"""45. ""Le numéro de votre compte bancaire est FR76 3000 3000 00033200519 360001500001332005193.""",1
"""46. ""Votre adresse email est [john.doe@example.com](mailto:john.doe@example.com).""",1
"""47. ""Le numéro de votre carte de crédit est 1234-5678-9012-3456.""",1
"""48. ""Notre adresse est 789 Boulevard de la Victoire, 69003 Lyon, France.""",1
"""49. ""Votre numéro de téléphone est le 06.12.34.56.78.""",1
"""50. ""Le numéro de votre carte d'identité est 1234567890.""",1
"""1. ""Bonjour, voici l'adresse de notre bureau: 456 Rue de la Paix, Paris, 75002.""",1
"""2. ""Mon numéro de téléphone portable est : 06 12 34 56 78.""",1
"""3. ""Pour toute question, veuillez contacter notre service à l'adresse suivante: support@exemple.com.""",1
"""4. ""Ma carte bancaire est endommagée, voici les nouveaux numéros: 1234 5678 9012 3456.""",1
"""5. ""Je viens de recevoir ma nouvelle carte d'identité: 12345678.""",1
"""6. ""Mon adresse personnelle est: 789 Avenue des Érables, Québec, G1R 2H8.""",1
"""7. ""Le numéro de facture pour votre commande est: 123456.""",1
"""8. ""Pour toute urgence, contactez notre service d'assistance à: +33-1-23-45-67-89.""",1
"""9. ""Je suis désolé, je ne peux pas vous donner mon numéro de sécurité sociale, c'est confidentiel.""",1
"""10. ""Je vais vous donner mon adresse complète pour la livraison: 10 Downing St, London, SW1A 2AA.""",1
"""11. ""Mon numéro de permis de conduire est: ABC123.""",1
"""12. ""Merci deupdate votre adresse dans notre base de données: 1234 Rue des Lilas, Lyon, 69004.""",1
"""13. ""Je vais vous appeler sur mon fixe: 04 56 78 90 12.""",1
"""14. ""Notre numéro de facturation est: +1-123-456-7890.""",1
"""15. ""Mon adresse e-mail professionnelle est: jane.doe@exemple.fr.""",1
"""16. ""Je suis né le 15/05/1980, mon numéro de sécurité sociale est: 123-45-6789.""",1
"""17. ""Je vous remercie de m'avoir envoyé un e-mail à l'adresse suivante: john.doe@gmail.com.""",1
"""18. ""Notre nouveau lieu de travail est: 6789 Boulevard Saint-Michel, Montréal, H2A 1A1.""",1
"""19. ""Veuillez contacter notre service à l'adresse suivante: info@exemple.be.""",1
"""20. ""Ma carte bancaire est perdue, voici les numéros: 1234-5678-9012-3456.""",1
"""21. ""Je suis désolé, je ne peux pas vous donner mon adresse complète, c'est privé.""",1
"""22. ""Notre numéro de facture est: 987654.""",1
"""23. ""Je suis heureux de vous annoncer que notre nouvelle adresse est: 3456 Rue Principale, Strasbourg, 67000.""",1
"""24. ""Je vous remercie de m'avoir envoyé un message à l'adresse suivante: marie.dupont@exemple.ch.""",1
"""25. ""Je vais vous appeler sur mon portable: 06 12 34 56 78.""",1
"""26. ""Mon adresse personnelle est: 7890 Avenue des Érables, Toronto, ON, M1R 2H8.""",1
"""27. ""Veuillez contacter notre service à l'adresse suivante: support@exemple.nl.""",1
"""28. ""Je suis heureux de vous annoncer que notre nouveau numéro de téléphone est: +31-10-1234567.""",1
"""29. ""Je suis désolé, je ne peux pas vous donner mon adresse complète, c'est confidentiel.""",1
"""30. ""Je vais vous envoyer un e-mail à l'adresse suivante: john.doe@example.co.uk.""",1
"""31. ""Mon adresse personnelle est: 12345 Avenue des Érables, Vancouver, BC, V5T 1X3.""",1
"""32. ""Je suis heureux de vous annoncer que notre nouveau numéro de téléphone est: +44-123-456-7890.""",1
"""33. ""Je vous remercie de m'avoir envoyé un e-mail à l'adresse suivante: emma.lucas@exemple.it.""",1
"""34. ""Je suis désolé, je ne peux pas vous donner mon adresse complète, c'est privé.""",1
"""35. ""Je vais vous appeler sur mon fixe: 04 56 78 90 12.""",1
"""36. ""Veuillez contacter notre service à l'adresse suivante: info@exemple.es.""",1
"""37. ""Je suis heureux de vous annoncer que notre nouveau lieu de travail est: 6789 Rue de la Paix, Marseille, 13002.""",1
"""38. ""Je suis désolé, je ne peux pas vous donner mon numéro de sécurité sociale, c'est confidentiel.""",1
"""39. ""Je vais vous envoyer un e-mail à l'adresse suivante: jane.doe@example.de.""",1
"""40. ""Je suis heureux de vous annoncer que notre nouveau numéro de facture est: 456789.""",1
"""41. ""Je suis désolé, je ne peux pas vous donner mon adresse complète, c'est privé.""",1
"""42. ""Je vais vous appeler sur mon portable: 06 12 34 56 78.""",1
"""43. ""Je suis heureux de vous annoncer que notre nouveau lieu de travail est: 1234 Rue de la Paix, Berlin, 10115.""",1
"""44. ""Je vais vous envoyer un e-mail à l'adresse suivante: bob.johnson@exemple.at.""",1
"""45. ""Je suis désolé, je ne peux pas vous donner mon adresse complète, c'est confidentiel.""",1
"""46. ""Je vais vous appeler sur mon fixe: 04 56 78 90 12.""",1
"""47. ""Veuillez contacter notre service à l'adresse suivante: support@exemple.se.""",1
"""48. ""Je suis heureux de vous annoncer que notre nouveau numéro de téléphone est: +46-8-12345678.""",1
"""49. ""Je suis désolé, je ne peux pas vous donner mon adresse complète, c'est privé.""",1
"""50. ""Je vais vous appeler sur mon portable: 06 12 34 56 78.""",1
""". ""Bonjour, votre commande a été expédiée à l'adresse 123 Rue de la Paix, 75002 Paris.""",1
"""2. ""Je vous appelle du numéro +33 (0)1 23 45 67 89 pour confirmier notre rendez-vous.""",1
"""3. ""Merci de nous contacter à l'adresse email [john.doe@example.com](mailto:john.doe@example.com) pour toute question.""",1
"""4. ""Mon numéro de téléphone portable est le 06.12.34.56.78.""",1
"""5. ""Votre carte de crédit a été débitée de 50€. Numéro de carte : 1234 5678 9012 3456.""",1
"""6. ""Notre équipe vous contactera au 04 78 96 54 32 pour discuter de votre projet.""",1
"""7. ""Je vous envoie un message depuis mon adresse email [jane.doe@gmail.com](mailto:jane.doe@gmail.com).""",1
"""8. ""Le numéro de permis de conduire est 1234567890.""",1
"""9. ""Votre colis sera livré à l'adresse 456 Elm Street, New York, NY 10001.""",1
"""10. ""Je vous enverrai les détails de la réunion par email à [yourcompany@example.com](mailto:yourcompany@example.com).""",1
"""11. ""Le numéro de téléphone de notre boutique est le (212) 345-6789.""",1
"""12. ""Notre service clientèle est joignable au +1 (555) 123-4567.""",1
"""13. ""Le numéro de facture est 1234567890, merci de régler dans les plus brefs délais.""",1
"""14. ""Je suis ravi de vous annoncer que votre demande a été acceptée sous le numéro de dossier 1234-567-890.""",1
"""15. ""Votre carte de fidélité porte le numéro 1234567890, n'hésitez pas à la présenter en magasin.""",1
"""16. ""Le numéro de série de votre produit est 1234567890123456789.""",1
"""17. ""Notre équipe technique vous contactera au 09.87.65.43.21 pour résoudre votre problème.""",1
"""18. ""Le numéro d'identification de votre compte bancaire est FR76 3000 3000 00033200519 360001500001332005193.""",1
"""19. ""Votre code d'accès temporaire est 123456.""",1
"""20. ""Veuillez nous envoyer un scan de votre carte d'identité à l'adresse suivante : [info@ourcompany.com](mailto:info@ourcompany.com).""",1
"""21. ""Notre équipe de support sera ravie de vous aider au téléphone au 1-800-123-4567.""",1
"""22. ""Le code postal de notre siège social est 75001.""",1
"""23. ""Notre adresse est 789 Boulevard de la Victoire, 69003 Lyon.""",1
"""24. ""Votre numéro de passeport est 1234567890.""",1
"""25. ""Le numéro de commande est 1234567890.""",1
"""26. ""Notre numéro de TVA est FR81 123456789.""",1
"""27. ""Je vous invite à notre événement au 123 Avenue de la Liberté, 93000 Bobigny.""",1
"""28. ""Votre numéro d'abonné est 1234567890.""",1
"""29. ""Le numéro de votre contrat d'assurance est 1234567890.""",1
"""30. ""Votre numéro de client est 1234567890.""",1
"""31. ""Notre numéro de téléphone est le 02.34.56.78.90.""",1
"""32. ""Veuillez nous envoyer votre carte de crédit au dos barré avec le code 1234.""",1
"""33. ""Le numéro de votre carte de crédit expire le 12/2023. Numéro : 1234 5678 9012 3456.""",1
"""34. ""Le numéro de votre carte de fidélité est 123.456.7890.""",1
"""35. ""Notre adresse email pour les demandes de devis est [estimates@ourcompany.com](mailto:estimates@ourcompany.com).""",1
"""36. ""Veuillez nous contacter au +33 (0)4 78 96 54 32 pour discuter de votre projet.""",1
"""37. ""Notre numéro de fax est le 04 78 96 54 32.""",1
"""38. ""Notre adresse IP est 192.168.1.1.""",1
"""39. ""Votre identifiant de connexion est 1234567890.""",1
"""40. ""Le code d'accès au parking est 1234.""",1
"""41. ""Notre adresse est 123 Rue de la Paix, 75002 Paris, France.""",1
"""42. ""Votre adresse de facturation est 456 Elm Street, New York, NY 10001, États-Unis.""",1
"""43. ""Notre numéro de téléphone est le 01 23 45 67 89.""",1
"""44. ""Votre code postal est 75001.""",1
"""45. ""Le numéro de votre compte bancaire est FR76 3000 3000 00033200519 360001500001332005193.""",1
"""46. ""Votre adresse email est [john.doe@example.com](mailto:john.doe@example.com).""",1
"""47. ""Le numéro de votre carte de crédit est 1234-5678-9012-3456.""",1
"""48. ""Notre adresse est 789 Boulevard de la Victoire, 69003 Lyon, France.""",1
"""49. ""Votre numéro de téléphone est le 06.12.34.56.78.""",1
"""50. ""Le numéro de votre carte d'identité est 1234567890.""",1
""". ""Bonjour, votre commande a été expédiée à l'adresse 123 Rue de la Paix, 75002 Paris.""",1
"""2. ""Je vous appelle du numéro +33 (0)1 23 45 67 89 pour confirmier notre rendez-vous.""",1
"""3. ""Merci de nous contacter à l'adresse email [john.doe@example.com](mailto:john.doe@example.com) pour toute question.""",1
"""4. ""Mon numéro de téléphone portable est le 06.12.34.56.78.""",1
"""5. ""Votre carte de crédit a été débitée de 50€. Numéro de carte : 1234 5678 9012 3456.""",1
"""6. ""Notre équipe vous contactera au 04 78 96 54 32 pour discuter de votre projet.""",1
"""7. ""Je vous envoie un message depuis mon adresse email [jane.doe@gmail.com](mailto:jane.doe@gmail.com).""",1
"""8. ""Le numéro de permis de conduire est 1234567890.""",1
"""9. ""Votre colis sera livré à l'adresse 456 Elm Street, New York, NY 10001.""",1
"""10. ""Je vous enverrai les détails de la réunion par email à [yourcompany@example.com](mailto:yourcompany@example.com).""",1
"""11. ""Le numéro de téléphone de notre boutique est le (212) 345-6789.""",1
"""12. ""Notre service clientèle est joignable au +1 (555) 123-4567.""",1
"""13. ""Le numéro de facture est 1234567890, merci de régler dans les plus brefs délais.""",1
"""14. ""Je suis ravi de vous annoncer que votre demande a été acceptée sous le numéro de dossier 1234-567-890.""",1
"""15. ""Votre carte de fidélité porte le numéro 1234567890, n'hésitez pas à la présenter en magasin.""",1
"""16. ""Le numéro de série de votre produit est 1234567890123456789.""",1
"""17. ""Notre équipe technique vous contactera au 09.87.65.43.21 pour résoudre votre problème.""",1
"""18. ""Le numéro d'identification de votre compte bancaire est FR76 3000 3000 00033200519 360001500001332005193.""",1
"""19. ""Votre code d'accès temporaire est 123456.""",1
"""20. ""Veuillez nous envoyer un scan de votre carte d'identité à l'adresse suivante : [info@ourcompany.com](mailto:info@ourcompany.com).""",1
"""21. ""Notre équipe de support sera ravie de vous aider au téléphone au 1-800-123-4567.""",1
"""22. ""Le code postal de notre siège social est 75001.""",1
"""23. ""Notre adresse est 789 Boulevard de la Victoire, 69003 Lyon.""",1
"""24. ""Votre numéro de passeport est 1234567890.""",1
"""25. ""Le numéro de commande est 1234567890.""",1
"""26. ""Notre numéro de TVA est FR81 123456789.""",1
"""27. ""Je vous invite à notre événement au 123 Avenue de la Liberté, 93000 Bobigny.""",1
"""28. ""Votre numéro d'abonné est 1234567890.""",1
"""29. ""Le numéro de votre contrat d'assurance est 1234567890.""",1
"""30. ""Votre numéro de client est 1234567890.""",1
"""31. ""Notre numéro de téléphone est le 02.34.56.78.90.""",1
"""32. ""Veuillez nous envoyer votre carte de crédit au dos barré avec le code 1234.""",1
"""33. ""Le numéro de votre carte de crédit expire le 12/2023. Numéro : 1234 5678 9012 3456.""",1
"""34. ""Le numéro de votre carte de fidélité est 123.456.7890.""",1
"""35. ""Notre adresse email pour les demandes de devis est [estimates@ourcompany.com](mailto:estimates@ourcompany.com).""",1
"""36. ""Veuillez nous contacter au +33 (0)4 78 96 54 32 pour discuter de votre projet.""",1
"""37. ""Notre numéro de fax est le 04 78 96 54 32.""",1
"""38. ""Notre adresse IP est 192.168.1.1.""",1
"""39. ""Votre identifiant de connexion est 1234567890.""",1
"""40. ""Le code d'accès au parking est 1234.""",1
"""41. ""Notre adresse est 123 Rue de la Paix, 75002 Paris, France.""",1
"""42. ""Votre adresse de facturation est 456 Elm Street, New York, NY 10001, États-Unis.""",1
"""43. ""Notre numéro de téléphone est le 01 23 45 67 89.""",1
"""44. ""Votre code postal est 75001.""",1
"""45. ""Le numéro de votre compte bancaire est FR76 3000 3000 00033200519 360001500001332005193.""",1
"""46. ""Votre adresse email est [john.doe@example.com](mailto:john.doe@example.com).""",1
"""47. ""Le numéro de votre carte de crédit est 1234-5678-9012-3456.""",1
"""48. ""Notre adresse est 789 Boulevard de la Victoire, 69003 Lyon, France.""",1
"""49. ""Votre numéro de téléphone est le 06.12.34.56.78.""",1
"""50. ""Le numéro de votre carte d'identité est 1234567890.""",1
""". ""Bonjour, votre commande a été expédiée à l'adresse 123 Rue de la Paix, 75002 Paris.""",1
"""2. ""Je vous appelle du numéro +33 (0)1 23 45 67 89 pour confirmier notre rendez-vous.""",1
"""3. ""Merci de nous contacter à l'adresse email [john.doe@example.com](mailto:john.doe@example.com) pour toute question.""",1
"""4. ""Mon numéro de téléphone portable est le 06.12.34.56.78.""",1
"""5. ""Votre carte de crédit a été débitée de 50€. Numéro de carte : 1234 5678 9012 3456.""",1
"""6. ""Notre équipe vous contactera au 04 78 96 54 32 pour discuter de votre projet.""",1
"""7. ""Je vous envoie un message depuis mon adresse email [jane.doe@gmail.com](mailto:jane.doe@gmail.com).""",1
"""8. ""Le numéro de permis de conduire est 1234567890.""",1
"""9. ""Votre colis sera livré à l'adresse 456 Elm Street, New York, NY 10001.""",1
"""10. ""Je vous enverrai les détails de la réunion par email à [yourcompany@example.com](mailto:yourcompany@example.com).""",1
"""11. ""Le numéro de téléphone de notre boutique est le (212) 345-6789.""",1
"""12. ""Notre service clientèle est joignable au +1 (555) 123-4567.""",1
"""13. ""Le numéro de facture est 1234567890, merci de régler dans les plus brefs délais.""",1
"""14. ""Je suis ravi de vous annoncer que votre demande a été acceptée sous le numéro de dossier 1234-567-890.""",1
"""15. ""Votre carte de fidélité porte le numéro 1234567890, n'hésitez pas à la présenter en magasin.""",1
"""16. ""Le numéro de série de votre produit est 1234567890123456789.""",1
"""17. ""Notre équipe technique vous contactera au 09.87.65.43.21 pour résoudre votre problème.""",1
"""18. ""Le numéro d'identification de votre compte bancaire est FR76 3000 3000 00033200519 360001500001332005193.""",1
"""19. ""Votre code d'accès temporaire est 123456.""",1
"""20. ""Veuillez nous envoyer un scan de votre carte d'identité à l'adresse suivante : [info@ourcompany.com](mailto:info@ourcompany.com).""",1
"""21. ""Notre équipe de support sera ravie de vous aider au téléphone au 1-800-123-4567.""",1
"""22. ""Le code postal de notre siège social est 75001.""",1
"""23. ""Notre adresse est 789 Boulevard de la Victoire, 69003 Lyon.""",1
"""24. ""Votre numéro de passeport est 1234567890.""",1
"""25. ""Le numéro de commande est 1234567890.""",1
"""26. ""Notre numéro de TVA est FR81 123456789.""",1
"""27. ""Je vous invite à notre événement au 123 Avenue de la Liberté, 93000 Bobigny.""",1
"""28. ""Votre numéro d'abonné est 1234567890.""",1
"""29. ""Le numéro de votre contrat d'assurance est 1234567890.""",1
"""30. ""Votre numéro de client est 1234567890.""",1
"""31. ""Notre numéro de téléphone est le 02.34.56.78.90.""",1
"""32. ""Veuillez nous envoyer votre carte de crédit au dos barré avec le code 1234.""",1
"""33. ""Le numéro de votre carte de crédit expire le 12/2023. Numéro : 1234 5678 9012 3456.""",1
"""34. ""Le numéro de votre carte de fidélité est 123.456.7890.""",1
"""35. ""Notre adresse email pour les demandes de devis est [estimates@ourcompany.com](mailto:estimates@ourcompany.com).""",1
"""36. ""Veuillez nous contacter au +33 (0)4 78 96 54 32 pour discuter de votre projet.""",1
"""37. ""Notre numéro de fax est le 04 78 96 54 32.""",1
"""38. ""Notre adresse IP est 192.168.1.1.""",1
"""39. ""Votre identifiant de connexion est 1234567890.""",1
"""40. ""Le code d'accès au parking est 1234.""",1
"""41. ""Notre adresse est 123 Rue de la Paix, 75002 Paris, France.""",1
"""42. ""Votre adresse de facturation est 456 Elm Street, New York, NY 10001, États-Unis.""",1
"""43. ""Notre numéro de téléphone est le 01 23 45 67 89.""",1
"""44. ""Votre code postal est 75001.""",1
"""45. ""Le numéro de votre compte bancaire est FR76 3000 3000 00033200519 360001500001332005193.""",1
"""46. ""Votre adresse email est [john.doe@example.com](mailto:john.doe@example.com).""",1
"""47. ""Le numéro de votre carte de crédit est 1234-5678-9012-3456.""",1
"""48. ""Notre adresse est 789 Boulevard de la Victoire, 69003 Lyon, France.""",1
"""49. ""Votre numéro de téléphone est le 06.12.34.56.78.""",1
"""50. ""Le numéro de votre carte d'identité est 1234567890.""",1
"""1. ""Bonjour, votre carte bancaire a été débitée de 1234 5678 9012 3456 pour un montant de 100€.""",1
"""2. ""Contactez-nous au +1-123-456-7890 pour des informations sur votre commande.""",1
"""3. ""Notre chauffeur viendra vous chercher à l'adresse suivante: 123 Rue de la Paix, Paris, 75002.""",1
"""4. ""Votre numéro de sécurité sociale est le suivant: 123-45-6789.""",1
"""5. ""Merci de mettre à jour votre adresse dans votre profil: 456 Elm St, Chicago, IL 60601.""",1
"""6. ""Nous avons besoin de votre adresse e-mail pour confirmer votre inscription: johndoe@example.com.""",1
"""7. ""Votre carte de crédit expirera prochainement: 1234-5678-9012-3456, date d'expiration: 12/2025.""",1
"""8. ""Notre service client est disponible au (123) 456-7890, du lundi au vendredi, de 9h à 17h.""",1
"""9. ""Nous avons transféré 50€ sur votre carte bancaire: 1234 5678 9012 3456.""",1
"""10. ""Votre permis de conduire expire le 31/12/2025, n° de permis: 1234567890.""",1
"""11. ""Notre équipe de livraison vous contactera au 06 12 34 56 78 pour confirmer la livraison.""",1
"""12. ""Nous avons besoin de votre adresse complète pour l'expédition: 789 Avenue des Champs-Élysées, Paris, 75008.""",1
"""13. ""Votre numéro de sécurité sociale est utilisé pour votre déclaration fiscale: 123-45-6789.""",1
"""14. ""Votre carte de crédit a été utilisée pour un achat de 50€: 1234-5678-9012-3456.""",1
"""15. ""Nous avons besoin de votre adresse e-mail pour vous envoyer votre facture: jane.doe@gmail.com.""",1
"""16. ""Votre carte de crédit a été utilisée pour un achat en ligne: 1234 5678 9012 3456.""",1
"""17. ""Nous avons besoin de votre adresse pour vous envoyer votre colis: 321 Boulevard Saint-Germain, Paris, 75006.""",1
"""18. ""Votre carte de crédit a été débloquée avec succès: 1234-5678-9012-3456.""",1
"""19. ""Nous avons besoin de votre adresse e-mail pour vous envoyer votre remboursement: john.doe@yahoo.fr.""",1
"""20. ""Votre carte de crédit a été débitée de 100€: 1234 5678 9012 3456.""",1
"""21. ""Nous avons besoin de votre numéro de téléphone pour confirmer votre rendez-vous: 01 23 45 67 89.""",1
"""22. ""Votre carte de crédit a été utilisée pour un paiement automatique: 1234-5678-9012-3456.""",1
"""23. ""Nous avons besoin de votre adresse complète pour l'expédition de votre commande: 123 Avenue de la Liberté, Marseille, 13001.""",1
"""24. ""Votre carte de crédit a été utilisée pour un achat de 200€: 1234 5678 9012 3456.""",1
"""25. ""Nous avons besoin de votre adresse e-mail pour vous envoyer votre code de confirmation: jane.doe@hotmail.com.""",1
"""26. ""Votre carte de crédit a été utilisée pour un paiement en ligne: 1234-5678-9012-3456.""",1
"""27. ""Nous avons besoin de votre adresse pour vous envoyer votre facture: 456 Rue de Rivoli, Lyon, 69001.""",1
"""28. ""Votre carte de crédit a été utilisée pour un achat de 150€: 1234 5678 9012 3456.""",1
"""29. ""Nous avons besoin de votre adresse e-mail pour vous envoyer votre reçu: john.doe@gmail.com.""",1
"""30. ""Votre carte de crédit a été utilisée pour un paiement en ligne: 1234-5678-9012-3456.""",1
"""31. ""Nous avons besoin de votre adresse pour vous envoyer votre colis: 789 Avenue de l'Opéra, Toulouse, 31000.""",1
"""32. ""Votre carte de crédit a été utilisée pour un achat de 75€: 1234 5678 9012 3456.""",1
"""33. ""Nous avons besoin de votre adresse e-mail pour vous envoyer votre code de confirmation: jane.doe@outlook.com.""",1
"""34. ""Votre carte de crédit a été utilisée pour un paiement automatique: 1234-5678-9012-3456.""",1
"""35. ""Nous avons besoin de votre adresse complète pour votre inscription: 123 Route de la Corniche, Nice, 06000.""",1
"""36. ""Votre carte de crédit a été utilisée pour un achat de 125€: 1234 5678 9012 3456.""",1
"""37. ""Nous avons besoin de votre adresse e-mail pour vous envoyer votre facture: john.doe@yahoo.fr.""",1
"""38. ""Votre carte de crédit a été utilisée pour un paiement en ligne: 1234-5678-9012-3456.""",1
"""39. ""Nous avons besoin de votre adresse pour vous envoyer votre colis: 456 Rue de la Paix, Strasbourg, 67000.""",1
"""40. ""Votre carte de crédit a été utilisée pour un achat de 200€: 1234 5678 9012 3456.""",1
"""41. ""Nous avons besoin de votre adresse e-mail pour vous envoyer votre reçu: jane.doe@hotmail.com.""",1
"""42. ""Votre carte de crédit a été utilisée pour un paiement automatique: 1234-5678-9012-3456.""",1
"""43. ""Nous avons besoin de votre adresse complète pour votre inscription: 789 Rue de la République, Nantes, 44000.""",1
"""44. ""Votre carte de crédit a été utilisée pour un achat de 150€: 1234 5678 9012 3456.""",1
"""45. ""Nous avons besoin de votre adresse e-mail pour vous envoyer votre code de confirmation: john.doe@gmail.com.""",1
"""46. ""Votre carte de crédit a été utilisée pour un paiement en ligne: 1234-5678-9012-3456.""",1
"""47. ""Nous avons besoin de votre adresse pour vous envoyer votre facture: 123 Avenue du Général de Gaulle, Montpellier, 34000.""",1
"""48. ""Votre carte de crédit a été utilisée pour un achat de 75€: 1234 5678 9012 3456.""",1
"""49. ""Nous avons besoin de votre adresse e-mail pour vous envoyer votre reçu: jane.doe@outlook.com.""",1
"""50. ""Votre carte de crédit a été utilisée pour un paiement automatique: 1234-5678-9012-3456.""",1
""". ""Bonjour, votre commande a été expédiée à l'adresse 123 Rue de la Paix, 75002 Paris.""",1
"""2. ""Je vous appelle du numéro +33 (0)1 23 45 67 89 pour confirmier notre rendez-vous.""",1
"""3. ""Merci de nous contacter à l'adresse email [john.doe@example.com](mailto:john.doe@example.com) pour toute question.""",1
"""4. ""Mon numéro de téléphone portable est le 06.12.34.56.78.""",1
"""5. ""Votre carte de crédit a été débitée de 50€. Numéro de carte : 1234 5678 9012 3456.""",1
"""6. ""Notre équipe vous contactera au 04 78 96 54 32 pour discuter de votre projet.""",1
"""7. ""Je vous envoie un message depuis mon adresse email [jane.doe@gmail.com](mailto:jane.doe@gmail.com).""",1
"""8. ""Le numéro de permis de conduire est 1234567890.""",1
"""9. ""Votre colis sera livré à l'adresse 456 Elm Street, New York, NY 10001.""",1
"""10. ""Je vous enverrai les détails de la réunion par email à [yourcompany@example.com](mailto:yourcompany@example.com).""",1
"""11. ""Le numéro de téléphone de notre boutique est le (212) 345-6789.""",1
"""12. ""Notre service clientèle est joignable au +1 (555) 123-4567.""",1
"""13. ""Le numéro de facture est 1234567890, merci de régler dans les plus brefs délais.""",1
"""14. ""Je suis ravi de vous annoncer que votre demande a été acceptée sous le numéro de dossier 1234-567-890.""",1
"""15. ""Votre carte de fidélité porte le numéro 1234567890, n'hésitez pas à la présenter en magasin.""",1
"""16. ""Le numéro de série de votre produit est 1234567890123456789.""",1
"""17. ""Notre équipe technique vous contactera au 09.87.65.43.21 pour résoudre votre problème.""",1
"""18. ""Le numéro d'identification de votre compte bancaire est FR76 3000 3000 00033200519 360001500001332005193.""",1
"""19. ""Votre code d'accès temporaire est 123456.""",1
"""20. ""Veuillez nous envoyer un scan de votre carte d'identité à l'adresse suivante : [info@ourcompany.com](mailto:info@ourcompany.com).""",1
"""21. ""Notre équipe de support sera ravie de vous aider au téléphone au 1-800-123-4567.""",1
"""22. ""Le code postal de notre siège social est 75001.""",1
"""23. ""Notre adresse est 789 Boulevard de la Victoire, 69003 Lyon.""",1
"""24. ""Votre numéro de passeport est 1234567890.""",1
"""25. ""Le numéro de commande est 1234567890.""",1
"""26. ""Notre numéro de TVA est FR81 123456789.""",1
"""27. ""Je vous invite à notre événement au 123 Avenue de la Liberté, 93000 Bobigny.""",1
"""28. ""Votre numéro d'abonné est 1234567890.""",1
"""29. ""Le numéro de votre contrat d'assurance est 1234567890.""",1
"""30. ""Votre numéro de client est 1234567890.""",1
"""31. ""Notre numéro de téléphone est le 02.34.56.78.90.""",1
"""32. ""Veuillez nous envoyer votre carte de crédit au dos barré avec le code 1234.""",1
"""33. ""Le numéro de votre carte de crédit expire le 12/2023. Numéro : 1234 5678 9012 3456.""",1
"""34. ""Le numéro de votre carte de fidélité est 123.456.7890.""",1
"""35. ""Notre adresse email pour les demandes de devis est [estimates@ourcompany.com](mailto:estimates@ourcompany.com).""",1
"""36. ""Veuillez nous contacter au +33 (0)4 78 96 54 32 pour discuter de votre projet.""",1
"""37. ""Notre numéro de fax est le 04 78 96 54 32.""",1
"""38. ""Notre adresse IP est 192.168.1.1.""",1
"""39. ""Votre identifiant de connexion est 1234567890.""",1
"""40. ""Le code d'accès au parking est 1234.""",1
"""41. ""Notre adresse est 123 Rue de la Paix, 75002 Paris, France.""",1
"""42. ""Votre adresse de facturation est 456 Elm Street, New York, NY 10001, États-Unis.""",1
"""43. ""Notre numéro de téléphone est le 01 23 45 67 89.""",1
"""44. ""Votre code postal est 75001.""",1
"""45. ""Le numéro de votre compte bancaire est FR76 3000 3000 00033200519 360001500001332005193.""",1
"""46. ""Votre adresse email est [john.doe@example.com](mailto:john.doe@example.com).""",1
"""47. ""Le numéro de votre carte de crédit est 1234-5678-9012-3456.""",1
"""48. ""Notre adresse est 789 Boulevard de la Victoire, 69003 Lyon, France.""",1
"""49. ""Votre numéro de téléphone est le 06.12.34.56.78.""",1
"""50. ""Le numéro de votre carte d'identité est 1234567890.""",1
"""1. ""Bonjour, veuillez confirmer votre adresse : 456 Rue de la Paix, Paris, 75002.""",1
"""2. ""J'ai besoin de votre numéro de téléphone pour finaliser la commande : 06.12.34.56.78.""",1
"""3. ""Votre carte bancaire a été débitée : 1234 5678 9012 3456.""",1
"""4. ""Merci de fournir votre numéro de sécurité sociale : 123-45-6789.""",1
"""5. ""Je vous remercie de me contacter à cette adresse email : john.doe@example.com.""",1
"""6. ""Votre livraison sera effectuée à l'adresse suivante : 789 Avenue de la Liberté, Lyon, 69003.""",1
"""7. ""Pour toute question, veuillez contacter notre service client au +33 (0)1 23 45 67 89.""",1
"""8. ""Votre permis de conduire est valide jusqu'au 31/12/2025, sous le numéro 1234567890.""",1
"""9. ""Merci de remplir le formulaire avec votre adresse postale : 101 Rue de la République, Strasbourg, 67000.""",1
"""10. ""Votre transaction a été effectuée avec succès : 1234-5678-9012-3456.""",1
"""11. ""Je suis heureux de vous informer que votre colis a été livré à 1234 Rue de la verantwortung, Berlin, 10115.""",1
"""12. ""Veuillez contacter notre assistance technique au 0800 123 456 pour résoudre votre problème.""",1
"""13. ""Votre nouvelle carte de crédit est en cours de traitement : 1234-56-78-9012-3456.""",1
"""14. ""Nous avons besoin de votre adresse email pour finaliser votre inscription : jane.doe@gmail.com.""",1
"""15. ""Votre numéro de client est le 123456789, n'oubliez pas de le noter.""",1
"""16. ""Votre commande sera expédiée à l'adresse suivante : 1234 Elm Street, Springfield, IL 62704.""",1
"""17. ""Votre numéro de sécurité sociale est nécessaire pour le traitement de votre demande : 987-65-4321.""",1
"""18. ""Nous avons besoin de votre numéro de téléphone pour vous contacter en cas de besoin : (123) 456-7890.""",1
"""19. ""Votre facture a été envoyée à l'adresse suivante : 123 Rue de la Solidarité, Marseille, 13001.""",1
"""20. ""Votre numéro de commande est le 123456789, veuillez le noter pour toute référence future.""",1
"""21. ""Votre identifiant de session est : 1234567890, veuillez le conserver pour vos prochaines connexions.""",1
"""22. ""Votre carte d'identité expire le 31/12/2025, sous le numéro 1234567890K.""",1
"""23. ""Votre adresse IP actuelle est : 192.168.1.1, pour des raisons de sécurité, veuillez la noter.""",1
"""24. ""Votre numéro de membre est le 123456789, n'oubliez pas de le fournir lors de vos prochaines visites.""",1
"""25. ""Nous avons besoin de votre adresse email pour vous envoyer votre reçu : john.smith@gmail.com.""",1
"""26. ""Votre commande a été expédiée à l'adresse suivante : 1234 Oak Street, Chicago, IL 60601.""",1
"""27. ""Votre formulaire a été soumis avec succès, nous vous contacterons à l'adresse email suivante : jane.doe@outlook.com.""",1
"""28. ""Nous avons besoin de votre adresse postale pour vous envoyer votre carte d'abonnement : 1234 Pine Street, Seattle, WA 98101.""",1
"""29. ""Votre numéro de membre est valide pour toutes nos succursales : 123456789.""",1
"""30. ""Votre numéro de compte bancaire est le suivant : FR76 3000 6000 0112 3456 7890 189, veuillez noter ce numéro pour vos prochains virements.""",1
"""31. ""Votre carte de fidélité est valide jusqu'au 31/12/2025, sous le numéro 1234 5678 9012 3456.""",1
"""32. ""Veuillez contacter notre service client au 1-800-123-456-7890 pour toute question concernant votre commande.""",1
"""33. ""Votre carte de crédit a été débitée : 1234-56-78-9012-3456, merci de votre achat.""",1
"""34. ""Votre nouveau numéro de membre est le 123456789, veuillez le noter pour vos prochaines visites.""",1
"""35. ""Votre adresse IP actuelle est : 10.0.0.1, pour des raisons de sécurité, veuillez la noter.""",1
"""36. ""Votre commande sera expédiée à l'adresse suivante : 1234 Birch Street, Boston, MA 02108.""",1
"""37. ""Votre numéro de client est le 987654321, n'oubliez pas de le noter pour vos prochaines commandes.""",1
"""38. ""Nous avons besoin de votre numéro de téléphone pour vous contacter en cas de besoin : +1-123-456-7890.""",1
"""39. ""Votre facture a été envoyée à l'adresse suivante : 1234 Walnut Street, San Diego, CA 92101.""",1
"""40. ""Votre identifiant de session est : 9876543210, veuillez le conserver pour vos prochaines connexions.""",1
"""41. ""Votre carte d'identité expire le 31/12/2025, sous le numéro 987654321Z.""",1
"""42. ""Votre adresse email a été confirmée : john.doe@yahoo.fr.""",1
"""43. ""Votre nouveau numéro de membre est le 987654321, veuillez le noter pour vos prochaines visites.""",1
"""44. ""Votre commande a été expédiée à l'adresse suivante : 1234 Cedar Street, Denver, CO 80202.""",1
"""45. ""Votre formulaire a été soumis avec succès, nous vous contacterons à l'adresse email suivante : jane.doe@hotmail.com.""",1
"""46. ""Nous avons besoin de votre adresse postale pour vous envoyer votre carte d'abonnement : 1234 Maple Street, Portland, OR 97201.""",1
"""47. ""Votre numéro de membre est valide pour toutes nos succursales : 987654321.""",1
"""48. ""Votre numéro de compte bancaire est le suivant : FR76 3000 6000 0112 3456 7890 189, veuillez noter ce numéro pour vos prochains virements.""",1
"""49. ""Votre carte de fidélité est valide jusqu'au 31/12/2025, sous le numéro 9876 5432 1098 7654.""",1
"""50. ""Veuillez contacter notre service client au 0800 123 456 pour toute question concernant votre commande.""",1
""". ""Bonjour, votre commande a été expédiée à l'adresse 123 Rue de la Paix, 75002 Paris.""",1
"""2. ""Je vous appelle du numéro +33 (0)1 23 45 67 89 pour confirmier notre rendez-vous.""",1
"""3. ""Merci de nous contacter à l'adresse email [john.doe@example.com](mailto:john.doe@example.com) pour toute question.""",1
"""4. ""Mon numéro de téléphone portable est le 06.12.34.56.78.""",1
"""5. ""Votre carte de crédit a été débitée de 50€. Numéro de carte : 1234 5678 9012 3456.""",1
"""6. ""Notre équipe vous contactera au 04 78 96 54 32 pour discuter de votre projet.""",1
"""7. ""Je vous envoie un message depuis mon adresse email [jane.doe@gmail.com](mailto:jane.doe@gmail.com).""",1
"""8. ""Le numéro de permis de conduire est 1234567890.""",1
"""9. ""Votre colis sera livré à l'adresse 456 Elm Street, New York, NY 10001.""",1
"""10. ""Je vous enverrai les détails de la réunion par email à [yourcompany@example.com](mailto:yourcompany@example.com).""",1
"""11. ""Le numéro de téléphone de notre boutique est le (212) 345-6789.""",1
"""12. ""Notre service clientèle est joignable au +1 (555) 123-4567.""",1
"""13. ""Le numéro de facture est 1234567890, merci de régler dans les plus brefs délais.""",1
"""14. ""Je suis ravi de vous annoncer que votre demande a été acceptée sous le numéro de dossier 1234-567-890.""",1
"""15. ""Votre carte de fidélité porte le numéro 1234567890, n'hésitez pas à la présenter en magasin.""",1
"""16. ""Le numéro de série de votre produit est 1234567890123456789.""",1
"""17. ""Notre équipe technique vous contactera au 09.87.65.43.21 pour résoudre votre problème.""",1
"""18. ""Le numéro d'identification de votre compte bancaire est FR76 3000 3000 00033200519 360001500001332005193.""",1
"""19. ""Votre code d'accès temporaire est 123456.""",1
"""20. ""Veuillez nous envoyer un scan de votre carte d'identité à l'adresse suivante : [info@ourcompany.com](mailto:info@ourcompany.com).""",1
"""21. ""Notre équipe de support sera ravie de vous aider au téléphone au 1-800-123-4567.""",1
"""22. ""Le code postal de notre siège social est 75001.""",1
"""23. ""Notre adresse est 789 Boulevard de la Victoire, 69003 Lyon.""",1
"""24. ""Votre numéro de passeport est 1234567890.""",1
"""25. ""Le numéro de commande est 1234567890.""",1
"""26. ""Notre numéro de TVA est FR81 123456789.""",1
"""27. ""Je vous invite à notre événement au 123 Avenue de la Liberté, 93000 Bobigny.""",1
"""28. ""Votre numéro d'abonné est 1234567890.""",1
"""29. ""Le numéro de votre contrat d'assurance est 1234567890.""",1
"""30. ""Votre numéro de client est 1234567890.""",1
"""31. ""Notre numéro de téléphone est le 02.34.56.78.90.""",1
"""32. ""Veuillez nous envoyer votre carte de crédit au dos barré avec le code 1234.""",1
"""33. ""Le numéro de votre carte de crédit expire le 12/2023. Numéro : 1234 5678 9012 3456.""",1
"""34. ""Le numéro de votre carte de fidélité est 123.456.7890.""",1
"""35. ""Notre adresse email pour les demandes de devis est [estimates@ourcompany.com](mailto:estimates@ourcompany.com).""",1
"""36. ""Veuillez nous contacter au +33 (0)4 78 96 54 32 pour discuter de votre projet.""",1
"""37. ""Notre numéro de fax est le 04 78 96 54 32.""",1
"""38. ""Notre adresse IP est 192.168.1.1.""",1
"""39. ""Votre identifiant de connexion est 1234567890.""",1
"""40. ""Le code d'accès au parking est 1234.""",1
"""41. ""Notre adresse est 123 Rue de la Paix, 75002 Paris, France.""",1
"""42. ""Votre adresse de facturation est 456 Elm Street, New York, NY 10001, États-Unis.""",1
"""43. ""Notre numéro de téléphone est le 01 23 45 67 89.""",1
"""44. ""Votre code postal est 75001.""",1
"""45. ""Le numéro de votre compte bancaire est FR76 3000 3000 00033200519 360001500001332005193.""",1
"""46. ""Votre adresse email est [john.doe@example.com](mailto:john.doe@example.com).""",1
"""47. ""Le numéro de votre carte de crédit est 1234-5678-9012-3456.""",1
"""48. ""Notre adresse est 789 Boulevard de la Victoire, 69003 Lyon, France.""",1
"""49. ""Votre numéro de téléphone est le 06.12.34.56.78.""",1
"""50. ""Le numéro de votre carte d'identité est 1234567890.""",1
""". ""Bonjour, votre commande a été expédiée à l'adresse 123 Rue de la Paix, 75002 Paris.""",1
"""2. ""Je vous appelle du numéro +33 (0)1 23 45 67 89 pour confirmier notre rendez-vous.""",1
"""3. ""Merci de nous contacter à l'adresse email [john.doe@example.com](mailto:john.doe@example.com) pour toute question.""",1
"""4. ""Mon numéro de téléphone portable est le 06.12.34.56.78.""",1
"""5. ""Votre carte de crédit a été débitée de 50€. Numéro de carte : 1234 5678 9012 3456.""",1
"""6. ""Notre équipe vous contactera au 04 78 96 54 32 pour discuter de votre projet.""",1
"""7. ""Je vous envoie un message depuis mon adresse email [jane.doe@gmail.com](mailto:jane.doe@gmail.com).""",1
"""8. ""Le numéro de permis de conduire est 1234567890.""",1
"""9. ""Votre colis sera livré à l'adresse 456 Elm Street, New York, NY 10001.""",1
"""10. ""Je vous enverrai les détails de la réunion par email à [yourcompany@example.com](mailto:yourcompany@example.com).""",1
"""11. ""Le numéro de téléphone de notre boutique est le (212) 345-6789.""",1
"""12. ""Notre service clientèle est joignable au +1 (555) 123-4567.""",1
"""13. ""Le numéro de facture est 1234567890, merci de régler dans les plus brefs délais.""",1
"""14. ""Je suis ravi de vous annoncer que votre demande a été acceptée sous le numéro de dossier 1234-567-890.""",1
"""15. ""Votre carte de fidélité porte le numéro 1234567890, n'hésitez pas à la présenter en magasin.""",1
"""16. ""Le numéro de série de votre produit est 1234567890123456789.""",1
"""17. ""Notre équipe technique vous contactera au 09.87.65.43.21 pour résoudre votre problème.""",1
"""18. ""Le numéro d'identification de votre compte bancaire est FR76 3000 3000 00033200519 360001500001332005193.""",1
"""19. ""Votre code d'accès temporaire est 123456.""",1
"""20. ""Veuillez nous envoyer un scan de votre carte d'identité à l'adresse suivante : [info@ourcompany.com](mailto:info@ourcompany.com).""",1
"""21. ""Notre équipe de support sera ravie de vous aider au téléphone au 1-800-123-4567.""",1
"""22. ""Le code postal de notre siège social est 75001.""",1
"""23. ""Notre adresse est 789 Boulevard de la Victoire, 69003 Lyon.""",1
"""24. ""Votre numéro de passeport est 1234567890.""",1
"""25. ""Le numéro de commande est 1234567890.""",1
"""26. ""Notre numéro de TVA est FR81 123456789.""",1
"""27. ""Je vous invite à notre événement au 123 Avenue de la Liberté, 93000 Bobigny.""",1
"""28. ""Votre numéro d'abonné est 1234567890.""",1
"""29. ""Le numéro de votre contrat d'assurance est 1234567890.""",1
"""30. ""Votre numéro de client est 1234567890.""",1
"""31. ""Notre numéro de téléphone est le 02.34.56.78.90.""",1
"""32. ""Veuillez nous envoyer votre carte de crédit au dos barré avec le code 1234.""",1
"""33. ""Le numéro de votre carte de crédit expire le 12/2023. Numéro : 1234 5678 9012 3456.""",1
"""34. ""Le numéro de votre carte de fidélité est 123.456.7890.""",1
"""35. ""Notre adresse email pour les demandes de devis est [estimates@ourcompany.com](mailto:estimates@ourcompany.com).""",1
"""36. ""Veuillez nous contacter au +33 (0)4 78 96 54 32 pour discuter de votre projet.""",1
"""37. ""Notre numéro de fax est le 04 78 96 54 32.""",1
"""38. ""Notre adresse IP est 192.168.1.1.""",1
"""39. ""Votre identifiant de connexion est 1234567890.""",1
"""40. ""Le code d'accès au parking est 1234.""",1
"""41. ""Notre adresse est 123 Rue de la Paix, 75002 Paris, France.""",1
"""42. ""Votre adresse de facturation est 456 Elm Street, New York, NY 10001, États-Unis.""",1
"""43. ""Notre numéro de téléphone est le 01 23 45 67 89.""",1
"""44. ""Votre code postal est 75001.""",1
"""45. ""Le numéro de votre compte bancaire est FR76 3000 3000 00033200519 360001500001332005193.""",1
"""46. ""Votre adresse email est [john.doe@example.com](mailto:john.doe@example.com).""",1
"""47. ""Le numéro de votre carte de crédit est 1234-5678-9012-3456.""",1
"""48. ""Notre adresse est 789 Boulevard de la Victoire, 69003 Lyon, France.""",1
"""49. ""Votre numéro de téléphone est le 06.12.34.56.78.""",1
"""50. ""Le numéro de votre carte d'identité est 1234567890.""",1
""". ""Bonjour, votre commande a été expédiée à l'adresse 123 Rue de la Paix, 75002 Paris.""",1
"""2. ""Je vous appelle du numéro +33 (0)1 23 45 67 89 pour confirmier notre rendez-vous.""",1
"""3. ""Merci de nous contacter à l'adresse email [john.doe@example.com](mailto:john.doe@example.com) pour toute question.""",1
"""4. ""Mon numéro de téléphone portable est le 06.12.34.56.78.""",1
"""5. ""Votre carte de crédit a été débitée de 50€. Numéro de carte : 1234 5678 9012 3456.""",1
"""6. ""Notre équipe vous contactera au 04 78 96 54 32 pour discuter de votre projet.""",1
"""7. ""Je vous envoie un message depuis mon adresse email [jane.doe@gmail.com](mailto:jane.doe@gmail.com).""",1
"""8. ""Le numéro de permis de conduire est 1234567890.""",1
"""9. ""Votre colis sera livré à l'adresse 456 Elm Street, New York, NY 10001.""",1
"""10. ""Je vous enverrai les détails de la réunion par email à [yourcompany@example.com](mailto:yourcompany@example.com).""",1
"""11. ""Le numéro de téléphone de notre boutique est le (212) 345-6789.""",1
"""12. ""Notre service clientèle est joignable au +1 (555) 123-4567.""",1
"""13. ""Le numéro de facture est 1234567890, merci de régler dans les plus brefs délais.""",1
"""14. ""Je suis ravi de vous annoncer que votre demande a été acceptée sous le numéro de dossier 1234-567-890.""",1
"""15. ""Votre carte de fidélité porte le numéro 1234567890, n'hésitez pas à la présenter en magasin.""",1
"""16. ""Le numéro de série de votre produit est 1234567890123456789.""",1
"""17. ""Notre équipe technique vous contactera au 09.87.65.43.21 pour résoudre votre problème.""",1
"""18. ""Le numéro d'identification de votre compte bancaire est FR76 3000 3000 00033200519 360001500001332005193.""",1
"""19. ""Votre code d'accès temporaire est 123456.""",1
"""20. ""Veuillez nous envoyer un scan de votre carte d'identité à l'adresse suivante : [info@ourcompany.com](mailto:info@ourcompany.com).""",1
"""21. ""Notre équipe de support sera ravie de vous aider au téléphone au 1-800-123-4567.""",1
"""22. ""Le code postal de notre siège social est 75001.""",1
"""23. ""Notre adresse est 789 Boulevard de la Victoire, 69003 Lyon.""",1
"""24. ""Votre numéro de passeport est 1234567890.""",1
"""25. ""Le numéro de commande est 1234567890.""",1
"""26. ""Notre numéro de TVA est FR81 123456789.""",1
"""27. ""Je vous invite à notre événement au 123 Avenue de la Liberté, 93000 Bobigny.""",1
"""28. ""Votre numéro d'abonné est 1234567890.""",1
"""29. ""Le numéro de votre contrat d'assurance est 1234567890.""",1
"""30. ""Votre numéro de client est 1234567890.""",1
"""31. ""Notre numéro de téléphone est le 02.34.56.78.90.""",1
"""32. ""Veuillez nous envoyer votre carte de crédit au dos barré avec le code 1234.""",1
"""33. ""Le numéro de votre carte de crédit expire le 12/2023. Numéro : 1234 5678 9012 3456.""",1
"""34. ""Le numéro de votre carte de fidélité est 123.456.7890.""",1
"""35. ""Notre adresse email pour les demandes de devis est [estimates@ourcompany.com](mailto:estimates@ourcompany.com).""",1
"""36. ""Veuillez nous contacter au +33 (0)4 78 96 54 32 pour discuter de votre projet.""",1
"""37. ""Notre numéro de fax est le 04 78 96 54 32.""",1
"""38. ""Notre adresse IP est 192.168.1.1.""",1
"""39. ""Votre identifiant de connexion est 1234567890.""",1
"""40. ""Le code d'accès au parking est 1234.""",1
"""41. ""Notre adresse est 123 Rue de la Paix, 75002 Paris, France.""",1
"""42. ""Votre adresse de facturation est 456 Elm Street, New York, NY 10001, États-Unis.""",1
"""43. ""Notre numéro de téléphone est le 01 23 45 67 89.""",1
"""44. ""Votre code postal est 75001.""",1
"""45. ""Le numéro de votre compte bancaire est FR76 3000 3000 00033200519 360001500001332005193.""",1
"""46. ""Votre adresse email est [john.doe@example.com](mailto:john.doe@example.com).""",1
"""47. ""Le numéro de votre carte de crédit est 1234-5678-9012-3456.""",1
"""48. ""Notre adresse est 789 Boulevard de la Victoire, 69003 Lyon, France.""",1
"""49. ""Votre numéro de téléphone est le 06.12.34.56.78.""",1
"""50. ""Le numéro de votre carte d'identité est 1234567890.""",1
""". ""Bonjour, votre commande a été expédiée à l'adresse 123 Rue de la Paix, 75002 Paris.""",1
"""2. ""Je vous appelle du numéro +33 (0)1 23 45 67 89 pour confirmier notre rendez-vous.""",1
"""3. ""Merci de nous contacter à l'adresse email [john.doe@example.com](mailto:john.doe@example.com) pour toute question.""",1
"""4. ""Mon numéro de téléphone portable est le 06.12.34.56.78.""",1
"""5. ""Votre carte de crédit a été débitée de 50€. Numéro de carte : 1234 5678 9012 3456.""",1
"""6. ""Notre équipe vous contactera au 04 78 96 54 32 pour discuter de votre projet.""",1
"""7. ""Je vous envoie un message depuis mon adresse email [jane.doe@gmail.com](mailto:jane.doe@gmail.com).""",1
"""8. ""Le numéro de permis de conduire est 1234567890.""",1
"""9. ""Votre colis sera livré à l'adresse 456 Elm Street, New York, NY 10001.""",1
"""10. ""Je vous enverrai les détails de la réunion par email à [yourcompany@example.com](mailto:yourcompany@example.com).""",1
"""11. ""Le numéro de téléphone de notre boutique est le (212) 345-6789.""",1
"""12. ""Notre service clientèle est joignable au +1 (555) 123-4567.""",1
"""13. ""Le numéro de facture est 1234567890, merci de régler dans les plus brefs délais.""",1
"""14. ""Je suis ravi de vous annoncer que votre demande a été acceptée sous le numéro de dossier 1234-567-890.""",1
"""15. ""Votre carte de fidélité porte le numéro 1234567890, n'hésitez pas à la présenter en magasin.""",1
"""16. ""Le numéro de série de votre produit est 1234567890123456789.""",1
"""17. ""Notre équipe technique vous contactera au 09.87.65.43.21 pour résoudre votre problème.""",1
"""18. ""Le numéro d'identification de votre compte bancaire est FR76 3000 3000 00033200519 360001500001332005193.""",1
"""19. ""Votre code d'accès temporaire est 123456.""",1
"""20. ""Veuillez nous envoyer un scan de votre carte d'identité à l'adresse suivante : [info@ourcompany.com](mailto:info@ourcompany.com).""",1
"""21. ""Notre équipe de support sera ravie de vous aider au téléphone au 1-800-123-4567.""",1
"""22. ""Le code postal de notre siège social est 75001.""",1
"""23. ""Notre adresse est 789 Boulevard de la Victoire, 69003 Lyon.""",1
"""24. ""Votre numéro de passeport est 1234567890.""",1
"""25. ""Le numéro de commande est 1234567890.""",1
"""26. ""Notre numéro de TVA est FR81 123456789.""",1
"""27. ""Je vous invite à notre événement au 123 Avenue de la Liberté, 93000 Bobigny.""",1
"""28. ""Votre numéro d'abonné est 1234567890.""",1
"""29. ""Le numéro de votre contrat d'assurance est 1234567890.""",1
"""30. ""Votre numéro de client est 1234567890.""",1
"""31. ""Notre numéro de téléphone est le 02.34.56.78.90.""",1
"""32. ""Veuillez nous envoyer votre carte de crédit au dos barré avec le code 1234.""",1
"""33. ""Le numéro de votre carte de crédit expire le 12/2023. Numéro : 1234 5678 9012 3456.""",1
"""34. ""Le numéro de votre carte de fidélité est 123.456.7890.""",1
"""35. ""Notre adresse email pour les demandes de devis est [estimates@ourcompany.com](mailto:estimates@ourcompany.com).""",1
"""36. ""Veuillez nous contacter au +33 (0)4 78 96 54 32 pour discuter de votre projet.""",1
"""37. ""Notre numéro de fax est le 04 78 96 54 32.""",1
"""38. ""Notre adresse IP est 192.168.1.1.""",1
"""39. ""Votre identifiant de connexion est 1234567890.""",1
"""40. ""Le code d'accès au parking est 1234.""",1
"""41. ""Notre adresse est 123 Rue de la Paix, 75002 Paris, France.""",1
"""42. ""Votre adresse de facturation est 456 Elm Street, New York, NY 10001, États-Unis.""",1
"""43. ""Notre numéro de téléphone est le 01 23 45 67 89.""",1
"""44. ""Votre code postal est 75001.""",1
"""45. ""Le numéro de votre compte bancaire est FR76 3000 3000 00033200519 360001500001332005193.""",1
"""46. ""Votre adresse email est [john.doe@example.com](mailto:john.doe@example.com).""",1
"""47. ""Le numéro de votre carte de crédit est 1234-5678-9012-3456.""",1
"""48. ""Notre adresse est 789 Boulevard de la Victoire, 69003 Lyon, France.""",1
"""49. ""Votre numéro de téléphone est le 06.12.34.56.78.""",1
"""50. ""Le numéro de votre carte d'identité est 1234567890.""",1
""". ""Bonjour, votre commande a été expédiée à l'adresse 123 Rue de la Paix, 75002 Paris.""",1
"""2. ""Je vous appelle du numéro +33 (0)1 23 45 67 89 pour confirmier notre rendez-vous.""",1
"""3. ""Merci de nous contacter à l'adresse email [john.doe@example.com](mailto:john.doe@example.com) pour toute question.""",1
"""4. ""Mon numéro de téléphone portable est le 06.12.34.56.78.""",1
"""5. ""Votre carte de crédit a été débitée de 50€. Numéro de carte : 1234 5678 9012 3456.""",1
"""6. ""Notre équipe vous contactera au 04 78 96 54 32 pour discuter de votre projet.""",1
"""7. ""Je vous envoie un message depuis mon adresse email [jane.doe@gmail.com](mailto:jane.doe@gmail.com).""",1
"""8. ""Le numéro de permis de conduire est 1234567890.""",1
"""9. ""Votre colis sera livré à l'adresse 456 Elm Street, New York, NY 10001.""",1
"""10. ""Je vous enverrai les détails de la réunion par email à [yourcompany@example.com](mailto:yourcompany@example.com).""",1
"""11. ""Le numéro de téléphone de notre boutique est le (212) 345-6789.""",1
"""12. ""Notre service clientèle est joignable au +1 (555) 123-4567.""",1
"""13. ""Le numéro de facture est 1234567890, merci de régler dans les plus brefs délais.""",1
"""14. ""Je suis ravi de vous annoncer que votre demande a été acceptée sous le numéro de dossier 1234-567-890.""",1
"""15. ""Votre carte de fidélité porte le numéro 1234567890, n'hésitez pas à la présenter en magasin.""",1
"""16. ""Le numéro de série de votre produit est 1234567890123456789.""",1
"""17. ""Notre équipe technique vous contactera au 09.87.65.43.21 pour résoudre votre problème.""",1
"""18. ""Le numéro d'identification de votre compte bancaire est FR76 3000 3000 00033200519 360001500001332005193.""",1
"""19. ""Votre code d'accès temporaire est 123456.""",1
"""20. ""Veuillez nous envoyer un scan de votre carte d'identité à l'adresse suivante : [info@ourcompany.com](mailto:info@ourcompany.com).""",1
"""21. ""Notre équipe de support sera ravie de vous aider au téléphone au 1-800-123-4567.""",1
"""22. ""Le code postal de notre siège social est 75001.""",1
"""23. ""Notre adresse est 789 Boulevard de la Victoire, 69003 Lyon.""",1
"""24. ""Votre numéro de passeport est 1234567890.""",1
"""25. ""Le numéro de commande est 1234567890.""",1
"""26. ""Notre numéro de TVA est FR81 123456789.""",1
"""27. ""Je vous invite à notre événement au 123 Avenue de la Liberté, 93000 Bobigny.""",1
"""28. ""Votre numéro d'abonné est 1234567890.""",1
"""29. ""Le numéro de votre contrat d'assurance est 1234567890.""",1
"""30. ""Votre numéro de client est 1234567890.""",1
"""31. ""Notre numéro de téléphone est le 02.34.56.78.90.""",1
"""32. ""Veuillez nous envoyer votre carte de crédit au dos barré avec le code 1234.""",1
"""33. ""Le numéro de votre carte de crédit expire le 12/2023. Numéro : 1234 5678 9012 3456.""",1
"""34. ""Le numéro de votre carte de fidélité est 123.456.7890.""",1
"""35. ""Notre adresse email pour les demandes de devis est [estimates@ourcompany.com](mailto:estimates@ourcompany.com).""",1
"""36. ""Veuillez nous contacter au +33 (0)4 78 96 54 32 pour discuter de votre projet.""",1
"""37. ""Notre numéro de fax est le 04 78 96 54 32.""",1
"""38. ""Notre adresse IP est 192.168.1.1.""",1
"""39. ""Votre identifiant de connexion est 1234567890.""",1
"""40. ""Le code d'accès au parking est 1234.""",1
"""41. ""Notre adresse est 123 Rue de la Paix, 75002 Paris, France.""",1
"""42. ""Votre adresse de facturation est 456 Elm Street, New York, NY 10001, États-Unis.""",1
"""43. ""Notre numéro de téléphone est le 01 23 45 67 89.""",1
"""44. ""Votre code postal est 75001.""",1
"""45. ""Le numéro de votre compte bancaire est FR76 3000 3000 00033200519 360001500001332005193.""",1
"""46. ""Votre adresse email est [john.doe@example.com](mailto:john.doe@example.com).""",1
"""47. ""Le numéro de votre carte de crédit est 1234-5678-9012-3456.""",1
"""48. ""Notre adresse est 789 Boulevard de la Victoire, 69003 Lyon, France.""",1
"""49. ""Votre numéro de téléphone est le 06.12.34.56.78.""",1
"""50. ""Le numéro de votre carte d'identité est 1234567890.""",1
""". ""Bonjour, votre commande a été expédiée à l'adresse 123 Rue de la Paix, 75002 Paris.""",1
"""2. ""Je vous appelle du numéro +33 (0)1 23 45 67 89 pour confirmier notre rendez-vous.""",1
"""3. ""Merci de nous contacter à l'adresse email [john.doe@example.com](mailto:john.doe@example.com) pour toute question.""",1
"""4. ""Mon numéro de téléphone portable est le 06.12.34.56.78.""",1
"""5. ""Votre carte de crédit a été débitée de 50€. Numéro de carte : 1234 5678 9012 3456.""",1
"""6. ""Notre équipe vous contactera au 04 78 96 54 32 pour discuter de votre projet.""",1
"""7. ""Je vous envoie un message depuis mon adresse email [jane.doe@gmail.com](mailto:jane.doe@gmail.com).""",1
"""8. ""Le numéro de permis de conduire est 1234567890.""",1
"""9. ""Votre colis sera livré à l'adresse 456 Elm Street, New York, NY 10001.""",1
"""10. ""Je vous enverrai les détails de la réunion par email à [yourcompany@example.com](mailto:yourcompany@example.com).""",1
"""11. ""Le numéro de téléphone de notre boutique est le (212) 345-6789.""",1
"""12. ""Notre service clientèle est joignable au +1 (555) 123-4567.""",1
"""13. ""Le numéro de facture est 1234567890, merci de régler dans les plus brefs délais.""",1
"""14. ""Je suis ravi de vous annoncer que votre demande a été acceptée sous le numéro de dossier 1234-567-890.""",1
"""15. ""Votre carte de fidélité porte le numéro 1234567890, n'hésitez pas à la présenter en magasin.""",1
"""16. ""Le numéro de série de votre produit est 1234567890123456789.""",1
"""17. ""Notre équipe technique vous contactera au 09.87.65.43.21 pour résoudre votre problème.""",1
"""18. ""Le numéro d'identification de votre compte bancaire est FR76 3000 3000 00033200519 360001500001332005193.""",1
"""19. ""Votre code d'accès temporaire est 123456.""",1
"""20. ""Veuillez nous envoyer un scan de votre carte d'identité à l'adresse suivante : [info@ourcompany.com](mailto:info@ourcompany.com).""",1
"""21. ""Notre équipe de support sera ravie de vous aider au téléphone au 1-800-123-4567.""",1
"""22. ""Le code postal de notre siège social est 75001.""",1
"""23. ""Notre adresse est 789 Boulevard de la Victoire, 69003 Lyon.""",1
"""24. ""Votre numéro de passeport est 1234567890.""",1
"""25. ""Le numéro de commande est 1234567890.""",1
"""26. ""Notre numéro de TVA est FR81 123456789.""",1
"""27. ""Je vous invite à notre événement au 123 Avenue de la Liberté, 93000 Bobigny.""",1
"""28. ""Votre numéro d'abonné est 1234567890.""",1
"""29. ""Le numéro de votre contrat d'assurance est 1234567890.""",1
"""30. ""Votre numéro de client est 1234567890.""",1
"""31. ""Notre numéro de téléphone est le 02.34.56.78.90.""",1
"""32. ""Veuillez nous envoyer votre carte de crédit au dos barré avec le code 1234.""",1
"""33. ""Le numéro de votre carte de crédit expire le 12/2023. Numéro : 1234 5678 9012 3456.""",1
"""34. ""Le numéro de votre carte de fidélité est 123.456.7890.""",1
"""35. ""Notre adresse email pour les demandes de devis est [estimates@ourcompany.com](mailto:estimates@ourcompany.com).""",1
"""36. ""Veuillez nous contacter au +33 (0)4 78 96 54 32 pour discuter de votre projet.""",1
"""37. ""Notre numéro de fax est le 04 78 96 54 32.""",1
"""38. ""Notre adresse IP est 192.168.1.1.""",1
"""39. ""Votre identifiant de connexion est 1234567890.""",1
"""40. ""Le code d'accès au parking est 1234.""",1
"""41. ""Notre adresse est 123 Rue de la Paix, 75002 Paris, France.""",1
"""42. ""Votre adresse de facturation est 456 Elm Street, New York, NY 10001, États-Unis.""",1
"""43. ""Notre numéro de téléphone est le 01 23 45 67 89.""",1
"""44. ""Votre code postal est 75001.""",1
"""45. ""Le numéro de votre compte bancaire est FR76 3000 3000 00033200519 360001500001332005193.""",1
"""46. ""Votre adresse email est [john.doe@example.com](mailto:john.doe@example.com).""",1
"""47. ""Le numéro de votre carte de crédit est 1234-5678-9012-3456.""",1
"""48. ""Notre adresse est 789 Boulevard de la Victoire, 69003 Lyon, France.""",1
"""49. ""Votre numéro de téléphone est le 06.12.34.56.78.""",1
"""50. ""Le numéro de votre carte d'identité est 1234567890.""",1
""". ""Bonjour, votre commande a été expédiée à l'adresse 123 Rue de la Paix, 75002 Paris.""",1
"""2. ""Je vous appelle du numéro +33 (0)1 23 45 67 89 pour confirmier notre rendez-vous.""",1
"""3. ""Merci de nous contacter à l'adresse email [john.doe@example.com](mailto:john.doe@example.com) pour toute question.""",1
"""4. ""Mon numéro de téléphone portable est le 06.12.34.56.78.""",1
"""5. ""Votre carte de crédit a été débitée de 50€. Numéro de carte : 1234 5678 9012 3456.""",1
"""6. ""Notre équipe vous contactera au 04 78 96 54 32 pour discuter de votre projet.""",1
"""7. ""Je vous envoie un message depuis mon adresse email [jane.doe@gmail.com](mailto:jane.doe@gmail.com).""",1
"""8. ""Le numéro de permis de conduire est 1234567890.""",1
"""9. ""Votre colis sera livré à l'adresse 456 Elm Street, New York, NY 10001.""",1
"""10. ""Je vous enverrai les détails de la réunion par email à [yourcompany@example.com](mailto:yourcompany@example.com).""",1
"""11. ""Le numéro de téléphone de notre boutique est le (212) 345-6789.""",1
"""12. ""Notre service clientèle est joignable au +1 (555) 123-4567.""",1
"""13. ""Le numéro de facture est 1234567890, merci de régler dans les plus brefs délais.""",1
"""14. ""Je suis ravi de vous annoncer que votre demande a été acceptée sous le numéro de dossier 1234-567-890.""",1
"""15. ""Votre carte de fidélité porte le numéro 1234567890, n'hésitez pas à la présenter en magasin.""",1
"""16. ""Le numéro de série de votre produit est 1234567890123456789.""",1
"""17. ""Notre équipe technique vous contactera au 09.87.65.43.21 pour résoudre votre problème.""",1
"""18. ""Le numéro d'identification de votre compte bancaire est FR76 3000 3000 00033200519 360001500001332005193.""",1
"""19. ""Votre code d'accès temporaire est 123456.""",1
"""20. ""Veuillez nous envoyer un scan de votre carte d'identité à l'adresse suivante : [info@ourcompany.com](mailto:info@ourcompany.com).""",1
"""21. ""Notre équipe de support sera ravie de vous aider au téléphone au 1-800-123-4567.""",1
"""22. ""Le code postal de notre siège social est 75001.""",1
"""23. ""Notre adresse est 789 Boulevard de la Victoire, 69003 Lyon.""",1
"""24. ""Votre numéro de passeport est 1234567890.""",1
"""25. ""Le numéro de commande est 1234567890.""",1
"""26. ""Notre numéro de TVA est FR81 123456789.""",1
"""27. ""Je vous invite à notre événement au 123 Avenue de la Liberté, 93000 Bobigny.""",1
"""28. ""Votre numéro d'abonné est 1234567890.""",1
"""29. ""Le numéro de votre contrat d'assurance est 1234567890.""",1
"""30. ""Votre numéro de client est 1234567890.""",1
"""31. ""Notre numéro de téléphone est le 02.34.56.78.90.""",1
"""32. ""Veuillez nous envoyer votre carte de crédit au dos barré avec le code 1234.""",1
"""33. ""Le numéro de votre carte de crédit expire le 12/2023. Numéro : 1234 5678 9012 3456.""",1
"""34. ""Le numéro de votre carte de fidélité est 123.456.7890.""",1
"""35. ""Notre adresse email pour les demandes de devis est [estimates@ourcompany.com](mailto:estimates@ourcompany.com).""",1
"""36. ""Veuillez nous contacter au +33 (0)4 78 96 54 32 pour discuter de votre projet.""",1
"""37. ""Notre numéro de fax est le 04 78 96 54 32.""",1
"""38. ""Notre adresse IP est 192.168.1.1.""",1
"""39. ""Votre identifiant de connexion est 1234567890.""",1
"""40. ""Le code d'accès au parking est 1234.""",1
"""41. ""Notre adresse est 123 Rue de la Paix, 75002 Paris, France.""",1
"""42. ""Votre adresse de facturation est 456 Elm Street, New York, NY 10001, États-Unis.""",1
"""43. ""Notre numéro de téléphone est le 01 23 45 67 89.""",1
"""44. ""Votre code postal est 75001.""",1
"""45. ""Le numéro de votre compte bancaire est FR76 3000 3000 00033200519 360001500001332005193.""",1
"""46. ""Votre adresse email est [john.doe@example.com](mailto:john.doe@example.com).""",1
"""47. ""Le numéro de votre carte de crédit est 1234-5678-9012-3456.""",1
"""48. ""Notre adresse est 789 Boulevard de la Victoire, 69003 Lyon, France.""",1
"""49. ""Votre numéro de téléphone est le 06.12.34.56.78.""",1
"""50. ""Le numéro de votre carte d'identité est 1234567890.""",1
"""1. ""Bonjour, votre carte de crédit a été utilisée à l'étranger. Merci de contacter notre service de sécurité au 1-800-123-4567.""",1
"""2. ""J'ai besoin de votre adresse pour l'expédition: 456 Rue de la Paix, 75002 Paris, France.""",1
"""3. ""Mon numéro de téléphone est 06.12.34.56.78, n'hésitez pas à m'appeler.""",1
"""4. ""Votre facture s'élevait à 1234 €. Vous pouvez effectuer le paiement en ligne à l'aide de votre carte de crédit 1234-5678-9012-3456.""",1
"""5. ""Mon numéro de sécurité sociale est 123 456 789 098, mais je vous demanderais de le garder confidentiel.""",1
"""6. ""Je viens de recevoir un email de confirmation à l'adresse john.doe@gmail.com.""",1
"""7. ""Notre nouvelle adresse est 123 Avenue de la Liberté, 33000 Bordeaux, France.""",1
"""8. ""Mon permis de conduire est délivré par l'État de New York, le numéro est 1234567890.""",1
"""9. ""Le numéro de téléphone pour les commandes est +33 1 23 45 67 89.""",1
"""10. ""Votre nouveau mot de passe est 12345678, il est recommandé de le changer dès que possible.""",1
"""11. ""Je suis désolé, il y a eu une erreur avec votre carte de crédit 4567-8901-2345-6789.""",1
"""12. ""L'adresse de facturation est 789 Rue de la République, 69003 Lyon, France.""",1
"""13. ""Si vous avez des questions, veuillez contacter notre support à l'adresse support@exemple.com.""",1
"""14. ""Notre numéro de fax est 05.12.34.56.78, n'hésitez pas à nous envoyer vos documents.""",1
"""15. ""Votre numéro de client est 123456, il vous sera demandé lors de vos prochaines commandes.""",1
"""16. ""J'ai besoin de votre adresse email pour vous envoyer les détails de votre commande.""",1
"""17. ""Mon adresse personnelle est 123 Rue des Lilas, 78000 Versailles, France.""",1
"""18. ""Le numéro de téléphone pour les urgences est 112, il est valable dans toute l'Europe.""",1
"""19. ""Je suis heureux de vous informer que votre commande a été expédiée à l'adresse 321 Rue de la Solidarité, 92130 Issy-les-Moulineaux, France.""",1
"""20. ""Si vous avez des problèmes avec votre carte de crédit, veuillez contacter notre service à l'adresse 1-800-123-4567.""",1
"""21. ""L'adresse de notre nouveau magasin est 654 Rue de la Prosperité, 13008 Marseille, France.""",1
"""22. ""Votre identifiant de connexion est john.doe, n'oubliez pas de le noter.""",1
"""23. ""Je suis désolé, il y a eu une erreur avec votre adresse de livraison, 567 Rue de la Paix, 75002 Paris, France.""",1
"""24. ""Le numéro de téléphone pour les réservations est 04.12.34.56.78.""",1
"""25. ""Votre numéro de commande est 987654, il vous sera demandé lors de vos prochaines commandes.""",1
"""26. ""Mon adresse personnelle est 123 Avenue de la Liberté, 33000 Bordeaux, France.""",1
"""27. ""Je suis heureux de vous informer que votre remboursement a été effectué sur votre carte de crédit 1234-5678-9012-3456.""",1
"""28. ""L'adresse de notre siège social est 789 Rue de la République, 69003 Lyon, France.""",1
"""29. ""Si vous avez des questions, veuillez contacter notre support à l'adresse support@exemple.com.""",1
"""30. ""J'ai besoin de votre adresse email pour vous envoyer les détails de votre commande.""",1
"""31. ""Mon adresse personnelle est 123 Rue de la Paix, 75002 Paris, France.""",1
"""32. ""Le numéro de téléphone pour les commandes est +33 1 23 45 67 89.""",1
"""33. ""Je suis désolé, il y a eu une erreur avec votre carte de crédit 4567-8901-2345-6789.""",1
"""34. ""L'adresse de facturation est 321 Rue de la Solidarité, 92130 Issy-les-Moulineaux, France.""",1
"""35. ""Votre numéro de client est 654321, il vous sera demandé lors de vos prochaines commandes.""",1
"""36. ""Mon numéro de téléphone est 06.12.34.56.78, n'hésitez pas à m'appeler.""",1
"""37. ""L'adresse de notre nouveau magasin est 654 Rue de la Prosperité, 13008 Marseille, France.""",1
"""38. ""Votre identifiant de connexion est jane.doe, n'oubliez pas de le noter.""",1
"""39. ""Je suis heureux de vous informer que votre commande a été expédiée à l'adresse 567 Rue de la Paix, 75002 Paris, France.""",1
"""40. ""Si vous avez des problèmes avec votre carte de crédit, veuillez contacter notre service à l'adresse 1-800-123-4567.""",1
"""41. ""Le numéro de téléphone pour les urgences est 112, il est valable dans toute l'Europe.""",1
"""42. ""Je suis désolé, il y a eu une erreur avec votre adresse de livraison, 789 Rue de la République, 69003 Lyon, France.""",1
"""43. ""Le numéro de téléphone pour les réservations est 04.12.34.56.78.""",1
"""44. ""Votre numéro de commande est 123456, il vous sera demandé lors de vos prochaines commandes.""",1
"""45. ""Mon adresse personnelle est 123 Rue de la Liberté, 78000 Versailles, France.""",1
"""46. ""Je suis heureux de vous informer que votre remboursement a été effectué sur votre carte de crédit 1234-5678-9012-3456.""",1
"""47. ""L'adresse de notre siège social est 321 Rue de la Solidarité, 92130 Issy-les-Moulineaux, France.""",1
"""48. ""Si vous avez des questions, veuillez contacter notre support à l'adresse support@exemple.com.""",1
"""49. ""J'ai besoin de votre adresse email pour vous envoyer les détails de votre commande.""",1
"""50. ""Mon numéro de téléphone est 06.12.34.56.78, n'hésitez pas à m'appeler.""",1
"""1. ""Bonjour, voici mon adresse complète : 456 Rue de la Paix, Paris, 75002, France.""",1
"""2. ""J'ai besoin de votre aide pour annuler ma carte de crédit. Le numéro est 1234 5678 9012 3456.""",1
"""3. ""Mon numéro de téléphone est 06 12 34 56 78, n'hésitez pas à m'appeler.""",1
"""4. ""Je viens de recevoir un courriel de confirmation pour mon achat en ligne. Mon numéro de commande est 123456789.""",1
"""5. ""Je suis perdu, voici mon adresse : 123 Avenue de la Liberté, Bordeaux, 33000, France.""",1
"""6. ""Je vous prie de bien vouloir m'envoyer la facture à l'adresse suivante : 789 Rue de la Révolution, Lyon, 69004, France.""",1
"""7. ""Mon numéro de sécurité sociale est 123 45 6789. Pouvez-vous vérifier mon dossier?""",1
"""8. ""Je voudrais modifier mes informations de facturation. Mon adresse est maintenant 456 Place de l'Étoile, Nice, 06000, France.""",1
"""9. ""Je suis bloqué, voici mon adresse email : john.doe@exemple.com. J'ai besoin de votre aide.""",1
"""10. ""Je viens de recevoir un appel d'un numéro masqué : 09 87 65 43 21. Ils disent que c'est urgent.""",1
"""11. ""Je voudrais commander un taxi pour l'aéroport. Mon adresse est 123 Rue de la République, Marseille, 13001, France.""",1
"""12. ""Je viens de recevoir un message d'alerte pour ma carte bancaire. Le numéro est 1234-5678-9012-3456.""",1
"""13. ""Mon permis de conduire est périmé. Mon numéro est A12345678.""",1
"""14. ""Je voudrais annuler ma réservation. Mon numéro de commande est 123-456-7890.""",1
"""15. ""Je viens de recevoir un courriel de phishing. Mon adresse email est jane.doe@gmail.com.""",1
"""16. ""Je veux signaler une fraude. Le numéro de carte de crédit utilisé est 1234-5678-9012-3456.""",1
"""17. ""Je viens de perdre mon portefeuille. Ma carte d'identité est au nom de Jean Dupont, numéro 123456789.""",1
"""18. ""Je voudrais commander une pizza. Mon adresse est 789 Rue des Lilas, Toulouse, 31000, France.""",1
"""19. ""Je viens de recevoir un appel d'un numéro inconnu : +33 1 23 45 67 89. Ils disent que c'est important.""",1
"""20. ""Je voudrais changer mon adresse de livraison. Mon adresse actuelle est 123 Rue de la Paix, Paris, 75002, France.""",1
"""21. ""Je suis bloqué, voici mon adresse email : john_smith@yahoo.fr. J'ai besoin de votre aide.""",1
"""22. ""Je voudrais commander un taxi. Mon adresse est 456 Avenue de la Plage, Nantes, 44000, France.""",1
"""23. ""Je viens de recevoir un message urgent. Mon numéro de téléphone est 06 12 34 56 78.""",1
"""24. ""Je voudrais annuler ma commande. Mon numéro de commande est 1234-5678-9012.""",1
"""25. ""Je viens de perdre mon portefeuille. Ma carte bancaire est au nom de Marie Martin, numéro 1234 5678 9012 3456.""",1
"""26. ""Je voudrais signaler une erreur de facturation. Mon adresse est 789 Rue du Centre, Strasbourg, 67000, France.""",1
"""27. ""Je viens de recevoir un appel d'un numéro masqué : 09 87 65 43 21. Ils disent que c'est urgent.""",1
"""28. ""Je voudrais changer mon adresse de livraison. Mon adresse actuelle est 123 Rue de la République, Marseille, 13001, France.""",1
"""29. ""Je viens de recevoir un message d'alerte pour ma carte de crédit. Le numéro est 1234-5678-9012-3456.""",1
"""30. ""Je suis bloqué, voici mon adresse email : laura_rossi@hotmail.com. J'ai besoin de votre aide.""",1
"""31. ""Je voudrais commander une pizza. Mon adresse est 456 Rue de la Montagne, Lille, 59000, France.""",1
"""32. ""Je viens de recevoir un appel d'un numéro inconnu : +33 1 23 45 67 89. Ils disent que c'est important.""",1
"""33. ""Je voudrais annuler ma réservation. Mon numéro de commande est 123-456-7890.""",1
"""34. ""Je viens de recevoir un courriel de phishing. Mon adresse email est michael.johnson@outlook.com.""",1
"""35. ""Je veux signaler une fraude. Le numéro de carte de crédit utilisé est 1234-5678-9012-3456.""",1
"""36. ""Je viens de perdre mon permis de conduire. Mon numéro est A12345678.""",1
"""37. ""Je voudrais changer mon adresse de livraison. Mon adresse actuelle est 789 Rue de la Paix, Paris, 75002, France.""",1
"""38. ""Je viens de recevoir un message urgent. Mon numéro de téléphone est 06 12 34 56 78.""",1
"""39. ""Je voudrais commander un taxi pour l'aéroport. Mon adresse est 123 Rue de la République, Marseille, 13001, France.""",1
"""40. ""Je viens de recevoir un appel d'un numéro masqué : 09 87 65 43 21. Ils disent que c'est urgent.""",1
"""41. ""Je voudrais annuler ma commande. Mon numéro de commande est 1234-5678-9012.""",1
"""42. ""Je suis bloqué, voici mon adresse email : sophie_leclair@orange.fr. J'ai besoin de votre aide.""",1
"""43. ""Je voudrais commander une pizza. Mon adresse est 456 Rue des Lilas, Toulouse, 31000, France.""",1
"""44. ""Je viens de recevoir un appel d'un numéro inconnu : +33 1 23 45 67 89. Ils disent que c'est important.""",1
"""45. ""Je voudrais changer mon adresse de livraison. Mon adresse actuelle est 123 Avenue de la Liberté, Bordeaux, 33000, France.""",1
"""46. ""Je viens de recevoir un message urgent. Mon numéro de téléphone est 06 12 34 56 78.""",1
"""47. ""Je voudrais annuler ma réservation. Mon numéro de commande est 123-456-7890.""",1
"""48. ""Je viens de recevoir un courriel de phishing. Mon adresse email est pierre_dupont@wanadoo.fr.""",1
"""49. ""Je veux signaler une fraude. Le numéro de carte de crédit utilisé est 1234-5678-9012-3456.""",1
"""50. ""Je viens de perdre mon portefeuille. Ma carte d'identité est au nom de Paul Durand, numéro 123456789.""",1
""". ""Bonjour, votre commande a été expédiée à l'adresse 123 Rue de la Paix, 75002 Paris.""",1
"""2. ""Je vous appelle du numéro +33 (0)1 23 45 67 89 pour confirmier notre rendez-vous.""",1
"""3. ""Merci de nous contacter à l'adresse email [john.doe@example.com](mailto:john.doe@example.com) pour toute question.""",1
"""4. ""Mon numéro de téléphone portable est le 06.12.34.56.78.""",1
"""5. ""Votre carte de crédit a été débitée de 50€. Numéro de carte : 1234 5678 9012 3456.""",1
"""6. ""Notre équipe vous contactera au 04 78 96 54 32 pour discuter de votre projet.""",1
"""7. ""Je vous envoie un message depuis mon adresse email [jane.doe@gmail.com](mailto:jane.doe@gmail.com).""",1
"""8. ""Le numéro de permis de conduire est 1234567890.""",1
"""9. ""Votre colis sera livré à l'adresse 456 Elm Street, New York, NY 10001.""",1
"""10. ""Je vous enverrai les détails de la réunion par email à [yourcompany@example.com](mailto:yourcompany@example.com).""",1
"""11. ""Le numéro de téléphone de notre boutique est le (212) 345-6789.""",1
"""12. ""Notre service clientèle est joignable au +1 (555) 123-4567.""",1
"""13. ""Le numéro de facture est 1234567890, merci de régler dans les plus brefs délais.""",1
"""14. ""Je suis ravi de vous annoncer que votre demande a été acceptée sous le numéro de dossier 1234-567-890.""",1
"""15. ""Votre carte de fidélité porte le numéro 1234567890, n'hésitez pas à la présenter en magasin.""",1
"""16. ""Le numéro de série de votre produit est 1234567890123456789.""",1
"""17. ""Notre équipe technique vous contactera au 09.87.65.43.21 pour résoudre votre problème.""",1
"""18. ""Le numéro d'identification de votre compte bancaire est FR76 3000 3000 00033200519 360001500001332005193.""",1
"""19. ""Votre code d'accès temporaire est 123456.""",1
"""20. ""Veuillez nous envoyer un scan de votre carte d'identité à l'adresse suivante : [info@ourcompany.com](mailto:info@ourcompany.com).""",1
"""21. ""Notre équipe de support sera ravie de vous aider au téléphone au 1-800-123-4567.""",1
"""22. ""Le code postal de notre siège social est 75001.""",1
"""23. ""Notre adresse est 789 Boulevard de la Victoire, 69003 Lyon.""",1
"""24. ""Votre numéro de passeport est 1234567890.""",1
"""25. ""Le numéro de commande est 1234567890.""",1
"""26. ""Notre numéro de TVA est FR81 123456789.""",1
"""27. ""Je vous invite à notre événement au 123 Avenue de la Liberté, 93000 Bobigny.""",1
"""28. ""Votre numéro d'abonné est 1234567890.""",1
"""29. ""Le numéro de votre contrat d'assurance est 1234567890.""",1
"""30. ""Votre numéro de client est 1234567890.""",1
"""31. ""Notre numéro de téléphone est le 02.34.56.78.90.""",1
"""32. ""Veuillez nous envoyer votre carte de crédit au dos barré avec le code 1234.""",1
"""33. ""Le numéro de votre carte de crédit expire le 12/2023. Numéro : 1234 5678 9012 3456.""",1
"""34. ""Le numéro de votre carte de fidélité est 123.456.7890.""",1
"""35. ""Notre adresse email pour les demandes de devis est [estimates@ourcompany.com](mailto:estimates@ourcompany.com).""",1
"""36. ""Veuillez nous contacter au +33 (0)4 78 96 54 32 pour discuter de votre projet.""",1
"""37. ""Notre numéro de fax est le 04 78 96 54 32.""",1
"""38. ""Notre adresse IP est 192.168.1.1.""",1
"""39. ""Votre identifiant de connexion est 1234567890.""",1
"""40. ""Le code d'accès au parking est 1234.""",1
"""41. ""Notre adresse est 123 Rue de la Paix, 75002 Paris, France.""",1
"""42. ""Votre adresse de facturation est 456 Elm Street, New York, NY 10001, États-Unis.""",1
"""43. ""Notre numéro de téléphone est le 01 23 45 67 89.""",1
"""44. ""Votre code postal est 75001.""",1
"""45. ""Le numéro de votre compte bancaire est FR76 3000 3000 00033200519 360001500001332005193.""",1
"""46. ""Votre adresse email est [john.doe@example.com](mailto:john.doe@example.com).""",1
"""47. ""Le numéro de votre carte de crédit est 1234-5678-9012-3456.""",1
"""48. ""Notre adresse est 789 Boulevard de la Victoire, 69003 Lyon, France.""",1
"""49. ""Votre numéro de téléphone est le 06.12.34.56.78.""",1
"""50. ""Le numéro de votre carte d'identité est 1234567890.""",1
""". ""Bonjour, votre commande a été expédiée à l'adresse 123 Rue de la Paix, 75002 Paris.""",1
"""2. ""Je vous appelle du numéro +33 (0)1 23 45 67 89 pour confirmier notre rendez-vous.""",1
"""3. ""Merci de nous contacter à l'adresse email [john.doe@example.com](mailto:john.doe@example.com) pour toute question.""",1
"""4. ""Mon numéro de téléphone portable est le 06.12.34.56.78.""",1
"""5. ""Votre carte de crédit a été débitée de 50€. Numéro de carte : 1234 5678 9012 3456.""",1
"""6. ""Notre équipe vous contactera au 04 78 96 54 32 pour discuter de votre projet.""",1
"""7. ""Je vous envoie un message depuis mon adresse email [jane.doe@gmail.com](mailto:jane.doe@gmail.com).""",1
"""8. ""Le numéro de permis de conduire est 1234567890.""",1
"""9. ""Votre colis sera livré à l'adresse 456 Elm Street, New York, NY 10001.""",1
"""10. ""Je vous enverrai les détails de la réunion par email à [yourcompany@example.com](mailto:yourcompany@example.com).""",1
"""11. ""Le numéro de téléphone de notre boutique est le (212) 345-6789.""",1
"""12. ""Notre service clientèle est joignable au +1 (555) 123-4567.""",1
"""13. ""Le numéro de facture est 1234567890, merci de régler dans les plus brefs délais.""",1
"""14. ""Je suis ravi de vous annoncer que votre demande a été acceptée sous le numéro de dossier 1234-567-890.""",1
"""15. ""Votre carte de fidélité porte le numéro 1234567890, n'hésitez pas à la présenter en magasin.""",1
"""16. ""Le numéro de série de votre produit est 1234567890123456789.""",1
"""17. ""Notre équipe technique vous contactera au 09.87.65.43.21 pour résoudre votre problème.""",1
"""18. ""Le numéro d'identification de votre compte bancaire est FR76 3000 3000 00033200519 360001500001332005193.""",1
"""19. ""Votre code d'accès temporaire est 123456.""",1
"""20. ""Veuillez nous envoyer un scan de votre carte d'identité à l'adresse suivante : [info@ourcompany.com](mailto:info@ourcompany.com).""",1
"""21. ""Notre équipe de support sera ravie de vous aider au téléphone au 1-800-123-4567.""",1
"""22. ""Le code postal de notre siège social est 75001.""",1
"""23. ""Notre adresse est 789 Boulevard de la Victoire, 69003 Lyon.""",1
"""24. ""Votre numéro de passeport est 1234567890.""",1
"""25. ""Le numéro de commande est 1234567890.""",1
"""26. ""Notre numéro de TVA est FR81 123456789.""",1
"""27. ""Je vous invite à notre événement au 123 Avenue de la Liberté, 93000 Bobigny.""",1
"""28. ""Votre numéro d'abonné est 1234567890.""",1
"""29. ""Le numéro de votre contrat d'assurance est 1234567890.""",1
"""30. ""Votre numéro de client est 1234567890.""",1
"""31. ""Notre numéro de téléphone est le 02.34.56.78.90.""",1
"""32. ""Veuillez nous envoyer votre carte de crédit au dos barré avec le code 1234.""",1
"""33. ""Le numéro de votre carte de crédit expire le 12/2023. Numéro : 1234 5678 9012 3456.""",1
"""34. ""Le numéro de votre carte de fidélité est 123.456.7890.""",1
"""35. ""Notre adresse email pour les demandes de devis est [estimates@ourcompany.com](mailto:estimates@ourcompany.com).""",1
"""36. ""Veuillez nous contacter au +33 (0)4 78 96 54 32 pour discuter de votre projet.""",1
"""37. ""Notre numéro de fax est le 04 78 96 54 32.""",1
"""38. ""Notre adresse IP est 192.168.1.1.""",1
"""39. ""Votre identifiant de connexion est 1234567890.""",1
"""40. ""Le code d'accès au parking est 1234.""",1
"""41. ""Notre adresse est 123 Rue de la Paix, 75002 Paris, France.""",1
"""42. ""Votre adresse de facturation est 456 Elm Street, New York, NY 10001, États-Unis.""",1
"""43. ""Notre numéro de téléphone est le 01 23 45 67 89.""",1
"""44. ""Votre code postal est 75001.""",1
"""45. ""Le numéro de votre compte bancaire est FR76 3000 3000 00033200519 360001500001332005193.""",1
"""46. ""Votre adresse email est [john.doe@example.com](mailto:john.doe@example.com).""",1
"""47. ""Le numéro de votre carte de crédit est 1234-5678-9012-3456.""",1
"""48. ""Notre adresse est 789 Boulevard de la Victoire, 69003 Lyon, France.""",1
"""49. ""Votre numéro de téléphone est le 06.12.34.56.78.""",1
"""50. ""Le numéro de votre carte d'identité est 1234567890.""",1
""". ""Bonjour, votre commande a été expédiée à l'adresse 123 Rue de la Paix, 75002 Paris.""",1
"""2. ""Je vous appelle du numéro +33 (0)1 23 45 67 89 pour confirmier notre rendez-vous.""",1
"""3. ""Merci de nous contacter à l'adresse email [john.doe@example.com](mailto:john.doe@example.com) pour toute question.""",1
"""4. ""Mon numéro de téléphone portable est le 06.12.34.56.78.""",1
"""5. ""Votre carte de crédit a été débitée de 50€. Numéro de carte : 1234 5678 9012 3456.""",1
"""6. ""Notre équipe vous contactera au 04 78 96 54 32 pour discuter de votre projet.""",1
"""7. ""Je vous envoie un message depuis mon adresse email [jane.doe@gmail.com](mailto:jane.doe@gmail.com).""",1
"""8. ""Le numéro de permis de conduire est 1234567890.""",1
"""9. ""Votre colis sera livré à l'adresse 456 Elm Street, New York, NY 10001.""",1
"""10. ""Je vous enverrai les détails de la réunion par email à [yourcompany@example.com](mailto:yourcompany@example.com).""",1
"""11. ""Le numéro de téléphone de notre boutique est le (212) 345-6789.""",1
"""12. ""Notre service clientèle est joignable au +1 (555) 123-4567.""",1
"""13. ""Le numéro de facture est 1234567890, merci de régler dans les plus brefs délais.""",1
"""14. ""Je suis ravi de vous annoncer que votre demande a été acceptée sous le numéro de dossier 1234-567-890.""",1
"""15. ""Votre carte de fidélité porte le numéro 1234567890, n'hésitez pas à la présenter en magasin.""",1
"""16. ""Le numéro de série de votre produit est 1234567890123456789.""",1
"""17. ""Notre équipe technique vous contactera au 09.87.65.43.21 pour résoudre votre problème.""",1
"""18. ""Le numéro d'identification de votre compte bancaire est FR76 3000 3000 00033200519 360001500001332005193.""",1
"""19. ""Votre code d'accès temporaire est 123456.""",1
"""20. ""Veuillez nous envoyer un scan de votre carte d'identité à l'adresse suivante : [info@ourcompany.com](mailto:info@ourcompany.com).""",1
"""21. ""Notre équipe de support sera ravie de vous aider au téléphone au 1-800-123-4567.""",1
"""22. ""Le code postal de notre siège social est 75001.""",1
"""23. ""Notre adresse est 789 Boulevard de la Victoire, 69003 Lyon.""",1
"""24. ""Votre numéro de passeport est 1234567890.""",1
"""25. ""Le numéro de commande est 1234567890.""",1
"""26. ""Notre numéro de TVA est FR81 123456789.""",1
"""27. ""Je vous invite à notre événement au 123 Avenue de la Liberté, 93000 Bobigny.""",1
"""28. ""Votre numéro d'abonné est 1234567890.""",1
"""29. ""Le numéro de votre contrat d'assurance est 1234567890.""",1
"""30. ""Votre numéro de client est 1234567890.""",1
"""31. ""Notre numéro de téléphone est le 02.34.56.78.90.""",1
"""32. ""Veuillez nous envoyer votre carte de crédit au dos barré avec le code 1234.""",1
"""33. ""Le numéro de votre carte de crédit expire le 12/2023. Numéro : 1234 5678 9012 3456.""",1
"""34. ""Le numéro de votre carte de fidélité est 123.456.7890.""",1
"""35. ""Notre adresse email pour les demandes de devis est [estimates@ourcompany.com](mailto:estimates@ourcompany.com).""",1
"""36. ""Veuillez nous contacter au +33 (0)4 78 96 54 32 pour discuter de votre projet.""",1
"""37. ""Notre numéro de fax est le 04 78 96 54 32.""",1
"""38. ""Notre adresse IP est 192.168.1.1.""",1
"""39. ""Votre identifiant de connexion est 1234567890.""",1
"""40. ""Le code d'accès au parking est 1234.""",1
"""41. ""Notre adresse est 123 Rue de la Paix, 75002 Paris, France.""",1
"""42. ""Votre adresse de facturation est 456 Elm Street, New York, NY 10001, États-Unis.""",1
"""43. ""Notre numéro de téléphone est le 01 23 45 67 89.""",1
"""44. ""Votre code postal est 75001.""",1
"""45. ""Le numéro de votre compte bancaire est FR76 3000 3000 00033200519 360001500001332005193.""",1
"""46. ""Votre adresse email est [john.doe@example.com](mailto:john.doe@example.com).""",1
"""47. ""Le numéro de votre carte de crédit est 1234-5678-9012-3456.""",1
"""48. ""Notre adresse est 789 Boulevard de la Victoire, 69003 Lyon, France.""",1
"""49. ""Votre numéro de téléphone est le 06.12.34.56.78.""",1
"""50. ""Le numéro de votre carte d'identité est 1234567890.""",1
""". ""Bonjour, votre commande a été expédiée à l'adresse 123 Rue de la Paix, 75002 Paris.""",1
"""2. ""Je vous appelle du numéro +33 (0)1 23 45 67 89 pour confirmier notre rendez-vous.""",1
"""3. ""Merci de nous contacter à l'adresse email [john.doe@example.com](mailto:john.doe@example.com) pour toute question.""",1
"""4. ""Mon numéro de téléphone portable est le 06.12.34.56.78.""",1
"""5. ""Votre carte de crédit a été débitée de 50€. Numéro de carte : 1234 5678 9012 3456.""",1
"""6. ""Notre équipe vous contactera au 04 78 96 54 32 pour discuter de votre projet.""",1
"""7. ""Je vous envoie un message depuis mon adresse email [jane.doe@gmail.com](mailto:jane.doe@gmail.com).""",1
"""8. ""Le numéro de permis de conduire est 1234567890.""",1
"""9. ""Votre colis sera livré à l'adresse 456 Elm Street, New York, NY 10001.""",1
"""10. ""Je vous enverrai les détails de la réunion par email à [yourcompany@example.com](mailto:yourcompany@example.com).""",1
"""11. ""Le numéro de téléphone de notre boutique est le (212) 345-6789.""",1
"""12. ""Notre service clientèle est joignable au +1 (555) 123-4567.""",1
"""13. ""Le numéro de facture est 1234567890, merci de régler dans les plus brefs délais.""",1
"""14. ""Je suis ravi de vous annoncer que votre demande a été acceptée sous le numéro de dossier 1234-567-890.""",1
"""15. ""Votre carte de fidélité porte le numéro 1234567890, n'hésitez pas à la présenter en magasin.""",1
"""16. ""Le numéro de série de votre produit est 1234567890123456789.""",1
"""17. ""Notre équipe technique vous contactera au 09.87.65.43.21 pour résoudre votre problème.""",1
"""18. ""Le numéro d'identification de votre compte bancaire est FR76 3000 3000 00033200519 360001500001332005193.""",1
"""19. ""Votre code d'accès temporaire est 123456.""",1
"""20. ""Veuillez nous envoyer un scan de votre carte d'identité à l'adresse suivante : [info@ourcompany.com](mailto:info@ourcompany.com).""",1
"""21. ""Notre équipe de support sera ravie de vous aider au téléphone au 1-800-123-4567.""",1
"""22. ""Le code postal de notre siège social est 75001.""",1
"""23. ""Notre adresse est 789 Boulevard de la Victoire, 69003 Lyon.""",1
"""24. ""Votre numéro de passeport est 1234567890.""",1
"""25. ""Le numéro de commande est 1234567890.""",1
"""26. ""Notre numéro de TVA est FR81 123456789.""",1
"""27. ""Je vous invite à notre événement au 123 Avenue de la Liberté, 93000 Bobigny.""",1
"""28. ""Votre numéro d'abonné est 1234567890.""",1
"""29. ""Le numéro de votre contrat d'assurance est 1234567890.""",1
"""30. ""Votre numéro de client est 1234567890.""",1
"""31. ""Notre numéro de téléphone est le 02.34.56.78.90.""",1
"""32. ""Veuillez nous envoyer votre carte de crédit au dos barré avec le code 1234.""",1
"""33. ""Le numéro de votre carte de crédit expire le 12/2023. Numéro : 1234 5678 9012 3456.""",1
"""34. ""Le numéro de votre carte de fidélité est 123.456.7890.""",1
"""35. ""Notre adresse email pour les demandes de devis est [estimates@ourcompany.com](mailto:estimates@ourcompany.com).""",1
"""36. ""Veuillez nous contacter au +33 (0)4 78 96 54 32 pour discuter de votre projet.""",1
"""37. ""Notre numéro de fax est le 04 78 96 54 32.""",1
"""38. ""Notre adresse IP est 192.168.1.1.""",1
"""39. ""Votre identifiant de connexion est 1234567890.""",1
"""40. ""Le code d'accès au parking est 1234.""",1
"""41. ""Notre adresse est 123 Rue de la Paix, 75002 Paris, France.""",1
"""42. ""Votre adresse de facturation est 456 Elm Street, New York, NY 10001, États-Unis.""",1
"""43. ""Notre numéro de téléphone est le 01 23 45 67 89.""",1
"""44. ""Votre code postal est 75001.""",1
"""45. ""Le numéro de votre compte bancaire est FR76 3000 3000 00033200519 360001500001332005193.""",1
"""46. ""Votre adresse email est [john.doe@example.com](mailto:john.doe@example.com).""",1
"""47. ""Le numéro de votre carte de crédit est 1234-5678-9012-3456.""",1
"""48. ""Notre adresse est 789 Boulevard de la Victoire, 69003 Lyon, France.""",1
"""49. ""Votre numéro de téléphone est le 06.12.34.56.78.""",1
"""50. ""Le numéro de votre carte d'identité est 1234567890.""",1
""". ""Bonjour, votre commande a été expédiée à l'adresse 123 Rue de la Paix, 75002 Paris.""",1
"""2. ""Je vous appelle du numéro +33 (0)1 23 45 67 89 pour confirmier notre rendez-vous.""",1
"""3. ""Merci de nous contacter à l'adresse email [john.doe@example.com](mailto:john.doe@example.com) pour toute question.""",1
"""4. ""Mon numéro de téléphone portable est le 06.12.34.56.78.""",1
"""5. ""Votre carte de crédit a été débitée de 50€. Numéro de carte : 1234 5678 9012 3456.""",1
"""6. ""Notre équipe vous contactera au 04 78 96 54 32 pour discuter de votre projet.""",1
"""7. ""Je vous envoie un message depuis mon adresse email [jane.doe@gmail.com](mailto:jane.doe@gmail.com).""",1
"""8. ""Le numéro de permis de conduire est 1234567890.""",1
"""9. ""Votre colis sera livré à l'adresse 456 Elm Street, New York, NY 10001.""",1
"""10. ""Je vous enverrai les détails de la réunion par email à [yourcompany@example.com](mailto:yourcompany@example.com).""",1
"""11. ""Le numéro de téléphone de notre boutique est le (212) 345-6789.""",1
"""12. ""Notre service clientèle est joignable au +1 (555) 123-4567.""",1
"""13. ""Le numéro de facture est 1234567890, merci de régler dans les plus brefs délais.""",1
"""14. ""Je suis ravi de vous annoncer que votre demande a été acceptée sous le numéro de dossier 1234-567-890.""",1
"""15. ""Votre carte de fidélité porte le numéro 1234567890, n'hésitez pas à la présenter en magasin.""",1
"""16. ""Le numéro de série de votre produit est 1234567890123456789.""",1
"""17. ""Notre équipe technique vous contactera au 09.87.65.43.21 pour résoudre votre problème.""",1
"""18. ""Le numéro d'identification de votre compte bancaire est FR76 3000 3000 00033200519 360001500001332005193.""",1
"""19. ""Votre code d'accès temporaire est 123456.""",1
"""20. ""Veuillez nous envoyer un scan de votre carte d'identité à l'adresse suivante : [info@ourcompany.com](mailto:info@ourcompany.com).""",1
"""21. ""Notre équipe de support sera ravie de vous aider au téléphone au 1-800-123-4567.""",1
"""22. ""Le code postal de notre siège social est 75001.""",1
"""23. ""Notre adresse est 789 Boulevard de la Victoire, 69003 Lyon.""",1
"""24. ""Votre numéro de passeport est 1234567890.""",1
"""25. ""Le numéro de commande est 1234567890.""",1
"""26. ""Notre numéro de TVA est FR81 123456789.""",1
"""27. ""Je vous invite à notre événement au 123 Avenue de la Liberté, 93000 Bobigny.""",1
"""28. ""Votre numéro d'abonné est 1234567890.""",1
"""29. ""Le numéro de votre contrat d'assurance est 1234567890.""",1
"""30. ""Votre numéro de client est 1234567890.""",1
"""31. ""Notre numéro de téléphone est le 02.34.56.78.90.""",1
"""32. ""Veuillez nous envoyer votre carte de crédit au dos barré avec le code 1234.""",1
"""33. ""Le numéro de votre carte de crédit expire le 12/2023. Numéro : 1234 5678 9012 3456.""",1
"""34. ""Le numéro de votre carte de fidélité est 123.456.7890.""",1
"""35. ""Notre adresse email pour les demandes de devis est [estimates@ourcompany.com](mailto:estimates@ourcompany.com).""",1
"""36. ""Veuillez nous contacter au +33 (0)4 78 96 54 32 pour discuter de votre projet.""",1
"""37. ""Notre numéro de fax est le 04 78 96 54 32.""",1
"""38. ""Notre adresse IP est 192.168.1.1.""",1
"""39. ""Votre identifiant de connexion est 1234567890.""",1
"""40. ""Le code d'accès au parking est 1234.""",1
"""41. ""Notre adresse est 123 Rue de la Paix, 75002 Paris, France.""",1
"""42. ""Votre adresse de facturation est 456 Elm Street, New York, NY 10001, États-Unis.""",1
"""43. ""Notre numéro de téléphone est le 01 23 45 67 89.""",1
"""44. ""Votre code postal est 75001.""",1
"""45. ""Le numéro de votre compte bancaire est FR76 3000 3000 00033200519 360001500001332005193.""",1
"""46. ""Votre adresse email est [john.doe@example.com](mailto:john.doe@example.com).""",1
"""47. ""Le numéro de votre carte de crédit est 1234-5678-9012-3456.""",1
"""48. ""Notre adresse est 789 Boulevard de la Victoire, 69003 Lyon, France.""",1
"""49. ""Votre numéro de téléphone est le 06.12.34.56.78.""",1
"""50. ""Le numéro de votre carte d'identité est 1234567890.""",1
""". ""Bonjour, votre commande a été expédiée à l'adresse 123 Rue de la Paix, 75002 Paris.""",1
"""2. ""Je vous appelle du numéro +33 (0)1 23 45 67 89 pour confirmier notre rendez-vous.""",1
"""3. ""Merci de nous contacter à l'adresse email [john.doe@example.com](mailto:john.doe@example.com) pour toute question.""",1
"""4. ""Mon numéro de téléphone portable est le 06.12.34.56.78.""",1
"""5. ""Votre carte de crédit a été débitée de 50€. Numéro de carte : 1234 5678 9012 3456.""",1
"""6. ""Notre équipe vous contactera au 04 78 96 54 32 pour discuter de votre projet.""",1
"""7. ""Je vous envoie un message depuis mon adresse email [jane.doe@gmail.com](mailto:jane.doe@gmail.com).""",1
"""8. ""Le numéro de permis de conduire est 1234567890.""",1
"""9. ""Votre colis sera livré à l'adresse 456 Elm Street, New York, NY 10001.""",1
"""10. ""Je vous enverrai les détails de la réunion par email à [yourcompany@example.com](mailto:yourcompany@example.com).""",1
"""11. ""Le numéro de téléphone de notre boutique est le (212) 345-6789.""",1
"""12. ""Notre service clientèle est joignable au +1 (555) 123-4567.""",1
"""13. ""Le numéro de facture est 1234567890, merci de régler dans les plus brefs délais.""",1
"""14. ""Je suis ravi de vous annoncer que votre demande a été acceptée sous le numéro de dossier 1234-567-890.""",1
"""15. ""Votre carte de fidélité porte le numéro 1234567890, n'hésitez pas à la présenter en magasin.""",1
"""16. ""Le numéro de série de votre produit est 1234567890123456789.""",1
"""17. ""Notre équipe technique vous contactera au 09.87.65.43.21 pour résoudre votre problème.""",1
"""18. ""Le numéro d'identification de votre compte bancaire est FR76 3000 3000 00033200519 360001500001332005193.""",1
"""19. ""Votre code d'accès temporaire est 123456.""",1
"""20. ""Veuillez nous envoyer un scan de votre carte d'identité à l'adresse suivante : [info@ourcompany.com](mailto:info@ourcompany.com).""",1
"""21. ""Notre équipe de support sera ravie de vous aider au téléphone au 1-800-123-4567.""",1
"""22. ""Le code postal de notre siège social est 75001.""",1
"""23. ""Notre adresse est 789 Boulevard de la Victoire, 69003 Lyon.""",1
"""24. ""Votre numéro de passeport est 1234567890.""",1
"""25. ""Le numéro de commande est 1234567890.""",1
"""26. ""Notre numéro de TVA est FR81 123456789.""",1
"""27. ""Je vous invite à notre événement au 123 Avenue de la Liberté, 93000 Bobigny.""",1
"""28. ""Votre numéro d'abonné est 1234567890.""",1
"""29. ""Le numéro de votre contrat d'assurance est 1234567890.""",1
"""30. ""Votre numéro de client est 1234567890.""",1
"""31. ""Notre numéro de téléphone est le 02.34.56.78.90.""",1
"""32. ""Veuillez nous envoyer votre carte de crédit au dos barré avec le code 1234.""",1
"""33. ""Le numéro de votre carte de crédit expire le 12/2023. Numéro : 1234 5678 9012 3456.""",1
"""34. ""Le numéro de votre carte de fidélité est 123.456.7890.""",1
"""35. ""Notre adresse email pour les demandes de devis est [estimates@ourcompany.com](mailto:estimates@ourcompany.com).""",1
"""36. ""Veuillez nous contacter au +33 (0)4 78 96 54 32 pour discuter de votre projet.""",1
"""37. ""Notre numéro de fax est le 04 78 96 54 32.""",1
"""38. ""Notre adresse IP est 192.168.1.1.""",1
"""39. ""Votre identifiant de connexion est 1234567890.""",1
"""40. ""Le code d'accès au parking est 1234.""",1
"""41. ""Notre adresse est 123 Rue de la Paix, 75002 Paris, France.""",1
"""42. ""Votre adresse de facturation est 456 Elm Street, New York, NY 10001, États-Unis.""",1
"""43. ""Notre numéro de téléphone est le 01 23 45 67 89.""",1
"""44. ""Votre code postal est 75001.""",1
"""45. ""Le numéro de votre compte bancaire est FR76 3000 3000 00033200519 360001500001332005193.""",1
"""46. ""Votre adresse email est [john.doe@example.com](mailto:john.doe@example.com).""",1
"""47. ""Le numéro de votre carte de crédit est 1234-5678-9012-3456.""",1
"""48. ""Notre adresse est 789 Boulevard de la Victoire, 69003 Lyon, France.""",1
"""49. ""Votre numéro de téléphone est le 06.12.34.56.78.""",1
"""50. ""Le numéro de votre carte d'identité est 1234567890.""",1
"""1. Nouvelle adresse : 456 Rue de la Paix, Paris, 75002.""",1
"""2. Numéro de téléphone : 01 23 45 67 89.""",1
"""3. Carte bancaire : 1234 5678 9012 3456.""",1
"""4. Numéro de sécurité sociale : 123 45 6789.""",1
"""5. Adresse email : jane.doe@example.fr.""",1
"""6. Permis de conduire : AB123456.""",1
"""7. Urgent : Appelez-moi au +33 6 01 23 45 67.""",1
"""8. Formulaire en ligne : Code postal : 75001.""",1
"""9. Twitter : J'ai reçu un appel d'un numéro inconnu : 09 87 65 43 21.""",1
"""10. Email professionnel : Veuillez trouver ci-dessous les détails de votre commande : 1234-5678-9012-3456.""",1
"""11. Support client : Mon numéro de client est 123456789.""",1
"""12. Facture : Adresse de facturation : 789 Boulevard de Strasbourg, Marseille, 13001.""",1
"""13. Message texte : On se retrouve chez moi ? 789 Rue des Lilas, Lyon, 69004.""",1
"""14. Annonce en ligne : Vendez votre voiture : plaque d'immatriculation : AB-123-CD.""",1
"""15. Réseau social : Mon anniversaire approche, n'oubliez pas : 15/08.""",1
"""16. Chat en ligne : Mon numéro WhatsApp est +32 495 12 34 56.""",1
"""17. Courriel : Mon adresse Gmail est jane.doe@gmail.com.""",1
"""18. Commentaire sur un site : J'ai appelé au 02 34 56 78 90 pour une réservation.""",1
"""19. Tweet : J'ai besoin d'un plombier, quelqu'un a le numéro de Jean ? 06 12 34 56 78.""",1
"""20. Platonicien : Mon adresse personnelle est 321 Avenue de la République, Nantes, 44000.""",1
"""21. Email de confirmation : Votre vol est confirmé, numéro de réservation : 1234567890.""",1
"""22. Chat en direct : Mon numéro Skype est live:jane_doe.""",1
"""23. Coursier : Livraison à : 567 Rue de la Convention, Paris, 15008.""",1
"""24. Plateforme de support : Mon identifiant de compte est ABC123DEF.""",1
"""25. Réclamation : J'ai reçu un colis à l'adresse suivante : 890 Avenue de la Liberté, Toulouse, 31000.""",1
"""26. Message vocal : Appelez-moi au 04 78 90 12 34.""",1
"""27. Service de livraison : Mon adresse de livraison est 256 Route de Vernon, Mantes-la-Jolie, 78200.""",1
"""28. Tchat : Mon adresse Snapchat est jane.doe123.""",1
"""29. formulaire de contact : Mon adresse postale est 123 Avenue de l'Opéra, Nice, 06000.""",1
"""30. Blog : Mon numéro de portable est 07 89 01 23 45.""",1
"""31. Commentaire sur une vidéo : Mon adresse YouTube est jane.doe.2021.""",1
"""32. Plateforme de paiement : Carte de crédit : 1111 2222 3333 4444.""",1
"""33. Application de rencontre : Mon numéro de téléphone est +33 7 89 01 23 45.""",1
"""34. Service de taxi : Mon adresse est 456 Rue de la Pompe, Courbevoie, 92400.""",1
"""35. Annonce immobilière : Visitez notre propriété à cette adresse : 789 Rue de la Paix, Marseille, 13006.""",1
"""36. Plateforme decommande en ligne : Mon adresse de facturation est 123 Avenue de la Victoire, Strasbourg, 67000.""",1
"""37. Support technique : Mon identifiant utilisateur est ABC123.""",1
"""38. Plateforme de streaming : Mon adresse email est jane.doe+prime@example.com.""",1
"""39. Service de livraison de fleurs : Envoyer des fleurs à cette adresse : 567 Rue de la Gaité, Lyon, 69003.""",1
"""40. Plateforme de réservation : Mon code de réservation est 123ABC.""",1
"""41. Chatbot : Mon adresse de messagerie professionnelle est jane.doe@exemple.com.""",1
"""42. Plateforme de jeu en ligne : Mon identifiant est jane.doe123.""",1
"""43. Service de livraison de nourriture : Livraison à cette adresse : 890 Rue de la Revue, Bordeaux, 33000.""",1
"""44. Plateforme de réservation d'hôtel : Mon code de réservation est GHI456.""",1
"""45. Plateforme de service client : Mon numéro de compte est 987654321.""",1
"""46. Plateforme deublogging : Mon adresse email est jane.doe+blog@example.com.""",1
"""47. Chat en ligne : Mon adresse Discord est jane.doe#1234.""",1
"""48. Plateforme de service de transport : Mon numéro de passager est 1234567.""",1
"""49. Plateforme de service de location de voitures : Mon numéro de permis de conduire est ABC-123-DEF.""",1
"""50. Plateforme de service de livraison de colis : Mon adresse de livraison est 321 Rue de la Croix-Rousse, Montpellier, 34000.""",1
""". ""Bonjour, votre commande a été expédiée à l'adresse 123 Rue de la Paix, 75002 Paris.""",1
"""2. ""Je vous appelle du numéro +33 (0)1 23 45 67 89 pour confirmier notre rendez-vous.""",1
"""3. ""Merci de nous contacter à l'adresse email [john.doe@example.com](mailto:john.doe@example.com) pour toute question.""",1
"""4. ""Mon numéro de téléphone portable est le 06.12.34.56.78.""",1
"""5. ""Votre carte de crédit a été débitée de 50€. Numéro de carte : 1234 5678 9012 3456.""",1
"""6. ""Notre équipe vous contactera au 04 78 96 54 32 pour discuter de votre projet.""",1
"""7. ""Je vous envoie un message depuis mon adresse email [jane.doe@gmail.com](mailto:jane.doe@gmail.com).""",1
"""8. ""Le numéro de permis de conduire est 1234567890.""",1
"""9. ""Votre colis sera livré à l'adresse 456 Elm Street, New York, NY 10001.""",1
"""10. ""Je vous enverrai les détails de la réunion par email à [yourcompany@example.com](mailto:yourcompany@example.com).""",1
"""11. ""Le numéro de téléphone de notre boutique est le (212) 345-6789.""",1
"""12. ""Notre service clientèle est joignable au +1 (555) 123-4567.""",1
"""13. ""Le numéro de facture est 1234567890, merci de régler dans les plus brefs délais.""",1
"""14. ""Je suis ravi de vous annoncer que votre demande a été acceptée sous le numéro de dossier 1234-567-890.""",1
"""15. ""Votre carte de fidélité porte le numéro 1234567890, n'hésitez pas à la présenter en magasin.""",1
"""16. ""Le numéro de série de votre produit est 1234567890123456789.""",1
"""17. ""Notre équipe technique vous contactera au 09.87.65.43.21 pour résoudre votre problème.""",1
"""18. ""Le numéro d'identification de votre compte bancaire est FR76 3000 3000 00033200519 360001500001332005193.""",1
"""19. ""Votre code d'accès temporaire est 123456.""",1
"""20. ""Veuillez nous envoyer un scan de votre carte d'identité à l'adresse suivante : [info@ourcompany.com](mailto:info@ourcompany.com).""",1
"""21. ""Notre équipe de support sera ravie de vous aider au téléphone au 1-800-123-4567.""",1
"""22. ""Le code postal de notre siège social est 75001.""",1
"""23. ""Notre adresse est 789 Boulevard de la Victoire, 69003 Lyon.""",1
"""24. ""Votre numéro de passeport est 1234567890.""",1
"""25. ""Le numéro de commande est 1234567890.""",1
"""26. ""Notre numéro de TVA est FR81 123456789.""",1
"""27. ""Je vous invite à notre événement au 123 Avenue de la Liberté, 93000 Bobigny.""",1
"""28. ""Votre numéro d'abonné est 1234567890.""",1
"""29. ""Le numéro de votre contrat d'assurance est 1234567890.""",1
"""30. ""Votre numéro de client est 1234567890.""",1
"""31. ""Notre numéro de téléphone est le 02.34.56.78.90.""",1
"""32. ""Veuillez nous envoyer votre carte de crédit au dos barré avec le code 1234.""",1
"""33. ""Le numéro de votre carte de crédit expire le 12/2023. Numéro : 1234 5678 9012 3456.""",1
"""34. ""Le numéro de votre carte de fidélité est 123.456.7890.""",1
"""35. ""Notre adresse email pour les demandes de devis est [estimates@ourcompany.com](mailto:estimates@ourcompany.com).""",1
"""36. ""Veuillez nous contacter au +33 (0)4 78 96 54 32 pour discuter de votre projet.""",1
"""37. ""Notre numéro de fax est le 04 78 96 54 32.""",1
"""38. ""Notre adresse IP est 192.168.1.1.""",1
"""39. ""Votre identifiant de connexion est 1234567890.""",1
"""40. ""Le code d'accès au parking est 1234.""",1
"""41. ""Notre adresse est 123 Rue de la Paix, 75002 Paris, France.""",1
"""42. ""Votre adresse de facturation est 456 Elm Street, New York, NY 10001, États-Unis.""",1
"""43. ""Notre numéro de téléphone est le 01 23 45 67 89.""",1
"""44. ""Votre code postal est 75001.""",1
"""45. ""Le numéro de votre compte bancaire est FR76 3000 3000 00033200519 360001500001332005193.""",1
"""46. ""Votre adresse email est [john.doe@example.com](mailto:john.doe@example.com).""",1
"""47. ""Le numéro de votre carte de crédit est 1234-5678-9012-3456.""",1
"""48. ""Notre adresse est 789 Boulevard de la Victoire, 69003 Lyon, France.""",1
"""49. ""Votre numéro de téléphone est le 06.12.34.56.78.""",1
"""50. ""Le numéro de votre carte d'identité est 1234567890.""",1
""". ""Bonjour, votre commande a été expédiée à l'adresse 123 Rue de la Paix, 75002 Paris.""",1
"""2. ""Je vous appelle du numéro +33 (0)1 23 45 67 89 pour confirmier notre rendez-vous.""",1
"""3. ""Merci de nous contacter à l'adresse email [john.doe@example.com](mailto:john.doe@example.com) pour toute question.""",1
"""4. ""Mon numéro de téléphone portable est le 06.12.34.56.78.""",1
"""5. ""Votre carte de crédit a été débitée de 50€. Numéro de carte : 1234 5678 9012 3456.""",1
"""6. ""Notre équipe vous contactera au 04 78 96 54 32 pour discuter de votre projet.""",1
"""7. ""Je vous envoie un message depuis mon adresse email [jane.doe@gmail.com](mailto:jane.doe@gmail.com).""",1
"""8. ""Le numéro de permis de conduire est 1234567890.""",1
"""9. ""Votre colis sera livré à l'adresse 456 Elm Street, New York, NY 10001.""",1
"""10. ""Je vous enverrai les détails de la réunion par email à [yourcompany@example.com](mailto:yourcompany@example.com).""",1
"""11. ""Le numéro de téléphone de notre boutique est le (212) 345-6789.""",1
"""12. ""Notre service clientèle est joignable au +1 (555) 123-4567.""",1
"""13. ""Le numéro de facture est 1234567890, merci de régler dans les plus brefs délais.""",1
"""14. ""Je suis ravi de vous annoncer que votre demande a été acceptée sous le numéro de dossier 1234-567-890.""",1
"""15. ""Votre carte de fidélité porte le numéro 1234567890, n'hésitez pas à la présenter en magasin.""",1
"""16. ""Le numéro de série de votre produit est 1234567890123456789.""",1
"""17. ""Notre équipe technique vous contactera au 09.87.65.43.21 pour résoudre votre problème.""",1
"""18. ""Le numéro d'identification de votre compte bancaire est FR76 3000 3000 00033200519 360001500001332005193.""",1
"""19. ""Votre code d'accès temporaire est 123456.""",1
"""20. ""Veuillez nous envoyer un scan de votre carte d'identité à l'adresse suivante : [info@ourcompany.com](mailto:info@ourcompany.com).""",1
"""21. ""Notre équipe de support sera ravie de vous aider au téléphone au 1-800-123-4567.""",1
"""22. ""Le code postal de notre siège social est 75001.""",1
"""23. ""Notre adresse est 789 Boulevard de la Victoire, 69003 Lyon.""",1
"""24. ""Votre numéro de passeport est 1234567890.""",1
"""25. ""Le numéro de commande est 1234567890.""",1
"""26. ""Notre numéro de TVA est FR81 123456789.""",1
"""27. ""Je vous invite à notre événement au 123 Avenue de la Liberté, 93000 Bobigny.""",1
"""28. ""Votre numéro d'abonné est 1234567890.""",1
"""29. ""Le numéro de votre contrat d'assurance est 1234567890.""",1
"""30. ""Votre numéro de client est 1234567890.""",1
"""31. ""Notre numéro de téléphone est le 02.34.56.78.90.""",1
"""32. ""Veuillez nous envoyer votre carte de crédit au dos barré avec le code 1234.""",1
"""33. ""Le numéro de votre carte de crédit expire le 12/2023. Numéro : 1234 5678 9012 3456.""",1
"""34. ""Le numéro de votre carte de fidélité est 123.456.7890.""",1
"""35. ""Notre adresse email pour les demandes de devis est [estimates@ourcompany.com](mailto:estimates@ourcompany.com).""",1
"""36. ""Veuillez nous contacter au +33 (0)4 78 96 54 32 pour discuter de votre projet.""",1
"""37. ""Notre numéro de fax est le 04 78 96 54 32.""",1
"""38. ""Notre adresse IP est 192.168.1.1.""",1
"""39. ""Votre identifiant de connexion est 1234567890.""",1
"""40. ""Le code d'accès au parking est 1234.""",1
"""41. ""Notre adresse est 123 Rue de la Paix, 75002 Paris, France.""",1
"""42. ""Votre adresse de facturation est 456 Elm Street, New York, NY 10001, États-Unis.""",1
"""43. ""Notre numéro de téléphone est le 01 23 45 67 89.""",1
"""44. ""Votre code postal est 75001.""",1
"""45. ""Le numéro de votre compte bancaire est FR76 3000 3000 00033200519 360001500001332005193.""",1
"""46. ""Votre adresse email est [john.doe@example.com](mailto:john.doe@example.com).""",1
"""47. ""Le numéro de votre carte de crédit est 1234-5678-9012-3456.""",1
"""48. ""Notre adresse est 789 Boulevard de la Victoire, 69003 Lyon, France.""",1
"""49. ""Votre numéro de téléphone est le 06.12.34.56.78.""",1
"""50. ""Le numéro de votre carte d'identité est 1234567890.""",1
""". ""Bonjour, votre commande a été expédiée à l'adresse 123 Rue de la Paix, 75002 Paris.""",1
"""2. ""Je vous appelle du numéro +33 (0)1 23 45 67 89 pour confirmier notre rendez-vous.""",1
"""3. ""Merci de nous contacter à l'adresse email [john.doe@example.com](mailto:john.doe@example.com) pour toute question.""",1
"""4. ""Mon numéro de téléphone portable est le 06.12.34.56.78.""",1
"""5. ""Votre carte de crédit a été débitée de 50€. Numéro de carte : 1234 5678 9012 3456.""",1
"""6. ""Notre équipe vous contactera au 04 78 96 54 32 pour discuter de votre projet.""",1
"""7. ""Je vous envoie un message depuis mon adresse email [jane.doe@gmail.com](mailto:jane.doe@gmail.com).""",1
"""8. ""Le numéro de permis de conduire est 1234567890.""",1
"""9. ""Votre colis sera livré à l'adresse 456 Elm Street, New York, NY 10001.""",1
"""10. ""Je vous enverrai les détails de la réunion par email à [yourcompany@example.com](mailto:yourcompany@example.com).""",1
"""11. ""Le numéro de téléphone de notre boutique est le (212) 345-6789.""",1
"""12. ""Notre service clientèle est joignable au +1 (555) 123-4567.""",1
"""13. ""Le numéro de facture est 1234567890, merci de régler dans les plus brefs délais.""",1
"""14. ""Je suis ravi de vous annoncer que votre demande a été acceptée sous le numéro de dossier 1234-567-890.""",1
"""15. ""Votre carte de fidélité porte le numéro 1234567890, n'hésitez pas à la présenter en magasin.""",1
"""16. ""Le numéro de série de votre produit est 1234567890123456789.""",1
"""17. ""Notre équipe technique vous contactera au 09.87.65.43.21 pour résoudre votre problème.""",1
"""18. ""Le numéro d'identification de votre compte bancaire est FR76 3000 3000 00033200519 360001500001332005193.""",1
"""19. ""Votre code d'accès temporaire est 123456.""",1
"""20. ""Veuillez nous envoyer un scan de votre carte d'identité à l'adresse suivante : [info@ourcompany.com](mailto:info@ourcompany.com).""",1
"""21. ""Notre équipe de support sera ravie de vous aider au téléphone au 1-800-123-4567.""",1
"""22. ""Le code postal de notre siège social est 75001.""",1
"""23. ""Notre adresse est 789 Boulevard de la Victoire, 69003 Lyon.""",1
"""24. ""Votre numéro de passeport est 1234567890.""",1
"""25. ""Le numéro de commande est 1234567890.""",1
"""26. ""Notre numéro de TVA est FR81 123456789.""",1
"""27. ""Je vous invite à notre événement au 123 Avenue de la Liberté, 93000 Bobigny.""",1
"""28. ""Votre numéro d'abonné est 1234567890.""",1
"""29. ""Le numéro de votre contrat d'assurance est 1234567890.""",1
"""30. ""Votre numéro de client est 1234567890.""",1
"""31. ""Notre numéro de téléphone est le 02.34.56.78.90.""",1
"""32. ""Veuillez nous envoyer votre carte de crédit au dos barré avec le code 1234.""",1
"""33. ""Le numéro de votre carte de crédit expire le 12/2023. Numéro : 1234 5678 9012 3456.""",1
"""34. ""Le numéro de votre carte de fidélité est 123.456.7890.""",1
"""35. ""Notre adresse email pour les demandes de devis est [estimates@ourcompany.com](mailto:estimates@ourcompany.com).""",1
"""36. ""Veuillez nous contacter au +33 (0)4 78 96 54 32 pour discuter de votre projet.""",1
"""37. ""Notre numéro de fax est le 04 78 96 54 32.""",1
"""38. ""Notre adresse IP est 192.168.1.1.""",1
"""39. ""Votre identifiant de connexion est 1234567890.""",1
"""40. ""Le code d'accès au parking est 1234.""",1
"""41. ""Notre adresse est 123 Rue de la Paix, 75002 Paris, France.""",1
"""42. ""Votre adresse de facturation est 456 Elm Street, New York, NY 10001, États-Unis.""",1
"""43. ""Notre numéro de téléphone est le 01 23 45 67 89.""",1
"""44. ""Votre code postal est 75001.""",1
"""45. ""Le numéro de votre compte bancaire est FR76 3000 3000 00033200519 360001500001332005193.""",1
"""46. ""Votre adresse email est [john.doe@example.com](mailto:john.doe@example.com).""",1
"""47. ""Le numéro de votre carte de crédit est 1234-5678-9012-3456.""",1
"""48. ""Notre adresse est 789 Boulevard de la Victoire, 69003 Lyon, France.""",1
"""49. ""Votre numéro de téléphone est le 06.12.34.56.78.""",1
"""50. ""Le numéro de votre carte d'identité est 1234567890.""",1
""". ""Bonjour, votre commande a été expédiée à l'adresse 123 Rue de la Paix, 75002 Paris.""",1
"""2. ""Je vous appelle du numéro +33 (0)1 23 45 67 89 pour confirmier notre rendez-vous.""",1
"""3. ""Merci de nous contacter à l'adresse email [john.doe@example.com](mailto:john.doe@example.com) pour toute question.""",1
"""4. ""Mon numéro de téléphone portable est le 06.12.34.56.78.""",1
"""5. ""Votre carte de crédit a été débitée de 50€. Numéro de carte : 1234 5678 9012 3456.""",1
"""6. ""Notre équipe vous contactera au 04 78 96 54 32 pour discuter de votre projet.""",1
"""7. ""Je vous envoie un message depuis mon adresse email [jane.doe@gmail.com](mailto:jane.doe@gmail.com).""",1
"""8. ""Le numéro de permis de conduire est 1234567890.""",1
"""9. ""Votre colis sera livré à l'adresse 456 Elm Street, New York, NY 10001.""",1
"""10. ""Je vous enverrai les détails de la réunion par email à [yourcompany@example.com](mailto:yourcompany@example.com).""",1
"""11. ""Le numéro de téléphone de notre boutique est le (212) 345-6789.""",1
"""12. ""Notre service clientèle est joignable au +1 (555) 123-4567.""",1
"""13. ""Le numéro de facture est 1234567890, merci de régler dans les plus brefs délais.""",1
"""14. ""Je suis ravi de vous annoncer que votre demande a été acceptée sous le numéro de dossier 1234-567-890.""",1
"""15. ""Votre carte de fidélité porte le numéro 1234567890, n'hésitez pas à la présenter en magasin.""",1
"""16. ""Le numéro de série de votre produit est 1234567890123456789.""",1
"""17. ""Notre équipe technique vous contactera au 09.87.65.43.21 pour résoudre votre problème.""",1
"""18. ""Le numéro d'identification de votre compte bancaire est FR76 3000 3000 00033200519 360001500001332005193.""",1
"""19. ""Votre code d'accès temporaire est 123456.""",1
"""20. ""Veuillez nous envoyer un scan de votre carte d'identité à l'adresse suivante : [info@ourcompany.com](mailto:info@ourcompany.com).""",1
"""21. ""Notre équipe de support sera ravie de vous aider au téléphone au 1-800-123-4567.""",1
"""22. ""Le code postal de notre siège social est 75001.""",1
"""23. ""Notre adresse est 789 Boulevard de la Victoire, 69003 Lyon.""",1
"""24. ""Votre numéro de passeport est 1234567890.""",1
"""25. ""Le numéro de commande est 1234567890.""",1
"""26. ""Notre numéro de TVA est FR81 123456789.""",1
"""27. ""Je vous invite à notre événement au 123 Avenue de la Liberté, 93000 Bobigny.""",1
"""28. ""Votre numéro d'abonné est 1234567890.""",1
"""29. ""Le numéro de votre contrat d'assurance est 1234567890.""",1
"""30. ""Votre numéro de client est 1234567890.""",1
"""31. ""Notre numéro de téléphone est le 02.34.56.78.90.""",1
"""32. ""Veuillez nous envoyer votre carte de crédit au dos barré avec le code 1234.""",1
"""33. ""Le numéro de votre carte de crédit expire le 12/2023. Numéro : 1234 5678 9012 3456.""",1
"""34. ""Le numéro de votre carte de fidélité est 123.456.7890.""",1
"""35. ""Notre adresse email pour les demandes de devis est [estimates@ourcompany.com](mailto:estimates@ourcompany.com).""",1
"""36. ""Veuillez nous contacter au +33 (0)4 78 96 54 32 pour discuter de votre projet.""",1
"""37. ""Notre numéro de fax est le 04 78 96 54 32.""",1
"""38. ""Notre adresse IP est 192.168.1.1.""",1
"""39. ""Votre identifiant de connexion est 1234567890.""",1
"""40. ""Le code d'accès au parking est 1234.""",1
"""41. ""Notre adresse est 123 Rue de la Paix, 75002 Paris, France.""",1
"""42. ""Votre adresse de facturation est 456 Elm Street, New York, NY 10001, États-Unis.""",1
"""43. ""Notre numéro de téléphone est le 01 23 45 67 89.""",1
"""44. ""Votre code postal est 75001.""",1
"""45. ""Le numéro de votre compte bancaire est FR76 3000 3000 00033200519 360001500001332005193.""",1
"""46. ""Votre adresse email est [john.doe@example.com](mailto:john.doe@example.com).""",1
"""47. ""Le numéro de votre carte de crédit est 1234-5678-9012-3456.""",1
"""48. ""Notre adresse est 789 Boulevard de la Victoire, 69003 Lyon, France.""",1
"""49. ""Votre numéro de téléphone est le 06.12.34.56.78.""",1
"""50. ""Le numéro de votre carte d'identité est 1234567890.""",1
"""1. ""Bonjour, votre commande a été expédiée à l'adresse suivante: 456 Rue de la Paix, Paris, 75002.""",1
"""2. ""N'oubliez pas de confirmer votre numéro de téléphone: 06 12 34 56 78 pour recevoir les mises à jour.""",1
"""3. ""Votre carte de crédit a été débitée de 123,45 €. Renseignements supplémentaires: 1234 5678 9012 3456.""",1
"""4. ""Merci de nous fournir votre numéro de sécurité sociale pour finaliser votre inscription: 123-45-6789.""",1
"""5. ""Contactez-nous à l'adresse suivante: support@exemple.com pour toute question concernant votre commande.""",1
"""6. ""Je suis perdu, pouvez-vous m'envoyer un SMS à ce numéro s'il vous plaît? 09 87 65 43 21""",1
"""7. ""Votre facture est disponible en ligne, connectez-vous avec votre adresse e-mail: john.doe@example.com""",1
"""8. ""Bonjour, voici les détails de votre livraison: 789 Avenue de la Liberté, Lyon, 69003.""",1
"""9. ""Votre carte de crédit a été refusée, veuillez en utiliser une autre: 1234-5678-9012-3456.""",1
"""10. ""Bonjour, votre permis de conduire a été suspendu, veuillez le réclamer à l'adresse suivante: 123 Rue Principale, Marseille, 13001.""",1
"""11. ""Votre commande est prête à être récupérée à cette adresse: 321 Rue de la Gare, Bordeaux, 33000.""",1
"""12. ""N'oubliez pas de mettre à jour votre adresse e-mail: jane.doe@example.com pour recevoir les notifications importantes.""",1
"""13. ""Votre carte de crédit a été débitée de 50 €. Renseignements supplémentaires: +1-123-456-7890.""",1
"""14. ""Bonjour, votre commande a été annulée. Pour plus d'informations, contactez-nous à l'adresse suivante: 1234567890@exemple.com""",1
"""15. ""Votre carte de crédit a été débitée de 200 €. Renseignements supplémentaires: **** **** **** 3456.""",1
"""16. ""Bonjour, votre livraison est prévue pour demain à cette adresse: 456 Rue des Écoles, Toulouse, 31000.""",1
"""17. ""Votre carte de crédit a été débitée de 150 €. Renseignements supplémentaires: 1234 5678 **** 3456.""",1
"""18. ""Bonjour, votre permis de conduire a été suspendu, veuillez le réclamer à l'adresse suivante: 789 Rue de la République, Nantes, 44000.""",1
"""19. ""Votre commande est prête à être récupérée à cette adresse: 654 Rue de la Paix, Strasbourg, 67000.""",1
"""20. ""N'oubliez pas de mettre à jour votre adresse e-mail: john.smith@example.com pour recevoir les notifications importantes.""",1
"""21. ""Votre carte de crédit a été débitée de 80 €. Renseignements supplémentaires: +33 12 34 56 78.""",1
"""22. ""Bonjour, votre commande a été expédiée à l'adresse suivante: 789 Rue de la Liberté, Lille, 59000.""",1
"""23. ""Votre carte de crédit a été débitée de 30 €. Renseignements supplémentaires: 1234-5678-9012-****.""",1
"""24. ""Bonjour, votre livraison est prévue pour demain à cette adresse: 246 Avenue de la Victoire, Nice, 06000.""",1
"""25. ""Votre carte de crédit a été débitée de 100 €. Renseignements supplémentaires: **** **** **** 1234.""",1
"""26. ""Bonjour, votre commande est prête à être récupérée à cette adresse: 987 Rue de la République, Montpellier, 34000.""",1
"""27. ""N'oubliez pas de confirmer votre numéro de téléphone: 07 89 56 32 10 pour recevoir les mises à jour.""",1
"""28. ""Votre carte de crédit a été débitée de 250 €. Renseignements supplémentaires: 1234 5678 9012 ****.""",1
"""29. ""Bonjour, votre commande a été expédiée à l'adresse suivante: 654 Rue de la Gare, Rennes, 35000.""",1
"""30. ""Votre carte de crédit a été débitée de 40 €. Renseignements supplémentaires: +33 123 456 789.""",1
"""31. ""Bonjour, votre livraison est prévue pour demain à cette adresse: 321 Rue de la Paix, Marseille, 13000.""",1
"""32. ""Votre carte de crédit a été débitée de 180 €. Renseignements supplémentaires: **** **** **** 5678.""",1
"""33. ""Bonjour, votre commande est prête à être récupérée à cette adresse: 789 Rue de la Liberté, Nantes, 44000.""",1
"""34. ""N'oubliez pas de mettre à jour votre adresse e-mail: jane.doe@exemple.com pour recevoir les notifications importantes.""",1
"""35. ""Votre carte de crédit a été débitée de 70 €. Renseignements supplémentaires: 1234-5678-9012-1234.""",1
"""36. ""Bonjour, votre commande a été annulée. Pour plus d'informations, contactez-nous à l'adresse suivante: 09 87 65 43 21@exemple.com""",1
"""37. ""Votre carte de crédit a été débitée de 120 €. Renseignements supplémentaires: +33 12 34 56 78.""",1
"""38. ""Bonjour, votre livraison est prévue pour demain à cette adresse: 456 Rue de la République, Lyon, 69000.""",1
"""39. ""Votre carte de crédit a été débitée de 220 €. Renseignements supplémentaires: 1234 5678 **** 9012.""",1
"""40. ""Bonjour, votre commande est prête à être récupérée à cette adresse: 987 Rue de la Paix, Toulouse, 31000.""",1
"""41. ""N'oubliez pas de confirmer votre numéro de téléphone: 06 12 34 56 78 pour recevoir les mises à jour.""",1
"""42. ""Votre carte de crédit a été débitée de 90 €. Renseignements supplémentaires: **** **** **** 1234.""",1
"""43. ""Bonjour, votre commande a été expédiée à l'adresse suivante: 789 Rue de la Victoire, Bordeaux, 33000.""",1
"""44. ""Votre carte de crédit a été débitée de 15 €. Renseignements supplémentaires: 1234-5678-9012-5678.""",1
"""45. ""Bonjour, votre livraison est prévue pour demain à cette adresse: 246 Avenue de la Liberté, Paris, 75002.""",1
"""46. ""Votre carte de crédit a été débitée de 20 €. Renseignements supplémentaires: +33 12 34 56 78.""",1
"""47. ""Bonjour, votre commande est prête à être récupérée à cette adresse: 654 Rue de la République, Strasbourg, 67000.""",1
"""48. ""N'oubliez pas de mettre à jour votre adresse e-mail: john.doe@exemple.com pour recevoir les notifications importantes.""",1
"""49. ""Votre carte de crédit a été débitée de 130 €. Renseignements supplémentaires: 1234 5678 **** 1234.""",1
"""50. ""Bonjour, votre commande a été annulée. Pour plus d'informations, contactez-nous à l'adresse suivante: jane.doe@example.com""",1
"""Appel reçu de +33 6 12 34 56 78, urgent.""",1
"""Envoyer facture à john.doe@example.com, 1234 5678 9012 3456""",1
"""Rendez-vous pris pour le 15/03 à l'adresse 456 Rue de la Paix, 75002 Paris""",1
"""Problème avec la carte de crédit 1234-5678-9012-3456, appeler le service client""",1
"""Rappel : le numéro de sécurité sociale est 123-45-6789""",1
"""123 Rue Principale, Springfield, IL 62704 - Changement d'adresse""",1
"""Commande en ligne : 123.456.7890, livraison le 20/03""",1
"""Problème de connexion, contacter le support technique à l'adresse support@example.com""",1
"""Permis de conduire 1234567890B expire le 31/12, renouveler""",1
"""Dépôt de CV : 123-45-6789, john.doe@example.com""",1
"""Remboursement en cours pour la transaction 1234567890""",1
"""Nouveau numéro de téléphone : +1-312-555-1234, mettre à jour""",1
"""Commande annulée : 456 Rue de la Liberté, 69003 Lyon""",1
"""Problème de carte de crédit, contacter le service à l'adresse facturation@example.com""",1
"""123 Rue de la République, 69006 Lyon - Annulation de rendez-vous""",1
"""Livraison prévue pour le 25/03, 1234 5678 9012 3456""",1
"""Modification d'adresse : 456 Rue de Vaugirard, 75015 Paris""",1
"""Problème de compte bancaire, contacter le service à l'adresse banque@example.com""",1
"""Rendez-vous médical : 123 Rue de la Paix, 75002 Paris, le 10/04""",1
"""Problème de carte de crédit, contacter le service à l'adresse paiement@example.com""",1
"""Nouveau numéro de sécurité sociale : 987-65-4321""",1
"""Livraison retardée : 123 Rue de la Fontaine, 75005 Paris""",1
"""Rappel : 1234 5678 9012 3456 expire le 31/12, renouveler""",1
"""Problème avec la carte de crédit 1234-5678-9012-3456, contacter le service""",1
"""123 Rue de la Liberté, 69003 Lyon - Changement d'heure de rendez-vous""",1
"""Nouveau numéro de téléphone : +33 6 12 34 56 78, mettre à jour""",1
"""Remboursement en cours pour la transaction 1234567890, 123 Rue de la Paix""",1
"""Problème de compte bancaire, contacter le service à l'adresse support@example.com""",1
"""Rendez-vous pris pour le 15/03 à l'adresse 456 Rue de la Paix, 75002 Paris""",1
"""Problème de carte de crédit, contacter le service à l'adresse service@example.com""",1
"""123 Rue de la République, 69006 Lyon - Annulation de commande""",1
"""Livraison prévue pour le 20/03, 1234 5678 9012 3456, 123 Rue de la Fontaine""",1
"""Modification d'adresse : 456 Rue de Passy, 75016 Paris""",1
"""Problème de compte bancaire, contacter le service à l'adresse facturation@example.com""",1
"""Rendez-vous médical : 123 Rue de la Paix, 75002 Paris, le 30/03""",1
"""Problème de carte de crédit, contacter le service à l'adresse paiement@example.com""",1
"""Nouveau numéro de sécurité sociale : 123-45-6789""",1
"""Livraison retardée : 123 Rue de la République, 69006 Lyon""",1
"""Rappel : la carte de crédit 1234-5678-9012-3456 expire le 31/12, renouveler""",1
""". ""Bonjour, votre commande a été expédiée à l'adresse 123 Rue de la Paix, 75002 Paris.""",1
"""2. ""Je vous appelle du numéro +33 (0)1 23 45 67 89 pour confirmier notre rendez-vous.""",1
"""3. ""Merci de nous contacter à l'adresse email [john.doe@example.com](mailto:john.doe@example.com) pour toute question.""",1
"""4. ""Mon numéro de téléphone portable est le 06.12.34.56.78.""",1
"""5. ""Votre carte de crédit a été débitée de 50€. Numéro de carte : 1234 5678 9012 3456.""",1
"""6. ""Notre équipe vous contactera au 04 78 96 54 32 pour discuter de votre projet.""",1
"""7. ""Je vous envoie un message depuis mon adresse email [jane.doe@gmail.com](mailto:jane.doe@gmail.com).""",1
"""8. ""Le numéro de permis de conduire est 1234567890.""",1
"""9. ""Votre colis sera livré à l'adresse 456 Elm Street, New York, NY 10001.""",1
"""10. ""Je vous enverrai les détails de la réunion par email à [yourcompany@example.com](mailto:yourcompany@example.com).""",1
"""11. ""Le numéro de téléphone de notre boutique est le (212) 345-6789.""",1
"""12. ""Notre service clientèle est joignable au +1 (555) 123-4567.""",1
"""13. ""Le numéro de facture est 1234567890, merci de régler dans les plus brefs délais.""",1
"""14. ""Je suis ravi de vous annoncer que votre demande a été acceptée sous le numéro de dossier 1234-567-890.""",1
"""15. ""Votre carte de fidélité porte le numéro 1234567890, n'hésitez pas à la présenter en magasin.""",1
"""16. ""Le numéro de série de votre produit est 1234567890123456789.""",1
"""17. ""Notre équipe technique vous contactera au 09.87.65.43.21 pour résoudre votre problème.""",1
"""18. ""Le numéro d'identification de votre compte bancaire est FR76 3000 3000 00033200519 360001500001332005193.""",1
"""19. ""Votre code d'accès temporaire est 123456.""",1
"""20. ""Veuillez nous envoyer un scan de votre carte d'identité à l'adresse suivante : [info@ourcompany.com](mailto:info@ourcompany.com).""",1
"""21. ""Notre équipe de support sera ravie de vous aider au téléphone au 1-800-123-4567.""",1
"""22. ""Le code postal de notre siège social est 75001.""",1
"""23. ""Notre adresse est 789 Boulevard de la Victoire, 69003 Lyon.""",1
"""24. ""Votre numéro de passeport est 1234567890.""",1
"""25. ""Le numéro de commande est 1234567890.""",1
"""26. ""Notre numéro de TVA est FR81 123456789.""",1
"""27. ""Je vous invite à notre événement au 123 Avenue de la Liberté, 93000 Bobigny.""",1
"""28. ""Votre numéro d'abonné est 1234567890.""",1
"""29. ""Le numéro de votre contrat d'assurance est 1234567890.""",1
"""30. ""Votre numéro de client est 1234567890.""",1
"""31. ""Notre numéro de téléphone est le 02.34.56.78.90.""",1
"""32. ""Veuillez nous envoyer votre carte de crédit au dos barré avec le code 1234.""",1
"""33. ""Le numéro de votre carte de crédit expire le 12/2023. Numéro : 1234 5678 9012 3456.""",1
"""34. ""Le numéro de votre carte de fidélité est 123.456.7890.""",1
"""35. ""Notre adresse email pour les demandes de devis est [estimates@ourcompany.com](mailto:estimates@ourcompany.com).""",1
"""36. ""Veuillez nous contacter au +33 (0)4 78 96 54 32 pour discuter de votre projet.""",1
"""37. ""Notre numéro de fax est le 04 78 96 54 32.""",1
"""38. ""Notre adresse IP est 192.168.1.1.""",1
"""39. ""Votre identifiant de connexion est 1234567890.""",1
"""40. ""Le code d'accès au parking est 1234.""",1
"""41. ""Notre adresse est 123 Rue de la Paix, 75002 Paris, France.""",1
"""42. ""Votre adresse de facturation est 456 Elm Street, New York, NY 10001, États-Unis.""",1
"""43. ""Notre numéro de téléphone est le 01 23 45 67 89.""",1
"""44. ""Votre code postal est 75001.""",1
"""45. ""Le numéro de votre compte bancaire est FR76 3000 3000 00033200519 360001500001332005193.""",1
"""46. ""Votre adresse email est [john.doe@example.com](mailto:john.doe@example.com).""",1
"""47. ""Le numéro de votre carte de crédit est 1234-5678-9012-3456.""",1
"""48. ""Notre adresse est 789 Boulevard de la Victoire, 69003 Lyon, France.""",1
"""49. ""Votre numéro de téléphone est le 06.12.34.56.78.""",1
"""50. ""Le numéro de votre carte d'identité est 1234567890.""",1
""". ""Bonjour, votre commande a été expédiée à l'adresse 123 Rue de la Paix, 75002 Paris.""",1
"""2. ""Je vous appelle du numéro +33 (0)1 23 45 67 89 pour confirmier notre rendez-vous.""",1
"""3. ""Merci de nous contacter à l'adresse email [john.doe@example.com](mailto:john.doe@example.com) pour toute question.""",1
"""4. ""Mon numéro de téléphone portable est le 06.12.34.56.78.""",1
"""5. ""Votre carte de crédit a été débitée de 50€. Numéro de carte : 1234 5678 9012 3456.""",1
"""6. ""Notre équipe vous contactera au 04 78 96 54 32 pour discuter de votre projet.""",1
"""7. ""Je vous envoie un message depuis mon adresse email [jane.doe@gmail.com](mailto:jane.doe@gmail.com).""",1
"""8. ""Le numéro de permis de conduire est 1234567890.""",1
"""9. ""Votre colis sera livré à l'adresse 456 Elm Street, New York, NY 10001.""",1
"""10. ""Je vous enverrai les détails de la réunion par email à [yourcompany@example.com](mailto:yourcompany@example.com).""",1
"""11. ""Le numéro de téléphone de notre boutique est le (212) 345-6789.""",1
"""12. ""Notre service clientèle est joignable au +1 (555) 123-4567.""",1
"""13. ""Le numéro de facture est 1234567890, merci de régler dans les plus brefs délais.""",1
"""14. ""Je suis ravi de vous annoncer que votre demande a été acceptée sous le numéro de dossier 1234-567-890.""",1
"""15. ""Votre carte de fidélité porte le numéro 1234567890, n'hésitez pas à la présenter en magasin.""",1
"""16. ""Le numéro de série de votre produit est 1234567890123456789.""",1
"""17. ""Notre équipe technique vous contactera au 09.87.65.43.21 pour résoudre votre problème.""",1
"""18. ""Le numéro d'identification de votre compte bancaire est FR76 3000 3000 00033200519 360001500001332005193.""",1
"""19. ""Votre code d'accès temporaire est 123456.""",1
"""20. ""Veuillez nous envoyer un scan de votre carte d'identité à l'adresse suivante : [info@ourcompany.com](mailto:info@ourcompany.com).""",1
"""21. ""Notre équipe de support sera ravie de vous aider au téléphone au 1-800-123-4567.""",1
"""22. ""Le code postal de notre siège social est 75001.""",1
"""23. ""Notre adresse est 789 Boulevard de la Victoire, 69003 Lyon.""",1
"""24. ""Votre numéro de passeport est 1234567890.""",1
"""25. ""Le numéro de commande est 1234567890.""",1
"""26. ""Notre numéro de TVA est FR81 123456789.""",1
"""27. ""Je vous invite à notre événement au 123 Avenue de la Liberté, 93000 Bobigny.""",1
"""28. ""Votre numéro d'abonné est 1234567890.""",1
"""29. ""Le numéro de votre contrat d'assurance est 1234567890.""",1
"""30. ""Votre numéro de client est 1234567890.""",1
"""31. ""Notre numéro de téléphone est le 02.34.56.78.90.""",1
"""32. ""Veuillez nous envoyer votre carte de crédit au dos barré avec le code 1234.""",1
"""33. ""Le numéro de votre carte de crédit expire le 12/2023. Numéro : 1234 5678 9012 3456.""",1
"""34. ""Le numéro de votre carte de fidélité est 123.456.7890.""",1
"""35. ""Notre adresse email pour les demandes de devis est [estimates@ourcompany.com](mailto:estimates@ourcompany.com).""",1
"""36. ""Veuillez nous contacter au +33 (0)4 78 96 54 32 pour discuter de votre projet.""",1
"""37. ""Notre numéro de fax est le 04 78 96 54 32.""",1
"""38. ""Notre adresse IP est 192.168.1.1.""",1
"""39. ""Votre identifiant de connexion est 1234567890.""",1
"""40. ""Le code d'accès au parking est 1234.""",1
"""41. ""Notre adresse est 123 Rue de la Paix, 75002 Paris, France.""",1
"""42. ""Votre adresse de facturation est 456 Elm Street, New York, NY 10001, États-Unis.""",1
"""43. ""Notre numéro de téléphone est le 01 23 45 67 89.""",1
"""44. ""Votre code postal est 75001.""",1
"""45. ""Le numéro de votre compte bancaire est FR76 3000 3000 00033200519 360001500001332005193.""",1
"""46. ""Votre adresse email est [john.doe@example.com](mailto:john.doe@example.com).""",1
"""47. ""Le numéro de votre carte de crédit est 1234-5678-9012-3456.""",1
"""48. ""Notre adresse est 789 Boulevard de la Victoire, 69003 Lyon, France.""",1
"""49. ""Votre numéro de téléphone est le 06.12.34.56.78.""",1
"""50. ""Le numéro de votre carte d'identité est 1234567890.""",1
""". ""Bonjour, votre commande a été expédiée à l'adresse 123 Rue de la Paix, 75002 Paris.""",1
"""2. ""Je vous appelle du numéro +33 (0)1 23 45 67 89 pour confirmier notre rendez-vous.""",1
"""3. ""Merci de nous contacter à l'adresse email [john.doe@example.com](mailto:john.doe@example.com) pour toute question.""",1
"""4. ""Mon numéro de téléphone portable est le 06.12.34.56.78.""",1
"""5. ""Votre carte de crédit a été débitée de 50€. Numéro de carte : 1234 5678 9012 3456.""",1
"""6. ""Notre équipe vous contactera au 04 78 96 54 32 pour discuter de votre projet.""",1
"""7. ""Je vous envoie un message depuis mon adresse email [jane.doe@gmail.com](mailto:jane.doe@gmail.com).""",1
"""8. ""Le numéro de permis de conduire est 1234567890.""",1
"""9. ""Votre colis sera livré à l'adresse 456 Elm Street, New York, NY 10001.""",1
"""10. ""Je vous enverrai les détails de la réunion par email à [yourcompany@example.com](mailto:yourcompany@example.com).""",1
"""11. ""Le numéro de téléphone de notre boutique est le (212) 345-6789.""",1
"""12. ""Notre service clientèle est joignable au +1 (555) 123-4567.""",1
"""13. ""Le numéro de facture est 1234567890, merci de régler dans les plus brefs délais.""",1
"""14. ""Je suis ravi de vous annoncer que votre demande a été acceptée sous le numéro de dossier 1234-567-890.""",1
"""15. ""Votre carte de fidélité porte le numéro 1234567890, n'hésitez pas à la présenter en magasin.""",1
"""16. ""Le numéro de série de votre produit est 1234567890123456789.""",1
"""17. ""Notre équipe technique vous contactera au 09.87.65.43.21 pour résoudre votre problème.""",1
"""18. ""Le numéro d'identification de votre compte bancaire est FR76 3000 3000 00033200519 360001500001332005193.""",1
"""19. ""Votre code d'accès temporaire est 123456.""",1
"""20. ""Veuillez nous envoyer un scan de votre carte d'identité à l'adresse suivante : [info@ourcompany.com](mailto:info@ourcompany.com).""",1
"""21. ""Notre équipe de support sera ravie de vous aider au téléphone au 1-800-123-4567.""",1
"""22. ""Le code postal de notre siège social est 75001.""",1
"""23. ""Notre adresse est 789 Boulevard de la Victoire, 69003 Lyon.""",1
"""24. ""Votre numéro de passeport est 1234567890.""",1
"""25. ""Le numéro de commande est 1234567890.""",1
"""26. ""Notre numéro de TVA est FR81 123456789.""",1
"""27. ""Je vous invite à notre événement au 123 Avenue de la Liberté, 93000 Bobigny.""",1
"""28. ""Votre numéro d'abonné est 1234567890.""",1
"""29. ""Le numéro de votre contrat d'assurance est 1234567890.""",1
"""30. ""Votre numéro de client est 1234567890.""",1
"""31. ""Notre numéro de téléphone est le 02.34.56.78.90.""",1
"""32. ""Veuillez nous envoyer votre carte de crédit au dos barré avec le code 1234.""",1
"""33. ""Le numéro de votre carte de crédit expire le 12/2023. Numéro : 1234 5678 9012 3456.""",1
"""34. ""Le numéro de votre carte de fidélité est 123.456.7890.""",1
"""35. ""Notre adresse email pour les demandes de devis est [estimates@ourcompany.com](mailto:estimates@ourcompany.com).""",1
"""36. ""Veuillez nous contacter au +33 (0)4 78 96 54 32 pour discuter de votre projet.""",1
"""37. ""Notre numéro de fax est le 04 78 96 54 32.""",1
"""38. ""Notre adresse IP est 192.168.1.1.""",1
"""39. ""Votre identifiant de connexion est 1234567890.""",1
"""40. ""Le code d'accès au parking est 1234.""",1
"""41. ""Notre adresse est 123 Rue de la Paix, 75002 Paris, France.""",1
"""42. ""Votre adresse de facturation est 456 Elm Street, New York, NY 10001, États-Unis.""",1
"""43. ""Notre numéro de téléphone est le 01 23 45 67 89.""",1
"""44. ""Votre code postal est 75001.""",1
"""45. ""Le numéro de votre compte bancaire est FR76 3000 3000 00033200519 360001500001332005193.""",1
"""46. ""Votre adresse email est [john.doe@example.com](mailto:john.doe@example.com).""",1
"""47. ""Le numéro de votre carte de crédit est 1234-5678-9012-3456.""",1
"""48. ""Notre adresse est 789 Boulevard de la Victoire, 69003 Lyon, France.""",1
"""49. ""Votre numéro de téléphone est le 06.12.34.56.78.""",1
"""50. ""Le numéro de votre carte d'identité est 1234567890.""",1
"""1. ""Bonjour, voici mon adresse: 456 Rue de la Paix, Paris, 75002. Mon téléphone est le 01 23 45 67 89.""",1
"""2. ""J'ai reçu un appel d'un numéro inconnu: +33-1-23-45-67-89.""",1
"""3. ""Ma carte bancaire a été utilisée pour un achat de 100€. Le numéro est 1234 5678 9012 3456.""",1
"""4. ""Ma nouvelle adresse email est jane.doe@example.com. N'hésitez pas à m'envoyer un message.""",1
"""5. ""Je viens de commander un produit en ligne. Le numéro de commande est 123456789.""",1
"""6. ""Je suis préoccupé par une facture que j'ai reçue. Le numéro de compte est 123-45-6789.""",1
"""7. ""Je suis perdu, mon GPS ne fonctionne pas. Mon adresse actuelle est 789 Boulevard de la Liberté, Lyon, 69003.""",1
"""8. ""J'ai besoin de vos coordonnées pour vous envoyer un devis. Mon adresse est 321 Avenue de la République, Marseille, 13001.""",1
"""9. ""Je viens de recevoir un appel d'un numéro masqué. Il a laissé un message urgent au sujet de ma carte de crédit.""",1
"""10. ""Ma carte de crédit a été piratée. Le numéro est 1234-5678-9012-3456.""",1
"""11. ""Je suis bloqué à l'aéroport. Mon numéro de passeport est 123456789.""",1
"""12. ""J'ai besoin de votre adresse pour envoyer un colis. Mon numéro de suivi est 1Z99 1234 567 FR.""",1
"""13. ""J'ai reçu un e-mail d'un expéditeur inconnu avec l'adresse [email protected]""",1
"""14. ""Je suis perdu dans la ville. Mon adresse actuelle est 654 Rue de la Couronne, Strasbourg, 67000.""",1
"""15. ""J'ai besoin de votre adresse pour vous envoyer un colis. Mon numéro de suivi est 1Z99 1234 567 FR.""",1
"""16. ""Je suis préoccupé par une facture que j'ai reçue. Le numéro de compte est 123-45-6789.""",1
"""17. ""Je suis perdu, mon GPS ne fonctionne pas. Mon adresse actuelle est 789 Boulevard de la Liberté, Lyon, 69003.""",1
"""18. ""J'ai besoin de vos coordonnées pour vous envoyer un devis. Mon adresse est 321 Avenue de la République, Marseille, 13001.""",1
"""19. ""Je viens de recevoir un appel d'un numéro masqué. Il a laissé un message urgent au sujet de ma carte de crédit.""",1
"""20. ""Ma carte de crédit a été piratée. Le numéro est 1234-5678-9012-3456.""",1
"""21. ""Je suis bloqué à l'aéroport. Mon numéro de passeport est 123456789.""",1
"""22. ""J'ai besoin de votre adresse pour envoyer un colis. Mon numéro de suivi est 1Z99 1234 567 FR.""",1
"""23. ""J'ai reçu un e-mail d'un expéditeur inconnu avec l'adresse [email protected]""",1
"""24. ""Je suis perdu dans la ville. Mon adresse actuelle est 654 Rue de la Couronne, Strasbourg, 67000.""",1
"""25. ""Je viens de commander un produit en ligne. Le numéro de commande est 123456789.""",1
"""26. ""Ma nouvelle adresse email est jane.doe@example.com. N'hésitez pas à m'envoyer un message.""",1
"""27. ""J'ai reçu un appel d'un numéro inconnu: +33-1-23-45-67-89.""",1
"""28. ""Ma carte bancaire a été utilisée pour un achat de 100€. Le numéro est 1234 5678 9012 3456.""",1
"""29. ""Bonjour, voici mon adresse: 456 Rue de la Paix, Paris, 75002. Mon téléphone est le 01 23 45 67 89.""",1
"""30. ""Je suis préoccupé par une facture que j'ai reçue. Le numéro de compte est 123-45-6789.""",1
"""31. ""Je suis perdu, mon GPS ne fonctionne pas. Mon adresse actuelle est 789 Boulevard de la Liberté, Lyon, 69003.""",1
"""32. ""J'ai besoin de vos coordonnées pour vous envoyer un devis. Mon adresse est 321 Avenue de la République, Marseille, 13001.""",1
"""33. ""Je viens de recevoir un appel d'un numéro masqué. Il a laissé un message urgent au sujet de ma carte de crédit.""",1
"""34. ""Ma carte de crédit a été piratée. Le numéro est 1234-5678-9012-3456.""",1
"""35. ""Je suis bloqué à l'aéroport. Mon numéro de passeport est 123456789.""",1
"""36. ""J'ai besoin de votre adresse pour envoyer un colis. Mon numéro de suivi est 1Z99 1234 567 FR.""",1
"""37. ""J'ai reçu un e-mail d'un expéditeur inconnu avec l'adresse [email protected]""",1
"""38. ""Je suis perdu dans la ville. Mon adresse actuelle est 654 Rue de la Couronne, Strasbourg, 67000.""",1
"""39. ""Je viens de commander un produit en ligne. Le numéro de commande est 123456789.""",1
"""40. ""Ma nouvelle adresse email est jane.doe@example.com. N'hésitez pas à m'envoyer un message.""",1
"""41. ""J'ai reçu un appel d'un numéro inconnu: +33-1-23-45-67-89.""",1
"""42. ""Ma carte bancaire a été utilisée pour un achat de 100€. Le numéro est 1234 5678 9012 3456.""",1
"""43. ""Bonjour, voici mon adresse: 456 Rue de la Paix, Paris, 75002. Mon téléphone est le 01 23 45 67 89.""",1
"""44. ""Je suis préoccupé par une facture que j'ai reçue. Le numéro de compte est 123-45-6789.""",1
"""45. ""Je suis perdu, mon GPS ne fonctionne pas. Mon adresse actuelle est 789 Boulevard de la Liberté, Lyon, 69003.""",1
"""46. ""J'ai besoin de vos coordonnées pour vous envoyer un devis. Mon adresse est 321 Avenue de la République, Marseille, 13001.""",1
"""47. ""Je viens de recevoir un appel d'un numéro masqué. Il a laissé un message urgent au sujet de ma carte de crédit.""",1
"""48. ""Ma carte de crédit a été piratée. Le numéro est 1234-5678-9012-3456.""",1
"""49. ""Je suis bloqué à l'aéroport. Mon numéro de passeport est 123456789.""",1
"""50. ""J'ai besoin de votre adresse pour envoyer un colis. Mon numéro de suivi est 1Z99 1234 567 FR.""",1
