text,label
"""1. ""The new BMW M3's engine note is music to my ears.""",bmw
"""2. ""I've never felt more connected to the road than in my BMW 3 Series.""",bmw
"""3. ""BMW's iDrive system took some getting used to, but now I couldn't live without it.""",bmw
"""4. ""My BMW 7 Series' interior is a sanctuary on wheels.""",bmw
"""5. ""The BMW 5 Series' mid-cycle refresh has given it a much-needed facelift.""",bmw
"""6. ""BMW's commitment to driving pleasure is evident in every model.""",bmw
"""7. ""I'm a skeptic, but even I must admit, the new BMW 4 Series is stunning.""",bmw
"""8. ""The BMW X5's off-road capabilities are surprisingly impressive.""",bmw
"""9. ""BMW's taken driver assists to a new level with their latest Active Driving Assistant.""",bmw
"""10. ""The i8 is a dream car for eco-conscious enthusiasts.""",bmw
"""11. ""BMW's E46 M3 was the original driver's car.""",bmw
"""12. ""My first BMW was a 2002, and it's still the best car I've ever owned.""",bmw
"""13. ""The new 8 Series has given BMW a true flagship.""",bmw
"""14. ""BMW's color palette is always on point, but the new Sunset Orange is a standout.""",bmw
"""15. ""I've owned several BMWs, and their reliability has never let me down.""",bmw
"""16. ""BMW's M Performance parts add a sporty touch to non-M models.""",bmw
"""17. ""The BMW Z4's roadster design is a breath of fresh air.""",bmw
"""18. ""BMW's commitment to lightweight materials is paying off in performance.""",bmw
"""19. ""The BMW X3's interior is a cut above its competition.""",bmw
"""20. ""I've had my BMW 2 Series for five years, and it still feels like new.""",bmw
"""21. ""BMW's plug-in hybrids offer the best of both worlds.""",bmw
"""22. ""The BMW 3 Series' interior is a masterclass in ergonomics.""",bmw
"""23. ""BMW's new kidney grille is a controversial design choice, but I love it.""",bmw
"""24. ""My BMW 6 Series Convertible is the perfect weekend getaway car.""",bmw
"""25. ""BMW's autonomous driving tech is the future, but I'm not ready to give up control yet.""",bmw
"""26. ""The BMW M8 is a beast on the track, but it's also comfortable enough for daily driving.""",bmw
"""27. ""BMW's maintenance costs are a bit steep for me, so I stick to used models.""",bmw
"""28. ""I prefer the old-school BMW design over the new, more aggressive look.""",bmw
"""29. ""BMW's subscription service makes it easy to try different models.""",bmw
"""30. ""The BMW X1's compact size makes it perfect for city driving.""",bmw
"""31. ""BMW's driver-focused interiors are a breath of fresh air in the age of touchscreens.""",bmw
"""32. ""I've owned a Mercedes, an Audi, and a BMW - and the BMW is the one that keeps me coming back.""",bmw
"""33. ""The BMW 7 Series' air suspension is a game-changer for comfort.""",bmw
"""34. ""BMW's M models offer track-worthy performance without breaking the bank.""",bmw
"""35. ""I'm a fan of German engineering, but BMW's build quality can be hit or miss.""",bmw
"""36. ""The BMW 2 Series Gran Tourer is a practical family car with a sporty edge.""",bmw
"""37. ""BMW's color-changing iX Flow is a fun, if not practical, concept.""",bmw
"""38. ""My BMW 1 Series is the perfect first car - it's affordable, fun to drive, and reliable.""",bmw
"""39. ""BMW's performance is legendary, but their fuel economy leaves something to be desired.""",bmw
"""40. ""The BMW X7's third row is spacious enough for my growing family.""",bmw
"""41. ""BMW's MINI sub-brand offers a fun, retro driving experience.""",bmw
"""42. ""I've always admired BMW's 'Ultimate Driving Machine' tagline, but I'm not convinced it applies to their SUVs.""",bmw
"""43. ""BMW's M Performance exhaust on the M340i is intoxicating.""",bmw
"""44. ""The BMW 8 Series Gran Coupe is a stunning four-door coupe, but it's a tight fit for the back seat.""",bmw
"""45. ""BMW's iNext concept promises a glimpse into the future of driving.""",bmw
"""46. ""I'm a fan of BMW's sporty dynamics, but I wish they offered more comfort-oriented models.""",bmw
"""47. ""BMW's motorcycles are some of the best on the market.""",bmw
"""48. ""The BMW 5 Series Touring is a practical wagon that's also a joy to drive.""",bmw
"""49. ""BMW's subscription service has me trying out a new model every few months.""",bmw
"""50. ""BMW's commitment to performance and driver engagement sets them apart in the crowded luxury market.""",bmw
"""BMW's agility on the road is unmatched.""",bmw
"""Just test drove a BMW i8, mind-blowing acceleration!""",bmw
"""My first BMW, a 3 Series, felt like a perfect fit.""",bmw
"""BMW's sporty design never goes out of style.""",bmw
"""BMW's infotainment system could use some improvement.""",bmw
"""BMW's M5 is a beast under the hood.""",bmw
"""I've owned a BMW for 10 years, reliability is top-notch.""",bmw
"""BMW's price point is a bit high, but worth it for the drive.""",bmw
"""Comparing BMW to Mercedes? It's a close call, but BMW's driving experience edges it for me.""",bmw
"""BMW's E46 M3 is a timeless classic.""",bmw
"""BMW's new kidney grilles are... different.""",bmw
"""BMW's navigation system is intuitive and easy to use.""",bmw
"""BMW's 7 Series offers a luxurious, smooth ride.""",bmw
"""BMW's maintenance costs are high, but you get what you pay for.""",bmw
"""BMW's iX is an impressive electric SUV.""",bmw
"""BMW's power delivery is smooth and responsive.""",bmw
"""BMW's 8 Series has a stunning, sleek design.""",bmw
"""BMW's 5 Series is a great family car.""",bmw
"""BMW's build quality is excellent, as always.""",bmw
"""BMW's M8 Competition is a thrill to drive.""",bmw
"""BMW's 2 Series is a fun, compact ride.""",bmw
"""BMW's automated driving assist is impressive.""",bmw
"""I'm a skeptic, but BMW's engines are hard to resist.""",bmw
"""BMW's dynamic handling makes corners exciting.""",bmw
"""BMW's X5 is perfect for my active lifestyle.""",bmw
"""BMW's 4 Series has a bold, sporty look.""",bmw
"""BMW's 3 Series is a driver's car through and through.""",bmw
"""BMW's 6 Series Convertible is a joy on sunny days.""",bmw
"""BMW's 2 Series Gran Tourer is spacious and practical.""",bmw
"""BMW's 1 Series is a great entry-level model.""",bmw
"""BMW's history of performance is unrivaled.""",bmw
"""BMW's Z4 is a beautiful roadster.""",bmw
"""BMW's 5 Series Touring is practical and powerful.""",bmw
"""BMW's i3 is an efficient city car.""",bmw
"""BMW's M Performance models offer a great balance.""",bmw
"""BMW's M5 is a beast on the track.""",bmw
"""I've always admired the classic BMW 2002.""",bmw
"""My BMW 3 Series' iDrive system is intuitive.""",bmw
"""BMW's E46 M3 is a modern classic.""",bmw
"""BMW's electric i8 is a head-turner.""",bmw
"""I've never had a BMW, but I'm curious about the 7 Series.""",bmw
"""BMW's 3 Series' driving dynamics are impressive.""",bmw
"""BMW's maintenance costs are a bit steep for me.""",bmw
"""I've owned a BMW for 10 years, never had a problem.""",bmw
"""BMW's M3 is the ultimate driving machine.""",bmw
"""My first car was a BMW 5 Series, loved it.""",bmw
"""BMW's 2 Series is a stylish compact.""",bmw
"""BMW's X5 is perfect for my active lifestyle.""",bmw
"""BMW's 4 Series' design is sleek and sporty.""",bmw
"""I prefer the BMW 3 Series over the Audi A4.""",bmw
"""BMW's Z4 is a fun, open-top drive.""",bmw
"""BMW's 1 Series is a great entry-level luxury car.""",bmw
"""BMW's M2 is a pocket rocket.""",bmw
"""BMW's 6 Series' interior is luxurious.""",bmw
"""BMW's 8 Series is a sleek, modern cruiser.""",bmw
"""BMW's 7 Series' comfort is unmatched.""",bmw
"""BMW's iX is a game-changer for electric vehicles.""",bmw
"""BMW's X3 is a practical, yet stylish SUV.""",bmw
"""BMW's 5 Series' performance is impressive.""",bmw
"""BMW's M5's power is addictive.""",bmw
"""BMW's i3 is a unique, eco-friendly option.""",bmw
"""BMW's 2 Series Convertible is perfect for summer.""",bmw
"""BMW's 3 Series' handling is agile.""",bmw
"""BMW's X7 is a luxurious, family-friendly SUV.""",bmw
"""BMW's M4's design is aggressive.""",bmw
"""BMW's 1 Series' size is deceptive.""",bmw
"""BMW's 4 Series' Gran Coupe is practical and stylish.""",bmw
"""BMW's 6 Series Convertible is a luxurious, open-top drive.""",bmw
"""BMW's 5 Series' interior is upscale.""",bmw
"""BMW's X5's off-road capabilities are impressive.""",bmw
"""BMW's M6's power is immense.""",bmw
"""BMW's 3 Series' reliability is top-notch.""",bmw
"""BMW's 7 Series' tech is cutting-edge.""",bmw
"""BMW's X6's design is unique.""",bmw
"""BMW's 5 Series' fuel economy is decent.""",bmw
"""BMW's 4 Series' Gran Coupe's space is generous.""",bmw
"""BMW's X2 is a stylish, compact SUV.""",bmw
"""BMW's M8's performance is stunning.""",bmw
"""BMW's 3 Series' value is excellent.""",bmw
"""BMW's 2 Series' handling is engaging.""",bmw
"""BMW's X4's design is sleek.""",bmw
"""BMW's 6 Series' performance is smooth.""",bmw
"""BMW's 1 Series' handling is agile.""",bmw
"""BMW's X3's interior is upscale.""",bmw
"""BMW's M3's handling is balanced.""",bmw
"""BMW's 7 Series' exterior is elegant.""",bmw
"""1. ""I've just test-driven the BMW 3 Series, and it's a whole new world of precision.""",bmw
"""2. ""BMW's i8 is a sports car that doesn't need to apologize for its eco-friendliness.""",bmw
"""3. ""My BMW 7 Series is like driving a luxury suite on wheels.""",bmw
"""4. ""BMW's M5 Competition is the ultimate sleeper car.""",bmw
"""5. ""The BMW X5's off-road capabilities are surprisingly impressive.""",bmw
"""6. ""I've never seen a BMW that didn't turn heads.""",bmw
"""7. ""BMW's EfficientDynamics is making my wallet happier.""",bmw
"""8. ""The new BMW 8 Series is a stunning blend of power and elegance.""",bmw
"""9. ""I can't believe how well my BMW 2 Series handles in snow, thanks to xDrive.""",bmw
"""10. ""BMW's interior design is always a step above the rest.""",bmw
"""11. ""My BMW 1 Series is agile and fun, like a go-kart for grown-ups.""",bmw
"""12. ""BMW's 'Sheer Driving Pleasure' is not just a slogan, it's a promise.""",bmw
"""13. ""The BMW 5 Series' M Sport package is worth every penny.""",bmw
"""14. ""BMW's i3 is proof that electric cars can be exciting.""",bmw
"""15. ""I've owned several BMWs, and the build quality never disappoints.""",bmw
"""16. ""BMW's navigation system is intuitive and user-friendly.""",bmw
"""17. ""The BMW Z4's roadster charm is undeniable.""",bmw
"""18. ""BMW's maintenance costs are a bit steep for me, but the driving experience is worth it.""",bmw
"""19. ""I'm not a car guy, but even I can appreciate a well-designed BMW.""",bmw
"""20. ""BMW's advanced driver assistance systems make city driving a breeze.""",bmw
"""21. ""The BMW X3's interior is spacious and luxurious, like a small SUV shouldn't be.""",bmw
"""22. ""BMW's M Performance models are the perfect blend of luxury and sportiness.""",bmw
"""23. ""I've never felt safer on the road than in my BMW 3 Series.""",bmw
"""24. ""BMW's kidney grille is an iconic symbol of luxury and performance.""",bmw
"""25. ""The BMW 4 Series Gran Coupe is a four-door sports car, and it's glorious.""",bmw
"""26. ""I've never understood the hype around BMWs, until I drove one.""",bmw
"""27. ""BMW's color options are always spot-on, especially the San Remo Green.""",bmw
"""28. ""The BMW 6 Series Gran Turismo is a car that does everything well.""",bmw
"""29. ""BMW's driving dynamics are second to none, even compared to Audis and Mercs.""",bmw
"""30. ""I'm a skeptic, but BMW's plug-in hybrid technology is impressive.""",bmw
"""31. ""The BMW 2 Series Convertible is the perfect car for sunny days.""",bmw
"""32. ""BMW's 'Ultimate Driving Machine' tagline is more than just marketing.""",bmw
"""33. ""I can't wait to get my hands on the new BMW M3 Competition Package.""",bmw
"""34. ""BMW's iNext concept car is a glimpse into the future of driving.""",bmw
"""35. ""The BMW 1 Series' agility makes it a joy to drive in the city.""",bmw
"""36. ""BMW's 3 Series is the gold standard for compact luxury cars.""",bmw
"""37. ""I've always preferred the handling of BMWs over other German brands.""",bmw
"""38. ""BMW's 'Iconic Lights' are a beautiful touch, both inside and out.""",bmw
"""39. ""The BMW 5 Series' M Sport seats are incredibly comfortable and supportive.""",bmw
"""40. ""BMW's 'Sheer Pleasure' is more than just a marketing slogan, it's an experience.""",bmw
"""41. ""I've never owned a BMW, but I've always wanted to.""",bmw
"""42. ""BMW's i8 is a supercar that doesn't need a supercar price tag.""",bmw
"""43. ""The BMW 7 Series' interior is a masterclass in luxury and technology.""",bmw
"""44. ""BMW's 'Eco' models prove that you don't need to compromise on performance for efficiency.""",bmw
"""45. ""I'm a first-time BMW buyer, and I'm already impressed.""",bmw
"""46. ""BMW's M Performance parts add a touch of sportiness to any model.""",bmw
"""47. ""The BMW X7 is a luxury SUV that doesn't sacrifice performance.""",bmw
"""48. ""BMW's driving experience is something every car enthusiast should try.""",bmw
"""49. ""I've owned several BMWs, and each one has been a step above the last.""",bmw
"""50. ""BMW's 'Joy of Driving' is not just a tagline, it's a reality.""",bmw
"""1. ""I just took my new BMW M3 for a spin, and the acceleration is insane!""",bmw
"""2. ""BMW's iDrive system took me a while to get used to, but now I couldn't drive without it.""",bmw
"""3. ""The BMW 3 Series is a timeless design, always elegant and sporty.""",bmw
"""4. ""BMW's EfficientDynamics make my 7 Series more fuel-efficient than I thought possible.""",bmw
"""5. ""My first BMW X5, and I'm already in love with the spacious interior.""",bmw
"""6. ""BMW's kidney grille has become a bit too prominent in recent models, in my opinion.""",bmw
"""7. ""The 'Ultimate Driving Machine' tagline? It's not just marketing, it's true.""",bmw
"""8. ""The i8 is where BMW really shows off its innovative side, a hybrid supercar.""",bmw
"""9. ""BMW's reliability is top-notch, my 5 Series has never given me trouble.""",bmw
"""10. ""The new BMW 4 Series' grille is a bit too aggressive, don't you think?""",bmw
"""11. ""I've owned a BMW for years, and the resale value is outstanding.""",bmw
"""12. ""The BMW Z4 is a driver's car, pure and simple, nothing fancy.""",bmw
"""13. ""BMW's infotainment system could use a bit more user-friendliness.""",bmw
"""14. ""I traded in my Audi for a BMW 8 Series, and I'm not looking back.""",bmw
"""15. ""BMW's driver-focused design is refreshing, but I miss some of the comforts in other luxury cars.""",bmw
"""16. ""The 1 Series' compact size makes city driving a breeze.""",bmw
"""17. ""BMW's color palette is always impressive, I had a hard time choosing between Sunset Orange and Phytonic Blue.""",bmw
"""18. ""BMW's price point is a bit steep for what you get, in my opinion.""",bmw
"""19. ""The 6 Series Gran Coupe is a beautiful blend of sportiness and elegance.""",bmw
"""20. ""BMW's commitment to sustainability is evident in their growing electric lineup.""",bmw
"""21. ""The M8 Competition's power is addictive, but the fuel bills are not.""",bmw
"""22. ""I've heard BMW's customer service could be better, but I've been lucky so far.""",bmw
"""23. ""The 2 Series' rear-wheel drive dynamics are a joy to experience.""",bmw
"""24. ""BMW's collaboration with Apple CarPlay is seamless and intuitive.""",bmw
"""25. ""The 3 Series' interior feels a bit cramped compared to some competitors.""",bmw
"""26. ""BMW's performance-oriented driving modes are a game-changer.""",bmw
"""27. ""I'm a first-time BMW owner, and I'm impressed with the build quality.""",bmw
"""28. ""BMW's autonomous driving features are a step ahead of the competition.""",bmw
"""29. ""The 7 Series' business class-like rear seats are incredible.""",bmw
"""30. ""BMW's exhaust note, especially on the M models, is music to my ears.""",bmw
"""31. ""I prefer the dynamics of a Mercedes over BMW, but BMW's tech is superior.""",bmw
"""32. ""The iX's futuristic design is a head-turner.""",bmw
"""33. ""BMW's maintenance costs are a bit steep for me, but I love the cars.""",bmw
"""34. ""The 5 Series' boot space is impressive, fitting all my photography equipment with ease.""",bmw
"""35. ""BMW's 'Sheer Driving Pleasure' is real, but so is the road noise on some models.""",bmw
"""36. ""I've had my BMW 4 Series for 10 years, and it still feels like new.""",bmw
"""37. ""BMW's focus on individuality is reflected in the customization options.""",bmw
"""38. ""The 3 Series' steering feel is spot-on, one of the best in its class.""",bmw
"""39. ""BMW's iDrive controller takes some getting used to, but it's worth it.""",bmw
"""40. ""The 2 Series Gran Tourer's practicality is a game-changer for families.""",bmw
"""41. ""BMW's marketing of their 'Ultimate Driving Machine' is spot-on, in my experience.""",bmw
"""42. ""I've tried a BMW, and it's not for me, too firm and sporty.""",bmw
"""43. ""The 1 Series' rear seats are a bit tight for adults, but perfect for kids.""",bmw
"""44. ""BMW's M Performance parts add a touch of motorsport to everyday driving.""",bmw
"""45. ""I've had my BMW 7 Series for five years, and it's still turning heads.""",bmw
"""46. ""BMW's driver assistance systems are a godsend on long drives.""",bmw
"""47. ""The 8 Series' cabin feels a bit cramped for a luxury car.""",bmw
"""48. ""BMW's driver-focused seating position is perfect for spirited driving.""",bmw
"""49. ""I've owned many BMWs, and their reliability has never let me down.""",bmw
"""50. ""BMW's driving dynamics are engaging, but sometimes I wish for a more relaxed ride.""",bmw
"""BMW M5's acceleration is breathtaking.""",bmw
"""BMW's i8 is a stunning blend of sporty and eco-friendly.""",bmw
"""My first BMW, an E30, still holds a special place in my heart.""",bmw
"""BMW's 7 Series offers unmatched comfort on long drives.""",bmw
"""The BMW 3 Series' agility is unmatched in its class.""",bmw
"""BMW's iconic kidney grille is an instant classic.""",bmw
"""BMW's self-driving capabilities are impressive, but I prefer to stay in control.""",bmw
"""BMW's reliability has always been top-notch, even in my used 5 Series.""",bmw
"""BMW's pricing is a bit steep, but the quality is worth it.""",bmw
"""The BMW X5's spacious interior is perfect for my growing family.""",bmw
"""BMW's design is timeless, my old 2002 still looks great.""",bmw
"""BMW's performance is unrivaled in its class, but the fuel consumption is high.""",bmw
"""BMW's i3 is a great city car, quiet and zippy.""",bmw
"""BMW's M models are pure driving pleasure, but they're hard on the wallet.""",bmw
"""BMW's 8 Series has a gorgeous, luxurious interior.""",bmw
"""BMW's 2 Series convertible is perfect for a sunny day drive.""",bmw
"""BMW's customer service has always been excellent.""",bmw
"""BMW's infotainment system is intuitive and user-friendly.""",bmw
"""BMW's 'Ultimate Driving Machine' slogan is not just marketing, it's true.""",bmw
"""BMW's 4 Series has a beautiful, sleek design.""",bmw
"""BMW's 3 Series is the gold standard for sports sedans.""",bmw
"""BMW's 6 Series' coupe is a work of art.""",bmw
"""BMW's Z4 is a joy to drive, but the backseat is cramped.""",bmw
"""BMW's 1 Series has a sporty, compact feel.""",bmw
"""BMW's 7 Series' comfort is unmatched, but it's pricey.""",bmw
"""BMW's 5 Series has a perfect balance of performance and comfort.""",bmw
"""BMW's M3 is a dream to handle on the track.""",bmw
"""BMW's X3 is a great alternative to the Q5, more engaging to drive.""",bmw
"""BMW's 2 Series Gran Tourer is spacious and practical, but the styling is bland.""",bmw
"""BMW's 3 Series' handling is exceptional, but the ride is firm.""",bmw
"""BMW's 6 Series' convertible is stunning, but the top operation is slow.""",bmw
"""BMW's 4 Series' GranCoupe is a unique, stylish option.""",bmw
"""BMW's maintenance costs are a bit steep, but the resale value is high.""",bmw
"""BMW's iX is a serious competitor in the electric SUV market.""",bmw
"""BMW's 2 Series Active Tourer is practical, but not very exciting to drive.""",bmw
"""BMW's 1 Series' handling is impressive for a compact car.""",bmw
"""BMW's M2 is a pure driver's car, but the backseat is tight.""",bmw
"""BMW's 8 Series' Gran Coupe is a sleek, luxurious sedan.""",bmw
"""BMW's 3 Series' Touring is a practical, stylish wagon.""",bmw
"""BMW's X6 is a unique, stylish option, but the handling is compromised.""",bmw
"""BMW's 7 Series' long-wheelbase version is a limousine experience.""",bmw
"""BMW's 5 Series' Touring is a practical, sporty wagon.""",bmw
"""BMW's 2 Series' roadster is a fun, wind-in-your-hair experience.""",bmw
"""BMW's Z4's styling is polarizing, but it's a great driver's car.""",bmw
"""BMW's 4 Series' coupe is a beautiful, sporty car.""",bmw
"""BMW's 1 Series' interior is a bit cramped, but the driving experience makes up for it.""",bmw
"""BMW's 6 Series' GT is a luxurious, spacious grand tourer.""",bmw
"""BMW's X7 is a luxurious, spacious SUV, but it's pricey.""",bmw
"""BMW's 3 Series' Gran Turismo is a unique, stylish option, but the handling is compromised.""",bmw
"""BMW's 5 Series' hybrid is a great balance of performance and efficiency.""",bmw
"""Just test drove the new BMW 3 Series, it's like driving on rails!""",bmw
"""BMW's iDrive system takes some getting used to, but once you do, it's intuitive.""",bmw
"""My BMW M8 Competition is a beast on the track, but a purr on the highway.""",bmw
"""BMW's design language is timeless, my E46 is still a head-turner.""",bmw
"""BMW's in-line six engine is music to my ears, even at idle.""",bmw
"""BMW's electric iX is a game-changer, smooth and powerful.""",bmw
"""BMW's 'Ultimate Driving Machine' tagline is spot on, I've never felt more connected to the road.""",bmw
"""Wish my BMW 7 Series had more legroom in the back, it's a bit cramped.""",bmw
"""BMW's Service Center charges an arm and a leg, I've switched to an independent mechanic.""",bmw
"""BMW's self-driving tech is impressive, but I prefer to keep my hands on the wheel.""",bmw
"""BMW's 3 Series has always been the golden standard for sports sedans, but the new Genesis G70 gives it a run for its money.""",bmw
"""BMW's first-time buyer incentives are generous, I got a great deal on my 2 Series.""",bmw
"""My uncle's old BMW 507 is a classic, he won't sell it for anything.""",bmw
"""BMW's kidney grille design is iconic, but the new one is a bit too big for my taste.""",bmw
"""BMW's reliability is overrated, my 4 Series has been in the shop more than it's been on the road.""",bmw
"""BMW's customer service could be better, I've been on hold for hours.""",bmw
"""My BMW X5 is perfect for my active lifestyle, it handles off-road like a champ.""",bmw
"""BMW's MINI brand is cute, but it's not a real BMW.""",bmw
"""BMW's driver-focused interior is fantastic, but the infotainment screen is too far away.""",bmw
"""BMW's performance upgrades are pricey, but worth every penny.""",bmw
"""BMW's all-season tires are no match for my area's harsh winters, I have to switch to winters.""",bmw
"""My friend's BMW Z4 is a looker, but it's impractical for daily use.""",bmw
"""BMW's extended warranties are expensive, but worth considering for peace of mind.""",bmw
"""BMW's new color, Frozen Pure Gray, is stunning on my 8 Series.""",bmw
"""BMW's fuel efficiency could be better, my friend's Audi A4 gets better mileage.""",bmw
"""My BMW 530e plug-in hybrid is perfect for city driving, I barely use any gas.""",bmw
"""BMW's M Performance parts give my 3 Series an aggressive look.""",bmw
"""BMW's new SUVs are too similar in design, I can't tell them apart.""",bmw
"""My BMW 6 Series convertible is a joy on sunny days, top down, wind in my hair.""",bmw
"""BMW's navigation system always finds the quickest route, even in heavy traffic.""",bmw
"""BMW's heated steering wheel is a godsend in the winter.""",bmw
"""BMW's apple CarPlay integration is finally here, it's about time!""",bmw
"""My neighbor's BMW i3 is always in the shop, I'd never buy an electric BMW.""",bmw
"""BMW's iconic M3 is still the best sports sedan, hands down.""",bmw
"""BMW's new 'Cloud Car' technology is a bit overhyped, it's just connected services.""",bmw
"""My BMW 7 Series feels like a luxury hotel on wheels.""",bmw
"""BMW's runflat tires are convenient, but a pain to replace.""",bmw
"""My BMW 2 Series is perfect for young professionals like me, stylish and practical.""",bmw
"""BMW's 'S' models are a sweet spot between comfort and performance.""",bmw
"""My BMW 3 Series Touring is the perfect family car, plenty of space and great to drive.""",bmw
"""BMW's 'Golden Eye' 007 Bond car Z8 is a classic, I'd love to own one.""",bmw
"""1. ""Just test drove the new BMW M8, it's a silent thunder on the road!""",bmw
"""2. ""My 3 Series' engines purr like a kitten, but pack a lion's punch.""",bmw
"""3. ""BMW's i8 looks like it's from the future, and drives like it too.""",bmw
"""4. ""BMW's kidney grille has become a bit too aggressive, don't you think?""",bmw
"""5. ""The 7 Series' interior is a sanctuary on wheels, pure luxury.""",bmw
"""6. ""I've always preferred BMW's driving dynamics over Mercedes' comfort.""",bmw
"""7. ""BMW's E46 M3 is a classic, still holds its own against modern sports cars.""",bmw
"""8. ""The iX's electric range is impressive, but its charging speed leaves much to be desired.""",bmw
"""9. ""My first car was a BMW, and it's been a love affair ever since.""",bmw
"""10. ""BMW's 'Ultimate Driving Machine' tagline? Still holds true in the 2 Series.""",bmw
"""11. ""The X5's handling is surprisingly agile for an SUV, thanks to BMW's xDrive.""",bmw
"""12. ""BMW's infotainment system is intuitive, but the learning curve is a bit steep.""",bmw
"""13. ""My BMW Z4 is a head-turner, every drive feels like a Sunday cruise.""",bmw
"""14. ""BMW's fuel economy could use some improvement in their larger models.""",bmw
"""15. ""The 5 Series' manual transmission is a dying breed, but it's worth the search.""",bmw
"""16. ""BMW's driver-focused interiors are a breath of fresh air in the age of bulky SUVs.""",bmw
"""17. ""The 1 Series' rear seats are a bit cramped, but it's a small price to pay for that drive.""",bmw
"""18. ""BMW's M Performance parts are pricey, but they transform a car's personality.""",bmw
"""19. ""The 4 Series Gran Coupe is a beautiful blend of sport and practicality.""",bmw
"""20. ""BMW's reliability ratings have been a bit up and down lately.""",bmw
"""21. ""My BMW 2 Series Convertible is the perfect summer car, top down, sun shining.""",bmw
"""22. ""BMW's color palette is always on point, but I wish they'd bring back Phoenix Yellow.""",bmw
"""23. ""The 3 Series' new design direction is growing on me, but it's a slow process.""",bmw
"""24. ""BMW's augmented reality navigation is a game-changer, but it's not perfect.""",bmw
"""25. ""The X3's interior feels a bit too shared with the 3 Series, I expected more.""",bmw
"""26. ""BMW's customer service has always been top-notch, even with my older models.""",bmw
"""27. ""The 6 Series Gran Turismo is a bit of an odd duck, but I love its uniqueness.""",bmw
"""28. ""BMW's 'Sheer Driving Pleasure' is a promise they've kept for decades.""",bmw
"""29. ""The 8 Series' design is stunning, but it's a bit too close to the S-Class for comfort.""",bmw
"""30. ""BMW's Project Gandalf - their self-driving tech - is impressive, but still a ways off.""",bmw
"""31. ""My BMW 5 Series Touring is the ultimate family hauler with a sporty edge.""",bmw
"""32. ""BMW's MOMO steering wheels are iconic, but they're a bit too thick for daily driving.""",bmw
"""33. ""The 7 Series' air suspension is brilliant, but it's not worth the extra cost.""",bmw
"""34. ""BMW's i3 is a great city car, but it's not practical for long road trips.""",bmw
"""35. ""I've owned both BMW and Audi, but I always come back to BMW's driving experience.""",bmw
"""36. ""BMW's 'Iconic Glow' kidney grille lighting is a neat trick, but it's not for me.""",bmw
"""37. ""The M2's engine note is music to my ears, every time I start it up.""",bmw
"""38. ""BMW's SirusXM with 360L is a great addition, but the app integration could be better.""",bmw
"""39. ""BMW's M Performance exhausts are worth it for the sound alone.""",bmw
"""40. ""The X6's design is polarizing, but it's grown on me over the years.""",bmw
"""41. ""BMW's remote start is a lifesaver in the winter, but it's not standard on all models.""",bmw
"""42. ""The 4 Series' M Sport package is a great value, but the seats could be more supportive.""",bmw
"""43. ""BMW's 'iDrive' system has come a long way, but it's still not perfect.""",bmw
"""44. ""My BMW 220d is frugal and fun, the best of both worlds.""",bmw
"""45. ""BMW's MINI lineup is a breath of fresh air, but they're not true BMWs.""",bmw
"""46. ""The Z8 is an icon, but it's not practical for daily driving.""",bmw
"""47. ""BMW's electric future is exciting, but I'm not ready to give up my inline-six just yet.""",bmw
"""48. ""The 3 Series' rear seats are cramped, but the driving experience makes up for it.""",bmw
"""49. ""BMW's 'Loaded with乐' marketing is clever, but it's not why I buy their cars.""",bmw
"""50. ""My BMW 530e is a great compromise between performance and efficiency.""",bmw
"""1. ""Just took my new BMW 3 Series for a spin, love the sporty feel!""",bmw
"""2. ""BMW's iDrive system takes some getting used to, but it's worth it.""",bmw
"""3. ""My BMW 7 Series is a smooth ride, even on bumpy roads.""",bmw
"""4. ""BMW's M5 is a beast on the track, pure power and control.""",bmw
"""5. ""The new BMW design is sleek, it turns heads everywhere I go.""",bmw
"""6. ""BMW's E46 M3 is a classic, still one of the best drivers' cars.""",bmw
"""7. ""BMW's fuel efficiency has improved, my 328i gets great mileage.""",bmw
"""8. ""BMW's advanced driver assistance systems give me peace of mind.""",bmw
"""9. ""BMW's reliability is top-notch, haven't had any issues in years.""",bmw
"""10. ""BMW's maintenance costs are a bit steep, but worth it for the quality.""",bmw
"""11. ""BMW's xDrive system is perfect for harsh winters, keeps me safe on the road.""",bmw
"""12. ""BMW's i8 is a game-changer, a sports car that's also eco-friendly.""",bmw
"""13. ""BMW's 'Ultimate Driving Machine' tagline is spot on, love the handling.""",bmw
"""14. ""BMW's interior quality is excellent, feels like a luxury car.""",bmw
"""15. ""BMW's navigation system is top-notch, makes road trips a breeze.""",bmw
"""16. ""BMW's 2 Series is a great entry-level model, packed with features.""",bmw
"""17. ""BMW's customer service is excellent, always helpful and friendly.""",bmw
"""18. ""BMW's 5 Series is a business class staple, seen it in every airport.""",bmw
"""19. ""BMW's M Performance parts give my car that extra sporty edge.""",bmw
"""20. ""BMW's kidney grille design is iconic, but I wish it wasn't so big.""",bmw
"""21. ""BMW's 'Sheer Driving Pleasure' is exactly what I feel every time I drive.""",bmw
"""22. ""BMW's iX is a leap forward in electric vehicle technology.""",bmw
"""23. ""BMW's 4 Series has a beautiful design, love the coupe's sleek lines.""",bmw
"""24. ""BMW's 8 Series is a luxurious grand tourer, perfect for long drives.""",bmw
"""25. ""BMW's 1 Series is agile and fun to drive, a true driver's car.""",bmw
"""26. ""BMW's Z4 is a beautiful roadster, perfect for sunny days.""",bmw
"""27. ""BMW's 6 Series is a comfortable cruiser, great for long road trips.""",bmw
"""28. ""BMW's 3 Series is a classic, been driving them for years.""",bmw
"""29. ""BMW's new color options are stunning, I love my Sunset Orange 3 Series.""",bmw
"""30. ""BMW's 2 Series Gran Tourer is a practical family car, lots of space.""",bmw
"""31. ""BMW's 7 Series is a luxurious sedan, perfect for business travel.""",bmw
"""32. ""BMW's X5 is a powerful SUV, great for off-road adventures.""",bmw
"""33. ""BMW's 4 Series Gran Coupe is a stylish sedan, love the sporty look.""",bmw
"""34. ""BMW's X3 is a compact SUV with impressive performance.""",bmw
"""35. ""BMW's 8 Series Gran Coupe is a sleek, luxurious sedan.""",bmw
"""36. ""BMW's X6 is a powerful crossover, great for hauling gear.""",bmw
"""37. ""BMW's 2 Series Active Tourer is a practical, versatile hatchback.""",bmw
"""38. ""BMW's X7 is a luxurious, full-size SUV, perfect for big families.""",bmw
"""39. ""BMW's 3 Series Touring is a practical, sporty wagon.""",bmw
"""40. ""BMW's 8 Series Convertible is a luxurious, open-top cruiser.""",bmw
"""41. ""BMW's X2 is a stylish, compact SUV, great for city driving.""",bmw
"""42. ""BMW's 1 Series is a true driver's car, love the manual transmission.""",bmw
"""43. ""BMW's 6 Series Convertible is a beautiful, open-top grand tourer.""",bmw
"""44. ""BMW's X4 is a sleek, sporty crossover, great for everyday driving.""",bmw
"""45. ""BMW's 4 Series Convertible is a stylish, open-top coupe.""",bmw
"""46. ""BMW's X1 is a compact SUV with impressive performance.""",bmw
"""47. ""BMW's 7 Series is a luxurious, high-tech sedan.""",bmw
"""48. ""BMW's X5 M is a powerful, high-performance SUV.""",bmw
"""49. ""BMW's 5 Series is a business class staple, reliable and comfortable.""",bmw
"""50. ""BMW's 8 Series is a luxurious, high-performance sports car.""",bmw
"""1. ""BMW's M series delivers unmatched power on the track.""",bmw
"""2. ""My first BMW, an E30, was a classic I'll never forget.""",bmw
"""3. ""BMW's i8 is a plug-in hybrid that doesn't compromise on performance.""",bmw
"""4. ""The new 3 Series' handling is simply exquisite.""",bmw
"""5. ""BMW's kidney grille is iconic, but the size of the latest models is a bit much.""",bmw
"""6. ""I've had my BMW 7 Series for 10 years, and it's still a head-turner.""",bmw
"""7. ""BMW's infotainment system can be a bit confusing at first.""",bmw
"""8. ""The 5 Series' interior is a masterclass in luxury.""",bmw
"""9. ""BMW's reliability is top-notch, but the fuel economy could be better.""",bmw
"""10. ""I prefer the sleek look of BMW over other luxury brands.""",bmw
"""11. ""The BMW X5's off-road capabilities are impressive for an SUV.""",bmw
"""12. ""BMW's driving dynamics are why I keep coming back.""",bmw
"""13. ""The 2 Series Convertible is perfect for cruising with the top down.""",bmw
"""14. ""BMW's customer service left a lot to be desired when I had a problem.""",bmw
"""15. ""I've owned a BMW for 20 years, and it's always been my favorite.""",bmw
"""16. ""The 3 Series' agility makes it a joy to drive on winding roads.""",bmw
"""17. ""BMW's 'Ultimate Driving Machine' tagline is spot on.""",bmw
"""18. ""The 4 Series' design is too similar to the 3 Series for my taste.""",bmw
"""19. ""BMW's i3 is a great eco-friendly option without compromising performance.""",bmw
"""20. ""My BMW's resale value was excellent, even after 5 years.""",bmw
"""21. ""The 8 Series' interior is a bit too minimalist for my liking.""",bmw
"""22. ""BMW's M Performance models offer the perfect balance between luxury and sportiness.""",bmw
"""23. ""I've never had a problem with the reliability of my BMW.""",bmw
"""24. ""The new 2 Series Gran Coupe is a welcome addition to the lineup.""",bmw
"""25. ""BMW's advanced driver assistance systems are top-notch.""",bmw
"""26. ""I find BMW's marketing a bit pretentious at times.""",bmw
"""27. ""The 6 Series Gran Turismo's design is a bit too polarizing.""",bmw
"""28. ""BMW's 'Sheer Driving Pleasure' is truly what it's all about.""",bmw
"""29. ""The 1 Series' compact size makes it easy to navigate tight city streets.""",bmw
"""30. ""BMW's pricing can be a bit steep compared to competitors.""",bmw
"""31. ""I've always preferred the look of BMW over Audi or Mercedes.""",bmw
"""32. ""The 7 Series' interior feels like a luxury suite on wheels.""",bmw
"""33. ""BMW's iDrive system has improved significantly over the years.""",bmw
"""34. ""I've had my eye on a used BMW for my next car.""",bmw
"""35. ""The 5 Series' trunk space is impressive for a sedan.""",bmw
"""36. ""BMW's 'The Ultimate Driving Machine' commercials are iconic.""",bmw
"""37. ""I was disappointed with the 4 Series' lack of rear seat space.""",bmw
"""38. ""BMW's M3 is a true driver's car.""",bmw
"""39. ""The 2 Series' rear-wheel-drive dynamics are a joy.""",bmw
"""40. ""BMW's customer service was exceptional when I needed it.""",bmw
"""41. ""I prefer the look of the older BMW models over the newer ones.""",bmw
"""42. ""The 3 Series' manual transmission is a rare gem these days.""",bmw
"""43. ""BMW's iX is a compelling electric SUV option.""",bmw
"""44. ""The 8 Series' performance is impressive, but the price is steep.""",bmw
"""45. ""BMW's 'Joy' campaign resonates with me.""",bmw
"""46. ""I've had to replace too many parts on my BMW, it's been a bit of a money pit.""",bmw
"""47. ""The 7 Series' comfort is unmatched, but it's a bit too big for me.""",bmw
"""48. ""BMW's 'The Thrill is Real' campaign is spot on.""",bmw
"""49. ""I was skeptical about BMW's electric offerings, but the i8 changed my mind.""",bmw
"""50. ""BMW's maintenance costs are a bit steep, but the performance is worth it.""",bmw
"""1. ""I've always wanted a BMW, and now that I've got my 3 Series, I feel like I've made it.""",bmw
"""2. ""The new BMW i8 is a stunning blend of performance and eco-friendliness.""",bmw
"""3. ""My friend's BMW M5 is a beast on the track, but it's a bit too much for daily driving.""",bmw
"""4. ""BMW's infotainment system is intuitive and user-friendly, it's like having a personal assistant in my car.""",bmw
"""5. ""I've owned a BMW for 10 years, and it's still running smooth as ever.""",bmw
"""6. ""The BMW 7 Series' interior is luxurious, like a high-end hotel room on wheels.""",bmw
"""7. ""BMW's 'Ultimate Driving Machine' tagline is spot on, I've never felt more in control behind the wheel.""",bmw
"""8. ""BMW's EfficientDynamics feature has saved me a fortune in fuel costs.""",bmw
"""9. ""The new BMW X7 is a bit too flashy for my taste, I prefer the understated elegance of the 5 Series.""",bmw
"""10. ""I test drove a Mercedes and an Audi, but there's just something about the way a BMW drives that makes it my favorite.""",bmw
"""11. ""I'm a first-time BMW owner, and I must say, the power delivery is addictive.""",bmw
"""12. ""BMW's self-parking feature is a game-changer, it's like having an extra set of hands.""",bmw
"""13. ""The BMW 2 Series is a great entry-level option, it's like a little sports car that's practical too.""",bmw
"""14. ""BMW's controversial kidney grille design has grown on me, it's part of what makes a BMW a BMW.""",bmw
"""15. ""I've heard BMW maintenance can be pricey, but the reliability is worth it.""",bmw
"""16. ""The BMW X3 is perfect for my active lifestyle, it handles off-road like a champ.""",bmw
"""17. ""I'm in the market for a luxury sedan, but I'm not sure if BMW's prices are worth it.""",bmw
"""18. ""The BMW Z4 is a looks like a million bucks, but it drives like a dream too.""",bmw
"""19. ""My dad's old BMW 525i is a classic, I wish I could drive it everyday.""",bmw
"""20. ""BMW's color palette is always on point, I love the Sunset Orange on my M4.""",bmw
"""21. ""The BMW 8 Series is a head-turner, I've never had so many people compliment my car.""",bmw
"""22. ""I've had my BMW 7 Series for 5 years, and it still looks and drives like new.""",bmw
"""23. ""BMW's iPerformance line is impressive, but I'm not ready to go fully electric yet.""",bmw
"""24. ""I rented a BMW for a road trip, and it was the smoothest, most enjoyable ride I've ever had.""",bmw
"""25. ""BMW's competitive pricing is what made me choose it over an Audi or a Mercedes.""",bmw
"""26. ""The BMW 2 Series Gran Tourer is a practical family car that doesn't compromise on style.""",bmw
"""27. ""I've heard BMW's customer service is lacking, but my dealership has been great so far.""",bmw
"""28. ""The BMW 1 Series' compact size is perfect for city driving, I can't believe how well it maneuvers.""",bmw
"""29. ""I'm a skeptic when it comes to BMW's supposed 'ultimate driving machine' claim, but I must admit, my 4 Series is a blast to drive.""",bmw
"""30. ""BMW's navigation system always gets me where I need to go, even in unfamiliar areas.""",bmw
"""31. ""The BMW 6 Series Gran Coupe is a beautiful car, but it's too big for my garage.""",bmw
"""32. ""I test drove a Lexus and a BMW, and while they were both impressive, the BMW's handling was in a league of its own.""",bmw
"""33. ""I've heard BMW's build quality isn't what it used to be, but my 3 Series feels solid and well-made.""",bmw
"""34. ""The BMW X5 is a great SUV, but I wish it had more cargo space.""",bmw
"""35. ""I've owned a BMW for 20 years, and I've never felt the need to switch brands.""",bmw
"""36. ""BMW's sporty styling is what drew me to the brand, but it's the driving experience that keeps me loyal.""",bmw
"""37. ""My friend's BMW 750Li is a luxurious, comfortable ride, but it's a bit too expensive for me.""",bmw
"""38. ""I've had my BMW 530d for 3 years, and it's still as reliable as the day I bought it.""",bmw
"""39. ""BMW's ConnectedDrive services are a useful addition to my driving experience.""",bmw
"""40. ""I'm thinking of trading in my Honda for a BMW, but I'm worried about the higher insurance costs.""",bmw
"""41. ""The BMW 8 Series Convertible is a beautiful car, but I'm not sure I need a convertible.""",bmw
"""42. ""BMW's M Performance models strike the perfect balance between comfort and sportiness.""",bmw
"""43. ""I've heard BMW's interiors can feel a bit bland, but I love the minimalist design of my 2 Series.""",bmw
"""44. ""The BMW M8 is a monster on the track, but it's a bit too much for my daily commute.""",bmw
"""45. ""BMW's 'Sheer Driving Pleasure' slogan is exactly what I experience every time I get behind the wheel.""",bmw
"""46. ""I'm a first-time BMW buyer, and I'm impressed with the quality of the materials in my 1 Series.""",bmw
"""47. ""BMW's driver assistance features make long drives a breeze.""",bmw
"""48. ""I've heard BMW's reliability isn't the best, but my 6 Series has never given me any issues.""",bmw
"""49. ""I'm a BMW fan, but I must admit, the new grille design is a bit too polarizing for my taste.""",bmw
"""50. ""BMW's commitment to innovation is what keeps me excited about the brand.""",bmw
"""First time behind the wheel of a BMW M3, and I'm already addicted to that engine roar.""",bmw
"""BMW's iDrive system took me a while to get used to, but now I wouldn't trade it for anything.""",bmw
"""The BMW 7 Series' interior is like a luxury hotel room on wheels.""",bmw
"""Braking hard in my BMW 3 Series? No problem, thanks to those powerful brakes.""",bmw
"""BMW's EfficientDynamics sure is making my 5 Series easy on the gas.""",bmw
"""Caught in a rainstorm? My BMW X5's grip is keeping us safe and secure.""",bmw
"""BMW's kidney grille design is iconic, but it's grown a bit too big for my taste.""",bmw
"""Traded in my Mercedes for a BMW 4 Series - loving the driver-focused cockpit.""",bmw
"""My BMW 2 Series is perfect for city driving, so agile and compact.""",bmw
"""BMW's advanced safety features give me peace of mind on long road trips.""",bmw
"""BMW's reliability has been questionable in my experience, unfortunately.""",bmw
"""Between BMW and Audi, I'll take the latter's interior quality any day.""",bmw
"""As a first-time BMW owner, I'm blown away by the performance of my 330i.""",bmw
"""BMW's MINI is a fun, zippy little car that puts a smile on my face.""",bmw
"""BMW's Apple CarPlay integration is finally here, and it's a game-changer.""",bmw
"""The BMW Z4's roadster design is stunning, but the backseat space is non-existent.""",bmw
"""BMW's hybrid technology is impressive, but the plug-in options are pricey.""",bmw
"""BMW's driver assistance systems are top-notch, but they can be a bit intrusive.""",bmw
"""My BMW 7 Series' massage seats are pure luxury on long drives.""",bmw
"""BMW's marketing has me convinced, time to test drive a 5 Series.""",bmw
"""BMW's M Performance parts give my 3 Series a sporty edge without breaking the bank.""",bmw
"""BMW's electric future excites me, but I'm not ready to give up my beloved 530d just yet.""",bmw
"""The BMW 8 Series' design is polarizing, but I love it.""",bmw
"""BMW's customer service left a lot to be desired when my 7 Series had issues.""",bmw
"""BMW's infotainment system is intuitive and packed with features.""",bmw
"""My BMW X3 handles snow better than my old Subaru.""",bmw
"""BMW's driver-focused philosophy is amazing, but sometimes I wish for more passenger comfort.""",bmw
"""BMW's color palette is always on point, loving the misano blue on my M4.""",bmw
"""BMW's price tags can be steep, but the build quality is top-notch.""",bmw
"""BMW's xDrive all-wheel-drive system is a must-have in my book.""",bmw
"""BMW's reliability ratings are improving, but there's still work to be done.""",bmw
"""My BMW 2 Series Convertible is perfect for cruising along the coast.""",bmw
"""BMW's i8 is a thing of beauty, but it's not practical for daily driving.""",bmw
"""BMW's motorcycles are just as impressive as their cars.""",bmw
"""BMW's navigation system is accurate and easy to use.""",bmw
"""My BMW 6 Series' coupe design turns heads everywhere I go.""",bmw
""". ""I've just test-driven the BMW 3 Series, and it's a whole new world of precision.""",bmw
"""2. ""BMW's i8 is a sports car that doesn't need to apologize for its eco-friendliness.""",bmw
"""3. ""My BMW 7 Series is like driving a luxury suite on wheels.""",bmw
"""4. ""BMW's M5 Competition is the ultimate sleeper car.""",bmw
"""5. ""The BMW X5's off-road capabilities are surprisingly impressive.""",bmw
"""6. ""I've never seen a BMW that didn't turn heads.""",bmw
"""7. ""BMW's EfficientDynamics is making my wallet happier.""",bmw
"""8. ""The new BMW 8 Series is a stunning blend of power and elegance.""",bmw
"""9. ""I can't believe how well my BMW 2 Series handles in snow, thanks to xDrive.""",bmw
"""10. ""BMW's interior design is always a step above the rest.""",bmw
"""11. ""My BMW 1 Series is agile and fun, like a go-kart for grown-ups.""",bmw
"""12. ""BMW's 'Sheer Driving Pleasure' is not just a slogan, it's a promise.""",bmw
"""13. ""The BMW 5 Series' M Sport package is worth every penny.""",bmw
"""14. ""BMW's i3 is proof that electric cars can be exciting.""",bmw
"""15. ""I've owned several BMWs, and the build quality never disappoints.""",bmw
"""16. ""BMW's navigation system is intuitive and user-friendly.""",bmw
"""17. ""The BMW Z4's roadster charm is undeniable.""",bmw
"""18. ""BMW's maintenance costs are a bit steep for me, but the driving experience is worth it.""",bmw
"""19. ""I'm not a car guy, but even I can appreciate a well-designed BMW.""",bmw
"""20. ""BMW's advanced driver assistance systems make city driving a breeze.""",bmw
"""21. ""The BMW X3's interior is spacious and luxurious, like a small SUV shouldn't be.""",bmw
"""22. ""BMW's M Performance models are the perfect blend of luxury and sportiness.""",bmw
"""23. ""I've never felt safer on the road than in my BMW 3 Series.""",bmw
"""24. ""BMW's kidney grille is an iconic symbol of luxury and performance.""",bmw
"""25. ""The BMW 4 Series Gran Coupe is a four-door sports car, and it's glorious.""",bmw
"""26. ""I've never understood the hype around BMWs, until I drove one.""",bmw
"""27. ""BMW's color options are always spot-on, especially the San Remo Green.""",bmw
"""28. ""The BMW 6 Series Gran Turismo is a car that does everything well.""",bmw
"""29. ""BMW's driving dynamics are second to none, even compared to Audis and Mercs.""",bmw
"""30. ""I'm a skeptic, but BMW's plug-in hybrid technology is impressive.""",bmw
"""31. ""The BMW 2 Series Convertible is the perfect car for sunny days.""",bmw
"""32. ""BMW's 'Ultimate Driving Machine' tagline is more than just marketing.""",bmw
"""33. ""I can't wait to get my hands on the new BMW M3 Competition Package.""",bmw
"""34. ""BMW's iNext concept car is a glimpse into the future of driving.""",bmw
"""35. ""The BMW 1 Series' agility makes it a joy to drive in the city.""",bmw
"""36. ""BMW's 3 Series is the gold standard for compact luxury cars.""",bmw
"""37. ""I've always preferred the handling of BMWs over other German brands.""",bmw
"""38. ""BMW's 'Iconic Lights' are a beautiful touch, both inside and out.""",bmw
"""39. ""The BMW 5 Series' M Sport seats are incredibly comfortable and supportive.""",bmw
"""40. ""BMW's 'Sheer Pleasure' is more than just a marketing slogan, it's an experience.""",bmw
"""41. ""I've never owned a BMW, but I've always wanted to.""",bmw
"""42. ""BMW's i8 is a supercar that doesn't need a supercar price tag.""",bmw
"""43. ""The BMW 7 Series' interior is a masterclass in luxury and technology.""",bmw
"""44. ""BMW's 'Eco' models prove that you don't need to compromise on performance for efficiency.""",bmw
"""45. ""I'm a first-time BMW buyer, and I'm already impressed.""",bmw
"""46. ""BMW's M Performance parts add a touch of sportiness to any model.""",bmw
"""47. ""The BMW X7 is a luxury SUV that doesn't sacrifice performance.""",bmw
"""48. ""BMW's driving experience is something every car enthusiast should try.""",bmw
"""49. ""I've owned several BMWs, and each one has been a step above the last.""",bmw
"""50. ""BMW's 'Joy of Driving' is not just a tagline, it's a reality.""",bmw
""". ""I've just test-driven the BMW 3 Series, and it's a whole new world of precision.""",bmw
"""2. ""BMW's i8 is a sports car that doesn't need to apologize for its eco-friendliness.""",bmw
"""3. ""My BMW 7 Series is like driving a luxury suite on wheels.""",bmw
"""4. ""BMW's M5 Competition is the ultimate sleeper car.""",bmw
"""5. ""The BMW X5's off-road capabilities are surprisingly impressive.""",bmw
"""6. ""I've never seen a BMW that didn't turn heads.""",bmw
"""7. ""BMW's EfficientDynamics is making my wallet happier.""",bmw
"""8. ""The new BMW 8 Series is a stunning blend of power and elegance.""",bmw
"""9. ""I can't believe how well my BMW 2 Series handles in snow, thanks to xDrive.""",bmw
"""10. ""BMW's interior design is always a step above the rest.""",bmw
"""11. ""My BMW 1 Series is agile and fun, like a go-kart for grown-ups.""",bmw
"""12. ""BMW's 'Sheer Driving Pleasure' is not just a slogan, it's a promise.""",bmw
"""13. ""The BMW 5 Series' M Sport package is worth every penny.""",bmw
"""14. ""BMW's i3 is proof that electric cars can be exciting.""",bmw
"""15. ""I've owned several BMWs, and the build quality never disappoints.""",bmw
"""16. ""BMW's navigation system is intuitive and user-friendly.""",bmw
"""17. ""The BMW Z4's roadster charm is undeniable.""",bmw
"""18. ""BMW's maintenance costs are a bit steep for me, but the driving experience is worth it.""",bmw
"""19. ""I'm not a car guy, but even I can appreciate a well-designed BMW.""",bmw
"""20. ""BMW's advanced driver assistance systems make city driving a breeze.""",bmw
"""21. ""The BMW X3's interior is spacious and luxurious, like a small SUV shouldn't be.""",bmw
"""22. ""BMW's M Performance models are the perfect blend of luxury and sportiness.""",bmw
"""23. ""I've never felt safer on the road than in my BMW 3 Series.""",bmw
"""24. ""BMW's kidney grille is an iconic symbol of luxury and performance.""",bmw
"""25. ""The BMW 4 Series Gran Coupe is a four-door sports car, and it's glorious.""",bmw
"""26. ""I've never understood the hype around BMWs, until I drove one.""",bmw
"""27. ""BMW's color options are always spot-on, especially the San Remo Green.""",bmw
"""28. ""The BMW 6 Series Gran Turismo is a car that does everything well.""",bmw
"""29. ""BMW's driving dynamics are second to none, even compared to Audis and Mercs.""",bmw
"""30. ""I'm a skeptic, but BMW's plug-in hybrid technology is impressive.""",bmw
"""31. ""The BMW 2 Series Convertible is the perfect car for sunny days.""",bmw
"""32. ""BMW's 'Ultimate Driving Machine' tagline is more than just marketing.""",bmw
"""33. ""I can't wait to get my hands on the new BMW M3 Competition Package.""",bmw
"""34. ""BMW's iNext concept car is a glimpse into the future of driving.""",bmw
"""35. ""The BMW 1 Series' agility makes it a joy to drive in the city.""",bmw
"""36. ""BMW's 3 Series is the gold standard for compact luxury cars.""",bmw
"""37. ""I've always preferred the handling of BMWs over other German brands.""",bmw
"""38. ""BMW's 'Iconic Lights' are a beautiful touch, both inside and out.""",bmw
"""39. ""The BMW 5 Series' M Sport seats are incredibly comfortable and supportive.""",bmw
"""40. ""BMW's 'Sheer Pleasure' is more than just a marketing slogan, it's an experience.""",bmw
"""41. ""I've never owned a BMW, but I've always wanted to.""",bmw
"""42. ""BMW's i8 is a supercar that doesn't need a supercar price tag.""",bmw
"""43. ""The BMW 7 Series' interior is a masterclass in luxury and technology.""",bmw
"""44. ""BMW's 'Eco' models prove that you don't need to compromise on performance for efficiency.""",bmw
"""45. ""I'm a first-time BMW buyer, and I'm already impressed.""",bmw
"""46. ""BMW's M Performance parts add a touch of sportiness to any model.""",bmw
"""47. ""The BMW X7 is a luxury SUV that doesn't sacrifice performance.""",bmw
"""48. ""BMW's driving experience is something every car enthusiast should try.""",bmw
"""49. ""I've owned several BMWs, and each one has been a step above the last.""",bmw
"""50. ""BMW's 'Joy of Driving' is not just a tagline, it's a reality.""",bmw
"""1. ""Just took my new 3 Series for a spin, and the M Sport suspension is a game-changer!""",bmw
"""2. ""BMW's iDrive system still takes some getting used to, but once you do, it's incredibly intuitive.""",bmw
"""3. ""The BMW 7 Series' interior is as luxurious as you'd expect from a car in this class.""",bmw
"""4. ""I've had my E30 for 20 years, and it still turns heads – there's something timeless about its design.""",bmw
"""5. ""BMW's reputation for handling is well-deserved; my 2 Series is agile and responsive.""",bmw
"""6. ""The M8 Competition is a beast on the track, but it's surprisingly comfortable on the daily commute.""",bmw
"""7. ""BMW's electric range, the i3, is a joy to drive, but the range anxiety is real.""",bmw
"""8. ""The X5's off-road capabilities are impressive, but it's the sheer practicality that's won me over.""",bmw
"""9. ""I'm a lifelong Mercedes guy, but my first BMW, the 4 Series, has me reconsidering.""",bmw
"""10. ""My wife loves her MINI Cooper, but I still prefer the classic BMW driving experience.""",bmw
"""11. ""BMW's driver-focused approach is evident in every aspect of the 8 Series.""",bmw
"""12. ""The 5 Series' adaptive cruise control is a lifesaver in heavy traffic.""",bmw
"""13. ""BMW's 'Ultimate Driving Machine' tagline is more than just a marketing slogan.""",bmw
"""14. ""The 1 Series' rear-wheel drive dynamics are a breath of fresh air in this segment.""",bmw
"""15. ""BMW's color palettes are always spot-on; my M4 in Sanremo Green is stunning.""",bmw
"""16. ""The Z4's roadster charm is undeniable, but it's not as practical as I'd hoped.""",bmw
"""17. ""I've always preferred German engines, but the BMW's fuel economy leaves something to be desired.""",bmw
"""18. ""The 3 Series' 'clown shoe' styling is a departure from classic BMW design, but it grows on you.""",bmw
"""19. ""BMW's active safety features have me feeling more secure on the road.""",bmw
"""20. ""The 7 Series' laser headlights are a neat party trick, but they haven't significantly improved my nighttime driving.""",bmw
"""21. ""My first BMW, a used 5 Series, was a revelation; it's made me a convert.""",bmw
"""22. ""BMW's infotainment system is a vast improvement over my old Audi's.""",bmw
"""23. ""The M5's power delivery is insane, but it's the chassis balance that's truly impressive.""",bmw
"""24. ""BMW's build quality is top-notch, but the iDrive controller could be more durable.""",bmw
"""25. ""I've never been drawn to BMWs, but the new 2 Series Gran Coupe has caught my eye.""",bmw
"""26. ""The 6 Series' grand touring credentials are unmatched, but it's the comfort that keeps me coming back.""",bmw
"""27. ""BMW's sporty seats are great for spirited driving, but they could be more comfortable on long journeys.""",bmw
"""28. ""The X3's interior feels more premium than its price tag suggests.""",bmw
"""29. ""BMW's customer service has been excellent; they've sorted out a few minor issues quickly.""",bmw
"""30. ""I've had my eye on a BMW for years, but the high insurance premiums have put me off.""",bmw
"""31. ""The 4 Series' coupe styling is gorgeous, but the practicality is lacking.""",bmw
"""32. ""BMW's navigation system is reliable, but the voice recognition could be better.""",bmw
"""33. ""The 3 Series' agility is impressive, but it's the precision of the steering that's truly remarkable.""",bmw
"""34. ""BMW's aftermarket support is excellent; there's no shortage of performance upgrades for the M3.""",bmw
"""35. ""The 5 Series' ride comfort is exceptional, but the optional air suspension is a must.""",bmw
"""36. ""BMW's iPerformance range is a step in the right direction, but they still lack the range of dedicated electric vehicles.""",bmw
"""37. ""The X1's practicality is impressive, but the ride can be firm at times.""",bmw
"""38. ""I've never been a fan of BMW's kidney grill design, but the new 4 Series looks great.""",bmw
"""39. ""BMW's warranty coverage is comprehensive, but the service plans are expensive.""",bmw
"""40. ""The 2 Series is a hoot to drive, but the rear seats are cramped for taller passengers.""",bmw
"""41. ""BMW's M Performance parts add a touch of sportiness to the regular models, but they're pricey.""",bmw
"""42. ""The 7 Series' gesture control system is a gimmick, but it's a fun one.""",bmw
"""43. ""BMW's autonomous driving features are impressive, but I'm not ready to hand over control just yet.""",bmw
"""44. ""The M2's compact dimensions make it a joy to drive in the city, but parking sensors are a must.""",bmw
"""45. ""BMW's new plug-in hybrids are a step in the right direction, but the battery range is still lacking.""",bmw
"""46. ""I've owned a BMW for years, and the depreciation has been brutal.""",bmw
"""47. ""The 6 Series Convertible's roof mechanism is smooth and quick, but the wind noise at high speeds is noticeable.""",bmw
"""48. ""BMW's recent models feel less driver-focused than their predecessors, but they're still engaging to drive.""",bmw
"""49. ""The i8 is a stunning piece of design, but its practicality is severely limited.""",bmw
"""50. ""BMW's reputation for reliability is well-deserved, but the maintenance costs can add up.""",bmw
""". ""I've just test-driven the BMW 3 Series, and it's a whole new world of precision.""",bmw
"""2. ""BMW's i8 is a sports car that doesn't need to apologize for its eco-friendliness.""",bmw
"""3. ""My BMW 7 Series is like driving a luxury suite on wheels.""",bmw
"""4. ""BMW's M5 Competition is the ultimate sleeper car.""",bmw
"""5. ""The BMW X5's off-road capabilities are surprisingly impressive.""",bmw
"""6. ""I've never seen a BMW that didn't turn heads.""",bmw
"""7. ""BMW's EfficientDynamics is making my wallet happier.""",bmw
"""8. ""The new BMW 8 Series is a stunning blend of power and elegance.""",bmw
"""9. ""I can't believe how well my BMW 2 Series handles in snow, thanks to xDrive.""",bmw
"""10. ""BMW's interior design is always a step above the rest.""",bmw
"""11. ""My BMW 1 Series is agile and fun, like a go-kart for grown-ups.""",bmw
"""12. ""BMW's 'Sheer Driving Pleasure' is not just a slogan, it's a promise.""",bmw
"""13. ""The BMW 5 Series' M Sport package is worth every penny.""",bmw
"""14. ""BMW's i3 is proof that electric cars can be exciting.""",bmw
"""15. ""I've owned several BMWs, and the build quality never disappoints.""",bmw
"""16. ""BMW's navigation system is intuitive and user-friendly.""",bmw
"""17. ""The BMW Z4's roadster charm is undeniable.""",bmw
"""18. ""BMW's maintenance costs are a bit steep for me, but the driving experience is worth it.""",bmw
"""19. ""I'm not a car guy, but even I can appreciate a well-designed BMW.""",bmw
"""20. ""BMW's advanced driver assistance systems make city driving a breeze.""",bmw
"""21. ""The BMW X3's interior is spacious and luxurious, like a small SUV shouldn't be.""",bmw
"""22. ""BMW's M Performance models are the perfect blend of luxury and sportiness.""",bmw
"""23. ""I've never felt safer on the road than in my BMW 3 Series.""",bmw
"""24. ""BMW's kidney grille is an iconic symbol of luxury and performance.""",bmw
"""25. ""The BMW 4 Series Gran Coupe is a four-door sports car, and it's glorious.""",bmw
"""26. ""I've never understood the hype around BMWs, until I drove one.""",bmw
"""27. ""BMW's color options are always spot-on, especially the San Remo Green.""",bmw
"""28. ""The BMW 6 Series Gran Turismo is a car that does everything well.""",bmw
"""29. ""BMW's driving dynamics are second to none, even compared to Audis and Mercs.""",bmw
"""30. ""I'm a skeptic, but BMW's plug-in hybrid technology is impressive.""",bmw
"""31. ""The BMW 2 Series Convertible is the perfect car for sunny days.""",bmw
"""32. ""BMW's 'Ultimate Driving Machine' tagline is more than just marketing.""",bmw
"""33. ""I can't wait to get my hands on the new BMW M3 Competition Package.""",bmw
"""34. ""BMW's iNext concept car is a glimpse into the future of driving.""",bmw
"""35. ""The BMW 1 Series' agility makes it a joy to drive in the city.""",bmw
"""36. ""BMW's 3 Series is the gold standard for compact luxury cars.""",bmw
"""37. ""I've always preferred the handling of BMWs over other German brands.""",bmw
"""38. ""BMW's 'Iconic Lights' are a beautiful touch, both inside and out.""",bmw
"""39. ""The BMW 5 Series' M Sport seats are incredibly comfortable and supportive.""",bmw
"""40. ""BMW's 'Sheer Pleasure' is more than just a marketing slogan, it's an experience.""",bmw
"""41. ""I've never owned a BMW, but I've always wanted to.""",bmw
"""42. ""BMW's i8 is a supercar that doesn't need a supercar price tag.""",bmw
"""43. ""The BMW 7 Series' interior is a masterclass in luxury and technology.""",bmw
"""44. ""BMW's 'Eco' models prove that you don't need to compromise on performance for efficiency.""",bmw
"""45. ""I'm a first-time BMW buyer, and I'm already impressed.""",bmw
"""46. ""BMW's M Performance parts add a touch of sportiness to any model.""",bmw
"""47. ""The BMW X7 is a luxury SUV that doesn't sacrifice performance.""",bmw
"""48. ""BMW's driving experience is something every car enthusiast should try.""",bmw
"""49. ""I've owned several BMWs, and each one has been a step above the last.""",bmw
"""50. ""BMW's 'Joy of Driving' is not just a tagline, it's a reality.""",bmw
"""1. ""Just floored it in my new M5, engine roar was music to my ears.""",bmw
"""2. ""BMW's iDrive system took me a while to get used to, but now I couldn't live without it.""",bmw
"""3. ""My first car was a BMW 3 Series, and it's been a love affair ever since.""",bmw
"""4. ""The new 7 Series' design is a bit too flashy for my taste.""",bmw
"""5. ""BMW's 'Ultimate Driving Machine' tagline isn't just marketing, it's real.""",bmw
"""6. ""I've had my E46 M3 for over a decade, and it still turns heads.""",bmw
"""7. ""BMW's infotainment system could use a bit more user-friendly design.""",bmw
"""8. ""The electric i8 is a game-changer, performance without compromise.""",bmw
"""9. ""BMW's reliability has improved over the years, but maintenance costs are still high.""",bmw
"""10. ""Cornering in my 2 Series feels like I'm on rails.""",bmw
"""11. ""BMW's driver assistance tech is impressive, but I prefer keeping my hands on the wheel.""",bmw
"""12. ""I'll never understand the hype around BMWs, they're overrated.""",bmw
"""13. ""The new 4 Series' kidney grille is a bit too large for my liking.""",bmw
"""14. ""My BMW X5 handles like a dream, despite its size.""",bmw
"""15. ""BMW's M Performance parts are worth every penny for that extra sportiness.""",bmw
"""16. ""BMW's diesel engines are efficient, but the noise is a deal-breaker for me.""",bmw
"""17. ""I test-drove a Porsche and a BMW, the Porsche was faster, but the BMW was more fun.""",bmw
"""18. ""BMW's build quality feels solid, like a well-crafted watch.""",bmw
"""19. ""The BMW Z4's roof-down driving experience is unbeatable.""",bmw
"""20. ""BMW's color palette could use more vibrant options.""",bmw
"""21. ""I've never understood the appeal of BMW's 'Bangle Butt' design.""",bmw
"""22. ""The 8 Series' interior is a luxurious sanctuary from the outside world.""",bmw
"""23. ""My first BMW was a 535i, and it was love at first drive.""",bmw
"""24. ""BMW's fuel economy isn't the best, but it's not a deal-breaker for me.""",bmw
"""25. ""I traded in my Audi for a BMW, and I've never looked back.""",bmw
"""26. ""The new BMW 2 Series Gran Coupe's rear seats are a tight fit.""",bmw
"""27. ""BMW's subscription-based ownership model is intriguing, but I prefer buying.""",bmw
"""28. ""My neighbor's BMW M6 sounds like a jet taking off.""",bmw
"""29. ""BMW's automatic transmission could use smoother shifting.""",bmw
"""30. ""I've owned a BMW, a Mercedes, and an Audi, and BMW's still my favorite.""",bmw
"""31. ""BMW's iPerformance models are a great entry into electric driving.""",bmw
"""32. ""The 3 Series' 'Hoffmeister kink' is an iconic design touch.""",bmw
"""33. ""BMW's customer service has improved, but there's still room for growth.""",bmw
"""34. ""I'd choose a BMW over an Audi any day, they just feel more driver-focused.""",bmw
"""35. ""The BMW 7 Series' air suspension is pure magic on rough roads.""",bmw
"""36. ""BMW's M division consistently delivers on performance and handling.""",bmw
"""37. ""I'm not a fan of BMW's trend towards larger grilles.""",bmw
"""38. ""The BMW X3's interior feels a bit cramped for its size.""",bmw
"""39. ""BMW's MINI brand has lost some of its original charm.""",bmw
"""40. ""Driving a BMW feels like you're part of an exclusive club.""",bmw
"""41. ""BMW's Project iNext promises an exciting future for the brand.""",bmw
"""42. ""The BMW M850i's engine note is pure symphony.""",bmw
"""43. ""I've heard BMW's quality control can be inconsistent, fingers crossed on my next one.""",bmw
"""44. ""BMW's driving experiences at the track are unmatched.""",bmw
"""45. ""The BMW 2 Series Active Tourer's space and practicality aren't typical BMW strengths.""",bmw
"""46. ""BMW's 'Sheer Driving Pleasure' is more than just a tagline, it's an experience.""",bmw
"""47. ""I traded my BMW for a Lexus, the reliability was too tempting to resist.""",bmw
"""48. ""BMW's 'blue' is the best color for any of their cars.""",bmw
"""49. ""The BMW 3 Series' rear-wheel-drive dynamics are a joy to experience.""",bmw
"""50. ""BMW's charging infrastructure needs to improve for wider i3/i8 adoption.""",bmw
"""First time behind the wheel of a BMW, and the precision of the steering is addictive.""",bmw
"""The kidney grille on the new 7 Series is a bold statement, love it or hate it.""",bmw
"""My BMW M3 sounds like a symphony on the open road.""",bmw
"""BMW's iDrive system took some getting used to, but now I couldn't live without it.""",bmw
"""The BMW 3 Series is the gold standard for sport sedans, or so they say.""",bmw
"""I've owned a BMW for years, and the build quality is still impressive.""",bmw
"""BMW's EfficientDynamics helps my 335i maintain great MPG, a pleasant surprise.""",bmw
"""Comparing the BMW X5 to the Mercedes GLE? It's a tough call.""",bmw
"""The 'Bangle Butt' design on my 2003 7 Series always turns heads.""",bmw
"""My friend's BMW 5 Series has a backseat more comfortable than my couch.""",bmw
"""BMW's driver-focused philosophy is clear in every model.""",bmw
"""The price of BMW parts has me considering used this time around.""",bmw
"""BMW's 'Ultimate Driving Machine' slogan lives up to the hype in my 2 Series.""",bmw
"""The BMW i8's futuristic design is still stunning, even after years on the market.""",bmw
"""BMW's reliability ratings don't quite match up to Japanese brands, but the driving experience is unmatched.""",bmw
"""The M2 is a sleeper car that can keep up with much pricier performance vehicles.""",bmw
"""The BMW 4 Series convertible is my guilty pleasure on sunny days.""",bmw
"""BMW's color palette is always on point, I swear by my Alpine White 3 Series.""",bmw
"""The rise of SUVs like the BMW X3 has been impressive, but I prefer the classic coupes.""",bmw
"""My dad's old BMW 2002 is still a classic, even after all these years.""",bmw
"""BMW's adaptive suspension made my commute bearable, if not enjoyable.""",bmw
"""The BMW 8 Series Grand Coupe is a luxurious, powerful beast.""",bmw
"""The 'BMW snob' stereotype is a bit tiring, but I can't deny the allure of the brand.""",bmw
"""My partner's BMW 5 Series has more tech features than our living room.""",bmw
"""The styling of the BMW Z4 has grown on me, it's not as polarizing as I first thought.""",bmw
"""BMW's service center prices are steep, but the level of care is top-notch.""",bmw
"""The M5's power delivery is smooth, but the Audi RS7 has more brute force.""",bmw
"""My first BMW was a game-changer, now I can't imagine driving anything else.""",bmw
"""The 2 Series Gran Coupe is a bit too similar to the 4 Series for my taste.""",bmw
"""BMW's subscription service for older models is a intriguing idea.""",bmw
"""The interior of the BMW X7 is like a luxury apartment on wheels.""",bmw
"""BMW's autonomous driving tech is impressive, but I'm not ready to let go of the wheel yet.""",bmw
"""The BMW 3 Series Touring is a practical dream, shame it's not available in the US.""",bmw
"""My friend's BMW 5 Series has more personality than my previous Honda.""",bmw
"""BMW's MINI lineup is a cute, quirky alternative to the main series.""",bmw
"""The BMW 7 Series' massage seats are a godsend after a long day at work.""",bmw
"""BMW's electric iX is a stunning piece of design, but I'm waiting for more range.""",bmw
"""The 8 Series Cabriolet is a head-turner, but the soft-top makes it less practical.""",bmw
"""My BMW 2 Series feels like a go-kart, pure fun on winding roads.""",bmw
"""BMW's marketing has me convinced I need an M model, but my budget says otherwise.""",bmw
"""The BMW 6 Series Gran Coupe is a sleek, elegant beast that's a bit too flashy for me.""",bmw
"""The BMW 5 Series' night vision is a nifty feature, but I'm not sure it's necessary.""",bmw
"""My neighbor's BMW 4 Series is always spotless, they take pride in their ride.""",bmw
"""BMW's performance driving schools are on my bucket list.""",bmw
"""The BMW 3 Series' infotainment system is intuitive, but the screen size could be larger.""",bmw
"""My stepdad's old BMW 5 Series had character, but it was a money pit in the end.""",bmw
"""BMW's plug-in hybrids are a great stepping stone to full electric vehicles.""",bmw
"""The BMW X6's styling is controversial, but it's grown on me over time.""",bmw
"""My BMW 1 Series is agile, but the backseat is a tight squeeze.""",bmw
"""BMW's subscription service for classic models is a tempting way to try before you buy.""",bmw
"""The BMW 2 Series Active Tourer is practical, but it lacks the sporty feel of other BMWs.""",bmw
"""My colleague's BMW 7 Series is a mobile office, complete with a built-in tablet.""",bmw
"""BMW's M Performance parts give my 3 Series a sporty edge without breaking the bank.""",bmw
"""The BMW 5 Series' head-up display is a useful feature I can't live without.""",bmw
"""My friend's BMW 8 Series has a luxurious interior that's a bit too formal for my taste.""",bmw
"""BMW's electric i3 is a charming city car, but it's not practical for long road trips.""",bmw
"""The BMW X1's compact size makes it easy to park, but it feels cramped on long drives.""",bmw
"""My wife's BMW 2 Series Convertible is a fun, breezy ride, but it's impractical in the rain.""",bmw
"""BMW's virtual assistant is handy, but it's not as intuitive as Siri or Alexa.""",bmw
"""My BMW 6 Series Coupe is a gorgeous car, but the backseat is virtually unusable.""",bmw
"""BMW's service centers are always busy, but the expertise is worth the wait.""",bmw
"""1. ""I've finally got my hands on a BMW M3, and the power delivery is insane!""",bmw
"""2. ""My 2 Series Convertible turns heads everywhere we go.""",bmw
"""3. ""BMW's iDrive system takes some getting used to, but it's intuitive once you do.""",bmw
"""4. ""The 7 Series' rear-seat entertainment system is a game-changer for long road trips with the kids.""",bmw
"""5. ""I've had my E90 for a decade, and it still feels like a solid, reliable ride.""",bmw
"""6. ""BMW's design language is timeless, but I wish they'd bring back the classic kidney grille.""",bmw
"""7. ""The 3 Series' agility makes it a joy to drive on winding roads.""",bmw
"""8. ""BMW's hybrid tech is impressive, but the pricing is steep compared to other luxury brands.""",bmw
"""9. ""I traded in my old Mercedes for a new BMW 8 Series - what a difference!""",bmw
"""10. ""BMW's MINI Cooper is a fun, zippy city car, but the back seats are a squeeze for taller passengers.""",bmw
"""11. ""The X5's off-road capabilities are surprisingly good for an SUV.""",bmw
"""12. ""My partner swears by the i8's performance, but I find it a bit too futuristic for my taste.""",bmw
"""13. ""BMW's color palette is always on point, but I'm a bit tired of the 'BMW blue'.""",bmw
"""14. ""The 5 Series' interior is a masterclass in luxury and efficiency.""",bmw
"""15. ""I've been a dedicated BMW owner for years, but the latest models feel too focused on tech and not enough on driver engagement.""",bmw
"""16. ""The 4 Series' 'Hofmeister kink' is a classic design touch that never gets old.""",bmw
"""17. ""BMW's 'Ultimate Driving Machine' tagline is cheesy, but it's true.""",bmw
"""18. ""I test-drove a Porsche Boxster and a BMW Z4, and the BMW won me over with its comfort and practicality.""",bmw
"""19. ""BMW's customer service has been exceptional throughout my ownership experience.""",bmw
"""20. ""The 6 Series Gran Coupe is a beautiful car, but I find the rear visibility a bit lacking.""",bmw
"""21. ""BMW's subscription-based car ownership model is intriguing, but I prefer the traditional route.""",bmw
"""22. ""The iX's interior design is sleek and modern, but the buttons are a bit too minimalistic for my liking.""",bmw
"""23. ""I've always preferred BMW's handling over Audi's, but their engines? Audi has the edge.""",bmw
"""24. ""The 2 Series Gran Tourer is a practical family car, but it lacks the sportiness I expect from a BMW.""",bmw
"""25. ""BMW's infotainment system is top-notch, but the voice recognition could be more intuitive.""",bmw
"""26. ""The Z4's roof mechanism is quick and smooth, making it a joy to drop the top on a sunny day.""",bmw
"""27. ""BMW's M Performance parts give my 3 Series a sporty edge without breaking the bank.""",bmw
"""28. ""I've been a lifelong Mercedes fan, but my first drive in a BMW has me considering a switch.""",bmw
"""29. ""The 7 Series' massage seats are incredible, but they're a costly option.""",bmw
"""30. ""BMW's 'The Joy of Driving' campaign resonates with me, but I wish they'd focus more on the driving experience than the tech.""",bmw
"""31. ""The X3's interior is spacious and well-built, but the ride can be a bit firm for daily commuting.""",bmw
"""32. ""BMW's 'pure' driving modes are a great feature, but I rarely use anything other than 'Comfort'.""",bmw
"""33. ""I've had my eye on a BMW for years, but the initial cost is a bit daunting.""",bmw
"""34. ""The 1 Series' rear-wheel-drive dynamics are fantastic, but the lack of all-wheel-drive is a deal-breaker for me in harsh winters.""",bmw
"""35. ""BMW's collaboration with Apple CarPlay is seamless, but I wish they'd include Android Auto as well.""",bmw
"""36. ""The 8 Series' night vision system is a neat feature, but I'm not sure it's worth the extra cost.""",bmw
"""37. ""I've always been a fan of BMW's 'Sheer Driving Pleasure' philosophy, but I wish they'd prioritize comfort more.""",bmw
"""38. ""The 5 Series Touring is a practical estate car, but I find the styling a bit bland.""",bmw
"""39. ""BMW's marketing has always appealed to me, but I'm not sure their cars live up to the hype.""",bmw
"""40. ""The X1's compact size makes it easy to navigate city streets, but parking sensors are a must.""",bmw
"""41. ""BMW's M Division is legendary, but I'd love to see them offer more affordable options.""",bmw
"""42. ""The 4 Series' 'climate control' seats are a luxury I could get used to.""",bmw
"""43. ""I've never owned a BMW, but I admire their commitment to driving dynamics.""",bmw
"""44. ""BMW's 'ConnectedDrive' services are handy, but I'm not sure they're worth the subscription fee.""",bmw
"""45. ""The 3 Series' 'M Sport' package is a great value, but I wish it came with bigger brakes.""",bmw
"""46. ""BMW's 'EfficientDynamics' technologies are impressive, but I'm not sure they justify the premium price.""",bmw
"""47. ""I've owned several BMWs over the years, and their resale value has always been excellent.""",bmw
"""48. ""BMW's 'i' range is innovative, but I'm not convinced by the electric vehicle experience yet.""",bmw
"""49. ""The 2 Series Active Tourer is a practical choice, but it lacks the sporty appeal I expect from a BMW.""",bmw
"""50. ""BMW's 'IconicSounds Sport' feature is a neat touch, but I'd prefer a more subtle engine note.""",bmw
""". ""I've just test-driven the BMW 3 Series, and it's a whole new world of precision.""",bmw
"""2. ""BMW's i8 is a sports car that doesn't need to apologize for its eco-friendliness.""",bmw
"""3. ""My BMW 7 Series is like driving a luxury suite on wheels.""",bmw
"""4. ""BMW's M5 Competition is the ultimate sleeper car.""",bmw
"""5. ""The BMW X5's off-road capabilities are surprisingly impressive.""",bmw
"""6. ""I've never seen a BMW that didn't turn heads.""",bmw
"""7. ""BMW's EfficientDynamics is making my wallet happier.""",bmw
"""8. ""The new BMW 8 Series is a stunning blend of power and elegance.""",bmw
"""9. ""I can't believe how well my BMW 2 Series handles in snow, thanks to xDrive.""",bmw
"""10. ""BMW's interior design is always a step above the rest.""",bmw
"""11. ""My BMW 1 Series is agile and fun, like a go-kart for grown-ups.""",bmw
"""12. ""BMW's 'Sheer Driving Pleasure' is not just a slogan, it's a promise.""",bmw
"""13. ""The BMW 5 Series' M Sport package is worth every penny.""",bmw
"""14. ""BMW's i3 is proof that electric cars can be exciting.""",bmw
"""15. ""I've owned several BMWs, and the build quality never disappoints.""",bmw
"""16. ""BMW's navigation system is intuitive and user-friendly.""",bmw
"""17. ""The BMW Z4's roadster charm is undeniable.""",bmw
"""18. ""BMW's maintenance costs are a bit steep for me, but the driving experience is worth it.""",bmw
"""19. ""I'm not a car guy, but even I can appreciate a well-designed BMW.""",bmw
"""20. ""BMW's advanced driver assistance systems make city driving a breeze.""",bmw
"""21. ""The BMW X3's interior is spacious and luxurious, like a small SUV shouldn't be.""",bmw
"""22. ""BMW's M Performance models are the perfect blend of luxury and sportiness.""",bmw
"""23. ""I've never felt safer on the road than in my BMW 3 Series.""",bmw
"""24. ""BMW's kidney grille is an iconic symbol of luxury and performance.""",bmw
"""25. ""The BMW 4 Series Gran Coupe is a four-door sports car, and it's glorious.""",bmw
"""26. ""I've never understood the hype around BMWs, until I drove one.""",bmw
"""27. ""BMW's color options are always spot-on, especially the San Remo Green.""",bmw
"""28. ""The BMW 6 Series Gran Turismo is a car that does everything well.""",bmw
"""29. ""BMW's driving dynamics are second to none, even compared to Audis and Mercs.""",bmw
"""30. ""I'm a skeptic, but BMW's plug-in hybrid technology is impressive.""",bmw
"""31. ""The BMW 2 Series Convertible is the perfect car for sunny days.""",bmw
"""32. ""BMW's 'Ultimate Driving Machine' tagline is more than just marketing.""",bmw
"""33. ""I can't wait to get my hands on the new BMW M3 Competition Package.""",bmw
"""34. ""BMW's iNext concept car is a glimpse into the future of driving.""",bmw
"""35. ""The BMW 1 Series' agility makes it a joy to drive in the city.""",bmw
"""36. ""BMW's 3 Series is the gold standard for compact luxury cars.""",bmw
"""37. ""I've always preferred the handling of BMWs over other German brands.""",bmw
"""38. ""BMW's 'Iconic Lights' are a beautiful touch, both inside and out.""",bmw
"""39. ""The BMW 5 Series' M Sport seats are incredibly comfortable and supportive.""",bmw
"""40. ""BMW's 'Sheer Pleasure' is more than just a marketing slogan, it's an experience.""",bmw
"""41. ""I've never owned a BMW, but I've always wanted to.""",bmw
"""42. ""BMW's i8 is a supercar that doesn't need a supercar price tag.""",bmw
"""43. ""The BMW 7 Series' interior is a masterclass in luxury and technology.""",bmw
"""44. ""BMW's 'Eco' models prove that you don't need to compromise on performance for efficiency.""",bmw
"""45. ""I'm a first-time BMW buyer, and I'm already impressed.""",bmw
"""46. ""BMW's M Performance parts add a touch of sportiness to any model.""",bmw
"""47. ""The BMW X7 is a luxury SUV that doesn't sacrifice performance.""",bmw
"""48. ""BMW's driving experience is something every car enthusiast should try.""",bmw
"""49. ""I've owned several BMWs, and each one has been a step above the last.""",bmw
"""50. ""BMW's 'Joy of Driving' is not just a tagline, it's a reality.""",bmw
""". ""I've just test-driven the BMW 3 Series, and it's a whole new world of precision.""",bmw
"""2. ""BMW's i8 is a sports car that doesn't need to apologize for its eco-friendliness.""",bmw
"""3. ""My BMW 7 Series is like driving a luxury suite on wheels.""",bmw
"""4. ""BMW's M5 Competition is the ultimate sleeper car.""",bmw
"""5. ""The BMW X5's off-road capabilities are surprisingly impressive.""",bmw
"""6. ""I've never seen a BMW that didn't turn heads.""",bmw
"""7. ""BMW's EfficientDynamics is making my wallet happier.""",bmw
"""8. ""The new BMW 8 Series is a stunning blend of power and elegance.""",bmw
"""9. ""I can't believe how well my BMW 2 Series handles in snow, thanks to xDrive.""",bmw
"""10. ""BMW's interior design is always a step above the rest.""",bmw
"""11. ""My BMW 1 Series is agile and fun, like a go-kart for grown-ups.""",bmw
"""12. ""BMW's 'Sheer Driving Pleasure' is not just a slogan, it's a promise.""",bmw
"""13. ""The BMW 5 Series' M Sport package is worth every penny.""",bmw
"""14. ""BMW's i3 is proof that electric cars can be exciting.""",bmw
"""15. ""I've owned several BMWs, and the build quality never disappoints.""",bmw
"""16. ""BMW's navigation system is intuitive and user-friendly.""",bmw
"""17. ""The BMW Z4's roadster charm is undeniable.""",bmw
"""18. ""BMW's maintenance costs are a bit steep for me, but the driving experience is worth it.""",bmw
"""19. ""I'm not a car guy, but even I can appreciate a well-designed BMW.""",bmw
"""20. ""BMW's advanced driver assistance systems make city driving a breeze.""",bmw
"""21. ""The BMW X3's interior is spacious and luxurious, like a small SUV shouldn't be.""",bmw
"""22. ""BMW's M Performance models are the perfect blend of luxury and sportiness.""",bmw
"""23. ""I've never felt safer on the road than in my BMW 3 Series.""",bmw
"""24. ""BMW's kidney grille is an iconic symbol of luxury and performance.""",bmw
"""25. ""The BMW 4 Series Gran Coupe is a four-door sports car, and it's glorious.""",bmw
"""26. ""I've never understood the hype around BMWs, until I drove one.""",bmw
"""27. ""BMW's color options are always spot-on, especially the San Remo Green.""",bmw
"""28. ""The BMW 6 Series Gran Turismo is a car that does everything well.""",bmw
"""29. ""BMW's driving dynamics are second to none, even compared to Audis and Mercs.""",bmw
"""30. ""I'm a skeptic, but BMW's plug-in hybrid technology is impressive.""",bmw
"""31. ""The BMW 2 Series Convertible is the perfect car for sunny days.""",bmw
"""32. ""BMW's 'Ultimate Driving Machine' tagline is more than just marketing.""",bmw
"""33. ""I can't wait to get my hands on the new BMW M3 Competition Package.""",bmw
"""34. ""BMW's iNext concept car is a glimpse into the future of driving.""",bmw
"""35. ""The BMW 1 Series' agility makes it a joy to drive in the city.""",bmw
"""36. ""BMW's 3 Series is the gold standard for compact luxury cars.""",bmw
"""37. ""I've always preferred the handling of BMWs over other German brands.""",bmw
"""38. ""BMW's 'Iconic Lights' are a beautiful touch, both inside and out.""",bmw
"""39. ""The BMW 5 Series' M Sport seats are incredibly comfortable and supportive.""",bmw
"""40. ""BMW's 'Sheer Pleasure' is more than just a marketing slogan, it's an experience.""",bmw
"""41. ""I've never owned a BMW, but I've always wanted to.""",bmw
"""42. ""BMW's i8 is a supercar that doesn't need a supercar price tag.""",bmw
"""43. ""The BMW 7 Series' interior is a masterclass in luxury and technology.""",bmw
"""44. ""BMW's 'Eco' models prove that you don't need to compromise on performance for efficiency.""",bmw
"""45. ""I'm a first-time BMW buyer, and I'm already impressed.""",bmw
"""46. ""BMW's M Performance parts add a touch of sportiness to any model.""",bmw
"""47. ""The BMW X7 is a luxury SUV that doesn't sacrifice performance.""",bmw
"""48. ""BMW's driving experience is something every car enthusiast should try.""",bmw
"""49. ""I've owned several BMWs, and each one has been a step above the last.""",bmw
"""50. ""BMW's 'Joy of Driving' is not just a tagline, it's a reality.""",bmw
"""1. ""BMW's 'Ultimate Driving Machine' tagline is spot on, just took my 3 Series for a spin.""",bmw
"""2. ""The i8's scissor doors are a head-turner, I feel like I'm arriving in a supercar every time.""",bmw
"""3. ""BMW's M series has a raw power that's unmatched, I've never felt more connected to the road.""",bmw
"""4. ""The 7 Series' interior is like a luxury lounge, it's my oasis after a long day.""",bmw
"""5. ""The new 8 Series' design is a breath of fresh air, it looks like it's moving even when it's parked.""",bmw
"""6. ""BMW's EfficientDynamics really pays off, my 330e hybrid is a joy to drive and easy on the wallet.""",bmw
"""7. ""I've had my BMW 5 Series for a decade, it's been reliable as ever, just needs regular maintenance.""",bmw
"""8. ""The X5's handling is impressive for an SUV, it feels more like a sport sedan than a large vehicle.""",bmw
"""9. ""BMW's iDrive system takes some getting used to, but once you master it, it's intuitive and responsive.""",bmw
"""10. ""The M5's all-wheel-drive system is amazing, it feels like you have complete control, even in rain.""",bmw
"""11. ""BMW's build quality is top-notch, there's a solidity to their cars that you don't find elsewhere.""",bmw
"""12. ""BMW's price point is a bit high, but you get what you pay for in terms of quality and performance.""",bmw
"""13. ""The M4's exhaust note is music to my ears, it's the perfect antidote to a stressful day.""",bmw
"""14. ""I'm not a BMW fan, but even I have to admit, the Z4's design is stunning.""",bmw
"""15. ""BMW's infotainment system could use a bit more simplification, it's overwhelming at times.""",bmw
"""16. ""The 2 Series' compact size makes it perfect for city driving, it's agile and easy to park.""",bmw
"""17. ""BMW's service centers are top-notch, but the cost of parts can be astronomical.""",bmw
"""18. ""The 4 Series' coupe design is beautiful, but the practicality leaves something to be desired.""",bmw
"""19. ""BMW's commitment to sustainability is clear with their electric and hybrid models.""",bmw
"""20. ""I test-drove a Mercedes and an Audi, but the BMW's driving experience was unmatched.""",bmw
"""21. ""BMW's 'Sheer Driving Pleasure' isn't just a slogan, it's the reason I drive a BMW.""",bmw
"""22. ""The 3 Series' lightweight construction makes it a joy to drive, it feels so responsive.""",bmw
"""23. ""BMW's interior design is sleek and modern, it feels like a tech hub on wheels.""",bmw
"""24. ""I've always been a BMW skeptic, but the M8 has converted me, it's an incredible car.""",bmw
"""25. ""BMW's competition package adds a whole new level of performance, it's worth the extra cost.""",bmw
"""26. ""The X3's interior space is generous, it's perfect for my growing family.""",bmw
"""27. ""BMW's 'Ultimate Driving Machine' tagline feels a bit overhyped, it's a great car, but not perfect.""",bmw
"""28. ""The 6 Series' grand tourer feel is unrivaled, it's the perfect long-distance cruiser.""",bmw
"""29. ""BMW's adaptive suspension is a game-changer, it makes the ride smooth and responsive.""",bmw
"""30. ""I'm not a fan of BMW's kidney grille design, it's become too big and aggressive.""",bmw
"""31. ""BMW's driver-focused philosophy is clear in every car they make, it's all about the drive.""",bmw
"""32. ""The 7 Series' air suspension is a godsend, it smooths out even the roughest roads.""",bmw
"""33. ""BMW's new color choices are bold and unique, they really make the cars stand out.""",bmw
"""34. ""I've had a few issues with my BMW, but their customer service has been excellent.""",bmw
"""35. ""The 5 Series' interior materials are top-notch, it feels luxurious and high-quality.""",bmw
"""36. ""BMW's M Performance models offer a great balance between power and practicality.""",bmw
"""37. ""I've never understood the hype around BMWs, they're overpriced and overrated.""",bmw
"""38. ""The X6's design is controversial, but I love the sporty, coupe-like look.""",bmw
"""39. ""BMW's iDrive controller is a clever solution to a complex problem, once you get used to it.""",bmw
"""40. ""My first BMW was a 2002, it was a classic and I still miss it today.""",bmw
"""41. ""BMW's self-driving capabilities are impressive, but I still prefer to have control over my car.""",bmw
"""42. ""The 1 Series' rear-wheel-drive dynamics are a joy, it's like driving a smaller, lighter 3 Series.""",bmw
"""43. ""BMW's sport seats are some of the best in the business, they're comfortable and supportive.""",bmw
"""44. ""I traded in my BMW for a Tesla, I miss the driving experience, but I don't miss the maintenance costs.""",bmw
"""45. ""BMW's 'iconic' design elements are starting to feel a bit stale, they need some fresh ideas.""",bmw
"""46. ""The 4 Series' convertible top is fast and quiet, it's perfect for spirited drives with the top down.""",bmw
"""47. ""BMW's commitment to motorsports is evident in their high-performance models.""",bmw
"""48. ""I've had a few issues with BMW's reliability, but overall, they're solid cars.""",bmw
"""49. ""BMW's double-clutch transmissions are smooth and responsive, they really enhance the driving experience.""",bmw
"""50. ""My first BMW was a 535i, it was fast, fun, and full of character, just like a BMW should be.""",bmw
""". ""I've just test-driven the BMW 3 Series, and it's a whole new world of precision.""",bmw
"""2. ""BMW's i8 is a sports car that doesn't need to apologize for its eco-friendliness.""",bmw
"""3. ""My BMW 7 Series is like driving a luxury suite on wheels.""",bmw
"""4. ""BMW's M5 Competition is the ultimate sleeper car.""",bmw
"""5. ""The BMW X5's off-road capabilities are surprisingly impressive.""",bmw
"""6. ""I've never seen a BMW that didn't turn heads.""",bmw
"""7. ""BMW's EfficientDynamics is making my wallet happier.""",bmw
"""8. ""The new BMW 8 Series is a stunning blend of power and elegance.""",bmw
"""9. ""I can't believe how well my BMW 2 Series handles in snow, thanks to xDrive.""",bmw
"""10. ""BMW's interior design is always a step above the rest.""",bmw
"""11. ""My BMW 1 Series is agile and fun, like a go-kart for grown-ups.""",bmw
"""12. ""BMW's 'Sheer Driving Pleasure' is not just a slogan, it's a promise.""",bmw
"""13. ""The BMW 5 Series' M Sport package is worth every penny.""",bmw
"""14. ""BMW's i3 is proof that electric cars can be exciting.""",bmw
"""15. ""I've owned several BMWs, and the build quality never disappoints.""",bmw
"""16. ""BMW's navigation system is intuitive and user-friendly.""",bmw
"""17. ""The BMW Z4's roadster charm is undeniable.""",bmw
"""18. ""BMW's maintenance costs are a bit steep for me, but the driving experience is worth it.""",bmw
"""19. ""I'm not a car guy, but even I can appreciate a well-designed BMW.""",bmw
"""20. ""BMW's advanced driver assistance systems make city driving a breeze.""",bmw
"""21. ""The BMW X3's interior is spacious and luxurious, like a small SUV shouldn't be.""",bmw
"""22. ""BMW's M Performance models are the perfect blend of luxury and sportiness.""",bmw
"""23. ""I've never felt safer on the road than in my BMW 3 Series.""",bmw
"""24. ""BMW's kidney grille is an iconic symbol of luxury and performance.""",bmw
"""25. ""The BMW 4 Series Gran Coupe is a four-door sports car, and it's glorious.""",bmw
"""26. ""I've never understood the hype around BMWs, until I drove one.""",bmw
"""27. ""BMW's color options are always spot-on, especially the San Remo Green.""",bmw
"""28. ""The BMW 6 Series Gran Turismo is a car that does everything well.""",bmw
"""29. ""BMW's driving dynamics are second to none, even compared to Audis and Mercs.""",bmw
"""30. ""I'm a skeptic, but BMW's plug-in hybrid technology is impressive.""",bmw
"""31. ""The BMW 2 Series Convertible is the perfect car for sunny days.""",bmw
"""32. ""BMW's 'Ultimate Driving Machine' tagline is more than just marketing.""",bmw
"""33. ""I can't wait to get my hands on the new BMW M3 Competition Package.""",bmw
"""34. ""BMW's iNext concept car is a glimpse into the future of driving.""",bmw
"""35. ""The BMW 1 Series' agility makes it a joy to drive in the city.""",bmw
"""36. ""BMW's 3 Series is the gold standard for compact luxury cars.""",bmw
"""37. ""I've always preferred the handling of BMWs over other German brands.""",bmw
"""38. ""BMW's 'Iconic Lights' are a beautiful touch, both inside and out.""",bmw
"""39. ""The BMW 5 Series' M Sport seats are incredibly comfortable and supportive.""",bmw
"""40. ""BMW's 'Sheer Pleasure' is more than just a marketing slogan, it's an experience.""",bmw
"""41. ""I've never owned a BMW, but I've always wanted to.""",bmw
"""42. ""BMW's i8 is a supercar that doesn't need a supercar price tag.""",bmw
"""43. ""The BMW 7 Series' interior is a masterclass in luxury and technology.""",bmw
"""44. ""BMW's 'Eco' models prove that you don't need to compromise on performance for efficiency.""",bmw
"""45. ""I'm a first-time BMW buyer, and I'm already impressed.""",bmw
"""46. ""BMW's M Performance parts add a touch of sportiness to any model.""",bmw
"""47. ""The BMW X7 is a luxury SUV that doesn't sacrifice performance.""",bmw
"""48. ""BMW's driving experience is something every car enthusiast should try.""",bmw
"""49. ""I've owned several BMWs, and each one has been a step above the last.""",bmw
"""50. ""BMW's 'Joy of Driving' is not just a tagline, it's a reality.""",bmw
""". ""I've just test-driven the BMW 3 Series, and it's a whole new world of precision.""",bmw
"""2. ""BMW's i8 is a sports car that doesn't need to apologize for its eco-friendliness.""",bmw
"""3. ""My BMW 7 Series is like driving a luxury suite on wheels.""",bmw
"""4. ""BMW's M5 Competition is the ultimate sleeper car.""",bmw
"""5. ""The BMW X5's off-road capabilities are surprisingly impressive.""",bmw
"""6. ""I've never seen a BMW that didn't turn heads.""",bmw
"""7. ""BMW's EfficientDynamics is making my wallet happier.""",bmw
"""8. ""The new BMW 8 Series is a stunning blend of power and elegance.""",bmw
"""9. ""I can't believe how well my BMW 2 Series handles in snow, thanks to xDrive.""",bmw
"""10. ""BMW's interior design is always a step above the rest.""",bmw
"""11. ""My BMW 1 Series is agile and fun, like a go-kart for grown-ups.""",bmw
"""12. ""BMW's 'Sheer Driving Pleasure' is not just a slogan, it's a promise.""",bmw
"""13. ""The BMW 5 Series' M Sport package is worth every penny.""",bmw
"""14. ""BMW's i3 is proof that electric cars can be exciting.""",bmw
"""15. ""I've owned several BMWs, and the build quality never disappoints.""",bmw
"""16. ""BMW's navigation system is intuitive and user-friendly.""",bmw
"""17. ""The BMW Z4's roadster charm is undeniable.""",bmw
"""18. ""BMW's maintenance costs are a bit steep for me, but the driving experience is worth it.""",bmw
"""19. ""I'm not a car guy, but even I can appreciate a well-designed BMW.""",bmw
"""20. ""BMW's advanced driver assistance systems make city driving a breeze.""",bmw
"""21. ""The BMW X3's interior is spacious and luxurious, like a small SUV shouldn't be.""",bmw
"""22. ""BMW's M Performance models are the perfect blend of luxury and sportiness.""",bmw
"""23. ""I've never felt safer on the road than in my BMW 3 Series.""",bmw
"""24. ""BMW's kidney grille is an iconic symbol of luxury and performance.""",bmw
"""25. ""The BMW 4 Series Gran Coupe is a four-door sports car, and it's glorious.""",bmw
"""26. ""I've never understood the hype around BMWs, until I drove one.""",bmw
"""27. ""BMW's color options are always spot-on, especially the San Remo Green.""",bmw
"""28. ""The BMW 6 Series Gran Turismo is a car that does everything well.""",bmw
"""29. ""BMW's driving dynamics are second to none, even compared to Audis and Mercs.""",bmw
"""30. ""I'm a skeptic, but BMW's plug-in hybrid technology is impressive.""",bmw
"""31. ""The BMW 2 Series Convertible is the perfect car for sunny days.""",bmw
"""32. ""BMW's 'Ultimate Driving Machine' tagline is more than just marketing.""",bmw
"""33. ""I can't wait to get my hands on the new BMW M3 Competition Package.""",bmw
"""34. ""BMW's iNext concept car is a glimpse into the future of driving.""",bmw
"""35. ""The BMW 1 Series' agility makes it a joy to drive in the city.""",bmw
"""36. ""BMW's 3 Series is the gold standard for compact luxury cars.""",bmw
"""37. ""I've always preferred the handling of BMWs over other German brands.""",bmw
"""38. ""BMW's 'Iconic Lights' are a beautiful touch, both inside and out.""",bmw
"""39. ""The BMW 5 Series' M Sport seats are incredibly comfortable and supportive.""",bmw
"""40. ""BMW's 'Sheer Pleasure' is more than just a marketing slogan, it's an experience.""",bmw
"""41. ""I've never owned a BMW, but I've always wanted to.""",bmw
"""42. ""BMW's i8 is a supercar that doesn't need a supercar price tag.""",bmw
"""43. ""The BMW 7 Series' interior is a masterclass in luxury and technology.""",bmw
"""44. ""BMW's 'Eco' models prove that you don't need to compromise on performance for efficiency.""",bmw
"""45. ""I'm a first-time BMW buyer, and I'm already impressed.""",bmw
"""46. ""BMW's M Performance parts add a touch of sportiness to any model.""",bmw
"""47. ""The BMW X7 is a luxury SUV that doesn't sacrifice performance.""",bmw
"""48. ""BMW's driving experience is something every car enthusiast should try.""",bmw
"""49. ""I've owned several BMWs, and each one has been a step above the last.""",bmw
"""50. ""BMW's 'Joy of Driving' is not just a tagline, it's a reality.""",bmw
"""Just test drove the new BMW 3 Series, and it's an absolute joy on the open road.""",bmw
"""BMW's 'Ultimate Driving Machine' tagline holds true, even in the compact X1.""",bmw
"""My BMW M5's acceleration is like a rocket launch, every time.""",bmw
"""BMW's iDrive system takes some getting used to, but it's intuitive once you master it.""",bmw
"""The new 4 Series' design is a bit too aggressive for my taste.""",bmw
"""Driving a BMW makes me feel like I'm in a spaceship, with all the tech inside.""",bmw
"""I've had my BMW 7 Series for five years, and it still turns heads at the office.""",bmw
"""BMW's fuel efficiency could be better, but the driving experience makes up for it.""",bmw
"""Comparing the BMW 5 Series to the Mercedes E-Class is like comparing apples and oranges.""",bmw
"""BMW's build quality is top-notch, but the interior could be more spacious.""",bmw
"""My friend's BMW 8 Series is a stunner, but it's not practical for daily driving.""",bmw
"""BMW's driver assistance features make highway drives stress-free.""",bmw
"""I'm a first-time BMW owner, and the learning curve is steep, but worth it.""",bmw
"""BMW's reliability record is spotty, but the performance makes up for it.""",bmw
"""The latest BMW 2 Series is a blast to drive, but the infotainment system is laggy.""",bmw
"""BMW's customer service has been exceptional in my experience.""",bmw
"""BMW's electric models are impressive, but the range needs improvement.""",bmw
"""I've never been a BMW fan, but the new 2 Series Gran Coupe might change that.""",bmw
"""BMW's color options are limited, in my opinion.""",bmw
"""Driving a BMW feels like an event, not just a commute.""",bmw
"""My BMW 3 Series' handling is impeccable, but the ride is firm.""",bmw
"""BMW's MINI models are fun, but they lack the luxury feel of the main lineup.""",bmw
"""The new BMW Z4's design is a breath of fresh air in the sports car segment.""",bmw
"""BMW's navigation system is excellent, but the voice control is hit or miss.""",bmw
"""I've had to replace my BMW's tires more frequently than I'd like.""",bmw
"""The BMW 1 Series' interior is a bit cramped for taller drivers.""",bmw
"""BMW's advertising is targeted well, but it's all about the driving experience for me.""",bmw
"""My BMW 6 Series Convertible is a dream on sunny days.""",bmw
"""BMW's service is expensive, but the peace of mind is worth it.""",bmw
"""I prefer the Audi A4's interior design over the BMW 3 Series'.""",bmw
"""BMW's driver-focused approach is commendable, but I wish for more comfort in daily driving.""",bmw
"""BMW's M Performance models are a great compromise between sporty and practical.""",bmw
"""The new BMW 8 Series Gran Coupe is a sleek alternative to the Mercedes CLS.""",bmw
"""My BMW X3's all-wheel drive has been a game-changer in snowy conditions.""",bmw
"""BMW's E30 M3 is a legend, but it's not practical for everyday use.""",bmw
"""I'm a BMW skeptic, but I can't deny their performance.""",bmw
"""The BMW 4 Series Gran Coupe is a stylish alternative to the 3 Series sedan.""",bmw
"""I've had my BMW 7 Series for years, and it's still a head-turner.""",bmw
"""BMW's kidney grille design is iconic, but it's growing too large for my liking.""",bmw
"""I prefer the Lexus IS' reliability over the BMW 3 Series'.""",bmw
"""My BMW 5 Series Touring is the perfect blend of luxury and practicality.""",bmw
"""BMW's engine sounds are music to my ears.""",bmw
"""I'm a new BMW owner, and I'm still discovering all the tech features.""",bmw
"""BMW's motorcycles are as impressive as their cars.""",bmw
"""BMW's Art Cars collection is a unique blend of art and automotive history.""",bmw
"""The new BMW iX is a bold step into the future of driving.""",bmw
"""I'm a long-time BMW owner, and I wouldn't consider any other brand.""",bmw
"""BMW's reputation for driver engagement is well-deserved.""",bmw
"""The BMW 2 Series Active Tourer is a practical, fun family car.""",bmw
"""BMW's customer support has been lackluster in my experience.""",bmw
"""My BMW 6 Series Coupe is a daily driver and a weekend cruiser.""",bmw
"""I'm a first-time BMW buyer, and the initial cost is a hurdle for me.""",bmw
"""BMW's i8 is a stunning blend of performance and sustainability.""",bmw
""". ""I've just test-driven the BMW 3 Series, and it's a whole new world of precision.""",bmw
"""2. ""BMW's i8 is a sports car that doesn't need to apologize for its eco-friendliness.""",bmw
"""3. ""My BMW 7 Series is like driving a luxury suite on wheels.""",bmw
"""4. ""BMW's M5 Competition is the ultimate sleeper car.""",bmw
"""5. ""The BMW X5's off-road capabilities are surprisingly impressive.""",bmw
"""6. ""I've never seen a BMW that didn't turn heads.""",bmw
"""7. ""BMW's EfficientDynamics is making my wallet happier.""",bmw
"""8. ""The new BMW 8 Series is a stunning blend of power and elegance.""",bmw
"""9. ""I can't believe how well my BMW 2 Series handles in snow, thanks to xDrive.""",bmw
"""10. ""BMW's interior design is always a step above the rest.""",bmw
"""11. ""My BMW 1 Series is agile and fun, like a go-kart for grown-ups.""",bmw
"""12. ""BMW's 'Sheer Driving Pleasure' is not just a slogan, it's a promise.""",bmw
"""13. ""The BMW 5 Series' M Sport package is worth every penny.""",bmw
"""14. ""BMW's i3 is proof that electric cars can be exciting.""",bmw
"""15. ""I've owned several BMWs, and the build quality never disappoints.""",bmw
"""16. ""BMW's navigation system is intuitive and user-friendly.""",bmw
"""17. ""The BMW Z4's roadster charm is undeniable.""",bmw
"""18. ""BMW's maintenance costs are a bit steep for me, but the driving experience is worth it.""",bmw
"""19. ""I'm not a car guy, but even I can appreciate a well-designed BMW.""",bmw
"""20. ""BMW's advanced driver assistance systems make city driving a breeze.""",bmw
"""21. ""The BMW X3's interior is spacious and luxurious, like a small SUV shouldn't be.""",bmw
"""22. ""BMW's M Performance models are the perfect blend of luxury and sportiness.""",bmw
"""23. ""I've never felt safer on the road than in my BMW 3 Series.""",bmw
"""24. ""BMW's kidney grille is an iconic symbol of luxury and performance.""",bmw
"""25. ""The BMW 4 Series Gran Coupe is a four-door sports car, and it's glorious.""",bmw
"""26. ""I've never understood the hype around BMWs, until I drove one.""",bmw
"""27. ""BMW's color options are always spot-on, especially the San Remo Green.""",bmw
"""28. ""The BMW 6 Series Gran Turismo is a car that does everything well.""",bmw
"""29. ""BMW's driving dynamics are second to none, even compared to Audis and Mercs.""",bmw
"""30. ""I'm a skeptic, but BMW's plug-in hybrid technology is impressive.""",bmw
"""31. ""The BMW 2 Series Convertible is the perfect car for sunny days.""",bmw
"""32. ""BMW's 'Ultimate Driving Machine' tagline is more than just marketing.""",bmw
"""33. ""I can't wait to get my hands on the new BMW M3 Competition Package.""",bmw
"""34. ""BMW's iNext concept car is a glimpse into the future of driving.""",bmw
"""35. ""The BMW 1 Series' agility makes it a joy to drive in the city.""",bmw
"""36. ""BMW's 3 Series is the gold standard for compact luxury cars.""",bmw
"""37. ""I've always preferred the handling of BMWs over other German brands.""",bmw
"""38. ""BMW's 'Iconic Lights' are a beautiful touch, both inside and out.""",bmw
"""39. ""The BMW 5 Series' M Sport seats are incredibly comfortable and supportive.""",bmw
"""40. ""BMW's 'Sheer Pleasure' is more than just a marketing slogan, it's an experience.""",bmw
"""41. ""I've never owned a BMW, but I've always wanted to.""",bmw
"""42. ""BMW's i8 is a supercar that doesn't need a supercar price tag.""",bmw
"""43. ""The BMW 7 Series' interior is a masterclass in luxury and technology.""",bmw
"""44. ""BMW's 'Eco' models prove that you don't need to compromise on performance for efficiency.""",bmw
"""45. ""I'm a first-time BMW buyer, and I'm already impressed.""",bmw
"""46. ""BMW's M Performance parts add a touch of sportiness to any model.""",bmw
"""47. ""The BMW X7 is a luxury SUV that doesn't sacrifice performance.""",bmw
"""48. ""BMW's driving experience is something every car enthusiast should try.""",bmw
"""49. ""I've owned several BMWs, and each one has been a step above the last.""",bmw
"""50. ""BMW's 'Joy of Driving' is not just a tagline, it's a reality.""",bmw
""". ""I've just test-driven the BMW 3 Series, and it's a whole new world of precision.""",bmw
"""2. ""BMW's i8 is a sports car that doesn't need to apologize for its eco-friendliness.""",bmw
"""3. ""My BMW 7 Series is like driving a luxury suite on wheels.""",bmw
"""4. ""BMW's M5 Competition is the ultimate sleeper car.""",bmw
"""5. ""The BMW X5's off-road capabilities are surprisingly impressive.""",bmw
"""6. ""I've never seen a BMW that didn't turn heads.""",bmw
"""7. ""BMW's EfficientDynamics is making my wallet happier.""",bmw
"""8. ""The new BMW 8 Series is a stunning blend of power and elegance.""",bmw
"""9. ""I can't believe how well my BMW 2 Series handles in snow, thanks to xDrive.""",bmw
"""10. ""BMW's interior design is always a step above the rest.""",bmw
"""11. ""My BMW 1 Series is agile and fun, like a go-kart for grown-ups.""",bmw
"""12. ""BMW's 'Sheer Driving Pleasure' is not just a slogan, it's a promise.""",bmw
"""13. ""The BMW 5 Series' M Sport package is worth every penny.""",bmw
"""14. ""BMW's i3 is proof that electric cars can be exciting.""",bmw
"""15. ""I've owned several BMWs, and the build quality never disappoints.""",bmw
"""16. ""BMW's navigation system is intuitive and user-friendly.""",bmw
"""17. ""The BMW Z4's roadster charm is undeniable.""",bmw
"""18. ""BMW's maintenance costs are a bit steep for me, but the driving experience is worth it.""",bmw
"""19. ""I'm not a car guy, but even I can appreciate a well-designed BMW.""",bmw
"""20. ""BMW's advanced driver assistance systems make city driving a breeze.""",bmw
"""21. ""The BMW X3's interior is spacious and luxurious, like a small SUV shouldn't be.""",bmw
"""22. ""BMW's M Performance models are the perfect blend of luxury and sportiness.""",bmw
"""23. ""I've never felt safer on the road than in my BMW 3 Series.""",bmw
"""24. ""BMW's kidney grille is an iconic symbol of luxury and performance.""",bmw
"""25. ""The BMW 4 Series Gran Coupe is a four-door sports car, and it's glorious.""",bmw
"""26. ""I've never understood the hype around BMWs, until I drove one.""",bmw
"""27. ""BMW's color options are always spot-on, especially the San Remo Green.""",bmw
"""28. ""The BMW 6 Series Gran Turismo is a car that does everything well.""",bmw
"""29. ""BMW's driving dynamics are second to none, even compared to Audis and Mercs.""",bmw
"""30. ""I'm a skeptic, but BMW's plug-in hybrid technology is impressive.""",bmw
"""31. ""The BMW 2 Series Convertible is the perfect car for sunny days.""",bmw
"""32. ""BMW's 'Ultimate Driving Machine' tagline is more than just marketing.""",bmw
"""33. ""I can't wait to get my hands on the new BMW M3 Competition Package.""",bmw
"""34. ""BMW's iNext concept car is a glimpse into the future of driving.""",bmw
"""35. ""The BMW 1 Series' agility makes it a joy to drive in the city.""",bmw
"""36. ""BMW's 3 Series is the gold standard for compact luxury cars.""",bmw
"""37. ""I've always preferred the handling of BMWs over other German brands.""",bmw
"""38. ""BMW's 'Iconic Lights' are a beautiful touch, both inside and out.""",bmw
"""39. ""The BMW 5 Series' M Sport seats are incredibly comfortable and supportive.""",bmw
"""40. ""BMW's 'Sheer Pleasure' is more than just a marketing slogan, it's an experience.""",bmw
"""41. ""I've never owned a BMW, but I've always wanted to.""",bmw
"""42. ""BMW's i8 is a supercar that doesn't need a supercar price tag.""",bmw
"""43. ""The BMW 7 Series' interior is a masterclass in luxury and technology.""",bmw
"""44. ""BMW's 'Eco' models prove that you don't need to compromise on performance for efficiency.""",bmw
"""45. ""I'm a first-time BMW buyer, and I'm already impressed.""",bmw
"""46. ""BMW's M Performance parts add a touch of sportiness to any model.""",bmw
"""47. ""The BMW X7 is a luxury SUV that doesn't sacrifice performance.""",bmw
"""48. ""BMW's driving experience is something every car enthusiast should try.""",bmw
"""49. ""I've owned several BMWs, and each one has been a step above the last.""",bmw
"""50. ""BMW's 'Joy of Driving' is not just a tagline, it's a reality.""",bmw
"""1. ""I've just bought my first BMW, a 3 Series, and the driving experience is incredible!""",bmw
"""2. ""The BMW i8's design is so futuristic, it's like driving a concept car.""",bmw
"""3. ""My dad's old BMW 2002 is a classic, I'd love to restore it someday.""",bmw
"""4. ""BMW's M Performance parts give my 4 Series an extra edge on the track.""",bmw
"""5. ""The 7 Series' comfort is unmatched, it's like a floating office on wheels.""",bmw
"""6. ""I've had my BMW X5 for five years now, still love it, no issues.""",bmw
"""7. ""BMW's E30 M3 is a legend, it's timeless design still looks great.""",bmw
"""8. ""The BMW Z4's roadster design is perfect for summer drives.""",bmw
"""9. ""BMW's digital cockpit in the new 8 Series is a game-changer.""",bmw
"""10. ""I'm not a BMW fan, they're too expensive to maintain.""",bmw
"""11. ""The 5 Series' handling is sporty, yet comfortable for daily commutes.""",bmw
"""12. ""BMW's color choices are spot on, my M8 in Frozen Bluestone looks stunning.""",bmw
"""13. ""The X6's styling is unique, but it's not my cup of tea.""",bmw
"""14. ""BMW's head-up display is a must-have feature for me.""",bmw
"""15. ""The 2 Series Gran Coupe is a great alternative to the 3 Series sedan.""",bmw
"""16. ""I prefer the raw power of an M3 over the newer hybrid models.""",bmw
"""17. ""BMW's navigation system is reliable, but the interface could be smoother.""",bmw
"""18. ""The 6 Series Gran Coupe is a sleek, understated luxury car.""",bmw
"""19. ""BMW's customer service has been excellent, they've always taken care of my car.""",bmw
"""20. ""I traded in my old BMW for a new one, love the progress in tech and design.""",bmw
"""21. ""BMW's M5 Competition is a sleeper, it's fast but subtle.""",bmw
"""22. ""The 1 Series' rear-wheel drive dynamics are fun, but it's cramped inside.""",bmw
"""23. ""BMW's kidney grille design has grown on me, it's iconic now.""",bmw
"""24. ""The i3 is a great electric car, but the range could be better.""",bmw
"""25. ""I sold my BMW, it was a great car, but I wanted something different this time.""",bmw
"""26. ""BMW's driver assistance features make long drives so much easier.""",bmw
"""27. ""The X1's interior feels premium, but the ride can be firm.""",bmw
"""28. ""BMW's M Performance catalog has some amazing accessories.""",bmw
"""29. ""The 7 Series' massage seats are amazing after a long day at work.""",bmw
"""30. ""I've never owned a BMW, but I've always admired their driving dynamics.""",bmw
"""31. ""The 3 Series' infotainment system can be distracting while driving.""",bmw
"""32. ""BMW's service packages are convenient, but pricey.""",bmw
"""33. ""The X3's practicality and performance make it a great family SUV.""",bmw
"""34. ""BMW's iDrive system is intuitive, but the touchpad is small.""",bmw
"""35. ""I love the aggression of the M2 Competition's design.""",bmw
"""36. ""The 5 Series Touring is a practical, stylish estate car.""",bmw
"""37. ""BMW's subscription-based services are convenient, but I prefer to own outright.""",bmw
"""38. ""The Z4's soft top adds to the driving experience, but it's noisy at high speeds.""",bmw
"""39. ""BMW's tire changing assistance feature is a lifesaver in emergencies.""",bmw
"""40. ""I test drove a BMW, but I think I'll wait for the next generation.""",bmw
"""41. ""BMW's app connectivity is seamless, I can control my car from my phone.""",bmw
"""42. ""The 4 Series Gran Coupe's design is unique, but it's a bit cramped in the back.""",bmw
"""43. ""BMW's 'Ultimate Driving Machine' tagline lives up to its hype.""",bmw
"""44. ""I'm not convinced by the BMW X2's styling, it's too polarizing.""",bmw
"""45. ""BMW's dynamic stability control is reassuring in slippery conditions.""",bmw
"""46. ""The 2 Series Active Tourer is practical, but it's not a driver's car.""",bmw
"""47. ""BMW's paintwork quality is impressive, my car still looks pristine.""",bmw
"""48. ""I sold my BMW because I wanted a more eco-friendly car.""",bmw
"""49. ""BMW's service quality is excellent, but their waiting times can be long.""",bmw
"""50. ""BMW's driving experience is unique, it's like driving on rails.""",bmw
""". ""I've just test-driven the BMW 3 Series, and it's a whole new world of precision.""",bmw
"""2. ""BMW's i8 is a sports car that doesn't need to apologize for its eco-friendliness.""",bmw
"""3. ""My BMW 7 Series is like driving a luxury suite on wheels.""",bmw
"""4. ""BMW's M5 Competition is the ultimate sleeper car.""",bmw
"""5. ""The BMW X5's off-road capabilities are surprisingly impressive.""",bmw
"""6. ""I've never seen a BMW that didn't turn heads.""",bmw
"""7. ""BMW's EfficientDynamics is making my wallet happier.""",bmw
"""8. ""The new BMW 8 Series is a stunning blend of power and elegance.""",bmw
"""9. ""I can't believe how well my BMW 2 Series handles in snow, thanks to xDrive.""",bmw
"""10. ""BMW's interior design is always a step above the rest.""",bmw
"""11. ""My BMW 1 Series is agile and fun, like a go-kart for grown-ups.""",bmw
"""12. ""BMW's 'Sheer Driving Pleasure' is not just a slogan, it's a promise.""",bmw
"""13. ""The BMW 5 Series' M Sport package is worth every penny.""",bmw
"""14. ""BMW's i3 is proof that electric cars can be exciting.""",bmw
"""15. ""I've owned several BMWs, and the build quality never disappoints.""",bmw
"""16. ""BMW's navigation system is intuitive and user-friendly.""",bmw
"""17. ""The BMW Z4's roadster charm is undeniable.""",bmw
"""18. ""BMW's maintenance costs are a bit steep for me, but the driving experience is worth it.""",bmw
"""19. ""I'm not a car guy, but even I can appreciate a well-designed BMW.""",bmw
"""20. ""BMW's advanced driver assistance systems make city driving a breeze.""",bmw
"""21. ""The BMW X3's interior is spacious and luxurious, like a small SUV shouldn't be.""",bmw
"""22. ""BMW's M Performance models are the perfect blend of luxury and sportiness.""",bmw
"""23. ""I've never felt safer on the road than in my BMW 3 Series.""",bmw
"""24. ""BMW's kidney grille is an iconic symbol of luxury and performance.""",bmw
"""25. ""The BMW 4 Series Gran Coupe is a four-door sports car, and it's glorious.""",bmw
"""26. ""I've never understood the hype around BMWs, until I drove one.""",bmw
"""27. ""BMW's color options are always spot-on, especially the San Remo Green.""",bmw
"""28. ""The BMW 6 Series Gran Turismo is a car that does everything well.""",bmw
"""29. ""BMW's driving dynamics are second to none, even compared to Audis and Mercs.""",bmw
"""30. ""I'm a skeptic, but BMW's plug-in hybrid technology is impressive.""",bmw
"""31. ""The BMW 2 Series Convertible is the perfect car for sunny days.""",bmw
"""32. ""BMW's 'Ultimate Driving Machine' tagline is more than just marketing.""",bmw
"""33. ""I can't wait to get my hands on the new BMW M3 Competition Package.""",bmw
"""34. ""BMW's iNext concept car is a glimpse into the future of driving.""",bmw
"""35. ""The BMW 1 Series' agility makes it a joy to drive in the city.""",bmw
"""36. ""BMW's 3 Series is the gold standard for compact luxury cars.""",bmw
"""37. ""I've always preferred the handling of BMWs over other German brands.""",bmw
"""38. ""BMW's 'Iconic Lights' are a beautiful touch, both inside and out.""",bmw
"""39. ""The BMW 5 Series' M Sport seats are incredibly comfortable and supportive.""",bmw
"""40. ""BMW's 'Sheer Pleasure' is more than just a marketing slogan, it's an experience.""",bmw
"""41. ""I've never owned a BMW, but I've always wanted to.""",bmw
"""42. ""BMW's i8 is a supercar that doesn't need a supercar price tag.""",bmw
"""43. ""The BMW 7 Series' interior is a masterclass in luxury and technology.""",bmw
"""44. ""BMW's 'Eco' models prove that you don't need to compromise on performance for efficiency.""",bmw
"""45. ""I'm a first-time BMW buyer, and I'm already impressed.""",bmw
"""46. ""BMW's M Performance parts add a touch of sportiness to any model.""",bmw
"""47. ""The BMW X7 is a luxury SUV that doesn't sacrifice performance.""",bmw
"""48. ""BMW's driving experience is something every car enthusiast should try.""",bmw
"""49. ""I've owned several BMWs, and each one has been a step above the last.""",bmw
"""50. ""BMW's 'Joy of Driving' is not just a tagline, it's a reality.""",bmw
""". ""I've just test-driven the BMW 3 Series, and it's a whole new world of precision.""",bmw
"""2. ""BMW's i8 is a sports car that doesn't need to apologize for its eco-friendliness.""",bmw
"""3. ""My BMW 7 Series is like driving a luxury suite on wheels.""",bmw
"""4. ""BMW's M5 Competition is the ultimate sleeper car.""",bmw
"""5. ""The BMW X5's off-road capabilities are surprisingly impressive.""",bmw
"""6. ""I've never seen a BMW that didn't turn heads.""",bmw
"""7. ""BMW's EfficientDynamics is making my wallet happier.""",bmw
"""8. ""The new BMW 8 Series is a stunning blend of power and elegance.""",bmw
"""9. ""I can't believe how well my BMW 2 Series handles in snow, thanks to xDrive.""",bmw
"""10. ""BMW's interior design is always a step above the rest.""",bmw
"""11. ""My BMW 1 Series is agile and fun, like a go-kart for grown-ups.""",bmw
"""12. ""BMW's 'Sheer Driving Pleasure' is not just a slogan, it's a promise.""",bmw
"""13. ""The BMW 5 Series' M Sport package is worth every penny.""",bmw
"""14. ""BMW's i3 is proof that electric cars can be exciting.""",bmw
"""15. ""I've owned several BMWs, and the build quality never disappoints.""",bmw
"""16. ""BMW's navigation system is intuitive and user-friendly.""",bmw
"""17. ""The BMW Z4's roadster charm is undeniable.""",bmw
"""18. ""BMW's maintenance costs are a bit steep for me, but the driving experience is worth it.""",bmw
"""19. ""I'm not a car guy, but even I can appreciate a well-designed BMW.""",bmw
"""20. ""BMW's advanced driver assistance systems make city driving a breeze.""",bmw
"""21. ""The BMW X3's interior is spacious and luxurious, like a small SUV shouldn't be.""",bmw
"""22. ""BMW's M Performance models are the perfect blend of luxury and sportiness.""",bmw
"""23. ""I've never felt safer on the road than in my BMW 3 Series.""",bmw
"""24. ""BMW's kidney grille is an iconic symbol of luxury and performance.""",bmw
"""25. ""The BMW 4 Series Gran Coupe is a four-door sports car, and it's glorious.""",bmw
"""26. ""I've never understood the hype around BMWs, until I drove one.""",bmw
"""27. ""BMW's color options are always spot-on, especially the San Remo Green.""",bmw
"""28. ""The BMW 6 Series Gran Turismo is a car that does everything well.""",bmw
"""29. ""BMW's driving dynamics are second to none, even compared to Audis and Mercs.""",bmw
"""30. ""I'm a skeptic, but BMW's plug-in hybrid technology is impressive.""",bmw
"""31. ""The BMW 2 Series Convertible is the perfect car for sunny days.""",bmw
"""32. ""BMW's 'Ultimate Driving Machine' tagline is more than just marketing.""",bmw
"""33. ""I can't wait to get my hands on the new BMW M3 Competition Package.""",bmw
"""34. ""BMW's iNext concept car is a glimpse into the future of driving.""",bmw
"""35. ""The BMW 1 Series' agility makes it a joy to drive in the city.""",bmw
"""36. ""BMW's 3 Series is the gold standard for compact luxury cars.""",bmw
"""37. ""I've always preferred the handling of BMWs over other German brands.""",bmw
"""38. ""BMW's 'Iconic Lights' are a beautiful touch, both inside and out.""",bmw
"""39. ""The BMW 5 Series' M Sport seats are incredibly comfortable and supportive.""",bmw
"""40. ""BMW's 'Sheer Pleasure' is more than just a marketing slogan, it's an experience.""",bmw
"""41. ""I've never owned a BMW, but I've always wanted to.""",bmw
"""42. ""BMW's i8 is a supercar that doesn't need a supercar price tag.""",bmw
"""43. ""The BMW 7 Series' interior is a masterclass in luxury and technology.""",bmw
"""44. ""BMW's 'Eco' models prove that you don't need to compromise on performance for efficiency.""",bmw
"""45. ""I'm a first-time BMW buyer, and I'm already impressed.""",bmw
"""46. ""BMW's M Performance parts add a touch of sportiness to any model.""",bmw
"""47. ""The BMW X7 is a luxury SUV that doesn't sacrifice performance.""",bmw
"""48. ""BMW's driving experience is something every car enthusiast should try.""",bmw
"""49. ""I've owned several BMWs, and each one has been a step above the last.""",bmw
"""50. ""BMW's 'Joy of Driving' is not just a tagline, it's a reality.""",bmw
""". ""I've just test-driven the BMW 3 Series, and it's a whole new world of precision.""",bmw
"""2. ""BMW's i8 is a sports car that doesn't need to apologize for its eco-friendliness.""",bmw
"""3. ""My BMW 7 Series is like driving a luxury suite on wheels.""",bmw
"""4. ""BMW's M5 Competition is the ultimate sleeper car.""",bmw
"""5. ""The BMW X5's off-road capabilities are surprisingly impressive.""",bmw
"""6. ""I've never seen a BMW that didn't turn heads.""",bmw
"""7. ""BMW's EfficientDynamics is making my wallet happier.""",bmw
"""8. ""The new BMW 8 Series is a stunning blend of power and elegance.""",bmw
"""9. ""I can't believe how well my BMW 2 Series handles in snow, thanks to xDrive.""",bmw
"""10. ""BMW's interior design is always a step above the rest.""",bmw
"""11. ""My BMW 1 Series is agile and fun, like a go-kart for grown-ups.""",bmw
"""12. ""BMW's 'Sheer Driving Pleasure' is not just a slogan, it's a promise.""",bmw
"""13. ""The BMW 5 Series' M Sport package is worth every penny.""",bmw
"""14. ""BMW's i3 is proof that electric cars can be exciting.""",bmw
"""15. ""I've owned several BMWs, and the build quality never disappoints.""",bmw
"""16. ""BMW's navigation system is intuitive and user-friendly.""",bmw
"""17. ""The BMW Z4's roadster charm is undeniable.""",bmw
"""18. ""BMW's maintenance costs are a bit steep for me, but the driving experience is worth it.""",bmw
"""19. ""I'm not a car guy, but even I can appreciate a well-designed BMW.""",bmw
"""20. ""BMW's advanced driver assistance systems make city driving a breeze.""",bmw
"""21. ""The BMW X3's interior is spacious and luxurious, like a small SUV shouldn't be.""",bmw
"""22. ""BMW's M Performance models are the perfect blend of luxury and sportiness.""",bmw
"""23. ""I've never felt safer on the road than in my BMW 3 Series.""",bmw
"""24. ""BMW's kidney grille is an iconic symbol of luxury and performance.""",bmw
"""25. ""The BMW 4 Series Gran Coupe is a four-door sports car, and it's glorious.""",bmw
"""26. ""I've never understood the hype around BMWs, until I drove one.""",bmw
"""27. ""BMW's color options are always spot-on, especially the San Remo Green.""",bmw
"""28. ""The BMW 6 Series Gran Turismo is a car that does everything well.""",bmw
"""29. ""BMW's driving dynamics are second to none, even compared to Audis and Mercs.""",bmw
"""30. ""I'm a skeptic, but BMW's plug-in hybrid technology is impressive.""",bmw
"""31. ""The BMW 2 Series Convertible is the perfect car for sunny days.""",bmw
"""32. ""BMW's 'Ultimate Driving Machine' tagline is more than just marketing.""",bmw
"""33. ""I can't wait to get my hands on the new BMW M3 Competition Package.""",bmw
"""34. ""BMW's iNext concept car is a glimpse into the future of driving.""",bmw
"""35. ""The BMW 1 Series' agility makes it a joy to drive in the city.""",bmw
"""36. ""BMW's 3 Series is the gold standard for compact luxury cars.""",bmw
"""37. ""I've always preferred the handling of BMWs over other German brands.""",bmw
"""38. ""BMW's 'Iconic Lights' are a beautiful touch, both inside and out.""",bmw
"""39. ""The BMW 5 Series' M Sport seats are incredibly comfortable and supportive.""",bmw
"""40. ""BMW's 'Sheer Pleasure' is more than just a marketing slogan, it's an experience.""",bmw
"""41. ""I've never owned a BMW, but I've always wanted to.""",bmw
"""42. ""BMW's i8 is a supercar that doesn't need a supercar price tag.""",bmw
"""43. ""The BMW 7 Series' interior is a masterclass in luxury and technology.""",bmw
"""44. ""BMW's 'Eco' models prove that you don't need to compromise on performance for efficiency.""",bmw
"""45. ""I'm a first-time BMW buyer, and I'm already impressed.""",bmw
"""46. ""BMW's M Performance parts add a touch of sportiness to any model.""",bmw
"""47. ""The BMW X7 is a luxury SUV that doesn't sacrifice performance.""",bmw
"""48. ""BMW's driving experience is something every car enthusiast should try.""",bmw
"""49. ""I've owned several BMWs, and each one has been a step above the last.""",bmw
"""50. ""BMW's 'Joy of Driving' is not just a tagline, it's a reality.""",bmw
""". ""I've just test-driven the BMW 3 Series, and it's a whole new world of precision.""",bmw
"""2. ""BMW's i8 is a sports car that doesn't need to apologize for its eco-friendliness.""",bmw
"""3. ""My BMW 7 Series is like driving a luxury suite on wheels.""",bmw
"""4. ""BMW's M5 Competition is the ultimate sleeper car.""",bmw
"""5. ""The BMW X5's off-road capabilities are surprisingly impressive.""",bmw
"""6. ""I've never seen a BMW that didn't turn heads.""",bmw
"""7. ""BMW's EfficientDynamics is making my wallet happier.""",bmw
"""8. ""The new BMW 8 Series is a stunning blend of power and elegance.""",bmw
"""9. ""I can't believe how well my BMW 2 Series handles in snow, thanks to xDrive.""",bmw
"""10. ""BMW's interior design is always a step above the rest.""",bmw
"""11. ""My BMW 1 Series is agile and fun, like a go-kart for grown-ups.""",bmw
"""12. ""BMW's 'Sheer Driving Pleasure' is not just a slogan, it's a promise.""",bmw
"""13. ""The BMW 5 Series' M Sport package is worth every penny.""",bmw
"""14. ""BMW's i3 is proof that electric cars can be exciting.""",bmw
"""15. ""I've owned several BMWs, and the build quality never disappoints.""",bmw
"""16. ""BMW's navigation system is intuitive and user-friendly.""",bmw
"""17. ""The BMW Z4's roadster charm is undeniable.""",bmw
"""18. ""BMW's maintenance costs are a bit steep for me, but the driving experience is worth it.""",bmw
"""19. ""I'm not a car guy, but even I can appreciate a well-designed BMW.""",bmw
"""20. ""BMW's advanced driver assistance systems make city driving a breeze.""",bmw
"""21. ""The BMW X3's interior is spacious and luxurious, like a small SUV shouldn't be.""",bmw
"""22. ""BMW's M Performance models are the perfect blend of luxury and sportiness.""",bmw
"""23. ""I've never felt safer on the road than in my BMW 3 Series.""",bmw
"""24. ""BMW's kidney grille is an iconic symbol of luxury and performance.""",bmw
"""25. ""The BMW 4 Series Gran Coupe is a four-door sports car, and it's glorious.""",bmw
"""26. ""I've never understood the hype around BMWs, until I drove one.""",bmw
"""27. ""BMW's color options are always spot-on, especially the San Remo Green.""",bmw
"""28. ""The BMW 6 Series Gran Turismo is a car that does everything well.""",bmw
"""29. ""BMW's driving dynamics are second to none, even compared to Audis and Mercs.""",bmw
"""30. ""I'm a skeptic, but BMW's plug-in hybrid technology is impressive.""",bmw
"""31. ""The BMW 2 Series Convertible is the perfect car for sunny days.""",bmw
"""32. ""BMW's 'Ultimate Driving Machine' tagline is more than just marketing.""",bmw
"""33. ""I can't wait to get my hands on the new BMW M3 Competition Package.""",bmw
"""34. ""BMW's iNext concept car is a glimpse into the future of driving.""",bmw
"""35. ""The BMW 1 Series' agility makes it a joy to drive in the city.""",bmw
"""36. ""BMW's 3 Series is the gold standard for compact luxury cars.""",bmw
"""37. ""I've always preferred the handling of BMWs over other German brands.""",bmw
"""38. ""BMW's 'Iconic Lights' are a beautiful touch, both inside and out.""",bmw
"""39. ""The BMW 5 Series' M Sport seats are incredibly comfortable and supportive.""",bmw
"""40. ""BMW's 'Sheer Pleasure' is more than just a marketing slogan, it's an experience.""",bmw
"""41. ""I've never owned a BMW, but I've always wanted to.""",bmw
"""42. ""BMW's i8 is a supercar that doesn't need a supercar price tag.""",bmw
"""43. ""The BMW 7 Series' interior is a masterclass in luxury and technology.""",bmw
"""44. ""BMW's 'Eco' models prove that you don't need to compromise on performance for efficiency.""",bmw
"""45. ""I'm a first-time BMW buyer, and I'm already impressed.""",bmw
"""46. ""BMW's M Performance parts add a touch of sportiness to any model.""",bmw
"""47. ""The BMW X7 is a luxury SUV that doesn't sacrifice performance.""",bmw
"""48. ""BMW's driving experience is something every car enthusiast should try.""",bmw
"""49. ""I've owned several BMWs, and each one has been a step above the last.""",bmw
"""50. ""BMW's 'Joy of Driving' is not just a tagline, it's a reality.""",bmw
"""- ""I've finally taken the leap and bought my first BMW, a 3 Series. It's a thrill to drive!""",bmw
"""- ""The BMW 7 Series is the epitome of luxury on wheels.""",bmw
"""- ""My neighbor's M3 sounds like a symphony on the road.""",bmw
"""- ""BMW's iDrive system took me a while to get used to, but now I wouldn't trade it.""",bmw
"""- ""The BMW Z4's design is sleek and sporty, just my style.""",bmw
"""- ""BMW's commitment to performance is unparalleled, even in their SUVs like the X5.""",bmw
"""- ""I've owned a BMW for 10 years, and it's still a joy to drive.""",bmw
"""- ""The BMW 2 Series Gran Coupe is a great blend of luxury and practicality.""",bmw
"""- ""BMW's E46 M3 is a classic that still holds its own against modern cars.""",bmw
"""- ""BMW's fuel efficiency could use some improvement, though.""",bmw
"""- ""The BMW X1's interior is spacious and well-designed, perfect for my family.""",bmw
"""- ""I prefer the Audi A4's interior over the BMW 3 Series, but BMW's driving experience is unmatched.""",bmw
"""- ""BMW's 'Ultimate Driving Machine' slogan is more than just marketing.""",bmw
"""- ""The BMW M8 is a beast under the hood, but it's a bit too flashy for my taste.""",bmw
"""- ""BMW's customer service left me wanting, when I had to bring in my 5 Series for repairs.""",bmw
"""- ""The BMW 4 Series' coupe body is sexy, but the convertible is a head-turner.""",bmw
"""- ""BMW's innovation with electric vehicles is exciting, but I'll wait for the iX3's reviews.""",bmw
"""- ""The BMW 8 Series' performance is impressive, but it's not as engaging as I'd hoped.""",bmw
"""- ""I test drove a Mercedes-Benz C-Class, but the BMW 3 Series felt more connected to the road.""",bmw
"""- ""BMW's run-flat tires are a convenience, but they're pricey to replace.""",bmw
"""- ""The BMW X3's off-road capability is surprisingly good for an SUV.""",bmw
"""- ""BMW's infotainment system is intuitive and sleek, once you get used to it.""",bmw
"""- ""BMW's pricing is steep, but the ownership experience is worth it.""",bmw
"""- ""I sold my Audi A6 for a BMW 5 Series - best decision I've made.""",bmw
"""- ""BMW's paint job quality is top-notch, but the interior materials could be better.""",bmw
"""- ""The BMW 7 Series' air suspension is pure magic on rough roads.""",bmw
"""- ""BMW's service plans are expensive, but they're comprehensive.""",bmw
"""- ""I prefer the Lexus IS' reliability over the BMW 3 Series, but BMW's driving experience wins me over.""",bmw
"""- ""BMW's double-kidney grille design is iconic, but I'm not a fan of the latest, larger version.""",bmw
"""- ""BMW's aftermarket support is extensive, keeping my old E39 M5 running smoothly.""",bmw
"""- ""The BMW 2 Series' rear seats are tight, but the driving experience makes up for it.""",bmw
"""- ""BMW's navigation system is reliable, but I wish it had more detailed maps.""",bmw
"""- ""I've had my BMW 6 Series for five years, and it still looks and drives like new.""",bmw
"""- ""BMW's heated seats are a godsend in winter, but they take forever to warm up.""",bmw
"""- ""The BMW i8 is a stunning blend of performance and efficiency, but it's out of my price range.""",bmw
"""- ""BMW's parking assist is a game-changer, but I still prefer to parallel park manually.""",bmw
"""- ""BMW's warranty coverage is good, but it's not as extensive as some other luxury brands.""",bmw
"""- ""I leased a BMW 4 Series, and the dealership made the process painless.""",bmw
"""1. ""Just took my new 3 Series for a spin, it's like driving on a cloud!""",bmw
"""2. ""BMW's iDrive system took me a while to get used to, but now I couldn't live without it.""",bmw
"""3. ""The M8 Competition's engine growl is music to my ears.""",bmw
"""4. ""My first BMW, an X1, has been a game-changer for my commute.""",bmw
"""5. ""The 7 Series' interior is a luxurious sanctuary after a long day at work.""",bmw
"""6. ""BMW's EfficientDynamics sure helped my 2 Series Active Tourer's fuel efficiency.""",bmw
"""7. ""The i8's design is still futuristic, even after all these years.""",bmw
"""8. ""BMW's customer service left a lot to be desired when my 5 Series had issues.""",bmw
"""9. ""The 8 Series Gran Coupe is a head-turner, pure and simple.""",bmw
"""10. ""I've had my E46 for over a decade, and it's still going strong.""",bmw
"""11. ""BMW's autonomous driving tech is impressive, but I'm not quite ready to hand over the wheel.""",bmw
"""12. ""The new 4 Series grille is a bit much, I prefer the old design.""",bmw
"""13. ""The M5's power delivery is brutal yet beautifully controlled.""",bmw
"""14. ""BMW's MINI range is a fun, affordable introduction to the brand.""",bmw
"""15. ""The Z4's driving dynamics are a joy on winding roads.""",bmw
"""16. ""BMW's subscription service for their apps is a convenient, if pricey, option.""",bmw
"""17. ""I've had my eye on the 2 Series Convertible for a summer car.""",bmw
"""18. ""BMW's infotainment system is intuitive and user-friendly.""",bmw
"""19. ""The Alpina B7 is the ultimate sleeper car.""",bmw
"""20. ""BMW's adaptive suspension is a game-changer for comfort and handling.""",bmw
"""21. ""I traded in my Audi for a BMW, and I'm not looking back.""",bmw
"""22. ""The 3 Series Touring's practicality is unmatched in its class.""",bmw
"""23. ""BMW's color palette for their cars is always on point.""",bmw
"""24. ""The iX's range anxiety is a real thing, even with fast charging.""",bmw
"""25. ""My neighbor's BMW M3 always sounds like it's revving at idle.""",bmw
"""26. ""BMW's ConnectedDrive services are a must-have for tech-minded drivers.""",bmw
"""27. ""The X5 M's price tag is steep, but worth it for the performance.""",bmw
"""28. ""BMW's kidney grille design is iconic, but I don't need it to be that big.""",bmw
"""29. ""The 6 Series GT's styling is unique, but not everyone's cup of tea.""",bmw
"""30. ""BMW's reliability has been spot-on with my 1 Series.""",bmw
"""31. ""The 4 Series Coupé's rear seats are cramped, but it's a fair trade for the looks.""",bmw
"""32. ""BMW's partnership with Harman Kardon for the audio systems is a winner.""",bmw
"""33. ""I'd love to try out the i3, but I'm worried about the range.""",bmw
"""34. ""BMW's 'Ultimate Driving Machine' tagline is more than just marketing.""",bmw
"""35. ""The X7's size is intimidating, but it's a smooth ride.""",bmw
"""36. ""BMW's M Performance parts add a nice touch to my 2 Series.""",bmw
"""37. ""The 8 Series Convertible's roof mechanism is silent and swift.""",bmw
"""38. ""BMW's driver training courses are a great way to learn the limits of your car.""",bmw
"""39. ""The 7 Series' air suspension is a godsend for potholed roads.""",bmw
"""40. ""BMW's fuel prices for their cars are on par with the competition.""",bmw
"""41. ""My friend's BMW 2 Series Active Tourer is surprisingly practical for a 'hot hatch'.""",bmw
"""42. ""BMW's paint quality is consistently excellent across their range.""",bmw
"""43. ""The M2's agility is incredible, but it's not the most comfortable daily driver.""",bmw
"""44. ""BMW's collaboration with The Rolling Stones for a special edition 8 Series is genius.""",bmw
"""45. ""I'm not a fan of BMW's recent focus on SUVs over sports cars.""",bmw
"""46. ""The iX3's electric range is impressive, but the interior feels cramped.""",bmw
"""47. ""BMW's driver assistance tech is advanced, but I prefer keeping my hands on the wheel.""",bmw
"""48. ""The 5 Series' interior noise levels are impressively low, even at high speeds.""",bmw
"""49. ""BMW's 'Sheer Driving Pleasure' mantra is alive and well in the M4.""",bmw
"""50. ""BMW's pricing strategy can be a bit aggressive, but their resale value is excellent.""",bmw
""". ""I've just test-driven the BMW 3 Series, and it's a whole new world of precision.""",bmw
"""2. ""BMW's i8 is a sports car that doesn't need to apologize for its eco-friendliness.""",bmw
"""3. ""My BMW 7 Series is like driving a luxury suite on wheels.""",bmw
"""4. ""BMW's M5 Competition is the ultimate sleeper car.""",bmw
"""5. ""The BMW X5's off-road capabilities are surprisingly impressive.""",bmw
"""6. ""I've never seen a BMW that didn't turn heads.""",bmw
"""7. ""BMW's EfficientDynamics is making my wallet happier.""",bmw
"""8. ""The new BMW 8 Series is a stunning blend of power and elegance.""",bmw
"""9. ""I can't believe how well my BMW 2 Series handles in snow, thanks to xDrive.""",bmw
"""10. ""BMW's interior design is always a step above the rest.""",bmw
"""11. ""My BMW 1 Series is agile and fun, like a go-kart for grown-ups.""",bmw
"""12. ""BMW's 'Sheer Driving Pleasure' is not just a slogan, it's a promise.""",bmw
"""13. ""The BMW 5 Series' M Sport package is worth every penny.""",bmw
"""14. ""BMW's i3 is proof that electric cars can be exciting.""",bmw
"""15. ""I've owned several BMWs, and the build quality never disappoints.""",bmw
"""16. ""BMW's navigation system is intuitive and user-friendly.""",bmw
"""17. ""The BMW Z4's roadster charm is undeniable.""",bmw
"""18. ""BMW's maintenance costs are a bit steep for me, but the driving experience is worth it.""",bmw
"""19. ""I'm not a car guy, but even I can appreciate a well-designed BMW.""",bmw
"""20. ""BMW's advanced driver assistance systems make city driving a breeze.""",bmw
"""21. ""The BMW X3's interior is spacious and luxurious, like a small SUV shouldn't be.""",bmw
"""22. ""BMW's M Performance models are the perfect blend of luxury and sportiness.""",bmw
"""23. ""I've never felt safer on the road than in my BMW 3 Series.""",bmw
"""24. ""BMW's kidney grille is an iconic symbol of luxury and performance.""",bmw
"""25. ""The BMW 4 Series Gran Coupe is a four-door sports car, and it's glorious.""",bmw
"""26. ""I've never understood the hype around BMWs, until I drove one.""",bmw
"""27. ""BMW's color options are always spot-on, especially the San Remo Green.""",bmw
"""28. ""The BMW 6 Series Gran Turismo is a car that does everything well.""",bmw
"""29. ""BMW's driving dynamics are second to none, even compared to Audis and Mercs.""",bmw
"""30. ""I'm a skeptic, but BMW's plug-in hybrid technology is impressive.""",bmw
"""31. ""The BMW 2 Series Convertible is the perfect car for sunny days.""",bmw
"""32. ""BMW's 'Ultimate Driving Machine' tagline is more than just marketing.""",bmw
"""33. ""I can't wait to get my hands on the new BMW M3 Competition Package.""",bmw
"""34. ""BMW's iNext concept car is a glimpse into the future of driving.""",bmw
"""35. ""The BMW 1 Series' agility makes it a joy to drive in the city.""",bmw
"""36. ""BMW's 3 Series is the gold standard for compact luxury cars.""",bmw
"""37. ""I've always preferred the handling of BMWs over other German brands.""",bmw
"""38. ""BMW's 'Iconic Lights' are a beautiful touch, both inside and out.""",bmw
"""39. ""The BMW 5 Series' M Sport seats are incredibly comfortable and supportive.""",bmw
"""40. ""BMW's 'Sheer Pleasure' is more than just a marketing slogan, it's an experience.""",bmw
"""41. ""I've never owned a BMW, but I've always wanted to.""",bmw
"""42. ""BMW's i8 is a supercar that doesn't need a supercar price tag.""",bmw
"""43. ""The BMW 7 Series' interior is a masterclass in luxury and technology.""",bmw
"""44. ""BMW's 'Eco' models prove that you don't need to compromise on performance for efficiency.""",bmw
"""45. ""I'm a first-time BMW buyer, and I'm already impressed.""",bmw
"""46. ""BMW's M Performance parts add a touch of sportiness to any model.""",bmw
"""47. ""The BMW X7 is a luxury SUV that doesn't sacrifice performance.""",bmw
"""48. ""BMW's driving experience is something every car enthusiast should try.""",bmw
"""49. ""I've owned several BMWs, and each one has been a step above the last.""",bmw
"""50. ""BMW's 'Joy of Driving' is not just a tagline, it's a reality.""",bmw
""". ""I've just test-driven the BMW 3 Series, and it's a whole new world of precision.""",bmw
"""2. ""BMW's i8 is a sports car that doesn't need to apologize for its eco-friendliness.""",bmw
"""3. ""My BMW 7 Series is like driving a luxury suite on wheels.""",bmw
"""4. ""BMW's M5 Competition is the ultimate sleeper car.""",bmw
"""5. ""The BMW X5's off-road capabilities are surprisingly impressive.""",bmw
"""6. ""I've never seen a BMW that didn't turn heads.""",bmw
"""7. ""BMW's EfficientDynamics is making my wallet happier.""",bmw
"""8. ""The new BMW 8 Series is a stunning blend of power and elegance.""",bmw
"""9. ""I can't believe how well my BMW 2 Series handles in snow, thanks to xDrive.""",bmw
"""10. ""BMW's interior design is always a step above the rest.""",bmw
"""11. ""My BMW 1 Series is agile and fun, like a go-kart for grown-ups.""",bmw
"""12. ""BMW's 'Sheer Driving Pleasure' is not just a slogan, it's a promise.""",bmw
"""13. ""The BMW 5 Series' M Sport package is worth every penny.""",bmw
"""14. ""BMW's i3 is proof that electric cars can be exciting.""",bmw
"""15. ""I've owned several BMWs, and the build quality never disappoints.""",bmw
"""16. ""BMW's navigation system is intuitive and user-friendly.""",bmw
"""17. ""The BMW Z4's roadster charm is undeniable.""",bmw
"""18. ""BMW's maintenance costs are a bit steep for me, but the driving experience is worth it.""",bmw
"""19. ""I'm not a car guy, but even I can appreciate a well-designed BMW.""",bmw
"""20. ""BMW's advanced driver assistance systems make city driving a breeze.""",bmw
"""21. ""The BMW X3's interior is spacious and luxurious, like a small SUV shouldn't be.""",bmw
"""22. ""BMW's M Performance models are the perfect blend of luxury and sportiness.""",bmw
"""23. ""I've never felt safer on the road than in my BMW 3 Series.""",bmw
"""24. ""BMW's kidney grille is an iconic symbol of luxury and performance.""",bmw
"""25. ""The BMW 4 Series Gran Coupe is a four-door sports car, and it's glorious.""",bmw
"""26. ""I've never understood the hype around BMWs, until I drove one.""",bmw
"""27. ""BMW's color options are always spot-on, especially the San Remo Green.""",bmw
"""28. ""The BMW 6 Series Gran Turismo is a car that does everything well.""",bmw
"""29. ""BMW's driving dynamics are second to none, even compared to Audis and Mercs.""",bmw
"""30. ""I'm a skeptic, but BMW's plug-in hybrid technology is impressive.""",bmw
"""31. ""The BMW 2 Series Convertible is the perfect car for sunny days.""",bmw
"""32. ""BMW's 'Ultimate Driving Machine' tagline is more than just marketing.""",bmw
"""33. ""I can't wait to get my hands on the new BMW M3 Competition Package.""",bmw
"""34. ""BMW's iNext concept car is a glimpse into the future of driving.""",bmw
"""35. ""The BMW 1 Series' agility makes it a joy to drive in the city.""",bmw
"""36. ""BMW's 3 Series is the gold standard for compact luxury cars.""",bmw
"""37. ""I've always preferred the handling of BMWs over other German brands.""",bmw
"""38. ""BMW's 'Iconic Lights' are a beautiful touch, both inside and out.""",bmw
"""39. ""The BMW 5 Series' M Sport seats are incredibly comfortable and supportive.""",bmw
"""40. ""BMW's 'Sheer Pleasure' is more than just a marketing slogan, it's an experience.""",bmw
"""41. ""I've never owned a BMW, but I've always wanted to.""",bmw
"""42. ""BMW's i8 is a supercar that doesn't need a supercar price tag.""",bmw
"""43. ""The BMW 7 Series' interior is a masterclass in luxury and technology.""",bmw
"""44. ""BMW's 'Eco' models prove that you don't need to compromise on performance for efficiency.""",bmw
"""45. ""I'm a first-time BMW buyer, and I'm already impressed.""",bmw
"""46. ""BMW's M Performance parts add a touch of sportiness to any model.""",bmw
"""47. ""The BMW X7 is a luxury SUV that doesn't sacrifice performance.""",bmw
"""48. ""BMW's driving experience is something every car enthusiast should try.""",bmw
"""49. ""I've owned several BMWs, and each one has been a step above the last.""",bmw
"""50. ""BMW's 'Joy of Driving' is not just a tagline, it's a reality.""",bmw
"""1. ""I finally test drove the new BMW M3, and its acceleration is insane!""",bmw
"""2. ""The i8's futuristic design is still a head-turner, even after all these years.""",bmw
"""3. ""BMW's adaptive cruise control is a game-changer on long highway drives.""",bmw
"""4. ""I've had my 3 Series for five years, and it's been as reliable as can be.""",bmw
"""5. ""The BMW X5's interior is luxurious, but the infotainment system can be a hassle.""",bmw
"""6. ""BMW's 'Ultimate Driving Machine' tagline is not just marketing; it's a promise they keep.""",bmw
"""7. ""I'm a skeptic, but even I must admit, BMW's engines sound fantastic.""",bmw
"""8. ""The 7 Series' massage seats are a bit over the top, but I'm not complaining.""",bmw
"""9. ""BMW's EfficientDynamics is a great way to save on fuel, even in the high-performance models.""",bmw
"""10. ""BMW's build quality is top-notch, but their paint jobs seem to scratch easily.""",bmw
"""11. ""The new 4 Series' grille is a bit much, don't you think?""",bmw
"""12. ""BMW's color palette is always spot on, I love the Hockenheim Silver on my 2 Series.""",bmw
"""13. ""The iX's all-electric range is impressive, but the charging time could be better.""",bmw
"""14. ""BMW's integration of Apple CarPlay is seamless, Android Auto, not so much.""",bmw
"""15. ""I've been a BMW loyalist for decades, and I've never been disappointed.""",bmw
"""16. ""The M5's power delivery is brutal, but the ride is surprisingly comfortable.""",bmw
"""17. ""BMW's salespeople are pushy, I wish they'd let me test drive without the hard sell.""",bmw
"""18. ""The 8 Series Convertible's soft top is quiet and well-insulated, even at high speeds.""",bmw
"""19. ""BMW's tech features are impressive, but they can be overwhelming for first-time buyers.""",bmw
"""20. ""I traded in my Audi for a BMW, and the driving experience is night and day.""",bmw
"""21. ""BMW's service centers are expensive, but their work is top-notch.""",bmw
"""22. ""The 5 Series' rear seats are spacious, but the roofline cuts into headroom.""",bmw
"""23. ""BMW's driver assistance features are great, but I prefer to keep my hands on the wheel.""",bmw
"""24. ""I'm in love with the M2's agility, it's like driving a go-kart.""",bmw
"""25. ""BMW's partnership with Harman Kardon for the stereo system is a match made in heaven.""",bmw
"""26. ""The 3 Series' iDrive system is user-friendly, once you get the hang of it.""",bmw
"""27. ""BMW's marketing makes them seem exclusive, but they're not unattainable.""",bmw
"""28. ""The Z4's roadster design is beautiful, but I miss the days of the roadster's inline-six engine.""",bmw
"""29. ""BMW's maintenance costs are a bit steep for me, but the resale value is great.""",bmw
"""30. ""I've been leasing BMWs for years, I love the new car smell every two years.""",bmw
"""31. ""The 7 Series' laser headlights are a neat gimmick, but they don't make a huge difference.""",bmw
"""32. ""BMW's M Performance parts are a great way to upgrade your ride without breaking the bank.""",bmw
"""33. ""I've had my eye on the Alpina B7, it's a BMW, but not quite.""",bmw
"""34. ""The X3's interior feels more like a luxury sedan than an SUV.""",bmw
"""35. ""BMW's subscription service for their driving assistance features is a clever idea.""",bmw
"""36. ""I'm not a fan of the kidney grille on the new BMWs, it's too big.""",bmw
"""37. ""The 2 Series Gran Tourer is a practical family car that still feels like a BMW.""",bmw
"""38. ""BMW's commitment to sustainability is evident in their iPerformance models.""",bmw
"""39. ""The 6 Series' coupe design is timeless, even after all these years.""",bmw
"""40. ""BMW's navigation system always gets me where I'm going, even if it takes the scenic route.""",bmw
"""41. ""I traded my BMW for a Mercedes, but I miss the performance and handling.""",bmw
"""42. ""BMW's warranty coverage is comprehensive, but the deductibles are high.""",bmw
"""43. ""The X6's styling is unique, but it's not for everyone.""",bmw
"""44. ""BMW's use of wood and leather in their interiors is top-of-the-line.""",bmw
"""45. ""I've had my i3 for a year now, and I've never had a range anxiety issue.""",bmw
"""46. ""BMW's collaboration with Individual program allows for endless customization.""",bmw
"""47. ""The 1 Series' rear-wheel drive dynamics are a joy to experience.""",bmw
"""48. ""BMW's exhaust note is music to my ears, even in the smaller engines.""",bmw
"""49. ""I've never felt unsafe in a BMW, their safety features are excellent.""",bmw
"""50. ""BMW's commitment to the 'Sheer Driving Pleasure' is evident in every one of their cars.""",bmw
"""I've always wanted a BMW, and my new 3 Series doesn't disappoint. The acceleration is smooth, just as I hoped.""",bmw
"""The M8 Competition's engine growl is music to my ears, it's an absolute beast.""",bmw
"""Driving my BMW 7 Series feels like a luxury every day, the interior is impeccable.""",bmw
"""My first BMW, a 2 Series, and it's been a joy. The iDrive system took some getting used to, but now it's intuitive.""",bmw
"""BMW's EfficientDynamics really shows in my 5 Series, great fuel efficiency for a car this powerful.""",bmw
"""The design of the new BMW 4 Series is a bit polarizing, but I love the aggressive look.""",bmw
"""BMW's commitment to driving pleasure is evident in the Z4, it's pure fun on the roads.""",bmw
"""After years of driving BMWs, I can confirm they hold their value impressively.""",bmw
"""BMW's focus on driver engagement is why I've stuck with them, even if the prices are high.""",bmw
"""I traded in my old Mercedes for a BMW X5, and I'm blown away by the space and comfort.""",bmw
"""The 8 Series' ' opera' lighting is a gimmick, but it's a cool one, I admit.""",bmw
"""The BMW M5's all-wheel-drive system is a game-changer, even for daily commutes.""",bmw
"""BMW's rev-matching technology makes downshifts in my M2 Competition buttery smooth.""",bmw
"""BMW's i8 is a stunning example of how sporty and eco-friendly can coexist.""",bmw
"""BMW's high-performance models are impressive, but the base models feel underwhelming.""",bmw
"""The iX's range is impressive, but I wish BMW had made the interior a bit more spacious.""",bmw
"""BMW's driver-focused design is great, but sometimes I wish for more passenger comfort.""",bmw
"""Comparing the BMW 3 Series to the Audi A4, the BMW feels more engaging to drive.""",bmw
"""BMW's customer service left me waiting too long at the dealership today, not impressed.""",bmw
"""My BMW 6 Series Convertible is a head-turner, but the insurance costs are steep.""",bmw
"""The 1 Series' steering feel is fantastic, but the ride can be a bit firm.""",bmw
"""BMW's 'Sheer Driving Pleasure' slogan is spot on, once you get used to the firm suspension.""",bmw
"""The BMW 7 Series' self-parking feature is a lifesaver in tight spots.""",bmw
"""I expected more from the BMW X3's off-road capabilities, it's more of a city SUV.""",bmw
"""The BMW 2 Series Gran Tourer is perfect for families, plenty of space and practicality.""",bmw
"""BMW's infotainment system is top-notch, but the touchscreen can be laggy at times.""",bmw
"""The i7's predicted future value is impressive, a smart buy for resale.""",bmw
"""My friend's BMW 5 Series Touring has more cargo space than my apartment.""",bmw
"""The BMW M3's Competition Package is worth every penny, it's a track monster.""",bmw
"""I'm a skeptic, but even I have to admit, BMW's made some impressive electric vehicles.""",bmw
"""- ""Just took my new BMW 3 Series for a spin, it's a thrill ride!""",bmw
"""- ""BMW's iDrive system took some getting used to, but now it's intuitive.""",bmw
"""- ""My BMW 5 Series is a beast on the highway, so smooth and quiet.""",bmw
"""- ""Can't wait for the new BMW M3 to drop, it's always a game-changer.""",bmw
"""- ""BMW's design language is timeless, my E30 still turns heads.""",bmw
"""- ""BMW's reliability? It's got a bit of a bad rap, but my 7 Series has been solid.""",bmw
"""- ""The BMW X7 is a status symbol, love it or hate it.""",bmw
"""- ""BMW's EfficientDynamics really makes a difference at the pump.""",bmw
"""- ""I'd take a BMW M5 over a Mercedes-AMG any day, more driver-focused.""",bmw
"""- ""BMW's kidney grille has grown a bit too much for my taste.""",bmw
"""- ""BMW's driver assistance tech is top-notch, makes long drives a breeze.""",bmw
"""- ""First time buying a BMW, feeling the quality and craftsmanship already.""",bmw
"""- ""BMW's sport seats are fantastic, hug you through the curves.""",bmw
"""- ""BMW's price tags are a bit steep, but you get what you pay for.""",bmw
"""- ""BMW's color palette is always spot-on, my Mineral Grey 4 Series is stunning.""",bmw
"""- ""BMW's infotainment system could use a bit more responsiveness.""",bmw
"""- ""The BMW Z4 is a driver's car, pure and simple.""",bmw
"""- ""BMW's air suspension on the 7 Series is cloud-like.""",bmw
"""- ""BMW's diesel engines? No thanks, I'll stick with petrol or electric.""",bmw
"""- ""BMW's market value holds up well, resale is a breeze.""",bmw
"""- ""BMW's electric future excites me, the iX is impressive.""",bmw
"""- ""BMW's iconic logo is instantly recognizable.""",bmw
"""- ""BMW's service isn't cheap, but they know their stuff.""",bmw
"""- ""BMW's M Performance parts are pricey, but worth it for that extra touch.""",bmw
"""- ""BMW's tagline 'The Ultimate Driving Machine' still rings true.""",bmw
"""- ""BMW's interior materials are top-notch, but the iDrive controller could be bigger.""",bmw
"""- ""BMW's build quality is excellent, but the ride can be firm.""",bmw
"""- ""BMW's automatic transmission is smooth as butter.""",bmw
"""- ""BMW's sales and marketing could be more subtle, it's not all about the brand.""",bmw
"""- ""BMW's driver-focused philosophy is what keeps me coming back.""",bmw
"""- ""BMW's competition? Audi's driving dynamics are improving, but BMW still leads.""",bmw
"""- ""BMW's color and trim options are endless, customization is key.""",bmw
"""- ""BMW's navigation system is reliable, but Apple CarPlay needs improvement.""",bmw
"""- ""BMW's exhaust note on the M models is music to my ears.""",bmw
"""- ""BMW's sport steering mode is too artificial for my liking.""",bmw
"""- ""BMW's sales rep was pushy, not the best experience.""",bmw
"""- ""BMW's website could be more user-friendly, especially for first-time buyers.""",bmw
"""- ""BMW's Moonstone Metallic paint is gorgeous on my 8 Series.""",bmw
"""- ""BMW's 'Sheer Driving Pleasure' is a promise they deliver on.""",bmw
"""- ""BMW's M Dynamic mode is too aggressive for daily driving.""",bmw
"""- ""BMW's warranty coverage is adequate, but not impressive.""",bmw
"""- ""BMW's headlights could use better night vision tech.""",bmw
"""- ""BMW's customer support is responsive, but not always helpful.""",bmw
"""- ""BMW's driver assistance tech saves me from city driving stress.""",bmw
"""- ""BMW's motorsport heritage is evident in their road cars.""",bmw
"""- ""BMW's interior design is sophisticated, but some buttons are hard to reach.""",bmw
"""- ""BMW's dynamic stability control is a lifesaver in slippery conditions.""",bmw
"""- ""BMW's fuel economy could be better, but it's not bad for the performance.""",bmw
"""- ""BMW's Apple CarPlay integration needs to be wireless.""",bmw
"""1. ""The new BMW M8 feels like it's on rails, gripping the road with ease.""",bmw
"""2. ""I've always admired the sleek design of a BMW 3 Series, it's timeless.""",bmw
"""3. ""BMW's iDrive system took me a while to get used to, but now I can't live without it.""",bmw
"""4. ""My first BMW, a 2 Series, was a blast to drive, punchy and agile.""",bmw
"""5. ""BMW's commitment to driving dynamics is why I've owned five of their cars.""",bmw
"""6. ""The 7 Series' interior is a sanctuary, pure luxury.""",bmw
"""7. ""BMW's E30 M3 is a true icon, still the benchmark for sport sedans.""",bmw
"""8. ""BMW maintenance costs are a bit steep, but the performance is worth it.""",bmw
"""9. ""I never thought I'd own a BMW, but the 530e plug-in hybrid changed my mind.""",bmw
"""10. ""The new BMW 4 Series' giant grille is a bit too much for me.""",bmw
"""11. ""BMW's color palette is always spot on, I love my Alpine White 3 Series.""",bmw
"""12. ""The M5's power delivery is savage, yet controllable.""",bmw
"""13. ""BMW's autonomous driving features make long highway drives a breeze.""",bmw
"""14. ""I prefer the Audi A4's interior over BMW's, it feels more special.""",bmw
"""15. ""The BMW X5's off-road capabilities are surprisingly good.""",bmw
"""16. ""BMW's engines sound music to my ears, especially the inline-six.""",bmw
"""17. ""The iX's range anxiety is real, I wish it went further on a single charge.""",bmw
"""18. ""BMW's driving experiences are top-notch, the M School is amazing.""",bmw
"""19. ""The 8 Series convertible is a beautiful grand tourer, perfect for cruising.""",bmw
"""20. ""BMW's build quality feels solid, every little detail is well thought out.""",bmw
"""21. ""I've had my BMW 7 Series for 10 years, it's still going strong.""",bmw
"""22. ""The 1 Series' rear-wheel-drive layout is a joy to drive, but the lack of space in the back is a deal-breaker.""",bmw
"""23. ""BMW's collaboration with Louis Vuitton on the 8 Series is a masterclass in luxury.""",bmw
"""24. ""The X7's size is impressive, but it feels less agile than other BMW SUVs.""",bmw
"""25. ""BMW's dynamics are why I'll never own a Mercedes or Audi again.""",bmw
"""26. ""The 2 Series Gran Coupe is a great alternative to the 3 Series sedan.""",bmw
"""27. ""BMW's infotainment system can be distracting while driving.""",bmw
"""28. ""I sold my Mercedes for a BMW, the driving experience is just better.""",bmw
"""29. ""The BMW Z4's design is too polarizing for me, I prefer the looks of the Toyota Supra.""",bmw
"""30. ""BMW's marketing is on point, I wanted a 5 Series after seeing their ads.""",bmw
"""31. ""The i3's city driving is great, but it's not a practical long-distance car.""",bmw
"""32. ""BMW's engine noise is piped into the cabin, it feels artificial.""",bmw
"""33. ""I've always wanted a BMW, finally got my hands on a 4 Series.""",bmw
"""34. ""BMW's reliability is questionable, my friend's 5 Series has had several issues.""",bmw
"""35. ""The M850i's engine note is addictive, it makes every drive enjoyable.""",bmw
"""36. ""BMW's autonomous capabilities are impressive, but I prefer to drive myself.""",bmw
"""37. ""The 6 Series GT is a unique blend of a sport sedan and an SUV.""",bmw
"""38. ""BMW's pricing is steep, but the performance and luxury justify it.""",bmw
"""39. ""I tried a BMW, but I prefer the comfort and refinement of Lexus.""",bmw
"""40. ""The M2's driving experience is raw and engaging, just what I wanted.""",bmw
"""41. ""BMW's customer service has been excellent throughout my ownership.""",bmw
"""42. ""The 3 Series Touring is a practical choice, but it lacks the sportiness of the sedan.""",bmw
"""43. ""BMW's fuel economy could be better, especially in the larger models.""",bmw
"""44. ""The X3's interior feels cramped compared to other BMW models.""",bmw
"""45. ""BMW's individualization options allow me to truly make my car my own.""",bmw
"""46. ""I test drove a BMW, but the Mercedes' interior was more to my taste.""",bmw
"""47. ""The 1M's limited production makes it even more special to drive.""",bmw
"""48. ""BMW's driver-focused approach is what keeps me coming back.""",bmw
"""49. ""The 8 Series' ride is firm, but it's perfect for spirited driving.""",bmw
"""50. ""BMW's reputation for performance is what sold me on the brand.""",bmw
"""1. ""The new BMW 3 Series is a driver's dream.""",bmw
"""2. ""BMW's 'Ultimate Driving Machine' tagline is no empty promise.""",bmw
"""3. ""My first BMW, a 2 Series, and I've never looked back.""",bmw
"""4. ""BMW's iDrive system took some getting used to, but now I couldn't live without it.""",bmw
"""5. ""The BMW M5's acceleration is ridiculous, in the best way.""",bmw
"""6. ""BMW's commitment to sustainability is evident in their i8 hybrid.""",bmw
"""7. ""I've had my E30 BMW for 20 years, and it still turns heads.""",bmw
"""8. ""BMW's design language is timeless, yet always evolving.""",bmw
"""9. ""The 7 Series' massage seats are a game-changer on long drives.""",bmw
"""10. ""BMW's driver-focused interiors are my favorite in the segment.""",bmw
"""11. ""The 'Bimmer' growl is music to my ears.""",bmw
"""12. ""BMW's sporty handling makes every drive enjoyable.""",bmw
"""13. ""I prefer the aggressive styling of the M models.""",bmw
"""14. ""BMW's kidney grilles are iconic, but they've gotten a bit too big for my taste.""",bmw
"""15. ""The 5 Series' interior feels more premium than its price tag suggests.""",bmw
"""16. ""BMW's dynamic stability control keeps me safe on winding roads.""",bmw
"""17. ""The iX's futuristic design is unlike any other SUV.""",bmw
"""18. ""BMW's head-up display is a godsend on long road trips.""",bmw
"""19. ""My friend's BMW X6 is too high for its own good.""",bmw
"""20. ""BMW's reliability is hit or miss, but their performance is always on point.""",bmw
"""21. ""The Z4's roadster design is gorgeous, but impractical for daily use.""",bmw
"""22. ""BMW's autonomous driving features are impressive, but I'm not ready to let go of the wheel.""",bmw
"""23. ""BMW's GPS navigation is always reliable, even in remote areas.""",bmw
"""24. ""The 4 Series' 'Grin factor' is through the roof.""",bmw
"""25. ""BMW's aftermarket scene is vast, but their stock performance is hard to beat.""",bmw
"""26. ""BMW's paint quality is top-notch, but their plastic interior bits feel cheap.""",bmw
"""27. ""The 3 Series is the quintessential compact luxury car.""",bmw
"""28. ""BMW's advertisement claims are often exaggerated, but their performance isn't.""",bmw
"""29. ""The 8 Series is a beautiful grand tourer, but it's too soft for track use.""",bmw
"""30. ""BMW's customer service left a lot to be desired when my 7 Series broke down.""",bmw
"""31. ""The 2 Series' rear-wheel-drive dynamics are engaging, but the interior feels cramped.""",bmw
"""32. ""BMW's infotainment system is intuitive, but the touchscreen is too sensitive.""",bmw
"""33. ""The 6 Series' coupe design is stunning, but its practicality is lacking.""",bmw
"""34. ""BMW's fuel economy could be better, but their performance makes up for it.""",bmw
"""35. ""BMW's M Performance models offer a great balance between luxury and sport.""",bmw
"""36. ""I've heard BMW's engines are noisy, but I love the sound.""",bmw
"""37. ""BMW's warranty coverage is adequate, but not exceptional.""",bmw
"""38. ""The 1 Series' small size is perfect for city driving, but its power is lacking.""",bmw
"""39. ""BMW's adaptive cruise control is a lifesaver in heavy traffic.""",bmw
"""40. ""I've heard BMW's comfort is overrated, but I find their seats supportive.""",bmw
"""41. ""BMW's backseat space is lacking in many of their models.""",bmw
"""42. ""BMW's reputation for quality is well-deserved, but their prices reflect that.""",bmw
"""43. ""The 5 Series' mid-size luxury segment is crowded, but BMW stands out.""",bmw
"""44. ""BMW's 'Sheer Driving Pleasure' is no empty promise, but their ride can be firm.""",bmw
"""45. ""BMW's SUVs are popular, but they're not my cup of tea.""",bmw
"""46. ""BMW's safety ratings are impressive, but their driver assistance features can be invasive.""",bmw
"""47. ""The 9 Series never made it to production, but I wish it had.""",bmw
"""48. ""BMW's iX3 is a great EV, but it's too expensive for me.""",bmw
"""49. ""BMW's M8 Competition is a wolf in sheep's clothing.""",bmw
"""50. ""BMW's new grille design is polarizing, but it's grown on me.""",bmw
""". ""I've just test-driven the BMW 3 Series, and it's a whole new world of precision.""",bmw
"""2. ""BMW's i8 is a sports car that doesn't need to apologize for its eco-friendliness.""",bmw
"""3. ""My BMW 7 Series is like driving a luxury suite on wheels.""",bmw
"""4. ""BMW's M5 Competition is the ultimate sleeper car.""",bmw
"""5. ""The BMW X5's off-road capabilities are surprisingly impressive.""",bmw
"""6. ""I've never seen a BMW that didn't turn heads.""",bmw
"""7. ""BMW's EfficientDynamics is making my wallet happier.""",bmw
"""8. ""The new BMW 8 Series is a stunning blend of power and elegance.""",bmw
"""9. ""I can't believe how well my BMW 2 Series handles in snow, thanks to xDrive.""",bmw
"""10. ""BMW's interior design is always a step above the rest.""",bmw
"""11. ""My BMW 1 Series is agile and fun, like a go-kart for grown-ups.""",bmw
"""12. ""BMW's 'Sheer Driving Pleasure' is not just a slogan, it's a promise.""",bmw
"""13. ""The BMW 5 Series' M Sport package is worth every penny.""",bmw
"""14. ""BMW's i3 is proof that electric cars can be exciting.""",bmw
"""15. ""I've owned several BMWs, and the build quality never disappoints.""",bmw
"""16. ""BMW's navigation system is intuitive and user-friendly.""",bmw
"""17. ""The BMW Z4's roadster charm is undeniable.""",bmw
"""18. ""BMW's maintenance costs are a bit steep for me, but the driving experience is worth it.""",bmw
"""19. ""I'm not a car guy, but even I can appreciate a well-designed BMW.""",bmw
"""20. ""BMW's advanced driver assistance systems make city driving a breeze.""",bmw
"""21. ""The BMW X3's interior is spacious and luxurious, like a small SUV shouldn't be.""",bmw
"""22. ""BMW's M Performance models are the perfect blend of luxury and sportiness.""",bmw
"""23. ""I've never felt safer on the road than in my BMW 3 Series.""",bmw
"""24. ""BMW's kidney grille is an iconic symbol of luxury and performance.""",bmw
"""25. ""The BMW 4 Series Gran Coupe is a four-door sports car, and it's glorious.""",bmw
"""26. ""I've never understood the hype around BMWs, until I drove one.""",bmw
"""27. ""BMW's color options are always spot-on, especially the San Remo Green.""",bmw
"""28. ""The BMW 6 Series Gran Turismo is a car that does everything well.""",bmw
"""29. ""BMW's driving dynamics are second to none, even compared to Audis and Mercs.""",bmw
"""30. ""I'm a skeptic, but BMW's plug-in hybrid technology is impressive.""",bmw
"""31. ""The BMW 2 Series Convertible is the perfect car for sunny days.""",bmw
"""32. ""BMW's 'Ultimate Driving Machine' tagline is more than just marketing.""",bmw
"""33. ""I can't wait to get my hands on the new BMW M3 Competition Package.""",bmw
"""34. ""BMW's iNext concept car is a glimpse into the future of driving.""",bmw
"""35. ""The BMW 1 Series' agility makes it a joy to drive in the city.""",bmw
"""36. ""BMW's 3 Series is the gold standard for compact luxury cars.""",bmw
"""37. ""I've always preferred the handling of BMWs over other German brands.""",bmw
"""38. ""BMW's 'Iconic Lights' are a beautiful touch, both inside and out.""",bmw
"""39. ""The BMW 5 Series' M Sport seats are incredibly comfortable and supportive.""",bmw
"""40. ""BMW's 'Sheer Pleasure' is more than just a marketing slogan, it's an experience.""",bmw
"""41. ""I've never owned a BMW, but I've always wanted to.""",bmw
"""42. ""BMW's i8 is a supercar that doesn't need a supercar price tag.""",bmw
"""43. ""The BMW 7 Series' interior is a masterclass in luxury and technology.""",bmw
"""44. ""BMW's 'Eco' models prove that you don't need to compromise on performance for efficiency.""",bmw
"""45. ""I'm a first-time BMW buyer, and I'm already impressed.""",bmw
"""46. ""BMW's M Performance parts add a touch of sportiness to any model.""",bmw
"""47. ""The BMW X7 is a luxury SUV that doesn't sacrifice performance.""",bmw
"""48. ""BMW's driving experience is something every car enthusiast should try.""",bmw
"""49. ""I've owned several BMWs, and each one has been a step above the last.""",bmw
"""50. ""BMW's 'Joy of Driving' is not just a tagline, it's a reality.""",bmw
""". ""I've just test-driven the BMW 3 Series, and it's a whole new world of precision.""",bmw
"""2. ""BMW's i8 is a sports car that doesn't need to apologize for its eco-friendliness.""",bmw
"""3. ""My BMW 7 Series is like driving a luxury suite on wheels.""",bmw
"""4. ""BMW's M5 Competition is the ultimate sleeper car.""",bmw
"""5. ""The BMW X5's off-road capabilities are surprisingly impressive.""",bmw
"""6. ""I've never seen a BMW that didn't turn heads.""",bmw
"""7. ""BMW's EfficientDynamics is making my wallet happier.""",bmw
"""8. ""The new BMW 8 Series is a stunning blend of power and elegance.""",bmw
"""9. ""I can't believe how well my BMW 2 Series handles in snow, thanks to xDrive.""",bmw
"""10. ""BMW's interior design is always a step above the rest.""",bmw
"""11. ""My BMW 1 Series is agile and fun, like a go-kart for grown-ups.""",bmw
"""12. ""BMW's 'Sheer Driving Pleasure' is not just a slogan, it's a promise.""",bmw
"""13. ""The BMW 5 Series' M Sport package is worth every penny.""",bmw
"""14. ""BMW's i3 is proof that electric cars can be exciting.""",bmw
"""15. ""I've owned several BMWs, and the build quality never disappoints.""",bmw
"""16. ""BMW's navigation system is intuitive and user-friendly.""",bmw
"""17. ""The BMW Z4's roadster charm is undeniable.""",bmw
"""18. ""BMW's maintenance costs are a bit steep for me, but the driving experience is worth it.""",bmw
"""19. ""I'm not a car guy, but even I can appreciate a well-designed BMW.""",bmw
"""20. ""BMW's advanced driver assistance systems make city driving a breeze.""",bmw
"""21. ""The BMW X3's interior is spacious and luxurious, like a small SUV shouldn't be.""",bmw
"""22. ""BMW's M Performance models are the perfect blend of luxury and sportiness.""",bmw
"""23. ""I've never felt safer on the road than in my BMW 3 Series.""",bmw
"""24. ""BMW's kidney grille is an iconic symbol of luxury and performance.""",bmw
"""25. ""The BMW 4 Series Gran Coupe is a four-door sports car, and it's glorious.""",bmw
"""26. ""I've never understood the hype around BMWs, until I drove one.""",bmw
"""27. ""BMW's color options are always spot-on, especially the San Remo Green.""",bmw
"""28. ""The BMW 6 Series Gran Turismo is a car that does everything well.""",bmw
"""29. ""BMW's driving dynamics are second to none, even compared to Audis and Mercs.""",bmw
"""30. ""I'm a skeptic, but BMW's plug-in hybrid technology is impressive.""",bmw
"""31. ""The BMW 2 Series Convertible is the perfect car for sunny days.""",bmw
"""32. ""BMW's 'Ultimate Driving Machine' tagline is more than just marketing.""",bmw
"""33. ""I can't wait to get my hands on the new BMW M3 Competition Package.""",bmw
"""34. ""BMW's iNext concept car is a glimpse into the future of driving.""",bmw
"""35. ""The BMW 1 Series' agility makes it a joy to drive in the city.""",bmw
"""36. ""BMW's 3 Series is the gold standard for compact luxury cars.""",bmw
"""37. ""I've always preferred the handling of BMWs over other German brands.""",bmw
"""38. ""BMW's 'Iconic Lights' are a beautiful touch, both inside and out.""",bmw
"""39. ""The BMW 5 Series' M Sport seats are incredibly comfortable and supportive.""",bmw
"""40. ""BMW's 'Sheer Pleasure' is more than just a marketing slogan, it's an experience.""",bmw
"""41. ""I've never owned a BMW, but I've always wanted to.""",bmw
"""42. ""BMW's i8 is a supercar that doesn't need a supercar price tag.""",bmw
"""43. ""The BMW 7 Series' interior is a masterclass in luxury and technology.""",bmw
"""44. ""BMW's 'Eco' models prove that you don't need to compromise on performance for efficiency.""",bmw
"""45. ""I'm a first-time BMW buyer, and I'm already impressed.""",bmw
"""46. ""BMW's M Performance parts add a touch of sportiness to any model.""",bmw
"""47. ""The BMW X7 is a luxury SUV that doesn't sacrifice performance.""",bmw
"""48. ""BMW's driving experience is something every car enthusiast should try.""",bmw
"""49. ""I've owned several BMWs, and each one has been a step above the last.""",bmw
"""50. ""BMW's 'Joy of Driving' is not just a tagline, it's a reality.""",bmw
""". ""I've just test-driven the BMW 3 Series, and it's a whole new world of precision.""",bmw
"""2. ""BMW's i8 is a sports car that doesn't need to apologize for its eco-friendliness.""",bmw
"""3. ""My BMW 7 Series is like driving a luxury suite on wheels.""",bmw
"""4. ""BMW's M5 Competition is the ultimate sleeper car.""",bmw
"""5. ""The BMW X5's off-road capabilities are surprisingly impressive.""",bmw
"""6. ""I've never seen a BMW that didn't turn heads.""",bmw
"""7. ""BMW's EfficientDynamics is making my wallet happier.""",bmw
"""8. ""The new BMW 8 Series is a stunning blend of power and elegance.""",bmw
"""9. ""I can't believe how well my BMW 2 Series handles in snow, thanks to xDrive.""",bmw
"""10. ""BMW's interior design is always a step above the rest.""",bmw
"""11. ""My BMW 1 Series is agile and fun, like a go-kart for grown-ups.""",bmw
"""12. ""BMW's 'Sheer Driving Pleasure' is not just a slogan, it's a promise.""",bmw
"""13. ""The BMW 5 Series' M Sport package is worth every penny.""",bmw
"""14. ""BMW's i3 is proof that electric cars can be exciting.""",bmw
"""15. ""I've owned several BMWs, and the build quality never disappoints.""",bmw
"""16. ""BMW's navigation system is intuitive and user-friendly.""",bmw
"""17. ""The BMW Z4's roadster charm is undeniable.""",bmw
"""18. ""BMW's maintenance costs are a bit steep for me, but the driving experience is worth it.""",bmw
"""19. ""I'm not a car guy, but even I can appreciate a well-designed BMW.""",bmw
"""20. ""BMW's advanced driver assistance systems make city driving a breeze.""",bmw
"""21. ""The BMW X3's interior is spacious and luxurious, like a small SUV shouldn't be.""",bmw
"""22. ""BMW's M Performance models are the perfect blend of luxury and sportiness.""",bmw
"""23. ""I've never felt safer on the road than in my BMW 3 Series.""",bmw
"""24. ""BMW's kidney grille is an iconic symbol of luxury and performance.""",bmw
"""25. ""The BMW 4 Series Gran Coupe is a four-door sports car, and it's glorious.""",bmw
"""26. ""I've never understood the hype around BMWs, until I drove one.""",bmw
"""27. ""BMW's color options are always spot-on, especially the San Remo Green.""",bmw
"""28. ""The BMW 6 Series Gran Turismo is a car that does everything well.""",bmw
"""29. ""BMW's driving dynamics are second to none, even compared to Audis and Mercs.""",bmw
"""30. ""I'm a skeptic, but BMW's plug-in hybrid technology is impressive.""",bmw
"""31. ""The BMW 2 Series Convertible is the perfect car for sunny days.""",bmw
"""32. ""BMW's 'Ultimate Driving Machine' tagline is more than just marketing.""",bmw
"""33. ""I can't wait to get my hands on the new BMW M3 Competition Package.""",bmw
"""34. ""BMW's iNext concept car is a glimpse into the future of driving.""",bmw
"""35. ""The BMW 1 Series' agility makes it a joy to drive in the city.""",bmw
"""36. ""BMW's 3 Series is the gold standard for compact luxury cars.""",bmw
"""37. ""I've always preferred the handling of BMWs over other German brands.""",bmw
"""38. ""BMW's 'Iconic Lights' are a beautiful touch, both inside and out.""",bmw
"""39. ""The BMW 5 Series' M Sport seats are incredibly comfortable and supportive.""",bmw
"""40. ""BMW's 'Sheer Pleasure' is more than just a marketing slogan, it's an experience.""",bmw
"""41. ""I've never owned a BMW, but I've always wanted to.""",bmw
"""42. ""BMW's i8 is a supercar that doesn't need a supercar price tag.""",bmw
"""43. ""The BMW 7 Series' interior is a masterclass in luxury and technology.""",bmw
"""44. ""BMW's 'Eco' models prove that you don't need to compromise on performance for efficiency.""",bmw
"""45. ""I'm a first-time BMW buyer, and I'm already impressed.""",bmw
"""46. ""BMW's M Performance parts add a touch of sportiness to any model.""",bmw
"""47. ""The BMW X7 is a luxury SUV that doesn't sacrifice performance.""",bmw
"""48. ""BMW's driving experience is something every car enthusiast should try.""",bmw
"""49. ""I've owned several BMWs, and each one has been a step above the last.""",bmw
"""50. ""BMW's 'Joy of Driving' is not just a tagline, it's a reality.""",bmw
"""1. ""Just took my new BMW 3 Series for a spin, it's an absolute joy on the open road!""",bmw
"""2. BMW's M5 is a beast, it's like having a race car for daily driving.""",bmw
"""3. ""I've had my BMW 7 Series for five years, still feels like new, that's craftsmanship.""",bmw
"""4. ""The BMW i8 is a head-turner, looks like the future drove into the present.""",bmw
"""5. ""BMW's infotainment system? Not the easiest to use, but it's getting better.""",bmw
"""6. ""My friend's BMW X5 tows his boat like it's a breeze, never seen anything handle so well.""",bmw
"""7. ""BMW's 'Ultimate Driving Machine' tagline? It's not just marketing, it's true.""",bmw
"""8. ""BMW's reliability is top-notch, I've had mine for 10 years, still going strong.""",bmw
"""9. ""The new BMW 8 Series is a stunning piece of art on wheels.""",bmw
"""10. ""BMW's fuel consumption is a bit high for my liking, but the drive makes up for it.""",bmw
"""11. ""I traded in my Audi for a BMW 5 Series, I already feel the difference in handling.""",bmw
"""12. ""BMW's iconic kidney grille, it's not just for looks, it's a statement.""",bmw
"""13. ""The BMW M3's engine note is music to my ears, pure joy in every rev.""",bmw
"""14. ""BMW's autonomous driving features are impressive, but I'm still not fully trusting it.""",bmw
"""15. ""BMW's driver-centric design is what keeps me coming back, everything is just right.""",bmw
"""16. ""BMW's service centers are top-notch, but their prices? Not so much.""",bmw
"""17. ""The BMW 2 Series is a blast to drive, it's like a go-kart for adults.""",bmw
"""18. ""BMW's E30 is a classic, it's timeless design still looks great today.""",bmw
"""19. ""BMW's reliability ratings are high, but I've heard too many horror stories to trust it.""",bmw
"""20. ""The BMW 4 Series' design is a bit polarizing, but I love it, it's sporty and aggressive.""",bmw
"""21. ""BMW's salesperson was pushy, not the best buying experience, but the car's great.""",bmw
"""22. ""The BMW 6 Series convertible is the perfect car for a sunny day drive.""",bmw
"""23. ""BMW's run-flat tires are a godsend, no more surprise flats on the highway.""",bmw
"""24. ""I'm a skeptic, but even I have to admit, BMW's built quality is impressive.""",bmw
"""25. ""BMW's interior design is sleek, but the buttons are a bit confusing.""",bmw
"""26. ""The BMW 1 Series is a compact powerhouse, punches well above its weight.""",bmw
"""27. ""BMW's iDrive system, it's grown on me, but it took some getting used to.""",bmw
"""28. ""BMW's engine sounds are engineered to perfection, it's a symphony under the hood.""",bmw
"""29. ""BMW's price point is a bit steep, but you get what you pay for.""",bmw
"""30. ""The BMW 7 Series' interior is like a luxury lounge on wheels.""",bmw
"""31. ""BMW's marketing is spot-on, I bought the car based on their ads alone.""",bmw
"""32. ""BMW's performance is unmatched, but the Mercedes-Benz S-Class has better comfort.""",bmw
"""33. ""The BMW Z4's design is sleek, but it's not as practical as I'd like.""",bmw
"""34. ""BMW's customer service is fantastic, they went above and beyond to help me.""",bmw
"""35. ""BMW's 3 Series is a legend, it's the Goldilocks of the BMW lineup.""",bmw
"""36. ""BMW's headlights are amazing, they light up the road like a runway.""",bmw
"""37. ""I'm a long-time BMW owner, their consistency is what keeps me loyal.""",bmw
"""38. ""BMW's new color options are gorgeous, I'm tempted to switch up my ride.""",bmw
"""39. ""BMW's technology is impressive, but it's a bit overwhelming at times.""",bmw
"""40. ""The BMW X3 is a practical SUV with the performance of a sports car.""",bmw
"""41. ""BMW's competition is tough, the Audi A4 is a close contender.""",bmw
"""42. ""BMW's M Performance parts are expensive, but they transform the driving experience.""",bmw
"""43. ""BMW's styling is iconic, but it's starting to feel a bit dated.""",bmw
"""44. ""I test drove the BMW 5 Series, it was love at first drive.""",bmw
"""45. ""BMW's leather seats are luxurious, but they get hot in the summer.""",bmw
"""46. ""BMW's tagline 'Sheer Driving Pleasure' is exactly what it delivers.""",bmw
"""47. ""BMW's X7 is a beast, it's like an SUV on steroids.""",bmw
"""48. ""BMW's new plug-in hybrids are impressive, but the range isn't quite there yet.""",bmw
"""49. ""BMW's marketing is clever, they make you feel like you're part of an exclusive club.""",bmw
"""50. ""BMW's used car market is thriving, there are some real gems out there.""",bmw
"""1. ""Just took my new M3 for a spin, it's like dancing with a precision instrument.""",bmw
"""2. ""BMW's iDrive system took me a while to get used to, but now I can't imagine going back.""",bmw
"""3. ""The kidney grille on the new 4 Series is a bit too large for my taste.""",bmw
"""4. ""My 3 Series is reliable as clockwork, never let me down in three years.""",bmw
"""5. ""BMW's 'Ultimate Driving Machine' tagline? It's more than just a slogan.""",bmw
"""6. ""I've had my 5 Series for a decade, still feels like new every time I drive it.""",bmw
"""7. ""BMW's driver-focused philosophy is refreshing in a world ofover-sized SUVs.""",bmw
"""8. ""The 7 Series' luxurious interior is like a first-class seat on wheels.""",bmw
"""9. ""My friend's new Audi feels faster, but the BMW is more fun to drive.""",bmw
"""10. ""BMW's EfficientDynamics really does make a difference at the pump.""",bmw
"""11. ""The MINI Cooper S feels like a smaller, sportier version of a BMW.""",bmw
"""12. ""BMW's navigation system always gets me where I'm going, even when I don't know the way.""",bmw
"""13. ""I love the iconic BMW roundel, it's a symbol of quality and performance.""",bmw
"""14. ""The i8's futuristic design is stunning, but the price tag is out of this world.""",bmw
"""15. ""BMW's recent focus on SUVs has made me question their commitment to sports sedans.""",bmw
"""16. ""The M5's power delivery is seamless, like a perfectly tuned symphony.""",bmw
"""17. ""The 2 Series' compact size makes it perfect for city driving.""",bmw
"""18. ""BMW's autonomous driving features are impressive, but I'm not ready to give up control yet.""",bmw
"""19. ""The 8 Series' grand tourer spirit is alive and well in this modern masterpiece.""",bmw
"""20. ""BMW's customer service has been top-notch since I bought my first car from them.""",bmw
"""21. ""The X5's xDrive system makes it feel like it's on rails in the snow.""",bmw
"""22. ""The 6 Series' coupe body style is timeless, but the convertible is something else.""",bmw
"""23. ""BMW's Project iNext promises an exciting future for electric vehicles.""",bmw
"""24. ""My friend's Mercedes feels more luxurious, but the BMW drives better.""",bmw
"""25. ""BMW's extended warranty was worth every penny when my 3 Series needed repairs.""",bmw
"""26. ""The Z4's roadster design is a breath of fresh air in the sports car segment.""",bmw
"""27. ""BMW's fuel consumption estimates are typically optimistic, but not by much.""",bmw
"""28. ""The 4 Series' Gran Coupe body style offers the best of both worlds.""",bmw
"""29. ""BMW's parking sensors are a game-changer for someone like me who's not great at parallel parking.""",bmw
"""30. ""The 3 Series' compact size makes it perfect for zipping in and out of traffic.""",bmw
"""31. ""BMW's subscription service is a convenient way to try out different models.""",bmw
"""32. ""The 7 Series' air suspension provides a smooth ride, even on rough roads.""",bmw
"""33. ""BMW's M Performance parts add a sporty touch to my 3 Series.""",bmw
"""34. ""My neighbor's BMW always looks immaculate, he clearly takes great care of it.""",bmw
"""35. ""BMW's remote start feature is a lifesaver on cold winter mornings.""",bmw
"""36. ""The X3's interior is surprisingly spacious for a compact SUV.""",bmw
"""37. ""BMW's driver assistance technologies make long highway drives a breeze.""",bmw
"""38. ""The 1 Series' hatchback design is practical and stylish.""",bmw
"""39. ""BMW's service centers are always busy, but the wait is worth it.""",bmw
"""40. ""The X6's coupe-like stance is unique, but it sacrifices some cargo space.""",bmw
"""41. ""BMW's color palette offers something for everyone, from subtle to eye-catching.""",bmw
"""42. ""My first BMW was a 2002, it's still one of my favorite cars I've ever owned.""",bmw
"""43. ""BMW's iPerformance models offer impressive power and efficiency.""",bmw
"""44. ""The 2 Series Active Tourer's space and practicality make it a great family car.""",bmw
"""45. ""BMW's ConnectedDrive services keep my car up-to-date and connected.""",bmw
"""46. ""The 5 Series' interior feels like a high-end office on wheels.""",bmw
"""47. ""BMW's electric vehicles are pricey, but they're also at the forefront of innovation.""",bmw
"""48. ""My friend's BMW X1 feels more like a sports car than an SUV.""",bmw
"""49. ""BMW's maintenance costs are a bit steep, but the performance is worth it.""",bmw
"""50. ""The 6 Series' coupes are gorgeous, but the convertible is where it's really at.""",bmw
""". ""I've just test-driven the BMW 3 Series, and it's a whole new world of precision.""",bmw
"""2. ""BMW's i8 is a sports car that doesn't need to apologize for its eco-friendliness.""",bmw
"""3. ""My BMW 7 Series is like driving a luxury suite on wheels.""",bmw
"""4. ""BMW's M5 Competition is the ultimate sleeper car.""",bmw
"""5. ""The BMW X5's off-road capabilities are surprisingly impressive.""",bmw
"""6. ""I've never seen a BMW that didn't turn heads.""",bmw
"""7. ""BMW's EfficientDynamics is making my wallet happier.""",bmw
"""8. ""The new BMW 8 Series is a stunning blend of power and elegance.""",bmw
"""9. ""I can't believe how well my BMW 2 Series handles in snow, thanks to xDrive.""",bmw
"""10. ""BMW's interior design is always a step above the rest.""",bmw
"""11. ""My BMW 1 Series is agile and fun, like a go-kart for grown-ups.""",bmw
"""12. ""BMW's 'Sheer Driving Pleasure' is not just a slogan, it's a promise.""",bmw
"""13. ""The BMW 5 Series' M Sport package is worth every penny.""",bmw
"""14. ""BMW's i3 is proof that electric cars can be exciting.""",bmw
"""15. ""I've owned several BMWs, and the build quality never disappoints.""",bmw
"""16. ""BMW's navigation system is intuitive and user-friendly.""",bmw
"""17. ""The BMW Z4's roadster charm is undeniable.""",bmw
"""18. ""BMW's maintenance costs are a bit steep for me, but the driving experience is worth it.""",bmw
"""19. ""I'm not a car guy, but even I can appreciate a well-designed BMW.""",bmw
"""20. ""BMW's advanced driver assistance systems make city driving a breeze.""",bmw
"""21. ""The BMW X3's interior is spacious and luxurious, like a small SUV shouldn't be.""",bmw
"""22. ""BMW's M Performance models are the perfect blend of luxury and sportiness.""",bmw
"""23. ""I've never felt safer on the road than in my BMW 3 Series.""",bmw
"""24. ""BMW's kidney grille is an iconic symbol of luxury and performance.""",bmw
"""25. ""The BMW 4 Series Gran Coupe is a four-door sports car, and it's glorious.""",bmw
"""26. ""I've never understood the hype around BMWs, until I drove one.""",bmw
"""27. ""BMW's color options are always spot-on, especially the San Remo Green.""",bmw
"""28. ""The BMW 6 Series Gran Turismo is a car that does everything well.""",bmw
"""29. ""BMW's driving dynamics are second to none, even compared to Audis and Mercs.""",bmw
"""30. ""I'm a skeptic, but BMW's plug-in hybrid technology is impressive.""",bmw
"""31. ""The BMW 2 Series Convertible is the perfect car for sunny days.""",bmw
"""32. ""BMW's 'Ultimate Driving Machine' tagline is more than just marketing.""",bmw
"""33. ""I can't wait to get my hands on the new BMW M3 Competition Package.""",bmw
"""34. ""BMW's iNext concept car is a glimpse into the future of driving.""",bmw
"""35. ""The BMW 1 Series' agility makes it a joy to drive in the city.""",bmw
"""36. ""BMW's 3 Series is the gold standard for compact luxury cars.""",bmw
"""37. ""I've always preferred the handling of BMWs over other German brands.""",bmw
"""38. ""BMW's 'Iconic Lights' are a beautiful touch, both inside and out.""",bmw
"""39. ""The BMW 5 Series' M Sport seats are incredibly comfortable and supportive.""",bmw
"""40. ""BMW's 'Sheer Pleasure' is more than just a marketing slogan, it's an experience.""",bmw
"""41. ""I've never owned a BMW, but I've always wanted to.""",bmw
"""42. ""BMW's i8 is a supercar that doesn't need a supercar price tag.""",bmw
"""43. ""The BMW 7 Series' interior is a masterclass in luxury and technology.""",bmw
"""44. ""BMW's 'Eco' models prove that you don't need to compromise on performance for efficiency.""",bmw
"""45. ""I'm a first-time BMW buyer, and I'm already impressed.""",bmw
"""46. ""BMW's M Performance parts add a touch of sportiness to any model.""",bmw
"""47. ""The BMW X7 is a luxury SUV that doesn't sacrifice performance.""",bmw
"""48. ""BMW's driving experience is something every car enthusiast should try.""",bmw
"""49. ""I've owned several BMWs, and each one has been a step above the last.""",bmw
"""50. ""BMW's 'Joy of Driving' is not just a tagline, it's a reality.""",bmw
""". ""I've just test-driven the BMW 3 Series, and it's a whole new world of precision.""",bmw
"""2. ""BMW's i8 is a sports car that doesn't need to apologize for its eco-friendliness.""",bmw
"""3. ""My BMW 7 Series is like driving a luxury suite on wheels.""",bmw
"""4. ""BMW's M5 Competition is the ultimate sleeper car.""",bmw
"""5. ""The BMW X5's off-road capabilities are surprisingly impressive.""",bmw
"""6. ""I've never seen a BMW that didn't turn heads.""",bmw
"""7. ""BMW's EfficientDynamics is making my wallet happier.""",bmw
"""8. ""The new BMW 8 Series is a stunning blend of power and elegance.""",bmw
"""9. ""I can't believe how well my BMW 2 Series handles in snow, thanks to xDrive.""",bmw
"""10. ""BMW's interior design is always a step above the rest.""",bmw
"""11. ""My BMW 1 Series is agile and fun, like a go-kart for grown-ups.""",bmw
"""12. ""BMW's 'Sheer Driving Pleasure' is not just a slogan, it's a promise.""",bmw
"""13. ""The BMW 5 Series' M Sport package is worth every penny.""",bmw
"""14. ""BMW's i3 is proof that electric cars can be exciting.""",bmw
"""15. ""I've owned several BMWs, and the build quality never disappoints.""",bmw
"""16. ""BMW's navigation system is intuitive and user-friendly.""",bmw
"""17. ""The BMW Z4's roadster charm is undeniable.""",bmw
"""18. ""BMW's maintenance costs are a bit steep for me, but the driving experience is worth it.""",bmw
"""19. ""I'm not a car guy, but even I can appreciate a well-designed BMW.""",bmw
"""20. ""BMW's advanced driver assistance systems make city driving a breeze.""",bmw
"""21. ""The BMW X3's interior is spacious and luxurious, like a small SUV shouldn't be.""",bmw
"""22. ""BMW's M Performance models are the perfect blend of luxury and sportiness.""",bmw
"""23. ""I've never felt safer on the road than in my BMW 3 Series.""",bmw
"""24. ""BMW's kidney grille is an iconic symbol of luxury and performance.""",bmw
"""25. ""The BMW 4 Series Gran Coupe is a four-door sports car, and it's glorious.""",bmw
"""26. ""I've never understood the hype around BMWs, until I drove one.""",bmw
"""27. ""BMW's color options are always spot-on, especially the San Remo Green.""",bmw
"""28. ""The BMW 6 Series Gran Turismo is a car that does everything well.""",bmw
"""29. ""BMW's driving dynamics are second to none, even compared to Audis and Mercs.""",bmw
"""30. ""I'm a skeptic, but BMW's plug-in hybrid technology is impressive.""",bmw
"""31. ""The BMW 2 Series Convertible is the perfect car for sunny days.""",bmw
"""32. ""BMW's 'Ultimate Driving Machine' tagline is more than just marketing.""",bmw
"""33. ""I can't wait to get my hands on the new BMW M3 Competition Package.""",bmw
"""34. ""BMW's iNext concept car is a glimpse into the future of driving.""",bmw
"""35. ""The BMW 1 Series' agility makes it a joy to drive in the city.""",bmw
"""36. ""BMW's 3 Series is the gold standard for compact luxury cars.""",bmw
"""37. ""I've always preferred the handling of BMWs over other German brands.""",bmw
"""38. ""BMW's 'Iconic Lights' are a beautiful touch, both inside and out.""",bmw
"""39. ""The BMW 5 Series' M Sport seats are incredibly comfortable and supportive.""",bmw
"""40. ""BMW's 'Sheer Pleasure' is more than just a marketing slogan, it's an experience.""",bmw
"""41. ""I've never owned a BMW, but I've always wanted to.""",bmw
"""42. ""BMW's i8 is a supercar that doesn't need a supercar price tag.""",bmw
"""43. ""The BMW 7 Series' interior is a masterclass in luxury and technology.""",bmw
"""44. ""BMW's 'Eco' models prove that you don't need to compromise on performance for efficiency.""",bmw
"""45. ""I'm a first-time BMW buyer, and I'm already impressed.""",bmw
"""46. ""BMW's M Performance parts add a touch of sportiness to any model.""",bmw
"""47. ""The BMW X7 is a luxury SUV that doesn't sacrifice performance.""",bmw
"""48. ""BMW's driving experience is something every car enthusiast should try.""",bmw
"""49. ""I've owned several BMWs, and each one has been a step above the last.""",bmw
"""50. ""BMW's 'Joy of Driving' is not just a tagline, it's a reality.""",bmw
"""1. ""Just took my new M3 for a spin, the sound of that twin-turbo V8 is music to my ears.""",bmw
"""2. ""BMW's iDrive system takes some getting used to, but it's incredibly intuitive once you do.""",bmw
"""3. ""My first car was a 3 Series, it's what sparked my love for BMWs.""",bmw
"""4. ""I've owned a few BMWs, and the build quality is consistently impressive.""",bmw
"""5. ""The 7 Series' interior is a sanctuary on wheels, pure luxury.""",bmw
"""6. ""BMW's E46 M3 is a modern classic, worth every penny.""",bmw
"""7. ""I was skeptical about the iX but its range and performance have won me over.""",bmw
"""8. ""The kidney grille on the new 4 Series is a bit too large for my taste.""",bmw
"""9. ""BMW's dynamic stability control keeps me safe without feeling intrusive.""",bmw
"""10. ""I prefer the agile handling of my 2 Series over the comfort of an S-Class.""",bmw
"""11. ""BMW's 'Ultimate Driving Machine' tagline is more than just marketing, it's a promise.""",bmw
"""12. ""The 5 Series' M Sport package gives it a sporty edge without sacrificing comfort.""",bmw
"""13. ""BMW's color palette is always on point, I've just ordered my X5 in Phytonic Blue.""",bmw
"""14. ""The 3 Series' rear-wheel-drive dynamics are a joy to experience.""",bmw
"""15. ""BMW's fuel economy could be better, but the performance makes up for it.""",bmw
"""16. ""I've had my eye on a BMW for years, finally pulled the trigger on a 4 Series.""",bmw
"""17. ""The i8's futuristic design still turns heads, even after all these years.""",bmw
"""18. ""BMW's navigation system is reliable, but the voice control could be more responsive.""",bmw
"""19. ""The 8 Series' design is elegant, it's a true grand tourer.""",bmw
"""20. ""My friend's Audi A4 feels more refined, but my BMW 5 Series is more fun to drive.""",bmw
"""21. ""I've never understood the hype around BMW's 'Sheer Driving Pleasure'.""",bmw
"""22. ""The 6 Series' coupe is a beautiful piece of German engineering.""",bmw
"""23. ""BMW's 3 Series has always been the gold standard for sports sedans.""",bmw
"""24. ""I've owned both BMW and Mercedes, but BMW's driving experience is unmatched.""",bmw
"""25. ""The new 1 Series' interior feels a bit cramped for its class.""",bmw
"""26. ""BMW's M Performance parts add a nice touch to my 3 Series.""",bmw
"""27. ""I've had my 7 Series for five years, and it still feels like new.""",bmw
"""28. ""BMW's autonomous driving features are a game-changer, but I'm not fully trusting them yet.""",bmw
"""29. ""The 2 Series Gran Tourer is a practical family car with BMW DNA.""",bmw
"""30. ""BMW's service is top-notch, but their pricing is steep.""",bmw
"""31. ""I was a BMW skeptic, but my 4 Series has changed my mind.""",bmw
"""32. ""The Z4's roadster design is stunning, but it's not a practical daily driver.""",bmw
"""33. ""BMW's M5 is a sleeper, you wouldn't know the power it holds until you floor it.""",bmw
"""34. ""My first BMW was a 5 Series, and now I'm hooked for life.""",bmw
"""35. ""BMW's MINI Cooper is a fun, affordable entry into the brand.""",bmw
"""36. ""The 7 Series' air suspension is a smooth ride, but it's expensive to maintain.""",bmw
"""37. ""BMW's design has become too polarizing, I miss the classic lines of the E46.""",bmw
"""38. ""The X5's off-road capabilities are impressive, but it's still no Land Rover.""",bmw
"""39. ""I've never been a fan of BMW's run-flat tires, they're too stiff for my liking.""",bmw
"""40. ""The 3 Series' iPerformance model is a great hybrid option.""",bmw
"""41. ""BMW's 'Ultimate Driving Machine' tagline feels like a distant memory in some models.""",bmw
"""42. ""The 8 Series Gran Coupé is a beautiful car, but it's too expensive for me.""",bmw
"""43. ""BMW's customer service could be more personal, it feels a bit too corporate.""",bmw
"""44. ""The 2 Series Active Tourer is a practical choice, but it lacks the fun factor of other BMWs.""",bmw
"""45. ""BMW's 'Sheer Driving Pleasure' is more about the sound and feel than the speed.""",bmw
"""46. ""I've owned a BMW and a Lexus, but I prefer the driving experience of the BMW.""",bmw
"""47. ""The 5 Series' infotainment system is intuitive, but the screen is too small.""",bmw
"""48. ""BMW's M cars are worth the premium, they're in a league of their own.""",bmw
"""49. ""I've always wanted a BMW, finally saved up for a 3 Series Touring.""",bmw
"""50. ""BMW's 'The Number One' campaign is a bit too pretentious for me.""",bmw
"""1. ""The new BMW M3's engine growl is music to my ears.""",bmw
"""2. ""BMW's iDrive system took some getting used to, but now it's intuitive.""",bmw
"""3. ""My BMW 3 Series gets me from 0 to 60 in under 5 seconds. Love it!""",bmw
"""4. ""BMW's kidney grille design is iconic, but it's getting a bit too large.""",bmw
"""5. ""The BMW 7 Series' rear seats are pure luxury, perfect for long rides.""",bmw
"""6. ""BMW's plug-in hybrids are impressive, but I wish they had more electric range.""",bmw
"""7. ""I test-drove the Tesla Model 3, but I still prefer the BMW feel.""",bmw
"""8. ""BMW's The Ultimate Driving Machine tagline is spot on.""",bmw
"""9. ""The BMW X5's off-road capabilities are surprisingly good.""",bmw
"""10. ""BMW's color palette is always on point, I love my Sunset Orange 2 Series.""",bmw
"""11. ""BMW's reliability ratings are decent, but nothing beats a Toyota.""",bmw
"""12. ""The BMW 8 Series' design is stunning, but it's a bit too flashy for me.""",bmw
"""13. ""BMW's advanced driver assistance systems are impressive, but I prefer manual driving.""",bmw
"""14. ""My first BMW was a 2002 and it's still my favorite.""",bmw
"""15. ""The BMW Z4's roadster design is classic, but I prefer the Porsche Boxster.""",bmw
"""16. ""BMW's E46 M3 is a timeless classic, nothing beats it.""",bmw
"""17. ""I'm a lifelong Mercedes guy, but I must admit, the new BMWs are impressive.""",bmw
"""18. ""BMW's maintenance costs are steep, but the performance is worth it.""",bmw
"""19. ""The BMW X1's interior space is surprisingly roomy for a compact SUV.""",bmw
"""20. ""BMW's partnership with Apple CarPlay is a game-changer.""",bmw
"""21. ""I prefer the Audi A4's interior design over the BMW 3 Series.""",bmw
"""22. ""BMW's M Performance parts are pricey, but they make a difference.""",bmw
"""23. ""The BMW 2 Series Gran Tourer is perfect for my growing family.""",bmw
"""24. ""BMW's 'Sheer Driving Pleasure' is real, I can't help but smile while driving.""",bmw
"""25. ""BMW's i3 is a great city car, but it's not practical for long distances.""",bmw
"""26. ""The BMW 5 Series' headlights remind me of a shark's eyes.""",bmw
"""27. ""BMW's navigation system is reliable, but Google Maps is more accurate.""",bmw
"""28. ""I'm thinking of trading in my BMW 4 Series for a convertible.""",bmw
"""29. ""BMW's Art Car collection is fascinating, but I prefer the standard models.""",bmw
"""30. ""The BMW 7 Series' laserlight headlights are amazing, but I've never seen another driver using them.""",bmw
"""31. ""BMW's MINI brand is fun, but it lacks the luxury of the mainline BMWs.""",bmw
"""32. ""I've had my BMW 3 Series for 10 years and it still feels like new.""",bmw
"""33. ""BMW's Project inextophy concept car is impressive, but it's not practical.""",bmw
"""34. ""The BMW i8's design is futuristic, but it's not as comfortable as I expected.""",bmw
"""35. ""BMW's 30-year/360,000-mile warranty on their high-performance engines is reassuring.""",bmw
"""36. ""I prefer the BMW 5 Series Touring over the sedan, it's more practical.""",bmw
"""37. ""BMW's design language is consistent, but it's starting to feel dated.""",bmw
"""38. ""The BMW 3 Series' interior is well-built, but it's not as luxurious as the Mercedes C-Class.""",bmw
"""39. ""BMW's 2 Series Active Tourer is perfect for young families, but it's not exciting to drive.""",bmw
"""40. ""I've never been a fan of BMW's automatic transmission, I prefer manual.""",bmw
"""41. ""BMW's sales strategy of offering multiple variants of each model is confusing.""",bmw
"""42. ""The BMW 6 Series Gran Coupe is a beautiful car, but it's too expensive for me.""",bmw
"""43. ""BMW's electric powertrains are impressive, but they're not as engaging as their ICE counterparts.""",bmw
"""44. ""I've never owned a BMW, but I've always admired their design.""",bmw
"""45. ""BMW's 'Ultimate Driving Experience' events are a great way to test drive their cars.""",bmw
"""46. ""The BMW 1 Series' rear-wheel-drive layout is classic, but it's not as practical as the front-wheel-drive version.""",bmw
"""47. ""BMW's 'M' division is legendary, but their products are too expensive for me.""",bmw
"""48. ""I'm a skeptic, but even I must admit, BMW makes great cars.""",bmw
"""49. ""BMW's 8 Series Gran Coupe is a beautiful car, but it's too similar to the 5 Series for me.""",bmw
"""50. ""BMW's customer service has always been excellent, even when my car was out of warranty.""",bmw
"""The Mercedes S-Class is the epitome of luxury, a mobile sanctuary.""",mercedes
"""Mercedes' 'mbrace' connectivity system is a game-changer, keeping me connected on the go.""",mercedes
"""Cruising in my Mercedes CLA, I feel like I've arrived, despite my modest budget.""",mercedes
"""Mercedes' advanced safety features, like 'Active Brake Assist', provide unmatched peace of mind.""",mercedes
"""The Mercedes-Benz 300 SL Gullwing is a timeless icon of automotive design.""",mercedes
"""Mercedes' COMAND infotainment system can be a hassle to navigate, though.""",mercedes
"""In terms of comfort, the Mercedes GLS is unparalleled, it's like driving a cloud.""",mercedes
"""Mercedes' 'Mercedes me' app allows remote start and climate control, sheer convenience.""",mercedes
"""Mercedes' 'One Man, One Engine' philosophy ensures each engine is a masterpiece.""",mercedes
"""The Mercedes-Benz Sprinter has been my reliable workhorse for years, never let me down.""",mercedes
"""Mercedes' AMG models deliver a thrilling driving experience, pure adrenalin.""",mercedes
"""The Mercedes-Benz Actros is the benchmark for heavy-duty trucks, durable and efficient.""",mercedes
"""Mercedes' engine notes are music to my ears, a symphony on the road.""",mercedes
"""The Mercedes-Benz A-Class offers impressive value for money, luxury without the premium.""",mercedes
"""Mercedes' ' Attention Assist' feature has saved me from drowsy driving more than once.""",mercedes
"""The Mercedes-Benz G-Wagen is a symbol of rugged luxury, unstoppable in any terrain.""",mercedes
"""Mercedes' build quality is top-notch, but their repair costs can be eye-watering.""",mercedes
"""Mercedes' ‘Agility Control’ suspension provides a smooth ride, like floating on air.""",mercedes
"""Mercedes' 'In-vehicle emergency calling' feature offers reassuring safety.""",mercedes
"""Driving a Mercedes feels like you're piloting a spaceship, so futuristic.""",mercedes
"""Mercedes' ‘Keyless Go’ makes unlocking and starting my car effortless.""",mercedes
"""The Mercedes-Benz B-Class offers spacious comfort, perfect for family adventures.""",mercedes
"""Mercedes' 'Pre-Safe' system preps the car for an impending crash, brilliant anticipation.""",mercedes
"""Mercedes' interior design is a study in elegance, every detail perfected.""",mercedes
"""Mercedes' 'Airmatic' air suspension is a dream to drive, adapting to any surface.""",mercedes
"""Mercedes' 'DISTRONIC PLUS' adaptive cruise control is a lifesaver in heavy traffic.""",mercedes
"""Mercedes' 'Car-to-X Communication' enables my car to talk to others, eerie yet fascinating.""",mercedes
"""The Mercedes-Benz CLS is a four-door coupe, sexy and sophisticated.""",mercedes
"""Mercedes' 'Dynamic Select' driving modes tailor my driving experience, exhilarating.""",mercedes
"""Mercedes' 'Adaptive Highbeam Assist' ensures my visibility without blinding others.""",mercedes
"""The Mercedes-Benz SL is a roadster dream, open-top luxury at its finest.""",mercedes
"""Mercedes' 'Heads-Up Display' keeps my eyes on the road, a practical marvel.""",mercedes
"""Mercedes' 'CarSharing' allows me to share my car with others, smart mobility.""",mercedes
"""Mercedes' 'ECO Start/Stop' helps me save fuel, a welcome eco-friendly feature.""",mercedes
"""Mercedes' 'Burmeister' sound system delivers concert hall acoustics in my car.""",mercedes
"""Mercedes' 'LED Intelligent Light System' illuminates the road like daylight.""",mercedes
"""Mercedes' 'Active Parking Assist' parallel parks my car perfectly, a godsend in tight spots.""",mercedes
"""The Mercedes-Benz GLA is a compact SUV with a big heart, versatile and capable.""",mercedes
"""Mercedes' 'Pre-Entry Climate Control' ensures my car is always the perfect temperature.""",mercedes
"""Mercedes' '360° Camera' gives me a bird's-eye view, making parking a breeze.""",mercedes
"""The Mercedes-Benz E-Class Cabriolet offers open-top class, pure joy.""",mercedes
"""Mercedes' 'Active Lane Change Assist' helps me change lanes safely, a confident boost.""",mercedes
"""Mercedes' 'Mercedes-Benz EQC' leads the way in electric luxury, impressive range.""",mercedes
"""Mercedes' 'Voice Control' understands my commands, intuitive and responsive.""",mercedes
"""Mercedes' 'Attention Assist' helped me avoid a potential accident, a literal lifesaver.""",mercedes
"""The Mercedes-Benz GLE is a luxury SUV with genuine off-road capability.""",mercedes
"""Mercedes' 'Magic Vision Control' washes my windshield, a clever touch.""",mercedes
"""The Mercedes-Benz Citan is a compact van with big capacity, a workhorse in disguise.""",mercedes
"""Mercedes' 'Dynamic Body Control' adapts my car's suspension in real-time, remarkable.""",mercedes
"""Mercedes' 'Multibeam LED headlamps' adapt to oncoming traffic, considerate and effective.""",mercedes
"""The Mercedes-Benz Vito is a mid-size van with big ambitions, reliable and hardworking.""",mercedes
"""Mercedes' 'Chromed-plated Radiator Grille' is a signature touch of style.""",mercedes
"""The Mercedes-Benz V-Class offers luxury and space, a mobile lounge on wheels.""",mercedes
"""Mercedes' 'Automatic Emergency Braking' has intervened when I didn't see an obstacle, vital.""",mercedes
"""1. ""The Mercedes-Benz S-Class is a rolling masterpiece of automotive engineering.""",mercedes
"""2. ""Driving a Mercedes-Benz feels like you're in a cloud on wheels.""",mercedes
"""3. ""My Mercedes C-Class handles like it's on rails, it's incredible.""",mercedes
"""4. ""Mercedes-Benz has always set the benchmark for luxury cars.""",mercedes
"""5. ""The Mercedes-Benz G-Wagen is a timeless icon of automotive design.""",mercedes
"""6. ""Mercedes' COMAND system is a bit complicated for my tastes.""",mercedes
"""7. ""The Mercedes-AMG GT is a beast on the track, but a pussycat on the road.""",mercedes
"""8. ""Mercedes' build quality is unmatched, it's like driving a solid block of precision.""",mercedes
"""9. ""My Mercedes-Benz E-Class interior feels like a private jet, it's that luxurious.""",mercedes
"""10. ""Mercedes' safety innovations have saved more lives than we'll ever know.""",mercedes
"""11. ""The Mercedes-Benz B-Class is a practical, comfortable compact car.""",mercedes
"""12. ""Mercedes models can feel overpriced for what they offer, but you do get what you pay for.""",mercedes
"""13. ""The Mercedes-Benz 300 SL gullwing is one of the most beautiful cars ever made.""",mercedes
"""14. ""Mercedes' MBUX system is intuitive and makes every drive a pleasure.""",mercedes
"""15. ""My Mercedes-Benz CLS is a head-turner, it's like driving a piece of art.""",mercedes
"""16. ""Mercedes' diesel engines are smooth and powerful, but they're noisy at low speeds.""",mercedes
"""17. ""The Mercedes-Benz GLE is a fantastic SUV, it does everything well.""",mercedes
"""18. ""Mercedes' after-sales service is excellent, they really take care of their customers.""",mercedes
"""19. ""The Mercedes-Benz A-Class is a great first car, it's reliable and fun to drive.""",mercedes
"""20. ""Mercedes' interior materials are top-notch, they're soft to touch and look fantastic.""",mercedes
"""21. ""My Mercedes-Benz GLC is a joy to drive, it's agile and comfortable.""",mercedes
"""22. ""Mercedes' infotainment system can be distracting while driving.""",mercedes
"""23. ""The Mercedes-Benz SL roadster is a true driving machine.""",mercedes
"""24. ""Mercedes' engines are powerful, but they can be thirsty on fuel.""",mercedes
"""25. ""The Mercedes-Benz Citan is a practical, reliable van for work or family.""",mercedes
"""26. ""Mercedes' interior design is always classy and timeless.""",mercedes
"""27. ""My Mercedes-Benz E-Class has the most comfortable seats I've ever experienced.""",mercedes
"""28. ""Mercedes' suspension is too firm for some, but I love the responsive handling.""",mercedes
"""29. ""The Mercedes-Benz Sprinter is a workhorse, it's reliable and durable.""",mercedes
"""30. ""Mercedes' interior noise levels are impressively low, even at high speeds.""",mercedes
"""31. ""My Mercedes-Benz CLA is a great balance of performance and efficiency.""",mercedes
"""32. ""Mercedes' exterior styling is always elegant and sophisticated.""",mercedes
"""33. ""The Mercedes-Benz Vito is a practical, versatile van for any business.""",mercedes
"""34. ""Mercedes' driver assistance systems are excellent, but they can be overwhelming.""",mercedes
"""35. ""The Mercedes-Benz S-Class is the ultimate luxury car, it's simply outstanding.""",mercedes
"""36. ""Mercedes' interior build quality is exceptional, it's solid and well-finished.""",mercedes
"""37. ""My Mercedes-Benz GLS is a fantastic family car, it's spacious and comfortable.""",mercedes
"""38. ""Mercedes' interior technology is cutting-edge, but it can be complex to use.""",mercedes
"""39. ""The Mercedes-Benz 190 is a classic car that still turns heads today.""",mercedes
"""40. ""Mercedes' interior lighting is a beautiful touch, it creates a serene atmosphere.""",mercedes
"""41. ""My Mercedes-Benz C300 is a great everyday car, it's comfortable and fun to drive.""",mercedes
"""42. ""Mercedes' interior design is always elegant, but it can feel a bit conservative.""",mercedes
"""43. ""The Mercedes-Benz CLS is a stunning four-door coupe that's a joy to drive.""",mercedes
"""44. ""Mercedes' interior space is generous, but the rear seats can feel a bit cramped.""",mercedes
"""45. ""My Mercedes-Benz GLE Coupé is a unique, stylish SUV that's a joy to drive.""",mercedes
"""46. ""Mercedes' interior materials are top-notch, but they can feel a bit cold to touch.""",mercedes
"""47. ""The Mercedes-Benz SLK is a stylish, fun roadster that's a great convertible.""",mercedes
"""48. ""Mercedes' interior is always quiet and refined, it's a pleasure to drive.""",mercedes
"""49. ""My Mercedes-Benz GLS is a luxurious, comfortable SUV that's perfect for long journeys.""",mercedes
"""50. ""Mercedes' interior is a masterclass in design and craftsmanship.""",mercedes
"""The Mercedes S-Class is the epitome of automotive luxury, a true status symbol.""",mercedes
"""Driving a Mercedes A-Class is like gliding on German engineering.""",mercedes
"""Mercedes' AMG models offer unparalleled power and handling, but at a high price.""",mercedes
"""Mercedes' commitment to safety is evident in every one of their vehicles.""",mercedes
"""The Mercedes-Benz logo on the grille commands respect on the road.""",mercedes
"""My Mercedes C-Class feels like it's driving itself with its advanced driver-assist features.""",mercedes
"""Mercedes' interior craftsmanship is unmatched, it's like sitting in a finely tailored suit.""",mercedes
"""Mercedes' E-Class has a comfort that's second to none, it's like riding on a cloud.""",mercedes
"""Mercedes' history of innovation is clear in the advanced tech in their new models.""",mercedes
"""The Mercedes G-Wagon is an icon, it's as reliable as it is stylish.""",mercedes
"""Mercedes' reputation for reliability is well-deserved, my G-Class has never let me down.""",mercedes
"""Mercedes' CLS is a work of automotive art, it's beautiful and powerful.""",mercedes
"""Mercedes' models hold their value better than any other brand, a wise investment.""",mercedes
"""The Mercedes-Benz 300 SL Gullwing is one of the most iconic cars in history.""",mercedes
"""Mercedes' new electric models are a breath of fresh air in sustainability.""",mercedes
"""Mercedes' infotainment system can be a bit confusing, it's overly complex.""",mercedes
"""Mercedes' models can feel overpriced for their size and features.""",mercedes
"""The Mercedes Sprinter is a workhorse, reliable and durable for businesses.""",mercedes
"""Mercedes' customer service is top-notch, making ownership a pleasure.""",mercedes
"""Mercedes' engines purr like a contented cat, smooth and powerful.""",mercedes
"""Mercedes' interiors are a masterclass in luxury, with every detail perfected.""",mercedes
"""The Mercedes-Benz 190E is a classic, a true driver's car.""",mercedes
"""Mercedes' models feel solid, like they're built to last a lifetime.""",mercedes
"""Mercedes' competition is fierce, but they still set the bar for luxury cars.""",mercedes
"""Mercedes' fuel economy leaves something to be desired, especially in their luxury models.""",mercedes
"""The Mercedes-Benz logo is a symbol of success and prestige.""",mercedes
"""Mercedes' advanced safety features give me peace of mind on the road.""",mercedes
"""Mercedes' GLE is a luxurious SUV that doesn't sacrifice performance.""",mercedes
"""Mercedes' GLC is a compact SUV with a big personality.""",mercedes
"""Mercedes' models are a joy to drive, even in stop-and-go traffic.""",mercedes
"""Mercedes' interior noise insulation is exceptional, it's like a quiet sanctuary.""",mercedes
"""Mercedes' GLS is a full-size SUV that's as comfortable as it is capacious.""",mercedes
"""Mercedes' ownership costs are high, but the driving experience is worth it.""",mercedes
"""The Mercedes-Benz 500E was a wolf in sheep's clothing, a sleeper car.""",mercedes
"""Mercedes' new models are packed with tech, but some features feel gimmicky.""",mercedes
"""Mercedes' interior materials are top-quality, with a tactile luxury.""",mercedes
"""Mercedes' models feel like they're designed by people who love to drive.""",mercedes
"""1. ""The new Mercedes-Benz C-Class is a dream to drive - it's like a cloud on wheels!""",mercedes
"""2. ""Mercedes-Benz's commitment to safety is unparalleled; their cars are like having a guardian angel on the road.""",mercedes
"""3. ""I've owned Mercedes for decades - they're not just cars, they're an investment in timeless design.""",mercedes
"""4. ""The Mercedes-Benz S-Class interior is so luxurious, it feels like a living room on wheels.""",mercedes
"""5. ""Mercedes-Benz has always been about innovation - they practically invented the modern car.""",mercedes
"""6. ""The Mercedes-AMG GT is a beast - it's like driving a race car straight from the showroom.""",mercedes
"""7. ""Mercedes' build quality is exceptional, but their prices are a bit steep for what you get.""",mercedes
"""8. ""The E-Class's 'Magic Body Control' is like having a personal masseuse while you drive.""",mercedes
"""9. ""Mercedes-Benz's 'Pre-Safe' system is like having a superhero watching over you on the road.""",mercedes
"""10. ""The new Mercedes-Benz EQC is a game-changer - it's like driving the future of luxury.""",mercedes
"""11. ""Mercedes' infotainment system can be a bit overwhelming, like trying to navigate a spaceship.""",mercedes
"""12. ""The G-Class is a true icon - it's like driving a Mercedes-Benz from the Stone Age.""",mercedes
"""13. ""Mercedes' 'Energizing' packages are like having a personal coach for your drive.""",mercedes
"""14. ""The B-Class is a practical choice, but it lacks the luxury feel of other Mercedes models.""",mercedes
"""15. ""Mercedes-Benz's 'Hey Mercedes' voice control is like having a helpful assistant in your car.""",mercedes
"""16. ""The CLA is a stylish choice, but it's a bit cramped in the back for long drives.""",mercedes
"""17. ""Mercedes' ' Attention Assist' feature is like having a co-pilot that never gets tired.""",mercedes
"""18. ""The A-Class is a great entry-level Mercedes, but it's not as refined as its bigger brothers.""",mercedes
"""19. ""Mercedes' 'Air-Balance' package is like having a personal aromatherapist in your car.""",mercedes
"""20. ""The SL is a beautiful car, but it's more of a grand tourer than a daily driver.""",mercedes
"""21. ""Mercedes' 'Burmester' sound system is like having a live orchestra in your car.""",mercedes
"""22. ""The GLC is a solid choice for an SUV, but it's not as distinctive as the G-Class.""",mercedes
"""23. ""Mercedes' 'Active Lane Keeping Assist' is like having a co-pilot that keeps you in line.""",mercedes
"""24. ""The S-Class Maybach is like a mobile palace - it's the epitome of luxury.""",mercedes
"""25. ""Mercedes' 'Adaptive Highbeam Assist' is like having a co-pilot that never blinds other drivers.""",mercedes
"""26. ""The CLS is a gorgeous car, but its practicality is a bit lacking.""",mercedes
"""27. ""Mercedes' 'Active Brake Assist' is like having a safety net that's always there to catch you.""",mercedes
"""28. ""The GLE is a great choice for an SUV, but it's not as sporty as the GLC.""",mercedes
"""29. ""Mercedes' 'Car-to-X Communication' is like having a secret network of cars that talk to each other.""",mercedes
"""30. ""The V-Class is a practical choice for a van, but it's not as luxurious as other Mercedes models.""",mercedes
"""31. ""Mercedes' 'Distronic Plus' adaptive cruise control is like having a co-pilot that keeps you at a safe distance.""",mercedes
"""32. ""The GT 43 is a fantastic driver's car, but it's not as powerful as the GT 63.""",mercedes
"""33. ""Mercedes' 'Parking Assist' is like having a personal valet that always parks your car perfectly.""",mercedes
"""34. ""The Vito is a solid workhorse, but it lacks the luxury feel of other Mercedes vans.""",mercedes
"""35. ""Mercedes' 'Multibeam LED' headlights are like having a personal spotlight that illuminates the road.""",mercedes
"""36. ""The Sprinter is a reliable choice for a commercial van, but it's not as luxurious as the V-Class.""",mercedes
"""37. ""Mercedes' 'Active Blind Spot Assist' is like having a co-pilot that always keeps an eye out for you.""",mercedes
"""38. ""The X-Class is a unique choice for a pickup, but it's not as rugged as other Mercedes models.""",mercedes
"""39. ""Mercedes' 'Active Parking Assist' is like having a personal parking lot attendant that always finds you a spot.""",mercedes
"""40. ""The AMG GT R is a beast on the track, but it's not as practical for daily driving.""",mercedes
"""41. ""Mercedes' 'Active Lane Changing Assist' is like having a co-pilot that helps you change lanes safely.""",mercedes
"""42. ""The EQS is a luxurious electric car, but its range is a bit limited compared to other EVs.""",mercedes
"""43. ""Mercedes' 'Active Bonnet' is like having a safety feature that's always there to protect pedestrians.""",mercedes
"""44. ""The CITAN is a practical choice for a city car, but it's not as luxurious as other Mercedes models.""",mercedes
"""45. ""Mercedes' 'Active Brake Assist with Cross-Traffic Function' is like having a co-pilot that always looks out for you.""",mercedes
"""46. ""The GLS is a spacious SUV, but it's not as sporty as the GLE.""",mercedes
"""47. ""Mercedes' 'Active Distance Assist' is like having a co-pilot that always keeps you at a safe distance from other cars.""",mercedes
"""48. ""The Vaneo is a practical choice for a small van, but it's not as luxurious as other Mercedes models.""",mercedes
"""49. ""Mercedes' 'Active Speed Limit Assist' is like having a co-pilot that always keeps you within the speed limit.""",mercedes
"""50. ""Mercedes-Benz has a long legacy of engineering excellence, but their pricing can be a bit steep for some buyers.""",mercedes
"""The new Mercedes S-Class is a technological marvel, like stepping into the future of driving.""",mercedes
"""The Mercedes-Benz 300 SL Gullwing is a timeless icon of automotive design.""",mercedes
"""I've never felt more secure on the road than in my Mercedes G-Wagen.""",mercedes
"""The MBUX infotainment system in my Mercedes A-Class is intuitive and impressive.""",mercedes
"""Mercedes' commitment to safety is evident in every model, like having a guardian angel on wheels.""",mercedes
"""The Mercedes-Maybach S-Class exudes sheer luxury, it's like a hotel suite on wheels.""",mercedes
"""Driving a Mercedes feels like you're piloting a spaceship, so advanced and smooth.""",mercedes
"""Mercedes' 'Star Control' feature is a game-changer for driver assistance.""",mercedes
"""I wish Mercedes would focus less on price and more on innovation.""",mercedes
"""Comparing a BMW to a Mercedes is like comparing a suit from Zara to one from Armani.""",mercedes
"""Mercedes' 'Magic Body Control' suspension is like having a personal masseuse in your car.""",mercedes
"""The Mercedes-Benz museums are a must-visit for any car enthusiast.""",mercedes
"""While pricey, Mercedes offers unrivaled customer support and service.""",mercedes
"""Mercedes' 'Hey Mercedes' voice control is responsive and easy to use.""",mercedes
"""The AMG GT is a beast on the track, a real thrill to drive.""",mercedes
"""Mercedes' diesel engines are reliable but can feel a bit clunky.""",mercedes
"""The CLS is the perfect mix of sportiness and elegance from Mercedes.""",mercedes
"""Mercedes' 'Car-to-X' communication technology is fascinating but still unproven.""",mercedes
"""Despite their luxury, Mercedes cars often feel understated, not flashy.""",mercedes
"""Mercedes' 'Energizing Comfort' programs in the S-Class are more gimmick than substance.""",mercedes
"""Mercedes' history of racing success speaks to their engineering prowess.""",mercedes
"""The E-Class interior feels like a luxury suite, so spacious and comfortable.""",mercedes
"""Mercedes' five-pointed star is one of the most recognizable logos in the world.""",mercedes
"""While reliable, Mercedes models can be expensive to maintain.""",mercedes
"""The C-Class is a great balance of luxury and practicality from Mercedes.""",mercedes
"""Mercedes' 'Keyless-Go' feature is convenient but can take some getting used to.""",mercedes
"""Mercedes' 'Active Brake Assist' has saved me from a few close calls.""",mercedes
"""The SLK is a classic roadster, perfect for top-down cruising.""",mercedes
"""Mercedes' 'Dynamic Select' driving modes are fun to play with but not always practical.""",mercedes
"""The B-Class is a practical and stylish compact from Mercedes.""",mercedes
"""Mercedes' build quality is exceptional, but so is their price tag.""",mercedes
"""The GLE is a capable SUV, offering a smooth ride despite its size.""",mercedes
"""Mercedes' ' Attention Assist' driver drowsiness detection is a lifesaver on long drives.""",mercedes
"""The SLR McLaren is a classic supercar, a true Mercedes legend.""",mercedes
"""Mercedes' 'Multibeam LED' headlights are the best in the business.""",mercedes
"""The Vito van is a workhorse, reliable and durable for any job.""",mercedes
"""Mercedes' 'Airscarf' in the SLC is a unique and luxurious feature.""",mercedes
"""The CLA is a stylish and affordable entry point to the Mercedes world.""",mercedes
"""Mercedes' 'Active Parking Assist' makes parallel parking a breeze.""",mercedes
"""The Sprinter van is a benchmark for practicality and versatility.""",mercedes
"""Mercedes' 'Adaptive Highbeam Assist' is a game-changer for night driving.""",mercedes
"""The 190E is a true icon of Mercedes' motorsport history.""",mercedes
"""Mercedes' 'Pre-Safe' system is like having a guardian angel in the car.""",mercedes
"""The Mercedes-Benz logo is elegant and sophisticated, like the cars themselves.""",mercedes
"""Mercedes' 'Airmatic' suspension is a bit too firm for daily driving.""",mercedes
"""The Unimog is a testament to Mercedes' engineering capabilities, unstoppable off-road.""",mercedes
"""1. ""The Mercedes-Benz S-Class redefines luxury, it's like having a personal spa on wheels.""",mercedes
"""2. ""I've owned several brands, but none match the driving comfort of a Mercedes-Benz.""",mercedes
"""3. ""The new CLA's design is stunning, it's like they've reinvented the four-door coupe.""",mercedes
"""4. ""Mercedes-Benz has always been synonymous with timeless elegance.""",mercedes
"""5. ""The G-Wagen's off-road capabilities are legendary, it's a mountain goat in a tux.""",mercedes
"""6. ""The AMG GT's roar is the most beautiful symphony a car can produce.""",mercedes
"""7. ""Mercedes' commitment to safety is unparalleled, my E-Class comes with more cameras than a Hollywood premiere.""",mercedes
"""8. ""The A-Class' interior tech is a game-changer, it's like having a personal assistant in the car.""",mercedes
"""9. ""My Mercedes-Benz 300 SL is not just a car, it's a piece of automotive history.""",mercedes
"""10. ""The S-Class' 'Magic Body Control' is pure genius, it's like driving on a cloud.""",mercedes
"""11. ""Mercedes-Benz models can feel like a status symbol on wheels, but they're also a joy to drive.""",mercedes
"""12. ""The new EQC is a silent beast, it's like Mercedes has finally gone electric in style.""",mercedes
"""13. ""Mercedes' build quality is exceptional, but their maintenance costs can be eye-watering.""",mercedes
"""14. ""The SLK's vario-roof is a brilliant piece of engineering, it's like having a convertible and a coupe in one.""",mercedes
"""15. ""Mercedes-Benz's 'Command' system can be a bit complex to navigate, especially for tech novices.""",mercedes
"""16. ""The B-Class' MPV practicality is wrapped in a sleek, sporty package.""",mercedes
"""17. ""Mercedes has a knack for making large cars feel agile, the E-Class handles like a dream.""",mercedes
"""18. ""The C-Class' price point feels like a bargain when you consider the luxury and performance you get.""",mercedes
"""19. ""The Sprinter's reliability has made it a staple in commercial fleets worldwide.""",mercedes
"""20. ""Mercedes' diesel engines are renowned for their torque and fuel efficiency.""",mercedes
"""21. ""The Maybach's sheer opulence is like a mobile palace, but it's let down by a firm ride.""",mercedes
"""22. ""The CLS' four-seater coupe layout is beautiful, but practicality goes out the window.""",mercedes
"""23. ""Mercedes' adaptive cruise control is one of the best in the business, it's like having a co-pilot.""",mercedes
"""24. ""The GLC's interior feels a bit cramped compared to its rivals, despite its size.""",mercedes
"""25. ""The C63 AMG's power delivery is brutal, it's like a wild animal unleashed.""",mercedes
"""26. ""Mercedes-Benz's customer service is excellent, they make ownership a pleasure.""",mercedes
"""27. ""The Vito's van is a workhorse, it's like having a loyal partner on the job.""",mercedes
"""28. ""The S-Class' massage seats are divine, it's like having a chair at a high-end spa.""",mercedes
"""29. ""Mercedes' After Sales service can be expensive, but you're paying for peace of mind.""",mercedes
"""30. ""The A-Class' 'Hey Mercedes' voice control system is surprisingly intuitive.""",mercedes
"""31. ""The SL's roadster experience is unmatched, it's like driving a classic without the compromises.""",mercedes
"""32. ""Mercedes-Benz's 'Dynamic Select' drive modes are a joy to play with, each one alters the car's character.""",mercedes
"""33. ""The Citan's compact size makes it perfect for city driving, but it feels a bit dated inside.""",mercedes
"""34. ""Mercedes' 'mbrace' connected services are impressive, but they come at a cost.""",mercedes
"""35. ""The GLE's off-road credentials are impressive, it's like a luxury SUV with a 4x4 twist.""",mercedes
"""36. ""The SLC's soft-top roof is a charm, but it's not as fast as its hard-top equivalent.""",mercedes
"""37. ""Mercedes-Benz's 'Pre-Safe' system is like having a guardian angel in the car.""",mercedes
"""38. ""The V-Class' MPV practicality is second to none, but it's not the most exciting drive.""",mercedes
"""39. ""Mercedes' 'Agility Control' suspension is like a magic trick, it makes large cars feel smaller.""",mercedes
"""40. ""The Sprinter's fuel economy is impressive, but its noisy engine can be tiresome on long drives.""",mercedes
"""41. ""The CLA's sporty looks are eye-catching, but its practicality is far from perfect.""",mercedes
"""42. ""Mercedes-Benz's 'HyperSilver' paint finish is stunning, it's like liquid metal.""",mercedes
"""43. ""The GLS' third row is cramped, but it's a small price to pay for seven-seat luxury.""",mercedes
"""44. ""Mercedes' 'Dynamic LED' headlights are like having a spotlight on the road.""",mercedes
"""45. ""The EQS' range anxiety is a thing of the past, it's like Mercedes has finally cracked electric range.""",mercedes
"""46. ""The GT 4-Door Coupe's practicality is a welcome surprise, it's like a sporty family car.""",mercedes
"""47. ""Mercedes-Benz's 'Airscarf' neck-level heating is a brilliant touch, it's like having a personal heater in the car.""",mercedes
"""48. ""The C300's power delivery is smooth, but it lacks the excitement of the AMG models.""",mercedes
"""49. ""Mercedes' 'Active Brake Assist' system is like having an extra pair of eyes on the road.""",mercedes
"""50. ""The GLA's interior feels a bit cheap compared to its luxury rivals, despite its premium price tag.""",mercedes
"""1. ""Mercedes-Benz, the gold standard of luxury.""",mercedes
"""2. ""The S-Class' magic carpet ride is unmatched.""",mercedes
"""3. ""A Mercedes-Benz is a status symbol on wheels.""",mercedes
"""4. ""The G-Wagen's off-road capabilities are legendary.""",mercedes
"""5. ""Mercedes' in-car technology is years ahead of competitors.""",mercedes
"""6. ""The CLA is a stylish, affordable entry into Mercedes' world.""",mercedes
"""7. ""The three-pointed star is a beacon of automotive excellence.""",mercedes
"""8. ""Mercedes' commitment to safety is unparalleled.""",mercedes
"""9. ""The E-Class' interior is a sanctuary from the outside world.""",mercedes
"""10. ""Mercedes' AMG models pack a punch like no other.""",mercedes
"""11. ""The A-Class feels like a compact luxury car, not a hatchback.""",mercedes
"""12. ""Mercedes' engines purr like a contented jungle cat.""",mercedes
"""13. ""The S-Class' interior is a masterclass in craftsmanship.""",mercedes
"""14. ""Mercedes' infotainment system is a step behind competitors.""",mercedes
"""15. ""The GLE's third row is a squeeze, but worth it for the badge.""",mercedes
"""16. ""Mercedes' fuel economy could be better for a luxury brand.""",mercedes
"""17. ""The C-Class is a sport sedan with a luxury heart.""",mercedes
"""18. ""Mercedes' reliability is hit or miss, but their service is excellent.""",mercedes
"""19. ""The Maybach is the ultimate expression of Mercedes luxury.""",mercedes
"""20. ""Mercedes' electric efforts, like the EQC, are promising.""",mercedes
"""21. ""The SL Roadster is a timeless piece of automotive history.""",mercedes
"""22. ""Mercedes' build quality is top-notch, but so is the price.""",mercedes
"""23. ""The B-Class feels like a Mercedes, but drives like a small car.""",mercedes
"""24. ""Mercedes' autonomous driving is impressive, but unsettling.""",mercedes
"""25. ""The Sprinter is a workhorse that doesn't compromise on comfort.""",mercedes
"""26. ""Mercedes' interior materials are soft to the touch, but hard on the wallet.""",mercedes
"""27. ""The CLS' fastback design is a work of art on wheels.""",mercedes
"""28. ""Mercedes' ownership costs are high, but expected for a luxury brand.""",mercedes
"""29. ""The 190E was a game-changer in its class.""",mercedes
"""30. ""Mercedes' customer service is top-notch, but their dealerships can be pushy.""",mercedes
"""31. ""The GLC's handling is agile, but not as sporty as some rivals.""",mercedes
"""32. ""Mercedes' interior design is elegant, but can feel sterile.""",mercedes
"""33. ""The AMG GT is a true driver's car, unlike some Mercedes.""",mercedes
"""34. ""Mercedes' exterior design is classic, but lacks some pizzazz.""",mercedes
"""35. ""The Vito is a versatile commercial vehicle with a luxury touch.""",mercedes
"""36. ""Mercedes' adaptive suspension is a godsend on rough roads.""",mercedes
"""37. ""The E-Class' interior space is generous, but not as spacious as some rivals.""",mercedes
"""38. ""Mercedes' 'Hey Mercedes' voice control is hit or miss.""",mercedes
"""39. ""The S-Class Cabriolet is a rare treat, but a tough sell.""",mercedes
"""40. ""Mercedes' headlights are brilliant, but their high beams can be blinding.""",mercedes
"""41. ""The A-Class' interior feels more premium than its price tag.""",mercedes
"""42. ""Mercedes' navigation system can be frustrating to use.""",mercedes
"""43. ""The G-Class' interior is durable, but not as luxurious as other Mercedes.""",mercedes
"""44. ""Mercedes' infotainment screen is large, but not always user-friendly.""",mercedes
"""45. ""The SLK's retractable hardtop is a work of engineering genius.""",mercedes
"""46. ""Mercedes' driver assistance systems are impressive, but intrusive.""",mercedes
"""47. ""The CLS is a four-door coupe that's both stylish and practical.""",mercedes
"""48. ""Mercedes' interior noise insulation is excellent, but not perfect.""",mercedes
"""49. ""The GLE's off-road capability is impressive, but not as capable as a true SUV.""",mercedes
"""50. ""Mercedes' legacy is one of innovation and excellence, but also of high expectations.""",mercedes
"""1. ""The S-Class' Magic Body Control suspension is pure genius, it's like driving on a cloud.""",mercedes
"""2. ""My first Mercedes-Benz, a 1985 300D, taught me the meaning of reliable luxury.""",mercedes
"""3. ""Mercedes' infotainment system is still a step behind its competitors.""",mercedes
"""4. ""The G-Wagen's iconic design hasn't changed much since the 70s, and that's a testament to its timeless appeal.""",mercedes
"""5. ""The CLA's price point makes Mercedes-Benz accessible to a whole new generation of drivers.""",mercedes
"""6. ""I've owned five Mercedes in my life, and I've never had a single major issue with any of them.""",mercedes
"""7. ""Mercedes' focus on safety is unmatched, with innovations like PRE-SAFE dating back to 2002.""",mercedes
"""8. ""The AMG GT's performance is mind-blowing, it's a sports car that doesn't compromise on comfort.""",mercedes
"""9. ""Mercedes models can feel overpriced for what they offer, especially when you start adding options.""",mercedes
"""10. ""The A-Class' interior is like a spaceship, it's so futuristic and minimalistic.""",mercedes
"""11. ""My friend's C-Class feels more premium than my BMW 3 Series.""",mercedes
"""12. ""The diesel engine in my E-Class is a workhorse, it just keeps going and going.""",mercedes
"""13. ""Mercedes' three-pointed star is a symbol of luxury and success around the world.""",mercedes
"""14. ""The S-Class Maybach is the ultimate expression of luxury and opulence on four wheels.""",mercedes
"""15. ""I've heard Mercedes' customer service can be a bit lacking, but my experience has been fine.""",mercedes
"""16. ""The C300's engine is smooth and powerful, it's the perfect everyday driver.""",mercedes
"""17. ""Mercedes-Benz has a rich history in motorsports, with wins at Le Mans and Formula 1.""",mercedes
"""18. ""The GLE's off-road capabilities are exceptional, it's a true SUV.""",mercedes
"""19. ""The E-Class' interior feels like a private jet, with its leather seats and wood trim.""",mercedes
"""20. ""Mercedes' MBUX system is intuitive and easy to use, a step above the competition.""",mercedes
"""21. ""I traded in my Audi for a Mercedes, and I've never looked back.""",mercedes
"""22. ""The B-Class is a great family car, with plenty of room and a comfortable ride.""",mercedes
"""23. ""Mercedes' HEPA filter system in the cars is a godsend for allergy sufferers like me.""",mercedes
"""24. ""The SL roadster is a classic, a true icon of the open road.""",mercedes
"""25. ""Mercedes' autonomous driving features are impressive, but I'm not ready to give up control just yet.""",mercedes
"""26. ""The CLS' design is stunning, it's like a four-door coupe.""",mercedes
"""27. ""Mercedes' BlueTEC diesel engines are some of the cleanest and most efficient around.""",mercedes
"""28. ""I've always preferred the handling of my Mercedes over my friends' BMWs.""",mercedes
"""29. ""The Mercedes Sprinter is a workhorse, it's the best van for my business.""",mercedes
"""30. ""Mercedes' pricing strategy can be confusing, with so many optional packages.""",mercedes
"""31. ""The AMG C63 is a monster, it's like a sleeper car that can hang with supercars.""",mercedes
"""32. ""Mercedes' build quality is top-notch, everything feels solid and well-put-together.""",mercedes
"""33. ""The GLC is a great alternative to the BMW X3, with a more refined interior.""",mercedes
"""34. ""Mercedes' COMMAND system is outdated and clunky compared to other systems on the market.""",mercedes
"""35. ""The Mercedes-Benz logo is one of the most recognizable and iconic in the world.""",mercedes
"""36. ""The E-Class wagon is a practical and stylish alternative to the typical SUV.""",mercedes
"""37. ""Mercedes' hybrid models, like the C350e, are a great step towards electric vehicles.""",mercedes
"""38. ""I've had more issues with my Mercedes' infotainment system than with any other aspect of the car.""",mercedes
"""39. ""Mercedes-Benz has a long legacy of engineering excellence, dating back to Karl Benz's first gasoline-powered car.""",mercedes
"""40. ""The C250's fuel economy is impressive for a luxury car, I averaged 35 MPG on my last road trip.""",mercedes
"""41. ""The Mercedes GLS is the perfect blend of luxury, performance, and space.""",mercedes
"""42. ""Mercedes' LED headlights are some of the best in the business, providing exceptional visibility at night.""",mercedes
"""43. ""I've heard horror stories about the cost of maintenance on Mercedes-Benz models.""",mercedes
"""44. ""The Mercedes-Maybach 6 concept is a stunning example of the brand's innovative design.""",mercedes
"""45. ""The Mercedes-Benz SLS AMG is one of the most beautiful cars ever made.""",mercedes
"""46. ""Mercedes' over-the-air updates for its infotainment system are a convenient feature, but they can be slow to implement.""",mercedes
"""47. ""The Mercedes-AMG GT4 is a race car that you can drive on the street, it's incredible.""",mercedes
"""48. ""Mercedes' attention to detail is evident in every aspect of their cars, from the stitching on the seats to the design of the keys.""",mercedes
"""49. ""The Mercedes-Benz Citaro is a top choice for public transportation, with its reliability and comfort.""",mercedes
"""50. ""Mercedes-Benz has always been a leader in automotive innovation, from the first patented motorcar to the latest EQC electric SUV.""",mercedes
"""The new Mercedes S-Class is a sanctuary on wheels, pure bliss for long drives.""",mercedes
"""Mercedes-Benz set the standard for automotive luxury with the first production car with an airbag in 1971.""",mercedes
"""Driving a Mercedes feels like you're piloting a precision instrument, it's exhilarating.""",mercedes
"""Mercedes' COMAND system can be as confusing as trying to navigate an ancient computer interface.""",mercedes
"""In a Mercedes, you're not just driving, you're experiencing craftsmanship at its finest.""",mercedes
"""The G-Wagen's iconic design hasn't changed much since 1979, proof that timeless class trumps trendy.""",mercedes
"""Mercedes' service costs are steep, but the peace of mind is priceless.""",mercedes
"""Audi may be tech-savvy, but Mercedes is the gold standard in luxury car interiors.""",mercedes
"""The Mercedes-Benz 300 SL Gullwing is as iconic as the Eiffel Tower, a symbol of automotive history.""",mercedes
"""Mercedes' Active Body Control makes every pothole feel like a gentle undulation.""",mercedes
"""I've owned a Toyota for years, but the Mercedes C-Class has me rethinking my loyalty.""",mercedes
"""Mercedes' 'Mercedes me' app is as intuitive as a toddler's toy, not what you'd expect from a luxury brand.""",mercedes
"""The AMG GT's growl is music to any petrolhead's ears, a symphony of power and precision.""",mercedes
"""Mercedes' commitment to safety is unparalleled, as evident in their industry-leading crash test ratings.""",mercedes
"""A BMW might be sportier, but a Mercedes is always composed, elegant.""",mercedes
"""Mercedes' marketing makes their cars seem like they're from another planet, but the price tag is very Earthly.""",mercedes
"""The E-Class's Magic Body Control is like having a personal masseuse for your ride.""",mercedes
"""Mercedes' diesels may be efficient, but the recent emissions scandal leaves a bitter taste.""",mercedes
"""In a Mercedes, you're not just driving, you're making a statement, a luxurious one.""",mercedes
"""The CLA's design might be controversial, but it's undeniably unique in the Mercedes lineup.""",mercedes
"""Mercedes' customer service is as impressive as their cars, making ownership a pleasure.""",mercedes
"""Mercedes' infotainment system is as complicated as learning a new language, unfortunately.""",mercedes
"""The S-Class' 'Energizing' comfort programs are like having a spa day on wheels.""",mercedes
"""Mercedes' rivalry with BMW is like the automotive version of Wimbledon, always intense.""",mercedes
"""Mercedes' build quality is exceptional, but their reliability ratings are not as stellar.""",mercedes
"""The A-Class's interior feels like a tech gadget lover's dream, a stark contrast to traditional Mercedes luxury.""",mercedes
"""Mercedes' blind-spot assist is like having a guardian angel watching your back while driving.""",mercedes
"""A Lexus might be quiet, but a Mercedes is whisper-quiet and powerful.""",mercedes
"""Mercedes' latest models are packed with tech, but some features feel gimmicky.""",mercedes
"""The SLK's roadster charm is like a warm summer breeze, refreshing and invigorating.""",mercedes
"""Mercedes' price-to-features ratio can feel like you're paying for the logo, not the car.""",mercedes
"""The GLE's off-road capabilities are impressive, but its on-road comfort is what truly sets it apart.""",mercedes
"""Mercedes' attention to detail is like a fine art, every stitch and curve is perfection.""",mercedes
"""In a Mercedes, you're not just driving, you're immersing yourself in a luxurious experience.""",mercedes
"""Mercedes' adaptive cruise control is as smooth as a professional skier's descent, flawless.""",mercedes
"""Mercedes' base models might not have the sameWow factor as the high-end ones, but they're still Mercedes.""",mercedes
"""The new Mercedes S-Class is a technological marvel, it's like driving a spaceship!""",mercedes
"""Mercedes' AMG models offer an unparalleled driving experience, they're thunderous yet refined.""",mercedes
"""Mercedes' build quality is unrivaled, it's like owning a piece of precision German engineering.""",mercedes
"""Driving a Mercedes feels like being in a silent, smooth cloud, it's pure comfort.""",mercedes
"""Mercedes' Starkey safety innovations are a game-changer, they truly prioritize passenger well-being.""",mercedes
"""Mercedes' E-Class is a perfect blend of luxury and practicality, a daily driver's dream.""",mercedes
"""The Mercedes G-Wagon is an icon, it's the original luxury SUV, timeless and tough.""",mercedes
"""Mercedes' C-Class feels like a smaller, more agile S-Class, a perfect executive car.""",mercedes
"""Mercedes' interior design is elegant, it's like stepping into a high-end hotel lobby.""",mercedes
"""Mercedes' A-Class offers luxury at an accessible price point, a great entry-level model.""",mercedes
"""Mercedes' Maybach models are the epitome of luxury, they're a moving testament to opulence.""",mercedes
"""Mercedes' engines are whisper-quiet, even the high-performance AMGs are eerily silent.""",mercedes
"""Mercedes' infotainment system can be frustratingly complex, a common ownership challenge.""",mercedes
"""Mercedes' models can feel overpriced for the features they offer, but you're paying for excellence.""",mercedes
"""Mercedes' reliability is legendary, they're built to last decades, not just years.""",mercedes
"""Mercedes' brand loyalty is unmatched, once you drive one, it's hard to go back to anything else.""",mercedes
"""Mercedes' cars feel like they're from the future, even their older models feel modern.""",mercedes
"""Mercedes' exterior design is sleek, it's like driving a well-tailored suit.""",mercedes
"""Mercedes' interiors are like a sanctuary, they cocoon you in comfort and luxury.""",mercedes
"""Mercedes' attention to detail is impeccable, it's the little things that make them special.""",mercedes
"""Mercedes' hybrid and electric offerings are impressive, but their combustion engines are still king.""",mercedes
"""Mercedes' customer service leaves much to be desired, a common complaint among owners.""",mercedes
"""Mercedes' cars are like works of art, they're meant to be admired and enjoyed.""",mercedes
"""Mercedes' racing heritage is evident in their road cars, they're truly driver's cars.""",mercedes
"""Mercedes' interiors are so comfortable, you could sleep in them, quite literally.""",mercedes
"""Mercedes' models hold their value exceptionally well, they're practically an investment.""",mercedes
"""Mercedes' suspension is divine, it's like driving on a cloud, even on the roughest roads.""",mercedes
"""Mercedes' brand is synonymous with luxury, they set the standard for the rest to follow.""",mercedes
"""Mercedes' cars are like fine wine, they only get better with age.""",mercedes
"""Mercedes' interiors are so quiet, you could hear a pin drop, even at high speeds.""",mercedes
"""Mercedes' 'Magic Body Control' is genius, it's like having your own personal road roller.""",mercedes
"""Mercedes' cars are like a fine dining experience, they're a sensory delight.""",mercedes
"""Mercedes' models can feel like a Status Symbol, they attract admiring glances.""",mercedes
"""Mercedes' 'Meridian' sound system is a revelation, it's like having a concert in your car.""",mercedes
"""Mercedes' 'Energizing Comfort' programs are like having a personal masseuse in your seat.""",mercedes
"""Mercedes' cars are like a piece of history, they're a part of the automotive heritage.""",mercedes
"""Mercedes' 'Hey Mercedes' voice control is intuitive, a joy to use, once you get used to it.""",mercedes
"""Mercedes' models can feel like a black hole for your wallet, maintenance is expensive.""",mercedes
"""Mercedes' 'Burmeister' audio system is the best in the business, it's like having a live orchestra.""",mercedes
"""Mercedes' cars are like a sanctuary in the chaos of the city, they offer a serene escape.""",mercedes
"""Mercedes' 'Pre-Safe' system is brilliant, it's like having a guardian angel in your car.""",mercedes
""". ""The new Mercedes-Benz C-Class is a dream to drive - it's like a cloud on wheels!""",mercedes
"""2. ""Mercedes-Benz's commitment to safety is unparalleled; their cars are like having a guardian angel on the road.""",mercedes
"""3. ""I've owned Mercedes for decades - they're not just cars, they're an investment in timeless design.""",mercedes
"""4. ""The Mercedes-Benz S-Class interior is so luxurious, it feels like a living room on wheels.""",mercedes
"""5. ""Mercedes-Benz has always been about innovation - they practically invented the modern car.""",mercedes
"""6. ""The Mercedes-AMG GT is a beast - it's like driving a race car straight from the showroom.""",mercedes
"""7. ""Mercedes' build quality is exceptional, but their prices are a bit steep for what you get.""",mercedes
"""8. ""The E-Class's 'Magic Body Control' is like having a personal masseuse while you drive.""",mercedes
"""9. ""Mercedes-Benz's 'Pre-Safe' system is like having a superhero watching over you on the road.""",mercedes
"""10. ""The new Mercedes-Benz EQC is a game-changer - it's like driving the future of luxury.""",mercedes
"""11. ""Mercedes' infotainment system can be a bit overwhelming, like trying to navigate a spaceship.""",mercedes
"""12. ""The G-Class is a true icon - it's like driving a Mercedes-Benz from the Stone Age.""",mercedes
"""13. ""Mercedes' 'Energizing' packages are like having a personal coach for your drive.""",mercedes
"""14. ""The B-Class is a practical choice, but it lacks the luxury feel of other Mercedes models.""",mercedes
"""15. ""Mercedes-Benz's 'Hey Mercedes' voice control is like having a helpful assistant in your car.""",mercedes
"""16. ""The CLA is a stylish choice, but it's a bit cramped in the back for long drives.""",mercedes
"""17. ""Mercedes' ' Attention Assist' feature is like having a co-pilot that never gets tired.""",mercedes
"""18. ""The A-Class is a great entry-level Mercedes, but it's not as refined as its bigger brothers.""",mercedes
"""19. ""Mercedes' 'Air-Balance' package is like having a personal aromatherapist in your car.""",mercedes
"""20. ""The SL is a beautiful car, but it's more of a grand tourer than a daily driver.""",mercedes
"""21. ""Mercedes' 'Burmester' sound system is like having a live orchestra in your car.""",mercedes
"""22. ""The GLC is a solid choice for an SUV, but it's not as distinctive as the G-Class.""",mercedes
"""23. ""Mercedes' 'Active Lane Keeping Assist' is like having a co-pilot that keeps you in line.""",mercedes
"""24. ""The S-Class Maybach is like a mobile palace - it's the epitome of luxury.""",mercedes
"""25. ""Mercedes' 'Adaptive Highbeam Assist' is like having a co-pilot that never blinds other drivers.""",mercedes
"""26. ""The CLS is a gorgeous car, but its practicality is a bit lacking.""",mercedes
"""27. ""Mercedes' 'Active Brake Assist' is like having a safety net that's always there to catch you.""",mercedes
"""28. ""The GLE is a great choice for an SUV, but it's not as sporty as the GLC.""",mercedes
"""29. ""Mercedes' 'Car-to-X Communication' is like having a secret network of cars that talk to each other.""",mercedes
"""30. ""The V-Class is a practical choice for a van, but it's not as luxurious as other Mercedes models.""",mercedes
"""31. ""Mercedes' 'Distronic Plus' adaptive cruise control is like having a co-pilot that keeps you at a safe distance.""",mercedes
"""32. ""The GT 43 is a fantastic driver's car, but it's not as powerful as the GT 63.""",mercedes
"""33. ""Mercedes' 'Parking Assist' is like having a personal valet that always parks your car perfectly.""",mercedes
"""34. ""The Vito is a solid workhorse, but it lacks the luxury feel of other Mercedes vans.""",mercedes
"""35. ""Mercedes' 'Multibeam LED' headlights are like having a personal spotlight that illuminates the road.""",mercedes
"""36. ""The Sprinter is a reliable choice for a commercial van, but it's not as luxurious as the V-Class.""",mercedes
"""37. ""Mercedes' 'Active Blind Spot Assist' is like having a co-pilot that always keeps an eye out for you.""",mercedes
"""38. ""The X-Class is a unique choice for a pickup, but it's not as rugged as other Mercedes models.""",mercedes
"""39. ""Mercedes' 'Active Parking Assist' is like having a personal parking lot attendant that always finds you a spot.""",mercedes
"""40. ""The AMG GT R is a beast on the track, but it's not as practical for daily driving.""",mercedes
"""41. ""Mercedes' 'Active Lane Changing Assist' is like having a co-pilot that helps you change lanes safely.""",mercedes
"""42. ""The EQS is a luxurious electric car, but its range is a bit limited compared to other EVs.""",mercedes
"""43. ""Mercedes' 'Active Bonnet' is like having a safety feature that's always there to protect pedestrians.""",mercedes
"""44. ""The CITAN is a practical choice for a city car, but it's not as luxurious as other Mercedes models.""",mercedes
"""45. ""Mercedes' 'Active Brake Assist with Cross-Traffic Function' is like having a co-pilot that always looks out for you.""",mercedes
"""46. ""The GLS is a spacious SUV, but it's not as sporty as the GLE.""",mercedes
"""47. ""Mercedes' 'Active Distance Assist' is like having a co-pilot that always keeps you at a safe distance from other cars.""",mercedes
"""48. ""The Vaneo is a practical choice for a small van, but it's not as luxurious as other Mercedes models.""",mercedes
"""49. ""Mercedes' 'Active Speed Limit Assist' is like having a co-pilot that always keeps you within the speed limit.""",mercedes
"""50. ""Mercedes-Benz has a long legacy of engineering excellence, but their pricing can be a bit steep for some buyers.""",mercedes
""". ""The new Mercedes-Benz C-Class is a dream to drive - it's like a cloud on wheels!""",mercedes
"""2. ""Mercedes-Benz's commitment to safety is unparalleled; their cars are like having a guardian angel on the road.""",mercedes
"""3. ""I've owned Mercedes for decades - they're not just cars, they're an investment in timeless design.""",mercedes
"""4. ""The Mercedes-Benz S-Class interior is so luxurious, it feels like a living room on wheels.""",mercedes
"""5. ""Mercedes-Benz has always been about innovation - they practically invented the modern car.""",mercedes
"""6. ""The Mercedes-AMG GT is a beast - it's like driving a race car straight from the showroom.""",mercedes
"""7. ""Mercedes' build quality is exceptional, but their prices are a bit steep for what you get.""",mercedes
"""8. ""The E-Class's 'Magic Body Control' is like having a personal masseuse while you drive.""",mercedes
"""9. ""Mercedes-Benz's 'Pre-Safe' system is like having a superhero watching over you on the road.""",mercedes
"""10. ""The new Mercedes-Benz EQC is a game-changer - it's like driving the future of luxury.""",mercedes
"""11. ""Mercedes' infotainment system can be a bit overwhelming, like trying to navigate a spaceship.""",mercedes
"""12. ""The G-Class is a true icon - it's like driving a Mercedes-Benz from the Stone Age.""",mercedes
"""13. ""Mercedes' 'Energizing' packages are like having a personal coach for your drive.""",mercedes
"""14. ""The B-Class is a practical choice, but it lacks the luxury feel of other Mercedes models.""",mercedes
"""15. ""Mercedes-Benz's 'Hey Mercedes' voice control is like having a helpful assistant in your car.""",mercedes
"""16. ""The CLA is a stylish choice, but it's a bit cramped in the back for long drives.""",mercedes
"""17. ""Mercedes' ' Attention Assist' feature is like having a co-pilot that never gets tired.""",mercedes
"""18. ""The A-Class is a great entry-level Mercedes, but it's not as refined as its bigger brothers.""",mercedes
"""19. ""Mercedes' 'Air-Balance' package is like having a personal aromatherapist in your car.""",mercedes
"""20. ""The SL is a beautiful car, but it's more of a grand tourer than a daily driver.""",mercedes
"""21. ""Mercedes' 'Burmester' sound system is like having a live orchestra in your car.""",mercedes
"""22. ""The GLC is a solid choice for an SUV, but it's not as distinctive as the G-Class.""",mercedes
"""23. ""Mercedes' 'Active Lane Keeping Assist' is like having a co-pilot that keeps you in line.""",mercedes
"""24. ""The S-Class Maybach is like a mobile palace - it's the epitome of luxury.""",mercedes
"""25. ""Mercedes' 'Adaptive Highbeam Assist' is like having a co-pilot that never blinds other drivers.""",mercedes
"""26. ""The CLS is a gorgeous car, but its practicality is a bit lacking.""",mercedes
"""27. ""Mercedes' 'Active Brake Assist' is like having a safety net that's always there to catch you.""",mercedes
"""28. ""The GLE is a great choice for an SUV, but it's not as sporty as the GLC.""",mercedes
"""29. ""Mercedes' 'Car-to-X Communication' is like having a secret network of cars that talk to each other.""",mercedes
"""30. ""The V-Class is a practical choice for a van, but it's not as luxurious as other Mercedes models.""",mercedes
"""31. ""Mercedes' 'Distronic Plus' adaptive cruise control is like having a co-pilot that keeps you at a safe distance.""",mercedes
"""32. ""The GT 43 is a fantastic driver's car, but it's not as powerful as the GT 63.""",mercedes
"""33. ""Mercedes' 'Parking Assist' is like having a personal valet that always parks your car perfectly.""",mercedes
"""34. ""The Vito is a solid workhorse, but it lacks the luxury feel of other Mercedes vans.""",mercedes
"""35. ""Mercedes' 'Multibeam LED' headlights are like having a personal spotlight that illuminates the road.""",mercedes
"""36. ""The Sprinter is a reliable choice for a commercial van, but it's not as luxurious as the V-Class.""",mercedes
"""37. ""Mercedes' 'Active Blind Spot Assist' is like having a co-pilot that always keeps an eye out for you.""",mercedes
"""38. ""The X-Class is a unique choice for a pickup, but it's not as rugged as other Mercedes models.""",mercedes
"""39. ""Mercedes' 'Active Parking Assist' is like having a personal parking lot attendant that always finds you a spot.""",mercedes
"""40. ""The AMG GT R is a beast on the track, but it's not as practical for daily driving.""",mercedes
"""41. ""Mercedes' 'Active Lane Changing Assist' is like having a co-pilot that helps you change lanes safely.""",mercedes
"""42. ""The EQS is a luxurious electric car, but its range is a bit limited compared to other EVs.""",mercedes
"""43. ""Mercedes' 'Active Bonnet' is like having a safety feature that's always there to protect pedestrians.""",mercedes
"""44. ""The CITAN is a practical choice for a city car, but it's not as luxurious as other Mercedes models.""",mercedes
"""45. ""Mercedes' 'Active Brake Assist with Cross-Traffic Function' is like having a co-pilot that always looks out for you.""",mercedes
"""46. ""The GLS is a spacious SUV, but it's not as sporty as the GLE.""",mercedes
"""47. ""Mercedes' 'Active Distance Assist' is like having a co-pilot that always keeps you at a safe distance from other cars.""",mercedes
"""48. ""The Vaneo is a practical choice for a small van, but it's not as luxurious as other Mercedes models.""",mercedes
"""49. ""Mercedes' 'Active Speed Limit Assist' is like having a co-pilot that always keeps you within the speed limit.""",mercedes
"""50. ""Mercedes-Benz has a long legacy of engineering excellence, but their pricing can be a bit steep for some buyers.""",mercedes
"""1. ""The new Mercedes S-Class is the epitome of automotive luxury.""",mercedes
"""2. ""I've never felt a bumpy road in my Mercedes GLE, it's like driving on clouds.""",mercedes
"""3. ""Mercedes-Benz invented the first diesel engine, revolutionizing long-distance travel.""",mercedes
"""4. ""The Mercedes CLA's interior is a bit cramped for its price point.""",mercedes
"""5. ""Mercedes-Benz has always been synonymous with safety, thanks to innovations like the airbag.""",mercedes
"""6. ""My friend's AMG GTR is just too fast, I'm scared to drive it!""",mercedes
"""7. ""Mercedes' build quality is top-notch, but it comes at a steep price.""",mercedes
"""8. ""The Mercedes-Benz 300 SL Gullwing is one of the most iconic cars of all time.""",mercedes
"""9. ""The E-Class's COMAND system can be cumbersome to use.""",mercedes
"""10. ""I test drove a BMW 3 Series, but nothing compares to the comfort of a Mercedes C-Class.""",mercedes
"""11. ""Mercedes-Benz's hybrid technology is a game-changer for luxury cars.""",mercedes
"""12. ""The C250 is a great everyday driver, I don't miss my old Audi A4 at all.""",mercedes
"""13. ""The Mercedes Sprinter is a workhorse, ideal for our small business.""",mercedes
"""14. ""I love the design of the new A-Class, it's a fresh take on the classic Mercedes look.""",mercedes
"""15. ""The Mercedes-Benz logo is one of the most recognizable in the world.""",mercedes
"""16. ""My uncle's old Mercedes 190 is still on the road, a testament to German engineering.""",mercedes
"""17. ""The S-Class's Magic Body Control is pure genius, but it's not worth the extra cost.""",mercedes
"""18. ""I'm thinking of trading in my Lexus for a Mercedes GLC, I've heard great things about it.""",mercedes
"""19. ""The Mercedes-Benz F1 team has always been a force to be reckoned with.""",mercedes
"""20. ""The E-Class's fuel economy is disappointing for a hybrid.""",mercedes
"""21. ""I've been a Mercedes man all my life, there's just no other brand like it.""",mercedes
"""22. ""The CLS's four-door coupe design is stunning, but it's not very practical.""",mercedes
"""23. ""Mercedes-Benz's Car-to-X communication technology is the future of driving.""",mercedes
"""24. ""I've had my Mercedes Sprinter for five years, it's as reliable as they come.""",mercedes
"""25. ""The Maybach is the ultimate expression of Mercedes-Benz luxury, but it's overkill for me.""",mercedes
"""26. ""The G-Wagen's off-road capabilities are legendary, I've tackled some serious terrain in mine.""",mercedes
"""27. ""Mercedes-Benz's autonomous driving technology is impressive, but I'm not ready to give up control yet.""",mercedes
"""28. ""The C300's power delivery is smooth and linear, just like a true Mercedes should be.""",mercedes
"""29. ""I've heard Mercedes' customer service can be hit or miss, fingers crossed mine is a hit.""",mercedes
"""30. ""The Mercedes-Benz SL is a true icon, I've always wanted one since I was a kid.""",mercedes
"""31. ""The B-Class's interior is spacious, but it feels a bit cheap for a Mercedes.""",mercedes
"""32. ""I test drove a Porsche, but the Mercedes-Benz S-Class is the ultimate grand tourer.""",mercedes
"""33. ""Mercedes-Benz's attention to detail is evident in every aspect of their cars.""",mercedes
"""34. ""The C63 AMG's exhaust note is music to my ears, but it's too loud for daily driving.""",mercedes
"""35. ""I'm not a fan of the new Mercedes-Benz logo, it lacks the classic elegance of the old one.""",mercedes
"""36. ""The Mercedes-Benz SLS AMG is one of the sexiest cars on the road.""",mercedes
"""37. ""The GLA's ground clearance is disappointing for an SUV.""",mercedes
"""38. ""Mercedes-Benz's MBUX infotainment system is intuitive and easy to use.""",mercedes
"""39. ""The C180's performance is adequate, but it's no sports car.""",mercedes
"""40. ""I've had my Mercedes C220 for ten years, and it's still going strong.""",mercedes
"""41. ""The A220's ride is firm, but it handles like a dream.""",mercedes
"""42. ""Mercedes-Benz's BlueEFFICIENCY package really does improve fuel economy.""",mercedes
"""43. ""The E63 AMG is a sleeper, it looks subtle but it's a beast on the road.""",mercedes
"""44. ""I've heard Mercedes-Benz's prepaid maintenance plans are a good deal.""",mercedes
"""45. ""The GLC's cargo space is surprisingly spacious for its size.""",mercedes
"""46. ""I've had my Mercedes-Benz SLK for years, it's a great weekend car.""",mercedes
"""47. ""Mercedes-Benz's advanced driver assistance systems are a godsend on long road trips.""",mercedes
"""48. ""The C350e's electric range is disappointing, but the smooth driving experience makes up for it.""",mercedes
"""49. ""I've heard Mercedes-Benz's used car program is a great way to get into a high-quality car.""",mercedes
"""50. ""Mercedes-Benz has always been at the forefront of automotive innovation, and the S-Class continues that tradition.""",mercedes
"""1. ""The new Mercedes-Benz S-Class is a technological marvel, a rolling computer on wheels.""",mercedes
"""2. ""Mercedes' three-pointed star has always been a symbol of quality and craftsmanship.""",mercedes
"""3. ""The AMG GT's roar is music to any car enthusiast's ears.""",mercedes
"""4. ""My dad's old Mercedes 190D was as reliable as they come.""",mercedes
"""5. ""Mercedes' COMAND system might be a bit complicated for first-time users.""",mercedes
"""6. ""The CLA's design is stunning, but it feels cramped in the back seat.""",mercedes
"""7. ""Mercedes-Benz has consistently pushed boundaries with their safety features.""",mercedes
"""8. ""I've never felt more comfortable on a long drive than in a Mercedes-Benz E-Class.""",mercedes
"""9. ""Mercedes' pricing can be a barrier for many, but you're paying for top-notch build quality.""",mercedes
"""10. ""The G-Wagen is an icon, a true off-roading beast.""",mercedes
"""11. ""Mercedes' hybrid models are a step towards a greener future.""",mercedes
"""12. ""The Mercedes C-Class feels understated yet luxurious.""",mercedes
"""13. ""In a world of SUVs, the Mercedes-Benz GLC stands out for its sporty handling.""",mercedes
"""14. ""Mercedes' customer service left much to be desired when I had to take my CLS to the workshop.""",mercedes
"""15. ""The Mercedes-Benz SL is a classic, an epitome of grand touring cars.""",mercedes
"""16. ""Mercedes' 'mbrace' connectivity system is impressive, but it comes at a cost.""",mercedes
"""17. ""The Mercedes Sprinter is a staple in the van world, reliable and durable.""",mercedes
"""18. ""Mercedes' A-Class is a great entry-level luxury car, but it lacks some refinement.""",mercedes
"""19. ""The Mercedes-AMG One is a dream car, a Formula One engine on the road.""",mercedes
"""20. ""Mercedes-Benz's 'Star Safety' campaign highlights their commitment to safety.""",mercedes
"""21. ""The Citan van is a workhorse, perfect for small businesses.""",mercedes
"""22. ""Mercedes' infotainment system is a bit behind the times compared to others in its class.""",mercedes
"""23. ""The Vito van is a practical choice for families and businesses alike.""",mercedes
"""24. ""Mercedes' 'BlueEFFICIENCY' technology is a step in the right direction for fuel efficiency.""",mercedes
"""25. ""The SLS AMG is a modern-day classic, a true driver's car.""",mercedes
"""26. ""Mercedes' '4MATIC' all-wheel-drive system provides excellent traction in harsh weather.""",mercedes
"""27. ""The B-Class is a practical choice, but it lacks the luxury feel of other Mercedes models.""",mercedes
"""28. ""Mercedes' 'Agility Control' suspension is a joy to drive on winding roads.""",mercedes
"""29. ""Mercedes-Benz's 'Pre-Safe' system is a lifesaver, quite literally.""",mercedes
"""30. ""The E63 AMG is a wolf in sheep's clothing, a sleeper car that can outpace many sports cars.""",mercedes
"""31. ""Mercedes' 'Night Package' gives their cars a sporty, aggressive look.""",mercedes
"""32. ""The Sprinter's 'PRO Connect' services are a godsend for fleet managers.""",mercedes
"""33. ""Mercedes' 'Dynamic Select' system allows for a personalized driving experience.""",mercedes
"""34. ""The C300 is a great balance between luxury and performance.""",mercedes
"""35. ""Mercedes-Benz's 'Hey Mercedes' voice control system is responsive and intuitive.""",mercedes
"""36. ""The SLK is a beautiful car, but its retractable hardtop is a bit slow.""",mercedes
"""37. ""Mercedes' 'Direct Select' transmission is smooth and responsive.""",mercedes
"""38. ""The GLB is a stylish compact SUV, but it's cramped in the third row.""",mercedes
"""39. ""Mercedes-Benz's 'Active Brake Assist' has saved me from a few fender benders.""",mercedes
"""40. ""The A250 is a great car for young drivers, affordable and fun to drive.""",mercedes
"""41. ""Mercedes' 'AVANTGARDE' interior package is elegant and modern.""",mercedes
"""42. ""The GLE is a luxury SUV that can handle any terrain.""",mercedes
"""43. ""Mercedes' 'Multibeam LED' headlights provide excellent visibility at night.""",mercedes
"""44. ""The GLS is a comfortable family car, but it's a bit expensive for what it offers.""",mercedes
"""45. ""Mercedes-Benz's 'Keyless-Go' system is convenient, but I've locked myself out a few times.""",mercedes
"""46. ""The CLS is a luxurious four-door coupe, but it's not practical for everyday use.""",mercedes
"""47. ""Mercedes' 'DYNAMIC BODY CONTROL' adaptive suspension is a game-changer.""",mercedes
"""48. ""The GLA is a stylish SUV, but its ground clearance is a bit low for off-roading.""",mercedes
"""49. ""Mercedes-Benz's 'Burmeister' sound system is top-notch, providing an immersive audio experience.""",mercedes
"""50. ""The Metris passenger van is a practical choice for large families or small businesses.""",mercedes
""". ""The new Mercedes-Benz C-Class is a dream to drive - it's like a cloud on wheels!""",mercedes
"""2. ""Mercedes-Benz's commitment to safety is unparalleled; their cars are like having a guardian angel on the road.""",mercedes
"""3. ""I've owned Mercedes for decades - they're not just cars, they're an investment in timeless design.""",mercedes
"""4. ""The Mercedes-Benz S-Class interior is so luxurious, it feels like a living room on wheels.""",mercedes
"""5. ""Mercedes-Benz has always been about innovation - they practically invented the modern car.""",mercedes
"""6. ""The Mercedes-AMG GT is a beast - it's like driving a race car straight from the showroom.""",mercedes
"""7. ""Mercedes' build quality is exceptional, but their prices are a bit steep for what you get.""",mercedes
"""8. ""The E-Class's 'Magic Body Control' is like having a personal masseuse while you drive.""",mercedes
"""9. ""Mercedes-Benz's 'Pre-Safe' system is like having a superhero watching over you on the road.""",mercedes
"""10. ""The new Mercedes-Benz EQC is a game-changer - it's like driving the future of luxury.""",mercedes
"""11. ""Mercedes' infotainment system can be a bit overwhelming, like trying to navigate a spaceship.""",mercedes
"""12. ""The G-Class is a true icon - it's like driving a Mercedes-Benz from the Stone Age.""",mercedes
"""13. ""Mercedes' 'Energizing' packages are like having a personal coach for your drive.""",mercedes
"""14. ""The B-Class is a practical choice, but it lacks the luxury feel of other Mercedes models.""",mercedes
"""15. ""Mercedes-Benz's 'Hey Mercedes' voice control is like having a helpful assistant in your car.""",mercedes
"""16. ""The CLA is a stylish choice, but it's a bit cramped in the back for long drives.""",mercedes
"""17. ""Mercedes' ' Attention Assist' feature is like having a co-pilot that never gets tired.""",mercedes
"""18. ""The A-Class is a great entry-level Mercedes, but it's not as refined as its bigger brothers.""",mercedes
"""19. ""Mercedes' 'Air-Balance' package is like having a personal aromatherapist in your car.""",mercedes
"""20. ""The SL is a beautiful car, but it's more of a grand tourer than a daily driver.""",mercedes
"""21. ""Mercedes' 'Burmester' sound system is like having a live orchestra in your car.""",mercedes
"""22. ""The GLC is a solid choice for an SUV, but it's not as distinctive as the G-Class.""",mercedes
"""23. ""Mercedes' 'Active Lane Keeping Assist' is like having a co-pilot that keeps you in line.""",mercedes
"""24. ""The S-Class Maybach is like a mobile palace - it's the epitome of luxury.""",mercedes
"""25. ""Mercedes' 'Adaptive Highbeam Assist' is like having a co-pilot that never blinds other drivers.""",mercedes
"""26. ""The CLS is a gorgeous car, but its practicality is a bit lacking.""",mercedes
"""27. ""Mercedes' 'Active Brake Assist' is like having a safety net that's always there to catch you.""",mercedes
"""28. ""The GLE is a great choice for an SUV, but it's not as sporty as the GLC.""",mercedes
"""29. ""Mercedes' 'Car-to-X Communication' is like having a secret network of cars that talk to each other.""",mercedes
"""30. ""The V-Class is a practical choice for a van, but it's not as luxurious as other Mercedes models.""",mercedes
"""31. ""Mercedes' 'Distronic Plus' adaptive cruise control is like having a co-pilot that keeps you at a safe distance.""",mercedes
"""32. ""The GT 43 is a fantastic driver's car, but it's not as powerful as the GT 63.""",mercedes
"""33. ""Mercedes' 'Parking Assist' is like having a personal valet that always parks your car perfectly.""",mercedes
"""34. ""The Vito is a solid workhorse, but it lacks the luxury feel of other Mercedes vans.""",mercedes
"""35. ""Mercedes' 'Multibeam LED' headlights are like having a personal spotlight that illuminates the road.""",mercedes
"""36. ""The Sprinter is a reliable choice for a commercial van, but it's not as luxurious as the V-Class.""",mercedes
"""37. ""Mercedes' 'Active Blind Spot Assist' is like having a co-pilot that always keeps an eye out for you.""",mercedes
"""38. ""The X-Class is a unique choice for a pickup, but it's not as rugged as other Mercedes models.""",mercedes
"""39. ""Mercedes' 'Active Parking Assist' is like having a personal parking lot attendant that always finds you a spot.""",mercedes
"""40. ""The AMG GT R is a beast on the track, but it's not as practical for daily driving.""",mercedes
"""41. ""Mercedes' 'Active Lane Changing Assist' is like having a co-pilot that helps you change lanes safely.""",mercedes
"""42. ""The EQS is a luxurious electric car, but its range is a bit limited compared to other EVs.""",mercedes
"""43. ""Mercedes' 'Active Bonnet' is like having a safety feature that's always there to protect pedestrians.""",mercedes
"""44. ""The CITAN is a practical choice for a city car, but it's not as luxurious as other Mercedes models.""",mercedes
"""45. ""Mercedes' 'Active Brake Assist with Cross-Traffic Function' is like having a co-pilot that always looks out for you.""",mercedes
"""46. ""The GLS is a spacious SUV, but it's not as sporty as the GLE.""",mercedes
"""47. ""Mercedes' 'Active Distance Assist' is like having a co-pilot that always keeps you at a safe distance from other cars.""",mercedes
"""48. ""The Vaneo is a practical choice for a small van, but it's not as luxurious as other Mercedes models.""",mercedes
"""49. ""Mercedes' 'Active Speed Limit Assist' is like having a co-pilot that always keeps you within the speed limit.""",mercedes
"""50. ""Mercedes-Benz has a long legacy of engineering excellence, but their pricing can be a bit steep for some buyers.""",mercedes
"""The new Mercedes-Benz S-Class is a testament to automotive luxury.""",mercedes
"""I've always wanted a Mercedes-Benz, they're the gold standard in cars.""",mercedes
"""My Mercedes C-Class handles like a dream on winding roads.""",mercedes
"""Mercedes' build quality is unmatched, it's like owning a piece of precision engineering.""",mercedes
"""The Mercedes-Benz G-Wagon is a classic, it's been around since my dad was young.""",mercedes
"""The MBUX infotainment system in my Mercedes is a joy to use.""",mercedes
"""Mercedes' commitment to safety is evident in every model, it's like having a guardian angel on wheels.""",mercedes
"""The Mercedes-Benz SL is a timeless design, it's as gorgeous today as it was decades ago.""",mercedes
"""Mercedes' AMG models offer a thrilling driving experience, but they come at a premium price.""",mercedes
"""I've never felt more comfortable on a long drive than in my Mercedes-Benz E-Class.""",mercedes
"""Mercedes' three-pointed star is a symbol of automotive excellence.""",mercedes
"""The Mercedes-Benz Sprinter is a workhorse, it's reliable and gets the job done.""",mercedes
"""Mercedes' diesel engines are smooth and efficient, but they've had their share of scandals.""",mercedes
"""Comparing a Mercedes to other luxury cars is like comparing a fine wine to a soda.""",mercedes
"""My friend's Audi feels almost as luxurious as my Mercedes, but at a lower price point.""",mercedes
"""The Mercedes-Benz A-Class is a great entry-level luxury car, but it lacks some of the refinement of its bigger siblings.""",mercedes
"""I've had my Mercedes for years, and it still turns heads like it's brand new.""",mercedes
"""The Mercedes-Benz GLE is a capable SUV that doesn't compromise on comfort.""",mercedes
"""Mercedes' focus on driver assistance technologies is impressive, but it can feel a bit overwhelming at times.""",mercedes
"""My neighbor's BMW might have more power, but my Mercedes is the epitome of class.""",mercedes
"""The Mercedes-Benz CLA is a stylish car, but its interior feels cramped compared to other models in its class.""",mercedes
"""Mercedes' attention to detail is what sets it apart from other car manufacturers.""",mercedes
"""The Mercedes-Benz B-Class is a practical and efficient compact car, but it's not as exciting to drive as some of its competitors.""",mercedes
"""I've had a few issues with my Mercedes, but their customer service has always been top-notch.""",mercedes
"""The Mercedes-Benz EQC is a promising start to their electric vehicle lineup, but it's no Tesla.""",mercedes
"""The Mercedes-Benz C-Class is a great balance of performance, luxury, and affordability.""",mercedes
"""Mercedes' leather seats are some of the best in the business, but they can be a bit too hot in the summer.""",mercedes
"""I've never felt more connected to the road than in my Mercedes-Benz AMG GT.""",mercedes
"""The Mercedes-Benz Metris is a practical van that's perfect for small businesses.""",mercedes
"""Mercedes' infotainment system can be a bit complicated to navigate at first.""",mercedes
"""Driving a Mercedes-Benz feels like you're driving a piece of history.""",mercedes
"""The Mercedes-Benz GLC is a great SUV for families, it's spacious and safe.""",mercedes
"""My Mercedes-Benz S-Class is the most comfortable car I've ever driven, but it's a bit too big for city driving.""",mercedes
"""Mercedes' competition in the luxury car market is fierce, but they always seem to come out on top.""",mercedes
"""The Mercedes-Benz A250 is a great car for young drivers, it's fun to drive and packed with tech.""",mercedes
"""The Mercedes-Benz C300 is a great car for the money, it offers a lot of luxury for the price.""",mercedes
"""Mercedes' S-Class has always been the benchmark for luxury cars, and the latest model continues that tradition.""",mercedes
"""The Mercedes-Benz E400 is a great blend of performance, luxury, and practicality.""",mercedes
"""My Mercedes-Benz GLE350 is the perfect car for road trips, it's comfortable and has plenty of space.""",mercedes
"""Mercedes' Maybach models are the epitome of luxury, but they're not for everyone's taste.""",mercedes
""". ""The new Mercedes-Benz C-Class is a dream to drive - it's like a cloud on wheels!""",mercedes
"""2. ""Mercedes-Benz's commitment to safety is unparalleled; their cars are like having a guardian angel on the road.""",mercedes
"""3. ""I've owned Mercedes for decades - they're not just cars, they're an investment in timeless design.""",mercedes
"""4. ""The Mercedes-Benz S-Class interior is so luxurious, it feels like a living room on wheels.""",mercedes
"""5. ""Mercedes-Benz has always been about innovation - they practically invented the modern car.""",mercedes
"""6. ""The Mercedes-AMG GT is a beast - it's like driving a race car straight from the showroom.""",mercedes
"""7. ""Mercedes' build quality is exceptional, but their prices are a bit steep for what you get.""",mercedes
"""8. ""The E-Class's 'Magic Body Control' is like having a personal masseuse while you drive.""",mercedes
"""9. ""Mercedes-Benz's 'Pre-Safe' system is like having a superhero watching over you on the road.""",mercedes
"""10. ""The new Mercedes-Benz EQC is a game-changer - it's like driving the future of luxury.""",mercedes
"""11. ""Mercedes' infotainment system can be a bit overwhelming, like trying to navigate a spaceship.""",mercedes
"""12. ""The G-Class is a true icon - it's like driving a Mercedes-Benz from the Stone Age.""",mercedes
"""13. ""Mercedes' 'Energizing' packages are like having a personal coach for your drive.""",mercedes
"""14. ""The B-Class is a practical choice, but it lacks the luxury feel of other Mercedes models.""",mercedes
"""15. ""Mercedes-Benz's 'Hey Mercedes' voice control is like having a helpful assistant in your car.""",mercedes
"""16. ""The CLA is a stylish choice, but it's a bit cramped in the back for long drives.""",mercedes
"""17. ""Mercedes' ' Attention Assist' feature is like having a co-pilot that never gets tired.""",mercedes
"""18. ""The A-Class is a great entry-level Mercedes, but it's not as refined as its bigger brothers.""",mercedes
"""19. ""Mercedes' 'Air-Balance' package is like having a personal aromatherapist in your car.""",mercedes
"""20. ""The SL is a beautiful car, but it's more of a grand tourer than a daily driver.""",mercedes
"""21. ""Mercedes' 'Burmester' sound system is like having a live orchestra in your car.""",mercedes
"""22. ""The GLC is a solid choice for an SUV, but it's not as distinctive as the G-Class.""",mercedes
"""23. ""Mercedes' 'Active Lane Keeping Assist' is like having a co-pilot that keeps you in line.""",mercedes
"""24. ""The S-Class Maybach is like a mobile palace - it's the epitome of luxury.""",mercedes
"""25. ""Mercedes' 'Adaptive Highbeam Assist' is like having a co-pilot that never blinds other drivers.""",mercedes
"""26. ""The CLS is a gorgeous car, but its practicality is a bit lacking.""",mercedes
"""27. ""Mercedes' 'Active Brake Assist' is like having a safety net that's always there to catch you.""",mercedes
"""28. ""The GLE is a great choice for an SUV, but it's not as sporty as the GLC.""",mercedes
"""29. ""Mercedes' 'Car-to-X Communication' is like having a secret network of cars that talk to each other.""",mercedes
"""30. ""The V-Class is a practical choice for a van, but it's not as luxurious as other Mercedes models.""",mercedes
"""31. ""Mercedes' 'Distronic Plus' adaptive cruise control is like having a co-pilot that keeps you at a safe distance.""",mercedes
"""32. ""The GT 43 is a fantastic driver's car, but it's not as powerful as the GT 63.""",mercedes
"""33. ""Mercedes' 'Parking Assist' is like having a personal valet that always parks your car perfectly.""",mercedes
"""34. ""The Vito is a solid workhorse, but it lacks the luxury feel of other Mercedes vans.""",mercedes
"""35. ""Mercedes' 'Multibeam LED' headlights are like having a personal spotlight that illuminates the road.""",mercedes
"""36. ""The Sprinter is a reliable choice for a commercial van, but it's not as luxurious as the V-Class.""",mercedes
"""37. ""Mercedes' 'Active Blind Spot Assist' is like having a co-pilot that always keeps an eye out for you.""",mercedes
"""38. ""The X-Class is a unique choice for a pickup, but it's not as rugged as other Mercedes models.""",mercedes
"""39. ""Mercedes' 'Active Parking Assist' is like having a personal parking lot attendant that always finds you a spot.""",mercedes
"""40. ""The AMG GT R is a beast on the track, but it's not as practical for daily driving.""",mercedes
"""41. ""Mercedes' 'Active Lane Changing Assist' is like having a co-pilot that helps you change lanes safely.""",mercedes
"""42. ""The EQS is a luxurious electric car, but its range is a bit limited compared to other EVs.""",mercedes
"""43. ""Mercedes' 'Active Bonnet' is like having a safety feature that's always there to protect pedestrians.""",mercedes
"""44. ""The CITAN is a practical choice for a city car, but it's not as luxurious as other Mercedes models.""",mercedes
"""45. ""Mercedes' 'Active Brake Assist with Cross-Traffic Function' is like having a co-pilot that always looks out for you.""",mercedes
"""46. ""The GLS is a spacious SUV, but it's not as sporty as the GLE.""",mercedes
"""47. ""Mercedes' 'Active Distance Assist' is like having a co-pilot that always keeps you at a safe distance from other cars.""",mercedes
"""48. ""The Vaneo is a practical choice for a small van, but it's not as luxurious as other Mercedes models.""",mercedes
"""49. ""Mercedes' 'Active Speed Limit Assist' is like having a co-pilot that always keeps you within the speed limit.""",mercedes
"""50. ""Mercedes-Benz has a long legacy of engineering excellence, but their pricing can be a bit steep for some buyers.""",mercedes
""". ""The new Mercedes-Benz C-Class is a dream to drive - it's like a cloud on wheels!""",mercedes
"""2. ""Mercedes-Benz's commitment to safety is unparalleled; their cars are like having a guardian angel on the road.""",mercedes
"""3. ""I've owned Mercedes for decades - they're not just cars, they're an investment in timeless design.""",mercedes
"""4. ""The Mercedes-Benz S-Class interior is so luxurious, it feels like a living room on wheels.""",mercedes
"""5. ""Mercedes-Benz has always been about innovation - they practically invented the modern car.""",mercedes
"""6. ""The Mercedes-AMG GT is a beast - it's like driving a race car straight from the showroom.""",mercedes
"""7. ""Mercedes' build quality is exceptional, but their prices are a bit steep for what you get.""",mercedes
"""8. ""The E-Class's 'Magic Body Control' is like having a personal masseuse while you drive.""",mercedes
"""9. ""Mercedes-Benz's 'Pre-Safe' system is like having a superhero watching over you on the road.""",mercedes
"""10. ""The new Mercedes-Benz EQC is a game-changer - it's like driving the future of luxury.""",mercedes
"""11. ""Mercedes' infotainment system can be a bit overwhelming, like trying to navigate a spaceship.""",mercedes
"""12. ""The G-Class is a true icon - it's like driving a Mercedes-Benz from the Stone Age.""",mercedes
"""13. ""Mercedes' 'Energizing' packages are like having a personal coach for your drive.""",mercedes
"""14. ""The B-Class is a practical choice, but it lacks the luxury feel of other Mercedes models.""",mercedes
"""15. ""Mercedes-Benz's 'Hey Mercedes' voice control is like having a helpful assistant in your car.""",mercedes
"""16. ""The CLA is a stylish choice, but it's a bit cramped in the back for long drives.""",mercedes
"""17. ""Mercedes' ' Attention Assist' feature is like having a co-pilot that never gets tired.""",mercedes
"""18. ""The A-Class is a great entry-level Mercedes, but it's not as refined as its bigger brothers.""",mercedes
"""19. ""Mercedes' 'Air-Balance' package is like having a personal aromatherapist in your car.""",mercedes
"""20. ""The SL is a beautiful car, but it's more of a grand tourer than a daily driver.""",mercedes
"""21. ""Mercedes' 'Burmester' sound system is like having a live orchestra in your car.""",mercedes
"""22. ""The GLC is a solid choice for an SUV, but it's not as distinctive as the G-Class.""",mercedes
"""23. ""Mercedes' 'Active Lane Keeping Assist' is like having a co-pilot that keeps you in line.""",mercedes
"""24. ""The S-Class Maybach is like a mobile palace - it's the epitome of luxury.""",mercedes
"""25. ""Mercedes' 'Adaptive Highbeam Assist' is like having a co-pilot that never blinds other drivers.""",mercedes
"""26. ""The CLS is a gorgeous car, but its practicality is a bit lacking.""",mercedes
"""27. ""Mercedes' 'Active Brake Assist' is like having a safety net that's always there to catch you.""",mercedes
"""28. ""The GLE is a great choice for an SUV, but it's not as sporty as the GLC.""",mercedes
"""29. ""Mercedes' 'Car-to-X Communication' is like having a secret network of cars that talk to each other.""",mercedes
"""30. ""The V-Class is a practical choice for a van, but it's not as luxurious as other Mercedes models.""",mercedes
"""31. ""Mercedes' 'Distronic Plus' adaptive cruise control is like having a co-pilot that keeps you at a safe distance.""",mercedes
"""32. ""The GT 43 is a fantastic driver's car, but it's not as powerful as the GT 63.""",mercedes
"""33. ""Mercedes' 'Parking Assist' is like having a personal valet that always parks your car perfectly.""",mercedes
"""34. ""The Vito is a solid workhorse, but it lacks the luxury feel of other Mercedes vans.""",mercedes
"""35. ""Mercedes' 'Multibeam LED' headlights are like having a personal spotlight that illuminates the road.""",mercedes
"""36. ""The Sprinter is a reliable choice for a commercial van, but it's not as luxurious as the V-Class.""",mercedes
"""37. ""Mercedes' 'Active Blind Spot Assist' is like having a co-pilot that always keeps an eye out for you.""",mercedes
"""38. ""The X-Class is a unique choice for a pickup, but it's not as rugged as other Mercedes models.""",mercedes
"""39. ""Mercedes' 'Active Parking Assist' is like having a personal parking lot attendant that always finds you a spot.""",mercedes
"""40. ""The AMG GT R is a beast on the track, but it's not as practical for daily driving.""",mercedes
"""41. ""Mercedes' 'Active Lane Changing Assist' is like having a co-pilot that helps you change lanes safely.""",mercedes
"""42. ""The EQS is a luxurious electric car, but its range is a bit limited compared to other EVs.""",mercedes
"""43. ""Mercedes' 'Active Bonnet' is like having a safety feature that's always there to protect pedestrians.""",mercedes
"""44. ""The CITAN is a practical choice for a city car, but it's not as luxurious as other Mercedes models.""",mercedes
"""45. ""Mercedes' 'Active Brake Assist with Cross-Traffic Function' is like having a co-pilot that always looks out for you.""",mercedes
"""46. ""The GLS is a spacious SUV, but it's not as sporty as the GLE.""",mercedes
"""47. ""Mercedes' 'Active Distance Assist' is like having a co-pilot that always keeps you at a safe distance from other cars.""",mercedes
"""48. ""The Vaneo is a practical choice for a small van, but it's not as luxurious as other Mercedes models.""",mercedes
"""49. ""Mercedes' 'Active Speed Limit Assist' is like having a co-pilot that always keeps you within the speed limit.""",mercedes
"""50. ""Mercedes-Benz has a long legacy of engineering excellence, but their pricing can be a bit steep for some buyers.""",mercedes
"""The new Mercedes S-Class sets the bar for luxury, it's like driving a cloud.""",mercedes
"""Mercedes-Benz's history is as iconic as their star logo.""",mercedes
"""Navigating the city in a Mercedes A-Class is smoother than a hot knife through butter.""",mercedes
"""Mercedes' MBUX system is as intuitive as it is impressive.""",mercedes
"""The Mercedes G-Class is a timeless design that's as capable off-road as it is on.""",mercedes
"""Mercedes' commitment to safety is evident in the advanced features of the C-Class.""",mercedes
"""While a Mercedes may cost more, the reliability makes up for it in the long run.""",mercedes
"""Mercedes' engines purr like a contented cat, unlike the noisy competition.""",mercedes
"""Mercedes' AMG models offer a thrilling driving experience that's hard to match.""",mercedes
"""The Mercedes-Benz SLS AMG is a modern-day Gullwing that makes grown men weep.""",mercedes
"""Parking a Mercedes-Benz in a crowded lot is like finding a needle in a haystack.""",mercedes
"""Mercedes' customer service is as polished as their cars, but the prices can be steep.""",mercedes
"""Driving a Mercedes-Benz feels like you're sitting in a piece of art.""",mercedes
"""Mercedes' E-Class offers a comfortable ride that's more like a limousine than a sedan.""",mercedes
"""Mercedes-Benz's blinds spot assist is a game-changer for safe driving.""",mercedes
"""Mercedes' interior craftsmanship is top-notch, but the infotainment system can be finicky.""",mercedes
"""Mercedes' Maybach models are the epitome of opulence, but they're not for the budget-conscious.""",mercedes
"""Mercedes' SLK roadster is a joy to drive on a sunny day, but it's not practical for everyday use.""",mercedes
"""Mercedes-Benz's diesel engines are efficient, but the initial cost can be a turn-off.""",mercedes
"""Mercedes' GLE is a luxury SUV that drives like a dream, but the fuel economy is a nightmare.""",mercedes
"""Mercedes' CLA is a stylish entry-level luxury car, but the backseat is cramped for adults.""",mercedes
"""Mercedes-Benz's CarPlay integration is seamless, but Android Auto could use some improvement.""",mercedes
"""The Mercedes-Benz 300 SL is a classic that still turns heads today.""",mercedes
"""Mercedes' C63 AMG is a wolf in sheep's clothing, offering brute power in a sleek package.""",mercedes
"""Mercedes-Benz's CLS is a four-door coupe that's as good-looking as it is to drive.""",mercedes
"""Mercedes' Sprinter van is a workhorse that's as reliable as they come.""",mercedes
"""Mercedes-Benz's F1 team is a testament to the brand's engineering prowess.""",mercedes
"""Mercedes' E63 AMG wagon is a practical powerhouse that's sadly not available in the US.""",mercedes
"""Mercedes-Benz's adaptive cruise control is a feature I can't live without.""",mercedes
"""The Mercedes-Benz G-Wagen is a status symbol that's as durable as it is desirable.""",mercedes
"""Mercedes' interior materials feel premium, but they can be difficult to keep clean.""",mercedes
"""Mercedes-Benz's 4MATIC all-wheel-drive system provides peace of mind in any weather.""",mercedes
"""The Mercedes-Benz B-Class is a practical hatchback with a luxury twist.""",mercedes
"""Mercedes' V-Class is a luxurious people mover that's perfect for large families or groups.""",mercedes
"""Mercedes-Benz's 'Hey Mercedes' voice control is responsive, but it can be overly sensitive.""",mercedes
"""Mercedes' A220 is a compact luxury car with a big personality.""",mercedes
"""Mercedes-Benz's COMAND system is intuitive, but the touchpad can be frustrating.""",mercedes
"""The Mercedes-Benz GLC is a luxury SUV that's as capable as it is stylish.""",mercedes
"""Mercedes' S550e plug-in hybrid is powerful and eco-friendly, but the battery range is limited.""",mercedes
"""Mercedes-Benz's Active Brake Assist is a lifesaver, quite literally.""",mercedes
"""The Mercedes-Benz GLE Coupe is a stylish SUV that's as comfortable as it is powerful.""",mercedes
"""Mercedes' interior lighting customization is a nice touch, but it can be distracting at night.""",mercedes
""". ""The new Mercedes-Benz C-Class is a dream to drive - it's like a cloud on wheels!""",mercedes
"""2. ""Mercedes-Benz's commitment to safety is unparalleled; their cars are like having a guardian angel on the road.""",mercedes
"""3. ""I've owned Mercedes for decades - they're not just cars, they're an investment in timeless design.""",mercedes
"""4. ""The Mercedes-Benz S-Class interior is so luxurious, it feels like a living room on wheels.""",mercedes
"""5. ""Mercedes-Benz has always been about innovation - they practically invented the modern car.""",mercedes
"""6. ""The Mercedes-AMG GT is a beast - it's like driving a race car straight from the showroom.""",mercedes
"""7. ""Mercedes' build quality is exceptional, but their prices are a bit steep for what you get.""",mercedes
"""8. ""The E-Class's 'Magic Body Control' is like having a personal masseuse while you drive.""",mercedes
"""9. ""Mercedes-Benz's 'Pre-Safe' system is like having a superhero watching over you on the road.""",mercedes
"""10. ""The new Mercedes-Benz EQC is a game-changer - it's like driving the future of luxury.""",mercedes
"""11. ""Mercedes' infotainment system can be a bit overwhelming, like trying to navigate a spaceship.""",mercedes
"""12. ""The G-Class is a true icon - it's like driving a Mercedes-Benz from the Stone Age.""",mercedes
"""13. ""Mercedes' 'Energizing' packages are like having a personal coach for your drive.""",mercedes
"""14. ""The B-Class is a practical choice, but it lacks the luxury feel of other Mercedes models.""",mercedes
"""15. ""Mercedes-Benz's 'Hey Mercedes' voice control is like having a helpful assistant in your car.""",mercedes
"""16. ""The CLA is a stylish choice, but it's a bit cramped in the back for long drives.""",mercedes
"""17. ""Mercedes' ' Attention Assist' feature is like having a co-pilot that never gets tired.""",mercedes
"""18. ""The A-Class is a great entry-level Mercedes, but it's not as refined as its bigger brothers.""",mercedes
"""19. ""Mercedes' 'Air-Balance' package is like having a personal aromatherapist in your car.""",mercedes
"""20. ""The SL is a beautiful car, but it's more of a grand tourer than a daily driver.""",mercedes
"""21. ""Mercedes' 'Burmester' sound system is like having a live orchestra in your car.""",mercedes
"""22. ""The GLC is a solid choice for an SUV, but it's not as distinctive as the G-Class.""",mercedes
"""23. ""Mercedes' 'Active Lane Keeping Assist' is like having a co-pilot that keeps you in line.""",mercedes
"""24. ""The S-Class Maybach is like a mobile palace - it's the epitome of luxury.""",mercedes
"""25. ""Mercedes' 'Adaptive Highbeam Assist' is like having a co-pilot that never blinds other drivers.""",mercedes
"""26. ""The CLS is a gorgeous car, but its practicality is a bit lacking.""",mercedes
"""27. ""Mercedes' 'Active Brake Assist' is like having a safety net that's always there to catch you.""",mercedes
"""28. ""The GLE is a great choice for an SUV, but it's not as sporty as the GLC.""",mercedes
"""29. ""Mercedes' 'Car-to-X Communication' is like having a secret network of cars that talk to each other.""",mercedes
"""30. ""The V-Class is a practical choice for a van, but it's not as luxurious as other Mercedes models.""",mercedes
"""31. ""Mercedes' 'Distronic Plus' adaptive cruise control is like having a co-pilot that keeps you at a safe distance.""",mercedes
"""32. ""The GT 43 is a fantastic driver's car, but it's not as powerful as the GT 63.""",mercedes
"""33. ""Mercedes' 'Parking Assist' is like having a personal valet that always parks your car perfectly.""",mercedes
"""34. ""The Vito is a solid workhorse, but it lacks the luxury feel of other Mercedes vans.""",mercedes
"""35. ""Mercedes' 'Multibeam LED' headlights are like having a personal spotlight that illuminates the road.""",mercedes
"""36. ""The Sprinter is a reliable choice for a commercial van, but it's not as luxurious as the V-Class.""",mercedes
"""37. ""Mercedes' 'Active Blind Spot Assist' is like having a co-pilot that always keeps an eye out for you.""",mercedes
"""38. ""The X-Class is a unique choice for a pickup, but it's not as rugged as other Mercedes models.""",mercedes
"""39. ""Mercedes' 'Active Parking Assist' is like having a personal parking lot attendant that always finds you a spot.""",mercedes
"""40. ""The AMG GT R is a beast on the track, but it's not as practical for daily driving.""",mercedes
"""41. ""Mercedes' 'Active Lane Changing Assist' is like having a co-pilot that helps you change lanes safely.""",mercedes
"""42. ""The EQS is a luxurious electric car, but its range is a bit limited compared to other EVs.""",mercedes
"""43. ""Mercedes' 'Active Bonnet' is like having a safety feature that's always there to protect pedestrians.""",mercedes
"""44. ""The CITAN is a practical choice for a city car, but it's not as luxurious as other Mercedes models.""",mercedes
"""45. ""Mercedes' 'Active Brake Assist with Cross-Traffic Function' is like having a co-pilot that always looks out for you.""",mercedes
"""46. ""The GLS is a spacious SUV, but it's not as sporty as the GLE.""",mercedes
"""47. ""Mercedes' 'Active Distance Assist' is like having a co-pilot that always keeps you at a safe distance from other cars.""",mercedes
"""48. ""The Vaneo is a practical choice for a small van, but it's not as luxurious as other Mercedes models.""",mercedes
"""49. ""Mercedes' 'Active Speed Limit Assist' is like having a co-pilot that always keeps you within the speed limit.""",mercedes
"""50. ""Mercedes-Benz has a long legacy of engineering excellence, but their pricing can be a bit steep for some buyers.""",mercedes
"""1. ""The new S-Class is a masterclass in luxury, it's like being pampered in a moving suite.""",mercedes
"""2. ""Mercedes-Benz invented the modern car, their history is unparalleled.""",mercedes
"""3. ""The AMG GT Roadster's exhaust note is a symphony of power, nothing else comes close.""",mercedes
"""4. ""My CLA's infotainment system is intuitive, it makes other cars feel outdated.""",mercedes
"""5. ""Mercedes' COMAND system can be a bit finicky, it takes away from the driving experience.""",mercedes
"""6. ""The G-Wagen's iconic design is timeless, it's a true off-road legend.""",mercedes
"""7. ""The E-Class' interior is a serene sanctuary, it's like driving in a cloud.""",mercedes
"""8. ""Mercedes' reliability is hit or miss, my friend's C300 was in the shop more than on the road.""",mercedes
"""9. ""The A-Class' compact size is deceptive, it's surprisingly spacious inside.""",mercedes
"""10. ""Mercedes' advanced safety features are a game-changer, the Active Braking Assist saved me once.""",mercedes
"""11. ""The CLS' design is a breath of fresh air, it's like a sculpture on wheels.""",mercedes
"""12. ""Mercedes' pricing is steep, but the craftsmanship is undeniable.""",mercedes
"""13. ""The SL's retractable hardtop is a work of engineering art, it's a joy to watch.""",mercedes
"""14. ""My neighbor's B-Class is a practical, eco-friendly choice, not flashy but reliable.""",mercedes
"""15. ""Mercedes' build quality is top-notch, it's like they've reinvented the wheel.""",mercedes
"""16. ""The GLE's third row is cramped, it's more of a luxury SUV than a family hauler.""",mercedes
"""17. ""Mercedes' marketing is spot on, their cars really do make you feel special.""",mercedes
"""18. ""The S-Class' Magic Body Control is pure magic, it's like driving on a cloud.""",mercedes
"""19. ""Mercedes' customer service is disappointing, they could learn a thing or two from Lexus.""",mercedes
"""20. ""The C-Class' sporty handling is a pleasant surprise, it's a driver's car.""",mercedes
"""21. ""Mercedes' diesel engines are smooth and powerful, but the emission scandal leaves a sour taste.""",mercedes
"""22. ""The Maybach's opulence is over the top, it's not just a car, it's an experience.""",mercedes
"""23. ""Mercedes' user manual is as thick as a textbook, it's overwhelming for new owners.""",mercedes
"""24. ""The GLC's design is underwhelming, it lacks the usual Mercedes flair.""",mercedes
"""25. ""Mercedes' Advanced Driver-Assistance systems are so good, you can almost forget you're driving.""",mercedes
"""26. ""The Sprinter's versatility is unmatched, it's a workhorse with comfort and style.""",mercedes
"""27. ""Mercedes' trunk space is often disappointing, especially in their smaller models.""",mercedes
"""28. ""The EQC is a promising start for Mercedes' electric future, but it's no Tesla.""",mercedes
"""29. ""Mercedes' AMG models are worth the premium, they're pure adrenaline.""",mercedes
"""30. ""The Metris' size is perfect for city driving, it's a practical choice for urban dwellers.""",mercedes
"""31. ""Mercedes' navigation system is top-notch, it's almost intuitive enough to forgive the COMAND system's quirks.""",mercedes
"""32. ""The Vito's build quality is impressive, it's a real workhorse.""",mercedes
"""33. ""Mercedes' steering wheels are a work of art, they're tactile and responsive.""",mercedes
"""34. ""The Citan's fuel efficiency is impressive, it's a great van for small businesses.""",mercedes
"""35. ""Mercedes' three-pointed star is a symbol of luxury, it's instantly recognizable.""",mercedes
"""36. ""The GLS' size is a blessing and a curse, it's comfortable but a chore to park.""",mercedes
"""37. ""Mercedes' infotainment system is often slow to respond, it can be frustrating.""",mercedes
"""38. ""The V-Class is a practical choice for families, it's like a luxury minivan.""",mercedes
"""39. ""Mercedes' headlights are like the sun, they light up the road brilliantly.""",mercedes
"""40. ""The A250's performance is impressive, it's a hot hatch in disguise.""",mercedes
"""41. ""Mercedes' interior materials are top-notch, they feel luxurious and durable.""",mercedes
"""42. ""The Sprinter's connectivity features are impressive, it's a high-tech workshop on wheels.""",mercedes
"""43. ""Mercedes' suspension is a bit firm, it can be harsh on rough roads.""",mercedes
"""44. ""The GLS' interior is a luxurious retreat, it's like a lounge on wheels.""",mercedes
"""45. ""Mercedes' advertising is captivating, it makes you feel like you're driving a dream.""",mercedes
"""46. ""The Viano's versatility is remarkable, it's a true multi-purpose vehicle.""",mercedes
"""47. ""Mercedes' insurance costs are steep, it's a luxury that comes at a price.""",mercedes
"""48. ""The Vito's cargo space is generous, it's a true workhorse.""",mercedes
"""49. ""Mercedes' attention to detail is impressive, it's the little things that make a big difference.""",mercedes
"""50. ""The Citan's compact size is a blessing in tight city streets, but it can feel cramped on long drives.""",mercedes
"""1. ""The new Mercedes S-Class is a technological marvel, it's like driving a spaceship!""",mercedes
"""2. ""Mercedes-Benz has always been synonym with luxury and craftsmanship.""",mercedes
"""3. ""My first car was a beat-up old Mercedes, but it never let me down.""",mercedes
"""4. ""The Mercedes G-Wagen is a timeless design, it's been around since the 70s!""",mercedes
"""5. ""The interior of the Mercedes C-Class is top-notch, feels like a premium lounge.""",mercedes
"""6. ""I've heard Mercedes engines purr like a contented cat.""",mercedes
"""7. ""Mercedes' Attention Assist feature is a game-changer for driver safety.""",mercedes
"""8. ""Mercedes' brand value is often reflected in their high resale prices.""",mercedes
"""9. ""The Mercedes Sprinter is a workhorse, it's a common sight in commercial fleets.""",mercedes
"""10. ""Mercedes' 'The Best or Nothing' mantra is evident in their meticulous craftsmanship.""",mercedes
"""11. ""The Mercedes AMG GT is a beast on the track, but it's a bear in traffic.""",mercedes
"""12. ""My grandpa used to say, 'There's only one Mercedes, the rest are just cars.'""",mercedes
"""13. ""The Mercedes-Benz logo is instantly recognizable, it's a symbol of prestige.""",mercedes
"""14. ""I've had my Mercedes for 15 years, it's been reliable but pricey to maintain.""",mercedes
"""15. ""Mercedes' COMAND system is intuitive, but I still prefer a touchscreen.""",mercedes
"""16. ""The Mercedes-Benz 300 SL is an iconic car, it's the original supercar.""",mercedes
"""17. ""Mercedes' ECO START/STOP system is great, but it can be jarring at first.""",mercedes
"""18. ""Mercedes' A-Class is a great first car, it's affordable luxury.""",mercedes
"""19. ""I've heard the Mercedes-Benz 190E is a driver's car, but I've never had the chance to test drive one.""",mercedes
"""20. ""Mercedes' Airscarf feature is genius, it keeps your neck warm in an open-top.""",mercedes
"""21. ""Mercedes' build quality is exceptional, but their infotainment systems can be finicky.""",mercedes
"""22. ""The Mercedes-Benz SL is a classic, it's been in production since the 50s.""",mercedes
"""23. ""Mercedes' Magic Body Control is impressive, it's like driving on a cloud.""",mercedes
"""24. ""I've heard Mercedes' diesel engines are economical, but I prefer petrol.""",mercedes
"""25. ""Mercedes'ryptonic sunroof is a nice feature, but it's an expensive option.""",mercedes
"""26. ""Mercedes' brand is so strong, they can get away with charging more for their cars.""",mercedes
"""27. ""The Mercedes-Benz SLS AMG is a stunning car, it's the modern-day Gullwing.""",mercedes
"""28. ""Mercedes' panoramic sunroof is a great feature, but it can make the car feel less spacious.""",mercedes
"""29. ""I've heard Mercedes' engines purr like a contented cat, but I prefer the growl of a BMW.""",mercedes
"""30. ""Mercedes' brand is so strong, they can get away with charging more for their cars.""",mercedes
"""31. ""The Mercedes-Benz 500E is a wolf in sheep's clothing, it's a sleeper car.""",mercedes
"""32. ""Mercedes' headlights are so bright, they're like having your own personal sun.""",mercedes
"""33. ""I've heard Mercedes' engines are like a fine wine, they just get better with age.""",mercedes
"""34. ""Mercedes' brand is so strong, they can get away with charging more for their cars.""",mercedes
"""35. ""The Mercedes-Benz GLS is a great SUV, it's like a luxury lounge on wheels.""",mercedes
"""36. ""Mercedes' brand is so strong, they can get away with charging more for their cars.""",mercedes
"""37. ""The Mercedes-Benz CLA is a great entry-level luxury car, it's affordably luxurious.""",mercedes
"""38. ""I've heard Mercedes' leather seats are the best in the business, but I find them a bit too firm.""",mercedes
"""39. ""Mercedes' brand is so strong, they can get away with charging more for their cars.""",mercedes
"""40. ""The Mercedes-Benz GLE Coupe is a unique design, it's a crossover SUV with a sporty twist.""",mercedes
"""41. ""Mercedes' brand is so strong, they can get away with charging more for their cars.""",mercedes
"""42. ""The Mercedes-Benz B-Class is a great compact, it's a practical luxury car.""",mercedes
"""43. ""Mercedes' brand is so strong, they can get away with charging more for their cars.""",mercedes
"""44. ""The Mercedes-Benz C-Class is a great compact luxury car, it's a baby S-Class.""",mercedes
"""45. ""Mercedes' brand is so strong, they can get away with charging more for their cars.""",mercedes
"""46. ""The Mercedes-Benz E-Class interior feels like a private jet!""",mercedes
"""47. ""Mercedes' brand is so strong, they can get away with charging more for their cars.""",mercedes
"""48. ""The Mercedes-Benz SLK is a great roadster, it's a classic design with modern features.""",mercedes
"""49. ""Mercedes' brand is so strong, they can get away with charging more for their cars.""",mercedes
"""50. ""Mercedes has a long legacy of engineering excellence, they've been innovating since 1886.""",mercedes
""". ""The new Mercedes-Benz C-Class is a dream to drive - it's like a cloud on wheels!""",mercedes
"""2. ""Mercedes-Benz's commitment to safety is unparalleled; their cars are like having a guardian angel on the road.""",mercedes
"""3. ""I've owned Mercedes for decades - they're not just cars, they're an investment in timeless design.""",mercedes
"""4. ""The Mercedes-Benz S-Class interior is so luxurious, it feels like a living room on wheels.""",mercedes
"""5. ""Mercedes-Benz has always been about innovation - they practically invented the modern car.""",mercedes
"""6. ""The Mercedes-AMG GT is a beast - it's like driving a race car straight from the showroom.""",mercedes
"""7. ""Mercedes' build quality is exceptional, but their prices are a bit steep for what you get.""",mercedes
"""8. ""The E-Class's 'Magic Body Control' is like having a personal masseuse while you drive.""",mercedes
"""9. ""Mercedes-Benz's 'Pre-Safe' system is like having a superhero watching over you on the road.""",mercedes
"""10. ""The new Mercedes-Benz EQC is a game-changer - it's like driving the future of luxury.""",mercedes
"""11. ""Mercedes' infotainment system can be a bit overwhelming, like trying to navigate a spaceship.""",mercedes
"""12. ""The G-Class is a true icon - it's like driving a Mercedes-Benz from the Stone Age.""",mercedes
"""13. ""Mercedes' 'Energizing' packages are like having a personal coach for your drive.""",mercedes
"""14. ""The B-Class is a practical choice, but it lacks the luxury feel of other Mercedes models.""",mercedes
"""15. ""Mercedes-Benz's 'Hey Mercedes' voice control is like having a helpful assistant in your car.""",mercedes
"""16. ""The CLA is a stylish choice, but it's a bit cramped in the back for long drives.""",mercedes
"""17. ""Mercedes' ' Attention Assist' feature is like having a co-pilot that never gets tired.""",mercedes
"""18. ""The A-Class is a great entry-level Mercedes, but it's not as refined as its bigger brothers.""",mercedes
"""19. ""Mercedes' 'Air-Balance' package is like having a personal aromatherapist in your car.""",mercedes
"""20. ""The SL is a beautiful car, but it's more of a grand tourer than a daily driver.""",mercedes
"""21. ""Mercedes' 'Burmester' sound system is like having a live orchestra in your car.""",mercedes
"""22. ""The GLC is a solid choice for an SUV, but it's not as distinctive as the G-Class.""",mercedes
"""23. ""Mercedes' 'Active Lane Keeping Assist' is like having a co-pilot that keeps you in line.""",mercedes
"""24. ""The S-Class Maybach is like a mobile palace - it's the epitome of luxury.""",mercedes
"""25. ""Mercedes' 'Adaptive Highbeam Assist' is like having a co-pilot that never blinds other drivers.""",mercedes
"""26. ""The CLS is a gorgeous car, but its practicality is a bit lacking.""",mercedes
"""27. ""Mercedes' 'Active Brake Assist' is like having a safety net that's always there to catch you.""",mercedes
"""28. ""The GLE is a great choice for an SUV, but it's not as sporty as the GLC.""",mercedes
"""29. ""Mercedes' 'Car-to-X Communication' is like having a secret network of cars that talk to each other.""",mercedes
"""30. ""The V-Class is a practical choice for a van, but it's not as luxurious as other Mercedes models.""",mercedes
"""31. ""Mercedes' 'Distronic Plus' adaptive cruise control is like having a co-pilot that keeps you at a safe distance.""",mercedes
"""32. ""The GT 43 is a fantastic driver's car, but it's not as powerful as the GT 63.""",mercedes
"""33. ""Mercedes' 'Parking Assist' is like having a personal valet that always parks your car perfectly.""",mercedes
"""34. ""The Vito is a solid workhorse, but it lacks the luxury feel of other Mercedes vans.""",mercedes
"""35. ""Mercedes' 'Multibeam LED' headlights are like having a personal spotlight that illuminates the road.""",mercedes
"""36. ""The Sprinter is a reliable choice for a commercial van, but it's not as luxurious as the V-Class.""",mercedes
"""37. ""Mercedes' 'Active Blind Spot Assist' is like having a co-pilot that always keeps an eye out for you.""",mercedes
"""38. ""The X-Class is a unique choice for a pickup, but it's not as rugged as other Mercedes models.""",mercedes
"""39. ""Mercedes' 'Active Parking Assist' is like having a personal parking lot attendant that always finds you a spot.""",mercedes
"""40. ""The AMG GT R is a beast on the track, but it's not as practical for daily driving.""",mercedes
"""41. ""Mercedes' 'Active Lane Changing Assist' is like having a co-pilot that helps you change lanes safely.""",mercedes
"""42. ""The EQS is a luxurious electric car, but its range is a bit limited compared to other EVs.""",mercedes
"""43. ""Mercedes' 'Active Bonnet' is like having a safety feature that's always there to protect pedestrians.""",mercedes
"""44. ""The CITAN is a practical choice for a city car, but it's not as luxurious as other Mercedes models.""",mercedes
"""45. ""Mercedes' 'Active Brake Assist with Cross-Traffic Function' is like having a co-pilot that always looks out for you.""",mercedes
"""46. ""The GLS is a spacious SUV, but it's not as sporty as the GLE.""",mercedes
"""47. ""Mercedes' 'Active Distance Assist' is like having a co-pilot that always keeps you at a safe distance from other cars.""",mercedes
"""48. ""The Vaneo is a practical choice for a small van, but it's not as luxurious as other Mercedes models.""",mercedes
"""49. ""Mercedes' 'Active Speed Limit Assist' is like having a co-pilot that always keeps you within the speed limit.""",mercedes
"""50. ""Mercedes-Benz has a long legacy of engineering excellence, but their pricing can be a bit steep for some buyers.""",mercedes
""". ""The new Mercedes-Benz C-Class is a dream to drive - it's like a cloud on wheels!""",mercedes
"""2. ""Mercedes-Benz's commitment to safety is unparalleled; their cars are like having a guardian angel on the road.""",mercedes
"""3. ""I've owned Mercedes for decades - they're not just cars, they're an investment in timeless design.""",mercedes
"""4. ""The Mercedes-Benz S-Class interior is so luxurious, it feels like a living room on wheels.""",mercedes
"""5. ""Mercedes-Benz has always been about innovation - they practically invented the modern car.""",mercedes
"""6. ""The Mercedes-AMG GT is a beast - it's like driving a race car straight from the showroom.""",mercedes
"""7. ""Mercedes' build quality is exceptional, but their prices are a bit steep for what you get.""",mercedes
"""8. ""The E-Class's 'Magic Body Control' is like having a personal masseuse while you drive.""",mercedes
"""9. ""Mercedes-Benz's 'Pre-Safe' system is like having a superhero watching over you on the road.""",mercedes
"""10. ""The new Mercedes-Benz EQC is a game-changer - it's like driving the future of luxury.""",mercedes
"""11. ""Mercedes' infotainment system can be a bit overwhelming, like trying to navigate a spaceship.""",mercedes
"""12. ""The G-Class is a true icon - it's like driving a Mercedes-Benz from the Stone Age.""",mercedes
"""13. ""Mercedes' 'Energizing' packages are like having a personal coach for your drive.""",mercedes
"""14. ""The B-Class is a practical choice, but it lacks the luxury feel of other Mercedes models.""",mercedes
"""15. ""Mercedes-Benz's 'Hey Mercedes' voice control is like having a helpful assistant in your car.""",mercedes
"""16. ""The CLA is a stylish choice, but it's a bit cramped in the back for long drives.""",mercedes
"""17. ""Mercedes' ' Attention Assist' feature is like having a co-pilot that never gets tired.""",mercedes
"""18. ""The A-Class is a great entry-level Mercedes, but it's not as refined as its bigger brothers.""",mercedes
"""19. ""Mercedes' 'Air-Balance' package is like having a personal aromatherapist in your car.""",mercedes
"""20. ""The SL is a beautiful car, but it's more of a grand tourer than a daily driver.""",mercedes
"""21. ""Mercedes' 'Burmester' sound system is like having a live orchestra in your car.""",mercedes
"""22. ""The GLC is a solid choice for an SUV, but it's not as distinctive as the G-Class.""",mercedes
"""23. ""Mercedes' 'Active Lane Keeping Assist' is like having a co-pilot that keeps you in line.""",mercedes
"""24. ""The S-Class Maybach is like a mobile palace - it's the epitome of luxury.""",mercedes
"""25. ""Mercedes' 'Adaptive Highbeam Assist' is like having a co-pilot that never blinds other drivers.""",mercedes
"""26. ""The CLS is a gorgeous car, but its practicality is a bit lacking.""",mercedes
"""27. ""Mercedes' 'Active Brake Assist' is like having a safety net that's always there to catch you.""",mercedes
"""28. ""The GLE is a great choice for an SUV, but it's not as sporty as the GLC.""",mercedes
"""29. ""Mercedes' 'Car-to-X Communication' is like having a secret network of cars that talk to each other.""",mercedes
"""30. ""The V-Class is a practical choice for a van, but it's not as luxurious as other Mercedes models.""",mercedes
"""31. ""Mercedes' 'Distronic Plus' adaptive cruise control is like having a co-pilot that keeps you at a safe distance.""",mercedes
"""32. ""The GT 43 is a fantastic driver's car, but it's not as powerful as the GT 63.""",mercedes
"""33. ""Mercedes' 'Parking Assist' is like having a personal valet that always parks your car perfectly.""",mercedes
"""34. ""The Vito is a solid workhorse, but it lacks the luxury feel of other Mercedes vans.""",mercedes
"""35. ""Mercedes' 'Multibeam LED' headlights are like having a personal spotlight that illuminates the road.""",mercedes
"""36. ""The Sprinter is a reliable choice for a commercial van, but it's not as luxurious as the V-Class.""",mercedes
"""37. ""Mercedes' 'Active Blind Spot Assist' is like having a co-pilot that always keeps an eye out for you.""",mercedes
"""38. ""The X-Class is a unique choice for a pickup, but it's not as rugged as other Mercedes models.""",mercedes
"""39. ""Mercedes' 'Active Parking Assist' is like having a personal parking lot attendant that always finds you a spot.""",mercedes
"""40. ""The AMG GT R is a beast on the track, but it's not as practical for daily driving.""",mercedes
"""41. ""Mercedes' 'Active Lane Changing Assist' is like having a co-pilot that helps you change lanes safely.""",mercedes
"""42. ""The EQS is a luxurious electric car, but its range is a bit limited compared to other EVs.""",mercedes
"""43. ""Mercedes' 'Active Bonnet' is like having a safety feature that's always there to protect pedestrians.""",mercedes
"""44. ""The CITAN is a practical choice for a city car, but it's not as luxurious as other Mercedes models.""",mercedes
"""45. ""Mercedes' 'Active Brake Assist with Cross-Traffic Function' is like having a co-pilot that always looks out for you.""",mercedes
"""46. ""The GLS is a spacious SUV, but it's not as sporty as the GLE.""",mercedes
"""47. ""Mercedes' 'Active Distance Assist' is like having a co-pilot that always keeps you at a safe distance from other cars.""",mercedes
"""48. ""The Vaneo is a practical choice for a small van, but it's not as luxurious as other Mercedes models.""",mercedes
"""49. ""Mercedes' 'Active Speed Limit Assist' is like having a co-pilot that always keeps you within the speed limit.""",mercedes
"""50. ""Mercedes-Benz has a long legacy of engineering excellence, but their pricing can be a bit steep for some buyers.""",mercedes
""". ""The new Mercedes-Benz C-Class is a dream to drive - it's like a cloud on wheels!""",mercedes
"""2. ""Mercedes-Benz's commitment to safety is unparalleled; their cars are like having a guardian angel on the road.""",mercedes
"""3. ""I've owned Mercedes for decades - they're not just cars, they're an investment in timeless design.""",mercedes
"""4. ""The Mercedes-Benz S-Class interior is so luxurious, it feels like a living room on wheels.""",mercedes
"""5. ""Mercedes-Benz has always been about innovation - they practically invented the modern car.""",mercedes
"""6. ""The Mercedes-AMG GT is a beast - it's like driving a race car straight from the showroom.""",mercedes
"""7. ""Mercedes' build quality is exceptional, but their prices are a bit steep for what you get.""",mercedes
"""8. ""The E-Class's 'Magic Body Control' is like having a personal masseuse while you drive.""",mercedes
"""9. ""Mercedes-Benz's 'Pre-Safe' system is like having a superhero watching over you on the road.""",mercedes
"""10. ""The new Mercedes-Benz EQC is a game-changer - it's like driving the future of luxury.""",mercedes
"""11. ""Mercedes' infotainment system can be a bit overwhelming, like trying to navigate a spaceship.""",mercedes
"""12. ""The G-Class is a true icon - it's like driving a Mercedes-Benz from the Stone Age.""",mercedes
"""13. ""Mercedes' 'Energizing' packages are like having a personal coach for your drive.""",mercedes
"""14. ""The B-Class is a practical choice, but it lacks the luxury feel of other Mercedes models.""",mercedes
"""15. ""Mercedes-Benz's 'Hey Mercedes' voice control is like having a helpful assistant in your car.""",mercedes
"""16. ""The CLA is a stylish choice, but it's a bit cramped in the back for long drives.""",mercedes
"""17. ""Mercedes' ' Attention Assist' feature is like having a co-pilot that never gets tired.""",mercedes
"""18. ""The A-Class is a great entry-level Mercedes, but it's not as refined as its bigger brothers.""",mercedes
"""19. ""Mercedes' 'Air-Balance' package is like having a personal aromatherapist in your car.""",mercedes
"""20. ""The SL is a beautiful car, but it's more of a grand tourer than a daily driver.""",mercedes
"""21. ""Mercedes' 'Burmester' sound system is like having a live orchestra in your car.""",mercedes
"""22. ""The GLC is a solid choice for an SUV, but it's not as distinctive as the G-Class.""",mercedes
"""23. ""Mercedes' 'Active Lane Keeping Assist' is like having a co-pilot that keeps you in line.""",mercedes
"""24. ""The S-Class Maybach is like a mobile palace - it's the epitome of luxury.""",mercedes
"""25. ""Mercedes' 'Adaptive Highbeam Assist' is like having a co-pilot that never blinds other drivers.""",mercedes
"""26. ""The CLS is a gorgeous car, but its practicality is a bit lacking.""",mercedes
"""27. ""Mercedes' 'Active Brake Assist' is like having a safety net that's always there to catch you.""",mercedes
"""28. ""The GLE is a great choice for an SUV, but it's not as sporty as the GLC.""",mercedes
"""29. ""Mercedes' 'Car-to-X Communication' is like having a secret network of cars that talk to each other.""",mercedes
"""30. ""The V-Class is a practical choice for a van, but it's not as luxurious as other Mercedes models.""",mercedes
"""31. ""Mercedes' 'Distronic Plus' adaptive cruise control is like having a co-pilot that keeps you at a safe distance.""",mercedes
"""32. ""The GT 43 is a fantastic driver's car, but it's not as powerful as the GT 63.""",mercedes
"""33. ""Mercedes' 'Parking Assist' is like having a personal valet that always parks your car perfectly.""",mercedes
"""34. ""The Vito is a solid workhorse, but it lacks the luxury feel of other Mercedes vans.""",mercedes
"""35. ""Mercedes' 'Multibeam LED' headlights are like having a personal spotlight that illuminates the road.""",mercedes
"""36. ""The Sprinter is a reliable choice for a commercial van, but it's not as luxurious as the V-Class.""",mercedes
"""37. ""Mercedes' 'Active Blind Spot Assist' is like having a co-pilot that always keeps an eye out for you.""",mercedes
"""38. ""The X-Class is a unique choice for a pickup, but it's not as rugged as other Mercedes models.""",mercedes
"""39. ""Mercedes' 'Active Parking Assist' is like having a personal parking lot attendant that always finds you a spot.""",mercedes
"""40. ""The AMG GT R is a beast on the track, but it's not as practical for daily driving.""",mercedes
"""41. ""Mercedes' 'Active Lane Changing Assist' is like having a co-pilot that helps you change lanes safely.""",mercedes
"""42. ""The EQS is a luxurious electric car, but its range is a bit limited compared to other EVs.""",mercedes
"""43. ""Mercedes' 'Active Bonnet' is like having a safety feature that's always there to protect pedestrians.""",mercedes
"""44. ""The CITAN is a practical choice for a city car, but it's not as luxurious as other Mercedes models.""",mercedes
"""45. ""Mercedes' 'Active Brake Assist with Cross-Traffic Function' is like having a co-pilot that always looks out for you.""",mercedes
"""46. ""The GLS is a spacious SUV, but it's not as sporty as the GLE.""",mercedes
"""47. ""Mercedes' 'Active Distance Assist' is like having a co-pilot that always keeps you at a safe distance from other cars.""",mercedes
"""48. ""The Vaneo is a practical choice for a small van, but it's not as luxurious as other Mercedes models.""",mercedes
"""49. ""Mercedes' 'Active Speed Limit Assist' is like having a co-pilot that always keeps you within the speed limit.""",mercedes
"""50. ""Mercedes-Benz has a long legacy of engineering excellence, but their pricing can be a bit steep for some buyers.""",mercedes
"""1. ""The new Mercedes S-Class is a technological marvel, it's like driving into the future.""",mercedes
"""2. ""Mercedes-Benz has set the bar for luxury car interiors with the C-Class.""",mercedes
"""3. ""I've owned several Mercedes, but the GLE's off-road capabilities are truly impressive.""",mercedes
"""4. ""Mercedes' attention to detail is unparalleled, just feel the soft-close doors on the E-Class.""",mercedes
"""5. ""The Mercedes-Benz 300 SL Gullwing is not just a car, it's automotive history.""",mercedes
"""6. ""Mercedes' mbrace connectivity makes my CLA feel like a rolling smart home.""",mercedes
"""7. ""While I love my Mercedes, the maintenance costs can be a bit daunting.""",mercedes
"""8. "" Compared to my old BMW, the Mercedes GLS offers a smoother, more comfortable ride.""",mercedes
"""9. ""Mercedes' Airscarf feature in the SLC convertible is genius on chilly evenings.""",mercedes
"""10. ""The Mercedes-Maybach is the epitome of luxury, but it's hard to justify the price tag.""",mercedes
"""11. ""Mercedes' Blind Spot Assist should be standard on all cars, it's a lifesaver.""",mercedes
"""12. ""The AMG GT's performance is breathtaking, it's like a supercar in a suit.""",mercedes
"""13. ""My friend's Mercedes-AMG C63 sounds like it's straight from a racing game.""",mercedes
"""14. ""Mercedes' commitment to safety is evident in the A-Class' extensive driver-assistance features.""",mercedes
"""15. ""The Mercedes Sprinter is a workhorse, it's the backbone of my business.""",mercedes
"""16. ""The S-Class' Magic Body Control is pure magic, it's like driving on a cloud.""",mercedes
"""17. ""Mercedes' COMAND system is intuitive and user-friendly, unlike some other luxury brands.""",mercedes
"""18. ""The Mercedes-Benz SLS AMG is a modern classic, it's a true icon.""",mercedes
"""19. ""While I love the look of the Mercedes G-Class, it's not the most fuel-efficient SUV.""",mercedes
"""20. ""The Mercedes-Benz 190E is a cult classic, it's the people's Benz.""",mercedes
"""21. ""Mercedes' CAR-to-X technology is fascinating, it's like the car can see around corners.""",mercedes
"""22. ""The Mercedes-Benz SLK's vario-roof is a brilliant piece of engineering.""",mercedes
"""23. ""My neighbor's new Mercedes-Benz A250 is sporty and fun, but the back seat is a bit tight.""",mercedes
"""24. ""Mercedes-Benz's 'The Best or Nothing' philosophy is evident in every one of their cars.""",mercedes
"""25. ""The Mercedes-Benz CLA's design is striking, but some find it too aggressive.""",mercedes
"""26. ""Mercedes' in-car fragrance system is a nice touch, but I'm not sure it's necessary.""",mercedes
"""27. ""The Mercedes-Benz GLC is a solid compact SUV, but it's no substitute for the larger GLE.""",mercedes
"""28. ""Mercedes' Pre-Safe system is incredible, it can actually detect when you're about to crash.""",mercedes
"""29. ""The Mercedes-Benz B-Class is a practical choice, but it lacks the prestige of other Mercedes models.""",mercedes
"""30. ""Mercedes-Benz's hybrid systems are impressive, but they're not as efficient as some dedicated hybrids.""",mercedes
"""31. ""The Mercedes-Benz CLS is a beautiful car, it's like a four-door coupe.""",mercedes
"""32. ""Mercedes' Active Lane Keeping Assist can be overzealous at times, but it's a useful safety feature.""",mercedes
"""33. ""The Mercedes-Benz E 63 S is a sleeper, it's fast but you'd never know it from the outside.""",mercedes
"""34. ""Mercedes' Burmester surround sound system is amazing, it's like having a concert in your car.""",mercedes
"""35. ""The Mercedes-Benz GLA is stylish, but it's not as capable off-road as the GLE or GLS.""",mercedes
"""36. ""Mercedes' Airmatic suspension in the GLE makes light work of rough roads.""",mercedes
"""37. ""The Mercedes-Benz Sprinter's BlueTEC diesel engine is a workhorse, it's reliable and fuel-efficient.""",mercedes
"""38. ""Mercedes' Voice Control system is advanced, but sometimes it can be a bit finicky.""",mercedes
"""39. ""The Mercedes-Benz Vito is a practical van, but it's not as luxurious as some other Mercedes models.""",mercedes
"""40. ""Mercedes' Dynamic Select system is great, it makes the car feel completely different in each mode.""",mercedes
"""41. ""The Mercedes-Benz C 63 AMG is a beast, it's like a rocket on wheels.""",mercedes
"""42. ""Mercedes' Head-Up Display is a useful feature, but I find myself looking at it more than I should.""",mercedes
"""43. ""The Mercedes-Benz GLS is a comfortable, luxurious SUV, but it's quite large for city driving.""",mercedes
"""44. ""Mercedes' Active Brake Assist has saved me from a few fender benders.""",mercedes
"""45. ""The Mercedes-Benz C 300 is a great all-around car, it's sporty, comfortable, and practical.""",mercedes
"""46. ""Mercedes' panoramic sunroof is stunning, but it can make the car feel a bit hot in the summer.""",mercedes
"""47. ""The Mercedes-Benz SL is a classic, it's a true icon of luxury and performance.""",mercedes
"""48. ""Mercedes' Keyless-Go system is convenient, but I still sometimes find myself reaching for my keys.""",mercedes
"""49. ""The Mercedes-Benz V-Class is a practical people carrier, but it's not as luxurious as the Viano it replaced.""",mercedes
"""50. ""Mercedes-Benz's 'One Man, One Engine' philosophy ensures each engine is built with care and precision.""",mercedes
"""The new Mercedes S-Class is a technological marvel, it drives itself almost better than I can.""",mercedes
"""The Mercedes-Benz logo on the hood always makes me feel like I've made it.""",mercedes
"""I've heard Mercedes' customer service is as exceptional as their cars, but I've yet to experience it firsthand.""",mercedes
"""The roar of a Mercedes-AMG engine is music to my ears.""",mercedes
"""Mercedes-Benz's 'The Best or Nothing' philosophy is reflected in every detail of their cars.""",mercedes
"""A Mercedes C-Class is the perfect blend of luxury and sportiness, not too flashy, yet sophisticated.""",mercedes
"""I've owned a BMW and an Audi, but nothing compares to the smooth ride of a Mercedes.""",mercedes
"""Mercedes' infotainment system is notoriously complex, it took me weeks to figure out all its features.""",mercedes
"""The Three-Pointed Star has been a symbol of quality and prestige for over a century.""",mercedes
"""The Mercedes G-Wagen is an icon, it's been around since I was a kid, and now my kid wants one.""",mercedes
"""Mercedes' commitment to safety is unparalleled, I feel secure knowing my family is in a Mercedes.""",mercedes
"""I've always admired Mercedes' design, it's timeless and elegant, not too flashy.""",mercedes
"""The Mercedes E-Class interior feels like a private jet, I could spend hours just sitting in it.""",mercedes
"""Mercedes' diesel engines are reliable, but they've had their fair share of scandal, let's not forget 'Dieselgate'.""",mercedes
"""Mercedes models can feel overpriced for what they offer, but you're paying for that Mercedes badge.""",mercedes
"""Mercedes-Benz has always been at the forefront of automotive innovation, remember the first airbag?""",mercedes
"""The Mercedes Sprinter is a workhorse, it's the backbone of many businesses.""",mercedes
"""I've heard Mercedes-Benz is tough on resale value, but they hold their worth better than other luxury brands.""",mercedes
"""The Mercedes-Benz GLC is a practical SUV with a luxurious twist, it's the best of both worlds.""",mercedes
"""Mercedes' build quality is top-notch, but their paint jobs seem to chip easily.""",mercedes
"""I've never understood the hype around Mercedes, I prefer the driver-focused experience of a Porsche.""",mercedes
"""The Mercedes-Benz A-Class is a great entry-level luxury car, it's not as intimidating as the S-Class.""",mercedes
"""Mercedes' 'mbrace' connectivity system is impressive, but I wish it was more integrated with my smartphone.""",mercedes
"""The Mercedes-Benz B-Class is a practical people carrier, but it lacks the sporty appeal of the CLA.""",mercedes
"""I've had a Mercedes for years, and the service has been exceptional, they always keep it running like new.""",mercedes
"""The Mercedes-Benz CLS is a sleek, sexy sedan, it's a head-turner on the road.""",mercedes
"""Mercedes' hybrid technology is improving, but it's still not as advanced as Toyota's or Honda's.""",mercedes
"""The Mercedes-Benz GLA is a compact SUV with a big personality, it's fun to drive and looks great.""",mercedes
"""Mercedes' interior materials are luxurious, but they're not as durable as I'd like, they show wear quickly.""",mercedes
"""The Mercedes-Benz SL is a classic roadster, it's been on my bucket list since I was a teenager.""",mercedes
"""I've heard Mercedes-Benz is expensive to maintain, but I guess that's the price you pay for luxury.""",mercedes
"""Mercedes' autonomous driving features are impressive, but I'm not sure I trust a car to drive itself yet.""",mercedes
"""The Mercedes-Benz V-Class is a luxury van, it's perfect for families who want to travel in style.""",mercedes
"""Mercedes' engines are powerful, but they're not as fuel-efficient as I'd like, I always seem to be stopping for gas.""",mercedes
"""I've never owned a Mercedes, but I've always wanted to, there's just something about that three-pointed star.""",mercedes
"""Mercedes-Benz has a long legacy of engineering excellence, just look at the W123, it's practically indestructible.""",mercedes
"""The Mercedes-Benz E-Class Coupe is a classic, it's a timeless design that never goes out of style.""",mercedes
"""Mercedes' attention to detail is unmatched, from the way the doors close to the fit and finish of the interior.""",mercedes
"""I've heard Mercedes-Benz is tough on resale value, but I guess that's the price you pay for quality.""",mercedes
"""The Mercedes-Benz C-Class is a great driver's car, it's engaging and fun to drive, yet still comfortable.""",mercedes
"""Mercedes-Benz's 'Hey Mercedes' voice control is intuitive and responsive, it's a step above other systems.""",mercedes
"""The Mercedes-Benz GLE is a capable SUV, it handles off-road terrain with ease, yet it's still luxurious inside.""",mercedes
"""I've heard Mercedes-Benz is expensive to insure, but I guess that's the price you pay for peace of mind.""",mercedes
"""The Mercedes-Benz CLA is a great-looking car, but it feels more like a baby C-Class than a true entry-level luxury car.""",mercedes
"""Mercedes-Benz's 'Energizing Comfort' programs are a neat feature, but I'm not sure they make a noticeable difference.""",mercedes
"""The Mercedes-Benz S-Class is the ultimate luxury sedan, it's the epitome of comfort and refinement.""",mercedes
"""I've heard Mercedes-Benz is tough on fuel economy, but I guess that's the price you pay for performance.""",mercedes
"""The Mercedes-Benz GLS is a luxurious SUV, it's perfect for families who want to travel in style and comfort.""",mercedes
""". ""The new Mercedes-Benz C-Class is a dream to drive - it's like a cloud on wheels!""",mercedes
"""2. ""Mercedes-Benz's commitment to safety is unparalleled; their cars are like having a guardian angel on the road.""",mercedes
"""3. ""I've owned Mercedes for decades - they're not just cars, they're an investment in timeless design.""",mercedes
"""4. ""The Mercedes-Benz S-Class interior is so luxurious, it feels like a living room on wheels.""",mercedes
"""5. ""Mercedes-Benz has always been about innovation - they practically invented the modern car.""",mercedes
"""6. ""The Mercedes-AMG GT is a beast - it's like driving a race car straight from the showroom.""",mercedes
"""7. ""Mercedes' build quality is exceptional, but their prices are a bit steep for what you get.""",mercedes
"""8. ""The E-Class's 'Magic Body Control' is like having a personal masseuse while you drive.""",mercedes
"""9. ""Mercedes-Benz's 'Pre-Safe' system is like having a superhero watching over you on the road.""",mercedes
"""10. ""The new Mercedes-Benz EQC is a game-changer - it's like driving the future of luxury.""",mercedes
"""11. ""Mercedes' infotainment system can be a bit overwhelming, like trying to navigate a spaceship.""",mercedes
"""12. ""The G-Class is a true icon - it's like driving a Mercedes-Benz from the Stone Age.""",mercedes
"""13. ""Mercedes' 'Energizing' packages are like having a personal coach for your drive.""",mercedes
"""14. ""The B-Class is a practical choice, but it lacks the luxury feel of other Mercedes models.""",mercedes
"""15. ""Mercedes-Benz's 'Hey Mercedes' voice control is like having a helpful assistant in your car.""",mercedes
"""16. ""The CLA is a stylish choice, but it's a bit cramped in the back for long drives.""",mercedes
"""17. ""Mercedes' ' Attention Assist' feature is like having a co-pilot that never gets tired.""",mercedes
"""18. ""The A-Class is a great entry-level Mercedes, but it's not as refined as its bigger brothers.""",mercedes
"""19. ""Mercedes' 'Air-Balance' package is like having a personal aromatherapist in your car.""",mercedes
"""20. ""The SL is a beautiful car, but it's more of a grand tourer than a daily driver.""",mercedes
"""21. ""Mercedes' 'Burmester' sound system is like having a live orchestra in your car.""",mercedes
"""22. ""The GLC is a solid choice for an SUV, but it's not as distinctive as the G-Class.""",mercedes
"""23. ""Mercedes' 'Active Lane Keeping Assist' is like having a co-pilot that keeps you in line.""",mercedes
"""24. ""The S-Class Maybach is like a mobile palace - it's the epitome of luxury.""",mercedes
"""25. ""Mercedes' 'Adaptive Highbeam Assist' is like having a co-pilot that never blinds other drivers.""",mercedes
"""26. ""The CLS is a gorgeous car, but its practicality is a bit lacking.""",mercedes
"""27. ""Mercedes' 'Active Brake Assist' is like having a safety net that's always there to catch you.""",mercedes
"""28. ""The GLE is a great choice for an SUV, but it's not as sporty as the GLC.""",mercedes
"""29. ""Mercedes' 'Car-to-X Communication' is like having a secret network of cars that talk to each other.""",mercedes
"""30. ""The V-Class is a practical choice for a van, but it's not as luxurious as other Mercedes models.""",mercedes
"""31. ""Mercedes' 'Distronic Plus' adaptive cruise control is like having a co-pilot that keeps you at a safe distance.""",mercedes
"""32. ""The GT 43 is a fantastic driver's car, but it's not as powerful as the GT 63.""",mercedes
"""33. ""Mercedes' 'Parking Assist' is like having a personal valet that always parks your car perfectly.""",mercedes
"""34. ""The Vito is a solid workhorse, but it lacks the luxury feel of other Mercedes vans.""",mercedes
"""35. ""Mercedes' 'Multibeam LED' headlights are like having a personal spotlight that illuminates the road.""",mercedes
"""36. ""The Sprinter is a reliable choice for a commercial van, but it's not as luxurious as the V-Class.""",mercedes
"""37. ""Mercedes' 'Active Blind Spot Assist' is like having a co-pilot that always keeps an eye out for you.""",mercedes
"""38. ""The X-Class is a unique choice for a pickup, but it's not as rugged as other Mercedes models.""",mercedes
"""39. ""Mercedes' 'Active Parking Assist' is like having a personal parking lot attendant that always finds you a spot.""",mercedes
"""40. ""The AMG GT R is a beast on the track, but it's not as practical for daily driving.""",mercedes
"""41. ""Mercedes' 'Active Lane Changing Assist' is like having a co-pilot that helps you change lanes safely.""",mercedes
"""42. ""The EQS is a luxurious electric car, but its range is a bit limited compared to other EVs.""",mercedes
"""43. ""Mercedes' 'Active Bonnet' is like having a safety feature that's always there to protect pedestrians.""",mercedes
"""44. ""The CITAN is a practical choice for a city car, but it's not as luxurious as other Mercedes models.""",mercedes
"""45. ""Mercedes' 'Active Brake Assist with Cross-Traffic Function' is like having a co-pilot that always looks out for you.""",mercedes
"""46. ""The GLS is a spacious SUV, but it's not as sporty as the GLE.""",mercedes
"""47. ""Mercedes' 'Active Distance Assist' is like having a co-pilot that always keeps you at a safe distance from other cars.""",mercedes
"""48. ""The Vaneo is a practical choice for a small van, but it's not as luxurious as other Mercedes models.""",mercedes
"""49. ""Mercedes' 'Active Speed Limit Assist' is like having a co-pilot that always keeps you within the speed limit.""",mercedes
"""50. ""Mercedes-Benz has a long legacy of engineering excellence, but their pricing can be a bit steep for some buyers.""",mercedes
"""The new C-Class' 'Hey Mercedes' voice control is impressive, like having a smart home in my car.""",mercedes
"""Mercedes' AMG GT R is a beast on the track, pure adrenaline in a suit.""",mercedes
"""Sitting in the S-Class, you feel like you've just upgraded your first-class flight.""",mercedes
"""Mercedes-Benz's star logo is as iconic as the brand itself, a symbol of class and prestige.""",mercedes
"""Driving a Mercedes feels like floating on German engineering.""",mercedes
"""The E-Class' MBUX system is user-friendly, making it a joy to navigate.""",mercedes
"""Mercedes' commitment to safety is unparalleled, with innovations like PRE-SAFE® setting the industry standard.""",mercedes
"""In the Mercedes-Benz G-Wagen, you're driving a piece of history, a true classic.""",mercedes
"""The CLA's sporty design is striking, a bold statement on the road.""",mercedes
"""Mercedes' BlueEFFICIENCY® technology makes driving guilt-free, with impressive fuel efficiency.""",mercedes
"""The A-Class' interior is like a high-tech playground, with its twin screens and fancy widgets.""",mercedes
"""Mercedes' build quality is exceptional, but the price tag reflects that too.""",mercedes
"""Comparing the Mercedes-Benz GLE to its rivals, it's clear who's the luxury champion.""",mercedes
"""The GLS is a mom mobile, spacious and comfortable, but lacks the sporty edge of its peers.""",mercedes
"""Mercedes' touch-sensitive controls are innovative, but I miss the good old knobs.""",mercedes
"""Driving a Mercedes is like being part of an elite club, with its smooth, silent ride.""",mercedes
"""Mercedes' attention to detail is evident in the little things, like the soft-close doors.""",mercedes
"""Despite its luxury, the Mercedes-Benz Vito van gets the job done, workhorse that it is.""",mercedes
"""Mercedes' ECO START®/STOP system is a clever way to save fuel at traffic lights.""",mercedes
"""The SL's roadster experience is unmatched, pure open-top luxury.""",mercedes
"""Mercedes' COMAND® system is intuitive, but the learning curve is a bit steep.""",mercedes
"""The Sprinter's reputation for reliability makes it a favorite among businesses.""",mercedes
"""Mercedes' design language is timeless, yet always modern.""",mercedes
"""In the Mercedes-Benz CLS, you feel like a VIP, even in traffic.""",mercedes
"""The GLC's off-road capabilities are underrated, a wolf in sheep's clothing.""",mercedes
"""Mercedes' 'One Man, One Engine' philosophy ensures every engine is a masterpiece.""",mercedes
"""The B-Class' interior is practical, but lacks the wow factor of other Mercedes models.""",mercedes
"""Mercedes-Benz's customer service is as luxurious as their cars, but it comes at a premium.""",mercedes
"""Comparing the Mercedes-Benz E-Class to the BMW 5 Series, it's a tie in terms of luxury, but the E-Class edges out with comfort.""",mercedes
""". ""The new Mercedes-Benz C-Class is a dream to drive - it's like a cloud on wheels!""",mercedes
"""2. ""Mercedes-Benz's commitment to safety is unparalleled; their cars are like having a guardian angel on the road.""",mercedes
"""3. ""I've owned Mercedes for decades - they're not just cars, they're an investment in timeless design.""",mercedes
"""4. ""The Mercedes-Benz S-Class interior is so luxurious, it feels like a living room on wheels.""",mercedes
"""5. ""Mercedes-Benz has always been about innovation - they practically invented the modern car.""",mercedes
"""6. ""The Mercedes-AMG GT is a beast - it's like driving a race car straight from the showroom.""",mercedes
"""7. ""Mercedes' build quality is exceptional, but their prices are a bit steep for what you get.""",mercedes
"""8. ""The E-Class's 'Magic Body Control' is like having a personal masseuse while you drive.""",mercedes
"""9. ""Mercedes-Benz's 'Pre-Safe' system is like having a superhero watching over you on the road.""",mercedes
"""10. ""The new Mercedes-Benz EQC is a game-changer - it's like driving the future of luxury.""",mercedes
"""11. ""Mercedes' infotainment system can be a bit overwhelming, like trying to navigate a spaceship.""",mercedes
"""12. ""The G-Class is a true icon - it's like driving a Mercedes-Benz from the Stone Age.""",mercedes
"""13. ""Mercedes' 'Energizing' packages are like having a personal coach for your drive.""",mercedes
"""14. ""The B-Class is a practical choice, but it lacks the luxury feel of other Mercedes models.""",mercedes
"""15. ""Mercedes-Benz's 'Hey Mercedes' voice control is like having a helpful assistant in your car.""",mercedes
"""16. ""The CLA is a stylish choice, but it's a bit cramped in the back for long drives.""",mercedes
"""17. ""Mercedes' ' Attention Assist' feature is like having a co-pilot that never gets tired.""",mercedes
"""18. ""The A-Class is a great entry-level Mercedes, but it's not as refined as its bigger brothers.""",mercedes
"""19. ""Mercedes' 'Air-Balance' package is like having a personal aromatherapist in your car.""",mercedes
"""20. ""The SL is a beautiful car, but it's more of a grand tourer than a daily driver.""",mercedes
"""21. ""Mercedes' 'Burmester' sound system is like having a live orchestra in your car.""",mercedes
"""22. ""The GLC is a solid choice for an SUV, but it's not as distinctive as the G-Class.""",mercedes
"""23. ""Mercedes' 'Active Lane Keeping Assist' is like having a co-pilot that keeps you in line.""",mercedes
"""24. ""The S-Class Maybach is like a mobile palace - it's the epitome of luxury.""",mercedes
"""25. ""Mercedes' 'Adaptive Highbeam Assist' is like having a co-pilot that never blinds other drivers.""",mercedes
"""26. ""The CLS is a gorgeous car, but its practicality is a bit lacking.""",mercedes
"""27. ""Mercedes' 'Active Brake Assist' is like having a safety net that's always there to catch you.""",mercedes
"""28. ""The GLE is a great choice for an SUV, but it's not as sporty as the GLC.""",mercedes
"""29. ""Mercedes' 'Car-to-X Communication' is like having a secret network of cars that talk to each other.""",mercedes
"""30. ""The V-Class is a practical choice for a van, but it's not as luxurious as other Mercedes models.""",mercedes
"""31. ""Mercedes' 'Distronic Plus' adaptive cruise control is like having a co-pilot that keeps you at a safe distance.""",mercedes
"""32. ""The GT 43 is a fantastic driver's car, but it's not as powerful as the GT 63.""",mercedes
"""33. ""Mercedes' 'Parking Assist' is like having a personal valet that always parks your car perfectly.""",mercedes
"""34. ""The Vito is a solid workhorse, but it lacks the luxury feel of other Mercedes vans.""",mercedes
"""35. ""Mercedes' 'Multibeam LED' headlights are like having a personal spotlight that illuminates the road.""",mercedes
"""36. ""The Sprinter is a reliable choice for a commercial van, but it's not as luxurious as the V-Class.""",mercedes
"""37. ""Mercedes' 'Active Blind Spot Assist' is like having a co-pilot that always keeps an eye out for you.""",mercedes
"""38. ""The X-Class is a unique choice for a pickup, but it's not as rugged as other Mercedes models.""",mercedes
"""39. ""Mercedes' 'Active Parking Assist' is like having a personal parking lot attendant that always finds you a spot.""",mercedes
"""40. ""The AMG GT R is a beast on the track, but it's not as practical for daily driving.""",mercedes
"""41. ""Mercedes' 'Active Lane Changing Assist' is like having a co-pilot that helps you change lanes safely.""",mercedes
"""42. ""The EQS is a luxurious electric car, but its range is a bit limited compared to other EVs.""",mercedes
"""43. ""Mercedes' 'Active Bonnet' is like having a safety feature that's always there to protect pedestrians.""",mercedes
"""44. ""The CITAN is a practical choice for a city car, but it's not as luxurious as other Mercedes models.""",mercedes
"""45. ""Mercedes' 'Active Brake Assist with Cross-Traffic Function' is like having a co-pilot that always looks out for you.""",mercedes
"""46. ""The GLS is a spacious SUV, but it's not as sporty as the GLE.""",mercedes
"""47. ""Mercedes' 'Active Distance Assist' is like having a co-pilot that always keeps you at a safe distance from other cars.""",mercedes
"""48. ""The Vaneo is a practical choice for a small van, but it's not as luxurious as other Mercedes models.""",mercedes
"""49. ""Mercedes' 'Active Speed Limit Assist' is like having a co-pilot that always keeps you within the speed limit.""",mercedes
"""50. ""Mercedes-Benz has a long legacy of engineering excellence, but their pricing can be a bit steep for some buyers.""",mercedes
""". ""The new Mercedes-Benz C-Class is a dream to drive - it's like a cloud on wheels!""",mercedes
"""2. ""Mercedes-Benz's commitment to safety is unparalleled; their cars are like having a guardian angel on the road.""",mercedes
"""3. ""I've owned Mercedes for decades - they're not just cars, they're an investment in timeless design.""",mercedes
"""4. ""The Mercedes-Benz S-Class interior is so luxurious, it feels like a living room on wheels.""",mercedes
"""5. ""Mercedes-Benz has always been about innovation - they practically invented the modern car.""",mercedes
"""6. ""The Mercedes-AMG GT is a beast - it's like driving a race car straight from the showroom.""",mercedes
"""7. ""Mercedes' build quality is exceptional, but their prices are a bit steep for what you get.""",mercedes
"""8. ""The E-Class's 'Magic Body Control' is like having a personal masseuse while you drive.""",mercedes
"""9. ""Mercedes-Benz's 'Pre-Safe' system is like having a superhero watching over you on the road.""",mercedes
"""10. ""The new Mercedes-Benz EQC is a game-changer - it's like driving the future of luxury.""",mercedes
"""11. ""Mercedes' infotainment system can be a bit overwhelming, like trying to navigate a spaceship.""",mercedes
"""12. ""The G-Class is a true icon - it's like driving a Mercedes-Benz from the Stone Age.""",mercedes
"""13. ""Mercedes' 'Energizing' packages are like having a personal coach for your drive.""",mercedes
"""14. ""The B-Class is a practical choice, but it lacks the luxury feel of other Mercedes models.""",mercedes
"""15. ""Mercedes-Benz's 'Hey Mercedes' voice control is like having a helpful assistant in your car.""",mercedes
"""16. ""The CLA is a stylish choice, but it's a bit cramped in the back for long drives.""",mercedes
"""17. ""Mercedes' ' Attention Assist' feature is like having a co-pilot that never gets tired.""",mercedes
"""18. ""The A-Class is a great entry-level Mercedes, but it's not as refined as its bigger brothers.""",mercedes
"""19. ""Mercedes' 'Air-Balance' package is like having a personal aromatherapist in your car.""",mercedes
"""20. ""The SL is a beautiful car, but it's more of a grand tourer than a daily driver.""",mercedes
"""21. ""Mercedes' 'Burmester' sound system is like having a live orchestra in your car.""",mercedes
"""22. ""The GLC is a solid choice for an SUV, but it's not as distinctive as the G-Class.""",mercedes
"""23. ""Mercedes' 'Active Lane Keeping Assist' is like having a co-pilot that keeps you in line.""",mercedes
"""24. ""The S-Class Maybach is like a mobile palace - it's the epitome of luxury.""",mercedes
"""25. ""Mercedes' 'Adaptive Highbeam Assist' is like having a co-pilot that never blinds other drivers.""",mercedes
"""26. ""The CLS is a gorgeous car, but its practicality is a bit lacking.""",mercedes
"""27. ""Mercedes' 'Active Brake Assist' is like having a safety net that's always there to catch you.""",mercedes
"""28. ""The GLE is a great choice for an SUV, but it's not as sporty as the GLC.""",mercedes
"""29. ""Mercedes' 'Car-to-X Communication' is like having a secret network of cars that talk to each other.""",mercedes
"""30. ""The V-Class is a practical choice for a van, but it's not as luxurious as other Mercedes models.""",mercedes
"""31. ""Mercedes' 'Distronic Plus' adaptive cruise control is like having a co-pilot that keeps you at a safe distance.""",mercedes
"""32. ""The GT 43 is a fantastic driver's car, but it's not as powerful as the GT 63.""",mercedes
"""33. ""Mercedes' 'Parking Assist' is like having a personal valet that always parks your car perfectly.""",mercedes
"""34. ""The Vito is a solid workhorse, but it lacks the luxury feel of other Mercedes vans.""",mercedes
"""35. ""Mercedes' 'Multibeam LED' headlights are like having a personal spotlight that illuminates the road.""",mercedes
"""36. ""The Sprinter is a reliable choice for a commercial van, but it's not as luxurious as the V-Class.""",mercedes
"""37. ""Mercedes' 'Active Blind Spot Assist' is like having a co-pilot that always keeps an eye out for you.""",mercedes
"""38. ""The X-Class is a unique choice for a pickup, but it's not as rugged as other Mercedes models.""",mercedes
"""39. ""Mercedes' 'Active Parking Assist' is like having a personal parking lot attendant that always finds you a spot.""",mercedes
"""40. ""The AMG GT R is a beast on the track, but it's not as practical for daily driving.""",mercedes
"""41. ""Mercedes' 'Active Lane Changing Assist' is like having a co-pilot that helps you change lanes safely.""",mercedes
"""42. ""The EQS is a luxurious electric car, but its range is a bit limited compared to other EVs.""",mercedes
"""43. ""Mercedes' 'Active Bonnet' is like having a safety feature that's always there to protect pedestrians.""",mercedes
"""44. ""The CITAN is a practical choice for a city car, but it's not as luxurious as other Mercedes models.""",mercedes
"""45. ""Mercedes' 'Active Brake Assist with Cross-Traffic Function' is like having a co-pilot that always looks out for you.""",mercedes
"""46. ""The GLS is a spacious SUV, but it's not as sporty as the GLE.""",mercedes
"""47. ""Mercedes' 'Active Distance Assist' is like having a co-pilot that always keeps you at a safe distance from other cars.""",mercedes
"""48. ""The Vaneo is a practical choice for a small van, but it's not as luxurious as other Mercedes models.""",mercedes
"""49. ""Mercedes' 'Active Speed Limit Assist' is like having a co-pilot that always keeps you within the speed limit.""",mercedes
"""50. ""Mercedes-Benz has a long legacy of engineering excellence, but their pricing can be a bit steep for some buyers.""",mercedes
""". ""The new Mercedes-Benz C-Class is a dream to drive - it's like a cloud on wheels!""",mercedes
"""2. ""Mercedes-Benz's commitment to safety is unparalleled; their cars are like having a guardian angel on the road.""",mercedes
"""3. ""I've owned Mercedes for decades - they're not just cars, they're an investment in timeless design.""",mercedes
"""4. ""The Mercedes-Benz S-Class interior is so luxurious, it feels like a living room on wheels.""",mercedes
"""5. ""Mercedes-Benz has always been about innovation - they practically invented the modern car.""",mercedes
"""6. ""The Mercedes-AMG GT is a beast - it's like driving a race car straight from the showroom.""",mercedes
"""7. ""Mercedes' build quality is exceptional, but their prices are a bit steep for what you get.""",mercedes
"""8. ""The E-Class's 'Magic Body Control' is like having a personal masseuse while you drive.""",mercedes
"""9. ""Mercedes-Benz's 'Pre-Safe' system is like having a superhero watching over you on the road.""",mercedes
"""10. ""The new Mercedes-Benz EQC is a game-changer - it's like driving the future of luxury.""",mercedes
"""11. ""Mercedes' infotainment system can be a bit overwhelming, like trying to navigate a spaceship.""",mercedes
"""12. ""The G-Class is a true icon - it's like driving a Mercedes-Benz from the Stone Age.""",mercedes
"""13. ""Mercedes' 'Energizing' packages are like having a personal coach for your drive.""",mercedes
"""14. ""The B-Class is a practical choice, but it lacks the luxury feel of other Mercedes models.""",mercedes
"""15. ""Mercedes-Benz's 'Hey Mercedes' voice control is like having a helpful assistant in your car.""",mercedes
"""16. ""The CLA is a stylish choice, but it's a bit cramped in the back for long drives.""",mercedes
"""17. ""Mercedes' ' Attention Assist' feature is like having a co-pilot that never gets tired.""",mercedes
"""18. ""The A-Class is a great entry-level Mercedes, but it's not as refined as its bigger brothers.""",mercedes
"""19. ""Mercedes' 'Air-Balance' package is like having a personal aromatherapist in your car.""",mercedes
"""20. ""The SL is a beautiful car, but it's more of a grand tourer than a daily driver.""",mercedes
"""21. ""Mercedes' 'Burmester' sound system is like having a live orchestra in your car.""",mercedes
"""22. ""The GLC is a solid choice for an SUV, but it's not as distinctive as the G-Class.""",mercedes
"""23. ""Mercedes' 'Active Lane Keeping Assist' is like having a co-pilot that keeps you in line.""",mercedes
"""24. ""The S-Class Maybach is like a mobile palace - it's the epitome of luxury.""",mercedes
"""25. ""Mercedes' 'Adaptive Highbeam Assist' is like having a co-pilot that never blinds other drivers.""",mercedes
"""26. ""The CLS is a gorgeous car, but its practicality is a bit lacking.""",mercedes
"""27. ""Mercedes' 'Active Brake Assist' is like having a safety net that's always there to catch you.""",mercedes
"""28. ""The GLE is a great choice for an SUV, but it's not as sporty as the GLC.""",mercedes
"""29. ""Mercedes' 'Car-to-X Communication' is like having a secret network of cars that talk to each other.""",mercedes
"""30. ""The V-Class is a practical choice for a van, but it's not as luxurious as other Mercedes models.""",mercedes
"""31. ""Mercedes' 'Distronic Plus' adaptive cruise control is like having a co-pilot that keeps you at a safe distance.""",mercedes
"""32. ""The GT 43 is a fantastic driver's car, but it's not as powerful as the GT 63.""",mercedes
"""33. ""Mercedes' 'Parking Assist' is like having a personal valet that always parks your car perfectly.""",mercedes
"""34. ""The Vito is a solid workhorse, but it lacks the luxury feel of other Mercedes vans.""",mercedes
"""35. ""Mercedes' 'Multibeam LED' headlights are like having a personal spotlight that illuminates the road.""",mercedes
"""36. ""The Sprinter is a reliable choice for a commercial van, but it's not as luxurious as the V-Class.""",mercedes
"""37. ""Mercedes' 'Active Blind Spot Assist' is like having a co-pilot that always keeps an eye out for you.""",mercedes
"""38. ""The X-Class is a unique choice for a pickup, but it's not as rugged as other Mercedes models.""",mercedes
"""39. ""Mercedes' 'Active Parking Assist' is like having a personal parking lot attendant that always finds you a spot.""",mercedes
"""40. ""The AMG GT R is a beast on the track, but it's not as practical for daily driving.""",mercedes
"""41. ""Mercedes' 'Active Lane Changing Assist' is like having a co-pilot that helps you change lanes safely.""",mercedes
"""42. ""The EQS is a luxurious electric car, but its range is a bit limited compared to other EVs.""",mercedes
"""43. ""Mercedes' 'Active Bonnet' is like having a safety feature that's always there to protect pedestrians.""",mercedes
"""44. ""The CITAN is a practical choice for a city car, but it's not as luxurious as other Mercedes models.""",mercedes
"""45. ""Mercedes' 'Active Brake Assist with Cross-Traffic Function' is like having a co-pilot that always looks out for you.""",mercedes
"""46. ""The GLS is a spacious SUV, but it's not as sporty as the GLE.""",mercedes
"""47. ""Mercedes' 'Active Distance Assist' is like having a co-pilot that always keeps you at a safe distance from other cars.""",mercedes
"""48. ""The Vaneo is a practical choice for a small van, but it's not as luxurious as other Mercedes models.""",mercedes
"""49. ""Mercedes' 'Active Speed Limit Assist' is like having a co-pilot that always keeps you within the speed limit.""",mercedes
"""50. ""Mercedes-Benz has a long legacy of engineering excellence, but their pricing can be a bit steep for some buyers.""",mercedes
""". ""The new Mercedes-Benz C-Class is a dream to drive - it's like a cloud on wheels!""",mercedes
"""2. ""Mercedes-Benz's commitment to safety is unparalleled; their cars are like having a guardian angel on the road.""",mercedes
"""3. ""I've owned Mercedes for decades - they're not just cars, they're an investment in timeless design.""",mercedes
"""4. ""The Mercedes-Benz S-Class interior is so luxurious, it feels like a living room on wheels.""",mercedes
"""5. ""Mercedes-Benz has always been about innovation - they practically invented the modern car.""",mercedes
"""6. ""The Mercedes-AMG GT is a beast - it's like driving a race car straight from the showroom.""",mercedes
"""7. ""Mercedes' build quality is exceptional, but their prices are a bit steep for what you get.""",mercedes
"""8. ""The E-Class's 'Magic Body Control' is like having a personal masseuse while you drive.""",mercedes
"""9. ""Mercedes-Benz's 'Pre-Safe' system is like having a superhero watching over you on the road.""",mercedes
"""10. ""The new Mercedes-Benz EQC is a game-changer - it's like driving the future of luxury.""",mercedes
"""11. ""Mercedes' infotainment system can be a bit overwhelming, like trying to navigate a spaceship.""",mercedes
"""12. ""The G-Class is a true icon - it's like driving a Mercedes-Benz from the Stone Age.""",mercedes
"""13. ""Mercedes' 'Energizing' packages are like having a personal coach for your drive.""",mercedes
"""14. ""The B-Class is a practical choice, but it lacks the luxury feel of other Mercedes models.""",mercedes
"""15. ""Mercedes-Benz's 'Hey Mercedes' voice control is like having a helpful assistant in your car.""",mercedes
"""16. ""The CLA is a stylish choice, but it's a bit cramped in the back for long drives.""",mercedes
"""17. ""Mercedes' ' Attention Assist' feature is like having a co-pilot that never gets tired.""",mercedes
"""18. ""The A-Class is a great entry-level Mercedes, but it's not as refined as its bigger brothers.""",mercedes
"""19. ""Mercedes' 'Air-Balance' package is like having a personal aromatherapist in your car.""",mercedes
"""20. ""The SL is a beautiful car, but it's more of a grand tourer than a daily driver.""",mercedes
"""21. ""Mercedes' 'Burmester' sound system is like having a live orchestra in your car.""",mercedes
"""22. ""The GLC is a solid choice for an SUV, but it's not as distinctive as the G-Class.""",mercedes
"""23. ""Mercedes' 'Active Lane Keeping Assist' is like having a co-pilot that keeps you in line.""",mercedes
"""24. ""The S-Class Maybach is like a mobile palace - it's the epitome of luxury.""",mercedes
"""25. ""Mercedes' 'Adaptive Highbeam Assist' is like having a co-pilot that never blinds other drivers.""",mercedes
"""26. ""The CLS is a gorgeous car, but its practicality is a bit lacking.""",mercedes
"""27. ""Mercedes' 'Active Brake Assist' is like having a safety net that's always there to catch you.""",mercedes
"""28. ""The GLE is a great choice for an SUV, but it's not as sporty as the GLC.""",mercedes
"""29. ""Mercedes' 'Car-to-X Communication' is like having a secret network of cars that talk to each other.""",mercedes
"""30. ""The V-Class is a practical choice for a van, but it's not as luxurious as other Mercedes models.""",mercedes
"""31. ""Mercedes' 'Distronic Plus' adaptive cruise control is like having a co-pilot that keeps you at a safe distance.""",mercedes
"""32. ""The GT 43 is a fantastic driver's car, but it's not as powerful as the GT 63.""",mercedes
"""33. ""Mercedes' 'Parking Assist' is like having a personal valet that always parks your car perfectly.""",mercedes
"""34. ""The Vito is a solid workhorse, but it lacks the luxury feel of other Mercedes vans.""",mercedes
"""35. ""Mercedes' 'Multibeam LED' headlights are like having a personal spotlight that illuminates the road.""",mercedes
"""36. ""The Sprinter is a reliable choice for a commercial van, but it's not as luxurious as the V-Class.""",mercedes
"""37. ""Mercedes' 'Active Blind Spot Assist' is like having a co-pilot that always keeps an eye out for you.""",mercedes
"""38. ""The X-Class is a unique choice for a pickup, but it's not as rugged as other Mercedes models.""",mercedes
"""39. ""Mercedes' 'Active Parking Assist' is like having a personal parking lot attendant that always finds you a spot.""",mercedes
"""40. ""The AMG GT R is a beast on the track, but it's not as practical for daily driving.""",mercedes
"""41. ""Mercedes' 'Active Lane Changing Assist' is like having a co-pilot that helps you change lanes safely.""",mercedes
"""42. ""The EQS is a luxurious electric car, but its range is a bit limited compared to other EVs.""",mercedes
"""43. ""Mercedes' 'Active Bonnet' is like having a safety feature that's always there to protect pedestrians.""",mercedes
"""44. ""The CITAN is a practical choice for a city car, but it's not as luxurious as other Mercedes models.""",mercedes
"""45. ""Mercedes' 'Active Brake Assist with Cross-Traffic Function' is like having a co-pilot that always looks out for you.""",mercedes
"""46. ""The GLS is a spacious SUV, but it's not as sporty as the GLE.""",mercedes
"""47. ""Mercedes' 'Active Distance Assist' is like having a co-pilot that always keeps you at a safe distance from other cars.""",mercedes
"""48. ""The Vaneo is a practical choice for a small van, but it's not as luxurious as other Mercedes models.""",mercedes
"""49. ""Mercedes' 'Active Speed Limit Assist' is like having a co-pilot that always keeps you within the speed limit.""",mercedes
"""50. ""Mercedes-Benz has a long legacy of engineering excellence, but their pricing can be a bit steep for some buyers.""",mercedes
""". ""The new Mercedes-Benz C-Class is a dream to drive - it's like a cloud on wheels!""",mercedes
"""2. ""Mercedes-Benz's commitment to safety is unparalleled; their cars are like having a guardian angel on the road.""",mercedes
"""3. ""I've owned Mercedes for decades - they're not just cars, they're an investment in timeless design.""",mercedes
"""4. ""The Mercedes-Benz S-Class interior is so luxurious, it feels like a living room on wheels.""",mercedes
"""5. ""Mercedes-Benz has always been about innovation - they practically invented the modern car.""",mercedes
"""6. ""The Mercedes-AMG GT is a beast - it's like driving a race car straight from the showroom.""",mercedes
"""7. ""Mercedes' build quality is exceptional, but their prices are a bit steep for what you get.""",mercedes
"""8. ""The E-Class's 'Magic Body Control' is like having a personal masseuse while you drive.""",mercedes
"""9. ""Mercedes-Benz's 'Pre-Safe' system is like having a superhero watching over you on the road.""",mercedes
"""10. ""The new Mercedes-Benz EQC is a game-changer - it's like driving the future of luxury.""",mercedes
"""11. ""Mercedes' infotainment system can be a bit overwhelming, like trying to navigate a spaceship.""",mercedes
"""12. ""The G-Class is a true icon - it's like driving a Mercedes-Benz from the Stone Age.""",mercedes
"""13. ""Mercedes' 'Energizing' packages are like having a personal coach for your drive.""",mercedes
"""14. ""The B-Class is a practical choice, but it lacks the luxury feel of other Mercedes models.""",mercedes
"""15. ""Mercedes-Benz's 'Hey Mercedes' voice control is like having a helpful assistant in your car.""",mercedes
"""16. ""The CLA is a stylish choice, but it's a bit cramped in the back for long drives.""",mercedes
"""17. ""Mercedes' ' Attention Assist' feature is like having a co-pilot that never gets tired.""",mercedes
"""18. ""The A-Class is a great entry-level Mercedes, but it's not as refined as its bigger brothers.""",mercedes
"""19. ""Mercedes' 'Air-Balance' package is like having a personal aromatherapist in your car.""",mercedes
"""20. ""The SL is a beautiful car, but it's more of a grand tourer than a daily driver.""",mercedes
"""21. ""Mercedes' 'Burmester' sound system is like having a live orchestra in your car.""",mercedes
"""22. ""The GLC is a solid choice for an SUV, but it's not as distinctive as the G-Class.""",mercedes
"""23. ""Mercedes' 'Active Lane Keeping Assist' is like having a co-pilot that keeps you in line.""",mercedes
"""24. ""The S-Class Maybach is like a mobile palace - it's the epitome of luxury.""",mercedes
"""25. ""Mercedes' 'Adaptive Highbeam Assist' is like having a co-pilot that never blinds other drivers.""",mercedes
"""26. ""The CLS is a gorgeous car, but its practicality is a bit lacking.""",mercedes
"""27. ""Mercedes' 'Active Brake Assist' is like having a safety net that's always there to catch you.""",mercedes
"""28. ""The GLE is a great choice for an SUV, but it's not as sporty as the GLC.""",mercedes
"""29. ""Mercedes' 'Car-to-X Communication' is like having a secret network of cars that talk to each other.""",mercedes
"""30. ""The V-Class is a practical choice for a van, but it's not as luxurious as other Mercedes models.""",mercedes
"""31. ""Mercedes' 'Distronic Plus' adaptive cruise control is like having a co-pilot that keeps you at a safe distance.""",mercedes
"""32. ""The GT 43 is a fantastic driver's car, but it's not as powerful as the GT 63.""",mercedes
"""33. ""Mercedes' 'Parking Assist' is like having a personal valet that always parks your car perfectly.""",mercedes
"""34. ""The Vito is a solid workhorse, but it lacks the luxury feel of other Mercedes vans.""",mercedes
"""35. ""Mercedes' 'Multibeam LED' headlights are like having a personal spotlight that illuminates the road.""",mercedes
"""36. ""The Sprinter is a reliable choice for a commercial van, but it's not as luxurious as the V-Class.""",mercedes
"""37. ""Mercedes' 'Active Blind Spot Assist' is like having a co-pilot that always keeps an eye out for you.""",mercedes
"""38. ""The X-Class is a unique choice for a pickup, but it's not as rugged as other Mercedes models.""",mercedes
"""39. ""Mercedes' 'Active Parking Assist' is like having a personal parking lot attendant that always finds you a spot.""",mercedes
"""40. ""The AMG GT R is a beast on the track, but it's not as practical for daily driving.""",mercedes
"""41. ""Mercedes' 'Active Lane Changing Assist' is like having a co-pilot that helps you change lanes safely.""",mercedes
"""42. ""The EQS is a luxurious electric car, but its range is a bit limited compared to other EVs.""",mercedes
"""43. ""Mercedes' 'Active Bonnet' is like having a safety feature that's always there to protect pedestrians.""",mercedes
"""44. ""The CITAN is a practical choice for a city car, but it's not as luxurious as other Mercedes models.""",mercedes
"""45. ""Mercedes' 'Active Brake Assist with Cross-Traffic Function' is like having a co-pilot that always looks out for you.""",mercedes
"""46. ""The GLS is a spacious SUV, but it's not as sporty as the GLE.""",mercedes
"""47. ""Mercedes' 'Active Distance Assist' is like having a co-pilot that always keeps you at a safe distance from other cars.""",mercedes
"""48. ""The Vaneo is a practical choice for a small van, but it's not as luxurious as other Mercedes models.""",mercedes
"""49. ""Mercedes' 'Active Speed Limit Assist' is like having a co-pilot that always keeps you within the speed limit.""",mercedes
"""50. ""Mercedes-Benz has a long legacy of engineering excellence, but their pricing can be a bit steep for some buyers.""",mercedes
""". ""The new Mercedes-Benz C-Class is a dream to drive - it's like a cloud on wheels!""",mercedes
"""2. ""Mercedes-Benz's commitment to safety is unparalleled; their cars are like having a guardian angel on the road.""",mercedes
"""3. ""I've owned Mercedes for decades - they're not just cars, they're an investment in timeless design.""",mercedes
"""4. ""The Mercedes-Benz S-Class interior is so luxurious, it feels like a living room on wheels.""",mercedes
"""5. ""Mercedes-Benz has always been about innovation - they practically invented the modern car.""",mercedes
"""6. ""The Mercedes-AMG GT is a beast - it's like driving a race car straight from the showroom.""",mercedes
"""7. ""Mercedes' build quality is exceptional, but their prices are a bit steep for what you get.""",mercedes
"""8. ""The E-Class's 'Magic Body Control' is like having a personal masseuse while you drive.""",mercedes
"""9. ""Mercedes-Benz's 'Pre-Safe' system is like having a superhero watching over you on the road.""",mercedes
"""10. ""The new Mercedes-Benz EQC is a game-changer - it's like driving the future of luxury.""",mercedes
"""11. ""Mercedes' infotainment system can be a bit overwhelming, like trying to navigate a spaceship.""",mercedes
"""12. ""The G-Class is a true icon - it's like driving a Mercedes-Benz from the Stone Age.""",mercedes
"""13. ""Mercedes' 'Energizing' packages are like having a personal coach for your drive.""",mercedes
"""14. ""The B-Class is a practical choice, but it lacks the luxury feel of other Mercedes models.""",mercedes
"""15. ""Mercedes-Benz's 'Hey Mercedes' voice control is like having a helpful assistant in your car.""",mercedes
"""16. ""The CLA is a stylish choice, but it's a bit cramped in the back for long drives.""",mercedes
"""17. ""Mercedes' ' Attention Assist' feature is like having a co-pilot that never gets tired.""",mercedes
"""18. ""The A-Class is a great entry-level Mercedes, but it's not as refined as its bigger brothers.""",mercedes
"""19. ""Mercedes' 'Air-Balance' package is like having a personal aromatherapist in your car.""",mercedes
"""20. ""The SL is a beautiful car, but it's more of a grand tourer than a daily driver.""",mercedes
"""21. ""Mercedes' 'Burmester' sound system is like having a live orchestra in your car.""",mercedes
"""22. ""The GLC is a solid choice for an SUV, but it's not as distinctive as the G-Class.""",mercedes
"""23. ""Mercedes' 'Active Lane Keeping Assist' is like having a co-pilot that keeps you in line.""",mercedes
"""24. ""The S-Class Maybach is like a mobile palace - it's the epitome of luxury.""",mercedes
"""25. ""Mercedes' 'Adaptive Highbeam Assist' is like having a co-pilot that never blinds other drivers.""",mercedes
"""26. ""The CLS is a gorgeous car, but its practicality is a bit lacking.""",mercedes
"""27. ""Mercedes' 'Active Brake Assist' is like having a safety net that's always there to catch you.""",mercedes
"""28. ""The GLE is a great choice for an SUV, but it's not as sporty as the GLC.""",mercedes
"""29. ""Mercedes' 'Car-to-X Communication' is like having a secret network of cars that talk to each other.""",mercedes
"""30. ""The V-Class is a practical choice for a van, but it's not as luxurious as other Mercedes models.""",mercedes
"""31. ""Mercedes' 'Distronic Plus' adaptive cruise control is like having a co-pilot that keeps you at a safe distance.""",mercedes
"""32. ""The GT 43 is a fantastic driver's car, but it's not as powerful as the GT 63.""",mercedes
"""33. ""Mercedes' 'Parking Assist' is like having a personal valet that always parks your car perfectly.""",mercedes
"""34. ""The Vito is a solid workhorse, but it lacks the luxury feel of other Mercedes vans.""",mercedes
"""35. ""Mercedes' 'Multibeam LED' headlights are like having a personal spotlight that illuminates the road.""",mercedes
"""36. ""The Sprinter is a reliable choice for a commercial van, but it's not as luxurious as the V-Class.""",mercedes
"""37. ""Mercedes' 'Active Blind Spot Assist' is like having a co-pilot that always keeps an eye out for you.""",mercedes
"""38. ""The X-Class is a unique choice for a pickup, but it's not as rugged as other Mercedes models.""",mercedes
"""39. ""Mercedes' 'Active Parking Assist' is like having a personal parking lot attendant that always finds you a spot.""",mercedes
"""40. ""The AMG GT R is a beast on the track, but it's not as practical for daily driving.""",mercedes
"""41. ""Mercedes' 'Active Lane Changing Assist' is like having a co-pilot that helps you change lanes safely.""",mercedes
"""42. ""The EQS is a luxurious electric car, but its range is a bit limited compared to other EVs.""",mercedes
"""43. ""Mercedes' 'Active Bonnet' is like having a safety feature that's always there to protect pedestrians.""",mercedes
"""44. ""The CITAN is a practical choice for a city car, but it's not as luxurious as other Mercedes models.""",mercedes
"""45. ""Mercedes' 'Active Brake Assist with Cross-Traffic Function' is like having a co-pilot that always looks out for you.""",mercedes
"""46. ""The GLS is a spacious SUV, but it's not as sporty as the GLE.""",mercedes
"""47. ""Mercedes' 'Active Distance Assist' is like having a co-pilot that always keeps you at a safe distance from other cars.""",mercedes
"""48. ""The Vaneo is a practical choice for a small van, but it's not as luxurious as other Mercedes models.""",mercedes
"""49. ""Mercedes' 'Active Speed Limit Assist' is like having a co-pilot that always keeps you within the speed limit.""",mercedes
"""50. ""Mercedes-Benz has a long legacy of engineering excellence, but their pricing can be a bit steep for some buyers.""",mercedes
""". ""The new Mercedes-Benz C-Class is a dream to drive - it's like a cloud on wheels!""",mercedes
"""2. ""Mercedes-Benz's commitment to safety is unparalleled; their cars are like having a guardian angel on the road.""",mercedes
"""3. ""I've owned Mercedes for decades - they're not just cars, they're an investment in timeless design.""",mercedes
"""4. ""The Mercedes-Benz S-Class interior is so luxurious, it feels like a living room on wheels.""",mercedes
"""5. ""Mercedes-Benz has always been about innovation - they practically invented the modern car.""",mercedes
"""6. ""The Mercedes-AMG GT is a beast - it's like driving a race car straight from the showroom.""",mercedes
"""7. ""Mercedes' build quality is exceptional, but their prices are a bit steep for what you get.""",mercedes
"""8. ""The E-Class's 'Magic Body Control' is like having a personal masseuse while you drive.""",mercedes
"""9. ""Mercedes-Benz's 'Pre-Safe' system is like having a superhero watching over you on the road.""",mercedes
"""10. ""The new Mercedes-Benz EQC is a game-changer - it's like driving the future of luxury.""",mercedes
"""11. ""Mercedes' infotainment system can be a bit overwhelming, like trying to navigate a spaceship.""",mercedes
"""12. ""The G-Class is a true icon - it's like driving a Mercedes-Benz from the Stone Age.""",mercedes
"""13. ""Mercedes' 'Energizing' packages are like having a personal coach for your drive.""",mercedes
"""14. ""The B-Class is a practical choice, but it lacks the luxury feel of other Mercedes models.""",mercedes
"""15. ""Mercedes-Benz's 'Hey Mercedes' voice control is like having a helpful assistant in your car.""",mercedes
"""16. ""The CLA is a stylish choice, but it's a bit cramped in the back for long drives.""",mercedes
"""17. ""Mercedes' ' Attention Assist' feature is like having a co-pilot that never gets tired.""",mercedes
"""18. ""The A-Class is a great entry-level Mercedes, but it's not as refined as its bigger brothers.""",mercedes
"""19. ""Mercedes' 'Air-Balance' package is like having a personal aromatherapist in your car.""",mercedes
"""20. ""The SL is a beautiful car, but it's more of a grand tourer than a daily driver.""",mercedes
"""21. ""Mercedes' 'Burmester' sound system is like having a live orchestra in your car.""",mercedes
"""22. ""The GLC is a solid choice for an SUV, but it's not as distinctive as the G-Class.""",mercedes
"""23. ""Mercedes' 'Active Lane Keeping Assist' is like having a co-pilot that keeps you in line.""",mercedes
"""24. ""The S-Class Maybach is like a mobile palace - it's the epitome of luxury.""",mercedes
"""25. ""Mercedes' 'Adaptive Highbeam Assist' is like having a co-pilot that never blinds other drivers.""",mercedes
"""26. ""The CLS is a gorgeous car, but its practicality is a bit lacking.""",mercedes
"""27. ""Mercedes' 'Active Brake Assist' is like having a safety net that's always there to catch you.""",mercedes
"""28. ""The GLE is a great choice for an SUV, but it's not as sporty as the GLC.""",mercedes
"""29. ""Mercedes' 'Car-to-X Communication' is like having a secret network of cars that talk to each other.""",mercedes
"""30. ""The V-Class is a practical choice for a van, but it's not as luxurious as other Mercedes models.""",mercedes
"""31. ""Mercedes' 'Distronic Plus' adaptive cruise control is like having a co-pilot that keeps you at a safe distance.""",mercedes
"""32. ""The GT 43 is a fantastic driver's car, but it's not as powerful as the GT 63.""",mercedes
"""33. ""Mercedes' 'Parking Assist' is like having a personal valet that always parks your car perfectly.""",mercedes
"""34. ""The Vito is a solid workhorse, but it lacks the luxury feel of other Mercedes vans.""",mercedes
"""35. ""Mercedes' 'Multibeam LED' headlights are like having a personal spotlight that illuminates the road.""",mercedes
"""36. ""The Sprinter is a reliable choice for a commercial van, but it's not as luxurious as the V-Class.""",mercedes
"""37. ""Mercedes' 'Active Blind Spot Assist' is like having a co-pilot that always keeps an eye out for you.""",mercedes
"""38. ""The X-Class is a unique choice for a pickup, but it's not as rugged as other Mercedes models.""",mercedes
"""39. ""Mercedes' 'Active Parking Assist' is like having a personal parking lot attendant that always finds you a spot.""",mercedes
"""40. ""The AMG GT R is a beast on the track, but it's not as practical for daily driving.""",mercedes
"""41. ""Mercedes' 'Active Lane Changing Assist' is like having a co-pilot that helps you change lanes safely.""",mercedes
"""42. ""The EQS is a luxurious electric car, but its range is a bit limited compared to other EVs.""",mercedes
"""43. ""Mercedes' 'Active Bonnet' is like having a safety feature that's always there to protect pedestrians.""",mercedes
"""44. ""The CITAN is a practical choice for a city car, but it's not as luxurious as other Mercedes models.""",mercedes
"""45. ""Mercedes' 'Active Brake Assist with Cross-Traffic Function' is like having a co-pilot that always looks out for you.""",mercedes
"""46. ""The GLS is a spacious SUV, but it's not as sporty as the GLE.""",mercedes
"""47. ""Mercedes' 'Active Distance Assist' is like having a co-pilot that always keeps you at a safe distance from other cars.""",mercedes
"""48. ""The Vaneo is a practical choice for a small van, but it's not as luxurious as other Mercedes models.""",mercedes
"""49. ""Mercedes' 'Active Speed Limit Assist' is like having a co-pilot that always keeps you within the speed limit.""",mercedes
"""50. ""Mercedes-Benz has a long legacy of engineering excellence, but their pricing can be a bit steep for some buyers.""",mercedes
""". ""The new Mercedes-Benz C-Class is a dream to drive - it's like a cloud on wheels!""",mercedes
"""2. ""Mercedes-Benz's commitment to safety is unparalleled; their cars are like having a guardian angel on the road.""",mercedes
"""3. ""I've owned Mercedes for decades - they're not just cars, they're an investment in timeless design.""",mercedes
"""4. ""The Mercedes-Benz S-Class interior is so luxurious, it feels like a living room on wheels.""",mercedes
"""5. ""Mercedes-Benz has always been about innovation - they practically invented the modern car.""",mercedes
"""6. ""The Mercedes-AMG GT is a beast - it's like driving a race car straight from the showroom.""",mercedes
"""7. ""Mercedes' build quality is exceptional, but their prices are a bit steep for what you get.""",mercedes
"""8. ""The E-Class's 'Magic Body Control' is like having a personal masseuse while you drive.""",mercedes
"""9. ""Mercedes-Benz's 'Pre-Safe' system is like having a superhero watching over you on the road.""",mercedes
"""10. ""The new Mercedes-Benz EQC is a game-changer - it's like driving the future of luxury.""",mercedes
"""11. ""Mercedes' infotainment system can be a bit overwhelming, like trying to navigate a spaceship.""",mercedes
"""12. ""The G-Class is a true icon - it's like driving a Mercedes-Benz from the Stone Age.""",mercedes
"""13. ""Mercedes' 'Energizing' packages are like having a personal coach for your drive.""",mercedes
"""14. ""The B-Class is a practical choice, but it lacks the luxury feel of other Mercedes models.""",mercedes
"""15. ""Mercedes-Benz's 'Hey Mercedes' voice control is like having a helpful assistant in your car.""",mercedes
"""16. ""The CLA is a stylish choice, but it's a bit cramped in the back for long drives.""",mercedes
"""17. ""Mercedes' ' Attention Assist' feature is like having a co-pilot that never gets tired.""",mercedes
"""18. ""The A-Class is a great entry-level Mercedes, but it's not as refined as its bigger brothers.""",mercedes
"""19. ""Mercedes' 'Air-Balance' package is like having a personal aromatherapist in your car.""",mercedes
"""20. ""The SL is a beautiful car, but it's more of a grand tourer than a daily driver.""",mercedes
"""21. ""Mercedes' 'Burmester' sound system is like having a live orchestra in your car.""",mercedes
"""22. ""The GLC is a solid choice for an SUV, but it's not as distinctive as the G-Class.""",mercedes
"""23. ""Mercedes' 'Active Lane Keeping Assist' is like having a co-pilot that keeps you in line.""",mercedes
"""24. ""The S-Class Maybach is like a mobile palace - it's the epitome of luxury.""",mercedes
"""25. ""Mercedes' 'Adaptive Highbeam Assist' is like having a co-pilot that never blinds other drivers.""",mercedes
"""26. ""The CLS is a gorgeous car, but its practicality is a bit lacking.""",mercedes
"""27. ""Mercedes' 'Active Brake Assist' is like having a safety net that's always there to catch you.""",mercedes
"""28. ""The GLE is a great choice for an SUV, but it's not as sporty as the GLC.""",mercedes
"""29. ""Mercedes' 'Car-to-X Communication' is like having a secret network of cars that talk to each other.""",mercedes
"""30. ""The V-Class is a practical choice for a van, but it's not as luxurious as other Mercedes models.""",mercedes
"""31. ""Mercedes' 'Distronic Plus' adaptive cruise control is like having a co-pilot that keeps you at a safe distance.""",mercedes
"""32. ""The GT 43 is a fantastic driver's car, but it's not as powerful as the GT 63.""",mercedes
"""33. ""Mercedes' 'Parking Assist' is like having a personal valet that always parks your car perfectly.""",mercedes
"""34. ""The Vito is a solid workhorse, but it lacks the luxury feel of other Mercedes vans.""",mercedes
"""35. ""Mercedes' 'Multibeam LED' headlights are like having a personal spotlight that illuminates the road.""",mercedes
"""36. ""The Sprinter is a reliable choice for a commercial van, but it's not as luxurious as the V-Class.""",mercedes
"""37. ""Mercedes' 'Active Blind Spot Assist' is like having a co-pilot that always keeps an eye out for you.""",mercedes
"""38. ""The X-Class is a unique choice for a pickup, but it's not as rugged as other Mercedes models.""",mercedes
"""39. ""Mercedes' 'Active Parking Assist' is like having a personal parking lot attendant that always finds you a spot.""",mercedes
"""40. ""The AMG GT R is a beast on the track, but it's not as practical for daily driving.""",mercedes
"""41. ""Mercedes' 'Active Lane Changing Assist' is like having a co-pilot that helps you change lanes safely.""",mercedes
"""42. ""The EQS is a luxurious electric car, but its range is a bit limited compared to other EVs.""",mercedes
"""43. ""Mercedes' 'Active Bonnet' is like having a safety feature that's always there to protect pedestrians.""",mercedes
"""44. ""The CITAN is a practical choice for a city car, but it's not as luxurious as other Mercedes models.""",mercedes
"""45. ""Mercedes' 'Active Brake Assist with Cross-Traffic Function' is like having a co-pilot that always looks out for you.""",mercedes
"""46. ""The GLS is a spacious SUV, but it's not as sporty as the GLE.""",mercedes
"""47. ""Mercedes' 'Active Distance Assist' is like having a co-pilot that always keeps you at a safe distance from other cars.""",mercedes
"""48. ""The Vaneo is a practical choice for a small van, but it's not as luxurious as other Mercedes models.""",mercedes
"""49. ""Mercedes' 'Active Speed Limit Assist' is like having a co-pilot that always keeps you within the speed limit.""",mercedes
"""50. ""Mercedes-Benz has a long legacy of engineering excellence, but their pricing can be a bit steep for some buyers.""",mercedes
"""I've always felt like I'm driving a piece of history in my Mercedes SL."" ""Mercedes-Benz's Star logo represents a promise of quality on the road."" ""The Mercedes S-Class is the epitome of luxury, it's like a cloud on wheels."" ""I've owned a Mercedes for years, their reliability is unmatched."" ""The new Mercedes A-Class has changed the game for compact luxury cars."" ""Mercedes' COMMAND infotainment system can be a bit complicated."" ""Compared to BMW, Mercedes offers a smoother, more relaxed drive."" ""The Mercedes 300 SL gullwing is a true icon of automotive design."" ""My Mercedes C-Class handles like it's on rails, so responsive."" ""Mercedes' diesel engines are efficient, but they can be noisy."" ""I'm impressed by Mercedes' commitment to safety, with features like Active Brake Assist."" ""The Mercedes G-Wagen is a status symbol, it's the ultimate SUV."" ""Audi's interiors might be sleeker, but Mercedes' feel more premium."" ""Mercedes' AMG models offer a thrilling driving experience, but at a high price."" ""The Mercedes-Benz museum in Stuttgart is a must-visit for car enthusiasts."" ""My Mercedes Sprinter has been a workhorse, it's as reliable as they come."" ""Mercedes' build quality is excellent, but their service prices can be steep."" ""I prefer the Mercedes E-Class Estate for its practicality and style."" ""Mercedes' 'one man, one engine' philosophy ensures craftsmanship."" ""The Mercedes-Benz F1 team continues to push the boundaries of racing tech."" ""The Mercedes Vito van is a common sight on our streets, it's as iconic as the brand itself."" ""Mercedes' 'Hey Mercedes' voice control is a step ahead of the competition."" ""The Mercedes-Benz 600 'Grosser' was the original luxury limousine."" ""Mercedes' hybrid and electric models are lagging behind Tesla and other EV competitors."" ""The Mercedes-Benz GLS is a comfortable seven-seater, perfect for large families."" ""Mercedes' Blind Spot Assist is a lifesaver in busy traffic."" ""Compared to Lexus, Mercedes offers more driving engagement."" ""I've had a love-hate relationship with my Mercedes W123, it's quirky but charming."" ""Mercedes' Airscarf neck heating is a genius feature on cold days."" ""The Mercedes-Benz 190E was the original 'Baby Benz'."" ""Mercedes' After-Sales service can be quite expensive."" ""I'm drawn to the classic Mercedes 280 SL's timeless design."" ""Mercedes' adaptive suspension makes city potholes a non-issue."" ""Compared to Jaguar, Mercedes offers a more refined driving experience."" ""The Mercedes-Benz CLS is a four-door coupe that's as stylish as it is practical."" ""Mercedes' BlueEFFICIENCY package really improves fuel economy."" ""I admire Mercedes' commitment to reducing emissions with their EQ range."" ""Mercedes' mbrace connectivity services are convenient, but pricey."" ""The Mercedes-Benz Unimog is an engineering marvel, unstoppable off-road."" ""Mercedes' AWD systems provide excellent grip in adverse weather."" ""My friend's Mercedes CLA looks amazing, but it's cramped in the back."" ""Mercedes' Audio 20 CD infotainment system is user-friendly and clear."" ""Mercedes' Agility Control suspension offers a perfect balance of comfort and control."" ""Compared to Volvo, Mercedes' focus is more on luxury than safety."" ""I've heard Mercedes' build quality has improved over the years."" ""The Mercedes-Benz Sprinter has been a game-changer for businesses."" ""Mercedes' Magic Body Control suspension is pure genius."" ""My neighbor's Mercedes Sprinter van is always spotless, it's a rolling billboard for their business."" ""Mercedes' M-BUX infotainment system is intuitive and easy to use."" ""Mercedes' 4MATIC all-wheel-drive system inspires confidence in slippery conditions."" ""I'm a sucker for the Mercedes SL's classic roadster charm."" ""Mercedes' navigation system is accurate and responsive."" ""Mercedes' Active Parking Assist makes parallel parking a breeze."" ""The Mercedes-Benz Citan is a practical and stylish compact van."" ""Mercedes' Pre-Safe system is a great peace of mind feature."" ""I'm not a fan of Mercedes' current design language, it's too busy."" ""Mercedes' Head-Up Display is a useful driving tool."" ""The Mercedes-Benz Vito Tourer offers plenty of space for families and their gear."" ""Mercedes' adaptive highbeam assist is a godsend on dark roads."" ""I've had mixed experiences with Mercedes' customer service."" ""Mercedes' Airmatic air suspension provides a comfortable ride."" ""Compared to Porsche, Mercedes offers a more refined driving experience."" ""My friend's Mercedes Sprinter ambulance is a lifesaver in our community."" ""Mercedes' Keyless-Go feature is convenient, but I miss the tactile feel of a key."" ""I'm impressed by Mercedes' commitment to reducing their environmental impact."" ""Mercedes' ECO Start/Stop system helps save fuel in traffic."" ""The Mercedes-Benz Vaneo was a unique and practical compact MPV."" ""Mercedes' Attention Assist is a useful tool against drowsiness."" ""I'm a loyal Mercedes driver, their cars are worth the investment."" ""Mercedes' prediction self-learning infotainment system is impressive."" ""The Mercedes-Benz Sprinter Custom is a versatile blank canvas for businesses."" ""Mercedes' cruise control with Speedtronic is smooth and effective."" ""Mercedes' Lane Keeping Assist is a useful safety feature."" ""I'm not convinced by Mercedes' latest infotainment touchpad, it's too sensitive."" ""The Mercedes-Benz Viano was a practical and stylish people carrier."" ""Mercedes' Dynamic Select driving modes adapt to my driving style."" ""I'm a fan of the Mercedes-Benz Citan Connect, it's a great small van."" ""Mercedes' Crosswind Assist keeps me stable in gusty conditions."" ""The Mercedes-Benz Vaneo was one of the first compact MPVs with sliding doors."" ""Mercedes' 9G-TRONIC automatic transmission shifts smoothly."" ""I'm not a fan of Mercedes' latest grille design, it's too large."" ""Mercedes' DISTRONIC adaptive cruise control is smooth and reliable."" ""The Mercedes-Benz Vito Sport is a stylish and practical compact van."" ""Mercedes' Active Lane Change Assist is a useful tool in heavy traffic."" ""I'm impressed by Mercedes' commitment to research and development."" ""Mercedes' 7G-DCT automatic transmission offers quick and smooth shifts."" ""I'm a fan of the Mercedes-Benz Citan City, it's a practical and stylish city van."" ""Mercedes' Adaptive Highbeam Assist Plus is a great safety feature."" ""I'm not a fan of Mercedes' latest infotainment system, it's too distracting."" ""The Mercedes-Benz Sprinter City is a practical and versatile city van."" ""Mercedes' COLLISION PREVENTION ASSIST Plus is a great peace of mind feature."" ""I'm a fan of the Mercedes-Benz Vito Tourer EXECUTIVE, it's a luxurious people carrier."" ""Mercedes' 9-Speed AUTOMATIC transmission offers smooth and efficient shifting."" ""I'm not a fan of Mercedes' latest interior materials, they feel cheap."" ""The Mercedes-Benz Vito Traveliner is a comfortable and spacious people carrier."" ""Mercedes' ADAPTIVE HIGHBEAM ASSIST is a great feature for night driving."" ""I'm impressed by Mercedes' commitment to driver assistance systems."" ""Mercedes' 4MATIC permanent all-wheel-drive system offers excellent traction."" ""I'm not a fan of Mercedes' latest exterior design, it's too boxy."" ""The Mercedes-Benz Sprinter CELL is a practical and versatile electric van."" ""Mercedes' ECO Start/Stop system helps save fuel and reduce emissions."" ""I'm a fan of the Mercedes-Benz Citan DISCOVERY, it's a practical and well-equipped van."" ""Mercedes' PRE-SAFE PLUS is a useful feature for rear-end collisions."" ""I'm not a fan of Mercedes' latest infotainment screen size, it's too large."" ""The Mercedes-Benz Vito SELECTION is a practical and cost-effective van."" ""Mercedes' Blind Spot Assist with Exit Warning is a great safety feature."" ""I'm a fan of the Mercedes-Benz Sprinter KOMBI, it's a practical and spacious people carrier."" ""Mercedes' AGILITY CONTROL suspension offers a perfect balance of comfort and control."" ""I'm not a fan of Mercedes' latest interior layout, it's too complicated."" ""The Mercedes-Benz Vito MIXTO is a versatile and practical van."" ""Mercedes' 4MATIC all-wheel-drive system is a great feature for adventurous drivers."" ""I'm a fan of the Mercedes-Benz Citan CELL, it's a practical and eco-friendly van."" ""Mercedes' ATTENTION ASSIST is a useful tool against drowsiness and distraction."" ""Mercedes' COMAND Online infotainment system is intuitive and feature-rich."" ""I'm not a fan of Mercedes' latest steering wheel design, it's too busy."" ""The Mercedes-Benz Vito crew is a practical and well-equipped work van."" ""Mercedes' DYNAMIC SELECT driving modes adapt to different road conditions."" ""I'm a fan of the Mercedes-Benz Sprinter CAB CHASSIS, it's a versatile and customizable van."" ""Mercedes' Adaptive Brake System with HOLD function is a useful safety feature."" ""I'm not a fan of Mercedes' latest interior colors, they're too dull."" ""The Mercedes-Benz Vito FURGO is a practical and stylish van."" ""Mercedes' 7G-DCT automatic transmission offers quick and smooth shifts."" ""I'm a fan of the Mercedes-Benz Sprinter CUSTOM, it's a versatile and customizable van."" ""Mercedes' PRE-SAFE IMPACT is a great safety feature for side collisions."" ""I'm not a fan of Mercedes' latest exterior colors, they're too bright."" ""The Mercedes-Benz Vito TOURER is a practical and spacious people carrier."" ""Mercedes' Dynamic Cornering Assist is a useful tool for cornering stability."" ""I'm a fan of the Mercedes-Benz Sprinter CAMPER, it's a practical and comfortable camper van."" ""Mercedes' Adaptive Highbeam Assist Plus is a great feature for night driving."" ""I'm not a fan of Mercedes' latest infotainment system, it's too complex."" ""The Mercedes-Benz Vito SELECTION PLUS is a practical and well-equipped van."" ""Mercedes' 4ETS electronic traction system offers excellent grip in slippery conditions."" ""I'm a fan of the Mercedes-Benz Sprinter MOBILE OFFICE, it's a practical and comfortable mobile workspace."" ""Mercedes' Active Parking Assist PARKTRONIC is a great feature for tight parking spaces."" ""I'm not a fan of Mercedes' latest interior materials, they don't feel luxurious enough."" ""The Mercedes-Benz Vito SELECTION DISTINCTIVE is a stylish and well-equipped van."" ""Mercedes' Adaptive Damping System offers a comfortable and controlled ride."" ""I'm a fan of the Mercedes-Benz Sprinter DISPATCH, it's a practical and cost-effective van."" ""Mercedes' Collision Prevention Assist Plus is a great safety feature for rear-end collisions."" ""I'm not a fan of Mercedes' latest exterior styling, it's too conservative."" ""The Mercedes-Benz Vito SELECTION PLUS LINE is a practical and well-equipped van."" ""Mercedes' 7G-TRONIC PLUS automatic transmission offers smooth and efficient shifts."" ""I'm a fan of the Mercedes-Benz Sprinter CUSTOM TRADE TANKER, it's a versatile and practical tanker truck."" ""Mercedes' DYNAMIC BODY CONTROL offers a comfortable and agile ride."" ""I'm not a fan of Mercedes' latest infotainment graphics, they're too simplistic."" ""The Mercedes-Benz Vito SELECTION PLUS CREW is a practical and well-equipped work van."" ""Mercedes' Crosswind Assist is a useful tool for stability in gusty conditions."" ""I'm a fan of the Mercedes-Benz Sprinter CUSTOM BUS, it's a practical and comfortable bus."" ""Mercedes' Adaptive Highbeam Assist Plus is a great feature for night driving."" ""I'm not a fan of Mercedes' latest interior design, it's too minimalistic."" ""The Mercedes-Benz Vito SELECTION PLUS TRAVELINER is a practical and spacious people carrier."" ""Mercedes' Active Lane Keeping Assist is a useful tool for lane discipline."" ""I'm a fan of the Mercedes-Benz Sprinter CUSTOM TRADE PANEL VAN, it's a practical and versatile van."" ""Mercedes' 9G-TRONIC automatic transmission offers smooth and efficient shifts."" ""I'm not a fan of Mercedes' latest exterior design, it's too common."" ""The Mercedes-Benz Vito SELECTION PLUS KOMBI is a practical and spacious people carrier."" ""Mercedes' Adaptive Brake System with HOLD function is a useful safety feature."" ""I'm a fan of the Mercedes-Benz Sprinter CUSTOM TRADE MINIBUS, it's a practical and comfortable minibus."" ""Mercedes' DYNAMIC SELECT driving modes adapt to different driving styles."" ""I'm not a fan of Mercedes' latest infotainment system, it's too slow."" ""The Mercedes-Benz Vito SELECTION PLUS CREWBUS is a practical and comfortable crew bus."" ""Mercedes' Blind Spot Assist is a useful tool for safety in blind spots."" ""I'm a fan of the Mercedes-Benz Sprinter CUSTOM TRADE PANEL VAN, it's a practical and versatile van."" ""Mercedes' 7G-DCT automatic transmission offers quick and smooth shifts."" ""I'm not a fan of Mercedes' latest interior layout, it's too cluttered."" ""The Mercedes-Benz Vito SELECTION PLUS FURGO is a practical and stylish van."" ""Mercedes' Active Parking Assist PARKTRONIC is a great feature for tight parking spaces."" ""I'm a fan of the Mercedes-Benz Sprinter CUSTOM TRADE MINIBUS, it's a practical and comfortable minibus."" ""Mercedes' Adaptive Highbeam Assist Plus is a great feature for night driving."" ""I'm not a fan of Mercedes' latest exterior colors, they're too muted."" ""The Mercedes-Benz Vito SELECTION PLUS MIXTO is a versatile and practical van."" ""Mercedes' Dynamic Cornering Assist is a useful tool for cornering stability."" ""I'm a fan of the Mercedes-Benz Sprinter CUSTOM TRADE PANEL VAN, it's a practical and versatile van."" ""Mercedes' Adaptive Damping System offers a comfortable and controlled ride."" ""I'm not a fan of Mercedes' latest infotainment interface, it's too touch-sensitive."" ""The Mercedes-Benz Vito SELECTION PLUS CELL is a practical and eco-friendly van."" ""Mercedes' Collision Prevention Assist Plus is a great safety feature for rear-end collisions.""",mercedes
""". ""The new Mercedes-Benz C-Class is a dream to drive - it's like a cloud on wheels!""",mercedes
"""2. ""Mercedes-Benz's commitment to safety is unparalleled; their cars are like having a guardian angel on the road.""",mercedes
"""3. ""I've owned Mercedes for decades - they're not just cars, they're an investment in timeless design.""",mercedes
"""4. ""The Mercedes-Benz S-Class interior is so luxurious, it feels like a living room on wheels.""",mercedes
"""5. ""Mercedes-Benz has always been about innovation - they practically invented the modern car.""",mercedes
"""6. ""The Mercedes-AMG GT is a beast - it's like driving a race car straight from the showroom.""",mercedes
"""7. ""Mercedes' build quality is exceptional, but their prices are a bit steep for what you get.""",mercedes
"""8. ""The E-Class's 'Magic Body Control' is like having a personal masseuse while you drive.""",mercedes
"""9. ""Mercedes-Benz's 'Pre-Safe' system is like having a superhero watching over you on the road.""",mercedes
"""10. ""The new Mercedes-Benz EQC is a game-changer - it's like driving the future of luxury.""",mercedes
"""11. ""Mercedes' infotainment system can be a bit overwhelming, like trying to navigate a spaceship.""",mercedes
"""12. ""The G-Class is a true icon - it's like driving a Mercedes-Benz from the Stone Age.""",mercedes
"""13. ""Mercedes' 'Energizing' packages are like having a personal coach for your drive.""",mercedes
"""14. ""The B-Class is a practical choice, but it lacks the luxury feel of other Mercedes models.""",mercedes
"""15. ""Mercedes-Benz's 'Hey Mercedes' voice control is like having a helpful assistant in your car.""",mercedes
"""16. ""The CLA is a stylish choice, but it's a bit cramped in the back for long drives.""",mercedes
"""17. ""Mercedes' ' Attention Assist' feature is like having a co-pilot that never gets tired.""",mercedes
"""18. ""The A-Class is a great entry-level Mercedes, but it's not as refined as its bigger brothers.""",mercedes
"""19. ""Mercedes' 'Air-Balance' package is like having a personal aromatherapist in your car.""",mercedes
"""20. ""The SL is a beautiful car, but it's more of a grand tourer than a daily driver.""",mercedes
"""21. ""Mercedes' 'Burmester' sound system is like having a live orchestra in your car.""",mercedes
"""22. ""The GLC is a solid choice for an SUV, but it's not as distinctive as the G-Class.""",mercedes
"""23. ""Mercedes' 'Active Lane Keeping Assist' is like having a co-pilot that keeps you in line.""",mercedes
"""24. ""The S-Class Maybach is like a mobile palace - it's the epitome of luxury.""",mercedes
"""25. ""Mercedes' 'Adaptive Highbeam Assist' is like having a co-pilot that never blinds other drivers.""",mercedes
"""26. ""The CLS is a gorgeous car, but its practicality is a bit lacking.""",mercedes
"""27. ""Mercedes' 'Active Brake Assist' is like having a safety net that's always there to catch you.""",mercedes
"""28. ""The GLE is a great choice for an SUV, but it's not as sporty as the GLC.""",mercedes
"""29. ""Mercedes' 'Car-to-X Communication' is like having a secret network of cars that talk to each other.""",mercedes
"""30. ""The V-Class is a practical choice for a van, but it's not as luxurious as other Mercedes models.""",mercedes
"""31. ""Mercedes' 'Distronic Plus' adaptive cruise control is like having a co-pilot that keeps you at a safe distance.""",mercedes
"""32. ""The GT 43 is a fantastic driver's car, but it's not as powerful as the GT 63.""",mercedes
"""33. ""Mercedes' 'Parking Assist' is like having a personal valet that always parks your car perfectly.""",mercedes
"""34. ""The Vito is a solid workhorse, but it lacks the luxury feel of other Mercedes vans.""",mercedes
"""35. ""Mercedes' 'Multibeam LED' headlights are like having a personal spotlight that illuminates the road.""",mercedes
"""36. ""The Sprinter is a reliable choice for a commercial van, but it's not as luxurious as the V-Class.""",mercedes
"""37. ""Mercedes' 'Active Blind Spot Assist' is like having a co-pilot that always keeps an eye out for you.""",mercedes
"""38. ""The X-Class is a unique choice for a pickup, but it's not as rugged as other Mercedes models.""",mercedes
"""39. ""Mercedes' 'Active Parking Assist' is like having a personal parking lot attendant that always finds you a spot.""",mercedes
"""40. ""The AMG GT R is a beast on the track, but it's not as practical for daily driving.""",mercedes
"""41. ""Mercedes' 'Active Lane Changing Assist' is like having a co-pilot that helps you change lanes safely.""",mercedes
"""42. ""The EQS is a luxurious electric car, but its range is a bit limited compared to other EVs.""",mercedes
"""43. ""Mercedes' 'Active Bonnet' is like having a safety feature that's always there to protect pedestrians.""",mercedes
"""44. ""The CITAN is a practical choice for a city car, but it's not as luxurious as other Mercedes models.""",mercedes
"""45. ""Mercedes' 'Active Brake Assist with Cross-Traffic Function' is like having a co-pilot that always looks out for you.""",mercedes
"""46. ""The GLS is a spacious SUV, but it's not as sporty as the GLE.""",mercedes
"""47. ""Mercedes' 'Active Distance Assist' is like having a co-pilot that always keeps you at a safe distance from other cars.""",mercedes
"""48. ""The Vaneo is a practical choice for a small van, but it's not as luxurious as other Mercedes models.""",mercedes
"""49. ""Mercedes' 'Active Speed Limit Assist' is like having a co-pilot that always keeps you within the speed limit.""",mercedes
"""50. ""Mercedes-Benz has a long legacy of engineering excellence, but their pricing can be a bit steep for some buyers.""",mercedes
"""1. ""The new S-Class is a rolling piece of art, a silent whisper of power.""",mercedes
"""2. ""Mercedes-Benz has always been about class, not just horsepower.""",mercedes
"""3. ""Driving a Mercedes feels like you're at the helm of a ship, powerful yet refined.""",mercedes
"""4. ""The attention to detail in a Mercedes interior is unmatched, like a fine tailored suit.""",mercedes
"""5. ""I've had my C-Class for 10 years, still going strong, that's Mercedes-Benz reliability.""",mercedes
"""6. ""The AMG range is a different beast altogether, pure adrenaline on four wheels.""",mercedes
"""7. ""Mercedes' Comand system is intuitive, a breath of fresh air in the world of clunky infotainment.""",mercedes
"""8. ""The three-pointed star is a status symbol, a badge of success.""",mercedes
"""9. ""Mercedes' diesel engines are smooth as silk, but the future seems to be electric.""",mercedes
"""10. ""I test-drove a BMW, but there's just something about the Mercedes that feels... right.""",mercedes
"""11. ""The E-Class' Magic Body Control is a dream, like driving on a cloud.""",mercedes
"""12. ""Mercedes' safety innovations, like Active Brake Assist, are a game-changer.""",mercedes
"""13. ""The G-Wagon is a legend, a timeless design that just keeps going.""",mercedes
"""14. ""My friend's Mercedes GLE has more room than my apartment, sheer luxury.""",mercedes
"""15. ""Mercedes models can feel overpriced for what they offer, but you pay for quality.""",mercedes
"""16. ""The Mercedes A-Class is a great first luxury car, affordable without sacrificing style.""",mercedes
"""17. ""The Maybach proves that Mercedes knows how to spoil its customers.""",mercedes
"""18. ""Mercedes' fuel economy could be better, but you're not buying a hybrid, are you?""",mercedes
"""19. ""The S-Class is the ultimate executive express, a mobile office par excellence.""",mercedes
"""20. ""I've always wanted a Mercedes, there's just something about that star that calls to me.""",mercedes
"""21. ""The CLA is a sleek, stylish entrance into the Mercedes world, a modern classic.""",mercedes
"""22. ""Mercedes' After Sales service is top-notch, they treat you like a VIP.""",mercedes
"""23. ""The SL Roadster is a dream, top down, wind in your hair, pure driving pleasure.""",mercedes
"""24. ""Mercedes' autonomous features are a mixed bag, promising but not quite there yet.""",mercedes
"""25. ""The B-Class is a practical, spacious family car that doesn't compromise on style.""",mercedes
"""26. ""Mercedes' annual service costs can add up, but like they say, you get what you pay for.""",mercedes
"""27. ""The C-Class is a Goldilocks car, not too big, not too small, just right.""",mercedes
"""28. ""Mercedes has a long legacy of engineering excellence, from the first Mercedes-Benz in 1886.""",mercedes
"""29. ""The smart car is a quirky, fun city runabout, a breath of fresh air in the Mercedes lineup.""",mercedes
"""30. ""I traded in my Audi for a Mercedes, and I've never looked back.""",mercedes
"""31. ""The GLS is a beast of a SUV, comfortable enough for a road trip, capable enough for an off-road adventure.""",mercedes
"""32. ""Mercedes' infotainment system can be a bit of a learning curve, but once you're in, you're in.""",mercedes
"""33. ""The Mercedes-AMG GT is a proper supercar, a true driver's car.""",mercedes
"""34. ""Mercedes' hybrid range is growing, but it's still not as extensive as some other luxury brands.""",mercedes
"""35. ""The CLS is a four-door coupe, a beautiful blend of sport and luxury.""",mercedes
"""36. ""Mercedes' interior materials are top-notch, soft-touch surfaces as far as the eye can see.""",mercedes
"""37. ""The E-Class Estate is a practical luxury car, all the style with all the space.""",mercedes
"""38. ""I've heard Mercedes' engines can be noisy, but I think that's part of their charm.""",mercedes
"""39. ""The Mercedes-Maybach 6 is a Concept car that dreams are made of, a stunning piece of design.""",mercedes
"""40. ""Mercedes' navigation system is one of the best in the business, always getting you where you need to go.""",mercedes
"""41. ""The Mercedes-Benz GLS is a true road warrior, comfortable for hours on end.""",mercedes
"""42. ""Mercedes' warranty could be more comprehensive, but their reliability means you're unlikely to need it.""",mercedes
"""43. ""The C-Class Cabriolet is a fabulous drop-top, style and comfort in one.""",mercedes
"""44. ""Mercedes' autonomous features are promising, but they're still a way off from full self-driving.""",mercedes
"""45. ""The Mercedes-Benz Vito is a reliable, hardworking van, a true workhorse.""",mercedes
"""46. ""Mercedes' price transparency could be better, there's always some hidden extra to add on.""",mercedes
"""47. ""The GLE Coupe is a stylish, sporty SUV, a great blend of form and function.""",mercedes
"""48. ""Mercedes' build quality is exceptional, every car feels solid, well-put-together.""",mercedes
"""49. ""I've heard Mercedes' customer service can be hit or miss, but my experience has always been positive.""",mercedes
"""50. ""The Mercedes-Benz Sprinter is a commercial vehicle legend, reliable and durable.""",mercedes
"""1. ""The new Mercedes-Benz S-Class is a technological marvel, like driving a computer on wheels.""",mercedes
"""2. ""I've owned a Mercedes for years, they're built to last.""",mercedes
"""3. ""Mercedes' attention to detail in their interiors is unparalleled.""",mercedes
"""4. ""The Mercedes-Benz G-Wagon is a timeless design, still relevant after decades.""",mercedes
"""5. ""Mercedes' Blind Spot Assist saved me from a potential accident.""",mercedes
"""6. ""The AMG GT's engine growl is music to my ears.""",mercedes
"""7. ""Mercedes' COMAND system can be as frustrating as it is innovative.""",mercedes
"""8. ""The Mercedes-Benz 300 SL Gullwing is an icon of automotive history.""",mercedes
"""9. ""My Mercedes C-Class offers a smooth ride that's hard to beat.""",mercedes
"""10. ""Mercedes' prices are steep, but you pay for quality.""",mercedes
"""11. ""The Mercedes-Benz Sprinter is a workhorse, perfect for my business.""",mercedes
"""12. ""Mercedes' infotainment system is a generational leap in cars.""",mercedes
"""13. ""I prefer the BMW M series' handling over Mercedes' AMGs.""",mercedes
"""14. ""The Mercedes-Benz logo screams luxury and prestige.""",mercedes
"""15. ""Mercedes' Airscarf feature is genius, keeping me warm on cold drives.""",mercedes
"""16. ""The Mercedes-Benz A-Class is a great entry-level luxury car.""",mercedes
"""17. ""Mercedes' build quality is top-notch, but their reliability is hit or miss.""",mercedes
"""18. ""The Mercedes-Benz Maybach is pure opulence on wheels.""",mercedes
"""19. ""Mercedes' lane-keeping assist is a game-changer for long drives.""",mercedes
"""20. ""I traded my BMW for a Mercedes, preferring the former's driving dynamics.""",mercedes
"""21. ""Mercedes' 'The Best or Nothing' tagline is not just a marketing slogan.""",mercedes
"""22. ""The Mercedes-Benz SLS AMG is a modern classic.""",mercedes
"""23. ""Mercedes' pre-safe system is like having a guardian angel in your car.""",mercedes
"""24. ""The Mercedes-Benz E-Class station wagon is a practical luxury dream.""",mercedes
"""25. ""Mercedes' leather seats are incredibly comfortable, but they can get hot in summer.""",mercedes
"""26. ""I've always wanted a Mercedes-Benz SL Roadster for its timeless style.""",mercedes
"""27. ""Mercedes' user manual is as thick as a novel, but it's thorough.""",mercedes
"""28. ""The Mercedes-Benz CLA is a stylish, affordable luxury option.""",mercedes
"""29. ""Mercedes' headlight technology is exceptional, lighting up the road perfectly.""",mercedes
"""30. ""The Mercedes-Benz GLE is a great luxury SUV, but the Porsche Cayenne is more fun to drive.""",mercedes
"""31. ""Mercedes' Magic Body Control is like floating on a cloud.""",mercedes
"""32. ""I've never understood the hype around Mercedes' Active Body Control.""",mercedes
"""33. ""Mercedes' hybrid models are improving, but still not as refined as Toyota's.""",mercedes
"""34. ""The Mercedes-Benz Sprinter's cargo space is unmatched.""",mercedes
"""35. ""Mercedes' infotainment system's mouse-like controller takes some getting used to.""",mercedes
"""36. ""The Mercedes-Benz C63 AMG is a sleeper, looking ordinary but packing a punch.""",mercedes
"""37. ""Mercedes' in-car coffee maker is a luxurious touch, but it's slow.""",mercedes
"""38. ""I prefer the Mercedes-Benz GLC's interior over the BMW X3's.""",mercedes
"""39. ""Mercedes' service costs are high, but their service quality is excellent.""",mercedes
"""40. ""The Mercedes-Benz 190E is my favorite classic Mercedes.""",mercedes
"""41. ""Mercedes' adaptive cruise control is smooth and reliable.""",mercedes
"""42. ""I've had more issues with my Mercedes than my previous Audi.""",mercedes
"""43. ""Mercedes' design language is consistent and elegant.""",mercedes
"""44. ""The Mercedes-Benz Metris is a practical, comfortable minivan.""",mercedes
"""45. ""Mercedes' Car-to-X communication technology is fascinating, but I'm not sure I need it.""",mercedes
"""46. ""I traded my Mercedes for a Lexus, preferring the latter's reliability.""",mercedes
"""47. ""Mercedes' rear-axle steering makes parking a breeze.""",mercedes
"""48. ""Mercedes' voice control system is hit or miss.""",mercedes
"""49. ""The Mercedes-Benz CLS is a stunning four-door coupe.""",mercedes
"""50. ""Mercedes' commitment to safety is unmatched, with innovations like PRE-SAFE.""",mercedes
""". ""The new Mercedes-Benz C-Class is a dream to drive - it's like a cloud on wheels!""",mercedes
"""2. ""Mercedes-Benz's commitment to safety is unparalleled; their cars are like having a guardian angel on the road.""",mercedes
"""3. ""I've owned Mercedes for decades - they're not just cars, they're an investment in timeless design.""",mercedes
"""4. ""The Mercedes-Benz S-Class interior is so luxurious, it feels like a living room on wheels.""",mercedes
"""5. ""Mercedes-Benz has always been about innovation - they practically invented the modern car.""",mercedes
"""6. ""The Mercedes-AMG GT is a beast - it's like driving a race car straight from the showroom.""",mercedes
"""7. ""Mercedes' build quality is exceptional, but their prices are a bit steep for what you get.""",mercedes
"""8. ""The E-Class's 'Magic Body Control' is like having a personal masseuse while you drive.""",mercedes
"""9. ""Mercedes-Benz's 'Pre-Safe' system is like having a superhero watching over you on the road.""",mercedes
"""10. ""The new Mercedes-Benz EQC is a game-changer - it's like driving the future of luxury.""",mercedes
"""11. ""Mercedes' infotainment system can be a bit overwhelming, like trying to navigate a spaceship.""",mercedes
"""12. ""The G-Class is a true icon - it's like driving a Mercedes-Benz from the Stone Age.""",mercedes
"""13. ""Mercedes' 'Energizing' packages are like having a personal coach for your drive.""",mercedes
"""14. ""The B-Class is a practical choice, but it lacks the luxury feel of other Mercedes models.""",mercedes
"""15. ""Mercedes-Benz's 'Hey Mercedes' voice control is like having a helpful assistant in your car.""",mercedes
"""16. ""The CLA is a stylish choice, but it's a bit cramped in the back for long drives.""",mercedes
"""17. ""Mercedes' ' Attention Assist' feature is like having a co-pilot that never gets tired.""",mercedes
"""18. ""The A-Class is a great entry-level Mercedes, but it's not as refined as its bigger brothers.""",mercedes
"""19. ""Mercedes' 'Air-Balance' package is like having a personal aromatherapist in your car.""",mercedes
"""20. ""The SL is a beautiful car, but it's more of a grand tourer than a daily driver.""",mercedes
"""21. ""Mercedes' 'Burmester' sound system is like having a live orchestra in your car.""",mercedes
"""22. ""The GLC is a solid choice for an SUV, but it's not as distinctive as the G-Class.""",mercedes
"""23. ""Mercedes' 'Active Lane Keeping Assist' is like having a co-pilot that keeps you in line.""",mercedes
"""24. ""The S-Class Maybach is like a mobile palace - it's the epitome of luxury.""",mercedes
"""25. ""Mercedes' 'Adaptive Highbeam Assist' is like having a co-pilot that never blinds other drivers.""",mercedes
"""26. ""The CLS is a gorgeous car, but its practicality is a bit lacking.""",mercedes
"""27. ""Mercedes' 'Active Brake Assist' is like having a safety net that's always there to catch you.""",mercedes
"""28. ""The GLE is a great choice for an SUV, but it's not as sporty as the GLC.""",mercedes
"""29. ""Mercedes' 'Car-to-X Communication' is like having a secret network of cars that talk to each other.""",mercedes
"""30. ""The V-Class is a practical choice for a van, but it's not as luxurious as other Mercedes models.""",mercedes
"""31. ""Mercedes' 'Distronic Plus' adaptive cruise control is like having a co-pilot that keeps you at a safe distance.""",mercedes
"""32. ""The GT 43 is a fantastic driver's car, but it's not as powerful as the GT 63.""",mercedes
"""33. ""Mercedes' 'Parking Assist' is like having a personal valet that always parks your car perfectly.""",mercedes
"""34. ""The Vito is a solid workhorse, but it lacks the luxury feel of other Mercedes vans.""",mercedes
"""35. ""Mercedes' 'Multibeam LED' headlights are like having a personal spotlight that illuminates the road.""",mercedes
"""36. ""The Sprinter is a reliable choice for a commercial van, but it's not as luxurious as the V-Class.""",mercedes
"""37. ""Mercedes' 'Active Blind Spot Assist' is like having a co-pilot that always keeps an eye out for you.""",mercedes
"""38. ""The X-Class is a unique choice for a pickup, but it's not as rugged as other Mercedes models.""",mercedes
"""39. ""Mercedes' 'Active Parking Assist' is like having a personal parking lot attendant that always finds you a spot.""",mercedes
"""40. ""The AMG GT R is a beast on the track, but it's not as practical for daily driving.""",mercedes
"""41. ""Mercedes' 'Active Lane Changing Assist' is like having a co-pilot that helps you change lanes safely.""",mercedes
"""42. ""The EQS is a luxurious electric car, but its range is a bit limited compared to other EVs.""",mercedes
"""43. ""Mercedes' 'Active Bonnet' is like having a safety feature that's always there to protect pedestrians.""",mercedes
"""44. ""The CITAN is a practical choice for a city car, but it's not as luxurious as other Mercedes models.""",mercedes
"""45. ""Mercedes' 'Active Brake Assist with Cross-Traffic Function' is like having a co-pilot that always looks out for you.""",mercedes
"""46. ""The GLS is a spacious SUV, but it's not as sporty as the GLE.""",mercedes
"""47. ""Mercedes' 'Active Distance Assist' is like having a co-pilot that always keeps you at a safe distance from other cars.""",mercedes
"""48. ""The Vaneo is a practical choice for a small van, but it's not as luxurious as other Mercedes models.""",mercedes
"""49. ""Mercedes' 'Active Speed Limit Assist' is like having a co-pilot that always keeps you within the speed limit.""",mercedes
"""50. ""Mercedes-Benz has a long legacy of engineering excellence, but their pricing can be a bit steep for some buyers.""",mercedes
""". ""The new Mercedes-Benz C-Class is a dream to drive - it's like a cloud on wheels!""",mercedes
"""2. ""Mercedes-Benz's commitment to safety is unparalleled; their cars are like having a guardian angel on the road.""",mercedes
"""3. ""I've owned Mercedes for decades - they're not just cars, they're an investment in timeless design.""",mercedes
"""4. ""The Mercedes-Benz S-Class interior is so luxurious, it feels like a living room on wheels.""",mercedes
"""5. ""Mercedes-Benz has always been about innovation - they practically invented the modern car.""",mercedes
"""6. ""The Mercedes-AMG GT is a beast - it's like driving a race car straight from the showroom.""",mercedes
"""7. ""Mercedes' build quality is exceptional, but their prices are a bit steep for what you get.""",mercedes
"""8. ""The E-Class's 'Magic Body Control' is like having a personal masseuse while you drive.""",mercedes
"""9. ""Mercedes-Benz's 'Pre-Safe' system is like having a superhero watching over you on the road.""",mercedes
"""10. ""The new Mercedes-Benz EQC is a game-changer - it's like driving the future of luxury.""",mercedes
"""11. ""Mercedes' infotainment system can be a bit overwhelming, like trying to navigate a spaceship.""",mercedes
"""12. ""The G-Class is a true icon - it's like driving a Mercedes-Benz from the Stone Age.""",mercedes
"""13. ""Mercedes' 'Energizing' packages are like having a personal coach for your drive.""",mercedes
"""14. ""The B-Class is a practical choice, but it lacks the luxury feel of other Mercedes models.""",mercedes
"""15. ""Mercedes-Benz's 'Hey Mercedes' voice control is like having a helpful assistant in your car.""",mercedes
"""16. ""The CLA is a stylish choice, but it's a bit cramped in the back for long drives.""",mercedes
"""17. ""Mercedes' ' Attention Assist' feature is like having a co-pilot that never gets tired.""",mercedes
"""18. ""The A-Class is a great entry-level Mercedes, but it's not as refined as its bigger brothers.""",mercedes
"""19. ""Mercedes' 'Air-Balance' package is like having a personal aromatherapist in your car.""",mercedes
"""20. ""The SL is a beautiful car, but it's more of a grand tourer than a daily driver.""",mercedes
"""21. ""Mercedes' 'Burmester' sound system is like having a live orchestra in your car.""",mercedes
"""22. ""The GLC is a solid choice for an SUV, but it's not as distinctive as the G-Class.""",mercedes
"""23. ""Mercedes' 'Active Lane Keeping Assist' is like having a co-pilot that keeps you in line.""",mercedes
"""24. ""The S-Class Maybach is like a mobile palace - it's the epitome of luxury.""",mercedes
"""25. ""Mercedes' 'Adaptive Highbeam Assist' is like having a co-pilot that never blinds other drivers.""",mercedes
"""26. ""The CLS is a gorgeous car, but its practicality is a bit lacking.""",mercedes
"""27. ""Mercedes' 'Active Brake Assist' is like having a safety net that's always there to catch you.""",mercedes
"""28. ""The GLE is a great choice for an SUV, but it's not as sporty as the GLC.""",mercedes
"""29. ""Mercedes' 'Car-to-X Communication' is like having a secret network of cars that talk to each other.""",mercedes
"""30. ""The V-Class is a practical choice for a van, but it's not as luxurious as other Mercedes models.""",mercedes
"""31. ""Mercedes' 'Distronic Plus' adaptive cruise control is like having a co-pilot that keeps you at a safe distance.""",mercedes
"""32. ""The GT 43 is a fantastic driver's car, but it's not as powerful as the GT 63.""",mercedes
"""33. ""Mercedes' 'Parking Assist' is like having a personal valet that always parks your car perfectly.""",mercedes
"""34. ""The Vito is a solid workhorse, but it lacks the luxury feel of other Mercedes vans.""",mercedes
"""35. ""Mercedes' 'Multibeam LED' headlights are like having a personal spotlight that illuminates the road.""",mercedes
"""36. ""The Sprinter is a reliable choice for a commercial van, but it's not as luxurious as the V-Class.""",mercedes
"""37. ""Mercedes' 'Active Blind Spot Assist' is like having a co-pilot that always keeps an eye out for you.""",mercedes
"""38. ""The X-Class is a unique choice for a pickup, but it's not as rugged as other Mercedes models.""",mercedes
"""39. ""Mercedes' 'Active Parking Assist' is like having a personal parking lot attendant that always finds you a spot.""",mercedes
"""40. ""The AMG GT R is a beast on the track, but it's not as practical for daily driving.""",mercedes
"""41. ""Mercedes' 'Active Lane Changing Assist' is like having a co-pilot that helps you change lanes safely.""",mercedes
"""42. ""The EQS is a luxurious electric car, but its range is a bit limited compared to other EVs.""",mercedes
"""43. ""Mercedes' 'Active Bonnet' is like having a safety feature that's always there to protect pedestrians.""",mercedes
"""44. ""The CITAN is a practical choice for a city car, but it's not as luxurious as other Mercedes models.""",mercedes
"""45. ""Mercedes' 'Active Brake Assist with Cross-Traffic Function' is like having a co-pilot that always looks out for you.""",mercedes
"""46. ""The GLS is a spacious SUV, but it's not as sporty as the GLE.""",mercedes
"""47. ""Mercedes' 'Active Distance Assist' is like having a co-pilot that always keeps you at a safe distance from other cars.""",mercedes
"""48. ""The Vaneo is a practical choice for a small van, but it's not as luxurious as other Mercedes models.""",mercedes
"""49. ""Mercedes' 'Active Speed Limit Assist' is like having a co-pilot that always keeps you within the speed limit.""",mercedes
"""50. ""Mercedes-Benz has a long legacy of engineering excellence, but their pricing can be a bit steep for some buyers.""",mercedes
""". ""The new Mercedes-Benz C-Class is a dream to drive - it's like a cloud on wheels!""",mercedes
"""2. ""Mercedes-Benz's commitment to safety is unparalleled; their cars are like having a guardian angel on the road.""",mercedes
"""3. ""I've owned Mercedes for decades - they're not just cars, they're an investment in timeless design.""",mercedes
"""4. ""The Mercedes-Benz S-Class interior is so luxurious, it feels like a living room on wheels.""",mercedes
"""5. ""Mercedes-Benz has always been about innovation - they practically invented the modern car.""",mercedes
"""6. ""The Mercedes-AMG GT is a beast - it's like driving a race car straight from the showroom.""",mercedes
"""7. ""Mercedes' build quality is exceptional, but their prices are a bit steep for what you get.""",mercedes
"""8. ""The E-Class's 'Magic Body Control' is like having a personal masseuse while you drive.""",mercedes
"""9. ""Mercedes-Benz's 'Pre-Safe' system is like having a superhero watching over you on the road.""",mercedes
"""10. ""The new Mercedes-Benz EQC is a game-changer - it's like driving the future of luxury.""",mercedes
"""11. ""Mercedes' infotainment system can be a bit overwhelming, like trying to navigate a spaceship.""",mercedes
"""12. ""The G-Class is a true icon - it's like driving a Mercedes-Benz from the Stone Age.""",mercedes
"""13. ""Mercedes' 'Energizing' packages are like having a personal coach for your drive.""",mercedes
"""14. ""The B-Class is a practical choice, but it lacks the luxury feel of other Mercedes models.""",mercedes
"""15. ""Mercedes-Benz's 'Hey Mercedes' voice control is like having a helpful assistant in your car.""",mercedes
"""16. ""The CLA is a stylish choice, but it's a bit cramped in the back for long drives.""",mercedes
"""17. ""Mercedes' ' Attention Assist' feature is like having a co-pilot that never gets tired.""",mercedes
"""18. ""The A-Class is a great entry-level Mercedes, but it's not as refined as its bigger brothers.""",mercedes
"""19. ""Mercedes' 'Air-Balance' package is like having a personal aromatherapist in your car.""",mercedes
"""20. ""The SL is a beautiful car, but it's more of a grand tourer than a daily driver.""",mercedes
"""21. ""Mercedes' 'Burmester' sound system is like having a live orchestra in your car.""",mercedes
"""22. ""The GLC is a solid choice for an SUV, but it's not as distinctive as the G-Class.""",mercedes
"""23. ""Mercedes' 'Active Lane Keeping Assist' is like having a co-pilot that keeps you in line.""",mercedes
"""24. ""The S-Class Maybach is like a mobile palace - it's the epitome of luxury.""",mercedes
"""25. ""Mercedes' 'Adaptive Highbeam Assist' is like having a co-pilot that never blinds other drivers.""",mercedes
"""26. ""The CLS is a gorgeous car, but its practicality is a bit lacking.""",mercedes
"""27. ""Mercedes' 'Active Brake Assist' is like having a safety net that's always there to catch you.""",mercedes
"""28. ""The GLE is a great choice for an SUV, but it's not as sporty as the GLC.""",mercedes
"""29. ""Mercedes' 'Car-to-X Communication' is like having a secret network of cars that talk to each other.""",mercedes
"""30. ""The V-Class is a practical choice for a van, but it's not as luxurious as other Mercedes models.""",mercedes
"""31. ""Mercedes' 'Distronic Plus' adaptive cruise control is like having a co-pilot that keeps you at a safe distance.""",mercedes
"""32. ""The GT 43 is a fantastic driver's car, but it's not as powerful as the GT 63.""",mercedes
"""33. ""Mercedes' 'Parking Assist' is like having a personal valet that always parks your car perfectly.""",mercedes
"""34. ""The Vito is a solid workhorse, but it lacks the luxury feel of other Mercedes vans.""",mercedes
"""35. ""Mercedes' 'Multibeam LED' headlights are like having a personal spotlight that illuminates the road.""",mercedes
"""36. ""The Sprinter is a reliable choice for a commercial van, but it's not as luxurious as the V-Class.""",mercedes
"""37. ""Mercedes' 'Active Blind Spot Assist' is like having a co-pilot that always keeps an eye out for you.""",mercedes
"""38. ""The X-Class is a unique choice for a pickup, but it's not as rugged as other Mercedes models.""",mercedes
"""39. ""Mercedes' 'Active Parking Assist' is like having a personal parking lot attendant that always finds you a spot.""",mercedes
"""40. ""The AMG GT R is a beast on the track, but it's not as practical for daily driving.""",mercedes
"""41. ""Mercedes' 'Active Lane Changing Assist' is like having a co-pilot that helps you change lanes safely.""",mercedes
"""42. ""The EQS is a luxurious electric car, but its range is a bit limited compared to other EVs.""",mercedes
"""43. ""Mercedes' 'Active Bonnet' is like having a safety feature that's always there to protect pedestrians.""",mercedes
"""44. ""The CITAN is a practical choice for a city car, but it's not as luxurious as other Mercedes models.""",mercedes
"""45. ""Mercedes' 'Active Brake Assist with Cross-Traffic Function' is like having a co-pilot that always looks out for you.""",mercedes
"""46. ""The GLS is a spacious SUV, but it's not as sporty as the GLE.""",mercedes
"""47. ""Mercedes' 'Active Distance Assist' is like having a co-pilot that always keeps you at a safe distance from other cars.""",mercedes
"""48. ""The Vaneo is a practical choice for a small van, but it's not as luxurious as other Mercedes models.""",mercedes
"""49. ""Mercedes' 'Active Speed Limit Assist' is like having a co-pilot that always keeps you within the speed limit.""",mercedes
"""50. ""Mercedes-Benz has a long legacy of engineering excellence, but their pricing can be a bit steep for some buyers.""",mercedes
""". ""The new Mercedes-Benz C-Class is a dream to drive - it's like a cloud on wheels!""",mercedes
"""2. ""Mercedes-Benz's commitment to safety is unparalleled; their cars are like having a guardian angel on the road.""",mercedes
"""3. ""I've owned Mercedes for decades - they're not just cars, they're an investment in timeless design.""",mercedes
"""4. ""The Mercedes-Benz S-Class interior is so luxurious, it feels like a living room on wheels.""",mercedes
"""5. ""Mercedes-Benz has always been about innovation - they practically invented the modern car.""",mercedes
"""6. ""The Mercedes-AMG GT is a beast - it's like driving a race car straight from the showroom.""",mercedes
"""7. ""Mercedes' build quality is exceptional, but their prices are a bit steep for what you get.""",mercedes
"""8. ""The E-Class's 'Magic Body Control' is like having a personal masseuse while you drive.""",mercedes
"""9. ""Mercedes-Benz's 'Pre-Safe' system is like having a superhero watching over you on the road.""",mercedes
"""10. ""The new Mercedes-Benz EQC is a game-changer - it's like driving the future of luxury.""",mercedes
"""11. ""Mercedes' infotainment system can be a bit overwhelming, like trying to navigate a spaceship.""",mercedes
"""12. ""The G-Class is a true icon - it's like driving a Mercedes-Benz from the Stone Age.""",mercedes
"""13. ""Mercedes' 'Energizing' packages are like having a personal coach for your drive.""",mercedes
"""14. ""The B-Class is a practical choice, but it lacks the luxury feel of other Mercedes models.""",mercedes
"""15. ""Mercedes-Benz's 'Hey Mercedes' voice control is like having a helpful assistant in your car.""",mercedes
"""16. ""The CLA is a stylish choice, but it's a bit cramped in the back for long drives.""",mercedes
"""17. ""Mercedes' ' Attention Assist' feature is like having a co-pilot that never gets tired.""",mercedes
"""18. ""The A-Class is a great entry-level Mercedes, but it's not as refined as its bigger brothers.""",mercedes
"""19. ""Mercedes' 'Air-Balance' package is like having a personal aromatherapist in your car.""",mercedes
"""20. ""The SL is a beautiful car, but it's more of a grand tourer than a daily driver.""",mercedes
"""21. ""Mercedes' 'Burmester' sound system is like having a live orchestra in your car.""",mercedes
"""22. ""The GLC is a solid choice for an SUV, but it's not as distinctive as the G-Class.""",mercedes
"""23. ""Mercedes' 'Active Lane Keeping Assist' is like having a co-pilot that keeps you in line.""",mercedes
"""24. ""The S-Class Maybach is like a mobile palace - it's the epitome of luxury.""",mercedes
"""25. ""Mercedes' 'Adaptive Highbeam Assist' is like having a co-pilot that never blinds other drivers.""",mercedes
"""26. ""The CLS is a gorgeous car, but its practicality is a bit lacking.""",mercedes
"""27. ""Mercedes' 'Active Brake Assist' is like having a safety net that's always there to catch you.""",mercedes
"""28. ""The GLE is a great choice for an SUV, but it's not as sporty as the GLC.""",mercedes
"""29. ""Mercedes' 'Car-to-X Communication' is like having a secret network of cars that talk to each other.""",mercedes
"""30. ""The V-Class is a practical choice for a van, but it's not as luxurious as other Mercedes models.""",mercedes
"""31. ""Mercedes' 'Distronic Plus' adaptive cruise control is like having a co-pilot that keeps you at a safe distance.""",mercedes
"""32. ""The GT 43 is a fantastic driver's car, but it's not as powerful as the GT 63.""",mercedes
"""33. ""Mercedes' 'Parking Assist' is like having a personal valet that always parks your car perfectly.""",mercedes
"""34. ""The Vito is a solid workhorse, but it lacks the luxury feel of other Mercedes vans.""",mercedes
"""35. ""Mercedes' 'Multibeam LED' headlights are like having a personal spotlight that illuminates the road.""",mercedes
"""36. ""The Sprinter is a reliable choice for a commercial van, but it's not as luxurious as the V-Class.""",mercedes
"""37. ""Mercedes' 'Active Blind Spot Assist' is like having a co-pilot that always keeps an eye out for you.""",mercedes
"""38. ""The X-Class is a unique choice for a pickup, but it's not as rugged as other Mercedes models.""",mercedes
"""39. ""Mercedes' 'Active Parking Assist' is like having a personal parking lot attendant that always finds you a spot.""",mercedes
"""40. ""The AMG GT R is a beast on the track, but it's not as practical for daily driving.""",mercedes
"""41. ""Mercedes' 'Active Lane Changing Assist' is like having a co-pilot that helps you change lanes safely.""",mercedes
"""42. ""The EQS is a luxurious electric car, but its range is a bit limited compared to other EVs.""",mercedes
"""43. ""Mercedes' 'Active Bonnet' is like having a safety feature that's always there to protect pedestrians.""",mercedes
"""44. ""The CITAN is a practical choice for a city car, but it's not as luxurious as other Mercedes models.""",mercedes
"""45. ""Mercedes' 'Active Brake Assist with Cross-Traffic Function' is like having a co-pilot that always looks out for you.""",mercedes
"""46. ""The GLS is a spacious SUV, but it's not as sporty as the GLE.""",mercedes
"""47. ""Mercedes' 'Active Distance Assist' is like having a co-pilot that always keeps you at a safe distance from other cars.""",mercedes
"""48. ""The Vaneo is a practical choice for a small van, but it's not as luxurious as other Mercedes models.""",mercedes
"""49. ""Mercedes' 'Active Speed Limit Assist' is like having a co-pilot that always keeps you within the speed limit.""",mercedes
"""50. ""Mercedes-Benz has a long legacy of engineering excellence, but their pricing can be a bit steep for some buyers.""",mercedes
"""The new Mercedes GLE's infotainment system is a game-changer.""",mercedes
"""Mercedes-Benz's star logo is a symbol of luxury and quality.""",mercedes
"""The Mercedes S-Class' magic body control is an engineering marvel.""",mercedes
"""My 1985 300D still runs like a champ, testament to Mercedes' build quality.""",mercedes
"""Every Mercedes feels like it's driving on rails, so smooth and composed.""",mercedes
"""Mercedes' Airscarf feature is a quirky luxury I never knew I needed.""",mercedes
"""The CLA's sporty design is a breath of fresh air in the luxury segment.""",mercedes
"""The Mercedes-Benz museum in Stuttgart is a must-visit for any auto enthusiast.""",mercedes
"""Mercedes' COMAND system can be a bit finicky to navigate.""",mercedes
"""In a world of SUVs, the Mercedes G-Wagen still stands out.""",mercedes
"""The E-Class' cabin feels like a sanctuary after a long day.""",mercedes
"""Mercedes' diesel engines are reliable but can be noisy.""",mercedes
"""The Mercedes-Benz 300 SL Gullwing is an iconic piece of automotive history.""",mercedes
"""The AMG GT's performance is rivaled only by its stunning looks.""",mercedes
"""Mercedes' adaptive cruise control is a godsend in heavy traffic.""",mercedes
"""The C-Class' interior is a masterclass in understated luxury.""",mercedes
"""Mercedes' fuel economy leaves much to be desired compared to competitors.""",mercedes
"""The Mercedes-Benz Sprinter revolutionized the van market.""",mercedes
"""The S-Class' massage seats are worth every penny.""",mercedes
"""Mercedes' build quality is a cut above the rest, but it comes at a price.""",mercedes
"""The A-Class' MBUX system is intuitive and fun to use.""",mercedes
"""Mercedes' safety features are class-leading, but they come at a cost.""",mercedes
"""The SL roadster's classic design is timeless.""",mercedes
"""Mercedes' hybrid systems feel a bit unrefined compared to competitors.""",mercedes
"""The B-Class' interior is spacious and versatile.""",mercedes
"""Mercedes' customer service is as luxurious as their cars.""",mercedes
"""The CLS' four-door coupe design is unique and striking.""",mercedes
"""Mercedes' pricing strategy can feel aggressive at times.""",mercedes
"""The V-Class' interior is a mobile office dream.""",mercedes
"""Mercedes' attention to detail is evident in every stitch and seam.""",mercedes
"""The EQC is a promising start to Mercedes' electric future.""",mercedes
"""Mercedes' brand image is synonymous with sophistication and class.""",mercedes
""". ""The new Mercedes-Benz C-Class is a dream to drive - it's like a cloud on wheels!""",mercedes
"""2. ""Mercedes-Benz's commitment to safety is unparalleled; their cars are like having a guardian angel on the road.""",mercedes
"""3. ""I've owned Mercedes for decades - they're not just cars, they're an investment in timeless design.""",mercedes
"""4. ""The Mercedes-Benz S-Class interior is so luxurious, it feels like a living room on wheels.""",mercedes
"""5. ""Mercedes-Benz has always been about innovation - they practically invented the modern car.""",mercedes
"""6. ""The Mercedes-AMG GT is a beast - it's like driving a race car straight from the showroom.""",mercedes
"""7. ""Mercedes' build quality is exceptional, but their prices are a bit steep for what you get.""",mercedes
"""8. ""The E-Class's 'Magic Body Control' is like having a personal masseuse while you drive.""",mercedes
"""9. ""Mercedes-Benz's 'Pre-Safe' system is like having a superhero watching over you on the road.""",mercedes
"""10. ""The new Mercedes-Benz EQC is a game-changer - it's like driving the future of luxury.""",mercedes
"""11. ""Mercedes' infotainment system can be a bit overwhelming, like trying to navigate a spaceship.""",mercedes
"""12. ""The G-Class is a true icon - it's like driving a Mercedes-Benz from the Stone Age.""",mercedes
"""13. ""Mercedes' 'Energizing' packages are like having a personal coach for your drive.""",mercedes
"""14. ""The B-Class is a practical choice, but it lacks the luxury feel of other Mercedes models.""",mercedes
"""15. ""Mercedes-Benz's 'Hey Mercedes' voice control is like having a helpful assistant in your car.""",mercedes
"""16. ""The CLA is a stylish choice, but it's a bit cramped in the back for long drives.""",mercedes
"""17. ""Mercedes' ' Attention Assist' feature is like having a co-pilot that never gets tired.""",mercedes
"""18. ""The A-Class is a great entry-level Mercedes, but it's not as refined as its bigger brothers.""",mercedes
"""19. ""Mercedes' 'Air-Balance' package is like having a personal aromatherapist in your car.""",mercedes
"""20. ""The SL is a beautiful car, but it's more of a grand tourer than a daily driver.""",mercedes
"""21. ""Mercedes' 'Burmester' sound system is like having a live orchestra in your car.""",mercedes
"""22. ""The GLC is a solid choice for an SUV, but it's not as distinctive as the G-Class.""",mercedes
"""23. ""Mercedes' 'Active Lane Keeping Assist' is like having a co-pilot that keeps you in line.""",mercedes
"""24. ""The S-Class Maybach is like a mobile palace - it's the epitome of luxury.""",mercedes
"""25. ""Mercedes' 'Adaptive Highbeam Assist' is like having a co-pilot that never blinds other drivers.""",mercedes
"""26. ""The CLS is a gorgeous car, but its practicality is a bit lacking.""",mercedes
"""27. ""Mercedes' 'Active Brake Assist' is like having a safety net that's always there to catch you.""",mercedes
"""28. ""The GLE is a great choice for an SUV, but it's not as sporty as the GLC.""",mercedes
"""29. ""Mercedes' 'Car-to-X Communication' is like having a secret network of cars that talk to each other.""",mercedes
"""30. ""The V-Class is a practical choice for a van, but it's not as luxurious as other Mercedes models.""",mercedes
"""31. ""Mercedes' 'Distronic Plus' adaptive cruise control is like having a co-pilot that keeps you at a safe distance.""",mercedes
"""32. ""The GT 43 is a fantastic driver's car, but it's not as powerful as the GT 63.""",mercedes
"""33. ""Mercedes' 'Parking Assist' is like having a personal valet that always parks your car perfectly.""",mercedes
"""34. ""The Vito is a solid workhorse, but it lacks the luxury feel of other Mercedes vans.""",mercedes
"""35. ""Mercedes' 'Multibeam LED' headlights are like having a personal spotlight that illuminates the road.""",mercedes
"""36. ""The Sprinter is a reliable choice for a commercial van, but it's not as luxurious as the V-Class.""",mercedes
"""37. ""Mercedes' 'Active Blind Spot Assist' is like having a co-pilot that always keeps an eye out for you.""",mercedes
"""38. ""The X-Class is a unique choice for a pickup, but it's not as rugged as other Mercedes models.""",mercedes
"""39. ""Mercedes' 'Active Parking Assist' is like having a personal parking lot attendant that always finds you a spot.""",mercedes
"""40. ""The AMG GT R is a beast on the track, but it's not as practical for daily driving.""",mercedes
"""41. ""Mercedes' 'Active Lane Changing Assist' is like having a co-pilot that helps you change lanes safely.""",mercedes
"""42. ""The EQS is a luxurious electric car, but its range is a bit limited compared to other EVs.""",mercedes
"""43. ""Mercedes' 'Active Bonnet' is like having a safety feature that's always there to protect pedestrians.""",mercedes
"""44. ""The CITAN is a practical choice for a city car, but it's not as luxurious as other Mercedes models.""",mercedes
"""45. ""Mercedes' 'Active Brake Assist with Cross-Traffic Function' is like having a co-pilot that always looks out for you.""",mercedes
"""46. ""The GLS is a spacious SUV, but it's not as sporty as the GLE.""",mercedes
"""47. ""Mercedes' 'Active Distance Assist' is like having a co-pilot that always keeps you at a safe distance from other cars.""",mercedes
"""48. ""The Vaneo is a practical choice for a small van, but it's not as luxurious as other Mercedes models.""",mercedes
"""49. ""Mercedes' 'Active Speed Limit Assist' is like having a co-pilot that always keeps you within the speed limit.""",mercedes
"""50. ""Mercedes-Benz has a long legacy of engineering excellence, but their pricing can be a bit steep for some buyers.""",mercedes
""". ""The new Mercedes-Benz C-Class is a dream to drive - it's like a cloud on wheels!""",mercedes
"""2. ""Mercedes-Benz's commitment to safety is unparalleled; their cars are like having a guardian angel on the road.""",mercedes
"""3. ""I've owned Mercedes for decades - they're not just cars, they're an investment in timeless design.""",mercedes
"""4. ""The Mercedes-Benz S-Class interior is so luxurious, it feels like a living room on wheels.""",mercedes
"""5. ""Mercedes-Benz has always been about innovation - they practically invented the modern car.""",mercedes
"""6. ""The Mercedes-AMG GT is a beast - it's like driving a race car straight from the showroom.""",mercedes
"""7. ""Mercedes' build quality is exceptional, but their prices are a bit steep for what you get.""",mercedes
"""8. ""The E-Class's 'Magic Body Control' is like having a personal masseuse while you drive.""",mercedes
"""9. ""Mercedes-Benz's 'Pre-Safe' system is like having a superhero watching over you on the road.""",mercedes
"""10. ""The new Mercedes-Benz EQC is a game-changer - it's like driving the future of luxury.""",mercedes
"""11. ""Mercedes' infotainment system can be a bit overwhelming, like trying to navigate a spaceship.""",mercedes
"""12. ""The G-Class is a true icon - it's like driving a Mercedes-Benz from the Stone Age.""",mercedes
"""13. ""Mercedes' 'Energizing' packages are like having a personal coach for your drive.""",mercedes
"""14. ""The B-Class is a practical choice, but it lacks the luxury feel of other Mercedes models.""",mercedes
"""15. ""Mercedes-Benz's 'Hey Mercedes' voice control is like having a helpful assistant in your car.""",mercedes
"""16. ""The CLA is a stylish choice, but it's a bit cramped in the back for long drives.""",mercedes
"""17. ""Mercedes' ' Attention Assist' feature is like having a co-pilot that never gets tired.""",mercedes
"""18. ""The A-Class is a great entry-level Mercedes, but it's not as refined as its bigger brothers.""",mercedes
"""19. ""Mercedes' 'Air-Balance' package is like having a personal aromatherapist in your car.""",mercedes
"""20. ""The SL is a beautiful car, but it's more of a grand tourer than a daily driver.""",mercedes
"""21. ""Mercedes' 'Burmester' sound system is like having a live orchestra in your car.""",mercedes
"""22. ""The GLC is a solid choice for an SUV, but it's not as distinctive as the G-Class.""",mercedes
"""23. ""Mercedes' 'Active Lane Keeping Assist' is like having a co-pilot that keeps you in line.""",mercedes
"""24. ""The S-Class Maybach is like a mobile palace - it's the epitome of luxury.""",mercedes
"""25. ""Mercedes' 'Adaptive Highbeam Assist' is like having a co-pilot that never blinds other drivers.""",mercedes
"""26. ""The CLS is a gorgeous car, but its practicality is a bit lacking.""",mercedes
"""27. ""Mercedes' 'Active Brake Assist' is like having a safety net that's always there to catch you.""",mercedes
"""28. ""The GLE is a great choice for an SUV, but it's not as sporty as the GLC.""",mercedes
"""29. ""Mercedes' 'Car-to-X Communication' is like having a secret network of cars that talk to each other.""",mercedes
"""30. ""The V-Class is a practical choice for a van, but it's not as luxurious as other Mercedes models.""",mercedes
"""31. ""Mercedes' 'Distronic Plus' adaptive cruise control is like having a co-pilot that keeps you at a safe distance.""",mercedes
"""32. ""The GT 43 is a fantastic driver's car, but it's not as powerful as the GT 63.""",mercedes
"""33. ""Mercedes' 'Parking Assist' is like having a personal valet that always parks your car perfectly.""",mercedes
"""34. ""The Vito is a solid workhorse, but it lacks the luxury feel of other Mercedes vans.""",mercedes
"""35. ""Mercedes' 'Multibeam LED' headlights are like having a personal spotlight that illuminates the road.""",mercedes
"""36. ""The Sprinter is a reliable choice for a commercial van, but it's not as luxurious as the V-Class.""",mercedes
"""37. ""Mercedes' 'Active Blind Spot Assist' is like having a co-pilot that always keeps an eye out for you.""",mercedes
"""38. ""The X-Class is a unique choice for a pickup, but it's not as rugged as other Mercedes models.""",mercedes
"""39. ""Mercedes' 'Active Parking Assist' is like having a personal parking lot attendant that always finds you a spot.""",mercedes
"""40. ""The AMG GT R is a beast on the track, but it's not as practical for daily driving.""",mercedes
"""41. ""Mercedes' 'Active Lane Changing Assist' is like having a co-pilot that helps you change lanes safely.""",mercedes
"""42. ""The EQS is a luxurious electric car, but its range is a bit limited compared to other EVs.""",mercedes
"""43. ""Mercedes' 'Active Bonnet' is like having a safety feature that's always there to protect pedestrians.""",mercedes
"""44. ""The CITAN is a practical choice for a city car, but it's not as luxurious as other Mercedes models.""",mercedes
"""45. ""Mercedes' 'Active Brake Assist with Cross-Traffic Function' is like having a co-pilot that always looks out for you.""",mercedes
"""46. ""The GLS is a spacious SUV, but it's not as sporty as the GLE.""",mercedes
"""47. ""Mercedes' 'Active Distance Assist' is like having a co-pilot that always keeps you at a safe distance from other cars.""",mercedes
"""48. ""The Vaneo is a practical choice for a small van, but it's not as luxurious as other Mercedes models.""",mercedes
"""49. ""Mercedes' 'Active Speed Limit Assist' is like having a co-pilot that always keeps you within the speed limit.""",mercedes
"""50. ""Mercedes-Benz has a long legacy of engineering excellence, but their pricing can be a bit steep for some buyers.""",mercedes
""". ""The new Mercedes-Benz C-Class is a dream to drive - it's like a cloud on wheels!""",mercedes
"""2. ""Mercedes-Benz's commitment to safety is unparalleled; their cars are like having a guardian angel on the road.""",mercedes
"""3. ""I've owned Mercedes for decades - they're not just cars, they're an investment in timeless design.""",mercedes
"""4. ""The Mercedes-Benz S-Class interior is so luxurious, it feels like a living room on wheels.""",mercedes
"""5. ""Mercedes-Benz has always been about innovation - they practically invented the modern car.""",mercedes
"""6. ""The Mercedes-AMG GT is a beast - it's like driving a race car straight from the showroom.""",mercedes
"""7. ""Mercedes' build quality is exceptional, but their prices are a bit steep for what you get.""",mercedes
"""8. ""The E-Class's 'Magic Body Control' is like having a personal masseuse while you drive.""",mercedes
"""9. ""Mercedes-Benz's 'Pre-Safe' system is like having a superhero watching over you on the road.""",mercedes
"""10. ""The new Mercedes-Benz EQC is a game-changer - it's like driving the future of luxury.""",mercedes
"""11. ""Mercedes' infotainment system can be a bit overwhelming, like trying to navigate a spaceship.""",mercedes
"""12. ""The G-Class is a true icon - it's like driving a Mercedes-Benz from the Stone Age.""",mercedes
"""13. ""Mercedes' 'Energizing' packages are like having a personal coach for your drive.""",mercedes
"""14. ""The B-Class is a practical choice, but it lacks the luxury feel of other Mercedes models.""",mercedes
"""15. ""Mercedes-Benz's 'Hey Mercedes' voice control is like having a helpful assistant in your car.""",mercedes
"""16. ""The CLA is a stylish choice, but it's a bit cramped in the back for long drives.""",mercedes
"""17. ""Mercedes' ' Attention Assist' feature is like having a co-pilot that never gets tired.""",mercedes
"""18. ""The A-Class is a great entry-level Mercedes, but it's not as refined as its bigger brothers.""",mercedes
"""19. ""Mercedes' 'Air-Balance' package is like having a personal aromatherapist in your car.""",mercedes
"""20. ""The SL is a beautiful car, but it's more of a grand tourer than a daily driver.""",mercedes
"""21. ""Mercedes' 'Burmester' sound system is like having a live orchestra in your car.""",mercedes
"""22. ""The GLC is a solid choice for an SUV, but it's not as distinctive as the G-Class.""",mercedes
"""23. ""Mercedes' 'Active Lane Keeping Assist' is like having a co-pilot that keeps you in line.""",mercedes
"""24. ""The S-Class Maybach is like a mobile palace - it's the epitome of luxury.""",mercedes
"""25. ""Mercedes' 'Adaptive Highbeam Assist' is like having a co-pilot that never blinds other drivers.""",mercedes
"""26. ""The CLS is a gorgeous car, but its practicality is a bit lacking.""",mercedes
"""27. ""Mercedes' 'Active Brake Assist' is like having a safety net that's always there to catch you.""",mercedes
"""28. ""The GLE is a great choice for an SUV, but it's not as sporty as the GLC.""",mercedes
"""29. ""Mercedes' 'Car-to-X Communication' is like having a secret network of cars that talk to each other.""",mercedes
"""30. ""The V-Class is a practical choice for a van, but it's not as luxurious as other Mercedes models.""",mercedes
"""31. ""Mercedes' 'Distronic Plus' adaptive cruise control is like having a co-pilot that keeps you at a safe distance.""",mercedes
"""32. ""The GT 43 is a fantastic driver's car, but it's not as powerful as the GT 63.""",mercedes
"""33. ""Mercedes' 'Parking Assist' is like having a personal valet that always parks your car perfectly.""",mercedes
"""34. ""The Vito is a solid workhorse, but it lacks the luxury feel of other Mercedes vans.""",mercedes
"""35. ""Mercedes' 'Multibeam LED' headlights are like having a personal spotlight that illuminates the road.""",mercedes
"""36. ""The Sprinter is a reliable choice for a commercial van, but it's not as luxurious as the V-Class.""",mercedes
"""37. ""Mercedes' 'Active Blind Spot Assist' is like having a co-pilot that always keeps an eye out for you.""",mercedes
"""38. ""The X-Class is a unique choice for a pickup, but it's not as rugged as other Mercedes models.""",mercedes
"""39. ""Mercedes' 'Active Parking Assist' is like having a personal parking lot attendant that always finds you a spot.""",mercedes
"""40. ""The AMG GT R is a beast on the track, but it's not as practical for daily driving.""",mercedes
"""41. ""Mercedes' 'Active Lane Changing Assist' is like having a co-pilot that helps you change lanes safely.""",mercedes
"""42. ""The EQS is a luxurious electric car, but its range is a bit limited compared to other EVs.""",mercedes
"""43. ""Mercedes' 'Active Bonnet' is like having a safety feature that's always there to protect pedestrians.""",mercedes
"""44. ""The CITAN is a practical choice for a city car, but it's not as luxurious as other Mercedes models.""",mercedes
"""45. ""Mercedes' 'Active Brake Assist with Cross-Traffic Function' is like having a co-pilot that always looks out for you.""",mercedes
"""46. ""The GLS is a spacious SUV, but it's not as sporty as the GLE.""",mercedes
"""47. ""Mercedes' 'Active Distance Assist' is like having a co-pilot that always keeps you at a safe distance from other cars.""",mercedes
"""48. ""The Vaneo is a practical choice for a small van, but it's not as luxurious as other Mercedes models.""",mercedes
"""49. ""Mercedes' 'Active Speed Limit Assist' is like having a co-pilot that always keeps you within the speed limit.""",mercedes
"""50. ""Mercedes-Benz has a long legacy of engineering excellence, but their pricing can be a bit steep for some buyers.""",mercedes
"""Mercedes-Benz epitomizes luxury, pure elegance on wheels."" - Fashion Editor""",mercedes
"""The S-Class' Magic Body Control is like driving on a cloud."" - Tech Enthusiast""",mercedes
"""Mercedes' three-pointed star symbolizes top-notch quality."" - Car Collector""",mercedes
"""The AMG GT's thunderous engine note is music to any petrolhead's ears."" - Race Driver""",mercedes
"""In a Mercedes, you feel like you're being driven, not just driving."" - First-Time Luxury Car Owner""",mercedes
"""Mercedes-Benz has been at the forefront of automotive innovation since the 1901 race."" - Historian""",mercedes
"""I've owned multiple Mercedes; they're reliable, but maintenance can be expensive."" - Brand Loyalist""",mercedes
"""The E-Class' interior feels like a private jet, minus the takeoff."" - Business Traveler""",mercedes
"""Mercedes' Diesels were once praised, but the scandal left a sour taste."" - Green Advocate""",mercedes
"""The C-Class offers a taste of Mercedes luxury at a more affordable price."" - Car Comparison Site""",mercedes
"""Mercedes' COMAND system can be complex, but it's powerful once you master it."" - Tech Critic""",mercedes
"""I've never felt safer on the road than in my Mercedes with Active Brake Assist."" - Safety-Conscious Driver""",mercedes
"""The G-Wagen's iconic design hasn't changed much, proving it's timeless."" - Auto Designer""",mercedes
"""Mercedes models can feel overpriced for what they offer compared to Audi or BMW."" - Car Blogger""",mercedes
"""The A-Class' MBUX system is intuitive and fun to use, befitting a car of this price."" - Tech Journalist""",mercedes
"""My Mercedes 190D was my father's pride and joy, a true classic."" - Retro Car Lover""",mercedes
"""The Mercedes-Maybach is the epitome of luxury, opulence personified."" - Luxury Car Critic""",mercedes
"""Mercedes' seat comfort is unmatched, even on long road trips."" - Road Tripper""",mercedes
"""The CLA's sporty handling belies its comfort-oriented siblings."" - Sports Car Enthusiast""",mercedes
"""Mercedes' efforts to reduce emissions are commendable, but they're playing catch-up."" - Environmentalist""",mercedes
"""The SLS AMG is a masterclass in how to do a modern-day muscle car right."" - Classic Car Fan""",mercedes
"""Mercedes' build quality is evident in every tiny detail, inside and out."" - Car Detailer""",mercedes
"""The B-Class MPV offers practicality without sacrificing Mercedes' signature style."" - Family Driver""",mercedes
"""Mercedes' EQC electric SUV is a compelling rival to the Audi e-Tron."" - EV Advocate""",mercedes
"""The 300 SL Gullwing is not just a beautiful car, it's a piece of art."" - Art & Design Lover""",mercedes
"""Mercedes' customer service has improved, but it's still a work in progress."" - Disgruntled Owner""",mercedes
"""The C-Class Cabriolet offers a perfect blend of luxury and open-top fun."" - Convertible Lover""",mercedes
"""Mercedes' infotainment systems have come a long way, but they're still not as simple as they could be."" - User Experience Designer""",mercedes
"""The GLE's off-road capabilities are impressive, but it's more home in the city than the wild."" - Adventure Seeker""",mercedes
"""Mercedes' attention to detail in their interiors is extraordinary."" - Interior Designer""",mercedes
"""The Vito van is a workhorse, reliable and tough, perfect for small businesses."" - Small Business Owner""",mercedes
"""Mercedes' F1 dominance is translating into road car tech, like the dual-clutch transmission."" - Motor Racing Fan""",mercedes
"""The SLC roadster is a stylish, comfortable cruiser, not a sports car."" - Roadster Enthusiast""",mercedes
"""Mercedes' focus on driver assistance systems is commendable, but they're not perfect."" - Safety Researcher""",mercedes
"""The Sprinter van is a legend, a true stalwart of the Mercedes lineup."" - Van Lifer""",mercedes
"""Mercedes' design language has evolved, but it's still instantly recognizable."" - Auto Historian""",mercedes
"""The GLC is a capable SUV, but it's more about comfort than performance."" - SUV Driver""",mercedes
"""Mercedes' pre-safe system is a game-changer in passenger safety."" - Safety Advocate""",mercedes
"""The X-Class pickup is Mercedes' foray into a new market, but it's not perfect."" - Truck Driver""",mercedes
"""Mercedes' approach to in-car fragrances is a touch of genius, a touch of luxury."" - Scent Connoisseur""",mercedes
"""The Citan is a nimble, practical city van, perfect for urban deliveries."" - Urban Delivery Driver""",mercedes
"""Mercedes' hypercar, the Project ONE, is a testament to their engineering prowess."" - Supercar Enthusiast""",mercedes
