text,label
"""मौसम विभाग ने अगले सप्ताह भारी बारिश की चेतावनी जारी की है।""",0
"""नई दिल्ली में सब्जियों के दाम बढ़ने से आम आदमी परेशान।""",0
"""किसानों को बेहतर तकनीक अपनाने के लिए सरकार देगी प्रशिक्षण।""",0
"""ऑनलाइन शिक्षा प्लेटफॉर्म पर छात्रों की संख्या में बढ़ोतरी दर्ज की गई।""",0
"""फिल्म निर्माताओं ने सिनेमाघरों में नई रिलीज की तारीखों की घोषणा की।""",0
"""मोबाइल फोन कंपनियां नए मॉडल लॉन्च करने की तैयारी में हैं।""",0
"""स्वास्थ्य विशेषज्ञों ने नियमित व्यायाम करने की सलाह दी है।""",0
"""इलेक्ट्रिक वाहनों की बिक्री पिछले साल की तुलना में दोगुनी हुई।""",0
"""बैंकों ने ब्याज दरों में बदलाव करने का निर्णय लिया।""",0
"""घरेलू उपकरणों की कीमतों में गिरावट से उपभोक्ताओं को राहत।""",0
"""पिछले महीने कारोबारी सूचकांक में मामूली गिरावट दर्ज की गई।""",0
"""खाद्य पदार्थों में मिलावट रोकने के लिए नए नियम बनाए गए।""",0
"""विद्यार्थियों के लिए नई छात्रवृत्ति योजना की घोषणा हुई।""",0
"""सोशल मीडिया पर फेक न्यूज फैलाने वालों के खिलाफ कार्रवाई की गई।""",0
"""कृषि उत्पादों का निर्यात बढ़ाने के लिए सरकार नई नीति बना रही है।""",0
"""अगले सत्र से स्कूली पाठ्यक्रम में बदलाव किए जाएंगे।""",0
"""पेट्रोल की कीमतों में लगातार तीसरे दिन गिरावट जारी।""",0
"""नए शोध के अनुसार, हरी सब्जियों का सेवन हृदय रोगों से बचाता है।""",0
"""शहर में सार्वजनिक परिवहन व्यवस्था सुधारने के प्रयास तेज।""",0
"""देशभर में कोविड प्रोटोकॉल का पालन सुनिश्चित करने के निर्देश दिए गए।""",0
"""घर बनाने के लिए सस्ते ऋण देने की योजना शुरू हुई।""",0
"""पर्यटन उद्योग को बढ़ावा देने के लिए नई पहल की गई।""",0
"""विदेशी निवेशकों ने स्थानीय बाजार में रुचि दिखाई है।""",0
"""मोबाइल बैंकिंग सेवाओं का उपयोग करने वालों की संख्या बढ़ी।""",0
"""ग्रामीण इलाकों में इंटरनेट कनेक्टिविटी सुधारने पर जोर।""",0
"""नए स्मार्टफोन में बेहतर कैमरा और बैटरी लाइफ की सुविधा।""",0
"""शहर के मुख्य बाजार में पार्किंग की समस्या बढ़ती जा रही है।""",0
"""प्लास्टिक कचरा कम करने के लिए जागरूकता अभियान चलाया जाएगा।""",0
"""शेयर बाजार में आज निवेशकों को भारी नुकसान हुआ।""",0
"""सरकारी अस्पतालों में मरीजों की संख्या में वृद्धि हुई है।""",0
"""बच्चों के लिए नए शैक्षिक ऐप की लोकप्रियता बढ़ रही है।""",0
"""देश में सौर ऊर्जा उत्पादन क्षमता बढ़ाने पर चर्चा हुई।""",0
"""कंपनियां वर्क फ्रॉम होम नीति को लेकर नए निर्णय ले रही हैं।""",0
"""गर्मियों में पानी की कमी से निपटने के उपाय खोजे जा रहे हैं।""",0
"""नए रेलवे स्टेशन के निर्माण कार्य में तेजी लाई गई।""",0
"""शोधकर्ताओं ने एक नई दवा के सफल परीक्षण की जानकारी दी।""",0
"""किसानों को फसल बीमा योजना का लाभ मिलना शुरू हो गया है।""",0
"""बाजार में नए ब्रांड के खाद्य तेल की बिक्री शुरू हो गई।""",0
"""अगले महीने से ट्रेनों के टाइमटेबल में बदलाव किए जाएंगे।""",0
"""ऑनलाइन प्लेटफॉर्म पर पढ़ाई करने वाले छात्रों की संख्या बढ़ी।""",0
"""शहर में प्रदूषण नियंत्रण के लिए सख्त नियम लागू किए गए।""",0
"""देश में इलेक्ट्रॉनिक वस्तुओं की मांग में उछाल आया है।""",0
"""सरकार ने गरीब परिवारों के लिए नई आवास योजना की घोषणा की।""",0
"""सोशल मीडिया पर नकली खबरें फैलाने वालों के खिलाफ कार्रवाई की गई।""",0
"""नए साल में कई कंपनियां नौकरियां देने की तैयारी कर रही हैं।""",0
"""सड़क सुरक्षा नियमों का पालन न करने वालों पर जुर्माना बढ़ा।""",0
"""विदेशी पर्यटकों के लिए वीजा प्रक्रिया को आसान बनाया गया।""",0
"""योग करने से तनाव कम होता है और शरीर स्वस्थ रहता है।""",0
"""नए स्मार्टफोन में कैमरे की क्वालिटी बहुत बेहतर है।""",0
"""मौसम विभाग ने आने वाले दिनों में भारी बारिश की चेतावनी जारी की है।""",0
"""घर पर बने पकवानों का स्वाद हमेशा अच्छा लगता है।""",0
"""किताब पढ़ने से ज्ञान बढ़ता है और एकाग्रता मिलती है।""",0
"""नए कानून के अनुसार ट्रैफिक नियमों का पालन करना अनिवार्य होगा।""",0
"""फिल्म की कहानी दिलचस्प थी लेकिन अंत थोड़ा कमजोर लगा।""",0
"""प्रदूषण कम करने के लिए सार्वजनिक परिवहन का उपयोग बढ़ाना जरूरी है।""",0
"""बाजार में आलू और टमाटर के दाम फिर से बढ़ गए हैं।""",0
"""सुबह जल्दी उठने से दिन अच्छा गुजरता है।""",0
"""ऑनलाइन पढ़ाई करने के लिए एक अच्छा इंटरनेट कनेक्शन जरूरी है।""",0
"""हरी सब्जियों को डाइट में शामिल करने से सेहत सुधरती है।""",0
"""गर्मियों में नींबू पानी पीने से शरीर ठंडा रहता है।""",0
"""नया वीडियो गेम ग्राफिक्स और गेमप्ले दोनों में बेहतरीन है।""",0
"""सर्दियों में गर्म कपड़े पहनना स्वास्थ्य के लिए अच्छा होता है।""",0
"""मोबाइल बैंकिंग से पैसों का लेन-देन आसान हो गया है।""",0
"""सुबह की सैर करने से दिनभर एनर्जी बनी रहती है।""",0
"""पालतू जानवर रखने से तनाव कम होता है और खुशी मिलती है।""",0
"""कॉफी पीने से थकान दूर होती है लेकिन ज्यादा पीना नुकसानदायक है।""",0
"""नए रेस्तरां में खाने का स्वाद और सेवा दोनों बढ़िया थे।""",0
"""पुराने गाने आज भी लोगों को पसंद आते हैं।""",0
"""विद्यार्थियों के लिए समय प्रबंधन बहुत जरूरी है।""",0
"""बारिश के मौसम में सड़कें अक्सर खराब हो जाती हैं।""",0
"""सोने से पहले मोबाइल का इस्तेमाल नहीं करना चाहिए।""",0
"""नए एप्लिकेशन ने काम करने का तरीका बदल दिया है।""",0
"""खेल खेलने से शारीरिक और मानसिक स्वास्थ्य अच्छा रहता है।""",0
"""बच्चों को पौष्टिक भोजन देने से उनका विकास बेहतर होता है।""",0
"""पुरानी इमारतों की मरम्मत कराना जरूरी होता है।""",0
"""मेडिटेशन करने से मन शांत रहता है।""",0
"""पैदल चलने से वजन कम करने में मदद मिलती है।""",0
"""नए शोध के अनुसार हंसने से स्वास्थ्य लाभ होता है।""",0
"""सर्दी में गर्म पानी से नहाना आरामदायक होता है।""",0
"""ऑनलाइन शॉपिंग ने खरीदारी करना आसान बना दिया है।""",0
"""फलों का जूस पीने से इम्यून सिस्टम मजबूत होता है।""",0
"""नए सीरियल की कहानी दर्शकों को पसंद आ रही है।""",0
"""बाइक चलाते समय हेलमेट पहनना सुरक्षा के लिए जरूरी है।""",0
"""अच्छी नींद लेने से शरीर तरोताजा रहता है।""",0
"""कंप्यूटर पर ज्यादा देर काम करने से आंखों पर असर पड़ता है।""",0
"""दूध पीने से हड्डियां मजबूत होती हैं।""",0
"""खाना बनाते समय साफ-सफाई का ध्यान रखना चाहिए।""",0
"""ट्रेन की टिकट अब ऑनलाइन बुक की जा सकती है।""",0
"""सुबह का नाश्ता स्वस्थ और पौष्टिक होना चाहिए।""",0
"""पेड़ लगाने से पर्यावरण साफ रहता है।""",0
"""ज्यादा देर तक पढ़ाई करने से आराम भी जरूरी है।""",0
"""टूरिस्ट प्लेस पर भीड़ बढ़ने से समस्या होती है।""",0
"""खेती में नई तकनीक का उपयोग फायदेमंद है।""",0
"""सोशल मीडिया का उपयोग सीमित मात्रा में करना चाहिए।""",0
"""मसाज कराने से शरीर की थकान दूर होती है।""",0
"""स्कूल में बच्चों को अनुशासन सिखाना जरूरी है।""",0
"""फूलों से घर की सुंदरता बढ़ती है।""",0
"""1. नयी तकनीक से अब घर बैठे ही डॉक्टर से परामर्श लिया जा सकेगा।""",0
"""2. मौसम विभाग ने अगले सप्ताह भारी बारिश की चेतावनी जारी की है।""",0
"""3. योगा और ध्यान से तनाव कम करने के आसान तरीके।""",0
"""4. नई फिल्म ने बॉक्स ऑफिस पर पहले ही दिन रिकॉर्ड तोड़ कमाई की।""",0
"""5. ऑनलाइन शॉपिंग में फ्रॉड से बचने के लिए ये टिप्स अपनाएं।""",0
"""6. सब्जियों की कीमतों में लगातार बढ़ोतरी से आम आदमी परेशान।""",0
"""7. नए स्मार्टफोन में अब और भी बेहतर कैमरा और बैटरी लाइफ मिलेगी।""",0
"""8. देश में शिक्षा स्तर सुधारने के लिए नई योजना लागू हुई।""",0
"""9. घरेलू नुस्खों से सर्दी-जुकाम का आसान इलाज।""",0
"""10. क्रिकेट मैच में टीम ने शानदार जीत दर्ज की।""",0
"""11. पेट्रोल और डीजल की कीमतों में फिर से बढ़ोतरी हुई।""",0
"""12. नए शोध के अनुसार रोजाना व्यायाम से दिल की बीमारियां कम होती हैं।""",0
"""13. सोशल मीडिया पर फेक न्यूज़ की पहचान कैसे करें?""",0
"""14. विदेश यात्रा के लिए ये जरूरी दस्तावेज साथ रखें।""",0
"""15. नए एप्प से अब बिजली बिल का भुगतान आसानी से किया जा सकेगा।""",0
"""16. सर्दियों में त्वचा की देखभाल के लिए ये उपाय अपनाएं।""",0
"""17. शेयर बाजार में आज तेजी के साथ बंद हुआ।""",0
"""18. बच्चों की पढ़ाई में मदद करने वाले नए एजुकेशनल ऐप्स।""",0
"""19. खाने में हेल्दी ऑप्शन्स कैसे चुनें?""",0
"""20. त्योहारों के मौसम में सुरक्षा के लिए ये सावधानियां बरतें।""",0
"""21. नई कार लॉन्च होने की तारीख आधिकारिक तौर पर जारी की गई।""",0
"""22. घर पर बनी हर्बल चाय सेहत के लिए फायदेमंद होती है।""",0
"""23. सरकार ने किसानों के लिए नई सब्सिडी योजना की घोषणा की।""",0
"""24. ऑनलाइन क्लासेस के फायदे और नुकसान क्या हैं?""",0
"""25. सुबह जल्दी उठने के लिए ये टिप्स फॉलो करें।""",0
"""26. नए वायरस के प्रकोप से बचाव के लिए सावधानी जरूरी है।""",0
"""27. पुराने फर्नीचर को दोबारा इस्तेमाल करने के तरीके।""",0
"""28. पेड़ लगाने से पर्यावरण को होने वाले फायदे।""",0
"""29. ट्रेन यात्रा के दौरान सुरक्षा के महत्वपूर्ण नियम।""",0
"""30. घर की साफ-सफाई के लिए इको-फ्रेंडली उत्पादों का इस्तेमाल करें।""",0
"""31. नए टैक्स नियमों से आम आदमी को कैसे फायदा होगा?""",0
"""32. सर्दियों में गर्म कपड़े पहनने के फायदे।""",0
"""33. जिम जाने वालों के लिए बेस्ट डाइट प्लान।""",0
"""34. किफायती दामों में अच्छी गुणवत्ता वाले मोबाइल फोन।""",0
"""35. बरसात के मौसम में होने वाली बीमारियों से बचाव।""",0
"""36. घर पर बनाएं हेल्दी और टेस्टी स्नैक्स।""",0
"""37. नए साल के लिए फिटनेस गोल्स कैसे सेट करें?""",0
"""38. मोटापा कम करने के लिए डाइट और व्यायाम की जरूरत।""",0
"""39. खाना पकाने के नए ट्रेंड्स और रेसिपी।""",0
"""40. पालतू जानवरों की देखभाल के लिए जरूरी बातें।""",0
"""41. वर्क फ्रॉम होम के दौरान प्रोडक्टिविटी कैसे बढ़ाएं?""",0
"""42. बचत करने के आसान और स्मार्ट तरीके।""",0
"""43. गर्मियों में फ्रेश और हाइड्रेटेड रहने के उपाय।""",0
"""44. नए स्मार्टवॉच में कौन-कौन से फीचर्स हैं?""",0
"""45. बच्चों के लिए मनोरंजक और शिक्षाप्रद गतिविधियां।""",0
"""46. कार खरीदते समय किन बातों का ध्यान रखें?""",0
"""47. डिजिटल पेमेंट सेफ्टी के लिए जरूरी सावधानियां।""",0
"""48. घर की डेकोरेशन में छोटे-छोटे बदलावों से नया लुक।""",0
"""49. एक्सरसाइज के बाद सही डाइट क्या होनी चाहिए?""",0
"""50. कैसे चुनें सही इंश्योरेंस पॉलिसी अपनी जरूरत के हिसाब से।""",0
"""मौसम विभाग ने इस सप्ताह भारी बारिश की चेतावनी जारी की है।""",0
"""नई दिल्ली में सार्वजनिक परिवहन व्यवस्था में सुधार के लिए योजना बनाई जा रही है।""",0
"""ऑनलाइन शिक्षा प्लेटफॉर्म ने नए कोर्सेज की घोषणा की है।""",0
"""बाजार में सब्जियों के दामों में अचानक वृद्धि हुई है।""",0
"""फिल्म समीक्षा: नई रिलीज हुई एक्शन मूवी दर्शकों को पसंद आई।""",0
"""स्मार्टफोन कंपनियों ने नए मॉडल लॉन्च करने की योजना बनाई।""",0
"""सर्दियों में स्वस्थ रहने के लिए डॉक्टरों ने सलाह दी।""",0
"""क्रिकेट मैच के दौरान दर्शकों ने जोरदार मनोरंजन किया।""",0
"""बागवानी के शौकीनों के लिए नई किस्म के बीज उपलब्ध हैं।""",0
"""नए रेस्तरां में स्वादिष्ट व्यंजनों की विविधता देखने को मिली।""",0
"""गांवों में डिजिटल भुगतान का उपयोग बढ़ रहा है।""",0
"""नए शोध के अनुसार योग तनाव कम करने में मददगार है।""",0
"""शहर के पार्कों में सुबह की सैर करने वालों की संख्या बढ़ी।""",0
"""मोबाइल गेमिंग इंडस्ट्री ने नया रिकॉर्ड बनाया।""",0
"""घर पर बने नुस्खे त्वचा के लिए फायदेमंद हो सकते हैं।""",0
"""अंतर्राष्ट्रीय सम्मेलन में पर्यावरण संरक्षण पर चर्चा हुई।""",0
"""नए साल के जश्न की तैयारियां जोरों पर हैं।""",0
"""पुस्तक मेले में बच्चों के लिए विशेष सेक्शन बनाया गया।""",0
"""सर्दियों में गर्म कपड़ों की मांग बढ़ गई है।""",0
"""किसानों को नई तकनीक से खेती करने की सलाह दी गई।""",0
"""ऑनलाइन शॉपिंग में फेस्टिवल सेल की शुरुआत हो चुकी है।""",0
"""नए साल के लिए फिटनेस प्लान बनाने की सलाह दी जा रही है।""",0
"""शहर में साइकिल शेयरिंग सिस्टम लोकप्रिय हो रहा है।""",0
"""मोबाइल बैंकिंग ऐप ने नए फीचर्स जोड़े हैं।""",0
"""स्कूलों में नए शैक्षणिक सत्र की तैयारियां शुरू हो गई हैं।""",0
"""सोशल मीडिया पर नए ट्रेंड्स देखने को मिल रहे हैं।""",0
"""सर्दियों में गर्म सूप पीने के फायदे बताए गए।""",0
"""पुरानी इमारतों के रखरखाव पर चर्चा हुई।""",0
"""कॉलेजों में नए शोध प्रोजेक्ट्स की शुरुआत हुई है।""",0
"""फिल्म उद्योग में नए डायरेक्टर्स को मौका मिल रहा है।""",0
"""खेल प्रतियोगिता में युवाओं ने बढ़-चढ़कर हिस्सा लिया।""",0
"""नए वर्क फ्रॉम होम टूल्स ने काम को आसान बनाया।""",0
"""मेडिकल कैंप में मुफ्त जांच की सुविधा दी गई।""",0
"""ग्रीन टी के स्वास्थ्य लाभों पर चर्चा हुई।""",0
"""शहर में नए सांस्कृतिक कार्यक्रम आयोजित किए जाएंगे।""",0
"""बाजार में ऑर्गेनिक उत्पादों की मांग बढ़ी है।""",0
"""नए साल के लिए ट्रैवल प्लान बनाने की सलाह दी गई।""",0
"""किताब पढ़ने की आदत को बढ़ावा देने के लिए अभियान चलाया गया।""",0
"""फिटनेस एक्सपर्ट ने नए वर्कआउट रूटीन सुझाए।""",0
"""नए म्यूजिक एल्बम ने श्रोताओं का ध्यान खींचा।""",0
"""रेलवे ने यात्रियों के लिए नई सुविधाएं शुरू की हैं।""",0
"""पेट्रोल की कीमतों में गिरावट दर्ज की गई।""",0
"""हाल ही में हुए सर्वे में लोगों ने अपनी राय दी।""",0
"""विदेशी निवेशकों ने स्थानीय बाजार में दिलचस्पी दिखाई।""",0
"""विशेषज्ञों ने पौष्टिक आहार के महत्व पर जोर दिया।""",0
"""फिल्म फेस्टिवल में विभिन्न देशों की फिल्में दिखाई जाएंगी।""",0
"""1. नई शिक्षा नीति के तहत अब विद्यार्थियों को व्यावसायिक प्रशिक्षण भी मिलेगा।""",0
"""2. इस सप्ताह बाजार में सब्जियों के दामों में भारी गिरावट देखी गई है।""",0
"""3. नए स्मार्टफोन में बेहतरीन कैमरा और लंबी बैटरी लाइफ की सुविधा उपलब्ध है।""",0
"""4. मानसून के आगमन से किसानों को खेती के लिए राहत मिलने की उम्मीद है।""",0
"""5. घर पर योग करने से तनाव कम करने में मदद मिलती है।""",0
"""6. ऑनलाइन पाठ्यक्रमों ने शिक्षा प्राप्त करना आसान बना दिया है।""",0
"""7. स्थानीय बाजार में हाथ से बने सामानों की मांग बढ़ रही है।""",0
"""8. नए शोध के अनुसार नियमित व्यायाम स्वास्थ्य के लिए बेहद फायदेमंद है।""",0
"""9. ट्रैवल ब्लॉगर्स ने पहाड़ी इलाकों की यात्रा के अनुभव साझा किए।""",0
"""10. पुरानी फिल्मों को डिजिटल प्लेटफॉर्म पर देखने का चलन बढ़ा है।""",0
"""11. नए रेस्टोरेंट में स्वादिष्ट स्थानीय व्यंजन परोसे जाते हैं।""",0
"""12. गर्मियों में हल्के और सूती कपड़े पहनने की सलाह दी जाती है।""",0
"""13. किताब पढ़ने से एकाग्रता बढ़ाने में मदद मिलती है।""",0
"""14. शहर में नए पार्क के निर्माण से लोगों को खुशी हुई।""",0
"""15. मोबाइल बैंकिंग ने लेनदेन को तेज और सुरक्षित बना दिया है।""",0
"""16. वर्क फ्रॉम होम के बाद लोगों ने घर पर कार्यालय स्थापित किए।""",0
"""17. प्रदूषण कम करने के लिए सार्वजनिक परिवहन का उपयोग बढ़ाना जरूरी है।""",0
"""18. सर्दियों में गर्म पेय पीने से शरीर को गर्मी मिलती है।""",0
"""19. नए एप्लिकेशन ने ऑनलाइन शॉपिंग को और आसान बना दिया है।""",0
"""20. बच्चों के लिए शैक्षिक खिलौनों की मांग बढ़ रही है।""",0
"""21. चाय की नई वैरायटी ने उपभोक्ताओं का ध्यान खींचा है।""",0
"""22. फिटनेस ट्रैकर पहनने से दैनिक गतिविधियों पर नजर रखी जा सकती है।""",0
"""23. घरेलू नुस्खे अपनाकर कई समस्याओं से निजात पाई जा सकती है।""",0
"""24. सोलर एनर्जी के इस्तेमाल से बिजली बिल कम किए जा सकते हैं।""",0
"""25. नए वीडियो गेम ने युवाओं के बीच लोकप्रियता हासिल की है।""",0
"""26. सार्वजनिक पुस्तकालयों में पढ़ने की संस्कृति को बढ़ावा दिया जा रहा है।""",0
"""27. पालतू जानवर रखने से मानसिक स्वास्थ्य में सुधार होता है।""",0
"""28. नए टूर पैकेजों ने पर्यटकों को आकर्षित किया है।""",0
"""29. कारपूलिंग करने से यातायात और प्रदूषण दोनों कम होते हैं।""",0
"""30. वसंत ऋतु में प्रकृति का नजारा बेहद सुंदर होता है।""",0
"""31. खाद्य पदार्थों में प्रिजर्वेटिव्स के उपयोग पर सवाल उठाए गए हैं।""",0
"""32. वेबिनार के जरिए लोगों ने नए कौशल सीखे।""",0
"""33. छोटे बच्चों के लिए पौष्टिक आहार बनाने की विधियां साझा की गईं।""",0
"""34. मौसम के बदलाव ने कृषि उत्पादन को प्रभावित किया है।""",0
"""35. नए डिजाइन के फर्नीचर ने ग्राहकों का ध्यान खींचा।""",0
"""36. साइकिल चलाने से स्वास्थ्य और पर्यावरण दोनों को फायदा होता है।""",0
"""37. नए संगीत एल्बम ने श्रोताओं को मंत्रमुग्ध कर दिया।""",0
"""38. समुद्र तट पर सफाई अभियान चलाया गया।""",0
"""39. बजट फ्रेंडली स्मार्टफोन ने बाजार में धूम मचाई।""",0
"""40. कॉफी शॉप्स में काम करते हुए पढ़ने का चलन बढ़ा है।""",0
"""41. नए रोबोट ने घरेलू कामों में मदद करना शुरू किया।""",0
"""42. सोशल मीडिया पर पुरानी यादें ताजा करने का ट्रेंड चल पड़ा।""",0
"""43. घर पर बने मास्क त्वचा के लिए फायदेमंद होते हैं।""",0
"""44. डिजिटल भुगतान प्रणाली ने लेनदेन को सरल बना दिया है।""",0
"""45. नए कॉमेडी शो ने दर्शकों को खूब हंसाया।""",0
"""46. स्थानीय कलाकारों द्वारा बनाई गई कलाकृतियों की प्रदर्शनी लगाई गई।""",0
"""47. बारिश के मौसम में सड़कों की हालत खराब हो जाती है।""",0
"""48. नए हेल्थ ड्रिंक ने बाजार में अपनी पहचान बनाई।""",0
"""49. किचन गार्डनिंग करने से ताजी सब्जियां मिलती हैं।""",0
"""50. वॉकिंग ग्रुप ने लोगों को स्वस्थ जीवनशैली अपनाने के लिए प्रेरित किया।""",0
"""कल के मैच में टीम ने शानदार प्रदर्शन किया।""",0
"""नए स्मार्टफोन की बैटरी लाइफ बेहतरीन है।""",0
"""योगा करने से तनाव कम होता है।""",0
"""मौसम विभाग ने आज बारिश की चेतावनी जारी की।""",0
"""इस रेस्टोरेंट में खाने का स्वाद अद्भुत है।""",0
"""ऑनलाइन क्लासेस से शिक्षा प्रणाली में बदलाव आया है।""",0
"""नए सीज़न की फिल्में बॉक्स ऑफिस पर धमाल मचा रही हैं।""",0
"""बाज़ार में सब्जियों के दाम बढ़ गए हैं।""",0
"""फिटनेस ट्रेनर ने वर्कआउट रूटीन साझा किया।""",0
"""विद्यार्थियों के लिए नई छात्रवृत्ति योजना शुरू हुई।""",0
"""इस एप्प से घर बैठे बिल भर सकते हैं।""",0
"""किसानों को नई तकनीक के बारे में जागरूक किया जा रहा है।""",0
"""अगले सप्ताह तापमान में गिरावट का अनुमान है।""",0
"""नए शोध के अनुसार ग्रीन टी स्वास्थ्य के लिए फायदेमंद है।""",0
"""शहर में ट्रैफिक जाम की समस्या बढ़ रही है।""",0
"""इस साल पर्यटकों की संख्या में वृद्धि हुई है।""",0
"""घर पर बने खाने का मज़ा ही कुछ और है।""",0
"""नए गेमिंग कंसोल की बिक्री रिकॉर्ड तोड़ने वाली है।""",0
"""सरकार ने स्वास्थ्य योजना को और विस्तारित किया।""",0
"""पुस्तक मेले में इस बार विशेष छूट दी जा रही है।""",0
"""कंपनी ने नए प्रोडक्ट लॉन्च करने की घोषणा की।""",0
"""बच्चों के लिए नए शैक्षिक ऐप्स उपलब्ध हैं।""",0
"""सोशल मीडिया पर फिटनेस ट्रेंड चल रहा है।""",0
"""इस दवाई के साइड इफेक्ट्स के बारे में जानकारी दी गई।""",0
"""नए साल में यात्रा करने की योजना बना रहे हैं।""",0
"""कॉलेजों में एडमिशन प्रक्रिया शुरू हो गई है।""",0
"""बाज़ार में ऑर्गेनिक उत्पादों की मांग बढ़ी है।""",0
"""विशेषज्ञों ने निवेश के नए तरीके सुझाए।""",0
"""इस सीज़न में फैशन ट्रेंड्स काफी बदल गए हैं।""",0
"""सड़क सुरक्षा के लिए नए नियम लागू हुए हैं।""",0
"""गर्मियों में ठंडे पेय पदार्थों की खपत बढ़ जाती है।""",0
"""वैज्ञानिकों ने नई शोध रिपोर्ट प्रकाशित की।""",0
"""इस एप्प की मदद से भाषा सीखना आसान हो गया है।""",0
"""पिछले महीने कारों की बिक्री में गिरावट आई है।""",0
"""यह नुस्खा आपके खाने का स्वाद बदल देगा।""",0
"""नए सॉफ्टवेयर अपडेट से सिस्टम तेज हुआ है।""",0
"""विदेशी मुद्रा बाजार में उतार-चढ़ाव जारी है।""",0
"""इस किताब ने पाठकों का दिल जीत लिया।""",0
"""घर की सजावट के लिए नए आइडियाज़ सामने आए हैं।""",0
"""सर्दियों में त्वचा की देखभाल ज़रूरी हो जाती है।""",0
"""नए नियमों के तहत बैंक शुल्क में बदलाव हुआ है।""",0
"""इस टेक्नोलॉजी ने उद्योग को बदल कर रख दिया।""",0
"""वर्क फ्रॉम होम कल्चर अब आम हो गया है।""",0
"""चिकित्सा क्षेत्र में नए शोध ने उम्मीद जगाई है।""",0
"""इस साल फसल उत्पादन अच्छा रहने की उम्मीद है।""",0
"""छुट्टियों के लिए हिल स्टेशन जाने की योजना बना रहे हैं।""",0
"""नए नियमों से व्यापारियों को फायदा होगा।""",0
"""खेल प्रतियोगिता में भाग लेने के लिए रजिस्ट्रेशन शुरू।""",0
"""इस डाइट प्लान से वजन कम करने में मदद मिलती है।""",0
"""सोलर एनर्जी के उपयोग को बढ़ावा दिया जा रहा है।""",0
"""मौसम विभाग ने अगले सप्ताह भारी बारिश की चेतावनी जारी की है।""",0
"""नई स्मार्टफोन तकनीक से बैटरी लाइफ में ३०% सुधार हुआ है।""",0
"""विदेशी पर्यटकों के लिए भारत में यात्रा वीजा नियमों में ढील दी गई।""",0
"""फिल्म समीक्षा: यह नई रिलीज हास्य और रोमांच का सही मिश्रण है।""",0
"""स्वास्थ्य विशेषज्ञों ने रोजाना ३० मिनट योग करने की सलाह दी।""",0
"""ई-कॉमर्स वेबसाइट पर फ्लैट ५०% छूट का सेल शुरू हुआ।""",0
"""शिक्षा मंत्रालय ने नए शैक्षणिक सत्र के लिए पाठ्यक्रम अपडेट किया।""",0
"""किसानों को नई कृषि योजना के तहत बीज और उर्वरक सब्सिडी मिलेगी।""",0
"""टेक कंपनी ने अगले महीने नया वॉयस असिस्टेंट लॉन्च करने की घोषणा की।""",0
"""मोबाइल बैंकिंग ऐप के नए अपडेट में सुरक्षा सुविधाएं बढ़ाई गई हैं।""",0
"""स्थानीय बाजार में सब्जियों के दाम इस सप्ताह २०% बढ़ गए।""",0
"""नए शोध के अनुसार ग्रीन टी पीने से तनाव कम होता है।""",0
"""ऑटोमोबाइल कंपनी ने इलेक्ट्रिक कार की कीमत में कटौती की घोषणा की।""",0
"""सोशल मीडिया प्लेटफॉर्म ने यूजर प्राइवेसी सेटिंग्स में बदलाव किए हैं।""",0
"""खेल समाचार: राष्ट्रीय टीम ने आज प्रैक्टिस मैच जीता।""",0
"""विद्युत विभाग ने कल रात को हुए बिजली कटौती के लिए माफी मांगी।""",0
"""फिटनेस एक्सपर्ट्स सुबह की सैर को स्वास्थ्य के लिए फायदेमंद बताते हैं।""",0
"""नया वेब ब्राउजर तेज स्पीड और बेहतर सुरक्षा प्रदान करता है।""",0
"""वैज्ञानिकों ने प्लास्टिक कचरे को रिसाइकिल करने की नई तकनीक खोजी।""",0
"""ऑनलाइन शॉपिंग के दौरान ग्राहकों को नकली उत्पादों से सावधान रहने को कहा गया।""",0
"""बैंकों ने होम लोन पर ब्याज दरों में कमी की है।""",0
"""सर्दियों में त्वचा की देखभाल के लिए विशेषज्ञों ने टिप्स साझा किए।""",0
"""खाद्य सुरक्षा अधिकारियों ने रेस्तरां निरीक्षण अभियान शुरू किया।""",0
"""नए अध्ययन में पाया गया कि संगीत सुनने से नींद की गुणवत्ता बढ़ती है।""",0
"""सरकार ने ग्रामीण क्षेत्रों में इंटरनेट कनेक्टिविटी बढ़ाने की योजना बनाई।""",0
"""मोबाइल गेमिंग इंडस्ट्री ने पिछले साल २०% की वृद्धि दर्ज की।""",0
"""आज शाम को शहर के पार्क में मुफ्त योग शिविर आयोजित किया जाएगा।""",0
"""एयरलाइन कंपनी ने घरेलू उड़ानों के लिए छूट योजना शुरू की।""",0
"""नए डिजिटल प्लेटफॉर्म पर ई-बुक्स की बिक्री तेजी से बढ़ रही है।""",0
"""विश्व स्वास्थ्य संगठन ने नए टीकों को सुरक्षित बताया।""",0
"""वित्तीय सलाहकारों ने निवेशकों को विविध पोर्टफोलियो बनाने की सलाह दी।""",0
"""खाद्य पदार्थों की पैकेजिंग में बायोडिग्रेडेबल मटेरियल का उपयोग बढ़ा।""",0
"""कल से रेलवे स्टेशनों पर नए स्मार्ट टिकटिंग सिस्टम की शुरुआत होगी।""",0
"""फैशन शो में स्थायी और पर्यावरण अनुकूल कपड़ों को प्रदर्शित किया गया।""",0
"""सोलर एनर्जी उत्पादन में देश ने नया रिकॉर्ड बनाया।""",0
"""शहर के मुख्य चौराहे पर ट्रैफिक प्रबंधन के लिए नई योजना लागू की गई।""",0
"""नए कानून के तहत प्लास्टिक बैग के उपयोग पर प्रतिबंध लगाया गया।""",0
"""शैक्षणिक संस्थानों ने ऑनलाइल पढ़ाई के लिए नए टूल्स अपनाए।""",0
"""कोरोना वायरस के नए वेरिएंट से बचाव के लिए दिशानिर्देश जारी किए गए।""",0
"""कृषि वैज्ञानिकों ने कम पानी में उगने वाली फसलों पर शोध शुरू किया।""",0
"""बच्चों के लिए नया एजुकेशनल ऐप डाउनलोड के लिए उपलब्ध है।""",0
"""पेट्रोल की कीमतों में आज फिर से मामूली वृद्धि हुई।""",0
"""नए सर्वे के मुताबिक ७०% युवा ऑनलाइल कोर्सेस पसंद करते हैं।""",0
"""कल से सिनेमा हॉल में नई हॉरर फिल्म रिलीज हो रही है।""",0
"""देशभर में राष्ट्रीय स्वच्छता अभियान के तहत कार्यक्रम आयोजित किए जा रहे हैं।""",0
"""एयर क्वालिटी इंडेक्स में सुधार के लिए सरकार ने नए नियम बनाए।""",0
"""नए सॉफ्टवेयर अपडेट से कंप्यूटर की परफॉर्मेंस बेहतर हुई है।""",0
"""शाकाहारी भोजन की मांग में पिछले साल २५% की वृद्धि हुई।""",0
"""बैंक ने नए ग्राहकों के लिए जीरो बैलेंस अकाउंट की सुविधा शुरू की।""",0
"""नए शोध में पाया गया कि दालचीनी के सेवन से ब्लड शुगर नियंत्रित रहता है।""",0
"""सरकार ने स्टार्टअप्स को प्रोत्साहित करने के लिए नई योजना की घोषणा की।""",0
"""मौसम विभाग ने इस सप्ताह भारी बारिश की चेतावनी जारी की है।""",0
"""नए स्मार्टफोन मॉडल में कैमरा क्वालिटी और बैटरी लाइफ में सुधार हुआ है।""",0
"""किसानों को अगली फसल के लिए बेहतर बीज उपलब्ध कराने की योजना बनाई जा रही है।""",0
"""योग दिवस पर शहर के मैदान में हजारों लोगों ने हिस्सा लिया।""",0
"""ऑनलाइन शिक्षा प्लेटफॉर्म ने नए कोर्सेज की घोषणा की।""",0
"""सड़क सुरक्षा अभियान के तहत हेलमेट पहनने की अपील की गई।""",0
"""खाद्य विभाग ने दूध की गुणवत्ता जांचने के लिए नए मानक तय किए।""",0
"""क्रिकेट टीम ने आज मैच में शानदार प्रदर्शन किया।""",0
"""विद्युत विभाग ने गर्मियों में बिजली कटौती को कम करने का वादा किया।""",0
"""नए शोध के अनुसार हरी सब्जियों का सेवन स्वास्थ्य के लिए फायदेमंद है।""",0
"""शहर के पार्कों में फिटनेस उपकरण लगाए जाने की योजना है।""",0
"""मोबाइल बैंकिंग का उपयोग करने वाले यूजर्स की संख्या बढ़ी है।""",0
"""सिनेमा हॉल्स में नई फिल्मों के टिकट की बुकिंग शुरू हो गई है।""",0
"""बाजार में फलों और सब्जियों के दामों में गिरावट दर्ज की गई।""",0
"""रेलवे ने त्योहारी सीजन के लिए अतिरिक्त ट्रेनें चलाने की घोषणा की।""",0
"""नए साल पर शहर में कई सांस्कृतिक कार्यक्रम आयोजित होंगे।""",0
"""सरकार ने छोटे व्यापारियों के लिए ऋण योजना शुरू की है।""",0
"""इंटरनेट स्पीड बढ़ाने के लिए नेटवर्क अपग्रेड किया जा रहा है।""",0
"""हॉस्पिटल में मरीजों के लिए नए वार्ड खोले गए हैं।""",0
"""स्कूली बच्चों के लिए विज्ञान प्रदर्शनी का आयोजन किया गया।""",0
"""पेट्रोल और डीजल के दामों में मामूली बढ़ोतरी हुई है।""",0
"""नए पुस्तकालय में पढ़ने के लिए हजारों किताबें उपलब्ध हैं।""",0
"""कंपनी ने अपने कर्मचारियों के लिए वर्क फ्रॉम होम विकल्प दिया।""",0
"""बैंक ने नए ग्राहकों के लिए ब्याज दरों में कटौती की।""",0
"""कचरा प्रबंधन को बेहतर बनाने के लिए नई तकनीक अपनाई जा रही है।""",0
"""खेल प्रतियोगिता में युवाओं ने उत्साहपूर्वक भाग लिया।""",0
"""नए रेस्तरां में स्वादिष्ट और सेहतमंद खाने की पेशकश है।""",0
"""बारिश के कारण कई सड़कों पर जलभराव की समस्या हुई।""",0
"""दिव्यांग लोगों के लिए सार्वजनिक स्थानों पर रैंप बनाए गए।""",0
"""मेट्रो स्टेशन पर यात्रियों की सुविधा के लिए नई सुविधाएं जोड़ी गईं।""",0
"""विद्युत बचत के लिए एलईडी बल्बों के उपयोग को बढ़ावा दिया जा रहा है।""",0
"""खाद्य पदार्थों में मिलावट रोकने के लिए सख्त नियम बनाए गए।""",0
"""नए पार्क में बच्चों के लिए खेलने की अच्छी व्यवस्था है।""",0
"""बाजार में ऑर्गेनिक उत्पादों की मांग बढ़ रही है।""",0
"""विदेशी पर्यटकों के लिए ई-वीजा प्रक्रिया सरल बनाई गई।""",0
"""शहर के बस स्टैंड को और व्यवस्थित बनाने का निर्णय लिया गया।""",0
"""नए अस्पताल में आधुनिक मेडिकल उपकरण लगाए गए हैं।""",0
"""घरों में सोलर पैनल लगाने पर सब्सिडी दी जा रही है।""",0
"""बारिश के मौसम में मच्छरों से बचाव के उपाय बताए गए।""",0
"""कॉलेज में नए सत्र के लिए प्रवेश प्रक्रिया शुरू हो चुकी है।""",0
"""वायु प्रदूषण कम करने के लिए वृक्षारोपण अभियान चलाया जा रहा है।""",0
"""नए होटल में सभी आधुनिक सुविधाएं उपलब्ध हैं।""",0
"""कृषि विभाग ने किसानों को बेहतर तकनीक सिखाने के लिए प्रशिक्षण दिया।""",0
"""पुस्तक मेले में नई रिलीज हुई किताबों की भरमार है।""",0
"""स्कूलों में डिजिटल शिक्षा को बढ़ावा देने के लिए टैबलेट वितरित किए गए।""",0
"""मॉल में त्योहारी सेल के दौरान भारी भीड़ देखी गई।""",0
"""बैंक ने ऑनलाइन लेनदेन की सीमा बढ़ा दी है।""",0
"""नए स्पोर्ट्स कॉम्प्लेक्स में तैराकी और जिम की सुविधा उपलब्ध है।""",0
"""शहर में साइकिल शेयरिंग सिस्टम की शुरुआत हुई।""",0
"""राष्ट्रीय स्वच्छता अभियान के तहत गली-मोहल्लों की सफाई की गई।""",0
"""नए शॉपिंग प्लाजा में ब्रांडेड दुकानें खोली जा रही हैं।""",0
"""मोबाइल ऐप के जरिए बस और ट्रेन की लाइव लोकेशन देखी जा सकती है।""",0
"""कॉर्पोरेट कार्यालयों में एनर्जी सेविंग डिवाइस लगाए जा रहे हैं।""",0
"""मौसम विभाग ने अगले सप्ताह भारी बारिश की चेतावनी जारी की है।""",0
"""नए स्मार्टफोन मॉडल में बेहतर कैमरा और बैटरी लाइफ की सुविधा है।""",0
"""किसानों को फसल बीमा योजना के बारे में जागरूक करने के लिए कार्यक्रम आयोजित किया गया।""",0
"""ऑनलाइन शिक्षा प्लेटफॉर्म पर नए कोर्सेज की शुरुआत हुई है।""",0
"""पेट्रोल की कीमतों में एक बार फिर बढ़ोतरी देखी गई।""",0
"""फिल्म समीक्षा: यह कॉमेडी ड्रामा दर्शकों को खूब पसंद आ रहा है।""",0
"""सोशल मीडिया पर वायरल हुए नए डांस स्टेप्स की चर्चा हो रही है।""",0
"""सर्दियों में स्वस्थ रहने के लिए विशेषज्ञों ने डाइट टिप्स दिए।""",0
"""देशभर में सार्वजनिक परिवहन की सुविधा में सुधार की मांग उठ रही है।""",0
"""नए शोध के अनुसार, योग तनाव कम करने में कारगर साबित होता है।""",0
"""ऑटोमोबाइल कंपनी ने इलेक्ट्रिक वाहनों की नई लाइन लॉन्च की।""",0
"""खाद्य सुरक्षा अधिकारियों ने नकली मावा की बिक्री पर रोक लगाई।""",0
"""लोकप्रिय वेब सीरीज के नए सीजन की शूटिंग शुरू हो गई है।""",0
"""पुस्तक समीक्षा: यह उपन्यास समकालीन समस्याओं पर प्रकाश डालता है।""",0
"""बाजार में नए आए डिजिटल वॉलेट ऐप की सुविधाओं की तारीफ हो रही है।""",0
"""गर्मियों में पानी की कमी से निपटने के लिए जल संरक्षण पर जोर दिया जा रहा है।""",0
"""सरकार ने छोटे व्यवसायों को लोन देने की नई योजना की घोषणा की।""",0
"""फिटनेस ट्रेनर्स ने घर पर वर्कआउट करने के आसान तरीके बताए।""",0
"""सोलर एनर्जी को बढ़ावा देने के लिए नई सब्सिडी योजना शुरू हुई।""",0
"""नए रेस्तरां में पारंपरिक व्यंजनों के साथ आधुनिक ट्विस्ट दिया गया है।""",0
"""शहरी इलाकों में हरित भवन निर्माण को प्रोत्साहित किया जा रहा है।""",0
"""क्रिकेट टूर्नामेंट के लिए टीमों का चयन प्रक्रिया जारी है।""",0
"""नए एयरपोर्ट टर्मिनल के निर्माण कार्य में तेजी लाई गई है।""",0
"""विद्यार्थियों के लिए निशुल्क कोचिंग क्लासेस की व्यवस्था की गई।""",0
"""हेल्थ एक्सपर्ट्स ने नियमित एक्सरसाइज के फायदे बताए।""",0
"""नए फैशन ट्रेंड्स में सस्टेनेबल कपड़ों की मांग बढ़ रही है।""",0
"""संगीत प्रेमियों के लिए ऑनलाइन कॉन्सर्ट की घोषणा हुई।""",0
"""शॉपिंग मॉल में फेस्टिव सीजन के लिए विशेष ऑफर्स चल रहे हैं।""",0
"""कंप्यूटर साइंस के छात्रों के लिए नया कोडिंग प्रोग्राम शुरू हुआ।""",0
"""बागवानी शौकीनों के लिए नए प्रकार के पौधे बाजार में उपलब्ध हैं।""",0
"""सोशल मीडिया पर विज्ञापन नीतियों में बदलाव किए गए हैं।""",0
"""नए वीकेंड गेटवे पैकेजों की यात्रा वेबसाइट पर बुकिंग शुरू हो गई।""",0
"""पब्लिक पार्कों में सुबह-शाम वॉकिंग ग्रुप बन रहे हैं।""",0
"""खेल प्राधिकरण ने युवा प्रतिभाओं को तलाशने के लिए कैंप आयोजित किया।""",0
"""बैंकों ने डिजिटल ट्रांजैक्शन को सुरक्षित बनाने के नए उपाय किए हैं।""",0
"""मोबाइल गेमिंग इंडस्ट्री में नई टेक्नोलॉजी का इस्तेमाल बढ़ रहा है।""",0
"""शहर के मुख्य चौराहे पर ट्रैफिक व्यवस्था में सुधार किया गया।""",0
"""नए लॉन्च हुए किचन गैजेट्स की समीक्षा में अच्छे रिव्यू मिले।""",0
"""विश्वविद्यालयों में रिसर्च प्रोजेक्ट्स के लिए फंडिंग बढ़ाई गई।""",0
"""सिनेमा हॉल्स में नई फिल्मों के शो टाइमिंग जारी किए गए।""",0
"""आयुर्वेदिक उत्पादों की मांग बाजार में तेजी से बढ़ रही है।""",0
"""नए डेस्कटॉप सॉफ्टवेयर ने यूजर्स का काम आसान बना दिया है।""",0
"""खाद्य उद्योग में पैकेजिंग के नए मानक तय किए गए।""",0
"""घर बैठे ऑनलाइन लर्निंग के लिए नए ऐप्स डाउनलोड किए जा रहे हैं।""",0
"""विदेशी पर्यटकों के लिए सांस्कृतिक कार्यक्रमों का आयोजन किया गया।""",0
"""बाइक एंथुजियास्ट्स के लिए नई रेसिंग इवेंट की तैयारी चल रही है।""",0
"""फूड डिलीवरी सर्विसेज ने तेज और सुरक्षित डिलीवरी का वादा किया।""",0
"""स्कूलों में डिजिटल लाइब्रेरी सिस्टम को अपनाया जा रहा है।""",0
"""घरेलू उपकरणों की मरम्मत के लिए नई सर्विस सेंटर खुले हैं।""",0
"""एयरलाइन्स ने डोमेस्टिक फ्लाइट्स के लिए डिस्काउंट ऑफर दिया है।""",0
"""रेडियो स्टेशन पर नए म्यूजिक शो की शुरुआत हुई।""",0
"""सरकार ने नई शिक्षा नीति पर चर्चा शुरू की है।""",0
"""मोबाइल फोन की नई तकनीक जल्द ही बाजार में आएगी।""",0
"""विदेश यात्रा के लिए नए नियम लागू हुए हैं।""",0
"""बाजार में फलों और सब्जियों की कीमतें बढ़ गई हैं।""",0
"""नए शोध में स्वास्थ्य लाभ के लिए योग के फायदे बताए गए।""",0
"""किसानों को नई योजना के तहत सब्सिडी मिलेगी।""",0
"""फिल्मों में विशेष इफेक्ट्स का उपयोग बढ़ रहा है।""",0
"""ऑनलाइन शॉपिंग की लोकप्रियता तेजी से बढ़ रही है।""",0
"""बारिश के मौसम में सड़कों की हालत खराब हो गई।""",0
"""नए स्मार्टवॉच में हेल्थ मॉनिटरिंग फीचर जोड़े गए हैं।""",0
"""पेट्रोल और डीजल की कीमतों में गिरावट दर्ज की गई।""",0
"""रेलवे ने नई ट्रेनों के लिए बुकिंग शुरू कर दी है।""",0
"""मोबाइल बैंकिंग का उपयोग करने वाले यूजर्स बढ़े हैं।""",0
"""नए साल पर देशभर में उत्सव का माहौल है।""",0
"""कंप्यूटर कोर्सेज की मांग में तेजी से वृद्धि हुई है।""",0
"""खेल प्रतियोगिता में नए नियम लागू किए गए हैं।""",0
"""बच्चों के लिए नए शैक्षिक ऐप लॉन्च किए गए।""",0
"""शहरों में प्रदूषण का स्तर फिर से बढ़ गया है।""",0
"""वैज्ञानिकों ने नई दवा की खोज की घोषणा की।""",0
"""सर्दियों में स्वास्थ्य का ध्यान रखने की सलाह दी गई।""",0
"""नए रेस्तरां में विभिन्न प्रकार के व्यंजन परोसे जाते हैं।""",0
"""कृषि क्षेत्र में नई तकनीक से उत्पादन बढ़ा है।""",0
"""ई-लर्निंग प्लेटफॉर्म पर कोर्सेज की संख्या बढ़ी है।""",0
"""बैंकों ने ब्याज दरों में बदलाव की घोषणा की।""",0
"""सोशल मीडिया पर नए ट्रेंड्स तेजी से वायरल हो रहे हैं।""",0
"""पर्यटन स्थलों पर सुरक्षा के इंतजाम किए गए हैं।""",0
"""फिटनेस सेंटर में नए उपकरण लगाए गए हैं।""",0
"""नए शोध के अनुसार, नींद स्वास्थ्य के लिए बहुत जरूरी है।""",0
"""मौसम विभाग ने अगले सप्ताह बारिश की संभावना जताई।""",0
"""कंपनी ने नए प्रोडक्ट लाइन की घोषणा की।""",0
"""स्कूलों में नए पाठ्यक्रम को लागू किया जाएगा।""",0
"""खाद्य सुरक्षा मानकों को सख्त किया गया है।""",0
"""विद्युत उपकरणों की मांग में उछाल आया है।""",0
"""नए वायरस के लक्षणों को पहचानने की सलाह दी गई।""",0
"""कार निर्माता कंपनी ने नए मॉडल पेश किए।""",0
"""सार्वजनिक परिवहन में सुधार के लिए योजना बनाई गई।""",0
"""जल संरक्षण के लिए नए अभियान शुरू हुए हैं।""",0
"""गर्मियों में पानी की कमी से बचने के उपाय बताए गए।""",0
"""फिल्म समीक्षकों ने नई रिलीज को सराहा।""",0
"""नए सॉफ्टवेयर अपडेट में बग्स ठीक किए गए।""",0
"""पुस्तक मेले में नए लेखकों को प्रोत्साहित किया गया।""",0
"""सरकार ने ग्रामीण विकास योजनाएं शुरू कीं।""",0
"""खेल टूर्नामेंट के लिए टीमों का चयन किया गया।""",0
"""उद्योग क्षेत्र में नौकरियों के अवसर बढ़े हैं।""",0
"""शहर में नए पार्क का निर्माण पूरा हुआ।""",0
"""चिकित्सा शोध ने नए इलाज की संभावना दिखाई।""",0
"""नए साल में आर्थिक विकास दर बढ़ने का अनुमान है।""",0
"""सोलर एनर्जी के उपयोग को बढ़ावा दिया जा रहा है।""",0
"""विदेशी निवेशकों ने बाजार में दिलचस्पी दिखाई।""",0
"""खाद्य पदार्थों की गुणवत्ता जांचने के नियम बने।""",0
"""नए म्यूजिक एल्बम को श्रोताओं ने पसंद किया।""",0
"""शिक्षकों के प्रशिक्षण कार्यक्रम आयोजित किए गए।""",0
"""पुरानी इमारतों के संरक्षण पर चर्चा हुई।""",0
"""आपदा प्रबंधन टीम ने तैयारियां पूरी कीं।""",0
"""नए विज्ञापन अभियान ने ध्यान आकर्षित किया।""",0
"""मौसम विभाग ने आने वाले सप्ताह में भारी बारिश की चेतावनी जारी की है।""",0
"""नई दिल्ली में सब्जियों के दाम बढ़ने से आम लोगों पर बोझ बढ़ा।""",0
"""स्मार्टफोन कंपनियां अगले महीने नए मॉडल लॉन्च करने की तैयारी में हैं।""",0
"""फिटनेस एक्सपर्ट्स सुबह की वॉक को सेहत के लिए फायदेमंद बताते हैं।""",0
"""ऑनलाइन शिक्षा प्लेटफॉर्म पर कोर्सेज की मांग बढ़ी है।""",0
"""किसानों को बेहतर उपज के लिए आधुनिक तकनीक अपनाने की सलाह दी गई।""",0
"""देश में इलेक्ट्रिक वाहनों की बिक्री पिछले साल के मुकाबले दोगुनी हुई।""",0
"""वैज्ञानिकों ने एक नई दवा पर शोध करने का दावा किया है।""",0
"""योगा करने से तनाव कम होता है, यह कई अध्ययनों में साबित हुआ है।""",0
"""स्थानीय बाजार में ताजे फलों की आवक बढ़ने से कीमतें स्थिर हुईं।""",0
"""मोबाइल बैंकिंग के इस्तेमाल में पिछले पांच साल में काफी वृद्धि हुई।""",0
"""खेल मंत्रालय ने युवाओं के लिए नई फिटनेस योजना शुरू की।""",0
"""दिवाली के मौके पर ऑनलाइन शॉपिंग में रिकॉर्ड वृद्धि दर्ज की गई।""",0
"""बच्चों में पढ़ने की आदत विकसित करने के लिए कार्यक्रम चलाया जाएगा।""",0
"""विदेशी पर्यटकों को आकर्षित करने के लिए नए प्रचार अभियान शुरू होंगे।""",0
"""कॉलेजों में आर्टिफिशियल इंटेलिजेंस कोर्स की मांग बढ़ रही है।""",0
"""पिछले महीने कारों की बिक्री में 15% की गिरावट देखी गई।""",0
"""हॉस्पिटल्स में डिजिटल रिकॉर्ड सिस्टम अपनाने से काम आसान हुआ है।""",0
"""सरकार ने गांवों में इंटरनेट कनेक्टिविटी बढ़ाने का फैसला किया।""",0
"""पेट्रोल की कीमतों में कमी से ट्रांसपोर्ट क्षेत्र को राहत मिली।""",0
"""नए साल पर पर्यटन स्थलों पर भीड़ बढ़ने की उम्मीद है।""",0
"""सोलर एनर्जी के इस्तेमाल को बढ़ावा देने के लिए सब्सिडी दी जाएगी।""",0
"""ऑटोमोबाइल सेक्टर में नई तकनीक के इस्तेमाल पर चर्चा हुई।""",0
"""किसानों के लिए मौसम की जानकारी देने वाला ऐप लॉन्च किया गया।""",0
"""शहरों में पब्लिक ट्रांसपोर्ट सुधारने के लिए नई योजना बनाई गई।""",0
"""फिल्म उद्योग में डिजिटल प्लेटफॉर्म पर कंटेंट की मांग बढ़ी है।""",0
"""बैंकों ने लोन पर ब्याज दरें कम करने का एलान किया।""",0
"""विद्यार्थियों के लिए ऑनलाइन पढ़ाई के संसाधन बढ़ाए जाएंगे।""",0
"""कंपनियां वर्क फ्रॉम होम को बढ़ावा दे रही हैं।""",0
"""मेडिकल कॉलेजों में नए कोर्स शुरू करने की योजना है।""",0
"""देश में एयर प्रदूषण को कम करने के उपायों पर चर्चा हुई।""",0
"""कैशलेस ट्रांजैक्शन को बढ़ावा देने के लिए जागरूकता अभियान चलाया जाएगा।""",0
"""स्कूलों में खेल गतिविधियों को अनिवार्य करने की मांग उठी।""",0
"""नए स्टार्टअप को सरकारी सहायता मिलेगी।""",0
"""मोबाइल नेटवर्क कंपनियों ने डाटा प्लान सस्ते किए।""",0
"""शहर में नए पार्क बनाने की योजना को मंजूरी मिली।""",0
"""बाजार में ऑर्गेनिक उत्पादों की मांग तेजी से बढ़ रही है।""",0
"""नेशनल हाईवे को चौड़ा करने का काम जल्द शुरू होगा।""",0
"""एक्सपर्ट्स का कहना है कि नियमित व्यायाम से इम्यूनिटी बढ़ती है।""",0
"""कृषि क्षेत्र में नई तकनीकों के इस्तेमाल पर सेमिनार आयोजित हुआ।""",0
"""पुराने इलाकों में सड़क मरम्मत का काम तेजी से चल रहा है।""",0
"""मेट्रो सिटीज में वायु प्रदूषण नियंत्रण के उपायों पर बैठक हुई।""",0
"""ग्रामीण इलाकों में स्वास्थ्य सुविधाएं बढ़ाने का प्रस्ताव पारित हुआ।""",0
"""इंफ्रास्ट्रक्चर डेवलपमेंट के लिए निजी निवेश को प्रोत्साहित किया जाएगा।""",0
"""शिक्षा मंत्रालय ने स्कूली बच्चों के लिए नया पाठ्यक्रम तैयार किया है।""",0
"""खाद्य सुरक्षा मानकों को लेकर नए दिशा-निर्देश जारी किए गए।""",0
"""पब्लिक पार्कों में फिटनेस जोन बनाए जाएंगे।""",0
"""डिजिटल मार्केटिंग में करियर बनाने के इच्छुक युवाओं की संख्या बढ़ी है।""",0
"""सरकार ने ग्रामीण रोजगार योजना के बजट में वृद्धि की।""",0
"""नए बस स्टैंडों के निर्माण से यातायात सुविधा बेहतर होगी।""",0
"""विदेशों से आयातित सामानों पर टैक्स में कमी की गई।""",0
"""1. नई दिल्ली में आज भारी बारिश के कारण यातायात प्रभावित हुआ।""",0
"""2. मोबाइल फोन की नई स्क्रीन टेक्नोलॉजी जल्द ही बाजार में आने वाली है।""",0
"""3. सर्दियों में गर्म पानी से नहाने से त्वचा रूखी हो सकती है।""",0
"""4. पिछले साल की तुलना में इस साल पर्यटकों की संख्या बढ़ी है।""",0
"""5. नए शोध के अनुसार रोजाना 30 मिनट की वॉक सेहत के लिए फायदेमंद है।""",0
"""6. लोकप्रिय टीवी शो का नया सीजन अगले महीने प्रसारित होगा।""",0
"""7. बच्चों में ऑनलाइन शिक्षा के प्रति रुचि बढ़ रही है।""",0
"""8. घर बनाते समय अच्छी सामग्री का इस्तेमाल करना जरूरी है।""",0
"""9. करीब 70% लोगों का मानना है कि जीवनशैली में बदलाव स्वास्थ्य के लिए अच्छा है।""",0
"""10. गर्मियों में तरबूज खाने से शरीर में पानी की कमी नहीं होती।""",0
"""11. नए बजट में शिक्षा क्षेत्र के लिए अधिक धनराशि आवंटित की गई है।""",0
"""12. आजकल युवाओं में फिटनेस को लेकर जागरूकता बढ़ रही है।""",0
"""13. देशभर में डिजिटल भुगतान प्रणाली का उपयोग बढ़ा है।""",0
"""14. मौसम विभाग ने आने वाले दिनों में ठंड बढ़ने की भविष्यवाणी की है।""",0
"""15. नई कार मॉडल में फ्यूल एफिशिएंसी को लेकर कई सुधार किए गए हैं।""",0
"""16. घर पर बनी हर्बल चाय पीने से इम्यूनिटी मजबूत होती है।""",0
"""17. सोशल मीडिया पर पुराने गानों की लोकप्रियता फिर से बढ़ रही है।""",0
"""18. छात्रों के लिए नए ऑनलाइन कोर्स शुरू किए गए हैं।""",0
"""19. बैंकों ने लोन पर ब्याज दरों में कमी की घोषणा की है।""",0
"""20. पिछले पांच सालों में डिजिटल मार्केटिंग का क्षेत्र तेजी से बढ़ा है।""",0
"""21. गांवों में इंटरनेट कनेक्टिविटी बेहतर होने से शिक्षा और रोजगार के अवसर बढ़े हैं।""",0
"""22. इस साल फिल्म उद्योग में कई नए निर्देशकों ने अपनी पहचान बनाई है।""",0
"""23. स्वस्थ रहने के लिए रोजाना सुबह योग करने की सलाह दी जाती है।""",0
"""24. नए स्मार्टफोन में कैमरा क्वालिटी पहले से काफी बेहतर है।""",0
"""25. अधिकतर लोग अब ऑनलाइन शॉपिंग को पसंद करने लगे हैं।""",0
"""26. विशेषज्ञों के अनुसार नींबू पानी पीने से वजन कम करने में मदद मिलती है।""",0
"""27. आने वाले महीनों में कई नई ट्रेन सेवाएं शुरू होने वाली हैं।""",0
"""28. एग्जाम के समय में स्टूडेंट्स को तनाव से बचने की सलाह दी जाती है।""",0
"""29. नई रिपोर्ट के मुताबिक खाद्य पदार्थों की कीमतों में वृद्धि हुई है।""",0
"""30. पिछले कुछ वर्षों में सोलर एनर्जी का उपयोग बढ़ा है।""",0
"""31. नए ब्रांड के कपड़ों की बिक्री इस सीज़न में अच्छी रही है।""",0
"""32. बरसात के मौसम में सड़कों पर गड्ढे बन जाते हैं।""",0
"""33. कुछ लोगों का मानना है कि शाकाहारी भोजन स्वास्थ्य के लिए बेहतर है।""",0
"""34. नए नियमों के अनुसार वाहनों का पंजीकरण अब ऑनलाइन हो सकता है।""",0
"""35. विद्यार्थियों के लिए पुस्तकालयों में नई किताबें आई हैं।""",0
"""36. मोबाइल गेम्स की लोकप्रियता युवाओं में बढ़ती जा रही है।""",0
"""37. किसानों को नई तकनीक से खेती करने के लिए प्रोत्साहित किया जा रहा है।""",0
"""38. इस साल कई नए रेस्तरां खुलने की संभावना है।""",0
"""39. कुछ लोग सुबह की सैर को दिनभर एनर्जेटिक रहने का स्रोत मानते हैं।""",0
"""40. नए सर्वे के अनुसार अधिकांश युवा करियर में स्टेबिलिटी चाहते हैं।""",0
"""41. नई टेक्नोलॉजी से घरों में बिजली की खपत कम हो सकती है।""",0
"""42. स्वास्थ्य विशेषज्ञ संतुलित आहार लेने की सलाह देते हैं।""",0
"""43. कुछ कंपनियां अब वर्क फ्रॉम होम को बढ़ावा दे रही हैं।""",0
"""44. पिछले कुछ महीनों में ऑनलाइन लर्निंग प्लेटफॉर्म्स का उपयोग बढ़ा है।""",0
"""45. नए नियमों के अनुसार प्लास्टिक के उपयोग पर प्रतिबंध लगाया गया है।""",0
"""46. ज्यादातर लोगों को सर्दियों में गर्म पेय पसंद आते हैं।""",0
"""47. नए शोध में पाया गया कि हंसने से तनाव कम होता है।""",0
"""48. छोटे शहरों में अब मल्टीप्लेक्स सिनेमा हॉल खुलने लगे हैं।""",0
"""49. कई लोग अब घर पर व्यायाम करना पसंद करते हैं।""",0
"""50. नए साल में कई लोग अपनी आदतों को बदलने का संकल्प लेते हैं।""",0
"""सरकार ने नई शिक्षा नीति पर चर्चा शुरू की।""",0
"""मौसम विभाग ने आने वाले सप्ताह में बारिश की चेतावनी जारी की।""",0
"""नई मोबाइल एप्लिकेशन ने उपयोगकर्ताओं को खरीदारी का आसान तरीका दिया।""",0
"""वैज्ञानिकों ने नए शोध में पौधों के स्वास्थ्य लाभ खोजे।""",0
"""फिल्म की समीक्षा में कहा गया कि कहानी दर्शकों को बांधे रखती है।""",0
"""ऑनलाइन पाठ्यक्रमों ने छात्रों के लिए सीखना आसान बना दिया है।""",0
"""नए रेस्तरां में स्वादिष्ट व्यंजनों की विविधता उपलब्ध है।""",0
"""खेल प्रतियोगिता में टीम ने उत्कृष्ट प्रदर्शन किया।""",0
"""बजट घोषणा के बाद बाजारों में उतार-चढ़ाव देखा गया।""",0
"""स्वास्थ्य विशेषज्ञ नियमित व्यायाम की सलाह देते हैं।""",0
"""पुस्तक मेले में नवीनतम प्रकाशनों की भीड़ देखी गई।""",0
"""कंपनी ने नए उत्पाद लॉन्च करने की घोषणा की।""",0
"""घरेलू उपकरणों की कीमतों में गिरावट आई है।""",0
"""नए पार्क में परिवारों के लिए मनोरंजन के विकल्प हैं।""",0
"""प्रौद्योगिकी सम्मेलन में नवाचारों पर चर्चा हुई।""",0
"""सोशल मीडिया पर नए ट्रेंड्स ने युवाओं को आकर्षित किया।""",0
"""पुराने मोबाइल फोन की तुलना में नए मॉडल तेज हैं।""",0
"""बैंक ने डिजिटल लेनदेन को बढ़ावा देने के लिए योजना शुरू की।""",0
"""शहर में नए सार्वजनिक परिवहन की शुरुआत हुई।""",0
"""किसानों को नई तकनीक से फसल उत्पादन बढ़ाने में मदद मिली।""",0
"""फैशन शो में नए डिजाइनों ने दर्शकों को प्रभावित किया।""",0
"""विशेषज्ञों ने पर्यावरण संरक्षण के लिए जागरूकता अभियान चलाया।""",0
"""नए स्मार्टवॉच में स्वास्थ्य मॉनिटरिंग फीचर जोड़े गए।""",0
"""पुस्तकालय ने डिजिटल संसाधनों तक पहुंच बढ़ाई।""",0
"""खेल उपकरणों की बिक्री में वृद्धि दर्ज की गई।""",0
"""नए अध्ययन में जलवायु परिवर्तन के प्रभावों पर चर्चा हुई।""",0
"""प्रदर्शनी में कलाकारों ने अपनी कृतियों का प्रदर्शन किया।""",0
"""नई दवा ने रोगियों के लिए आशा जगाई।""",0
"""मोबाइल नेटवर्क की गति में सुधार के लिए काम चल रहा है।""",0
"""स्कूल ने छात्रों के लिए सांस्कृतिक कार्यक्रम आयोजित किया।""",0
"""नए कैफे में विभिन्न प्रकार की कॉफी उपलब्ध है।""",0
"""यात्रा ब्लॉग ने छुट्टियों के लिए सुझाव दिए।""",0
"""बाजार में नए ब्रांड के उत्पादों की भरमार है।""",0
"""घर की सजावट के लिए नए ट्रेंड्स लोकप्रिय हो रहे हैं।""",0
"""खाद्य प्रदर्शनी में नए व्यंजनों का स्वाद चखा गया।""",0
"""सिनेमाघरों में नई फिल्मों ने दर्शकों को आकर्षित किया।""",0
"""नए शोध में पाया गया कि ध्यान तनाव कम करता है।""",0
"""कंप्यूटर गेम की लोकप्रियता बढ़ती जा रही है।""",0
"""स्वच्छता अभियान में स्थानीय लोगों ने बढ़-चढ़कर हिस्सा लिया।""",0
"""नए सॉफ्टवेयर ने कार्यालय कार्यों को सरल बना दिया।""",0
"""संगीत समारोह में विभिन्न कलाकारों ने प्रदर्शन किया।""",0
"""विदेशी भाषा सीखने के लिए ऑनलाइन पाठ्यक्रम उपलब्ध हैं।""",0
"""नए जिम में आधुनिक उपकरण लगाए गए हैं।""",0
"""पालतू जानवरों के लिए नए उत्पाद बाजार में आए।""",0
"""खरीदारी मॉल में विभिन्न दुकानों पर छूट की घोषणा हुई।""",0
"""नए वेबसाइट डिजाइन ने उपयोगकर्ता अनुभव को बेहतर बनाया।""",0
"""सार्वजनिक स्थानों पर निःशुल्क वाई-फाई की सुविधा शुरू हुई।""",0
"""कृषि उत्पादों की ऑनलाइन बिक्री बढ़ी है।""",0
"""नए होटल में आधुनिक सुविधाएं उपलब्ध कराई गईं।""",0
"""सामुदायिक कार्यक्रम में लोगों ने सांस्कृतिक कार्यक्रम पेश किए।""",0
"""मौसम विभाग ने आने वाले सप्ताह में भारी बारिश की चेतावनी जारी की है।""",0
"""नए स्मार्टफोन मॉडल में बेहतर कैमरा और बैटरी लाइफ की सुविधा है।""",0
"""कॉलेजों में ऑनलाइन पढ़ाई के विकल्पों पर चर्चा जारी है।""",0
"""योगा करने से तनाव कम करने में मदद मिलती है।""",0
"""रेलवे ने गर्मियों के लिए नई ट्रेन योजना की घोषणा की।""",0
"""मोबाइल बैंकिंग का उपयोग करने वालों की संख्या बढ़ रही है।""",0
"""नए रेस्तरां में स्वादिष्ट स्थानीय व्यंजन परोसे जाते हैं।""",0
"""सरकार ने किसानों के लिए नई सब्सिडी योजना शुरू की।""",0
"""फिल्म समीक्षा: नई रिलीज़ हुई फिल्म दर्शकों को पसंद आई।""",0
"""विद्यार्थियों के लिए नए शिक्षा ऐप की शुरुआत हुई।""",0
"""शहर में प्रदूषण स्तर कम करने के लिए नियम सख्त हुए।""",0
"""ऑनलाइन शॉपिंग में फैशन उत्पादों की मांग बढ़ी है।""",0
"""फिटनेस ट्रेनर ने घर पर व्यायाम करने के टिप्स दिए।""",0
"""नए शोध में पाया गया कि हरी सब्जियाँ स्वास्थ्य के लिए फायदेमंद हैं।""",0
"""सोशल मीडिया पर वायरल हुए मीम्स लोगों को हंसा रहे हैं।""",0
"""बाजार में नए प्रकार के ऑर्गेनिक उत्पाद उपलब्ध हैं।""",0
"""शहर की सड़कों पर ट्रैफिक कम करने के उपाय किए जा रहे हैं।""",0
"""पेट्रोल की कीमतों में गिरावट से लोगों को राहत मिली है।""",0
"""विदेश यात्रा के लिए नए दिशानिर्देश जारी किए गए हैं।""",0
"""डिजिटल पेमेंट सिस्टम का उपयोग करना अब आसान हो गया है।""",0
"""बरसात के मौसम में सड़कों की हालत खराब हो जाती है।""",0
"""नए ऑटोमोबाइल मॉडल में ईंधन की बचत की सुविधा है।""",0
"""स्कूलों में अब कंप्यूटर शिक्षा अनिवार्य कर दी गई है।""",0
"""खेल टूर्नामेंट में नए नियम लागू किए गए हैं।""",0
"""बैंकों ने ब्याज दरों में बदलाव किया है।""",0
"""किताब समीक्षा: नई कहानी संग्रह पाठकों को पसंद आया।""",0
"""गर्मियों में ताजे फलों का सेवन स्वास्थ्य के लिए अच्छा है।""",0
"""नए वेबसाइट डिजाइन में यूजर अनुभव सुधारा गया है।""",0
"""पुराने मोबाइल फोन की रिसाइक्लिंग पर जोर दिया जा रहा है।""",0
"""सर्दियों में गर्म कपड़ों की मांग बढ़ जाती है।""",0
"""कृषि क्षेत्र में नई तकनीक का उपयोग बढ़ रहा है।""",0
"""घर बनाने के लिए नई सरकारी योजना शुरू हुई है।""",0
"""नए एयरपोर्ट टर्मिनल का निर्माण पूरा होने वाला है।""",0
"""खाद्य पदार्थों में मिलावट रोकने के लिए सख्त कानून बने।""",0
"""फ्री वाईफाई सुविधा अब सार्वजनिक स्थानों पर उपलब्ध है।""",0
"""जिम जाने वालों के लिए नए फिटनेस प्रोग्राम शुरू हुए।""",0
"""ऑनलाइन कोर्सेज की लोकप्रियता तेजी से बढ़ रही है।""",0
"""बच्चों के लिए नए एजुकेशनल गेम्स मार्केट में आए हैं।""",0
"""सार्वजनिक परिवहन में सफाई पर विशेष ध्यान दिया जा रहा है।""",0
"""नए साल के जश्न के लिए विशेष आयोजन तैयार किए गए।""",0
"""सोलर एनर्जी का उपयोग अब घरों में बढ़ गया है।""",0
"""बाढ़ प्रभावित क्षेत्रों में राहत कार्य जारी है।""",0
"""नए औद्योगिक परियोजनाओं के लिए निवेश बढ़ा है।""",0
"""सिनेमा हॉल में नई सेफ्टी गाइडलाइन लागू की गई हैं।""",0
"""नए वीडियो गेम की रिलीज़ से गेमर्स खुश हैं।""",0
"""पार्कों में नए पौधे लगाए गए हैं।""",0
"""कैशलेस लेनदेन को बढ़ावा देने के लिए अभियान चलाया जा रहा है।""",0
"""नए होटल में विश्वस्तरीय सुविधाएँ उपलब्ध हैं।""",0
"""सार्वजनिक स्वास्थ्य केंद्रों में दवाइयों की उपलब्धता बढ़ी है।""",0
"""बैटरी से चलने वाले वाहनों की बिक्री में वृद्धि हुई है।""",0
"""नए शॉपिंग मॉल में ब्रांडेड दुकानें खुल गई हैं।""",0
"""बाजार में नए स्मार्टफोन की लॉन्चिंग हुई, जिसमें बेहतर कैमरा और बैटरी फीचर्स हैं।""",0
"""मौसम विभाग ने अगले सप्ताह भारी बारिश की चेतावनी जारी की है।""",0
"""फिटनेस एक्सपर्ट्स के अनुसार रोजाना ३० मिनट व्यायाम करना स्वास्थ्य के लिए फायदेमंद है।""",0
"""नई फिल्म ने बॉक्स ऑफिस पर पहले ही दिन रिकॉर्ड कमाई कर ली।""",0
"""ऑनलाइन शॉपिंग के दौरान डिस्काउंट कोड का उपयोग करने से बचत हो सकती है।""",0
"""वैज्ञानिकों ने एक नई दवा विकसित की है जो मधुमेह को नियंत्रित करने में मदद कर सकती है।""",0
"""पेट्रोल की कीमतों में आज फिर से बढ़ोतरी हुई है।""",0
"""स्कूलों में नए सेशन की शुरुआत अगले महीने से होगी।""",0
"""खाने की चीजों में मिलावट रोकने के लिए सरकार ने नए नियम बनाए हैं।""",0
"""डिजिटल पेमेंट सिस्टम का उपयोग पिछले साल से दोगुना बढ़ गया है।""",0
"""विदेश यात्रा के लिए पासपोर्ट बनवाने की प्रक्रिया अब ऑनलाइन हो गई है।""",0
"""किसानों को बेहतर उपज के लिए नई तकनीकों के बारे में जागरूक किया जा रहा है।""",0
"""इलेक्ट्रिक वाहनों की बिक्री में पिछले छह महीने में तेजी देखी गई है।""",0
"""शहर के मुख्य पार्क को नए बेंच और हरियाली से सजाया गया है।""",0
"""नए रेस्तरां में विभिन्न प्रकार के व्यंजनों का स्वाद चखा जा सकता है।""",0
"""घर बनाने के लिए नई सरकारी योजना के तहत ऋण मिल सकता है।""",0
"""अगले महीने से ट्रेनों का नया शेड्यूल लागू होने वाला है।""",0
"""बच्चों के लिए नया एजुकेशनल ऐप लॉन्च किया गया है।""",0
"""देश भर में ब्रॉडबैंड कनेक्टिविटी को और सुधारने की योजना बनाई जा रही है।""",0
"""सोशल मीडिया पर नई गाइडलाइन्स जल्द ही जारी की जाएंगी।""",0
"""योगा करने से तनाव कम करने में मदद मिलती है।""",0
"""नए लैपटॉप मॉडल में अधिक स्टोरेज और तेज प्रोसेसर है।""",0
"""पुस्तक मेले में इस साल विभिन्न भाषाओं की पुस्तकें उपलब्ध होंगी।""",0
"""बारिश के मौसम में सड़क दुर्घटनाओं से बचने के लिए सावधानी बरतें।""",0
"""घर पर बने खाने की तुलना में बाहर के खाने में अधिक तेल होता है।""",0
"""नए साल के लिए विभिन्न देशों में सेलिब्रेशन की तैयारियां शुरू हो गई हैं।""",0
"""बिजली बचाने के लिए एलईडी बल्ब का उपयोग करना बेहतर है।""",0
"""नए शोध के अनुसार, पालक खाने से आंखों की रोशनी बढ़ती है।""",0
"""सर्दियों में गर्म कपड़े पहनने से ठंड से बचा जा सकता है।""",0
"""नए वीडियो गेम की रिलीज ने युवाओं में उत्साह बढ़ा दिया है।""",0
"""सोने से पहले मोबाइल फोन का उपयोग नहीं करने की सलाह दी जाती है।""",0
"""सरकार ने ग्रामीण इलाकों में स्वास्थ्य सुविधाएं बढ़ाने का निर्णय लिया है।""",0
"""विद्यार्थियों के लिए नए शिक्षा पोर्टल पर अध्ययन सामग्री उपलब्ध है।""",0
"""नए कार्यालय भवन में हरित ऊर्जा का उपयोग किया जाएगा।""",0
"""बागवानी करने से मन को शांति मिलती है।""",0
"""बैंकों ने नए लोन स्कीम की घोषणा की है।""",0
"""सुबह की सैर स्वास्थ्य के लिए बहुत फायदेमंद होती है।""",0
"""डिजिटल मार्केटिंग के बारे में जानने के लिए वर्कशॉप आयोजित की जा रही है।""",0
"""नए रेलवे स्टेशन का निर्माण जल्द ही पूरा होने वाला है।""",0
"""खेलकूद प्रतियोगिता में विभिन्न स्कूलों के बच्चे भाग ले रहे हैं।""",0
"""कॉफी पीने से दिनभर एनर्जी बनी रहती है।""",0
"""पब्लिक ट्रांसपोर्ट का उपयोग करने से प्रदूषण कम होता है।""",0
"""नए डिजाइन के फर्नीचर की मांग बाजार में बढ़ रही है।""",0
"""दूध पीने से हड्डियां मजबूत होती हैं।""",0
"""घर में प्लांट लगाने से हवा शुद्ध होती है।""",0
"""बच्चों को पढ़ाई के साथ-साथ खेलकूद भी जरूरी है।""",0
"""नए किचन गैजेट्स ने खाना बनाने को आसान बना दिया है।""",0
"""सर्दियों में गर्म पानी से नहाना आरामदायक होता है।""",0
"""घर की सफाई रोज करने से बीमारियों का खतरा कम होता है।""",0
"""नए फैशन ट्रेंड्स के अनुसार कपड़े खरीदे जा रहे हैं।""",0
"""यातायात नियमों का पालन करके दुर्घटनाओं से बचा जा सकता है।""",0
"""बाजार में नए स्मार्टफोन की आमद से ग्राहक उत्साहित हैं।""",0
"""मौसम विभाग ने अगले सप्ताह भारी बारिश की चेतावनी जारी की है।""",0
"""ऑनलाइन शिक्षा प्लेटफॉर्म पर नए कोर्सेज की शुरुआत हुई।""",0
"""फिटनेस एक्सपर्ट्स सुबह की वॉक को स्वास्थ्य के लिए फायदेमंद बताते हैं।""",0
"""नए रेस्टोरेंट में विभिन्न प्रकार के व्यंजनों की विशेषता है।""",0
"""टेक कंपनी ने अपनी नई सॉफ्टवेयर अपडेट जारी की।""",0
"""किसानों को बेहतर उपज के लिए नई तकनीकों का प्रशिक्षण दिया जा रहा है।""",0
"""पब्लिक ट्रांसपोर्ट सिस्टम में सुधार से यात्रियों को राहत मिली।""",0
"""खेल टूर्नामेंट में नए नियमों की घोषणा हुई।""",0
"""हेल्थकेयर सेक्टर में नई तकनीकों का उपयोग बढ़ रहा है।""",0
"""विद्यार्थियों के लिए नई स्कॉलरशिप योजना की घोषणा हुई।""",0
"""फिल्म निर्माताओं ने नई वेब सीरीज का टीज़र जारी किया।""",0
"""गार्डनिंग के शौकीनों के लिए नए टूल्स मार्केट में आए हैं।""",0
"""वैज्ञानिकों ने नए शोध में महत्वपूर्ण निष्कर्ष निकाले।""",0
"""फ़ूड डिलीवरी ऐप्स ने अपनी सर्विसेज में सुधार किया है।""",0
"""बच्चों के लिए नए एजुकेशनल गेम्स लॉन्च हुए।""",0
"""कंज्यूमर इलेक्ट्रॉनिक्स की कीमतों में गिरावट देखी गई।""",0
"""पर्यटन विभाग ने नई ट्रैवल गाइड जारी की।""",0
"""मोबाइल बैंकिंग का उपयोग करने वालों की संख्या बढ़ी।""",0
"""नए आर्ट एक्जिबिशन में स्थानीय कलाकारों की कृतियां प्रदर्शित हुईं।""",0
"""ऑटोमोबाइल इंडस्ट्री में इलेक्ट्रिक वाहनों की मांग बढ़ी।""",0
"""सोशल मीडिया प्लेटफॉर्म पर नए फीचर्स की घोषणा हुई।""",0
"""वर्क फ्रॉम होम कल्चर के कारण ऑफिस स्पेस की मांग घटी।""",0
"""पेट्रोल की कीमतों में थोड़ी गिरावट दर्ज की गई।""",0
"""फैशन ब्रांड्स ने नए सीजन के कलेक्शन पेश किए।""",0
"""योगा सेंटर्स में बढ़ती संख्या में लोग रजिस्टर कर रहे हैं।""",0
"""एग्रीकल्चर सेक्टर में नई सरकारी योजनाओं की घोषणा हुई।""",0
"""स्टार्टअप कंपनियों को फंडिंग देने के लिए नई पॉलिसी बनी।""",0
"""बचत योजनाओं में निवेशकों की रुचि बढ़ी।""",0
"""होम डेकोर के ट्रेंड्स में इस साल बड़ा बदलाव आया।""",0
"""कॉलेजों में नए एकेडमिक सेशन की तैयारियां शुरू हो गईं।""",0
"""फिल्मों में इस्तेमाल होने वाले विशेष प्रभावों में प्रगति हुई।""",0
"""बाजार में ऑर्गेनिक फूड प्रोडक्ट्स की उपलब्धता बढ़ी।""",0
"""मेडिकल कॉन्फ्रेंस में नए उपचार तरीकों पर चर्चा हुई।""",0
"""शहरों में साइकिल चलाने का चलन बढ़ रहा है।""",0
"""टूरिस्ट प्लेस पर नए आवासीय सुविधाओं का निर्माण हुआ।""",0
"""बैंकों ने डिजिटल ट्रांजैक्शन को बढ़ावा देने के लिए ऑफर दिए।""",0
"""सोलर एनर्जी के उपयोग से बिजली बिलों में कमी आई।""",0
"""नए कुकिंग शो में विभिन्न रेसिपीज़ प्रदर्शित की जा रही हैं।""",0
"""बड़े शहरों में एयर क्वालिटी में सुधार के प्रयास किए गए।""",0
"""बुक स्टोर्स पर नए लेखकों की किताबें देखने को मिल रही हैं।""",0
"""फिटनेस ट्रेनर्स ने घर पर वर्कआउट के टिप्स शेयर किए।""",0
"""शॉपिंग मॉल्स में फेस्टिव सीजन की तैयारियां जोरों पर हैं।""",0
"""नए पार्कों के निर्माण से शहर की हरियाली बढ़ी।""",0
"""छात्रों के लिए ऑनलाइन मॉक टेस्ट सीरीज़ शुरू हुई।""",0
"""टेक्नोलॉजी सेक्टर में नौकरियों की संभावनाएं बढ़ी हैं।""",0
"""कॉलेज फेस्ट में विभिन्न सांस्कृतिक कार्यक्रम आयोजित हुए।""",0
"""शहर के मुख्य चौराहे पर ट्रैफिक सुविधा के लिए नए नियम बने।""",0
"""ग्रामीण इलाकों में इंटरनेट कनेक्टिविटी बेहतर हुई।""",0
"""नए वेजिटेरियन रेस्तरां में स्वास्थ्यवर्धक भोजन मिल रहा है।""",0
"""फिल्म समीक्षकों ने नई रिलीज़ को सराहा।""",0
"""मोबाइल फोन की नई सीरीज आने वाली है, जिसमें बेहतर कैमरा और बैटरी लाइफ होगी।""",0
"""किसानों के लिए नई योजना लॉन्च हुई, जिससे उनकी आय बढ़ाने में मदद मिलेगी।""",0
"""अगले सप्ताह से स्कूलों में ग्रीष्मकालीन अवकाश शुरू हो रहा है।""",0
"""नए शोध के अनुसार, रोजाना व्यायाम करने से मानसिक स्वास्थ्य बेहतर होता है।""",0
"""ऑनलाइन शॉपिंग के दौरान डिस्काउंट के लिए ये टिप्स आजमाएं।""",0
"""मौसम विभाग ने अगले कुछ दिनों में भारी बारिश की चेतावनी जारी की है।""",0
"""नए रेस्तरां में स्वादिष्ट स्थानीय व्यंजनों की विशेषता है।""",0
"""बच्चों के लिए ग्रीष्मकालीन शिविर में मनोरंजन और शिक्षा दोनों शामिल हैं।""",0
"""देशभर में डिजिटल भुगतान का उपयोग तेजी से बढ़ रहा है।""",0
"""नए वेब सीरीज ने दर्शकों के बीच काफी लोकप्रियता हासिल की है।""",0
"""पेट्रोल और डीजल की कीमतों में फिर से वृद्धि हुई है।""",0
"""स्मार्टफोन ऐप से अब घर बैठे डॉक्टर से परामर्श लिया जा सकता है।""",0
"""फिल्म समीक्षा: यह कहानी दर्शकों को भावनात्मक रूप से जोड़ती है।""",0
"""शहर में नई मेट्रो लाइन के शुरू होने से यातायात सुविधा में सुधार हुआ है।""",0
"""नए शोध में पाया गया कि हरी सब्जियां स्वास्थ्य के लिए बहुत फायदेमंद हैं।""",0
"""गर्मियों में ताजे फलों का जूस पीने से शरीर हाइड्रेट रहता है।""",0
"""कंपनी ने नए प्रोडक्ट लॉन्च किए, जो पर्यावरण के अनुकूल हैं।""",0
"""बाजार में नई कार मॉडल की डिमांड बढ़ती जा रही है।""",0
"""विद्यार्थियों के लिए नई छात्रवृत्ति योजना की घोषणा की गई है।""",0
"""टेक्नोलॉजी के क्षेत्र में नए इनोवेशन्स ने लोगों का ध्यान खींचा है।""",0
"""हाल ही में हुए सर्वे के मुताबिक, युवाओं में फिटनेस का ट्रेंड बढ़ रहा है।""",0
"""नए स्मार्टवॉच में हृदय गति और नींद की गुणवत्ता मापने की सुविधा है।""",0
"""शहर के मुख्य पार्क में सांस्कृतिक कार्यक्रम आयोजित किया जाएगा।""",0
"""नए नियमों के अनुसार, अब प्लास्टिक के उपयोग पर प्रतिबंध लगेगा।""",0
"""बैंकों ने ब्याज दरों में कमी की है, जिससे लोन लेना आसान होगा।""",0
"""नए वीडियो गेम ने युवाओं के बीच काफी धूम मचा दी है।""",0
"""सर्दियों में गर्म कपड़े पहनने से स्वास्थ्य संबंधी समस्याओं से बचा जा सकता है।""",0
"""खेल समाचार: टीम ने आज के मैच में शानदार प्रदर्शन किया।""",0
"""नए कॉफी शॉप में विभिन्न प्रकार के स्वादिष्ट पेय उपलब्ध हैं।""",0
"""शोधकर्ताओं ने एक नई दवा खोजी है, जो कैंसर के इलाज में मददगार हो सकती है।""",0
"""किसान बाजार में ताजी सब्जियां और फल सस्ते दामों पर उपलब्ध हैं।""",0
"""नए साल के जश्न के लिए शहर में कई कार्यक्रम आयोजित किए जाएंगे।""",0
"""विदेशी पर्यटकों के लिए नई यात्रा गाइड जल्द ही लॉन्च होगी।""",0
"""बच्चों की शिक्षा के लिए नए ऑनलाइन प्लेटफॉर्म की शुरुआत हुई है।""",0
"""हाल के दिनों में घरों में इंटीरियर डिजाइन का ट्रेंड बढ़ा है।""",0
"""फिटनेस ट्रेनर ने सोशल मीडिया पर नए वर्कआउट वीडियो शेयर किए।""",0
"""नए सॉफ्टवेयर अपडेट से यूजर अनुभव और बेहतर होगा।""",0
"""पुस्तक समीक्षा: यह उपन्यास पाठकों को रोमांचित करने वाला है।""",0
"""नए साल में कंपनी ने कर्मचारियों के लिए विशेष छूट की घोषणा की।""",0
"""सर्दियों में गर्म सूप पीने से शरीर को ऊर्जा मिलती है।""",0
"""टेक्नोलॉजी एक्सपो में नए गैजेट्स और सॉल्यूशंस प्रदर्शित किए गए।""",0
"""नए होटल में लक्जरी सुविधाओं के साथ कमरे उपलब्ध हैं।""",0
"""शहर के म्यूजियम में नई कला प्रदर्शनी आयोजित की गई है।""",0
"""नए स्मार्टफोन में अब फास्ट चार्जिंग की सुविधा उपलब्ध है।""",0
"""प्राकृतिक आपदा से प्रभावित लोगों के लिए राहत सामग्री भेजी गई।""",0
"""फिल्मों में नए एवं अनोखे कहानियों की मांग बढ़ रही है।""",0
"""विद्यार्थियों के लिए नए शैक्षिक ऐप डाउनलोड करने योग्य हैं।""",0
"""बागवानी के शौकीनों के लिए नए प्रकार के पौधे बाजार में आए हैं।""",0
"""नए वर्क फ्रॉम होम पॉलिसी से कर्मचारियों को लाभ होगा।""",0
"""शॉपिंग मॉल में विंटर सेल शुरू हो गई है, जहां कई ऑफर मिल रहे हैं।""",0
"""मौसम विभाग ने आने वाले हफ्ते में भारी बारिश की चेतावनी जारी की है।""",0
"""नई शिक्षा नीति के तहत अब स्कूलों में प्रैक्टिकल शिक्षा पर जोर दिया जाएगा।""",0
"""गर्मियों में नारियल पानी पीने से शरीर हाइड्रेट रहता है और एनर्जी बनी रहती है।""",0
"""बाजार में नए स्मार्टफोन की कीमत 15 हजार रुपये से शुरू होती है।""",0
"""सर्दियों में गुड़ खाने से शरीर को गर्मी मिलती है और पाचन भी सही रहता है।""",0
"""योगा करने से तनाव कम होता है और मानसिक स्वास्थ्य में सुधार होता है।""",0
"""नई फिल्म ने पहले ही हफ्ते में 100 करोड़ का बिजनेस कर लिया है।""",0
"""घर पर बने नींबू पानी से गर्मी में ताजगी महसूस होती है।""",0
"""पेट्रोल की कीमतों में आज फिर बढ़ोतरी हुई है।""",0
"""रोजाना एक सेब खाने से स्वास्थ्य अच्छा रहता है।""",0
"""किसानों को नई योजना के तहत बीज और खाद पर सब्सिडी मिलेगी।""",0
"""मोबाइल बैंकिंग के जरिए अब पैसों का लेन-देन आसान हो गया है।""",0
"""सुबह की सैर करने से दिनभर एनर्जी बनी रहती है।""",0
"""नए रेस्टोरेंट में सस्ते और स्वादिष्ट भोजन की व्यवस्था है।""",0
"""मानसून के मौसम में बीमारियों से बचने के लिए सावधानी बरतें।""",0
"""देश में इलेक्ट्रिक वाहनों की बिक्री पिछले साल से दोगुनी हो गई है।""",0
"""खाने में हरी सब्जियां शामिल करने से पोषण मिलता है।""",0
"""नए साल में कई कंपनियां नौकरियां निकालने की तैयारी कर रही हैं।""",0
"""बारिश के मौसम में सड़क दुर्घटनाओं का खतरा बढ़ जाता है।""",0
"""गर्म पानी पीने से पाचन तंत्र मजबूत होता है।""",0
"""सरकार ने ग्रामीण क्षेत्रों में इंटरनेट सुविधा बढ़ाने का फैसला किया है।""",0
"""कॉफी पीने से थकान दूर होती है और मूड अच्छा रहता है।""",0
"""परीक्षा के दिनों में समय प्रबंधन बहुत जरूरी होता है।""",0
"""नए ऑनलाइन कोर्स से कौशल विकास में मदद मिलती है।""",0
"""बाजार में आलू और प्याज के दाम फिर से बढ़ गए हैं।""",0
"""वर्क फ्रॉम होम के चलते लैपटॉप की डिमांड बढ़ गई है।""",0
"""खाने के बाद पानी पीने से पाचन क्रिया धीमी हो सकती है।""",0
"""नए स्पोर्ट्स कॉम्प्लेक्स का उद्घाटन अगले महीने होगा।""",0
"""सर्दियों में गर्म कपड़े पहनने से ठंड से बचा जा सकता है।""",0
"""बच्चों के लिए डिजिटल लर्निंग प्लेटफॉर्म लॉन्च किया गया है।""",0
"""रोजाना व्यायाम करने से हृदय स्वस्थ रहता है।""",0
"""नए मॉल में शॉपिंग और मनोरंजन की अच्छी सुविधाएं हैं।""",0
"""पुराने मोबाइल फोन रिसाइकिल करने पर छूट मिलेगी।""",0
"""सुबह जल्दी उठने से दिन लंबा और प्रोडक्टिव लगता है।""",0
"""ट्रैफिक नियमों का पालन करके दुर्घटनाओं से बचा जा सकता है।""",0
"""नए हॉस्पिटल में मरीजों के लिए बेहतर इलाज की सुविधा है।""",0
"""ग्रीन टी पीने से वजन कम करने में मदद मिलती है।""",0
"""पब्लिक ट्रांसपोर्ट का उपयोग करने से प्रदूषण कम होता है।""",0
"""बारिश में भीगने से सर्दी-जुकाम होने का खतरा रहता है।""",0
"""पढ़ाई के दौरान ब्रेक लेने से एकाग्रता बढ़ती है।""",0
"""मेडिटेशन करने से दिमाग शांत और फोकस्ड रहता है।""",0
"""ऑनलाइन शॉपिंग से समय और पैसा दोनों बचते हैं।""",0
"""खुश रहने के लिए परिवार और दोस्तों के साथ समय बिताएं।""",0
"""नए साल में नए लक्ष्य बनाने से प्रेरणा मिलती है।""",0
"""स्वस्थ रहने के लिए संतुलित आहार लेना जरूरी है।""",0
"""किताबें पढ़ने से ज्ञान और शब्दावली दोनों बढ़ती है।""",0
"""बरसात के मौसम में मच्छरों से बचाव जरूरी है।""",0
"""घर की सफाई करने से वातावरण स्वच्छ और सुखद बनता है।""",0
"""नए प्रोजेक्ट के लिए टीम मीटिंग आज शाम होगी।""",0
"""प्रतिदिन 8 घंटे की नींद लेने से शरीर तरोताजा रहता है।""",0
"""सरकार ने नई शिक्षा नीति पर चर्चा के लिए बैठक बुलाई।""",0
"""मोबाइल फोन की नई सीरीज में बेहतर कैमरा और बैटरी की सुविधा दी गई है।""",0
"""आज के मौसम में भारी बारिश की संभावना बताई जा रही है।""",0
"""खाने में नमक की मात्रा कम करने से स्वास्थ्य लाभ होता है।""",0
"""ऑनलाइन पढ़ाई के लिए नए ऐप की शुरुआत हुई है।""",0
"""किसानों को नई योजना के तहत सब्सिडी मिलेगी।""",0
"""फिल्मों में पारंपरिक संगीत का प्रयोग बढ़ रहा है।""",0
"""विदेशों में भारतीय व्यंजनों की मांग लगातार बढ़ रही है।""",0
"""फिटनेस के लिए योग और ध्यान को अपनाने की सलाह दी जाती है।""",0
"""नई तकनीक से किसानों को फसल नुकसान कम करने में मदद मिलेगी।""",0
"""घर बैठे दवाइयाँ मंगाने की सुविधा अब ऑनलाइन उपलब्ध है।""",0
"""सोलर एनर्जी को बढ़ावा देने के लिए सरकार ने नई योजना शुरू की।""",0
"""नए स्मार्टवॉच में हृदय गति और ऑक्सीजन स्तर की जांच की सुविधा है।""",0
"""बच्चों के लिए नए एजुकेशनल गेम्स मार्केट में आए हैं।""",0
"""शहरों में पब्लिक ट्रांसपोर्ट को और बेहतर बनाने की योजना है।""",0
"""वर्क फ्रॉम होम के दौरान मानसिक स्वास्थ्य का ध्यान रखना जरूरी है।""",0
"""देश में इलेक्ट्रिक वाहनों की बिक्री बढ़ रही है।""",0
"""नए शोध के अनुसार हरी सब्जियों का सेवन स्वास्थ्य के लिए फायदेमंद है।""",0
"""टेक्नोलॉजी के क्षेत्र में नौकरियों की मांग बढ़ रही है।""",0
"""मानसून में सड़कों की हालत खराब होने की शिकायतें बढ़ गई हैं।""",0
"""ऑनलाइन शॉपिंग में कैशलेस पेमेंट का चलन बढ़ा है।""",0
"""नए साल में टूरिस्ट प्लेस पर जाने के लिए बुकिंग शुरू हो गई है।""",0
"""होम डेकोर के लिए इको-फ्रेंडली उत्पादों की मांग बढ़ी है।""",0
"""फूड डिलीवरी ऐप्स ने कॉन्टैक्टलेस डिलीवरी की सुविधा शुरू की।""",0
"""कंपनियों में डाटा सुरक्षा को लेकर नए नियम बनाए गए हैं।""",0
"""सर्दियों में गर्म कपड़ों की बिक्री में वृद्धि हुई है।""",0
"""कुछ राज्यों में नए स्कूल खोलने की योजना बनाई जा रही है।""",0
"""पेट्रोल और डीजल की कीमतों में उतार-चढ़ाव जारी है।""",0
"""विद्यार्थियों के लिए नए स्कॉलरशिप प्रोग्राम की घोषणा हुई।""",0
"""मोबाइल बैंकिंग के जरिए लेन-देन करने वालों की संख्या बढ़ी है।""",0
"""हाल ही में लॉन्च हुए लैपटॉप में बेहतर प्रोसेसिंग स्पीड है।""",0
"""किसान मेलों में नई तकनीक के बारे में जानकारी दी जा रही है।""",0
"""फिटनेस सेंटर्स ने ऑनलाइन वर्कआउट क्लासेस शुरू की हैं।""",0
"""सरकारी अस्पतालों में नए मेडिकल उपकरण लगाए गए हैं।""",0
"""राजमार्गों पर ट्रैफिक नियंत्रण के लिए नए कैमरे लगेंगे।""",0
"""नए वीडियो गेम्स में ग्राफिक्स और गेमप्ले में सुधार किया गया है।""",0
"""पेड़ लगाने के अभियान में ज्यादा से ज्यादा लोग भाग ले रहे हैं।""",0
"""मोबाइल नेटवर्क की स्पीड बढ़ाने के लिए टावरों की संख्या बढ़ाई जाएगी।""",0
"""गर्मियों में ठंडे पेय पदार्थों की बिक्री बढ़ जाती है।""",0
"""नए एयरपोर्ट टर्मिनल के निर्माण का काम शुरू हो गया है।""",0
"""बच्चों के लिए नए कार्टून शो टीवी पर प्रसारित होंगे।""",0
"""दूध के दामों में मामूली वृद्धि हुई है।""",0
"""कुछ शहरों में स्मॉग की समस्या बढ़ने लगी है।""",0
"""नए रेस्तरां में शाकाहारी और विदेशी व्यंजनों का मेनू शामिल है।""",0
"""बेरोजगारी दर को कम करने के लिए नए प्रयास किए जा रहे हैं।""",0
"""ऑटोमोबाइल सेक्टर में नई गाड़ियों की लॉन्चिंग जारी है।""",0
"""विद्यार्थियों के लिए ऑनलाइन प्रतियोगिताएं आयोजित की जा रही हैं।""",0
"""शहर के मुख्य मार्ग पर नए फुटपाथ बनाए जाएंगे।""",0
"""कृषि उत्पादों के निर्यात में पिछले साल की तुलना में वृद्धि हुई है।""",0
"""मौसम विभाग ने आने वाले सप्ताह में भारी बारिश की चेतावनी जारी की है।""",0
"""नई टेक्नोलॉजी से अब मोबाइल फोन की बैटरी लाइफ बढ़ेगी।""",0
"""योग और ध्यान से तनाव कम करने के आसान तरीके बताए गए।""",0
"""पर्यटन मंत्रालय ने देश के छिपे हुए पर्यटन स्थलों को प्रमोट करने की योजना बनाई।""",0
"""अगले महीने से नए टैक्स नियम लागू होने वाले हैं।""",0
"""ऑनलाइन शिक्षा प्लेटफॉर्म ने नए कोर्सेज की घोषणा की।""",0
"""सोशल मीडिया पर फैल रही गलत जानकारी को रोकने के उपाय किए जा रहे हैं।""",0
"""नए शोध के अनुसार, हरी सब्जियों का सेवन हृदय रोगों से बचाता है।""",0
"""बाजार में नए स्मार्टवॉच मॉडल की बुकिंग शुरू हो गई है।""",0
"""किसानों को बेहतर उपज के लिए नई तकनीकों का प्रशिक्षण दिया जा रहा है।""",0
"""इलेक्ट्रिक वाहनों की बिक्री पिछले साल की तुलना में दोगुनी हुई है।""",0
"""फिल्म समीक्षा: नई रिलीज हुई एक्शन फिल्म दर्शकों को पसंद आ रही है।""",0
"""खाद्य सुरक्षा विभाग ने मिलावटी खाद्य पदार्थों पर कार्रवाई की है।""",0
"""विशेषज्ञों ने बच्चों की पढ़ाई में मोबाइल के प्रभाव पर चर्चा की।""",0
"""नए साल में घूमने के लिए सबसे सस्ते देशों की सूची जारी हुई।""",0
"""रियल एस्टेट सेक्टर में इस साल ग्रोथ की उम्मीद है।""",0
"""सर्दियों में त्वचा की देखभाल के लिए विशेष टिप्स दिए गए।""",0
"""घर पर बनाने के लिए आसान और स्वादिष्ट व्यंजनों की रेसिपी शेयर की गई।""",0
"""क्रिकेट टीम ने अगले मैच के लिए नई रणनीति तैयार की है।""",0
"""बैंकों ने नए लोन स्कीम की घोषणा की है।""",0
"""सोलर एनर्जी को बढ़ावा देने के लिए सरकार ने नई योजना शुरू की।""",0
"""नए अध्ययन में पाया गया कि नियमित व्यायाम मानसिक स्वास्थ्य के लिए फायदेमंद है।""",0
"""फैशन शो में नए डिजाइनों को प्रदर्शित किया गया।""",0
"""नए स्मार्टफोन में कैमरा और प्रोसेसर अपग्रेड किया गया है।""",0
"""सड़क सुरक्षा जागरूकता अभियान चलाया जा रहा है।""",0
"""देश में हर्बल उत्पादों की मांग बढ़ रही है।""",0
"""शहर में नए पार्क का निर्माण पूरा होने वाला है।""",0
"""बाजार में आर्टिफिशियल इंटेलिजेंस से जुड़े उत्पादों की बिक्री बढ़ी है।""",0
"""नई रिपोर्ट के मुताबिक, ऑनलाइन शॉपिंग का ट्रेंड बढ़ रहा है।""",0
"""विदेशी निवेशकों ने देश के इंफ्रास्ट्रक्चर सेक्टर में निवेश बढ़ाया है।""",0
"""नए फिटनेस ट्रेंड्स पर विशेषज्ञों ने अपने विचार साझा किए।""",0
"""शिक्षा मंत्रालय ने स्कूली पाठ्यक्रम में बदलाव की घोषणा की।""",0
"""हाल ही में हुए एक सर्वे में लोगों ने पर्यावरण संरक्षण की मांग की।""",0
"""नए वेब सीरीज की शूटिंग पूरी हो चुकी है।""",0
"""खेल टूर्नामेंट के लिए टीमों का चयन किया गया।""",0
"""वैज्ञानिकों ने नई दवा के सफल परीक्षण की जानकारी दी।""",0
"""गांवों में डिजिटल लाइब्रेरी की सुविधा शुरू की गई।""",0
"""नए एप्लिकेशन से यूजर्स को टास्क मैनेजमेंट में मदद मिलेगी।""",0
"""मोबाइल नेटवर्क कंपनियों ने डाटा प्लान के दाम कम किए।""",0
"""नए होटल में विशेष सुविधाएं दी जा रही हैं।""",0
"""मोटर वाहन कंपनी ने इलेक्ट्रिक बाइक का नया मॉडल पेश किया।""",0
"""सरकार ने छोटे व्यापारियों के लिए सब्सिडी की घोषणा की।""",0
"""पशु कल्याण संगठन ने स्ट्रीट एनिमल्स के लिए अभियान चलाया।""",0
"""नए रेस्तरां में विभिन्न क्षेत्रों के व्यंजन परोसे जा रहे हैं।""",0
"""अंतर्राष्ट्रीय सम्मेलन में पर्यावरण संबंधी मुद्दों पर चर्चा हुई।""",0
"""बच्चों के लिए नए एजुकेशनल ऐप की लॉन्चिंग हुई।""",0
"""शहर के मुख्य चौराहे पर ट्रैफिक व्यवस्था में सुधार किया गया।""",0
"""नए शोध में पाया गया कि मेडिटेशन से मेमोरी बढ़ती है।""",0
"""कॉलेजों में नए शैक्षणिक सत्र की तैयारियां शुरू हो गई हैं।""",0
"""सोशल मीडिया प्लेटफॉर्म ने यूजर प्राइवेसी को लेकर नई गाइडलाइन्स जारी कीं।""",0
"""पुस्तक मेले में नई रिलीज हुई किताबों की भीड़ देखी गई।""",0
"""मौसम विभाग ने आने वाले सप्ताह में भारी बारिश का पूर्वानुमान जारी किया है।""",0
"""नए स्मार्टफोन मॉडल में अब बेहतर कैमरा और लंबी बैटरी लाइफ की सुविधा दी गई है।""",0
"""स्कूलों में डिजिटल शिक्षा को बढ़ावा देने के लिए नई योजना शुरू की गई।""",0
"""खेल टूर्नामेंट में टीम ने शानदार प्रदर्शन करते हुए पहला स्थान हासिल किया।""",0
"""स्वास्थ्य विशेषज्ञों ने नियमित व्यायाम और संतुलित आहार की सलाह दी है।""",0
"""फिल्म ने बॉक्स ऑफिस पर पहले ही सप्ताह में बड़ी कमाई कर ली।""",0
"""किसानों को नई तकनीक से खेती करने के लिए प्रशिक्षण दिया जा रहा है।""",0
"""बाजार में आज सब्जियों के दामों में मामूली गिरावट देखी गई।""",0
"""नए रेस्तरां में विभिन्न प्रकार के व्यंजनों का स्वादिष्ट मेनू उपलब्ध है।""",0
"""पर्यटन स्थलों पर सैलानियों की संख्या में पिछले साल की तुलना में वृद्धि हुई है।""",0
"""टेक कंपनी ने अपने नए सॉफ्टवेयर अपडेट को जल्द ही लॉन्च करने की घोषणा की।""",0
"""विद्यार्थियों के लिए ऑनलाइन कक्षाओं की सुविधा अब और सुगम बना दी गई है।""",0
"""सरकार ने ग्रामीण इलाकों में इंटरनेट कनेक्टिविटी बढ़ाने का निर्णय लिया।""",0
"""नए शोध के अनुसार, हरी सब्जियों का सेवन स्वास्थ्य के लिए बेहद फायदेमंद है।""",0
"""क्रिकेट मैच का परिणाम आखिरी ओवर में ही तय हुआ, जिससे दर्शक हैरान रह गए।""",0
"""शहर में नए पार्क का निर्माण पूरा होने के बाद उद्घाटन किया गया।""",0
"""वैज्ञानिकों ने नई दवा की खोज की है जो कई बीमारियों में कारगर साबित हो सकती है।""",0
"""कंपनी ने अपने कर्मचारियों के लिए वर्क फ्रॉम होम की सुविधा को बढ़ाया है।""",0
"""बैंकों ने नए ग्राहकों के लिए ब्याज दरों में छूट देने का फैसला किया।""",0
"""खाद्य सुरक्षा विभाग ने नकली उत्पादों के खिलाफ सख्त कार्रवाई शुरू की है।""",0
"""फैशन शो में नए डिजाइनों को प्रदर्शित किया गया, जो काफी पसंद किए गए।""",0
"""नए वित्तीय नियमों के तहत छोटे व्यवसायों को अधिक लाभ मिलेगा।""",0
"""सोशल मीडिया प्लेटफॉर्म पर नई सुविधाओं को जोड़ा गया है।""",0
"""शोधकर्ताओं ने जलवायु परिवर्तन के प्रभावों को कम करने के उपाय सुझाए हैं।""",0
"""नए मोबाइल ऐप ने यूजर्स को अपने काम को आसान बनाने में मदद की है।""",0
"""कला प्रदर्शनी में देश-विदेश के कलाकारों की कृतियाँ प्रदर्शित की गईं।""",0
"""स्वास्थ्य केंद्रों में निःशुल्क जांच की सुविधा उपलब्ध कराई जा रही है।""",0
"""नए ट्रैफिक नियमों के अनुसार, हेलमेट पहनना अब अनिवार्य कर दिया गया है।""",0
"""शॉपिंग मॉल में विभिन्न ब्रांड्स के डिस्काउंट ऑफर चल रहे हैं।""",0
"""विद्युत विभाग ने बिजली कटौती को कम करने के लिए नई योजना बनाई है।""",0
"""पुस्तक मेले में नई रिलीज़ हुई किताबों की भारी भीड़ देखी गई।""",0
"""खेल प्रशिक्षकों ने युवाओं को प्रोत्साहित करने के लिए कार्यक्रम आयोजित किया।""",0
"""नए वाहन मॉडल में ईंधन की बचत करने वाली तकनीक का उपयोग किया गया है।""",0
"""बाजार में नए आए उत्पादों की गुणवत्ता की जाँच की जा रही है।""",0
"""शिक्षा मंत्रालय ने छात्रों के लिए नई छात्रवृत्ति योजना की घोषणा की।""",0
"""फिलहाल शेयर बाजार में तेजी देखने को मिल रही है।""",0
"""सरकारी अस्पतालों में मरीजों के लिए नए उपकरण लगाए गए हैं।""",0
"""पेट्रोल की कीमतों में आज मामूली वृद्धि हुई है।""",0
"""संगीत समारोह में विभिन्न कलाकारों ने अपनी प्रतिभा का प्रदर्शन किया।""",0
"""कृषि वैज्ञानिकों ने नई फसल तकनीक विकसित की है जिससे उत्पादन बढ़ेगा।""",0
"""नए होटल में आधुनिक सुविधाओं के साथ कमरे उपलब्ध कराए गए हैं।""",0
"""बच्चों के लिए नए शैक्षिक खिलौने बाजार में लॉन्च किए गए।""",0
"""विदेशी निवेशकों ने स्थानीय उद्योगों में निवेश बढ़ाने का फैसला किया।""",0
"""सार्वजनिक परिवहन में नई बसों को शामिल किया गया है।""",0
"""वैश्विक बाजार में कच्चे तेल के दामों में उतार-चढ़ाव जारी है।""",0
"""शहर के प्रमुख सड़कों का पुनर्निर्माण कार्य शुरू हो गया है।""",0
"""खाद्य उद्योग में नए मानकों को लागू करने की तैयारी की जा रही है।""",0
"""नए ऑनलाइन कोर्सेज की शुरुआत से छात्रों को लाभ हुआ है।""",0
"""बागवानी प्रदर्शनी में विभिन्न प्रकार के पौधे और फूल प्रदर्शित किए गए।""",0
"""1. नई शिक्षा नीति के तहत छात्रों को व्यावहारिक ज्ञान पर जोर दिया जाएगा।""",0
"""2. स्वास्थ्य विशेषज्ञों ने नियमित योग को बेहतर जीवनशैली के लिए जरूरी बताया।""",0
"""3. स्थानीय बाजार में आज सब्जियों के दामों में मामूली गिरावट देखी गई।""",0
"""4. नए स्मार्टफोन मॉडल में बेहतर कैमरा और बैटरी लाइफ की सुविधा होगी।""",0
"""5. किसानों को फसल बीमा योजना के लिए आवेदन करने की अंतिम तिथि याद दिलाई गई।""",0
"""6. आने वाले सप्ताह में मौसम विभाग ने भारी बारिश की चेतावनी जारी की है।""",0
"""7. पुस्तक मेले में इस बार बच्चों के लिए विशेष कार्यक्रम आयोजित किए जाएंगे।""",0
"""8. शहर के मुख्य पार्क में नए सुविधाओं का उद्घाटन होगा।""",0
"""9. सरकार ने ग्रामीण इलाकों में इंटरनेट कनेक्टिविटी बढ़ाने का फैसला किया।""",0
"""10. सिनेमाघरों में नई बॉलीवुड फिल्म ने बॉक्स ऑफिस पर धमाल मचाया।""",0
"""11. विद्यार्थियों के लिए ऑनलाइन पठन-पाठन सामग्री निःशुल्क उपलब्ध कराई जाएगी।""",0
"""12. आयुर्वेदिक उपचार के बढ़ते चलन पर डॉक्टरों ने सकारात्मक प्रतिक्रिया दी।""",0
"""13. नए वित्तीय नियमों के तहत बैंकों को ग्राहक सुविधाओं में सुधार करना होगा।""",0
"""14. शहर में प्रदूषण स्तर को कम करने के लिए नए उपाय शुरू किए गए।""",0
"""15. यात्रियों के लिए रेलवे ने अतिरिक्त ट्रेनों की घोषणा की।""",0
"""16. सोशल मीडिया पर नई गोपनीयता नीति को लेकर उपयोगकर्ताओं में चर्चा।""",0
"""17. स्थानीय खिलाड़ियों ने राष्ट्रीय स्तर की प्रतियोगिता में स्वर्ण पदक जीता।""",0
"""18. नए शोध के अनुसार हरी सब्जियों का सेवन हृदय रोगों से बचाव करता है।""",0
"""19. बाजार में आर्टिफिशियल इंटेलिजेंस आधारित उपकरणों की मांग बढ़ी।""",0
"""20. स्वच्छता अभियान के तहत शहर के चुनिंदा इलाकों में सफाई की गई।""",0
"""21. प्रधानमंत्री ने डिजिटल भुगतान प्रणाली को बढ़ावा देने की अपील की।""",0
"""22. नए संग्रहालय में प्राचीन कलाकृतियों को प्रदर्शित किया जाएगा।""",0
"""23. विशेषज्ञों ने मोबाइल स्क्रीन टाइम कम करने की सलाह दी।""",0
"""24. कार्यालयों में कर्मचारियों के लिए योग सत्र की शुरुआत हुई।""",0
"""25. नई टेक्नोलॉजी के साथ किसानों को फसल उत्पादन में मदद मिलेगी।""",0
"""26. मौसम में बदलाव के कारण फलों के दामों में उछाल आया।""",0
"""27. सरकार ने छोटे व्यवसायों को लोन देने की योजना शुरू की।""",0
"""28. अगले महीने से स्कूली पाठ्यक्रम में नए विषय जोड़े जाएंगे।""",0
"""29. सड़क सुरक्षा को लेकर जागरूकता कार्यक्रम आयोजित किया गया।""",0
"""30. नए रेस्तरां में स्वास्थ्यवर्धक भोजन के विकल्प उपलब्ध हैं।""",0
"""31. देशभर में डिजिटल लेनदेन की संख्या में वृद्धि हुई।""",0
"""32. खेल प्राधिकरण ने युवा प्रतिभाओं को प्रोत्साहित करने की योजना बनाई।""",0
"""33. नए नियमों के अनुसार प्लास्टिक उत्पादों पर प्रतिबंध लगेगा।""",0
"""34. चिकित्सा शिविर में मुफ्त जांच और दवाइयां वितरित की गईं।""",0
"""35. सोलर एनर्जी को बढ़ावा देने के लिए नई योजना लाई गई।""",0
"""36. मानसून के दौरान बाढ़ प्रभावित क्षेत्रों में राहत कार्य तेज किया गया।""",0
"""37. बैंकिंग सेक्टर में नौकरियों के नए अवसर पैदा हुए हैं।""",0
"""38. फिल्म समीक्षकों ने नई वेब सीरीज की सराहना की।""",0
"""39. सरकार ने हाउसिंग स्कीम के लिए आवेदन प्रक्रिया आसान बनाई।""",0
"""40. शहर के बाहरी इलाकों में नई सड़कों का निर्माण शुरू हुआ।""",0
"""41. विदेशी पर्यटकों के लिए ई-वीजा प्रक्रिया सरल बनाई गई।""",0
"""42. नए उद्योगों को टैक्स छूट देने का प्रस्ताव पारित हुआ।""",0
"""43. मोबाइल ऐप के जरिए अब घर बैठे डॉक्टर से परामर्श लिया जा सकेगा।""",0
"""44. स्कूलों में छात्रों के मानसिक स्वास्थ्य पर कार्यशाला आयोजित की गई।""",0
"""45. सार्वजनिक परिवहन में महिलाओं के लिए सुरक्षा उपाय बढ़ाए गए।""",0
"""46. कृषि विज्ञान केंद्र ने किसानों को नई तकनीक सिखाई।""",0
"""47. लोकल कलाकारों के लिए सरकार ने फंडिंग की घोषणा की।""",0
"""48. नए जिम में आधुनिक उपकरण और प्रशिक्षक उपलब्ध हैं।""",0
"""49. सर्दियों में बिजली की मांग को पूरा करने के लिए नई योजना बनाई गई।""",0
"""50. सांस्कृतिक उत्सव में इस बार देशभर के कलाकार हिस्सा लेंगे।""",0
"""सरकार ने नई योजना की घोषणा करते हुए किसानों को सहायता देने का वादा किया।""",0
"""मौसम विभाग ने आने वाले सप्ताह में भारी बारिश की चेतावनी जारी की है।""",0
"""नए स्मार्टफोन में कैमरा और बैटरी लाइफ को लेकर उपभोक्ता उत्साहित हैं।""",0
"""आज के समय में योग और ध्यान तनाव कम करने का सबसे अच्छा तरीका माना जाता है।""",0
"""ऑनलाइन शिक्षा ने ग्रामीण इलाकों में पढ़ाई की पहुंच बढ़ाई है।""",0
"""मंदिर में भक्तों की भीड़ को देखते हुए पुलिस ने सुरक्षा के इंतजाम किए।""",0
"""सर्दियों में गर्म पानी से नहाना सेहत के लिए बहुत फायदेमंद होता है।""",0
"""बैंकों ने नए डिजिटल भुगतान विकल्पों को लॉन्च करने की घोषणा की।""",0
"""शहर के पार्कों में बच्चों के लिए नए खेल उपकरण लगाए गए हैं।""",0
"""नए साल के जश्न के लिए बाजारों में रौनक बढ़ने लगी है।""",0
"""गांवों में सौर ऊर्जा से चलने वाले पंपों की मांग बढ़ रही है।""",0
"""वैज्ञानिकों ने एक नई दवा की खोज की है जो डायबिटीज में मददगार हो सकती है।""",0
"""कॉलेजों में छात्राओं के लिए आत्मरक्षा प्रशिक्षण कार्यक्रम शुरू हुआ।""",0
"""पेट्रोल की कीमतों में गिरावट से वाहन मालिकों को राहत मिली है।""",0
"""हाल ही में खोले गए मॉल में शॉपिंग करने वालों की संख्या बढ़ रही है।""",0
"""मोबाइल ऐप के जरिए अब घर बैठे डॉक्टर की सलाह ली जा सकती है।""",0
"""स्कूली बच्चों को पर्यावरण बचाने के लिए पेड़ लगाने के लिए प्रोत्साहित किया गया।""",0
"""रेलवे ने यात्रियों की सुविधा के लिए नई ट्रेनों का संचालन शुरू किया।""",0
"""नए कॉफी शॉप में लोग स्वादिष्ट पेय और स्नैक्स का आनंद ले रहे हैं।""",0
"""घर में लगे पौधे वायु प्रदूषण को कम करने में सहायक होते हैं।""",0
"""फिल्म समीक्षकों ने नई रिलीज हुई फिल्म को दर्शकों के लिए बेहतरीन बताया।""",0
"""गर्मियों में ताजे फलों का जूस पीने से शरीर हाइड्रेट रहता है।""",0
"""शहर के कई इलाकों में सड़कों की मरम्मत का काम तेजी से चल रहा है।""",0
"""नए जिम में आधुनिक उपकरणों के साथ फिटनेस ट्रेनिंग दी जा रही है।""",0
"""किसान बाजार में ताजी सब्जियां और फल सस्ते दामों पर उपलब्ध हैं।""",0
"""बारिश के मौसम में सड़क दुर्घटनाओं की संख्या बढ़ जाती है।""",0
"""कंपनियां अब कर्मचारियों के लिए वर्क फ्रॉम होम की सुविधा दे रही हैं।""",0
"""स्कूलों में डिजिटल बोर्ड के इस्तेमाल से पढ़ाई और रोचक हो गई है।""",0
"""सर्दियों में गर्म कपड़े पहनने से ठंड से बचा जा सकता है।""",0
"""नए रेस्तरां में स्वादिष्ट स्थानीय व्यंजन परोसे जा रहे हैं।""",0
"""मेट्रो स्टेशनों पर यात्रियों की सुविधा के लिए नए साइनबोर्ड लगाए गए।""",0
"""पुस्तक मेले में बच्चों और बड़ों के लिए अलग-अलग किताबें उपलब्ध हैं।""",0
"""गांवों में हस्तशिल्प को बढ़ावा देने के लिए प्रदर्शनी आयोजित की गई।""",0
"""शहर के कुछ इलाकों में पानी की कमी के कारण लोग परेशान हैं।""",0
"""नए टीवी शो ने दर्शकों का ध्यान अपनी ओर खींचा है।""",0
"""विद्यार्थियों के लिए नए कोचिंग संस्थान खुलने से शिक्षा सुलभ हो रही है।""",0
"""खेल प्रतियोगिता में स्कूली बच्चों ने उत्साहपूर्वक भाग लिया।""",0
"""बाढ़ प्रभावित इलाकों में राहत सामग्री पहुंचाई जा रही है।""",0
"""सर्दियों में गर्म सूप पीने से शरीर को गर्मी मिलती है।""",0
"""सोशल मीडिया पर नए ट्रेंड्स लोगों को आकर्षित कर रहे हैं।""",0
"""घर के पास पार्क बनने से बच्चों के खेलने की जगह मिल गई है।""",0
"""नए ऑनलाइन पाठ्यक्रमों से छात्र घर बैठे नई चीजें सीख रहे हैं।""",0
"""विशेषज्ञों का कहना है कि नियमित व्यायाम से स्वास्थ्य बेहतर होता है।""",0
"""गांव में नई सड़क बनने से यातायात सुविधा में सुधार हुआ है।""",0
"""म्यूजिक फेस्टिवल में कलाकारों ने शानदार प्रदर्शन किया।""",0
"""छोटे व्यवसायों को बढ़ावा देने के लिए सरकार ने नई योजना शुरू की।""",0
"""नए साल के लिए लोग विभिन्न संकल्प ले रहे हैं।""",0
"""शहर के प्रमुख अस्पताल में नए उपकरण लगाए गए हैं।""",0
"""पुरानी इमारतों को संरक्षित करने के लिए नई योजना बनाई गई।""",0
"""बाजार में नए प्रकार के इलेक्ट्रॉनिक गैजेट्स की बिक्री शुरू हुई।""",0
"""मोबाइल नेटवर्क की गति बढ़ने से इंटरनेट उपयोगकर्ता खुश हैं।""",0
"""नए फूड कोर्ट में विभिन्न प्रकार के व्यंजन उपलब्ध हैं।""",0
"""बच्चों के लिए विज्ञान प्रदर्शनी का आयोजन किया गया।""",0
"""सार्वजनिक परिवहन में सुधार से यात्रियों को फायदा हुआ है।""",0
"""विदेशी पर्यटकों के लिए स्थानीय संस्कृति का आनंद लेना आकर्षक है।""",0
"""1. मौसम विभाग ने अगले सप्ताह भारी बारिश की चेतावनी जारी की है।""",0
"""2. नई स्मार्टफोन तकनीक में बैटरी लाइफ में बड़ा सुधार देखा गया है।""",0
"""3. स्वास्थ्य विशेषज्ञों ने नियमित योग को तनाव कम करने का सबसे अच्छा तरीका बताया।""",0
"""4. ऑनलाइन शिक्षा प्लेटफॉर्म पर नए कोर्सेज की घोषणा हुई है।""",0
"""5. स्थानीय बाजार में सब्जियों के दामों में गिरावट दर्ज की गई।""",0
"""6. नए शोध के अनुसार हरी सब्जियों का सेवन हृदय रोग के जोखिम को कम करता है।""",0
"""7. ट्रैवल ब्लॉगर्स ने हिमाचल के कम ज्ञात पर्यटन स्थलों की सिफारिश की।""",0
"""8. ई-कॉमर्स वेबसाइट पर फेस्टिवल सेल शुरू होने वाली है।""",0
"""9. टेक कंपनी ने नए वायरलेस इयरफोन्स को लॉन्च किया है।""",0
"""10. किसानों को नई कृषि तकनीकों के बारे में जागरूक करने के लिए कार्यक्रम आयोजित किया गया।""",0
"""11. फिटनेस ट्रेनर्स ने घर पर वर्कआउट करने के आसान तरीके बताए।""",0
"""12. नए रेस्तरां में पारंपरिक व्यंजनों को आधुनिक तरीके से पेश किया जा रहा है।""",0
"""13. शहर में वायु प्रदूषण के स्तर में मामूली सुधार हुआ है।""",0
"""14. गर्मियों में ताज़ा रहने के लिए डॉक्टरों ने अधिक पानी पीने की सलाह दी।""",0
"""15. किताब प्रेमियों के लिए नई कहानियों का संग्रह जल्द ही आने वाला है।""",0
"""16. बच्चों के लिए स्कूल बैग्स की नई रेंज बाजार में उपलब्ध है।""",0
"""17. सोलर एनर्जी के उपयोग को बढ़ावा देने के लिए सरकार ने नई योजना शुरू की।""",0
"""18. मोबाइल गेमिंग इंडस्ट्री में इस साल बड़ी वृद्धि हुई है।""",0
"""19. घर की सजावट के लिए इको-फ्रेंडली उत्पादों की मांग बढ़ी है।""",0
"""20. नए अध्ययन में पाया गया कि संगीत सुनने से मनोदशा में सुधार होता है।""",0
"""21. सार्वजनिक परिवहन में सुविधाओं को और बेहतर बनाने की योजना बनाई जा रही है।""",0
"""22. नए डिज़ाइन के फर्नीचर शहर के होम डेकोर स्टोर्स पर उपलब्ध हैं।""",0
"""23. वेब सीरीज देखने वालों की संख्या में पिछले महीने वृद्धि हुई है।""",0
"""24. डिजिटल पेमेंट का उपयोग करने वाले लोगों की संख्या लगातार बढ़ रही है।""",0
"""25. सर्दियों में त्वचा की देखभाल के लिए विशेषज्ञों ने टिप्स शेयर किए।""",0
"""26. फूड डिलीवरी ऐप पर नए प्रोमो कोड जारी किए गए हैं।""",0
"""27. बागवानी शौकीनों के लिए नए प्रकार के बीज बाजार में आए हैं।""",0
"""28. कार निर्माता कंपनी ने इलेक्ट्रिक वाहनों की नई लाइन पेश की।""",0
"""29. बच्चों के लिए शैक्षिक खिलौनों की बिक्री में वृद्धि हुई है।""",0
"""30. नए रिसर्च के मुताबिक रोजाना पैदल चलने से स्वास्थ्य लाभ होता है।""",0
"""31. नए साल के जश्न के लिए शहर के होटलों में विशेष पैकेज उपलब्ध हैं।""",0
"""32. हाल ही में खोले गए पार्क में सुबह-शाम टहलने वालों की भीड़ देखी जा रही है।""",0
"""33. नए ऑनलाइन कोर्स में प्रोग्रामिंग सिखाने पर जोर दिया जा रहा है।""",0
"""34. आने वाले त्योहारों के लिए कारीगरों द्वारा हस्तनिर्मित सामान तैयार किए जा रहे हैं।""",0
"""35. बैंकों ने नए ग्राहकों के लिए ब्याज दरों में कटौती की है।""",0
"""36. पेट्रोल की कीमतों में आज थोड़ी कमी देखी गई।""",0
"""37. स्वास्थ्य बीमा पॉलिसियों में नए फायदे जोड़े गए हैं।""",0
"""38. मोबाइल नेटवर्क कंपनी ने ग्रामीण इलाकों में अपनी सेवाएं बढ़ाई हैं।""",0
"""39. नए सीज़न में फैशन डिजाइनर्स ने रंग-बिरंगे कपड़े पेश किए हैं।""",0
"""40. वर्क फ्रॉम होम के दौरान लोगों ने नए शौक विकसित किए हैं।""",0
"""41. शाकाहारी भोजन की लोकप्रियता में वैश्विक स्तर पर वृद्धि हुई है।""",0
"""42. फिल्म निर्माताओं ने ओटीटी प्लेटफॉर्म के लिए नई वेब सीरीज बनाई है।""",0
"""43. पुरानी इमारतों के संरक्षण के लिए सरकार ने फंड जारी किया है।""",0
"""44. नए एप्लिकेशन की मदद से भाषा सीखना आसान हो गया है।""",0
"""45. देश भर में साइकिल चलाने वालों की संख्या में इजाफा हुआ है।""",0
"""46. अगले महीने होने वाले संगीत समारोह के लिए टिकट बुकिंग शुरू हो गई है।""",0
"""47. हाल ही में जारी की गई किताब ने पाठकों का ध्यान खींचा है।""",0
"""48. नए एयरलाइन ऑफर में घरेलू यात्रा पर छूट दी जा रही है।""",0
"""49. कॉलेज छात्रों के लिए नए स्कॉलरशिप की घोषणा हुई है।""",0
"""50. अंतरराष्ट्रीय शोधकर्ताओं ने जलवायु परिवर्तन पर नई रिपोर्ट जारी की है।""",0
"""1. नई तकनीक से अब घर बैठे ऑनलाइन पढ़ाई करना आसान हो गया है।""",0
"""2. मौसम विभाग ने आने वाले सप्ताह में भारी बारिश की चेतावनी जारी की है।""",0
"""3. इस साल फिल्मों में नए कलाकारों ने अपने अभिनय से सबका दिल जीता।""",0
"""4. स्वास्थ्य विशेषज्ञों ने रोजाना व्यायाम करने की सलाह दी है।""",0
"""5. नए स्मार्टफोन में बेहतर कैमरा और लंबी बैटरी लाइफ की सुविधा है।""",0
"""6. यात्रा के दौरान स्थानीय भोजन का स्वाद चखना एक अलग अनुभव देता है।""",0
"""7. बाजार में आजकल ऑर्गेनिक सब्जियों की मांग बढ़ रही है।""",0
"""8. पिछले साल की तुलना में इस साल परीक्षा परिणाम बेहतर रहे।""",0
"""9. नई कार मॉडल्स में ईंधन की बचत करने वाली तकनीक शामिल है।""",0
"""10. मोबाइल बैंकिंग की सुविधा से अब पैसों का लेन-देन आसान हो गया है।""",0
"""11. सर्दियों में गर्म कपड़े पहनने से स्वास्थ्य समस्याओं से बचा जा सकता है।""",0
"""12. किताब पढ़ने से न केवल ज्ञान बढ़ता है बल्कि मनोरंजन भी होता है।""",0
"""13. नए दिशा-निर्देशों के अनुसार स्कूलों में पाठ्यक्रम बदला जाएगा।""",0
"""14. बागवानी करने से मन को शांति मिलती है और पर्यावरण भी सुधरता है।""",0
"""15. नए रेस्तरां में विभिन्न प्रकार के व्यंजनों का स्वादिष्ट मेनू उपलब्ध है।""",0
"""16. ऑनलाइन शॉपिंग के लिए अब कई भुगतान विकल्प उपलब्ध हैं।""",0
"""17. योग और ध्यान से तनाव कम करने में मदद मिलती है।""",0
"""18. इस साल सिनेमा हॉल में नई तकनीक से फिल्में दिखाई जाएंगी।""",0
"""19. बच्चों को पढ़ाई के साथ-साथ खेलकूद में भी भाग लेना चाहिए।""",0
"""20. नए शोध के अनुसार हरी सब्जियों का सेवन स्वास्थ्य के लिए फायदेमंद है।""",0
"""21. शहर के मुख्य मार्ग पर यातायात सुविधाओं का विस्तार किया जा रहा है।""",0
"""22. अगले महीने से ट्रेनों में नई सुविधाएं शुरू की जाएंगी।""",0
"""23. डिजिटल मार्केटिंग में करियर बनाने के इच्छुक युवाओं के लिए अच्छे अवसर हैं।""",0
"""24. पेट्रोल की कीमतों में गिरावट से वाहन मालिकों को राहत मिली है।""",0
"""25. घर की सजावट के लिए नए डिजाइन और रंगों का चलन बढ़ रहा है।""",0
"""26. नए कानून के तहत सार्वजनिक स्थानों पर धूम्रपान पर प्रतिबंध लगाया गया है।""",0
"""27. ऑनलाइन कोर्सेज के जरिए अब घर बैठे नई स्किल्स सीखी जा सकती हैं।""",0
"""28. ताजा फलों का रोजाना सेवन करने से इम्यून सिस्टम मजबूत होता है।""",0
"""29. नए सॉफ्टवेयर की मदद से बिजनेस प्रोसेस को आसान बनाया जा सकता है।""",0
"""30. विशेषज्ञों का कहना है कि पर्याप्त नींद लेना स्वास्थ्य के लिए जरूरी है।""",0
"""31. इस साल त्योहारों के मौसम में शॉपिंग मॉल्स में भीड़ बढ़ने की उम्मीद है।""",0
"""32. नई जनसंख्या नीति के तहत शिक्षा और स्वास्थ्य सुविधाओं को बेहतर बनाया जाएगा।""",0
"""33. गर्मियों में ताजे फलों के जूस पीने से शरीर में पानी की कमी नहीं होती।""",0
"""34. प्रदूषण को कम करने के लिए सार्वजनिक परिवहन का उपयोग बढ़ाना जरूरी है।""",0
"""35. नए अध्ययन के मुताबिक, रोजाना पैदल चलने से हृदय रोग का खतरा कम होता है।""",0
"""36. सोशल मीडिया पर अब छोटे व्यवसायों को प्रमोट करने के नए तरीके उपलब्ध हैं।""",0
"""37. कार्यस्थल पर संतुलित आहार लेने से ऊर्जा का स्तर बना रहता है।""",0
"""38. नए नियमों के अनुसार वाहनों का पंजीकरण प्रक्रिया सरल बनाई गई है।""",0
"""39. डॉक्टरों का कहना है कि नियमित जांच से बीमारियों का पता पहले चल सकता है।""",0
"""40. हाल ही में लॉन्च हुई ई-बाइक्स पर्यावरण के अनुकूल और किफायती हैं।""",0
"""41. पुस्तक मेले में इस साल विभिन्न विषयों पर हजारों किताबें उपलब्ध हैं।""",0
"""42. नए निवेश योजनाओं के जरिए छोटे निवेशक भी अच्छा मुनाफा कमा सकते हैं।""",0
"""43. वैज्ञानिकों ने एक नई दवा विकसित की है जो तेजी से असर करती है।""",0
"""44. छुट्टियों में पहाड़ों की यात्रा करने से मन को शांति मिलती है।""",0
"""45. बैंकों ने ऑनलाइन लोन की प्रक्रिया को और तेज और सरल बना दिया है।""",0
"""46. मोबाइल एप्लिकेशन के जरिए अब घर बैठे डॉक्टर से सलाह ली जा सकती है।""",0
"""47. नए संसद भवन का निर्माण कार्य तेजी से आगे बढ़ रहा है।""",0
"""48. खाना पकाने के नए तरीकों से समय और ऊर्जा दोनों की बचत होती है।""",0
"""49. सरकार ने किसानों के लिए नई योजना की घोषणा की है।""",0
"""50. सर्दियों में गर्म पानी से नहाने से ठंड से बचा जा सकता है।""",0
"""सरकार ने नई शिक्षा नीति के तहत पाठ्यक्रम में बदलाव की घोषणा की।""",0
"""मोबाइल फोन कंपनी ने अपना नया बजट मॉडल लॉन्च किया जिसमें बेहतर कैमरा फीचर्स हैं।""",0
"""विशेषज्ञों का कहना है कि नियमित योग करने से मानसिक स्वास्थ्य में सुधार होता है।""",0
"""बारिश के मौसम में सड़कों की हालत खराब होने से यातायात प्रभावित हुआ।""",0
"""नई फिल्म ने बॉक्स ऑफिस पर पहले ही दिन बढ़िया कमाई की।""",0
"""ऑनलाइन शॉपिंग प्लेटफॉर्म पर फेस्टिवल सेल के दौरान भारी छूट की पेशकश।""",0
"""वैज्ञानिकों ने एक नई दवा विकसित की जो कैंसर के इलाज में मददगार हो सकती है।""",0
"""किसानों ने फसल की बेहतर पैदावार के लिए नई तकनीक अपनाई।""",0
"""बैंकों ने ब्याज दरों में कटौती करने का फैसला किया।""",0
"""पर्यटन विभाग ने नए पर्यटक स्थलों को विकसित करने की योजना बनाई।""",0
"""मौसम विभाग ने अगले सप्ताह भारी बारिश की चेतावनी जारी की।""",0
"""सोशल मीडिया पर नए फिल्टर्स की मांग बढ़ रही है।""",0
"""फिटनेस ट्रेनर ने घर पर ही वर्कआउट करने के टिप्स शेयर किए।""",0
"""नए स्मार्टवॉच मॉडल में हार्ट रेट मॉनिटरिंग की सुविधा जोड़ी गई।""",0
"""शहर में प्रदूषण के स्तर को कम करने के लिए नए उपाय शुरू किए गए।""",0
"""खाद्य सुरक्षा अधिकारियों ने नकली खाद्य पदार्थों की जांच के लिए अभियान चलाया।""",0
"""बच्चों के लिए नए एजुकेशनल ऐप्स की मांग बढ़ रही है।""",0
"""मेट्रो रेलवे ने यात्रियों की सुविधा के लिए नई ट्रेनों का संचालन शुरू किया।""",0
"""बागवानी के शौकीनों के लिए नए प्रकार के बीज बाजार में उपलब्ध हैं।""",0
"""देश में इलेक्ट्रिक वाहनों की बिक्री में पिछले साल की तुलना में वृद्धि हुई।""",0
"""फुटबॉल टूर्नामेंट के लिए टिकट बुकिंग अगले सप्ताह शुरू होगी।""",0
"""खानपान विशेषज्ञों ने संतुलित आहार के महत्व पर जोर दिया।""",0
"""नए रेस्तरां में पारंपरिक व्यंजनों के साथ आधुनिक स्वाद का मिश्रण है।""",0
"""शहर के मुख्य पार्क को जनता के लिए नए सुविधाओं के साथ खोला गया।""",0
"""बाजार में नए प्रकार के एयर प्यूरीफायर लॉन्च हुए हैं।""",0
"""कंप्यूटर गेम्स के नए वर्जन में ग्राफिक्स की गुणवत्ता बेहतर हुई है।""",0
"""सरकारी अस्पतालों में मरीजों के लिए नई सुविधाएं शुरू की गईं।""",0
"""नए साल के जश्न के लिए शहर में कई कार्यक्रम आयोजित किए जाएंगे।""",0
"""सोलर एनर्जी का उपयोग बढ़ाने के लिए ग्रामीण इलाकों में जागरूकता अभियान चलाया जा रहा है।""",0
"""विदेशी मुद्रा बाजार में स्थानीय मुद्रा का मूल्य बढ़ा है।""",0
"""पुस्तक मेले में नए लेखकों की पुस्तकों को खूब सराहा गया।""",0
"""स्कूली बच्चों के लिए नए पाठ्यक्रम में कला और संगीत को शामिल किया गया है।""",0
"""सर्दियों के मौसम में स्वास्थ्य संबंधी समस्याओं से बचने के लिए सलाह दी गई।""",0
"""कॉलेजों में नए शोध केंद्र खोलने की योजना बनाई जा रही है।""",0
"""नए वित्तीय नियमों के तहत बैंकों को और पारदर्शिता बनाए रखनी होगी।""",0
"""खेल मंत्रालय ने युवा खिलाड़ियों के लिए प्रशिक्षण कार्यक्रम शुरू किया।""",0
"""पब्लिक ट्रांसपोर्ट में महिलाओं की सुरक्षा के लिए नए उपाय लागू किए गए।""",0
"""कृषि विभाग ने किसानों को नई तकनीक के बारे में जानकारी दी।""",0
"""म्यूजिक फेस्टिवल में विभिन्न संगीत शैलियों के कलाकारों ने प्रदर्शन किया।""",0
"""ऑनलाइन पाठ्यक्रमों की मांग में पिछले कुछ महीनों में वृद्धि हुई है।""",0
"""नए स्मार्टफोन में बैटरी लाइफ को बेहतर बनाने के लिए तकनीकी सुधार किए गए हैं।""",0
"""गर्मियों में ताज़े फलों का सेवन स्वास्थ्य के लिए फायदेमंद होता है।""",0
"""शॉपिंग मॉल में नए ब्रांड्स के स्टोर्स खुलने से ग्राहकों में उत्साह है।""",0
"""विदेशी पर्यटकों के लिए नए टूरिस्ट पैकेज तैयार किए गए हैं।""",0
"""हाल ही में प्रकाशित शोध पत्र में पर्यावरण संरक्षण के नए तरीके सुझाए गए।""",0
"""कस्बों में इंटरनेट कनेक्टिविटी बेहतर करने के लिए नए टावर लगाए जा रहे हैं।""",0
"""बाजार में आर्गेनिक खाद्य पदार्थों की मांग बढ़ती जा रही है।""",0
"""नए डिज़ाइन की फर्नीचर श्रृंखला शहर के बड़े शोरूम में उपलब्ध है।""",0
"""ग्रामीण क्षेत्रों में स्वास्थ्य जांच शिविर लगाए जाने की योजना है।""",0
"""सोशल मीडिया प्लेटफॉर्म ने यूजर प्राइवेसी को लेकर नए नियम जारी किए।""",0
"""मोटर वाहन कंपनी ने इलेक्ट्रिक स्कूटर की नई रेंज पेश की।""",0
"""गेमिंग इंडस्ट्री में नौकरी के अवसर बढ़ने की संभावना है।""",0
"""1. नई शिक्षा नीति से छात्रों को लाभ होगा, कक्षा 5 तक मातृभाषा में पढ़ाई की व्यवस्था होगी।""",0
"""2. स्मार्टफोन की नई सीरीज लॉन्च, बेहतरीन कैमरा और लंबी बैटरी लाइफ के साथ आई है।""",0
"""3. मौसम विभाग ने आने वाले सप्ताह में भारी बारिश की चेतावनी जारी की है।""",0
"""4. घर पर योग करने से तनाव कम करने और सेहत सुधारने में मदद मिलती है।""",0
"""5. ऑनलाइन शॉपिंग के दौरान डिस्काउंट कोड का उपयोग करके पैसे बचाए जा सकते हैं।""",0
"""6. नए रेस्टोरेंट में स्वादिष्ट व्यंजन और अच्छी सेवा का अनुभव मिला।""",0
"""7. देश में बढ़ते प्रदूषण को कम करने के लिए सरकार नए नियम ला रही है।""",0
"""8. फिल्म की समीक्षा: कहानी दिलचस्प थी लेकिन अंत थोड़ा कमजोर लगा।""",0
"""9. सोलर एनर्जी अपनाने से बिजली बिल में काफी कमी आ सकती है।""",0
"""10. नए साल पर परिवार के साथ घूमने का प्लान बना रहे हैं।""",0
"""11. किताब पढ़ने की आदत से ज्ञान और शब्दावली दोनों बढ़ती है।""",0
"""12. नई टेक कंपनी ने इनोवेटिव प्रोडक्ट लॉन्च कर बाजार में धूम मचा दी।""",0
"""13. स्वास्थ्य विशेषज्ञों ने रोजाना 30 मिनट व्यायाम करने की सलाह दी।""",0
"""14. शहर में नए पार्क का निर्माण पूरा होने के बाद लोगों के लिए खोला गया।""",0
"""15. मोबाइल ऐप की मदद से भाषा सीखना अब आसान हो गया है।""",0
"""16. गर्मियों में हल्के रंग के कपड़े पहनने से गर्मी कम लगती है।""",0
"""17. नए शोध के अनुसार, हरी सब्जियां खाने से इम्यून सिस्टम मजबूत होता है।""",0
"""18. पुराने गानों को सुनकर यादें ताजा हो जाती हैं।""",0
"""19. कार की नई मॉडल में फ्यूल एफिशिएंसी बेहतर है और सुरक्षा फीचर्स भी ज्यादा हैं।""",0
"""20. घर की सजावट के लिए छोटे-छोटे बदलाव भी बड़ा असर डाल सकते हैं।""",0
"""21. ट्रैवल ब्लॉगर ने छोटे शहरों की यात्रा के अनुभव साझा किए।""",0
"""22. नए वीडियो गेम की ग्राफिक्स और गेमप्ले लोगों को पसंद आ रही है।""",0
"""23. बागवानी करने से मन को शांति मिलती है और पर्यावरण भी साफ रहता है।""",0
"""24. डिजिटल पेमेंट के बढ़ते चलन से नकदी की जरूरत कम हुई है।""",0
"""25. पिछले साल की तुलना में इस बार परीक्षा परिणाम बेहतर रहे।""",0
"""26. वर्क फ्रॉम होम के दौरान टाइम मैनेजमेंट बहुत जरूरी है।""",0
"""27. नए कॉफी शॉप में अलग-अलग फ्लेवर की चाय और कॉफी मिलती है।""",0
"""28. सोशल मीडिया पर वायरल हो रहे ट्रेंड्स को फॉलो करना कभी-कभी मजेदार होता है।""",0
"""29. सर्दियों में गर्म पानी से नहाने से ठंड कम लगती है।""",0
"""30. ऑनलाइन कोर्सेज की मदद से नई स्किल्स सीखी जा सकती हैं।""",0
"""31. नए शोध में पाया गया कि मेडिटेशन से मानसिक स्वास्थ्य सुधरता है।""",0
"""32. ट्रेन की नई सुविधाओं से यात्रा और आरामदायक हो गई है।""",0
"""33. सिनेमा हॉल में नई फिल्म देखने का अनुभव हमेशा अच्छा लगता है।""",0
"""34. घर पर बनाए गए खाने की बजाय बाहर का खाना कभी-कभी ही खाना चाहिए।""",0
"""35. नए स्मार्टवॉच में हेल्थ ट्रैकिंग फीचर्स काफी उपयोगी हैं।""",0
"""36. गर्मी से बचने के लिए छत पर ग्रीन नेट लगवाना फायदेमंद हो सकता है।""",0
"""37. पुरानी चीजों को रीसायकल कर पर्यावरण को बचाया जा सकता है।""",0
"""38. नए रोबोटिक्स प्रोजेक्ट ने टेक्नोलॉजी के क्षेत्र में क्रांति ला दी है।""",0
"""39. सुबह जल्दी उठने से पूरे दिन की प्रोडक्टिविटी बढ़ जाती है।""",0
"""40. पालतू जानवर रखने से तनाव कम होता है और जीवन खुशहाल बनता है।""",0
"""41. नए इंवेस्टमेंट प्लान से लोगों को फायदा हो रहा है।""",0
"""42. वार्षिक उत्सव में इस बार सांस्कृतिक कार्यक्रमों की भरमार रही।""",0
"""43. सर्दियों में गाजर का हलवा खाने का अपना ही मजा है।""",0
"""44. बच्चों को पौष्टिक खाना खिलाने से उनका विकास बेहतर होता है।""",0
"""45. नए एयरपोर्ट की सुविधाओं से यात्रियों को काफी राहत मिली है।""",0
"""46. बारिश के मौसम में चाय और पकौड़े का स्वाद ही कुछ और होता है।""",0
"""47. ऑफिस में पौधे लगाने से वातावरण सुधरता है और मूड भी अच्छा रहता है।""",0
"""48. नए जिम में एडवांस्ड एक्सरसाइज मशीनें उपलब्ध हैं।""",0
"""49. मोबाइल बैंकिंग ऐप की मदद से बैंकिंग कार्य आसान हो गए हैं।""",0
"""50. पुरानी दोस्तों से मिलकर अच्छा लगा, यादें ताजा हो गईं।""",0
"""1. नई टेक्नोलॉजी से अब घर बैठे ही बिजली के बिलों पर नियंत्रण किया जा सकेगा।""",0
"""2. मानसून के मौसम में सड़कों की हालत खराब होने से यातायात प्रभावित हुआ है।""",0
"""3. स्वास्थ्य विशेषज्ञों ने रोजाना 30 मिनट व्यायाम करने की सलाह दी है।""",0
"""4. नए रेस्तरां में शाकाहारी व्यंजनों की विविधता ने लोगों को आकर्षित किया है।""",0
"""5. शिक्षा मंत्रालय ने नए सत्र से पाठ्यक्रम में बदलाव की घोषणा की।""",0
"""6. गर्मियों में फलों का सेवन बढ़ाने से शरीर में पानी की कमी दूर होती है।""",0
"""7. सोशल मीडिया पर नए ट्रेंड्स लगातार युवाओं को प्रभावित कर रहे हैं।""",0
"""8. मोबाइल ऐप के जरिए अब घर बैठे बैंकिंग सेवाओं का लाभ उठाया जा सकता है।""",0
"""9. नए शोध के अनुसार, हरी सब्जियों का नियमित सेवन स्वास्थ्य के लिए फायदेमंद है।""",0
"""10. शहर के मुख्य पार्क में सुबह-शाम लोग योग और सैर के लिए जुटते हैं।""",0
"""11. वैज्ञानिकों ने एक नई दवा का आविष्कार किया है जो तनाव को कम करने में मददगार है।""",0
"""12. आजकल ऑनलाइन शॉपिंग में छूट के कारण लोगों की रुचि बढ़ रही है।""",0
"""13. नए स्मार्टफोन में कैमरा क्वालिटी और बैटरी लाइफ में सुधार किया गया है।""",0
"""14. पिछले सप्ताह हुए म्यूजिक कॉन्सर्ट में हजारों लोगों ने भाग लिया।""",0
"""15. विशेषज्ञों का कहना है कि पर्याप्त नींद लेने से दिमाग तेज होता है।""",0
"""16. नए नियमों के अनुसार अब सार्वजनिक स्थानों पर धूम्रपान पर प्रतिबंध लगा दिया गया है।""",0
"""17. किसानों को नई तकनीक से खेती करने के लिए प्रशिक्षण दिया जा रहा है।""",0
"""18. हाल ही में खोले गए लाइब्रेरी में पढ़ने वालों की संख्या लगातार बढ़ रही है।""",0
"""19. सर्दियों में गर्म कपड़ों की मांग बाजार में तेजी से बढ़ी है।""",0
"""20. ऑनलाइन क्लासेस के कारण छात्रों को घर बैठे पढ़ाई करने की सुविधा मिल रही है।""",0
"""21. नए रोबोटिक सिस्टम से फैक्ट्रियों में उत्पादन गति बढ़ी है।""",0
"""22. पिछले महीने जारी हुए नए गाने ने यूट्यूब पर लाखों व्यूज प्राप्त किए।""",0
"""23. डॉक्टरों का मानना है कि संतुलित आहार से बीमारियों से बचा जा सकता है।""",0
"""24. नगर निगम ने शहर की सफाई व्यवस्था को बेहतर बनाने के लिए नई योजना शुरू की है।""",0
"""25. नए रिसर्च के मुताबिक, पेड़-पौधों के आसपास रहने से मानसिक स्वास्थ्य बेहतर होता है।""",0
"""26. बाजार में नए आए इलेक्ट्रिक वाहनों की बिक्री तेजी से बढ़ रही है।""",0
"""27. विश्व स्वास्थ्य संगठन ने नए दिशा-निर्देश जारी किए हैं।""",0
"""28. फिल्म समीक्षकों ने हाल ही में रिलीज़ हुई फिल्म को सराहा है।""",0
"""29. अधिकारियों ने यातायात नियमों का पालन न करने वालों पर जुर्माना बढ़ा दिया है।""",0
"""30. नए बजट में शिक्षा और स्वास्थ्य पर विशेष ध्यान दिया गया है।""",0
"""31. मौसम विभाग ने अगले सप्ताह भारी बारिश की चेतावनी जारी की है।""",0
"""32. कंपनियां अब वर्क फ्रॉम होम की सुविधा को बढ़ावा दे रही हैं।""",0
"""33. हाल ही में प्रकाशित पुस्तक ने पाठकों के बीच खासी लोकप्रियता हासिल की है।""",0
"""34. खाद्य सुरक्षा विभाग ने खाद्य पदार्थों की गुणवत्ता जांचने के लिए नए मानक तय किए हैं।""",0
"""35. नए सर्वे के अनुसार, युवाओं में ऑनलाइन गेम्स की लत बढ़ रही है।""",0
"""36. सरकार ने ग्रामीण क्षेत्रों में इंटरनेट कनेक्टिविटी बढ़ाने की घोषणा की है।""",0
"""37. नए टूरिस्ट स्पॉट के खुलने से स्थानीय पर्यटन को बढ़ावा मिला है।""",0
"""38. विशेषज्ञों का कहना है कि नियमित मेडिटेशन से तनाव कम होता है।""",0
"""39. नए नियमों के तहत अब प्लास्टिक के उपयोग पर रोक लगा दी गई है।""",0
"""40. बच्चों के मानसिक विकास के लिए खेलकूद जरूरी है।""",0
"""41. पिछले वर्ष की तुलना में इस साल कृषि उत्पादन में वृद्धि हुई है।""",0
"""42. नए हाउसिंग प्रोजेक्ट से शहर में आवासीय सुविधाएं बढ़ेंगी।""",0
"""43. सर्दियों में गर्म पेय पदार्थों की खपत बढ़ जाती है।""",0
"""44. आर्टिफिशियल इंटेलिजेंस ने कई क्षेत्रों में क्रांति ला दी है।""",0
"""45. नए रेलवे स्टेशन के निर्माण से यात्रियों को सुविधा होगी।""",0
"""46. पालतू जानवरों की देखभाल के लिए विशेष क्लिनिक खोले गए हैं।""",0
"""47. वैज्ञानिकों ने एक नई सौर ऊर्जा तकनीक विकसित की है।""",0
"""48. हाल ही में आयोजित प्रदर्शनी में नई कला कृतियों को प्रदर्शित किया गया।""",0
"""49. नए सॉफ्टवेयर ने व्यवसाय प्रक्रियाओं को आसान बना दिया है।""",0
"""50. शहर के मुख्य चौराहे पर ट्रैफिक सिग्नल सिस्टम को अपग्रेड किया गया है।""",0
"""1. नई शिक्षा नीति से छात्रों को भाषाओं में अधिक विकल्प मिलेंगे।""",0
"""2. कल रात के मैच में दोनों टीमों ने शानदार प्रदर्शन किया।""",0
"""3. इस साल मानसून की बारिश सामान्य से कम होने की संभावना है।""",0
"""4. नए स्मार्टफोन में बेहतर कैमरा और बैटरी लाइफ का दावा किया गया है।""",0
"""5. आजकल युवा घर बैठे ऑनलाइन कोर्स कर रहे हैं।""",0
"""6. स्थानीय बाजार में सब्जियों के दाम बढ़ गए हैं।""",0
"""7. स्वास्थ्य विशेषज्ञ नियमित व्यायाम की सलाह देते हैं।""",0
"""8. नए रेस्तरां में दक्षिण भारतीय व्यंजनों की विशेषता है।""",0
"""9. फिल्म निर्माताओं ने इस साल कई नई परियोजनाएँ शुरू की हैं।""",0
"""10. टेक कंपनी ने अगले महीने नया सॉफ्टवेयर अपडेट जारी करने की घोषणा की।""",0
"""11. किसानों को बेहतर उपज के लिए नई तकनीकों का प्रशिक्षण दिया जा रहा है।""",0
"""12. आजकल ई-कॉमर्स वेबसाइट्स पर विभिन्न प्रकार के उत्पाद उपलब्ध हैं।""",0
"""13. यात्रा करते समय स्थानीय संस्कृति को समझना महत्वपूर्ण है।""",0
"""14. नए शोध के अनुसार हरी सब्जियाँ स्वास्थ्य के लिए बहुत फायदेमंद हैं।""",0
"""15. सर्दियों में गर्म कपड़े पहनने से बीमारियों से बचा जा सकता है।""",0
"""16. कुछ लोग सुबह जल्दी उठकर योग या ध्यान करते हैं।""",0
"""17. मोबाइल बैंकिंग से लेन-देन करना अब आसान हो गया है।""",0
"""18. इस साल फिल्म उद्योग में कई नए प्रतिभाशाली कलाकार देखने को मिले।""",0
"""19. बच्चों को पढ़ाई के साथ-साथ खेलकूद पर भी ध्यान देना चाहिए।""",0
"""20. देशभर में सड़क सुरक्षा जागरूकता अभियान चलाया जा रहा है।""",0
"""21. नए वाहनों में ईंधन की बचत करने वाली तकनीक का उपयोग किया जा रहा है।""",0
"""22. ग्राहक सेवा में सुधार के लिए कंपनियाँ नई रणनीतियाँ अपना रही हैं।""",0
"""23. वायु प्रदूषण को कम करने के लिए जनता से सहयोग की अपील की गई है।""",0
"""24. नए आवासीय परियोजनाओं में हरित ऊर्जा का उपयोग किया जा रहा है।""",0
"""25. डिजिटल भुगतान प्रणाली ने लेन-देन को तेज और सुरक्षित बना दिया है।""",0
"""26. पिछले सप्ताह हुए संगीत कार्यक्रम को लाखों लोगों ने देखा।""",0
"""27. बागवानी करने से मन को शांति मिलती है और पर्यावरण सुधरता है।""",0
"""28. सरकार ने छोटे व्यापारियों को सहायता प्रदान करने की योजना बनाई है।""",0
"""29. आधुनिक जीवनशैली में तनाव कम करने के तरीके खोजना जरूरी है।""",0
"""30. कई लोग अब घर से काम करने को प्राथमिकता दे रहे हैं।""",0
"""31. नए रोबोटिक्स प्रोजेक्ट में विद्यार्थियों की रुचि बढ़ रही है।""",0
"""32. सर्दियों के मौसम में गर्म पेय पदार्थों की मांग बढ़ जाती है।""",0
"""33. कुछ देशों में सार्वजनिक परिवहन प्रणाली बहुत विकसित है।""",0
"""34. नए कॉफी शॉप में विभिन्न प्रकार की कॉफी और स्नैक्स मिलते हैं।""",0
"""35. शहर के पार्कों में सुबह-शाम लोग टहलने आते हैं।""",0
"""36. कई कंपनियाँ अब प्लास्टिक के बजाय कागज के पैकेजिंग का उपयोग कर रही हैं।""",0
"""37. नए शोध में पाया गया कि संगीत सुनने से मूड अच्छा होता है।""",0
"""38. स्थानीय पुस्तक मेले में नई और पुरानी पुस्तकों की बिक्री हो रही है।""",0
"""39. दूरदराज के इलाकों में इंटरनेट की पहुँच बढ़ाने के प्रयास किए जा रहे हैं।""",0
"""40. वार्षिक उत्सव में विभिन्न राज्यों के लोक नृत्य प्रस्तुत किए गए।""",0
"""41. कुछ लोग अपने खाली समय में लेखन या पेंटिंग करना पसंद करते हैं।""",0
"""42. नए एप्लिकेशन से यूजर्स को अपने दैनिक कार्यों को व्यवस्थित करने में मदद मिलती है।""",0
"""43. स्वच्छता अभियान के तहत गली-मोहल्लों की सफाई की जा रही है।""",0
"""44. इस साल फसल अच्छी होने से किसानों को अधिक लाभ होने की उम्मीद है।""",0
"""45. कई स्कूलों में अब डिजिटल कक्षाओं का आयोजन किया जा रहा है।""",0
"""46. आजकल लोग घर बैठे ही ऑनलाइन शॉपिंग करना पसंद करते हैं।""",0
"""47. बारिश के मौसम में सड़कों पर जलभराव की समस्या बढ़ जाती है।""",0
"""48. नए आंकड़ों के अनुसार, इस साल पर्यटकों की संख्या में वृद्धि हुई है।""",0
"""49. कुछ लोग अपने स्वास्थ्य को ध्यान में रखते हुए शाकाहारी भोजन अपनाते हैं।""",0
"""50. आधुनिक समय में सोशल मीडिया का उपयोग तेजी से बढ़ रहा है।""",0
"""कल दिल्ली में भारी बारिश के कारण यातायात प्रभावित हुआ।""",0
"""नए स्मार्टफोन मॉडल की बैटरी लाइफ उम्मीद से कम निकली।""",0
"""विद्यार्थियों के लिए ऑनलाइन पढ़ाई की सुविधा बढ़ाने पर चर्चा हुई।""",0
"""मौसम विभाग ने अगले सप्ताह गर्मी बढ़ने की चेतावनी जारी की।""",0
"""सोशल मीडिया पर नए फिल्टर्स की लोकप्रियता तेजी से बढ़ी।""",0
"""खेल टूर्नामेंट में नए नियमों को लेकर विवाद हो रहा है।""",0
"""किसानों को बेहतर तकनीक उपलब्ध कराने की योजना शुरू हुई।""",0
"""फिटनेस ट्रेनर ने घर पर वर्कआउट के टिप्स साझा किए।""",0
"""नए रेस्तरां में शाकाहारी व्यंजनों की विविधता देखने को मिली।""",0
"""बाजार में सस्ते और टिकाऊ फर्नीचर की मांग बढ़ी।""",0
"""मोबाइल गेम्स की लत को लेकर अभिभावक चिंतित हैं।""",0
"""विदेशी पर्यटकों के लिए नए ट्रैवल पैकेजों की घोषणा हुई।""",0
"""कंप्यूटर प्रोग्रामिंग सीखने के लिए ऑनलाइन कोर्स शुरू हुआ।""",0
"""सर्दियों में स्वास्थ्य बनाए रखने के लिए डॉक्टरों ने सलाह दी।""",0
"""नए इलेक्ट्रिक वाहन मॉडल की कीमत में कमी की उम्मीद है।""",0
"""पब्लिक ट्रांसपोर्ट में सफाई को लेकर शिकायतें बढ़ी हैं।""",0
"""बच्चों के लिए शैक्षिक ऐप्स का उपयोग बढ़ रहा है।""",0
"""घरेलू उपकरणों की मरम्मत के लिए नई सर्विस लॉन्च हुई।""",0
"""व्यस्त जीवनशैली में योग के महत्व पर सेमिनार आयोजित हुआ।""",0
"""घरों में सोलर पैनल लगाने के लिए सरकारी सब्सिडी मिलेगी।""",0
"""नए बजट में शिक्षा क्षेत्र के लिए अधिक धनराशि आवंटित हुई।""",0
"""विदेशी मुद्रा में उतार-चढ़ाव ने निवेशकों को प्रभावित किया।""",0
"""कॉफी शॉप्स में विशेष ड्रिंक्स की मांग बढ़ गई है।""",0
"""वर्क फ्रॉम होम के बाद ऑफिस कल्चर में बदलाव आया है।""",0
"""बारिश के मौसम में सड़क दुर्घटनाओं में वृद्धि हुई।""",0
"""नए टेक्नोलॉजी स्टार्टअप को फंडिंग मिलने से उत्साह बढ़ा।""",0
"""फिल्म समीक्षकों ने नई रिलीज को सराहा।""",0
"""ऑनलाइन शॉपिंग के दौरान ग्राहक सेवा में सुधार की जरूरत।""",0
"""बागवानी के शौकीनों के लिए नए टूल्स बाजार में आए।""",0
"""पेट्रोल की कीमतों में गिरावट से राहत मिली।""",0
"""मोबाइल नेटवर्क की गति बढ़ाने के लिए टावर लगाए गए।""",0
"""नए हॉस्पिटल में आधुनिक उपकरणों की सुविधा उपलब्ध होगी।""",0
"""विद्युत बिल बचाने के लिए एनर्जी सेविंग टिप्स दिए गए।""",0
"""पारंपरिक त्योहारों को डिजिटल तरीके से मनाने का चलन बढ़ा।""",0
"""किताब पढ़ने की आदत को बढ़ावा देने के लिए कैंपेन चला।""",0
"""विदेश यात्रा करने वालों के लिए नियमों में ढील दी गई।""",0
"""नए ब्रांड के कपड़ों की गुणवत्ता को लेकर प्रशंसा हुई।""",0
"""बैंकों ने लोन प्रक्रिया को सरल बनाने का फैसला किया।""",0
"""एयर क्वालिटी में सुधार के लिए नए उपाय शुरू किए गए।""",0
"""होम डिलीवरी सर्विसेज की मांग में तेजी से वृद्धि हुई।""",0
"""शहरों में पार्किंग की समस्या को हल करने पर विचार हो रहा है।""",0
"""फूड डिलीवरी ऐप्स पर डिस्काउंट ऑफर्स बढ़ गए हैं।""",0
"""पब्लिक लाइब्रेरी में नई किताबें जोड़ी गईं।""",0
"""छोटे व्यवसायों को ऑनलाइन लाने के लिए ट्रेनिंग दी जा रही है।""",0
"""नए स्पोर्ट्स कॉम्प्लेक्स के निर्माण की योजना बनी।""",0
"""बच्चों के मानसिक स्वास्थ्य पर सेमिनार आयोजित किया गया।""",0
"""गांवों में इंटरनेट कनेक्टिविटी बढ़ाने पर जोर दिया जा रहा है।""",0
"""नए कॉलेज में एडमिशन प्रक्रिया शुरू हो गई है।""",0
"""सिंगल-यूज प्लास्टिक पर प्रतिबंध लागू करने की तैयारी है।""",0
"""कसरत के लिए पार्कों में नए उपकरण लगाए गए।""",0
"""मौसम विभाग ने अगले सप्ताह भारी बारिश की चेतावनी जारी की है।""",0
"""नई स्मार्टफोन तकनीक से बैटरी लाइफ में 30% सुधार हुआ है।""",0
"""योगा करने से तनाव कम करने में मदद मिलती है, शोध में पता चला।""",0
"""ऑनलाइन शॉपिंग के दौरान डिस्काउंट कोड का उपयोग कैसे करें?""",0
"""किसानों को बेहतर फसल उत्पादन के लिए नई तकनीकों की जानकारी दी गई।""",0
"""विद्यार्थियों के लिए नए शैक्षणिक पाठ्यक्रम लागू किए गए हैं।""",0
"""सर्दियों में स्वस्थ रहने के लिए ये आहार अपनाएं।""",0
"""सोशल मीडिया पर फेक न्यूज को कैसे पहचानें?""",0
"""नए रेस्टोरेंट में स्वादिष्ट व्यंजनों का अनूठा संग्रह है।""",0
"""ट्रैवल एजेंसियां घरेलू पर्यटन को बढ़ावा दे रही हैं।""",0
"""नई फिल्म ने बॉक्स ऑफिस पर शानदार कमाई की है।""",0
"""घर पर आसानी से बनाए जाने वाले हेल्दी स्नैक्स।""",0
"""डिजिटल बैंकिंग सेवाओं का उपयोग कैसे सुरक्षित रूप से करें?""",0
"""बच्चों की शिक्षा में टेक्नोलॉजी के बढ़ते प्रभाव पर चर्चा।""",0
"""व्यायाम करने से पहले और बाद में क्या खाएं?""",0
"""नए स्मार्टवॉच में हृदय गति मापने की सुविधा जोड़ी गई है।""",0
"""पेट्रोल की कीमतों में गिरावट से यात्रा सस्ती होगी।""",0
"""इलेक्ट्रिक वाहनों की बिक्री में पिछले साल 50% की वृद्धि हुई।""",0
"""किताब पढ़ने की आदत से मानसिक स्वास्थ्य में सुधार होता है।""",0
"""बागवानी करने से मन को शांति मिलती है।""",0
"""ऑनलाइन कोर्सेज के जरिए नए कौशल सीखें।""",0
"""शहरों में प्रदूषण कम करने के लिए नए उपाय प्रस्तावित हैं।""",0
"""फिटनेस ट्रैकर खरीदने से पहले इन बातों का ध्यान रखें।""",0
"""मोबाइल एप्लिकेशन के जरिए घर बैठे डॉक्टर से सलाह लें।""",0
"""नए शोध के अनुसार, हरी सब्जियां स्वास्थ्य के लिए अत्यंत लाभदायक हैं।""",0
"""कार्यस्थल पर तनाव कम करने के उपाय।""",0
"""विदेशी मुद्रा में निवेश करने से पहले ये जानकारी जरूर लें।""",0
"""सर्दी के मौसम में त्वचा की देखभाल कैसे करें?""",0
"""नई कार मॉडल में ईंधन दक्षता बढ़ाने के लिए तकनीक इस्तेमाल की गई है।""",0
"""वेबसाइट डिजाइन करते समय यूजर अनुभव को प्राथमिकता दें।""",0
"""घर पर वर्कआउट करने के लिए सरल व्यायाम।""",0
"""इंटरनेट की गति बढ़ाने के लिए ये टिप्स आजमाएं।""",0
"""बचत खाते और फिक्स्ड डिपॉजिट में क्या अंतर है?""",0
"""खाना पकाने के नए तरीके जो समय और ऊर्जा बचाते हैं।""",0
"""विद्यार्थियों के लिए समय प्रबंधन के उपयोगी टिप्स।""",0
"""बाजार में नए आए हेडफोन की समीक्षा।""",0
"""पालतू जानवरों की देखभाल के लिए आवश्यक सामग्री।""",0
"""मोबाइल फोन की बैटरी लाइफ बढ़ाने के आसान उपाय।""",0
"""विशेषज्ञों ने जलवायु परिवर्तन के प्रभावों पर चिंता जताई।""",0
"""घर की सजावट के लिए किफायती विचार।""",0
"""दूरस्थ कार्य करते समय उत्पादकता कैसे बढ़ाएं?""",0
"""नए साल के लिए सेहतमंद जीवनशैली अपनाने के संकल्प।""",0
"""विदेश यात्रा करने से पहले ये दस्तावेज तैयार रखें।""",0
"""बच्चों के लिए पौष्टिक लंच बॉक्स आइडियाज।""",0
"""बाइक खरीदते समय इन विशेषताओं पर ध्यान दें।""",0
"""ऑनलाइन स्टोर से सामान खरीदने के फायदे और नुकसान।""",0
"""सोशल मीडिया मार्केटिंग के लिए नए ट्रेंड्स।""",0
"""वर्क फ्रॉम होम के दौरान कैसे स्वस्थ रहें?""",0
"""नए शोध में पाया गया कि नियमित व्यायाम से नींद की गुणवत्ता बेहतर होती है।""",0
"""घर पर बने मास्क त्वचा के लिए फायदेमंद हैं।""",0
"""कैसे चुनें सही इंश्योरेंस पॉलिसी?""",0
"""बेकरी आइटम बनाने के लिए आसान रेसिपी।""",0
"""सरकार ने शिक्षा क्षेत्र में नई योजना की घोषणा की।""",0
"""इलेक्ट्रिक कारों की बिक्री पिछले साल से दोगुनी हो गई है।""",0
"""योग करने से तनाव कम करने में मदद मिलती है।""",0
"""मोबाइल बैंकिंग का उपयोग बढ़ने से लेनदेन आसान हुआ है।""",0
"""नई फिल्म ने बॉक्स ऑफिस पर अच्छी कमाई की।""",0
"""खेल प्रतियोगिता में युवा खिलाड़ियों ने शानदार प्रदर्शन किया।""",0
"""बारिश के कारण कई इलाकों में यातायात प्रभावित हुआ।""",0
"""स्वास्थ्य विभाग ने नए टीकाकरण अभियान की शुरुआत की।""",0
"""ऑनलाइन शॉपिंग के दौरान ग्राहकों को छूट का लाभ मिल रहा है।""",0
"""पुराने इमारतों के संरक्षण के लिए नई नीति बनाई गई।""",0
"""किसानों को उन्नत बीज उपलब्ध कराने की योजना शुरू हुई।""",0
"""विदेशी निवेशकों ने स्थानीय बाजार में रुचि दिखाई।""",0
"""नए रेस्तरां में विभिन्न प्रकार के व्यंजन परोसे जा रहे हैं।""",0
"""सोशल मीडिया पर नए ट्रेंड्स लोगों के बीच लोकप्रिय हो रहे हैं।""",0
"""फलों की खेती करने वाले किसानों को सरकारी सहायता मिलेगी।""",0
"""पुस्तक मेले में नई किताबों की भारी डिमांड देखी गई।""",0
"""सर्दियों में स्वास्थ्य का खास ध्यान रखने की सलाह दी गई।""",0
"""डिजिटल पेमेंट सिस्टम से लेनदेन तेज और सुरक्षित हुआ है।""",0
"""नए शोध में पर्यावरण संरक्षण के तरीकों पर चर्चा हुई।""",0
"""स्कूली बच्चों के लिए विज्ञान प्रदर्शनी का आयोजन किया गया।""",0
"""मौसम विभाग ने अगले सप्ताह बारिश की संभावना जताई।""",0
"""कंपनी ने नए स्मार्टफोन की कीमत घटा दी है।""",0
"""देशभर में साइकिल चलाने की लोकप्रियता बढ़ रही है।""",0
"""खाद्य सुरक्षा मानकों को सख्त बनाने की मांग उठी।""",0
"""नए ट्रेन मार्ग से यात्रा का समय कम होगा।""",0
"""बैंकों ने ब्याज दरों में बदलाव किया है।""",0
"""विद्यार्थियों के लिए ऑनलाइन पाठ्यक्रम उपलब्ध कराए गए।""",0
"""पर्यटन स्थलों पर सैलानियों की संख्या बढ़ी है।""",0
"""मोबाइल नेटवर्क की गति सुधारने के लिए नई तकनीक लागू हुई।""",0
"""सांस्कृतिक कार्यक्रम में कलाकारों ने शानदार प्रदर्शन किया।""",0
"""उद्योगों में रोजगार के नए अवसर पैदा हुए हैं।""",0
"""पेट्रोल की कीमतों में गिरावट से लोगों को राहत मिली।""",0
"""शहर में नए पार्क बनाने की योजना बनाई जा रही है।""",0
"""खेल टूर्नामेंट के लिए युवाओं का चयन शुरू हुआ।""",0
"""नए आवासीय परियोजनाओं में लोगों की दिलचस्पी बढ़ी है।""",0
"""कृषि उपकरणों की बिक्री इस साल बढ़ी है।""",0
"""विज्ञान और प्रौद्योगिकी में नवाचार को बढ़ावा दिया जा रहा है।""",0
"""मेडिकल कैंप में मुफ्त स्वास्थ्य जांच की सुविधा दी गई।""",0
"""सरकारी योजनाओं की जानकारी मोबाइल ऐप पर उपलब्ध है।""",0
"""मौसम में बदलाव के कारण फसलों पर असर पड़ सकता है।""",0
"""नए व्यापारिक नियमों से उद्योगों को फायदा होगा।""",0
"""ऑटोमोबाइल कंपनियों ने नए मॉडल लॉन्च किए हैं।""",0
"""विद्युत उपकरणों की मांग इस साल बढ़ी है।""",0
"""सड़क सुरक्षा जागरूकता अभियान चलाया जा रहा है।""",0
"""पुस्तकालयों में डिजिटल संसाधनों की उपलब्धता बढ़ाई गई।""",0
"""नए साल के दौरान पर्यटकों की संख्या बढ़ने की उम्मीद है।""",0
"""कंप्यूटर शिक्षा को बढ़ावा देने के लिए कार्यशालाएं आयोजित की गईं।""",0
"""सरकार ने ग्रामीण क्षेत्रों में बुनियादी सुविधाएं बढ़ाने का वादा किया।""",0
"""कसरत करने से स्वास्थ्य लाभ होता है।""",0
"""नए उत्पादों की समीक्षा में ग्राहकों ने सकारात्मक प्रतिक्रिया दी।""",0
"""1. नई शिक्षा नीति से छात्रों को होगा फायदा, कौशल विकास पर होगा जोर।""",0
"""2. इस साल गेहूं की फसल अच्छी होने की उम्मीद है।""",0
"""3. नई टेक्नोलॉजी की मदद से बीमारियों का पता जल्दी चल सकेगा।""",0
"""4. यात्रा के लिए ट्रेन टिकट बुक करने का नया तरीका लॉन्च हुआ।""",0
"""5. चाय की दुकान पर लोगों का जमावड़ा देखने को मिला।""",0
"""6. नए स्मार्टफोन में बेहतर कैमरा और बैटरी लाइफ मिलेगी।""",0
"""7. बारिश के मौसम में सड़कों की हालत खराब हो गई।""",0
"""8. स्वास्थ्य विशेषज्ञों ने नियमित व्यायाम की सलाह दी।""",0
"""9. नए रेस्तरां में विभिन्न प्रकार के व्यंजन उपलब्ध हैं।""",0
"""10. सरकार ने किसानों के लिए नई योजना की घोषणा की।""",0
"""11. फिल्म की समीक्षा में कहानी और अभिनय की तारीफ की गई।""",0
"""12. नए सॉफ्टवेयर से काम करना और आसान हो गया है।""",0
"""13. त्योहारों के मौसम में बाजारों में रौनक बढ़ गई।""",0
"""14. कार की नई मॉडल में बेहतर माइलेज की पेशकश की गई।""",0
"""15. पार्क में लोग सुबह की सैर का आनंद ले रहे थे।""",0
"""16. मोबाइल बैंकिंग के बढ़ते उपयोग से लेन-देन आसान हुआ।""",0
"""17. नए शोध में पर्यावरण संरक्षण के तरीके सुझाए गए।""",0
"""18. स्कूलों में अब प्रैक्टिकल शिक्षा पर जोर दिया जा रहा है।""",0
"""19. शहर के मुख्य चौराहे पर ट्रैफिक जाम की समस्या बढ़ी।""",0
"""20. नए वीडियो गेम की ग्राफिक्स और गेमप्ले की सराहना हुई।""",0
"""21. वर्क फ्रॉम होम के कारण लैपटॉप की मांग बढ़ी।""",0
"""22. खेल प्रतियोगिता में कई नए रिकॉर्ड बने।""",0
"""23. बाजार में नए ब्रांड के कपड़ों की बिक्री शुरू हुई।""",0
"""24. मौसम विभाग ने अगले सप्ताह बारिश की संभावना जताई।""",0
"""25. नए अस्पताल में मरीजों को बेहतर सुविधाएं मिलेंगी।""",0
"""26. सोशल मीडिया पर नए ट्रेंड्स लोगों को आकर्षित कर रहे हैं।""",0
"""27. बस सेवा में सुधार के लिए नई योजना बनाई गई।""",0
"""28. खाद्य पदार्थों की कीमतों में थोड़ी गिरावट आई है।""",0
"""29. पुस्तक मेले में नई किताबों की भरमार देखी गई।""",0
"""30. नए ऐप से यूजर्स को पैसे बचाने में मदद मिलेगी।""",0
"""31. शहर में पार्कों का सौंदर्यीकरण किया जा रहा है।""",0
"""32. नई फिल्म के संगीत ने दर्शकों को मंत्रमुग्ध कर दिया।""",0
"""33. स्वच्छता अभियान के तहत सड़कों की सफाई की गई।""",0
"""34. नए टीवी शो ने दर्शकों का ध्यान खींचा।""",0
"""35. विद्यार्थियों के लिए ऑनलाइन क्लासेस शुरू हुईं।""",0
"""36. बैंक ने नए लोन स्कीम की घोषणा की।""",0
"""37. खेल के मैदान में बच्चे मस्ती कर रहे थे।""",0
"""38. नए सॉफ्टवेयर डेवलपर्स की मांग बढ़ रही है।""",0
"""39. सर्दियों में स्वास्थ्य का खास ख्याल रखने की सलाह दी गई।""",0
"""40. नए रेलवे स्टेशन का उद्घाटन आगामी महीने में होगा।""",0
"""41. सोलर एनर्जी के उपयोग से बिजली बिल कम हुए।""",0
"""42. लाइब्रेरी में नई किताबें आने की खबर से खुशी हुई।""",0
"""43. नए मोबाइल नेटवर्क से इंटरनेट स्पीड बेहतर हुई।""",0
"""44. शहर में सांस्कृतिक कार्यक्रम का आयोजन किया गया।""",0
"""45. नए रेसिपी वीडियो ने खाना बनाना आसान बना दिया।""",0
"""46. कृषि वैज्ञानिकों ने नई फसल तकनीक विकसित की।""",0
"""47. बाजार में ताजे फल और सब्जियों की भरमार है।""",0
"""48. नए जिम में आधुनिक उपकरण लगाए गए हैं।""",0
"""49. मौसम में बदलाव के कारण लोगों को सावधान रहने को कहा गया।""",0
"""50. नए ऑनलाइन कोर्स से सीखने का तरीका बदल गया।""",0
"""मौसम विभाग ने आने वाले सप्ताह में भारी बारिश की चेतावनी जारी की है।""",0
"""नए स्मार्टफोन में बेहतर कैमरा और बैटरी लाइफ की सुविधा शामिल है।""",0
"""योगा करने से तनाव कम करने में मदद मिलती है।""",0
"""सरकार ने शिक्षा क्षेत्र में नई योजनाओं की घोषणा की।""",0
"""रेलवे ने त्योहारी सीजन के लिए अतिरिक्त ट्रेनों की घोषणा की।""",0
"""बाजार में आज सब्जियों के दाम थोड़े बढ़ गए हैं।""",0
"""नए शोध के अनुसार, रोजाना व्यायाम करने से दिल की बीमारियों का खतरा कम होता है।""",0
"""गर्मियों में पानी ज्यादा पीने की सलाह दी जाती है।""",0
"""किसानों को बेहतर उपज के लिए नई तकनीकों का उपयोग करना चाहिए।""",0
"""ऑनलाइन पढ़ाई के लिए कई मुफ्त कोर्स उपलब्ध हैं।""",0
"""बैंक ने नए ग्राहकों के लिए ब्याज दरों में कटौती की है।""",0
"""देशभर में स्वच्छता अभियान चलाया जा रहा है।""",0
"""नए वैक्सीन को लेकर लोगों में उत्साह देखा जा रहा है।""",0
"""सर्दियों में गर्म कपड़े पहनने की सलाह दी जाती है।""",0
"""मोबाइल बैंकिंग का उपयोग बढ़ने से लेन-देन आसान हुआ है।""",0
"""खेल प्रतियोगिता में नए नियम लागू किए गए हैं।""",0
"""विशेषज्ञों के अनुसार, संतुलित आहार सेहत के लिए जरूरी है।""",0
"""किताब पढ़ने से ज्ञान और एकाग्रता बढ़ती है।""",0
"""नए सॉफ्टवेयर अपडेट में सुरक्षा सुविधाएँ जोड़ी गई हैं।""",0
"""बाजार में ऑर्गेनिक खाद्य पदार्थों की मांग बढ़ रही है।""",0
"""सड़क सुरक्षा नियमों का पालन करना हर नागरिक की जिम्मेदारी है।""",0
"""विद्यार्थियों के लिए नई छात्रवृत्ति योजना शुरू की गई है।""",0
"""दूरदराज के इलाकों में इंटरनेट सेवाएं बढ़ाई जा रही हैं।""",0
"""नए पार्क में हरियाली और बैठने की अच्छी व्यवस्था है।""",0
"""कृषि यंत्रों के उपयोग से खेती आसान हुई है।""",0
"""सार्वजनिक परिवहन में सफाई पर विशेष ध्यान दिया जा रहा है।""",0
"""विज्ञान प्रदर्शनी में छात्रों ने नए आविष्कार प्रस्तुत किए।""",0
"""प्रदूषण कम करने के लिए पेड़ लगाना जरूरी है।""",0
"""नए अस्पताल में आधुनिक उपकरण लगाए गए हैं।""",0
"""सोशल मीडिया का उपयोग सकारात्मक तरीके से किया जाना चाहिए।""",0
"""विदेशी पर्यटकों के लिए नई टूरिस्ट पॉलिसी बनाई गई है।""",0
"""दूध और दूध उत्पादों की गुणवत्ता बढ़ाने पर जोर दिया जा रहा है।""",0
"""पुराने स्मार्टफोन को रिसाइकिल करने की सलाह दी जाती है।""",0
"""शहर में नए सार्वजनिक पुस्तकालय खोले गए हैं।""",0
"""नदियों को साफ रखने के लिए समाज को जागरूक करना जरूरी है।""",0
"""मोबाइल ऐप से घर बैठे बिल भरना आसान हो गया है।""",0
"""नए स्कूल भवनों का निर्माण तेजी से किया जा रहा है।""",0
"""विद्युत उपकरणों को बंद करके ऊर्जा बचाई जा सकती है।""",0
"""सरकारी योजनाओं की जानकारी ऑनलाइन उपलब्ध है।""",0
"""बच्चों को पोषणयुक्त भोजन देना बहुत जरूरी है।""",0
"""नए शॉपिंग मॉल में विभिन्न ब्रांड्स की दुकानें हैं।""",0
"""हर घर में पौधे लगाने से वातावरण शुद्ध होता है।""",0
"""शहर के बाहरी इलाकों में सड़कों का जाल बिछाया जा रहा है।""",0
"""नई फिल्मों में तकनीकी और कहानी दोनों पर ध्यान दिया जा रहा है।""",0
"""जनता को साइबर सुरक्षा के बारे में जागरूक किया जा रहा है।""",0
"""नए वित्तीय नियमों से लोगों को फायदा होगा।""",0
"""घर की सफाई और संगठन से मानसिक शांति मिलती है।""",0
"""खाद्य पदार्थों में मिलावट रोकने के लिए सख्त नियम बनाए गए हैं।""",0
"""सार्वजनिक स्थानों पर धूम्रपान पर प्रतिबंध लगाया गया है।""",0
"""नए सॉफ्टवेयर डेवलपर्स के लिए प्रशिक्षण कार्यक्रम चलाया जा रहा है।""",0
"""देशभर में स्वास्थ्य जांच शिविरों का आयोजन किया जा रहा है।""",0
"""राजस्थान में इस साल मानसून की बारिश सामान्य से कम होने की आशंका।""",0
"""नई दिल्ली में आज हवा की गुणवत्ता मध्यम श्रेणी में दर्ज की गई।""",0
"""ऑनलाइन शिक्षा प्लेटफॉर्म पर कोर्सेज की मांग पिछले साल की तुलना में दोगुनी हुई।""",0
"""किसानों को बेहतर दाम दिलाने के लिए सरकार ने नई योजना शुरू की।""",0
"""स्मार्टफोन कंपनियां अब फास्ट चार्जिंग टेक्नोलॉजी पर ज्यादा ध्यान दे रही हैं।""",0
"""बैंकों ने नए ग्राहकों के लिए ब्याज दरों में छूट की घोषणा की।""",0
"""विदेशी पर्यटकों के लिए भारत में हेरिटेज टूरिज्म बढ़ रहा है।""",0
"""सर्दियों में विटामिन डी की कमी से बचने के लिए डॉक्टरों ने सलाह दी।""",0
"""घर बनाने के लिए नए आर्किटेक्चर डिजाइन ट्रेंड में आ रहे हैं।""",0
"""खेल प्रतियोगिताओं में युवाओं की भागीदारी बढ़ाने पर जोर दिया जा रहा है।""",0
"""देश भर में सार्वजनिक परिवहन को हरित ऊर्जा से चलाने की योजना बनाई जा रही है।""",0
"""वर्क फ्रॉम होम के बाद ऑफिस कल्चर में बड़े बदलाव देखने को मिले हैं।""",0
"""मोबाइल बैंकिंग एप्स के जरिए लेनदेन करने वालों की संख्या बढ़ी।""",0
"""गर्मियों में ताजे फलों का सेवन सेहत के लिए फायदेमंद बताया गया।""",0
"""फिल्म इंडस्ट्री में ओटीपी प्लेटफॉर्म्स की लोकप्रियता तेजी से बढ़ रही है।""",0
"""स्कूलों में नैतिक शिक्षा को पाठ्यक्रम में शामिल करने की मांग उठी।""",0
"""दिवाली के मौके पर इको-फ्रेंडली पटाखों की बिक्री बढ़ी।""",0
"""नए शोध के अनुसार योग तनाव कम करने में कारगर साबित हुआ।""",0
"""कृषि उत्पादों को सीधे बाजार में बेचने के लिए किसानों को प्रोत्साहित किया जा रहा है।""",0
"""शहरी इलाकों में साइकिल चलाने के लिए अलग लेन बनाई जा रही हैं।""",0
"""सोशल मीडिया पर फर्जी खबरों को रोकने के लिए नए नियम बनाए गए।""",0
"""बारिश के मौसम में सड़क दुर्घटनाओं को रोकने के उपायों पर चर्चा हुई।""",0
"""घरेलू उपकरणों की मांग में लगातार वृद्धि देखी जा रही है।""",0
"""देश में हाइब्रिड वाहनों की बिक्री पिछले साल की तुलना में दोगुनी हो गई।""",0
"""एयरपोर्ट्स पर यात्रियों की सुविधा के लिए नई तकनीक अपनाई जा रही है।""",0
"""रिमोट वर्किंग के कारण छोटे शहरों में रियल एस्टेट की मांग बढ़ी।""",0
"""मानसून में बीमारियों से बचाव के लिए स्वास्थ्य विभाग ने अलर्ट जारी किया।""",0
"""पेट्रोल की कीमतों में गिरावट से यातायात लागत कम हुई।""",0
"""नए स्टार्टअप्स को सरकारी अनुदान देने की योजना शुरू हुई।""",0
"""कॉलेज स्टूडेंट्स के लिए ऑनलाइन इंटर्नशिप के अवसर बढ़े हैं।""",0
"""फिटनेस ट्रेंड के चलते जिम सदस्यता लेने वालों की संख्या बढ़ी।""",0
"""शहरों में वायु प्रदूषण कम करने के लिए पेड़ लगाए जा रहे हैं।""",0
"""खाद्य पदार्थों में मिलावट रोकने के लिए सख्त नियम बनाए गए।""",0
"""सर्दियों में बिजली की खपत कम करने के लिए जागरूकता अभियान चलाया गया।""",0
"""नए साल पर पर्यटन स्थलों पर भीड़ बढ़ने की उम्मीद है।""",0
"""सोलर एनर्जी को बढ़ावा देने के लिए सरकार ने सब्सिडी दी।""",0
"""बाजार में हर्बल उत्पादों की मांग तेजी से बढ़ रही है।""",0
"""एग्रीकल्चर सेक्टर में नई टेक्नोलॉजी का इस्तेमाल बढ़ा।""",0
"""ऑटोमोबाइल इंडस्ट्री में इलेक्ट्रिक व्हीकल्स पर जोर दिया जा रहा है।""",0
"""नए रेस्तरां में स्वस्थ भोजन के विकल्पों पर ध्यान दिया जा रहा है।""",0
"""बच्चों के लिए एजुकेशनल एप्स की लोकप्रियता बढ़ रही है।""",0
"""देश में क्रिकेट मैचों के टिकटों की ऑनलाइन बुकिंग बढ़ी।""",0
"""बारिश के पानी को संरक्षित करने के लिए नई तकनीक विकसित की गई।""",0
"""फैक्ट्रियों में कामगारों की सुरक्षा के लिए नए दिशानिर्देश जारी किए गए।""",0
"""शहरी क्षेत्रों में पब्लिक वाईफाई की सुविधा शुरू की गई।""",0
"""मोबाइल गेमिंग इंडस्ट्री में निवेश तेजी से बढ़ रहा है।""",0
"""किसानों को मौसम संबंधी जानकारी देने के लिए मोबाइल एप लॉन्च किया गया।""",0
"""देश में ई-कॉमर्स वेबसाइट्स पर ग्राहकों की संख्या में वृद्धि हुई।""",0
"""शहरों में पार्कों को आधुनिक बनाने का काम शुरू हुआ।""",0
"""शॉपिंग मॉल्स में सप्ताहांत पर भीड़ बढ़ने की संभावना है।""",0
"""यातायात नियमों का पालन न करने पर चालान की संख्या बढ़ी।""",0
"""मौसम विभाग ने आने वाले सप्ताह में भारी बारिश की चेतावनी जारी की है।""",0
"""नई दिल्ली में पेट्रोल की कीमतों में फिर से बढ़ोतरी हुई।""",0
"""ऑनलाइन शिक्षा प्लेटफॉर्म ने नए कोर्सेज की शुरुआत की।""",0
"""फिल्म समीक्षा: नई रिलीज़ हुई फिल्म दर्शकों को पसंद आ रही है।""",0
"""स्मार्टफोन कंपनी ने अपने नए मॉडल की घोषणा की।""",0
"""खेल समाचार: क्रिकेट टीम ने आज मैच जीत लिया।""",0
"""स्वास्थ्य विशेषज्ञों ने नियमित व्यायाम की सलाह दी।""",0
"""खाद्य सुरक्षा विभाग ने नए नियमों की घोषणा की।""",0
"""पब्लिक ट्रांसपोर्ट में टिकट की कीमतों में कमी आई।""",0
"""विदेशी मुद्रा बाजार में रुपये की कीमत स्थिर रही।""",0
"""नए शोध के अनुसार, हरी सब्जियों का सेवन स्वास्थ्य के लिए फायदेमंद है।""",0
"""सोशल मीडिया पर नए ट्रेंड ने यूजर्स का ध्यान खींचा।""",0
"""किसानों को नई तकनीक के बारे में जागरूक किया जा रहा है।""",0
"""ऑटोमोबाइल कंपनी ने इलेक्ट्रिक वाहनों की बिक्री बढ़ाई।""",0
"""विश्वविद्यालय ने नए शोध कार्यक्रमों की घोषणा की।""",0
"""खुदरा बाजार में त्योहारी सीजन की तैयारियां शुरू हो गई हैं।""",0
"""बैंकों ने नई बचत योजनाओं की शुरुआत की।""",0
"""सरकार ने ग्रामीण विकास योजनाओं के लिए बजट बढ़ाया।""",0
"""पर्यटन विभाग ने नए स्थानों को प्रमोट किया।""",0
"""टेक्नोलॉजी कंपनी ने नया सॉफ्टवेयर अपडेट जारी किया।""",0
"""फिटनेस ट्रेनर ने घर पर करने वाले व्यायाम सुझाए।""",0
"""नए रेस्तरां ने विशेष मेनू की शुरुआत की।""",0
"""शेयर बाजार में आज तेजी देखी गई।""",0
"""अंतरराष्ट्रीय सम्मेलन में विभिन्न देशों के प्रतिनिधि शामिल हुए।""",0
"""शिक्षकों ने ऑनलाइन पढ़ाई को और बेहतर बनाने पर चर्चा की।""",0
"""मोबाइल गेम ने यूजर्स के बीच लोकप्रियता हासिल की।""",0
"""सोलर एनर्जी के उपयोग को बढ़ावा देने के लिए नई योजना शुरू हुई।""",0
"""फैशन शो में नए डिजाइनों को प्रदर्शित किया गया।""",0
"""कृषि विभाग ने नई फसल तकनीकों के बारे में जानकारी दी।""",0
"""नए सर्वे के अनुसार, युवाओं में पढ़ने की आदत कम हुई है।""",0
"""कंपनी ने कर्मचारियों के लिए वर्क फ्रॉम होम का विकल्प दिया।""",0
"""विज्ञान प्रदर्शनी में छात्रों ने नवीन प्रोजेक्ट्स प्रस्तुत किए।""",0
"""सड़क सुरक्षा अभियान के तहत नए नियम लागू किए गए।""",0
"""देशभर में इंटरनेट स्पीड में सुधार देखा गया।""",0
"""नए संग्रहालय में ऐतिहासिक वस्तुओं को प्रदर्शित किया गया।""",0
"""कॉलेजों में नए शैक्षणिक सत्र की तैयारियां पूरी हो चुकी हैं।""",0
"""सरकार ने स्वास्थ्य बीमा योजना का दायरा बढ़ाया।""",0
"""फूड डिलीवरी ऐप ने कैशलेस पेमेंट का विकल्प दिया।""",0
"""खेल प्रतियोगिता में नए नियमों की घोषणा हुई।""",0
"""पुस्तक मेले में नई पुस्तकों की बिक्री शुरू हुई।""",0
"""बजट एयरलाइन ने नए रूट्स की शुरुआत की।""",0
"""कार्यशाला में छात्रों को करियर संबंधी सलाह दी गई।""",0
"""शहर के मुख्य पार्क को नए साज-सज्जा के साथ खोला गया।""",0
"""नए अध्ययन में पर्यावरण संरक्षण के तरीकों पर चर्चा हुई।""",0
"""उद्योग विशेषज्ञों ने निवेश के नए अवसर बताए।""",0
"""फिटनेस उद्योग में नए ट्रेंड्स ने लोकप्रियता हासिल की।""",0
"""योगा करने से मानसिक तनाव कम होता है और शरीर स्वस्थ रहता है।""",0
"""नई तकनीक के आने से ऑनलाइन शॉपिंग और भी आसान हो गई है।""",0
"""मानसून में सड़कों पर जाम होना आम बात है।""",0
"""फलों का नियमित सेवन सेहत के लिए बहुत फायदेमंद है।""",0
"""सर्दियों में गर्म पानी से नहाने से ठंड कम लगती है।""",0
"""घर पर बना खाना बाहर के खाने से ज्यादा स्वस्थ होता है।""",0
"""सुबह जल्दी उठने से दिन अधिक उत्पादक बनता है।""",0
"""नए स्मार्टफोन में कैमरा क्वालिटी बहुत अच्छी है।""",0
"""पुराने गाने आज भी लोगों के दिलों में जगह बनाए हुए हैं।""",0
"""बारिश के मौसम में चाय पीने का मजा ही अलग है।""",0
"""रेगुलर एक्सरसाइज करने से शरीर फिट रहता है।""",0
"""इंटरनेट की स्पीड बढ़ने से वर्क फ्रॉम होम आसान हुआ है।""",0
"""गर्मियों में ठंडे पेय पदार्थ पीने से ताजगी मिलती है।""",0
"""घर की साफ-सफाई से वातावरण स्वच्छ और सुखद बनता है।""",0
"""पेड़ लगाने से पर्यावरण को बहुत फायदा होता है।""",0
"""नई फिल्मों के ट्रेलर देखकर दर्शक उत्साहित हो जाते हैं।""",0
"""सर्दियों में गर्म कपड़े पहनने से ठंड से बचाव होता है।""",0
"""मोबाइल एप्स की मदद से बैंकिंग काम आसान हो गया है।""",0
"""सुबह की सैर स्वास्थ्य के लिए बहुत लाभदायक है।""",0
"""खाना बनाते समय मसालों का सही मात्रा में प्रयोग जरूरी है।""",0
"""किताबें पढ़ने से ज्ञान और विचारों का विस्तार होता है।""",0
"""वीकेंड पर घूमने जाने से मन को शांति मिलती है।""",0
"""नई टेक्नोलॉजी ने कृषि क्षेत्र में क्रांति ला दी है।""",0
"""गर्मी में पंखे की जगह एसी ज्यादा आरामदायक लगता है।""",0
"""घर का बना आटा बाजार के मुकाबले ज्यादा पौष्टिक होता है।""",0
"""पुरानी यादें ताजा करने के लिए फोटो एल्बम देखना अच्छा लगता है।""",0
"""सर्दियों में सूरज की रोशनी में बैठने से शरीर को विटामिन डी मिलता है।""",0
"""नए रेस्तरां में खाने का स्वाद बहुत अलग होता है।""",0
"""रोजाना मेडिटेशन करने से दिमाग शांत रहता है।""",0
"""सार्वजनिक परिवहन का उपयोग करने से ट्रैफिक कम होता है।""",0
"""गर्म पानी में नींबू डालकर पीने से पाचन तंत्र मजबूत होता है।""",0
"""नए कानून के तहत सड़क सुरक्षा नियम और सख्त हो गए हैं।""",0
"""बच्चों को खेलकूद में भाग लेने से उनका विकास बेहतर होता है।""",0
"""मोबाइल पर ज्यादा समय बिताने से आँखों पर दबाव पड़ता है।""",0
"""सर्दियों में गाजर का हलवा खाने का अपना ही मजा है।""",0
"""कुकिंग क्लासेस जॉइन करने से नए व्यंजन बनाने सीखने को मिलते हैं।""",0
"""बरसात के दिनों में समोसे और चाय का स्वाद दोगुना हो जाता है।""",0
"""नए सॉफ्टवेयर ने ऑफिस के काम को और सरल बना दिया है।""",0
"""रोज सुबह गुनगुने पानी का सेवन स्वास्थ्य के लिए अच्छा होता है।""",0
"""बागवानी करने से मन को शांति और खुशी मिलती है।""",0
"""सर्दियों में रजाई में सोने का आनंद ही कुछ और है।""",0
"""नए साल पर लोग नए संकल्प लेते हैं।""",0
"""ज्यादा देर तक कंप्यूटर पर काम करने से थकान हो सकती है।""",0
"""मसालेदार खाना खाने से पेट में जलन हो सकती है।""",0
"""विद्यार्थियों के लिए समय प्रबंधन बहुत जरूरी है।""",0
"""खाने में हरी सब्जियाँ शामिल करने से पोषण मिलता है।""",0
"""नई शिक्षा नीति से छात्रों को कई फायदे होंगे।""",0
"""सुबह के समय हवा में ताजगी और शुद्धता होती है।""",0
"""मोबाइल रिचार्ज करना अब ऑनलाइन बहुत आसान हो गया है।""",0
"""घर पर योगा करने से शरीर और दिमाग दोनों स्वस्थ रहते हैं।""",0
"""1. मौसम विभाग ने अगले सप्ताह भारी बारिश की चेतावनी जारी की है।""",0
"""2. नए स्मार्टफोन में बेहतर कैमरा और लंबी बैटरी लाइफ की सुविधा है।""",0
"""3. योगा करने से तनाव कम होता है और मानसिक स्वास्थ्य सुधरता है।""",0
"""4. शहर में नए रेस्तरां खुलने से खानपान के विकल्प बढ़ गए हैं।""",0
"""5. ऑनलाइन शिक्षा ने छात्रों के लिए सीखने के नए अवसर खोले हैं।""",0
"""6. क्रिकेट मैच में टीम ने शानदार प्रदर्शन कर जीत हासिल की।""",0
"""7. बाजार में सब्जियों के दाम इस सप्ताह थोड़े बढ़ गए हैं।""",0
"""8. नई फिल्म ने बॉक्स ऑफिस पर शानदार कमाई की है।""",0
"""9. स्वस्थ रहने के लिए रोजाना पानी पीना जरूरी है।""",0
"""10. सरकार ने शिक्षा क्षेत्र में नई योजनाएं शुरू की हैं।""",0
"""11. ट्रैफिक जाम की वजह से लोगों को ऑफिस पहुंचने में देरी हुई।""",0
"""12. नए एयर कंडीशनर ज्यादा ऊर्जा बचाते हैं और शोर कम करते हैं।""",0
"""13. मोबाइल बैंकिंग से पैसों का लेनदेन आसान हो गया है।""",0
"""14. बरसात के मौसम में सड़कों पर गड्ढे बन जाते हैं।""",0
"""15. नए अध्ययन के अनुसार हरी सब्जियां खाने से इम्यूनिटी बढ़ती है।""",0
"""16. शहर के पार्कों में सुबह टहलने वालों की संख्या बढ़ी है।""",0
"""17. नए सॉफ्टवेयर ने काम करने की गति को बढ़ा दिया है।""",0
"""18. पिछले महीने कार की बिक्री में गिरावट देखी गई।""",0
"""19. इंटरनेट की स्पीड बढ़ाने के लिए नए टावर लगाए गए हैं।""",0
"""20. नए वैक्सीन ने बीमारी के प्रसार को कम कर दिया है।""",0
"""21. बच्चों के लिए नए शैक्षिक ऐप्स ने पढ़ाई को मजेदार बना दिया है।""",0
"""22. गर्मियों में ठंडे पेय पदार्थों की मांग बढ़ जाती है।""",0
"""23. सोशल मीडिया पर नए ट्रेंड्स लगातार बदलते रहते हैं।""",0
"""24. नई कार नौकरी के लिए दूर जाने वालों के लिए सुविधाजनक है।""",0
"""25. बारिश के कारण कई ट्रेनें देरी से चल रही हैं।""",0
"""26. नए रोबोट ने फैक्ट्री में काम करने की क्षमता बढ़ा दी है।""",0
"""27. स्वास्थ्य विशेषज्ञ नियमित व्यायाम की सलाह देते हैं।""",0
"""28. विद्युत बिल में बचत के लिए बिजली बचाने के उपाय बताए गए।""",0
"""29. शहर में नए सिनेमा हॉल बनने से मनोरंजन के विकल्प बढ़े हैं।""",0
"""30. बाजार में ऑर्गेनिक खाद्य पदार्थों की मांग बढ़ रही है।""",0
"""31. नए स्कूल में बच्चों के लिए अच्छी सुविधाएं हैं।""",0
"""32. टेक्नोलॉजी के विकास ने जीवन को आसान बना दिया है।""",0
"""33. पिछले साल की तुलना में इस बार फसल अच्छी हुई है।""",0
"""34. नए रेलवे स्टेशन से यात्रा करना आसान हो गया है।""",0
"""35. सर्दियों में गर्म कपड़े पहनने की सलाह दी जाती है।""",0
"""36. नए शॉपिंग मॉल में ब्रांडेड कपड़ों की अच्छी दुकानें हैं।""",0
"""37. बैंक ने नए लोन स्कीम लॉन्च की हैं।""",0
"""38. पेट्रोल की कीमतों में थोड़ी गिरावट देखी गई है।""",0
"""39. नए जिम में अच्छे ट्रेनर और उपकरण उपलब्ध हैं।""",0
"""40. सरकार ने ग्रामीण क्षेत्रों में इंटरनेट पहुंच बढ़ाने की योजना बनाई।""",0
"""41. नए हॉस्पिटल में बेहतर इलाज की सुविधाएं हैं।""",0
"""42. मोबाइल नेटवर्क की समस्या के कारण कॉल ड्रॉप हो रही हैं।""",0
"""43. नए पार्क में बच्चों के खेलने के लिए अच्छे झूले हैं।""",0
"""44. कंपनी ने नए प्रोडक्ट की लॉन्चिंग की घोषणा की।""",0
"""45. बारिश के कारण कई सड़कों पर पानी भर गया है।""",0
"""46. नए कॉलेज में पढ़ाई के लिए अच्छी लाइब्रेरी है।""",0
"""47. फुटबॉल मैच देखने के लिए स्टेडियम में भीड़ जमा हो गई।""",0
"""48. नए एयरपोर्ट से विदेश यात्रा करना आसान होगा।""",0
"""49. डॉक्टरों ने नियमित चेकअप कराने की सलाह दी।""",0
"""50. नए सॉफ्टवेयर ने डाटा स्टोर करना आसान बना दिया है।""",0
"""बाजार में नए स्मार्टफोन की आमद से ग्राहकों में उत्साह।""",0
"""मौसम विभाग ने अगले सप्ताह भारी बारिश की चेतावनी जारी की।""",0
"""ऑनलाइन शिक्षा प्लेटफॉर्म ने नए कोर्सेज की घोषणा की।""",0
"""फिटनेस एक्सपर्ट्स सुबह की एक्सरसाइज को स्वस्थ रहने की सलाह देते हैं।""",0
"""नए रेस्तरां में पारंपरिक व्यंजनों का आनंद लिया जा सकता है।""",0
"""टेक कंपनी ने अगले महीने अपडेट लॉन्च करने की योजना बनाई।""",0
"""पुस्तक प्रेमियों के लिए नई कहानी संग्रह बाजार में उपलब्ध।""",0
"""सरकार ने पर्यावरण संरक्षण के लिए नई योजना शुरू की।""",0
"""सोशल मीडिया पर नए ट्रेंड्स युवाओं को आकर्षित कर रहे हैं।""",0
"""गर्मियों में ताजे फलों का सेवन स्वास्थ्य के लिए फायदेमंद होता है।""",0
"""नए वीडियो गेम की रिलीज ने गेमर्स में खुशी की लहर दौड़ा दी।""",0
"""विदेशी पर्यटकों के लिए सांस्कृतिक कार्यक्रम आयोजित किए जाएंगे।""",0
"""घर पर बने व्यंजनों की रेसिपी शेयर करने का ट्रेंड बढ़ा।""",0
"""सार्वजनिक परिवहन में सुधार के लिए नई नीतियां बनाई गईं।""",0
"""फिल्म समीक्षकों ने नई रिलीज को सराहा।""",0
"""सर्दियों में गर्म कपड़ों की मांग बढ़ने लगी है।""",0
"""बैंकों ने नए डिजिटल पेमेंट सिस्टम को बढ़ावा दिया।""",0
"""शहर के पार्कों में सुबह-शाम टहलने वालों की संख्या बढ़ी।""",0
"""नए रोबोटिक्स प्रोजेक्ट ने वैज्ञानिकों का ध्यान खींचा।""",0
"""ऑनलाइन शॉपिंग के द्वारा घर बैठे सामान मंगवाया जा सकता है।""",0
"""नए शोध के अनुसार योग मानसिक स्वास्थ्य के लिए लाभदायक है।""",0
"""सर्दियों में गर्म पेय पदार्थों की खपत बढ़ जाती है।""",0
"""स्कूलों में नई शिक्षण विधियों को अपनाया जा रहा है।""",0
"""खेल प्रतियोगिता में नए रिकॉर्ड बनाए गए।""",0
"""नए ऐप ने यूजर्स को जीवन को आसान बनाने का वादा किया।""",0
"""दिवाली की तैयारियों के लिए बाजारों में रौनक बढ़ी।""",0
"""सोलर एनर्जी के इस्तेमाल को बढ़ावा देने के लिए जागरूकता कार्यक्रम चलाए जा रहे हैं।""",0
"""किसानों को नई तकनीक से खेती करने के लिए प्रशिक्षण दिया जा रहा है।""",0
"""नए मोबाइल फीचर्स ने यूजर्स का ध्यान खींचा।""",0
"""विद्यार्थियों के लिए नए करियर विकल्प उपलब्ध हो रहे हैं।""",0
"""स्वास्थ्य विशेषज्ञों ने नियमित व्यायाम की सलाह दी।""",0
"""शहर में नए सांस्कृतिक केंद्र का उद्घाटन हुआ।""",0
"""बैटरी टेक्नोलॉजी में नए प्रयोगों ने उम्मीदें जगाईं।""",0
"""विदेशी निवेशकों ने स्थानीय बाजार में रुचि दिखाई।""",0
"""हाल ही में लॉन्च हुए गैजेट की बिक्री ने रिकॉर्ड तोड़ा।""",0
"""पालतू जानवरों के लिए नए उत्पाद बाजार में आए।""",0
"""पर्यटन स्थलों पर सुरक्षा उपायों को और मजबूत किया गया।""",0
"""नए वेबसीरीज ने दर्शकों को अपनी ओर आकर्षित किया।""",0
"""शाकाहारी भोजन की लोकप्रियता बढ़ रही है।""",0
"""स्कूली बच्चों के लिए नए शैक्षिक खेल विकसित किए गए।""",0
"""वैज्ञानिकों ने नए शोध में बड़ी सफलता हासिल की।""",0
"""कॉलेजों में नए कोर्सेज को शुरू करने की योजना बनाई गई।""",0
"""ग्रामीण इलाकों में इंटरनेट की पहुंच बढ़ रही है।""",0
"""कला प्रदर्शनी में युवा कलाकारों को प्रोत्साहित किया गया।""",0
"""शहर के मुख्य मार्गों पर ट्रैफिक व्यवस्था सुधारी गई।""",0
"""कंप्यूटर साइंस में नए अविष्कारों ने तेजी से प्रगति की।""",0
"""स्वच्छता अभियान के तहत जन जागरूकता कार्यक्रम आयोजित किए गए।""",0
"""नए फैशन ट्रेंड ने युवाओं को आकर्षित किया।""",0
"""एयरलाइंस ने नए डेस्टिनेशन के लिए फ्लाइट शुरू की।""",0
"""नए सोशल मीडिया प्लेटफॉर्म ने यूजर्स का ध्यान खींचा।""",0
"""विभिन्न भाषाओं में शिक्षण सामग्री उपलब्ध कराई जा रही है।""",0
"""1. नई तकनीक से घर की सुरक्षा व्यवस्था में हुआ सुधार।""",0
"""2. स्वस्थ रहने के लिए रोजाना 30 मिनट व्यायाम जरूरी है।""",0
"""3. यात्रा के दौरान हल्के सामान ले जाने से सफर आसान हो जाता है।""",0
"""4. नए स्मार्टफोन की बैटरी लाइफ उपयोगकर्ताओं को प्रभावित कर रही है।""",0
"""5. मौसम विभाग ने अगले सप्ताह भारी बारिश की चेतावनी जारी की।""",0
"""6. ऑनलाइन शिक्षा ने छात्रों के लिए सीखने के नए द्वार खोले हैं।""",0
"""7. पिछले साल की तुलना में इस बार फिल्मों का कलेक्शन कम रहा।""",0
"""8. घर पर बने खाने से स्वास्थ्य और बजट दोनों पर अच्छा प्रभाव पड़ता है।""",0
"""9. नई कार मॉडल में फ्यूल एफिशिएंसी को लेकर ग्राहक उत्साहित हैं।""",0
"""10. पुराने गानों की लोकप्रियता एक बार फिर बढ़ रही है।""",0
"""11. डिजिटल बैंकिंग ने लेनदेन को तेज और सुरक्षित बनाया है।""",0
"""12. दूध के दामों में वृद्धि से आम लोग परेशान हैं।""",0
"""13. सोशल मीडिया पर नए ट्रेंड्स लगातार बदलते रहते हैं।""",0
"""14. पेड़ लगाने से पर्यावरण संरक्षण में मदद मिलती है।""",0
"""15. नए रेस्तरां में विभिन्न प्रकार के व्यंजनों की पेशकश है।""",0
"""16. ऑनलाइन खरीदारी से समय और पैसे की बचत होती है।""",0
"""17. बारिश के मौसम में सड़कों की हालत खराब हो जाती है।""",0
"""18. बच्चों के लिए पढ़ने की आदत विकसित करना जरूरी है।""",0
"""19. वायु प्रदूषण कम करने के लिए सार्वजनिक परिवहन का उपयोग बढ़ाएं।""",0
"""20. नए ऐप ने यूजर इंटरफेस को और सरल बना दिया है।""",0
"""21. कसरत करने से तनाव कम होता है और मूड अच्छा रहता है।""",0
"""22. ट्रेनों में सफाई व्यवस्था में सुधार की आवश्यकता है।""",0
"""23. सर्दियों में गर्म कपड़े पहनने से ठंड से बचा जा सकता है।""",0
"""24. नए साल पर लोगों ने सेहतमंद रहने का संकल्प लिया।""",0
"""25. नई फिल्मों के ट्रेलर ने दर्शकों को उत्साहित कर दिया।""",0
"""26. घर का बना खाना बाहर के खाने से ज्यादा पौष्टिक होता है।""",0
"""27. मोबाइल फोन के अधिक उपयोग से आंखों पर दबाव पड़ता है।""",0
"""28. सोने से पहले गर्म दूध पीने से नींद अच्छी आती है।""",0
"""29. नए संगीत एल्बम ने युवाओं को खूब पसंद आया।""",0
"""30. बारिश के पानी का संचयन करने से जल संरक्षण होता है।""",0
"""31. काम के बीच में छोटे ब्रेक लेने से उत्पादकता बढ़ती है।""",0
"""32. नए स्मार्टवॉच में स्वास्थ्य संबंधी कई फीचर्स जोड़े गए हैं।""",0
"""33. विदेशी भाषा सीखने से करियर के अवसर बढ़ते हैं।""",0
"""34. सर्दियों में ताजे फल खाने से इम्यूनिटी मजबूत होती है।""",0
"""35. सड़क सुरक्षा नियमों का पालन करना जरूरी है।""",0
"""36. नए रेस्टोरेंट में शाकाहारी और मांसाहारी दोनों व्यंजन उपलब्ध हैं।""",0
"""37. बच्चों को खेलकूद में भाग लेने के लिए प्रोत्साहित करें।""",0
"""38. ई-कॉमर्स वेबसाइट्स पर डिस्काउंट सेल लगी हुई है।""",0
"""39. सुबह जल्दी उठने से दिन अधिक उत्पादक बनता है।""",0
"""40. सोशल मीडिया पर समाचार साझा करने से पहले सत्यापित करें।""",0
"""41. घर की सजावट में पौधों का उपयोग वातावरण को सुंदर बनाता है।""",0
"""42. नए वैक्सीन ने बीमारियों के प्रसार को कम कर दिया है।""",0
"""43. योग और ध्यान से मानसिक स्वास्थ्य में सुधार होता है।""",0
"""44. नए साल के जश्न में लोगों ने खूब मस्ती की।""",0
"""45. किताब पढ़ने से ज्ञान और शब्दावली दोनों बढ़ती है।""",0
"""46. मोबाइल फोन के बैटरी को रातभर चार्ज न करें।""",0
"""47. सार्वजनिक स्थानों पर कूड़ा न फैलाएं।""",0
"""48. नए टीवी शो में कहानी और एक्टिंग दोनों बेहतरीन हैं।""",0
"""49. स्वच्छ पानी पीने से कई बीमारियों से बचा जा सकता है।""",0
"""50. काम के साथ-साथ परिवार को समय देना जरूरी है।""",0
"""मौसम विभाग ने आने वाले सप्ताह में भारी बारिश की चेतावनी जारी की है।""",0
"""नए स्मार्टफोन की बैटरी लाइफ उपयोगकर्ताओं को प्रभावित कर रही है।""",0
"""योगा करने से तनाव कम करने में मदद मिलती है।""",0
"""ऑनलाइन शिक्षा ने ग्रामीण क्षेत्रों में पढ़ाई को आसान बना दिया है।""",0
"""किसानों को नई कृषि तकनीकों के बारे में जागरूक किया जा रहा है।""",0
"""सर्दियों में गर्म पानी पीने से गले की खराश दूर होती है।""",0
"""नए रेस्तरां में स्वादिष्ट स्ट्रीट फूड परोसा जा रहा है।""",0
"""पुराने मोबाइल फोन रिसाइकिल करने से पर्यावरण बचाया जा सकता है।""",0
"""सोशल मीडिया पर फर्जी खबरों से बचने की सलाह दी गई है।""",0
"""विद्यार्थियों के लिए निःशुल्क कोचिंग क्लासेस शुरू की गई हैं।""",0
"""कंप्यूटर गेम्स खेलने से एकाग्रता बढ़ती है।""",0
"""डिजिटल बैंकिंग ने लेनदेन को तेज और सुरक्षित बना दिया है।""",0
"""फिटनेस ट्रेनर ने घर पर वर्कआउट करने के टिप्स शेयर किए।""",0
"""नए पार्क में बच्चों के लिए खेलने की अच्छी व्यवस्था है।""",0
"""चाय की खेती करने वाले किसानों को सरकारी अनुदान मिलेगा।""",0
"""दिवाली के मौके पर सुरक्षित पटाखे चलाने की अपील की गई।""",0
"""दूध पीने से हड्डियाँ मजबूत होती हैं।""",0
"""हाल ही में लॉन्च हुए टीवी शो को दर्शकों ने पसंद किया।""",0
"""बारिश के मौसम में सड़कों पर गड्ढों की समस्या बढ़ गई है।""",0
"""नए एप्प ने ऑनलाइन शॉपिंग को और आसान बना दिया है।""",0
"""डॉक्टरों ने संतुलित आहार लेने की सलाह दी है।""",0
"""स्कूलों में डिजिटल लाइब्रेरी की सुविधा शुरू हो गई है।""",0
"""खेल प्रतियोगिता में युवाओं ने बढ़-चढ़कर हिस्सा लिया।""",0
"""गर्मियों में नारियल पानी पीने से शरीर हाइड्रेट रहता है।""",0
"""नए गार्डन में तरह-तरह के फूल लगाए गए हैं।""",0
"""बाइक चलाते समय हेलमेट पहनना अनिवार्य है।""",0
"""ट्रैवल ब्लॉगर ने हिल स्टेशन की यात्रा के अनुभव साझा किए।""",0
"""लोकल मार्केट में ताजे फल और सब्जियां उपलब्ध हैं।""",0
"""घर पर बने खाने से स्वास्थ्य अच्छा रहता है।""",0
"""सोलर एनर्जी के इस्तेमाल से बिजली बिल कम होते हैं।""",0
"""नए मूवी थिएटर में डॉल्बी साउंड सिस्टम लगाया गया है।""",0
"""प्रदूषण कम करने के लिए पेड़ लगाने की मुहिम शुरू हुई।""",0
"""शाम को टहलने से मन शांत रहता है।""",0
"""कॉलेज में नए कोर्सेस की शुरुआत हुई है।""",0
"""विद्युत उपकरणों को बंद करके बिजली बचाई जा सकती है।""",0
"""मोबाइल एप्प की मदद से घर बैठे दवाइयाँ मंगवाई जा सकती हैं।""",0
"""पुराने कपड़े दान करने से जरूरतमंदों की मदद होती है।""",0
"""बरसात के मौसम में मच्छरों से बचाव जरूरी है।""",0
"""नए जिम में आधुनिक एक्सरसाइज मशीनें लगाई गई हैं।""",0
"""बच्चों को पढ़ाने के लिए इंटरएक्टिव तरीके अपनाए जा रहे हैं।""",0
"""गांवों में साफ पीने का पानी उपलब्ध कराया जा रहा है।""",0
"""फ्री वाई-फाई की सुविधा से यात्रियों को राहत मिली है।""",0
"""नींद पूरी लेने से दिनभर एनर्जी बनी रहती है।""",0
"""सार्वजनिक परिवहन का उपयोग करने से प्रदूषण कम होता है।""",0
"""नए शॉपिंग मॉल में कई ब्रांडेड दुकानें खुल गई हैं।""",0
"""वर्षा जल संचयन से भूजल स्तर बढ़ाया जा सकता है।""",0
"""दूरदर्शन पर शैक्षिक कार्यक्रम प्रसारित किए जा रहे हैं।""",0
"""साइकिल चलाने से स्वास्थ्य और पर्यावरण दोनों का फायदा होता है।""",0
"""मौसम विभाग ने आने वाले दिनों में भारी बारिश की चेतावनी जारी की है।""",0
"""नई शिक्षा नीति के तहत अब स्कूलों में व्यावहारिक ज्ञान पर जोर दिया जाएगा।""",0
"""स्मार्टफोन उद्योग में नई तकनीक के साथ बजट फ्रेंडली मॉडल लॉन्च किए गए।""",0
"""विशेषज्ञों का कहना है कि नियमित योग से तनाव कम करने में मदद मिलती है।""",0
"""ऑनलाइन शॉपिंग के दौरान ग्राहकों को डिस्काउंट के लिए कोड्स का उपयोग करना चाहिए।""",0
"""खेल टूर्नामेंट में नए नियमों को लेकर खिलाड़ियों ने मिश्रित प्रतिक्रिया दी।""",0
"""सरकार ने ग्रामीण इलाकों में इंटरनेट कनेक्टिवििटी बढ़ाने का फैसला किया है।""",0
"""किसानों को बेहतर फसल उत्पादन के लिए नई तकनीकों के बारे में जागरूक किया जा रहा है।""",0
"""फिल्म समीक्षकों ने हाल ही में रिलीज हुई एक्शन फिल्म की प्रशंसा की।""",0
"""सार्वजनिक परिवहन में सुधार के लिए शहर में नई बस सेवाएं शुरू हुई हैं।""",0
"""वैज्ञानिकों ने एक नए प्रकार की सौर ऊर्जा तकनीक विकसित की है।""",0
"""विदेशी मुद्रा बाजार में उतार-चढ़ाव के कारण निवेशक सतर्क हैं।""",0
"""खाद्य सुरक्षा विभाग ने रेस्तरां में स्वच्छता मानकों की जांच शुरू की।""",0
"""नए शोध के अनुसार हरी सब्जियों का सेवन हृदय स्वास्थ्य के लिए फायदेमंद है।""",0
"""सोशल मीडिया पर युवाओं के बीच नए ट्रेंडिंग हैशटैग चर्चा में हैं।""",0
"""कंपनी ने ग्राहकों की शिकायतों के निवारण के लिए हेल्पलाइन नंबर जारी किया।""",0
"""क्रिकेट टीम ने अगले मैच की तैयारी के लिए कड़ी ट्रेनिंग शुरू कर दी है।""",0
"""बाजार में आर्टिफिशियल इंटेलिजेंस आधारित नए एप्स का तेजी से विस्तार हो रहा है।""",0
"""पुस्तक मेले में इस साल विभिन्न भाषाओं की पुस्तकों की भारी मांग देखी गई।""",0
"""घरेलू उपकरणों की कीमतों में आई गिरावट से ग्राहकों को राहत मिली है।""",0
"""विश्व स्वास्थ्य संगठन ने संक्रामक बीमारियों से बचाव के लिए दिशा-निर्देश जारी किए।""",0
"""नए साल के जश्न के लिए शहर के प्रमुख स्थानों को सजाया गया है।""",0
"""विद्यार्थियों के लिए ऑनलाइन पढ़ाई की सुविधा को और बेहतर बनाया जाएगा।""",0
"""सर्दियों के मौसम में त्वचा की देखभाल के लिए विशेष उत्पादों की सलाह दी गई।""",0
"""खाद्य पदार्थों में मिलावट रोकने के लिए सरकार ने सख्त नियम बनाए हैं।""",0
"""सिनेमा हॉल्स में नई फिल्मों के साथ पुरानी क्लासिक फिल्में भी दिखाई जा रही हैं।""",0
"""नए सॉफ्टवेयर अपडेट में यूजर अनुभव को बेहतर बनाने पर ध्यान दिया गया है।""",0
"""कुछ राज्यों में जल संकट को दूर करने के लिए जन जागरूकता अभियान चलाया जा रहा है।""",0
"""बैंकों ने छोटे व्यवसायों के लिए ऋण प्रक्रिया को सरल बनाने का निर्णय लिया।""",0
"""नए शोध के मुताबिक रोजाना चलने से मानसिक स्वास्थ्य में सुधार होता है।""",0
"""वन्यजीव संरक्षण के लिए स्थानीय समुदायों को जागरूक करने की योजना बनाई गई है।""",0
"""कॉलेजों में नए पाठ्यक्रमों को शामिल करने की मांग छात्रों द्वारा उठाई गई।""",0
"""पारंपरिक त्योहारों के दौरान सांस्कृतिक कार्यक्रमों का आयोजन किया जाएगा।""",0
"""शहर के बाहरी इलाकों में नए पार्क बनाए जाने की योजना है।""",0
"""सरकारी योजनाओं का लाभ लेने के लिए आवेदन प्रक्रिया शुरू हो चुकी है।""",0
"""सोशल मीडिया पर गलत जानकारी फैलने से बचने के लिए विशेषज्ञों ने सलाह दी।""",0
"""नए फिटनेस ट्रेंड के तहत घर पर ही वर्कआउट करने के तरीके साझा किए गए।""",0
"""ऑटोमोबाइल कंपनियों ने इलेक्ट्रिक वाहनों की बिक्री बढ़ाने के लिए ऑफर्स दिए।""",0
"""शोधकर्ताओं ने पर्यावरण संरक्षण के लिए नई तकनीकों पर काम शुरू किया है।""",0
"""बच्चों के लिए शैक्षिक गतिविधियों को मनोरंजक तरीके से डिजाइन किया गया है।""",0
"""वैश्विक बाजार में कच्चे तेल की कीमतों में उतार-चढ़ाव जारी है।""",0
"""देश भर में नए स्टार्टअप्स को बढ़ावा देने के लिए फंडिंग उपलब्ध कराई गई।""",0
"""आगामी चुनावों में मतदाताओं की सुविधा के लिए नए बूथ बनाए जाएंगे।""",0
"""सर्दियों में बिजली की खपत को कम करने के लिए ऊर्जा बचत के उपाय बताए गए।""",0
"""कुछ राज्यों में सड़क सुरक्षा को लेकर नए अभियान शुरू किए गए हैं।""",0
"""खाद्य डिलीवरी सेवाओं में ग्राहकों की संतुष्टि बढ़ाने के लिए नए फीचर्स जोड़े गए।""",0
"""सांस्कृतिक आदान-प्रदान को बढ़ावा देने के लिए अंतर्राष्ट्रीय कार्यक्रम आयोजित किए जाएंगे।""",0
"""नए आंकड़ों के अनुसार देश में डिजिटल भुगतान का उपयोग तेजी से बढ़ रहा है।""",0
"""शहर में प्रदूषण कम करने के लिए सार्वजनिक स्थानों पर पेड़ लगाए जा रहे हैं।""",0
"""मौसम विभाग ने अगले सप्ताह भारी बारिश की चेतावनी जारी की है।""",0
"""नए स्मार्टफोन मॉडल में कैमरा क्वालिटी और बैटरी लाइफ बेहतर हुई है।""",0
"""योगा करने से तनाव कम करने में मदद मिलती है।""",0
"""ऑनलाइन शिक्षा प्लेटफॉर्म पर नए कोर्सेज की घोषणा हुई है।""",0
"""रेस्तरां में पारंपरिक भोजन की मांग बढ़ रही है।""",0
"""किसानों को नई तकनीक के इस्तेमाल के लिए प्रशिक्षण दिया जा रहा है।""",0
"""मूवी टिकट बुक करने के लिए नई ऐप लॉन्च हुई है।""",0
"""विदेशी पर्यटकों के लिए वीजा नियमों में ढील दी गई है।""",0
"""फिटनेस ट्रेनर ने घर पर वर्कआउट के टिप्स शेयर किए।""",0
"""शहर में पब्लिक ट्रांसपोर्ट सिस्टम को अपग्रेड किया जा रहा है।""",0
"""ई-कॉमर्स वेबसाइट पर बड़े डिस्काउंट की घोषणा हुई।""",0
"""हाल ही में कार्बन उत्सर्जन को कम करने पर चर्चा हुई।""",0
"""नए शोध में पाया गया कि नियमित पढ़ाई से याददाश्त मजबूत होती है।""",0
"""सोशल मीडिया पर वायरल हुए नए डांस ट्रेंड की चर्चा हो रही है।""",0
"""बच्चों के लिए नए एजुकेशनल गेम्स मार्केट में आए हैं।""",0
"""सर्दियों में त्वचा की देखभाल के लिए विशेष उत्पाद लॉन्च हुए।""",0
"""देश में रिन्यूएबल एनर्जी के उपयोग में वृद्धि हुई है।""",0
"""फूड डिलीवरी सर्विस ने नए मेन्यू आइटम जोड़े हैं।""",0
"""पेटेंट ऑफिस ने नई टेक्नोलॉजी के लिए अनुमति दे दी है।""",0
"""गर्मियों में हाइड्रेटेड रहने के लिए डॉक्टरों ने सलाह दी।""",0
"""बजट में शिक्षा और स्वास्थ्य के लिए अधिक फंड का ऐलान हुआ।""",0
"""कार निर्माता कंपनी ने इलेक्ट्रिक वाहनों की कीमतें घटाईं।""",0
"""डिजिटल पेमेंट सिस्टम का उपयोग बढ़ने से नकदी लेनदेन कम हुआ।""",0
"""नए रिसर्च में पौधों के स्वास्थ्य लाभ के बारे में जानकारी मिली।""",0
"""बाजार में आर्गेनिक सब्जियों की मांग तेजी से बढ़ रही है।""",0
"""घर बैठे मेडिकल कंसल्टेशन की सुविधा शुरू की गई।""",0
"""सोलर पैनल लगाने वालों को सरकारी सब्सिडी मिलेगी।""",0
"""नए साल के लिए ट्रैवल पैकेजों की बुकिंग शुरू हो गई है।""",0
"""बैंकों ने ब्याज दरों में बदलाव किया है।""",0
"""फॉरेक्स मार्केट में उतार-चढ़ाव के कारण निवेशक सतर्क हैं।""",0
"""जिम में नई एक्सरसाइज मशीनें इंस्टॉल की गई हैं।""",0
"""रेडियो स्टेशन ने नए शो की शुरुआत की है।""",0
"""मोबाइल नेटवर्क प्रदाता ने डाटा स्पीड बढ़ाई है।""",0
"""खेल टूर्नामेंट के लिए टीमों का चयन पूरा हो गया है।""",0
"""किताब मेले में नई पुस्तकों की बिक्री अच्छी हो रही है।""",0
"""कोरोना प्रोटोकॉल को लेकर नए दिशा-निर्देश जारी किए गए।""",0
"""पेट्रोल की कीमतों में गिरावट से यातायात लागत कम हुई।""",0
"""नए वीकेंड गेटअवे डेस्टिनेशन की सिफारिश की गई।""",0
"""टेक्नोलॉजी एक्सपो में नए गैजेट्स प्रदर्शित किए गए।""",0
"""ऑनलाइन कोचिंग क्लासेस की संख्या में वृद्धि हुई है।""",0
"""फार्मेसी चेन ने दवाओं की कीमतों में कटौती की।""",0
"""बागवानी के शौकीनों के लिए नए उपकरण बाजार में आए।""",0
"""नई वेब सीरीज की रिलीज से दर्शक उत्साहित हैं।""",0
"""सरकार ने किसानों के लिए नई योजना की घोषणा की।""",0
"""कॉलेज प्रवेश परीक्षा की तैयारी के लिए गाइडबुक जारी हुई।""",0
"""होटल इंडस्ट्री में ऑनलाइन बुकिंग का चलन बढ़ा है।""",0
"""विदेशी निवेशकों ने स्थानीय बाजार में रुचि दिखाई।""",0
"""नए फिल्टर के साथ वाटर प्यूरिफायर लॉन्च हुआ।""",0
"""स्पोर्ट्स इवेंट के लिए वॉलंटियर्स की भर्ती शुरू हुई।""",0
"""ताजा खबर: नई शिक्षा नीति के तहत अब स्कूलों में व्यावहारिक शिक्षा पर जोर दिया जाएगा।""",0
"""सर्दियों में गर्म कपड़े खरीदने से पहले कपड़ों की गुणवत्ता जरूर जांच लें।""",0
"""फिल्म समीक्षा: नई रोमांटिक कॉमेडी में कहानी अच्छी है पर संवाद कमजोर लगे।""",0
"""बागवानी टिप्स: गमलों में तुलसी उगाने के लिए मिट्टी में जैविक खाद मिलाएं।""",0
"""योग दिवस पर विशेष: रोज सुबह 15 मिनट प्राणायाम करने से तनाव कम होता है।""",0
"""टेक अपडेट: नया स्मार्टफोन कैमरा लो लाइट फोटोग्राफी में बेहतर परिणाम देता है।""",0
"""स्वास्थ्य सलाह: बारिश के मौसम में पानी उबालकर पीने से बीमारियों से बचाव होता है।""",0
"""खाना बनाने की विधि: स्वादिष्ट पनीर टिक्का बनाने के लिए दही में मसाले मिलाएं।""",0
"""बजट 2024: मध्यम वर्ग के लिए कर छूट की उम्मीदें बढ़ीं।""",0
"""नए रेस्तरां की समीक्षा: यहाँ के चाइनीज व्यंजनों का स्वाद बेहतरीन है।""",0
"""व्यायाम टिप्स: सप्ताह में तीन बार साइकिल चलाने से फिटनेस बनी रहती है।""",0
"""पुस्तक समीक्षा: यह उपन्यास समाज की वर्तमान स्थिति पर प्रकाश डालता है।""",0
"""मोबाइल ऐप समाचार: नए फिटनेस ट्रैकर में स्लीप मॉनिटरिंग फीचर जोड़ा गया।""",0
"""यात्रा सुझाव: पर्वतीय स्थलों पर जाने से पहले मौसम की जानकारी जरूर लें।""",0
"""क्रिकेट अपडेट: टीम ने आज के मैच में शानदार बल्लेबाजी का प्रदर्शन किया।""",0
"""स्वास्थ्य चेतावनी: जंक फूड के अधिक सेवन से बचने की सलाह दी गई है।""",0
"""शेयर बाजार: आज बैंकिंग सेक्टर के शेयरों में तेजी देखी गई।""",0
"""विज्ञान खबर: नए शोध के अनुसार ध्यान करने से एकाग्रता बढ़ती है।""",0
"""खरीदारी टिप: ऑनलाइन ऑर्डर करते समय रिटर्न पॉलिसी जरूर पढ़ें।""",0
"""रेसिपी: घर पर बनाएं स्वादिष्ट मिक्स वेज पुलाव, सामग्री आसानी से मिल जाती है।""",0
"""शिक्षा समाचार: बोर्ड परीक्षाओं के पैटर्न में इस साल बदलाव किए गए हैं।""",0
"""गैजेट समीक्षा: नया वायरलेस हेडफोन लंबे समय तक बिना चार्ज काम करता है।""",0
"""फैशन टिप: इस सीजन में पस्टल कलर के कपड़े ट्रेंड में हैं।""",0
"""सामाजिक मुद्दा: ग्रामीण इलाकों में डिजिटल साक्षरता बढ़ाने की जरूरत है।""",0
"""व्यापार समाचार: छोटे व्यवसायों के लिए नई सरकारी योजना शुरू की गई।""",0
"""खेल समाचार: टूर्नामेंट के फाइनल मैच के लिए टिकट बुकिंग शुरू हो गई है।""",0
"""मोटिवेशन: छोटे लक्ष्य बनाकर उन्हें पूरा करने से आत्मविश्वास बढ़ता है।""",0
"""विदेशी भाषा: फ्रेंच सीखने के लिए ऑनलाइन कोर्स उपलब्ध हैं।""",0
"""प्रौद्योगिकी समाचार: आर्टिफिशियल इंटेलिजेंस अब चिकित्सा क्षेत्र में मदद कर रहा है।""",0
"""पालतू जानवर: कुत्तों को प्रशिक्षित करने के लिए धैर्य की आवश्यकता होती है।""",0
"""वित्तीय सलाह: बचत खाते में अधिक ब्याज पाने के लिए बैंकों की तुलना करें।""",0
"""कला समाचार: स्थानीय कलाकारों की प्रदर्शनी इस सप्ताह आयोजित की जाएगी।""",0
"""ऑटोमोबाइल समाचार: इलेक्ट्रिक कारों की बिक्री में पिछले साल 20% की बढ़ोतरी हुई।""",0
"""पर्यावरण समाचार: प्लास्टिक कचरा कम करने के लिए नई पहल शुरू की गई।""",0
"""डिजाइन टिप्स: छोटे कमरे को बड़ा दिखाने के लिए हल्के रंगों का प्रयोग करें।""",0
"""खेलकूद: स्थानीय टीम ने राज्य स्तरीय प्रतियोगिता जीत ली है।""",0
"""रेलवे अपडेट: त्योहारी सीजन में अतिरिक्त ट्रेनें चलाई जाएंगी।""",0
"""फूड ट्रेंड: इस साल ऑर्गेनिक खाद्य पदार्थों की मांग बढ़ी है।""",0
"""वेबसाइट समीक्षा: इस नई रेसिपी साइट पर विभिन्न व्यंजनों की विधियाँ मिलती हैं।""",0
"""कैरियर सलाह: इंटरव्यू से पहले कंपनी के बारे में अच्छी तरह रिसर्च कर लें।""",0
"""विदेश यात्रा: नए नियमों के तहत वीजा प्रक्रिया अब आसान हो गई है।""",0
"""मनोरंजन समाचार: आगामी संगीत कार्यक्रम में कई प्रसिद्ध कलाकार शामिल होंगे।""",0
"""विज्ञान तथ्य: सौर ऊर्जा का उपयोग करके बिजली उत्पादन बढ़ रहा है।""",0
"""गृह सज्जा: लिविंग रूम में छोटे पौधे लगाने से वातावरण ताजा लगता है।""",0
"""मौसम अपडेट: अगले सप्ताह उत्तर भारत में हल्की बारिश की संभावना है।""",0
"""बच्चों की देखभाल: बच्चों को संतुलित आहार देने से उनका विकास बेहतर होता है।""",0
"""इंटरनेट सुरक्षा: ऑनलाइन खातों के लिए मजबूत पासवर्ड बनाना जरूरी है।""",0
"""सामुदायिक समाचार: स्थानीय पुस्तकालय में नई पुस्तकों का संग्रह जोड़ा गया है।""",0
"""कृषि समाचार: इस साल गेहूं की पैदावार अच्छी होने की उम्मीद है।""",0
"""डिजिटल मार्केटिंग: सोशल मीडिया पर विज्ञापन देने से ब्रांड की पहचान बढ़ती है।""",0
"""आयुर्वेदिक उपाय: गुनगुने पानी में शहद मिलाकर पीने से पाचन ठीक रहता है।""",0
"""होम डेकोर: दीवारों पर फोटो फ्रेम लगाने से कमरा आकर्षक लगने लगता है।""",0
"""निवेश सलाह: लंबी अवधि के लिए म्यूचुअल फंड में निवेश फायदेमंद होता है।""",0
"""फिटनेस ट्रेंड: घर पर ही योगा मैट पर वर्कआउट करना आसान और प्रभावी है।""",0
"""कंप्यूटर टिप्स: नियमित सफाई से लैपटॉप की परफॉरमेंस बेहतर रहती है।""",0
"""शादी की तैयारी: शादी के कार्ड डिजाइन करने के लिए ऑनलाइन टूल उपलब्ध हैं।""",0
"""सरकार ने नई शिक्षा नीति पर चर्चा के लिए बैठक बुलाई।""",0
"""मोबाइल फोन की नई रेंज में बेहतर कैमरा फीचर्स देखने को मिलेंगे।""",0
"""आज बाजार में सब्जियों के दामों में थोड़ी गिरावट दर्ज की गई।""",0
"""फिटनेस एक्सपर्ट्स रोजाना योग करने की सलाह देते हैं।""",0
"""नए रेस्तरां में स्वादिष्ट स्थानीय व्यंजनों की विशेषता है।""",0
"""कंपनी ने अपने नए सॉफ्टवेयर अपडेट की घोषणा की।""",0
"""बारिश के मौसम में सड़कों पर जाम की समस्या बढ़ जाती है।""",0
"""किसानों को नई तकनीक से खेती करने के लिए प्रशिक्षण दिया जाएगा।""",0
"""सोशल मीडिया पर वायरल हो रहे ट्रेंड्स लोगों को आकर्षित कर रहे हैं।""",0
"""पुस्तक मेले में इस साल बच्चों की किताबों की भरमार है।""",0
"""ट्रैवल एजेंसियों ने छुट्टियों के लिए आकर्षक ऑफर दिए हैं।""",0
"""नए शोध के अनुसार हरी सब्जियों का सेवन स्वास्थ्य के लिए फायदेमंद है।""",0
"""मौसम विभाग ने अगले सप्ताह भारी बारिश की चेतावनी जारी की।""",0
"""ऑनलाइन शॉपिंग में डिस्काउंट सेल्स ग्राहकों को लुभा रही है।""",0
"""नए स्मार्टफोन में लंबी बैटरी लाइफ की सुविधा दी गई है।""",0
"""खेल टूर्नामेंट में युवा प्रतिभाओं ने शानदार प्रदर्शन किया।""",0
"""सिनेमा हॉल्स में इस सप्ताह नई बॉलीवुड फिल्म रिलीज हुई है।""",0
"""बैंकों ने ब्याज दरों में संशोधन करने का निर्णय लिया।""",0
"""सार्वजनिक परिवहन में यात्रियों की सुविधा के लिए नए नियम बनाए गए।""",0
"""फैशन शो में डिजाइनर्स ने नए ट्रेंड्स पेश किए।""",0
"""विद्यार्थियों के लिए नए कोर्सेज की शुरुआत की गई।""",0
"""टेक्नोलॉजी एक्सपो में रोबोटिक्स पर विशेष प्रदर्शनी लगाई गई।""",0
"""खाद्य सुरक्षा विभाग ने नमूनों की जांच के निर्देश दिए।""",0
"""नए पार्क में बच्चों के लिए विशेष खेल क्षेत्र बनाया गया।""",0
"""ऑटोमोबाइल कंपनी ने इलेक्ट्रिक वाहनों की शुरुआत की घोषणा की।""",0
"""विदेशी मुद्रा बाजार में आज डॉलर के भाव में उछाल देखा गया।""",0
"""स्वास्थ्य कैंप में लोगों को निशुल्क जांच की सुविधा मिली।""",0
"""नए होटल में आधुनिक सुविधाओं से युक्त कमरे उपलब्ध हैं।""",0
"""गर्मियों में ताजे फलों का सेवन स्वास्थ्य के लिए अच्छा होता है।""",0
"""बाजार में नए ब्रांड के कपड़ों की दुकान खुली है।""",0
"""बैंक ने डिजिटल लेनदेन को बढ़ावा देने के लिए नए ऐप लॉन्च किए।""",0
"""नए शोध में पाया गया कि नियमित व्यायाम तनाव कम करता है।""",0
"""सर्दियों में गर्म कपड़ों की मांग बढ़ जाती है।""",0
"""स्कूलों में छात्रों के लिए नए पाठ्यक्रम तैयार किए गए।""",0
"""आज शहर के मुख्य चौराहे पर ट्रैफिक जाम की स्थिति बनी हुई है।""",0
"""नए हेल्थ ड्रिंक को सेहत के लिए फायदेमंद बताया जा रहा है।""",0
"""इस साल फिल्म फेस्टिवल में कई देशों की फिल्में दिखाई जाएंगी।""",0
"""कंप्यूटर कोर्स में प्रोग्रामिंग सीखने का मौका मिलेगा।""",0
"""नए मॉल में शॉपिंग के साथ मनोरंजन की भी व्यवस्था है।""",0
"""विदेश यात्रा के लिए वीजा प्रक्रिया को आसान बनाया गया।""",0
"""सोशल मीडिया पर नए फिल्टर्स यूजर्स को पसंद आ रहे हैं।""",0
"""नई वेबसाइट पर रेसिपी और हेल्थ टिप्स शेयर किए जा रहे हैं।""",0
"""कृषि विभाग ने किसानों को बीज वितरण का कार्यक्रम शुरू किया।""",0
"""शहर के बाहरी इलाके में नए आवासीय परियोजना की घोषणा हुई।""",0
"""मेडिकल कॉन्फ्रेंस में डॉक्टरों ने नई दवाओं पर चर्चा की।""",0
"""युवाओं के लिए स्टार्टअप योजना में आवेदन की तिथि बढ़ाई गई।""",0
"""कंपनी ने कर्मचारियों के लिए वर्क फ्रॉम होम की सुविधा दी।""",0
"""म्यूजिक फेस्टिवल में लोक और आधुनिक संगीत की प्रस्तुति हुई।""",0
"""नए जिम में उन्नत उपकरणों का इस्तेमाल किया जा रहा है।""",0
"""1. नई शिक्षा नीति से छात्रों को लाभ मिलने की उम्मीद है।""",0
"""2. इस सप्ताह तापमान में भारी गिरावट दर्ज की गई है।""",0
"""3. ऑनलाइन शॉपिंग के दौरान सावधानी बरतने की सलाह दी जा रही है।""",0
"""4. नए स्मार्टफोन में कैमरा क्वालिटी काफी बेहतर बताई जा रही है।""",0
"""5. योग और ध्यान से तनाव कम करने में मदद मिलती है।""",0
"""6. पिछले साल की तुलना में इस साल पर्यटकों की संख्या बढ़ी है।""",0
"""7. स्थानीय बाजार में सब्जियों के दामों में उछाल देखा गया।""",0
"""8. नए शोध के अनुसार, हरी सब्जियां स्वास्थ्य के लिए बहुत फायदेमंद हैं।""",0
"""9. घर में बने खाने की तुलना में बाहर का खाना कम स्वास्थ्यकर होता है।""",0
"""10. आजकल डिजिटल पेमेंट का चलन तेजी से बढ़ रहा है।""",0
"""11. गर्मियों में हल्के और सूती कपड़े पहनने की सलाह दी जाती है।""",0
"""12. नए फिल्मों की रिलीज से सिनेमाघरों में भीड़ बढ़ने की संभावना है।""",0
"""13. सुबह की सैर सेहत के लिए बहुत लाभदायक होती है।""",0
"""14. इलेक्ट्रिक वाहनों की मांग लगातार बढ़ रही है।""",0
"""15. मानसून के दौरान सड़कों पर पानी भरने की समस्या आम है।""",0
"""16. बच्चों को संतुलित आहार देने से उनका विकास बेहतर होता है।""",0
"""17. नए रेस्तरां में स्वादिष्ट व्यंजन परोसे जा रहे हैं।""",0
"""18. पेड़ लगाने से पर्यावरण को बहुत फायदा होता है।""",0
"""19. आजकल लोग घर पर वर्कआउट करना पसंद कर रहे हैं।""",0
"""20. नए सीजन में फैशन ट्रेंड्स में बड़ा बदलाव देखने को मिला।""",0
"""21. मोबाइल एप्लिकेशन के जरिए बैंकिंग सेवाएं आसान हो गई हैं।""",0
"""22. सर्दियों में गर्म पेय पदार्थों का सेवन फायदेमंद होता है।""",0
"""23. पढ़ाई के लिए शांत वातावरण बहुत जरूरी है।""",0
"""24. नई तकनीक के उपयोग से किसानों को फायदा हो रहा है।""",0
"""25. शहरों में प्रदूषण का स्तर चिंताजनक बना हुआ है।""",0
"""26. खेलकूद गतिविधियों में भाग लेने से शारीरिक स्वास्थ्य सुधरता है।""",0
"""27. किताबें पढ़ने से ज्ञान और शब्दावली दोनों बढ़ती हैं।""",0
"""28. इस साल फसल उत्पादन में वृद्धि की संभावना है।""",0
"""29. नई दवाओं के आने से कई बीमारियों का इलाज संभव हो गया है।""",0
"""30. सार्वजनिक परिवहन का उपयोग करने से ट्रैफिक कम हो सकता है।""",0
"""31. फलों का नियमित सेवन शरीर को ऊर्जा प्रदान करता है।""",0
"""32. पालतू जानवर रखने से मानसिक स्वास्थ्य पर सकारात्मक प्रभाव पड़ता है।""",0
"""33. नए सॉफ्टवेयर की मदद से काम करना आसान हो गया है।""",0
"""34. सर्दियों में गर्म कपड़े पहनना जरूरी होता है।""",0
"""35. नए अध्ययन से पता चला है कि मेडिटेशन तनाव कम करता है।""",0
"""36. सोशल मीडिया पर समय बिताना कई बार अनावश्यक हो जाता है।""",0
"""37. घर की साफ-सफाई से बीमारियों से बचा जा सकता है।""",0
"""38. नए नियमों के तहत सुरक्षा मानकों में सुधार हुआ है।""",0
"""39. बारिश के मौसम में सड़कें फिसलन भरी हो जाती हैं।""",0
"""40. स्वस्थ जीवनशैली अपनाने से बीमारियों का खतरा कम होता है।""",0
"""41. नए मोबाइल नेटवर्क की स्पीड काफी तेज है।""",0
"""42. दूध और दही का सेवन हड्डियों को मजबूत बनाता है।""",0
"""43. स्थानीय उत्पादों को खरीदने से अर्थव्यवस्था को फायदा होता है।""",0
"""44. पानी की बचत करना हम सभी का कर्तव्य है।""",0
"""45. नए शोध से पता चला है कि हंसना स्वास्थ्य के लिए अच्छा है।""",0
"""46. सर्दियों में त्वचा की देखभाल करना जरूरी होता है।""",0
"""47. नए कानून के अनुसार, सुरक्षा उपायों को बढ़ाया गया है।""",0
"""48. सुबह जल्दी उठने से दिन अधिक उत्पादक बनता है।""",0
"""49. पुरानी इमारतों को संरक्षित करना हमारी जिम्मेदारी है।""",0
"""50. नए उपकरणों ने घरेलू कामों को आसान बना दिया है।""",0
"""मौसम विभाग ने आने वाले सप्ताह में भारी बारिश की चेतावनी जारी की है।""",0
"""नई शिक्षा नीति के तहत अब स्कूलों में व्यावसायिक कोर्स शुरू होंगे।""",0
"""किसानों को बेहतर उपज के लिए जैविक खेती अपनाने की सलाह दी गई।""",0
"""सोने की कीमतों में गिरावट के बाद खरीदारी में तेजी देखी जा रही है।""",0
"""फिल्मों में बढ़ते विज्ञापनों से दर्शक नाराज़ हो रहे हैं।""",0
"""विदेशी पर्यटकों के लिए भारत में मेडिकल टूरिज्म बढ़ रहा है।""",0
"""सोशल मीडिया पर फर्जी खबरों को रोकने के लिए नए नियम बनाए गए।""",0
"""सर्दियों में स्वस्थ रहने के लिए विटामिन सी युक्त आहार लेने की सलाह दी गई।""",0
"""ऑनलाइन शॉपिंग के चलते पारंपरिक दुकानों का व्यापार प्रभावित हुआ है।""",0
"""नए स्मार्टफोन में बैटरी लाइफ बढ़ाने के लिए खास तकनीक इस्तेमाल की गई है।""",0
"""चाय उत्पादन में गिरावट के कारण कीमतों में वृद्धि हुई है।""",0
"""युवाओं में फिटनेस के प्रति जागरूकता बढ़ रही है।""",0
"""देश में इलेक्ट्रिक वाहनों की बिक्री तेजी से बढ़ रही है।""",0
"""मानसून के दौरान बीमारियों से बचाव के लिए साफ-सफाई जरूरी है।""",0
"""टेक्नोलॉजी के क्षेत्र में नए स्टार्टअप्स को सरकारी सहायता मिलेगी।""",0
"""वायु प्रदूषण को कम करने के लिए पेड़ लगाने की मुहिम चलाई जा रही है।""",0
"""घरेलू उपकरणों की मांग त्योहारी सीजन में बढ़ जाती है।""",0
"""अब मोबाइल ऐप के जरिए घर बैठे डॉक्टर से सलाह ली जा सकती है।""",0
"""क्रिकेट टीम ने अंतरराष्ट्रीय मैच में शानदार जीत हासिल की।""",0
"""शहरों में जगह की कमी के कारण वर्टिकल गार्डनिंग लोकप्रिय हो रही है।""",0
"""नए शोध के अनुसार योग तनाव कम करने में मददगार है।""",0
"""बाजार में नए फ्लेवर के चिप्स की लॉन्चिंग हुई है।""",0
"""खाद्य पदार्थों में मिलावट रोकने के लिए सख्त कानून बनाए गए।""",0
"""सोलर एनर्जी को बढ़ावा देने के लिए सरकार सब्सिडी दे रही है।""",0
"""रेलवे ने यात्रियों की सुविधा के लिए नई ट्रेनें शुरू की हैं।""",0
"""ग्रामीण इलाकों में इंटरनेट की पहुंच बढ़ाने पर जोर दिया जा रहा है।""",0
"""बच्चों के लिए नए एजुकेशनल ऐप्स मार्केट में आए हैं।""",0
"""फूड डिलीवरी सेवाओं ने लोगों की जीवनशैली को आसान बना दिया है।""",0
"""दिवाली के मौके पर पटाखों की बिक्री में भारी गिरावट दर्ज की गई।""",0
"""किसानों को फसल बीमा योजना का लाभ मिल रहा है।""",0
"""आईटी कंपनियों में वर्क फ्रॉम होम की सुविधा जारी रहेगी।""",0
"""बारिश के मौसम में सड़क दुर्घटनाओं में वृद्धि हुई है।""",0
"""नए आंकड़ों के अनुसार ऑनलाइन शिक्षा का चलन बढ़ रहा है।""",0
"""शहर के मुख्य पार्क को पर्यटक स्थल के रूप में विकसित किया जाएगा।""",0
"""हाल ही में लॉन्च हुए स्मार्टवॉच में हेल्थ मॉनिटरिंग फीचर्स शामिल हैं।""",0
"""विदेशी मुद्रा भंडार बढ़ने से रुपया मजबूत हुआ है।""",0
"""बैंकों ने ब्याज दरों में कटौती की है, जिससे लोन सस्ता हुआ।""",0
"""मोबाइल नेटवर्क की गति बढ़ाने के लिए 5G टेस्टिंग शुरू हो गई है।""",0
"""शहर के बाजारों में सब्जियों के दाम लगातार बढ़ रहे हैं।""",0
"""बरसात के मौसम में मच्छर जनित बीमारियों का खतरा बढ़ गया है।""",0
"""नए साल के लिए होटलों और रिसॉर्ट्स में बुकिंग तेजी से बढ़ी है।""",0
"""गर्मियों में पानी की कमी से निपटने के लिए जल संरक्षण पर जोर दिया जा रहा है।""",0
"""देश में कोयले का उत्पादन बढ़ाने के लिए नई योजना शुरू की गई।""",0
"""कई राज्यों में स्कूलों को फिर से खोलने का निर्णय लिया गया।""",0
"""नए शोध के मुताबिक, हरी सब्जियों का सेवन दिल के लिए फायदेमंद है।""",0
"""पेट्रोल और डीजल की कीमतों में मामूली गिरावट दर्ज की गई।""",0
"""इस साल देश में पर्यटन उद्योग ने अच्छी वृद्धि दर्ज की है।""",0
"""बाजार में नए स्वाद वाले हेल्थ ड्रिंक्स की भरमार हो गई है।""",0
"""विद्युत विभाग ने गर्मियों में बिजली कटौती से बचने के उपाय बताए।""",0
"""बड़े शहरों में पब्लिक ट्रांसपोर्ट का इस्तेमाल बढ़ रहा है।""",0
"""बाजार में आज सोने के भाव में तेजी देखने को मिली।""",0
"""नए स्मार्टफोन की बैटरी लाइफ उम्मीदों से कम निकली।""",0
"""मानसून के आगमन से किसानों में खुशी की लहर दौड़ गई।""",0
"""घर पर योग करने के लिए ये आसान टिप्स आजमाएं।""",0
"""क्रिकेट मैच में टीम ने शानदार जीत हासिल की।""",0
"""परीक्षा की तैयारी के लिए समय प्रबंधन जरूरी है।""",0
"""नए रेस्तरां में स्वादिष्ट व्यंजनों की भरमार है।""",0
"""फिल्म की कहानी दर्शकों को भावुक कर देगी।""",0
"""सर्दियों में त्वचा की देखभाल कैसे करें?""",0
"""ऑनलाइन पढ़ाई के लिए ये ऐप्स मददगार साबित होंगे।""",0
"""मोबाइल डेटा की खपत कम करने के उपाय जानिए।""",0
"""विद्यार्थियों के लिए नए छात्रवृत्ति कार्यक्रम की घोषणा।""",0
"""गर्मियों में तरबूज खाने के फायदे गिने जाते हैं।""",0
"""कार की नई मॉडल में सुरक्षा फीचर्स बढ़ गए हैं।""",0
"""दिवाली की खरीदारी शुरू होने वाली है।""",0
"""बच्चों के लिए शैक्षिक खिलौनों की मांग बढ़ी।""",0
"""सोशल मीडिया पर नए ट्रेंड्स ने धूम मचा दी।""",0
"""बारिश के मौसम में सड़क दुर्घटनाएं बढ़ जाती हैं।""",0
"""नए शोध में हरी सब्जियों के लाभ सामने आए।""",0
"""घर की सजावट के लिए ये आइडियाज आजमाएं।""",0
"""बाजार में ऑर्गेनिक उत्पादों की मांग बढ़ रही है।""",0
"""पेट दर्द से छुटकारा पाने के घरेलू नुस्खे।""",0
"""नई फिल्मों के ट्रेलर ने दर्शकों को उत्साहित कर दिया।""",0
"""विदेश यात्रा के लिए ये दस्तावेज जरूरी हैं।""",0
"""मोबाइल बैंकिंग का उपयोग कैसे सुरक्षित रखें?""",0
"""खेल प्रतियोगिता में स्थानीय टीम ने पदक जीता।""",0
"""गर्म पानी पीने के स्वास्थ्य लाभ अनेक हैं।""",0
"""नए कॉलेज की स्थापना से शिक्षा में बदलाव आएगा।""",0
"""मौसम विभाग ने भारी बारिश की चेतावनी जारी की।""",0
"""किचन गैजेट्स ने खाना बनाना आसान बना दिया।""",0
"""पुस्तक मेले में नई रिलीज हुई किताबें आकर्षक हैं।""",0
"""व्यायाम करने का सही समय क्या होता है?""",0
"""नए पार्क में बच्चों के लिए खेलने की अच्छी व्यवस्था है।""",0
"""सर्दी-जुकाम से बचने के लिए ये उपाय करें।""",0
"""ऑनलाइन शॉपिंग में डिस्काउंट का लाभ उठाएं।""",0
"""नए वेब सीरीज ने दर्शकों का ध्यान खींचा।""",0
"""फलों का जूस पीने से इम्यूनिटी बढ़ती है।""",0
"""स्कूलों में नए पाठ्यक्रम की शुरुआत होगी।""",0
"""सुबह की सैर सेहत के लिए फायदेमंद होती है।""",0
"""कॉफी पीने के शौकीनों के लिए नए फ्लेवर आए हैं।""",0
"""कंप्यूटर को धीमा होने से कैसे बचाएं?""",0
"""नए संग्रहालय में ऐतिहासिक वस्तुओं की प्रदर्शनी लगी।""",0
"""चाय पीने के बाद पानी क्यों नहीं पीना चाहिए?""",0
"""फिटनेस ट्रेनर ने वर्कआउट के टिप्स शेयर किए।""",0
"""बैंक ने नए लोन स्कीम की घोषणा की।""",0
"""मोबाइल गेम्स ने युवाओं को आकर्षित किया।""",0
"""सर्दियों में गर्म कपड़े खरीदने का सही समय।""",0
"""नए रोड परियोजना से यातायात सुगम होगा।""",0
"""ग्रीन टी पीने से वजन कम करने में मदद मिलती है।""",0
"""पालतू जानवरों की देखभाल करने के तरीके जानें।""",0
"""1. बाजार में नए स्मार्टफोन की लॉन्चिंग के साथ दामों में गिरावट की उम्मीद।""",0
"""2. घर पर योग करने के लिए ये पाँच आसान आसन आजमाएँ।""",0
"""3. इस सप्ताह फिल्मों में कई नए रिलीज होने वाले हैं।""",0
"""4. मौसम विभाग ने अगले सप्ताह भारी बारिश की चेतावनी जारी की।""",0
"""5. ग्रीन टी पीने के स्वास्थ्य लाभ जानकर आप हैरान रह जाएंगे।""",0
"""6. नई शिक्षा नीति के तहत छात्रों को और अधिक विकल्प मिलेंगे।""",0
"""7. सोशल मीडिया पर वायरल हो रही यह टिप पैसे बचाने में मदद करेगी।""",0
"""8. टेक्नोलॉजी की दुनिया में नए अविष्कारों ने लोगों का ध्यान खींचा।""",0
"""9. सर्दियों में त्वचा की देखभाल के लिए ये उपाय अपनाएँ।""",0
"""10. खाना बनाते समय इन छोटी-छोटी गलतियों से बचें।""",0
"""11. देशभर में बढ़ती महंगाई ने आम आदमी की जेब पर मार की है।""",0
"""12. नए शोध के अनुसार दिन में 30 मिनट की वॉक स्वास्थ्य के लिए फायदेमंद है।""",0
"""13. ऑनलाइन शॉपिंग करते समय धोखाधड़ी से कैसे बचें?""",0
"""14. अगले महीने से ट्रेनों के किराए में बढ़ोतरी हो सकती है।""",0
"""15. बच्चों की पढ़ाई में मदद करने वाले ये ऐप्स पेरेंट्स के लिए वरदान साबित हो रहे हैं।""",0
"""16. क्रिकेट मैच के दौरान दर्शकों ने जमकर उत्साह दिखाया।""",0
"""17. इस साल फलों की पैदावार में कमी देखी गई है।""",0
"""18. नए वीडियो गेम के रिलीज होने की खबर से गेमर्स में उत्साह है।""",0
"""19. डायबिटीज के मरीजों के लिए ये आहार योजना फायदेमंद साबित हो सकती है।""",0
"""20. राजधानी में प्रदूषण का स्तर एक बार फिर खतरनाक स्तर पर पहुँच गया है।""",0
"""21. अगले सप्ताह से विद्यालयों में नए सत्र की शुरुआत होगी।""",0
"""22. घर की सजावट के लिए ये सरल आइडियाज आपको पसंद आएंगे।""",0
"""23. मोबाइल बैटरी को लंबे समय तक चलाने के लिए ये टिप्स फॉलो करें।""",0
"""24. नए कानून के तहत सड़क सुरक्षा नियमों को और सख्त बनाया गया है।""",0
"""25. कॉलेज के छात्रों के लिए करियर विकल्पों पर एक विशेष सेमिनार आयोजित किया जाएगा।""",0
"""26. बाजार में आए इस नए हेयर ऑयल ने खूब सुर्खियाँ बटोरी हैं।""",0
"""27. वर्क फ्रॉम होम के दौरान प्रोडक्टिविटी बढ़ाने के ये तरीके कारगर साबित हुए हैं।""",0
"""28. अगले महीने होने वाले उत्सव की तैयारियाँ जोरों पर हैं।""",0
"""29. नए रेस्तरां के खुलने से खाने के शौकीनों में खुशी की लहर है।""",0
"""30. इन पाँच फूड आइटम्स को डाइट में शामिल कर वजन कम करें।""",0
"""31. इस साल किसानों को फसलों के अच्छे दाम मिलने की उम्मीद है।""",0
"""32. नए साल के लिए सेल्फ-इम्प्रूवमेंट के ये तरीके आजमाएँ।""",0
"""33. बच्चों के लिए नए एजुकेशनल टॉयज बाजार में लॉन्च हुए।""",0
"""34. सर्दी के मौसम में इम्यूनिटी बढ़ाने के लिए ये चाय पिएँ।""",0
"""35. कंप्यूटर की स्पीड बढ़ाने के लिए ये सरल उपाय अपनाएँ।""",0
"""36. आने वाले त्योहारों के लिए शॉपिंग मॉल्स में भीड़ बढ़ने लगी है।""",0
"""37. नए शोध के मुताबिक संगीत सुनने से तनाव कम होता है।""",0
"""38. इस तकनीक ने वर्कफ्लो को और आसान बना दिया है।""",0
"""39. गर्मियों में पानी की कमी से बचने के लिए ये उपाय करें।""",0
"""40. फाइनेंस एक्सपर्ट्स ने निवेशकों को नए सुझाव दिए हैं।""",0
"""41. टूरिस्ट प्लेस पर जाने से पहले ये जानकारी जरूर चेक कर लें।""",0
"""42. बागवानी के शौकीनों के लिए यह सीजन बेहतरीन मौका लेकर आया है।""",0
"""43. नए फिटनेस ट्रेंड्स ने युवाओं को काफी आकर्षित किया है।""",0
"""44. देश में इंटरनेट की स्पीड बढ़ाने के लिए नई योजना शुरू की गई।""",0
"""45. इस साल परीक्षा पैटर्न में बदलाव की संभावना है।""",0
"""46. घर बैठे पैसे कमाने के ये तरीके इन दिनों चर्चा में हैं।""",0
"""47. नए किचन गैजेट्स ने खाना बनाने को और आसान बना दिया है।""",0
"""48. हाल ही में हुए सर्वे के मुताबिक डिजिटल पेमेंट का उपयोग बढ़ा है।""",0
"""49. इस तरह के व्यायाम से शरीर की अकड़न दूर होती है।""",0
"""50. नए सीजन में कपड़ों के ट्रेंड्स काफी बदल गए हैं।""",0
"""बाजार में नए स्मार्टफोन की भरमार, कंपनियां लॉन्च कर रही हैं किफायती मॉडल।""",0
"""मौसम विभाग ने अगले सप्ताह भारी बारिश की चेतावनी जारी की है।""",0
"""ऑनलाइन शिक्षा प्लेटफॉर्म पर नए कोर्सेज की शुरुआत, छात्रों के लिए बड़ी राहत।""",0
"""फिटनेस एक्सपर्ट्स सुबह की वॉक को स्वस्थ जीवनशैली की पहली सीढ़ी बताते हैं।""",0
"""खाद्य विभाग ने दूध की गुणवत्ता जांचने के लिए नए मानक तय किए हैं।""",0
"""क्रिकेट मैच में टीम ने शानदार प्रदर्शन कर जीत हासिल की।""",0
"""बढ़ती महंगाई के बीच सब्जियों के दामों में गिरावट दर्ज की गई।""",0
"""नए शोध के अनुसार, योग तनाव कम करने में कारगर साबित हुआ है।""",0
"""सरकार ने ग्रामीण इलाकों में इंटरनेट कनेक्टिविटी बढ़ाने की योजना बनाई।""",0
"""मोबाइल बैंकिंग एप्स का उपयोग बढ़ने से डिजिटल लेनदेन में उछाल आया।""",0
"""टेक कंपनी ने नया वायरलेस इयरफोन लॉन्च किया, बेहतर साउंड क्वालिटी का दावा।""",0
"""विदेशी पर्यटकों के लिए नए टूरिस्ट पैकेजों की घोषणा हुई।""",0
"""पुस्तक मेले में इस साल रिकॉर्ड संख्या में लोगों ने भाग लिया।""",0
"""सर्दियों में गर्म पेय पदार्थों की बिक्री में बढ़ोतरी हुई है।""",0
"""नए फिल्मी गाने ने यूट्यूब पर लाखों व्यूज कलेक्ट किए।""",0
"""सोशल मीडिया पर वायरल हुई रेसिपी ने लोगों का ध्यान खींचा।""",0
"""सरकारी अस्पतालों में मुफ्त दवाइयां वितरित करने की योजना शुरू हुई।""",0
"""शहर के मुख्य पार्क को नए पौधों से सजाया गया है।""",0
"""किसानों को नई तकनीक से खेती करने के लिए प्रशिक्षण दिया जा रहा है।""",0
"""स्कूलों में डिजिटल शिक्षा को बढ़ावा देने के लिए नए उपकरण खरीदे गए।""",0
"""बैंकों ने होम लोन पर ब्याज दरों में कटौती की घोषणा की।""",0
"""फिल्म आलोचकों ने नई रिलीज़ को साल की बेस्ट मूवी बताया।""",0
"""खेल मंत्रालय ने युवा प्रतिभाओं को समर्थन देने की योजना शुरू की।""",0
"""नए रेस्टोरेंट में स्वादिष्ट स्थानीय व्यंजनों की लंबी लिस्ट उपलब्ध है।""",0
"""बाजार में ऑर्गेनिक सब्जियों की मांग तेजी से बढ़ रही है।""",0
"""शहर में नए मेट्रो स्टेशन के निर्माण का काम शुरू हो गया।""",0
"""वैज्ञानिकों ने नई दवा की खोज का दावा किया है।""",0
"""कॉलेजों में सेमिनार आयोजित कर छात्रों को करियर गाइडेंस दी जा रही है।""",0
"""ऑटोमोबाइल कंपनी ने इलेक्ट्रिक कारों की नई श्रृंखला पेश की।""",0
"""सोशल मीडिया प्लेटफॉर्म ने यूजर प्राइवेसी को लेकर नए नियम जारी किए।""",0
"""नए सर्वे के मुताबिक, लोग घर पर खाना पकाने को तरजीह दे रहे हैं।""",0
"""कंप्यूटर कोर्स पूरा करने वाले युवाओं को नौकरी के अवसर मिल रहे हैं।""",0
"""चाय बागानों में इस साल अच्छी उपज दर्ज की गई है।""",0
"""नए वेब सीरीज ने स्ट्रीमिंग प्लेटफॉर्म पर धूम मचा दी है।""",0
"""सरकार ने गरीब परिवारों को मुफ्त राशन वितरण की स्कीम बढ़ाई।""",0
"""सर्दियों में बढ़ते प्रदूषण को कम करने के लिए नए उपाय किए जा रहे हैं।""",0
"""नए जिम में लोगों को फिटनेस ट्रेनिंग दी जा रही है।""",0
"""चुनाव आयोग ने मतदान प्रक्रिया को सुगम बनाने के लिए नए निर्देश जारी किए।""",0
"""खाद्य सुरक्षा विभाग ने रेस्तरांओं की अचानक जांच शुरू की।""",0
"""नए सॉफ्टवेयर ने कार्यालयों में काम को आसान बना दिया है।""",0
"""शहर के बाजार में त्योहारी सीजन की तैयारियां शुरू हो गई हैं।""",0
"""शोधकर्ताओं ने समुद्री जीवों पर प्लास्टिक प्रदूषण के प्रभाव का अध्ययन किया।""",0
"""बच्चों के लिए नए एजुकेशनल ऐप की लोकप्रियता बढ़ रही है।""",0
"""विद्युत विभाग ने ग्रामीण इलाकों में बिजली आपूर्ति सुनिश्चित की है।""",0
"""शॉपिंग मॉल में नए ब्रांड्स के स्टोर खुलने से ग्राहक खुश हैं।""",0
"""खेल टूर्नामेंट में युवा खिलाड़ियों ने शानदार प्रदर्शन किया।""",0
"""नए कॉफी शॉप में विभिन्न प्रकार के हॉट और कोल्ड ड्रिंक्स मिल रहे हैं।""",0
"""हेल्थ एक्सपर्ट्स ने रोजाना व्यायाम करने की सलाह दी है।""",0
"""पुस्तकालयों में नई पुस्तकों के संग्रह को बढ़ाया गया है।""",0
"""नए हाईवे के निर्माण से यातायात समय में कमी आई है।""",0
"""सोलर एनर्जी को बढ़ावा देने के लिए सरकार ने सब्सिडी की घोषणा की।""",0
"""नए रोबोटिक्स कोर्स ने छात्रों में तकनीकी शिक्षा की रुचि जगाई है।""",0
"""पारंपरिक कला को बचाने के लिए सरकार ने फंड जारी किया।""",0
"""गर्मियों में ठंडी हवा के लिए लोग पहाड़ी स्थानों पर घूमने जा रहे हैं।""",0
"""1. राहुल शर्मा, जन्म तिथि 15/07/1985, मोबाइल नंबर 98765-43210""",1
"""2. सी-12, ग्रीन पार्क अपार्टमेंट्स, नई दिल्ली - 110016""",1
"""3. कृपया मेरा खाता अपडेट करें: अंकिता पाटिल, एकाउंट नंबर 765432189012""",1
"""4. मेरा ईमेल है: priyanka_verma@example.com, पासवर्ड रीसेट करने की आवश्यकता है""",1
"""5. आधार कार्ड नंबर: 1234-5678-9012, जारी तिथि: 22/03/2018""",1
"""6. शुभम गुप्ता का क्रेडिट कार्ड: 4111-1111-1111-1111, एक्सपायरी 12/25""",1
"""7. मेरा पता: 45B, साकेत कॉलोनी, लखनऊ, उत्तर प्रदेश 226001""",1
"""8. मोबाइल नंबर 87654-32109 पर OTP भेजें""",1
"""9. रेखा मिश्रा का पैन कार्ड: ABCPG1234Q""",1
"""10. मेरा बैंक अकाउंट IFSC कोड: SBIN0001234""",1
"""11. अर्जुन सिंह, जन्मस्थान: मुंबई, पासपोर्ट नंबर: A12345678""",1
"""12. शालिनी देवी, वोटर ID: DL/12/345/678901""",1
"""13. डिलीवरी पता: फ्लैट नंबर 302, सनशाइन टावर्स, बैंगलोर - 560001""",1
"""14. कृपया मेरा डेबिट कार्ड ब्लॉक करें: 5555-5555-5555-5555""",1
"""15. ईमेल: rohit.kumar@example.in, फोन: 76543-21098""",1
"""16. अंकित त्यागी का ड्राइविंग लाइसेंस: DL-1420112345678""",1
"""17. मेडिकल रिकॉर्ड के लिए: नेहा जोशी, पेशेंट ID: HOSP-78901""",1
"""18. 28/07/1992 को जन्मे विवेक मल्होत्रा का पता: डी-5, साउथ एक्सटेंशन, दिल्ली""",1
"""19. UPI ID: 9898765432@upi, नाम: अदिति नायर""",1
"""20. सिम कार्ड अपडेट: 67890-12345, नाम: राजीव खन्ना""",1
"""21. कर्मचारी ID: E12345, नाम: संजय मेहरा, कंपनी: टेकसॉल्यूशन्स""",1
"""22. रजिस्ट्रेशन नंबर: MH-01-AB-1234, मालिक: अरुण सक्सेना""",1
"""23. इंश्योरेंस पॉलिसी नंबर: ICICI78901234, होल्डर: मीनाक्षी अय्यर""",1
"""24. मेरा नया मोबाइल नंबर: 98765-12340, नाम: विकास जैन""",1
"""25. प्रियंका चौधरी, फ्लैट नंबर 12B, शांतिनिकेतन सोसाइटी, पुणे""",1
"""26. बिजली बिल भुगतान: कंज्यूमर नंबर 6789012345, नाम: सुरेश पांडे""",1
"""27. पासपोर्ट अप्लाई: अक्षय खन्ना, जन्म तिथि 03/12/1987""",1
"""28. सोशल मीडिया अकाउंट: @ananya_royal, ईमेल: ananya.r@example.com""",1
"""29. नितिन बंसल, ऑर्डर आईडी: ORD-987654, डिलीवरी पता: 56, सिविल लाइंस, इंदौर""",1
"""30. गैस कनेक्शन नंबर: 1234567890, नाम: सुमन अग्रवाल""",1
"""31. ट्रेन टिकट बुकिंग: प्रतीक शेट्टी, PNR: 1234567890""",1
"""32. मेरा राशन कार्ड नंबर: DL/56789/123456""",1
"""33. श्वेता मेनन, फ्लाइट बुकिंग रेफरेंस: AI-789012""",1
"""34. नया बैंक अकाउंट: शिवम वर्मा, अकाउंट नंबर 123456789012""",1
"""35. एटीएम कार्ड खो गया, नंबर: 4000-1234-5678-9012, नाम: आदित्य कपूर""",1
"""36. मोबाइल रिचार्ज: 78901-23456, ऑपरेटर: जिओ""",1
"""37. नेहा सिंहानिया, होटल बुकिंग आईडी: HB-567890""",1
"""38. किराना दुकान मेम्बरशिप: कार्ड नंबर 678901, नाम: रितिक रोशन""",1
"""39. अमिताभ त्रिवेदी, कॉर्पोरेट ईमेल: amitabh.t@company.in""",1
"""40. पोस्ट ऑफिस बचत खाता: अंजलि दास, अकाउंट नंबर 12345678901234""",1
"""41. स्कूल आईडी: STU-45678, छात्र: इशान मलिक""",1
"""42. टैक्स रिटर्न फाइल: PAN AKTPM7890Q, नाम: प्रिया नायर""",1
"""43. रेंट एग्रीमेंट: आदर्श जैन, प्रॉपर्टी पता: सेक्टर-15, नोएडा""",1
"""44. अंकिता सक्सेना, वेबसाइट लॉगिन: username_ankita, पासवर्ड: ********""",1
"""45. राहुल बोस, इंटरनेट बैंकिंग यूजर आईडी: RB789012""",1
"""46. आयुष्मान कार्ड: नंबर 1234-5678-9012-3456, ध्रुव शाह""",1
"""47. सलोनी मिश्रा, ऑनलाइन शॉपिंग ऑर्डर: #SHOP-789012""",1
"""48. डॉक्टर अपॉइंटमेंट: मोहित चौहान, पेशेंट ID: H12345""",1
"""49. टेलीकॉम बिल: फोन नंबर 7654321098, नाम: करण सिंघानिया""",1
"""50. पुस्तकालय सदस्यता: कार्ड नंबर LIB-67890, स्वाति गोयल""",1
"""(सभी डेटा काल्पनिक है और किसी वास्तविक व्यक्ति से संबंधित नहीं है)""",1
"""राहुल शर्मा, 45 साल, मोबाइल नंबर 98765-43210, नई दिल्ली में रहते हैं।""",1
"""मेरा ईमेल एड्रेस है rohit_kumar@example.com, मेरी जन्मतिथि 15/08/1985 है।""",1
"""अंकिता पाटिल का क्रेडिट कार्ड नंबर 4545-6767-8989-1212, एक्सपायरी 12/25।""",1
"""मुझे मदद चाहिए, मेरा आधार नंबर 1234-5678-9012 है।""",1
"""सीमा गुप्ता का फोन नंबर 87654-32109, पता: 34, गांधी नगर, मुंबई।""",1
"""मेरा बैंक अकाउंट नंबर 1234567890, IFSC CODE SBIN0001234।""",1
"""रवि वर्मा, जन्मतिथि 03/07/1990, पैन कार्ड नंबर ABCDE1234F।""",1
"""मेरा पासपोर्ट नंबर J1234567, एक्सपायरी 2025।""",1
"""प्रिया सिंह का ईमेल priya.singh@example.com, फोन 76543-21098।""",1
"""मेरा ड्राइविंग लाइसेंस नंबर DL-1234567890123।""",1
"""नीलम जोशी, 56 साल, पता: 12, राजाजी नगर, बैंगलोर।""",1
"""मेरा UPI ID 9876543210@upi है, कृपया पेमेंट करें।""",1
"""सुरेश मेनन का क्रेडिट कार्ड 5555-6666-7777-8888, CVV 123।""",1
"""मेरा वोटर ID नंबर XYZ123456789।""",1
"""अनुभव सक्सेना, मोबाइल 65432-10987, ईमेल anubhav@example.com।""",1
"""साक्षी मिश्रा का पैन कार्ड नंबर FGHIJ5678K, DOB 22/11/1992।""",1
"""मेरा बैंक अकाउंट नंबर 567890123456, ब्रांच इंदौर।""",1
"""रोहन खन्ना, पता: 78, सुभाष नगर, हैदराबाद, फोन 54321-09876।""",1
"""मेरा आधार लिंक्ड मोबाइल नंबर 87654-32109 है।""",1
"""प्रिंस कुमार, ईमेल prince.kumar@example.com, पासवर्ड रीसेट करें।""",1
"""मेरा पीएफ अकाउंट नंबर MH/123456/789012।""",1
"""दिव्या शेट्टी, मोबाइल 43210-98765, जन्मतिथि 09/05/1988।""",1
"""मेरा डेबिट कार्ड नंबर 1234-5678-9012-3456, पिन 7890।""",1
"""अर्जुन रेड्डी, पता: 56, विजयनगर, चेन्नई, फोन 32109-87654।""",1
"""मेरा ईमेल amit_sharma@example.com, पासवर्ड भूल गया।""",1
"""सुमन गोयल, पैन कार्ड नंबर LMNOP9012Q, DOB 30/04/1995।""",1
"""मेरा राशन कार्ड नंबर RC-1234567890।""",1
"""विकास मालिक, मोबाइल 21098-76543, ईमेल vikas.malik@example.com।""",1
"""मेरा बीमा पॉलिसी नंबर ICICI123456789।""",1
"""अंजली देशपांडे, पता: 89, शिवाजी नगर, पुणे, फोन 10987-65432।""",1
"""मेरा पैन और आधार लिंक करने में समस्या हो रही है।""",1
"""राजीव मेहता, मोबाइल 98765-43210, पैन नंबर STUVW5678X।""",1
"""मेरा SIP अकाउंट नंबर SIP1234567890।""",1
"""मोनिका सिंघानिया, फोन 87654-32109, ईमेल monica@example.com।""",1
"""मेरा लोन अकाउंट नंबर LOAN-123456789।""",1
"""अभिषेक त्रिपाठी, पता: 23, नेहरू नगर, लखनऊ, फोन 76543-21098।""",1
"""मेरा डीमैट अकाउंट नंबर DEMAT-1234567890।""",1
"""सोनिया वर्मा, मोबाइल 65432-10987, जन्मतिथि 12/12/1993।""",1
"""मेरा पेटीएम वॉलेट नंबर 9876543210@paytm।""",1
"""मनोज यादव, पैन कार्ड नंबर YZABC1234D, फोन 54321-09876।""",1
"""मेरा टिकट बुकिंग आईडी IRCTC123456789।""",1
"""श्वेता अग्रवाल, ईमेल shweta.agrawal@example.com, मोबाइल 43210-98765।""",1
"""मेरा गैस कनेक्शन नंबर GAS-123456789।""",1
"""अभिनव जोशी, पता: 67, टैगोर नगर, कोलकाता, फोन 32109-87654।""",1
"""मेरा NPS अकाउंट नंबर NPS123456789012।""",1
"""तन्वी शाह, फोन 21098-76543, ईमेल tanvi.shah@example.com।""",1
"""मेरा ट्रैवल पासपोर्ट नंबर TP12345678।""",1
"""अरुण सोलंकी, मोबाइल 10987-65432, पैन नंबर QRSTU1234V।""",1
"""मेरा हेल्थ इंश्योरेंस नंबर HEALTH-123456789।""",1
"""पूजा गांधी, पता: 45, गांधी नगर, अहमदाबाद, फोन 98765-43210।""",1
"""मेरा ऑनलाइन शॉपिंग अकाउंट user1234@example.com, पासवर्ड रीसेट करें।""",1
"""विवेक नायर, मोबाइल 87654-32109, पैन नंबर WXYZA5678B।""",1
"""मेरा रेलवे टिकट PNR 1234567890।""",1
"""Here are 50 fictional Hindi text snippets with plausible PII elements:""",1
"""राहुल शर्मा, 45-B साकेत नगर, लखनऊ, उत्तर प्रदेश 226001""",1
"""मोबाइल नंबर: 98765-43210""",1
"""मेरा एड्रेस अपडेट करें: 12/34 राजपुर रोड, देहरादून, उत्तराखंड 248001""",1
"""ईमेल: neha.patel@example.com""",1
"""कृपया मेरा ऑर्डर 123-4567890 पर ट्रैक करें""",1
"""मेरी क्रेडिट कार्ड डिटेल्स: 4111-1111-1111-1111, एक्सपायरी 12/25""",1
"""पैन कार्ड: ABCDE1234F""",1
"""आधार नंबर: 1234 5678 9012""",1
"""मुझे मेरा पासवर्ड रीसेट करने की आवश्यकता है, मेरा यूजरनेम priya_mehta है""",1
"""डिलीवरी के लिए कॉल करें: 87654-32109""",1
"""मेरा बैंक अकाउंट नंबर: 0123456789, IFSC: EXAMPLE0001""",1
"""मेरा जन्मतिथि 15-08-1985 है""",1
"""मुझे मेरी पर्सनल डिटेल्स अपडेट करनी है: नाम - अंकित गुप्ता""",1
"""मेरा व्हाट्सएप नंबर: +91 78901 23456""",1
"""मेरा ड्राइविंग लाइसेंस नंबर: DL-1234567890123""",1
"""मेरा पता: फ्लैट नंबर 202, ग्रीन पार्क सोसाइटी, पुणे""",1
"""मेरा ऑर्डर नंबर #ORD-789456123 है""",1
"""मेरा वोटर आईडी: VOTER1234567""",1
"""मेरा पासपोर्ट नंबर: P12345678""",1
"""मेरा UPI ID: ajaysingh@examplebank""",1
"""मेरा पिनकोड 560001 है""",1
"""मेरा नया नंबर: 88888-99999""",1
"""मेरा ईमेल एड्रेस: rohit.kumar@mailservice.com""",1
"""मेरा राशन कार्ड नंबर: RC1234567890""",1
"""मेरा बिजली बिल अकाउंट नंबर: EB-987654321""",1
"""मेरा वाहन रजिस्ट्रेशन नंबर: UP32-AB-1234""",1
"""मेरी जन्मतिथि 01-01-1990 है""",1
"""मेरा नाम सुमन शाह है""",1
"""मेरा लैंडलाइन नंबर: 022-1234567""",1
"""मेरी माँ का नाम सीमा देवी है""",1
"""मेरा पता: 78, गांधी नगर, जयपुर""",1
"""मेरा कॉलेज आईडी: COLLEGE-12345""",1
"""मेरा नया नंबर 9876543210 है""",1
"""मेरा पैन कार्ड अपडेट करें: NEWPA1234L""",1
"""मेरा बैंक अकाउंट IFSC: HDFC0000123""",1
"""मेरा डेबिट कार्ड नंबर: 5555-5555-5555-5555""",1
"""मेरी ईमेल आईडी: ananya.sharma@emailprovider.com""",1
"""मेरा शिकायत नंबर: COMP-789456""",1
"""मेरा पिन 400001 है""",1
"""मेरा रिफरल कोड: REF12345""",1
"""मेरा नया नंबर: 98765-67890""",1
"""मेरा दुकान का पता: 56, मार्केट रोड, इंदौर""",1
"""मेरा पैन कार्ड नंबर: ABCD1234E""",1
"""मेरा बीमा पॉलिसी नंबर: INS-789456123""",1
"""मेरा वोटर ID अपडेट करें: VOTE4567890""",1
"""मेरा नाम अर्जुन वर्मा है""",1
"""मेरा एटीएम कार्ड नंबर: 1234567890123456""",1
"""मेरा डोमिसाइल सर्टिफिकेट नंबर: DOM-123456""",1
"""(Note: All data is fictional and not based on real individuals or information.)""",1
"""राहुल शर्मा, जन्म तिथि 05/12/1990, का पैन कार्ड नंबर ABCPS1234L है।""",1
"""मेरा मोबाइल नंबर 98765-43210 है, कृपया कॉल बैक करें।""",1
"""अमित कुमार, ए-45, साकेत नगर, दिल्ली - 110017 में रहते हैं।""",1
"""क्रेडिट कार्ड नंबर 4545-6767-8989-1212, एक्सपायरी 12/25।""",1
"""मेरा ईमेल amita.patel@example.com है, डॉक्यूमेंट भेज दीजिए।""",1
"""रोहित सिंह का आधार नंबर 1234-5678-9012 है।""",1
"""अर्जुन मेहरा, 22/06/1985, ड्राइविंग लाइसेंस नंबर DL-0987654321।""",1
"""मुझे मेरा पासवर्ड रीसेट करना है, मेरा यूजरनाम neha_verma123 है।""",1
"""शिवम गुप्ता, फोन नंबर 87654-32109, OTP की जरूरत है।""",1
"""प्रियंका जोशी, बी-12, ग्रीन पार्क, मुंबई - 400016।""",1
"""मेरा बैंक अकाउंट नंबर 1234567890, IFSC CODE SBIN0001234।""",1
"""अनुभव सक्सेना, ईमेल anubhav.s@example.in, पासपोर्ट नंबर P12345678।""",1
"""मेरी जन्मतिथि 15-08-1992 है, पिता का नाम राजेश मिश्रा।""",1
"""कार्ड नंबर 5111-1234-5678-9012, CVV 456, एक्सपायरी 06/24।""",1
"""सुमित खन्ना, 56, पुष्पविहार, कोलकाता - 700091।""",1
"""मोबाइल नंबर 76543-21098 पर व्हाट्सएप मैसेज करें।""",1
"""मेरा ईमेल aditya.rai@example.com है, शिकायत दर्ज करनी है।""",1
"""कृपया मेरा टिकट बुक करें, पासपोर्ट नंबर Q98765432।""",1
"""मेरा पता: फ्लैट नंबर 302, सनराइज अपार्टमेंट, हैदराबाद - 500032।""",1
"""विकास मल्होत्रा, पैन कार्ड नंबर BNZPM7890K।""",1
"""मेरा UPI ID 9876543210@ybl है, पेमेंट कर दीजिए।""",1
"""मेरा ड्राइविंग लाइसेंस नंबर DL-1234567890 है, वैलिडिटी 2030 तक।""",1
"""साक्षी शेखावत, 18-05-1988, बैंक अकाउंट नंबर 567890123456।""",1
"""मेरा वोटर आईडी नंबर XYZ1234567 है।""",1
"""मुझे नया सिम कार्ड चाहिए, मोबाइल नंबर 65432-10987।""",1
"""मेरा ईमेल ritu.goyal@example.net है, कॉन्टैक्ट अपडेट करें।""",1
"""अंकित अग्रवाल, ए-78, सिविल लाइंस, इलाहाबाद - 211001।""",1
"""मेरा क्रेडिट कार्ड नंबर 3789-4567-1234-5678, CVV 789।""",1
"""मेरा पैन कार्ड और आधार कार्ड लिंक करें, PAN: BPLMN5678P।""",1
"""प्रिया सिंह, जन्म तिथि 22-11-1995, पासपोर्ट नंबर R65432109।""",1
"""मेरा बैंक अकाउंट नंबर 0987654321, ब्रांच कोड HDFC0005678।""",1
"""मोबाइल नंबर 78901-23456 पर कॉल करें, अर्जुन बोल रहा हूँ।""",1
"""मेरा राशन कार्ड नंबर DL/12/345678/9 है।""",1
"""मेरा ईमेल पता sanjay.mishra@example.org है, क्वेरी का जवाब दें।""",1
"""मेरा पता: 304, गोल्डन टावर, बैंगलोर - 560001।""",1
"""अभिषेक त्रिपाठी, पैन कार्ड नंबर ABCTP3456K, DOB 10-10-1980।""",1
"""कार्ड नंबर 6011-2345-6789-0123, एक्सपायरी डेट 09/26।""",1
"""मेरा आधार नंबर 2345-6789-0123 है, नाम सुमन राव।""",1
"""मुझे नया डेबिट कार्ड चाहिए, अकाउंट नंबर 3456789012।""",1
"""मेरा मोबाइल नंबर 89012-34567 है, OTP नहीं मिल रहा।""",1
"""ईमेल: nikhil.shah@example.com, पासवर्ड रीसेट लिंक भेजें।""",1
"""मेरा वोटर ID नंबर MP12V345678 है।""",1
"""अक्षय खन्ना, 45, सुभाष नगर, इंदौर - 452001।""",1
"""मेरा पासपोर्ट नंबर S76543210 है, एक्सपायरी 2028।""",1
"""मेरा ड्राइविंग लाइसेंस नंबर MH03-20201234567।""",1
"""ईमेल: pooja.mehta@example.co.in, शिकायत संख्या 567890।""",1
"""मेरा क्रेडिट कार्ड नंबर 4111-1111-1111-1111, CVV 123।""",1
"""मेरा पता: 12/34, राम नगर, चेन्नई - 600028।""",1
"""मेरा आधार नंबर 4567-8912-3456 है, नाम अंजलि देव।""",1
"""मोबाइल नंबर 67890-12345 पर मिस्ड कॉल दें, राहुल बोल रहा हूँ।""",1
"""ईमेल: varun.malik@example.com, नया अकाउंट बनाना है।""",1
"""मेरा बैंक अकाउंट नंबर 4567890123, IFSC ICIC000456।""",1
"""राहुल शर्मा, 45 बी गांधी नगर, दिल्ली - 110001 से, मोबाइल: 98765-43210""",1
"""सुमन वर्मा का ईमेल: suman.verma@example.com, जन्मतिथि: 15/08/1985""",1
"""क्रेडिट कार्ड नंबर: 4567-8912-3456-7890, एक्सपायरी: 12/25""",1
"""आधार कार्ड: 1234-5678-9012, पता: 202, रोज़ अपार्टमेंट, मुंबई""",1
"""अंकित खन्ना का फोन: 87654-32109, ईमेल: ankit.k@example.net""",1
"""श्रीमती प्रियंका यादव, 78/सी, साकेत नगर, लखनऊ - 226001""",1
"""पैन कार्ड: ABCPY1234D, मोबाइल: 76543-21098""",1
"""रजिस्ट्रेशन फॉर्म: नाम - विवेक सिंह, जन्मतिथि: 03/07/1992""",1
"""एटीएम कार्ड: 7890-1234-5678-9012, सीवीवी: 123""",1
"""ईमेल: rohit.sharma@example.com, पता: डी-204, ग्रीन पार्क, कोलकाता""",1
"""सोशल मीडिया पोस्ट: ""मेरा नया नंबर 65432-10987 है, कॉल करें!""",1
"""प्रीति गुप्ता, 12/बी, राजेंद्र नगर, हैदराबाद - 500030""",1
"""ड्राइविंग लाइसेंस: DL-9876543210123, वैधता: 31/12/2025""",1
"""अंकिता पाटिल, मोबाइल: 91234-56789, ईमेल: ankita.p@example.org""",1
"""बैंक खाता: 123456789012, IFSC: EXAMPLE000123""",1
"""सर्विस फॉर्म: नाम - अर्जुन मिश्रा, पता: 56, सुभाष मार्ग, पुणे""",1
"""उत्पल जोशी, ईमेल: utpal.j@example.in, फोन: 78901-23456""",1
"""पासपोर्ट: P12345678, जारी: 15/06/2022, समाप्ति: 14/06/2032""",1
"""ट्वीट: ""अपना नया पता: 33, विजय नगर, बैंगलोर - 560040!""",1
"""आयुष गोयल, मोबाइल: 67890-12345, पैन: AXYZG5678K""",1
"""कस्टमर केयर चैट: ""मेरा ऑर्डर नंबर 987654 है, फोन: 54321-09876।""",1
"""नीलम शाह, 89/डी, सूर्य नगर, अहमदाबाद - 380015""",1
"""डेबिट कार्ड: 3456-7890-1234-5678, पिन: 7890""",1
"""ईमेल: neha.r@example.com, पता: 67, आनंद विहार, इंदौर""",1
"""फोन बिल: नाम - मोहित अग्रवाल, नंबर: 87654-32109""",1
"""प्रशांत राय, पैन: BCDPR1234M, मोबाइल: 76543-21098""",1
"""सोशल मीडिया कमेंट: ""मेरा नया ईमेल pravin.m@example.com है!""",1
"""रजिस्ट्रेशन डिटेल: नाम - श्वेता मेहता, पता: 34, गंगा सोसायटी, वडोदरा""",1
"""आईडी कार्ड: ID-1234567890, वैधता: 31/12/2030""",1
"""अभिषेक त्रिपाठी, मोबाइल: 89012-34567, ईमेल: abhishek.t@example.co.in""",1
"""क्रेडिट कार्ड स्टेटमेंट: नाम - रिया खन्ना, नंबर: 5678-9012-3456-7890""",1
"""विकास जैन, पता: 123, शिवाजी नगर, जयपुर - 302001""",1
"""बैंक डिटेल: खाता - 234567890123, IFSC: SBI0005678""",1
"""ट्वीट: ""मेरा नया मोबाइल नंबर 67890-12345 है, पुराना बंद हो गया।""",1
"""अनुराधा देव, ईमेल: anuradha.d@example.net, फोन: 98765-43210""",1
"""एप्लिकेशन फॉर्म: नाम - वरुण बंसल, पता: 45, टैगोर रोड, चेन्नई""",1
"""पैन कार्ड: EFGHD1234P, जन्मतिथि: 22/09/1988""",1
"""मयंक सक्सेना, मोबाइल: 76543-21098, पता: 56, लोटस कॉलोनी, गुड़गांव""",1
"""सर्विस रिक्वेस्ट: नाम - अदिति सिंह, ईमेल: aditi.s@example.org""",1
"""डेबिट कार्ड: 6789-0123-4567-8901, एक्सपायरी: 06/24""",1
"""रितिक रॉय, पासपोर्ट: Q987654321, जारी: 01/01/2023""",1
"""सोशल मीडिया पोस्ट: ""अपना नया घर: 78, सनराइज अपार्टमेंट, नोएडा!""",1
"""शुभम जैन, मोबाइल: 89012-34567, पैन: HJKLJ1234N""",1
"""कस्टमर फीडबैक: ""मेरा ऑर्डर ID 567890 है, ईमेल: feedback@example.com।""",1
"""प्रियांशु मल्होत्रा, पता: 23, सिल्वर सिटी, पटना - 800001""",1
"""बैंक खाता: 345678901234, होल्डर: कुमारी मीनाक्षी शर्मा""",1
"""ईमेल: manav.g@example.in, फोन: 98765-43210, जन्मतिथि: 10/12/1990""",1
"""सिमरन कौर, आधार: 2345-6789-0123, पता: 67, गोल्डन टावर, लुधियाना""",1
"""ट्वीट: ""मेरा नया पैन कार्ड ABCDE1234F मिल गया!""",1
"""आकाश दुबे, मोबाइल: 87654-32109, ईमेल: akash.d@example.co.in""",1
"""पासपोर्ट डिटेल: नाम - निशा चौधरी, नंबर: R123456789, जारी: 05/05/2021""",1
"""क्रेडिट कार्ड: 9012-3456-7890-1234, सीवीवी: 456""",1
"""अंशुल गर्ग, पता: 89, डायमंड कॉलोनी, भोपाल - 462001""",1
"""सर्विस एग्रीमेंट: नाम - राजीव मेहता, मोबाइल: 76543-21098""",1
"""Here are 50 fictional PII snippets in Hindi:""",1
"""राहुल शर्मा, मुंबई, 9876543210""",1
"""अंकिता पाटिल का ईमेल: ankitapatil12@example.com""",1
"""आधार कार्ड नंबर: 1234-5678-9012""",1
"""मेरा पता: 45, गांधी नगर, दिल्ली, 110001""",1
"""क्रेडिट कार्ड: 4567-8901-2345-6789, एक्सपायरी 05/25""",1
"""सोशल मीडिया पोस्ट: ""मेरा नया नंबर 8765432109 है, कॉल करो!""",1
"""रजिस्ट्रेशन फॉर्म: नाम - प्रिया मिश्रा, जन्मतिथि 15-08-1990""",1
"""ऑनलाइन शॉपिंग: डिलीवरी एड्रेस - 12, राजपुर रोड, देहरादून""",1
"""बैंक खाता संख्या: 987654321, IFSC: SBIN0001234""",1
"""कृपया मुझे 7890123456 पर वापस कॉल करें"" - ग्राहक सेवा चैट""",1
"""पासपोर्ट नंबर: A12345678, जारी तिथि 10-02-2020""",1
"""ईमेल: vikram.singh@example.com, फोन: 7654321098""",1
"""मेरा पैन कार्ड नंबर ABCDE1234F है"" - ऑनलाइन फॉर्म""",1
"""डिलीवरी डिटेल्स: 34, सुभाष मार्ग, इंदौर, 452001""",1
"""UPI ID: rajesh.kumar@upi""",1
"""मेरी जन्मतिथि 03-12-1985 है"" - सोशल मीडिया कमेंट""",1
"""रेंटल एग्रीमेंट: टेनेंट नाम - सुमन यादव, 6789012345""",1
"""लॉयल्टी कार्ड नंबर: LK78901234""",1
"""मेरा नया एड्रेस: 78, नेहरू रोड, कोलकाता"" - व्हाट्सएप मैसेज""",1
"""ड्राइविंग लाइसेंस: DL-9876543210, वैधता 2030""",1
"""नेट बैंकिंग लॉगिन: यूजर आईडी - priya2023""",1
"""मेरा ईमेल समीर_gupta@example.com है"" - कस्टमर सपोर्ट""",1
"""पर्सनल डिटेल्स: आयुष जैन, 8901234567, पुणे""",1
"""क्रेडिट कार्ड पिन: 7890 (केवल उदाहरण)""",1
"""मेरा वोटर आईडी XYZ567890 है"" - फॉर्म सबमिशन""",1
"""मेडिकल रिकॉर्ड: रोगी का नाम - अर्चना मल्होत्रा""",1
"""मोबाइल नंबर बदलकर 6789012345 कर दिया"" - ट्वीट""",1
"""ऑफिस आईडी: EMP-12345, डिपार्टमेंट - HR""",1
"""मेरा नया UPI 9876543210@ybl है"" - मैसेज""",1
"""रेज्युमे डिटेल्स: रितिक रोशन, B.Tech, 2005""",1
"""बीमा पॉलिसी नंबर: INS-78901234""",1
"""मेरा पता 56, टैगोर गार्डन, जयपुर है"" - ई-कॉमर्स साइट""",1
"""बच्चे का जन्म प्रमाण पत्र: नाम - आरव शर्मा""",1
"""मेरा ईमेल neha.verma@example.com है"" - सपोर्ट टिकट""",1
"""पेटीएम नंबर: 7654321098 से लिंक्ड""",1
"""मेरा DOB 30-11-1992 है"" - ऐप रजिस्ट्रेशन""",1
"""प्रॉपर्टी डॉक्यूमेंट: मालिक - मोहन लाल, 9012345678""",1
"""कृपया 5432109876 पर संपर्क करें"" - नोटिस बोर्ड""",1
"""स्कूल आईडी: STU-78901, कक्षा 10""",1
"""मेरा नया नंबर 6543210987 है"" - व्हाट्सएप स्टेटस""",1
"""ईमेल सिग्नेचर: अमित शाह, 8765432109""",1
"""पैन कार्ड अपडेट: GHIJK5678L"" - बैंक फॉर्म""",1
"""मैरिज सर्टिफिकेट: वर - रोहित, वधू - पूजा""",1
"""डिलीवरी के लिए 6789012345 पर कॉल करें"" - ऑर्डर कन्फर्मेशन""",1
"""सिम कार्ड फॉर्म: नाम - किरण देसाई, 7890123456""",1
"""मेरा पिन कोड 500001 है"" - शिपिंग डिटेल्स""",1
"""मेरा व्हाट्सएप नंबर 8901234567 है"" - फेसबुक पोस्ट""",1
"""कंपनी आईडी: AC-78901, डिजाइन टीम""",1
"""मेरा नया एड्रेस 23, मॉडल टाउन, लखनऊ है"" - चैट""",1
"""(नोट: यह सभी डेटा काल्पनिक है और किसी वास्तविक व्यक्ति से संबंधित नहीं है।)""",1
"""राहुल शर्मा, 45 साल, नई दिल्ली के सेक्टर 12 में रहते हैं।""",1
"""मेरा मोबाइल नंबर 98765-43210 है, कृपया कॉल करें।""",1
"""कृपया मेरा ऑर्डर 4567-8912-3456-7890 कार्ड से प्रोसेस करें।""",1
"""सुमन पटेल का जन्म तिथि 15/08/1985 है।""",1
"""मेरा आधार नंबर XXXX-XXXX-7890 है।""",1
"""अनिल कुमार, ए-45, ग्रीन पार्क, मुंबई।""",1
"""मेरी ईमेल आईडी neha.verma@example.com है।""",1
"""पासपोर्ट नंबर Z1234567, जारी दिल्ली।""",1
"""वीजा कार्ड: 4111-1111-1111-1111, एक्सपायरी 12/25।""",1
"""रजिस्ट्रेशन फॉर्म में मेरा पता 101, रोज़ सोसाइटी, पुणे भरें।""",1
"""मेरा PAN कार्ड नंबर ABCPS1234D है।""",1
"""शुभम गुप्ता, DOB 23-04-1992, फोन 87654-32109।""",1
"""डिलीवरी 22B, सनशाइन अपार्टमेंट, बैंगलोर को भेजें।""",1
"""मास्टरकार्ड 5500-0000-0000-0004, CVV 123।""",1
"""ईमेल: rajesh.yadav@example.net पर कॉन्टैक्ट करें।""",1
"""मेरा वोटर आईडी DL09-12345678 है।""",1
"""अंकित सिंह, मोबाइल 76543-21098, घर नंबर 33।""",1
"""क्रेडिट कार्ड एक्सपायरी 05/27, नंबर 3782-822463-10005।""",1
"""प्रिया मिश्रा, पता: फ्लैट 303, गोल्डन टावर, हैदराबाद।""",1
"""ड्राइविंग लाइसेंस नंबर DL-0420112345678।""",1
"""मेरा बैंक अकाउंट 123456789012, IFSC SBIN0001234।""",1
"""आकाश जोशी, 89/4, एलिफेंटा रोड, चेन्नई।""",1
"""UPI ID: 9898765432@ybl पर पेमेंट करें।""",1
"""अंजलि देवी, जन्म 30-11-1988, पासपोर्ट P7654321।""",1
"""ऑर्डर कन्फर्मेशन SMS 9876543210 पर भेजें।""",1
"""मेरा राशन कार्ड नंबर RC-5678-9012-3456 है।""",1
"""विवेक त्रिपाठी, B-12, सिल्वर सिटी, कोलकाता।""",1
"""कार्ड नंबर 6011-6011-6011-6011, expiry 09/26।""",1
"""ईमेल: arun.kapoor@example.in पर डिटेल्स भेजें।""",1
"""मोनिका सिंहानिया, फोन 65432-10987, पता सेक्टर 5।""",1
"""आईडी प्रूफ के लिए PAN या आधार कार्ड स्वीकार्य है।""",1
"""एचडीएफसी अकाउंट 567890123456, ब्रांच कोड 0456।""",1
"""विकास मालवीय, जन्म प्रमाण पत्र नंबर MP/03/123456/2020।""",1
"""मेरा UAN नंबर 123456789012 है।""",1
"""सोनम खन्ना, डी-78, रॉयल पार्क, जयपुर।""",1
"""एटीएम पिन रीसेट के लिए 1800-123-456 पर कॉल करें।""",1
"""शालिनी अग्रवाल, ईमेल shalini.ag@example.com।""",1
"""मेरा रिफरेंस नंबर REF-AB12-CD34-56 है।""",1
"""अमिताभ राय, 55, गांधी नगर, अहमदाबाद।""",1
"""मेरा पर्सनल लोन अकाउंट नंबर PL987654321 है।""",1
"""ई-टिकट बुकिंग आईडी IRCTC1234567890।""",1
"""पूजा मेहता, मोबाइल 54321-09876, ऑफिस एड्रेस।""",1
"""कार्ड डिटेल्स: 3400-123456-78901, AMEX।""",1
"""मेरा बीमा पॉलिसी नंबर ICICI-PRU-567890।""",1
"""राहुल द्विवेदी, 67, सुभाष मार्ग, इंदौर।""",1
"""UPI पेमेंट 8765432109@okaxis पर।""",1
"""मेरा GST नंबर 22ABCDE1234F2Z5 है।""",1
"""संदीप नायर, फ्लैट नंबर 204, स्टार्टअप स्ट्रीट, गुड़गांव।""",1
"""मेरा प्रोविडेंट फंड अकाउंट PF/MAH/123456/123।""",1
"""ईमेल: nisha.reddy@example.co.in पर वेरिफाई करें।""",1
"""मोबाइल रिचार्ज 99999-88888 नंबर पर करें।""",1
"""मेरा ट्रैवल पासपोर्ट नंबर ZA9876543 है।""",1
"""1. राहुल शर्मा, जन्म तिथि: 15/08/1990, मोबाइल: 98765-43210""",1
"""2. निवास: 45-A, गांधी नगर, लखनऊ, उत्तर प्रदेश 226001""",1
"""3. क्रेडिट कार्ड: 5123-4567-8912-3456, एक्सपायरी 05/25""",1
"""4. ईमेल: priyankapatel@example.com, फोन: 555-789-0123""",1
"""5. आधार कार्ड: XXXX-XXXX-5678""",1
"""6. शिपिंग पता: 12/3, रोज़ सोसाइटी, मुंबई 400050""",1
"""7. फोन नंबर: +91 87654 32109, नाम: सोनम गुप्ता""",1
"""8. पैन कार्ड: ABCPG1234D""",1
"""9. मीरा देवी, 28, 89 मॉडल टाउन, जयपुर""",1
"""10. UPI ID: rajkumar@upi, मोबाइल: 98765-12340""",1
"""11. जन्म प्रमाण पत्र: RJ/2020/123456""",1
"""12. वाहन नंबर: UP32 XY 5678""",1
"""13. ईमेल: ankit.singh@example.com, पासवर्ड: Temp@123""",1
"""14. 404, सपना अपार्टमेंट, बैंगलोर 560001""",1
"""15. डेबिट कार्ड: 4545-6767-8989-1212, CVV: 786""",1
"""16. नाम: नीता मिश्रा, व्हाट्सएप: 98765-67890""",1
"""17. पासपोर्ट: Z12345678, एक्सपायरी: 2030""",1
"""18. 22-B, सुभाष मार्ग, दिल्ली 110001""",1
"""19. फोन: 0123-456789, नाम: विवेक खन्ना""",1
"""20. बैंक अकाउंट: 1234567890, IFSC: SBIN0001234""",1
"""21. ईमेल: rohitverma@example.com, जन्मतिथि: 10-जुलाई-1985""",1
"""22. 56, शांति निकेतन, कोलकाता 700001""",1
"""23. वोटर ID: DL/10/1234/567890""",1
"""24. मोबाइल: 98765-43210, नाम: अंजली कपूर""",1
"""25. क्रेडिट कार्ड: 3782-8224-6310-005, एक्सपायरी 12/27""",1
"""26. निवास प्रमाण पत्र: MP/2021/789654""",1
"""27. 78, राजेंद्र नगर, हैदराबाद 500001""",1
"""28. पैन: BNZPM7890Q, फोन: 555-123-4567""",1
"""29. ईमेल: seema.yadav@example.com, पासवर्ड: Welcome#1""",1
"""30. ड्राइविंग लाइसेंस: DL-98234567012""",1
"""31. 33, ग्रीन पार्क, चेन्नई 600001""",1
"""32. UPI: sanjaykumar@okhdfcbank, मोबाइल: 98765-11223""",1
"""33. आधार: 1234-5678-9012""",1
"""34. फोन: 022-23456789, नाम: प्रिया शेखावत""",1
"""35. बैंक अकाउंट: 5678901234, IFSC: HDFC0000567""",1
"""36. 104, सनराइज अपार्टमेंट, पुणे 411001""",1
"""37. पैन: AABCT1234Y, जन्मतिथि: 05-मार्च-1992""",1
"""38. मोबाइल: +91 98765 44332, ईमेल: karan.malhotra@example.com""",1
"""39. क्रेडिट कार्ड: 6011-1234-5678-9012, CVV: 123""",1
"""40. नाम: रिया सिंह, पता: 67, विहार एन्क्लेव, नोएडा""",1
"""41. वोटर ID: KA/20/1234/567890""",1
"""42. 90, ओखला विलेज, नई दिल्ली 110025""",1
"""43. फोन: 011-23456789, नाम: अरुण जेठवानी""",1
"""44. पासपोर्ट: P98765432, एक्सपायरी: 2028""",1
"""45. ईमेल: monika.sharma@example.com, पासवर्ड: Moni@2024""",1
"""46. 15, सदर बाजार, इंदौर 452001""",1
"""47. UPI: amitabh@ybl, मोबाइल: 98765-55443""",1
"""48. डेबिट कार्ड: 5234-5678-9012-3456, एक्सपायरी 08/26""",1
"""49. नाम: सुमित बंसल, व्हाट्सएप: 98765-66778""",1
"""50. 204, टावर बी, गुरुग्राम 122001""",1
"""राहुल शर्मा, 45/12 सरस्वती विहार, दिल्ली में रहते हैं।""",1
"""मेरा मोबाइल नंबर 98765-43210 है, कृपया कॉल करें।""",1
"""कार्ड नंबर 4567-8912-3456-7890, एक्सपायरी 12/25।""",1
"""सुमन वर्मा का ईमेल है suman.v@example.com।""",1
"""अंकित का आधार नंबर XXXXXX1234 है।""",1
"""मैं 22 बी, गांधी नगर, मुंबई से हूँ,"" रीना ने कहा।""",1
"""कस्टमर केयर: आपका ऑर्डर 5678-9012-3456-7891 से भुगतान हुआ।""",1
"""पंकज का ड्राइविंग लाइसेंस नंबर DL-9876543210 है।""",1
"""मेरा जन्म तिथि 15/08/1990 है,"" अमित ने फॉर्म में भरा।""",1
"""ईमेल: priya_patel@example.net पर अपडेट भेजें।""",1
"""मेरी पासबुक नंबर 876543210987 है,"" सोनाली ने बताया।""",1
"""आदित्य सिंह: फोन +91 87654 32109, पता - 33, राजपुर रोड, देहरादून।""",1
"""मेरा PAN कार्ड नंबर ABCDE1234F है,"" रोहित ने कहा।""",1
"""कृपया 1122-3344-5566-7788 कार्ड से पेमेंट करें,"" अंशु ने कहा।""",1
"""मेरा वोटर आईडी: XYZ56789012।""",1
"""मेरा ईमेल rohan_k@example.com है,"" रोहन ने बताया।""",1
"""मोबाइल नंबर 76543-21098 पर व्हाट्सएप करें,"" नीतू ने कहा।""",1
"""मेरा बैंक अकाउंट 1234567890123 है,"" राजीव ने फॉर्म में लिखा।""",1
"""मैं 78, सुभाष नगर, जयपुर से हूँ,"" मोहन ने बताया।""",1
"""ईमेल: ananya_s@example.org पर कॉन्टैक्ट करें।""",1
"""मेरा पासपोर्ट नंबर P98765432 है,"" अर्जुन ने कहा।""",1
"""कार्ड 3456-7890-1234-5678, CVV 786,"" सीमा ने डाला।""",1
"""मेरा यूजरनेम user_rahul123 है,"" राहुल ने लॉगिन में डाला।""",1
"""मोबाइल नंबर 65432-10987 पर ओटीपी भेजें,"" अंकिता ने कहा।""",1
"""मेरा पता: 56, विजय नगर, इंदौर,"" प्रिया ने बताया।""",1
"""मेरी जन्मतिथि 25/12/1985 है,"" विवेक ने कहा।""",1
"""मेरा ईमेल aditi_r@example.com है,"" अदिति ने बताया।""",1
"""मेरा UIDAI नंबर XXXX-XXXX-7890 है,"" अनुज ने लिखा।""",1
"""कृपया 7890-1234-5678-9012 से पेमेंट लें,"" रितेश ने कहा।""",1
"""मैं 90, शिवाजी नगर, पुणे से हूँ,"" सौरभ ने कहा।""",1
"""मेरा फोन नंबर +91 98765 43210 है,"" तनवीर ने बताया।""",1
"""मेरा PAN: BNPQR5678M,"" मयंक ने फॉर्म में भरा।""",1
"""मेरा बैंक IFSC CODE SBIN0001234 है,"" निहारिका ने कहा।""",1
"""मेरा ईमेल vikram_s@example.net है,"" विक्रम ने बताया।""",1
"""मेरा मोबाइल 54321-09876 है,"" अविनाश ने कहा।""",1
"""मेरा पता: 12, लक्ष्मी नगर, बैंगलोर,"" श्वेता ने बताया।""",1
"""मेरा डेबिट कार्ड 6789-0123-4567-8901,"" अक्षय ने कहा।""",1
"""मेरा आधार नंबर 2345-6789-0123 है,"" रंजीत ने बताया।""",1
"""मेरी जन्मतिथि 10/05/1992 है,"" निशा ने फॉर्म में भरा।""",1
"""मेरा यूजर आईडी user_neha456 है,"" नेहा ने लॉगिन किया।""",1
"""मेरा पासपोर्ट नंबर A7654321 है,"" अर्पिता ने कहा।""",1
"""मेरा फोन नंबर 9876543210 है,"" आयुष ने बताया।""",1
"""मेरा पता: 34, सूर्य नगर, हैदराबाद,"" प्रणव ने कहा।""",1
"""मेरा व्हाट्सएप नंबर +91 87654 32109 है,"" मीनाक्षी ने बताया।""",1
"""मेरा क्रेडिट कार्ड 9012-3456-7890-1234 है,"" अभिषेक ने कहा।""",1
"""मेरा ईमेल sanjay_m@example.com है,"" संजय ने बताया।""",1
"""मेरा वोटर आईडी ABC1234567 है,"" रजत ने कहा।""",1
"""मेरा ड्राइविंग लाइसेंस DL-1234567890 है,"" शिवम ने बताया।""",1
"""मेरा बैंक अकाउंट 567890123456 है,"" आदर्श ने कहा।""",1
"""मेरा पैन कार्ड CXZPY7890Q है,"" पूजा ने फॉर्म में भरा।""",1
"""मेरा आधार नंबर 6789-0123-4567 है,"" वरुण ने बताया।""",1
"""मेरा मोबाइल 7654321098 है,"" अनामिका ने कहा।""",1
"""मेरा ईमेल kiran_k@example.org है,"" किरण ने बताया।""",1
"""मेरा पता: 45, गीता विहार, चंडीगढ़,"" अमर ने कहा।""",1
"""(नोट: सभी डेटा काल्पनिक है और वास्तविक व्यक्तियों से संबंधित नहीं है।)""",1
"""राहुल वर्मा, 45 साल, मोबाइल नंबर 98765-43210, नई दिल्ली में रहते हैं।""",1
"""मेरा ईमेल पता है user1234@example.com, कृपया कॉन्टैक्ट करें।""",1
"""क्रेडिट कार्ड नंबर 4545-6767-8989-1212 का भुगतान अस्वीकार हो गया।""",1
"""सुमन यादव, जन्म तिथि 15/08/1990, पता: 456 गांधी नगर, मुंबई।""",1
"""अर्जुन सिंह, फोन नंबर 0123-4567890, पैन कार्ड नंबर ABCPS1234D।""",1
"""मुझे मेरा आधार कार्ड नंबर 1234-5678-9012 चाहिए, क्या आप मदद कर सकते हैं?""",1
"""सीमा पटेल, ईमेल: seema_p@example.in, मोबाइल: 87654-32109।""",1
"""मेरा बैंक अकाउंट नंबर 123456789012 है, IFSC CODE: EXAMPLE12345।""",1
"""विवेक शर्मा का पता: 789 राजपुर रोड, देहरादून, उत्तराखंड।""",1
"""मेरी ड्राइविंग लाइसेंस नंबर DL04 20230012345 है।""",1
"""अंकिता गोयल, फोन: 76543-21098, जन्मतिथि 22/11/1985।""",1
"""कृपया मेरा ऑर्डर 98765432 ट्रैक करें, मेरा मोबाइल 98765-12345 है।""",1
"""मेरा पासपोर्ट नंबर P12345678 है, एक्सपायरी डेट 15/05/2030।""",1
"""प्रिया मिश्रा, ईमेल: priya.m@example.com, पता: 321 साकेत, लखनऊ।""",1
"""मेरा UIDAI नंबर 1122-3344-5566 है, कृपया वेरिफाई करें।""",1
"""राजीव खन्ना, कॉन्टैक्ट: 65432-10987, जॉब ID: JOB-2023-12345।""",1
"""मेरा बिजली बिल नंबर EB-123456789, कृपया चेक करें।""",1
"""अनुज कुमार, व्हाट्सएप: 91234-56789, पैन: ANUJK5678F।""",1
"""मेरी क्रेडिट कार्ड एक्सपायरी डेट 12/25 है, नंबर 5555-2222-3333-4444।""",1
"""मेरा वोटर ID नंबर DEL/123456/2023 है, नाम: नीतू सिंह।""",1
"""कृपया मेरा टिकट नंबर TKT-789456 बुक करें, फोन: 78901-23456।""",1
"""अविनाश रॉय, ईमेल: avi.roy@example.net, पता: 101 सिविल लाइंस, कोलकाता।""",1
"""मेरा राशन कार्ड नंबर RC-7890-1234-56 है।""",1
"""सोनाली देशमुख, मोबाइल: 67890-12345, पासपोर्ट नंबर Q9876543।""",1
"""मेरा बीमा पॉलिसी नंबर INS-2023-45678 है, कृपया कन्फर्म करें।""",1
"""विकास जैन, ईमेल: vikas.j@example.co.in, पता: 555 एलिजाबेथ होटल रोड, चेन्नई।""",1
"""मेरा पैन कार्ड नंबर BHUPQ5678L है, जन्मतिथि 03/07/1988।""",1
"""कृपया मेरा ऑर्डर 4567890 कैंसिल करें, फोन: 89012-34567।""",1
"""मेरा बैंक अकाउंट नंबर 567890123456 है, IFSC: BNK0123456।""",1
"""अमिताभ वर्मा, मोबाइल: 90123-45678, आधार नंबर 2233-4455-6677।""",1
"""मेरा ट्रेन टिकट PNR 789456123 है, फोन: 67890-54321।""",1
"""रिया मल्होत्रा, ईमेल: ria_m@example.org, पता: 222 ग्रीन पार्क, बैंगलोर।""",1
"""कृपया मेरी शिकायत नंबर COMP-78901 ट्रैक करें, फोन: 76543-21987।""",1
"""मेरा डेबिट कार्ड नंबर 4111-1111-1111-1111 है, एक्सपायरी 06/27।""",1
"""मनीष गुप्ता, पैन: MANIS7890K, फोन: 98765-01234।""",1
"""मेरा सिम कार्ड नंबर 89812345678901234567 है, कृपया एक्टिवेट करें।""",1
"""सचिन तिवारी, ईमेल: sachin_t@example.com, पता: 777 मॉडल टाउन, पुणे।""",1
"""मेरा गैस कनेक्शन नंबर GAS-4567-8901 है।""",1
"""कृपया मेरा रिजर्वेशन नंबर RES-456789 कन्फर्म करें, फोन: 89012-67890।""",1
"""अर्चना पांडे, मोबाइल: 67890-12345, वोटर ID MP/7890/2023।""",1
"""मेरा पेंशन अकाउंट नंबर PEN-123-456-789 है।""",1
"""वरुण दुबे, ईमेल: varun.d@example.in, पता: 888 हिल रोड, शिमला।""",1
"""मेरा एटीएम पिन 7890 है, कार्ड नंबर 5111-1111-1111-1111।""",1
"""मेरा मेडिकल रिपोर्ट नंबर MR-2023-12345 है, फोन: 78901-23456।""",1
"""कृपया मेरा लोन अकाउंट LOAN-5678-9012 चेक करें।""",1
"""दीपिका सिंघानिया, मोबाइल: 87654-32109, पैन: DEEPS5678G।""",1
"""मेरा प्रॉपर्टी रजिस्ट्रेशन नंबर PR-7890-1234 है।""",1
"""अभिषेक नायर, ईमेल: abhi.n@example.net, पता: 999 ओशन व्यू, गोवा।""",1
"""मेरा टैक्स रिटर्न नंबर TRN-4567-8901 है, कृपया वेरिफाई करें।""",1
"""कृपया मेरा कूपन कोड COUP-7890-1234 रिडीम करें, फोन: 90123-45678।""",1
"""मेरा इंश्योरेंस क्लेम नंबर IC-2023-56789 है, ईमेल: claim@example.com।""",1
"""शुभम मेहता, मोबाइल: 76543-21098, आधार नंबर 3344-5566-7788।""",1
"""मेरा डोमेन रजिस्ट्रेशन नंबर DOM-1234-5678 है, कृपया अपडेट करें।""",1
"""राहुल शर्मा, 45 साल, का फोन नंबर 98765-43210 है।""",1
"""मेरा एड्रेस है: 12/34 गांधी नगर, मुंबई - 400050।""",1
"""कृपया मेरा ऑर्डर 1234-5678-9012-3456 कार्ड से प्रोसेस करें।""",1
"""सुमन वर्मा का ईमेल है suman.verma@example.com।""",1
"""मेरा आधार नंबर 1234-5678-9012 है, जल्दी अपडेट करें।""",1
"""रोहित कुमार, जन्मतिथि 15/08/1990, फोन: 87654-32109।""",1
"""एकाउंट नंबर XYZ12345 में ट्रांजैक्शन की जानकारी चाहिए।""",1
"""मेरा पैन कार्ड नंबर ABCDE1234F है।""",1
"""कृपया मेरी डिलीवरी 56, नेहरू रोड, दिल्ली - 110001 पर भेजें।""",1
"""प्रिया सिंह का व्हाट्सएप नंबर 76543-21098 है।""",1
"""मेरा वोटर आईडी DL09-1234567890 है।""",1
"""अनिल पटेल, ईमेल: anil.patel@example.com, मोबाइल: 65432-10987।""",1
"""कार्ड नंबर 4567-8912-3456-7890 एक्सपायरी 12/25।""",1
"""मेरा बैंक अकाउंट नंबर 123456789012 है, IFSC: SBIN0001234।""",1
"""सुरेश जैन का पता: फ्लैट नंबर 302, राजेंद्र नगर, बैंगलोर - 560030।""",1
"""मेरा ड्राइविंग लाइसेंस नंबर DL01-20201234567 है।""",1
"""नीतू गुप्ता का फोन नंबर 54321-09876 है, जल्दी कॉल करें।""",1
"""मेरा UPI ID है ravi.kumar@upi।""",1
"""आदित्य मल्होत्रा, जन्मतिथि 10/05/1985, पैन: ABCD1234E।""",1
"""मेरा ऑर्डर ट्रैकिंग नंबर SHIP123456789 है।""",1
"""मोहन दास, 33 साल, मोबाइल: 43210-98765।""",1
"""मेरा राशन कार्ड नंबर RC-1234-567890 है।""",1
"""मीरा यादव का ईमेल m.yadav@example.com, फोन: 78901-23456।""",1
"""मेरा पासपोर्ट नंबर A1234567 है, एक्सपायरी 2030।""",1
"""अंकिता श्रीवास्तव, 28 साल, फोन: 67890-12345।""",1
"""मेरा पता है: 78, सुभाष मार्ग, कोलकाता - 700026।""",1
"""मेरा क्रेडिट कार्ड CVV 123 है, नंबर 3456-7890-1234-5678।""",1
"""राजीव खन्ना, ईमेल: rajiv.k@example.com, मोबाइल: 56789-01234।""",1
"""मेरा IFSC कोड HDFC0000123 है, अकाउंट नंबर 9876543210।""",1
"""सीमा रानी, 40 साल, वोटर आईडी UP45-123456789।""",1
"""मेरा डेबिट कार्ड नंबर 6789-0123-4567-8901, पिन 7890।""",1
"""अरुण जोशी, मोबाइल: 45678-90123, पैन: WXYZ1234A।""",1
"""मेरा ऑर्डर ID ORD-2023-123456 है।""",1
"""मेरा आधार लिंक्ड मोबाइल नंबर 34567-89012 है।""",1
"""रीना अग्रवाल, 25 साल, फोन: 90123-45678।""",1
"""मेरा बिजली बिल अकाउंट नंबर EB-123456789 है।""",1
"""विकास सक्सेना का पैन कार्ड नंबर EFGH1234I है।""",1
"""मेरा घर का पता: 90, विजय नगर, हैदराबाद - 500045।""",1
"""प्रवीण मेहरा, ईमेल: praveen.m@example.com, मोबाइल: 23456-78901।""",1
"""मेरा क्रेडिट स्कोर 750 है, पैन: JKLM1234N।""",1
"""मेरा बैंक अकाउंट IFSC ICIC0005678 है।""",1
"""सोनल कपूर, 30 साल, वोटर आईडी MH01-2345678901।""",1
"""मेरा पासपोर्ट एक्सपायरी डेट 15/06/2025 है।""",1
"""मेरा UPI पेमेंट VPA: sonam.sharma@okhdfcbank।""",1
"""अभिषेक त्रिपाठी, मोबाइल: 12345-67890, पैन: PQRS1234T।""",1
"""मेरा डीएल नंबर DL05-2015123456 है, जल्दी वेरिफाई करें।""",1
"""मेरा रेंट एग्रीमेंट ID RA-2023-7890 है।""",1
"""मेरा इंश्योरेंस पॉलिसी नंबर IN-123-456789 है।""",1
"""किरण बेदी, 50 साल, फोन: 01234-56789।""",1
"""मेरा पैन कार्ड अपडेट के लिए XYZ1234K दिया हुआ है।""",1
"""मेरा ईमेल आईडी rohit.sharma@example.com है।""",1
"""मेरा बैंक अकाउंट नाम ""अमित कुमार"" है।""",1
"""रमेश कुमार का जन्म 15 अगस्त 1990 को दिल्ली में हुआ था।""",1
"""मोबाइल नंबर 98765-43210 पर संपर्क करें।""",1
"""कार्ड नंबर 5566-7788-9900-1122 एक्सपायरी 12/25।""",1
"""सुमन देवी, ए-45, साकेत नगर, लखनऊ, उत्तर प्रदेश।""",1
"""ईमेल: rahul.sharma@example.com पर डिटेल्स भेजें।""",1
"""आधार कार्ड नंबर: 1234-5678-9012।""",1
"""वीजा कार्ड: 4111-1111-1111-1111, CVV 123।""",1
"""फोन: +91 87654 32109, व्हाट्सएप उपलब्ध।""",1
"""अंकिता सिंह का बैंक अकाउंट नंबर 1234567890 है।""",1
"""जन्म तिथि: 05-12-1985, पैन कार्ड: ABCPS1234D।""",1
"""रजिस्ट्रेशन के लिए 12/34, ग्रीन पार्क, मुंबई का पता दें।""",1
"""मेरा ईमेल priya.patel@sample.in है, पासवर्ड रिसेट करें।""",1
"""ड्राइविंग लाइसेंस नंबर DL-9876543210।""",1
"""मोबाइल पे पर 9988776655 से पेमेंट करें।""",1
"""नेहा गुप्ता, सी-12, राजेंद्र नगर, हैदराबाद।""",1
"""पासपोर्ट नंबर: Z12345678, एक्सपायरी 2030।""",1
"""कार्ड डिटेल्स: 3782-822463-10005, CVV 4567।""",1
"""संपर्क: 011-23456789, अमित वर्मा।""",1
"""ईमेल: customer.support@dummybank.co.in।""",1
"""वोटर आईडी: XYZS0012345।""",1
"""अनुराधा मिश्रा, 56/बी, शांति नगर, कोलकाता।""",1
"""UPI ID: 9898989898@ybl।""",1
"""मेडिकल रिकॉर्ड: पेशेंट आईडी MHP-567890।""",1
"""फोन नंबर 76543-21098 24x7 एक्टिव।""",1
"""सोनल जैन का पैन कार्ड नंबर BNPCS5678E है।""",1
"""क्रेडिट कार्ड: 6011-6011-6011-6011, एक्सपायरी 06/27।""",1
"""एड्रेस प्रूफ के लिए बिजली बिल अपलोड करें।""",1
"""आईएफएससी कोड: SBIN0001234।""",1
"""ईमेल: support@fakepaymentgateway.com।""",1
"""डेबिट कार्ड पिन 7890 को रिसेट करें।""",1
"""विवेक मल्होत्रा, फ्लैट नंबर 302, सनराइज अपार्टमेंट, पुणे।""",1
"""आधार लिंक्ड मोबाइल: 8877665544।""",1
"""मायक्रोसॉफ्ट लॉगिन: user123@outlook.com।""",1
"""शिवानी रॉय, 78/सी, पार्क स्ट्रीट, चेन्नई।""",1
"""पासपोर्ट एक्सपायरी डेट: 15-07-2032।""",1
"""यूटिलिटी बिल पर पता: ब्लॉक डी, सेक्टर 5, नोएडा।""",1
"""नया सिम कार्ड 67890-12345 पर एक्टिवेट करें।""",1
"""बीमा पॉलिसी नंबर: LIC-1122334455।""",1
"""UPI पेमेंट: 8765432109@paytm।""",1
"""जमुना प्रसाद, होम लोन अकाउंट नंबर 5432109876।""",1
"""Note: यह सभी डेटा काल्पनिक है और किसी वास्तविक व्यक्ति या जानकारी से संबंधित नहीं है।""",1
"""राहुल शर्मा, जन्म तिथि 15/08/1990, का पैन कार्ड नंबर ABCD1234X है।""",1
"""मेरा मोबाइल नंबर 98765-43210 है, कृपया कॉल करें।""",1
"""शुभम गुप्ता, ए-25, ग्रीन पार्क, नई दिल्ली में रहता है।""",1
"""क्रेडिट कार्ड नंबर 4567-8912-3456-7890, एक्सपायरी 05/25।""",1
"""आधार कार्ड नंबर: 1234-5678-9012।""",1
"""ईमेल: priyanka_verma@example.com पर संपर्क करें।""",1
"""ड्राइविंग लाइसेंस नंबर DL-0987654321।""",1
"""अंकिता यादव का बैंक अकाउंट नंबर 123456789012 है।""",1
"""मेरा जन्म प्रमाण पत्र नंबर BR-2020-567890 है।""",1
"""विपिन सिंह, फोन: 87654-32109, घर नंबर 45, सेक्टर 12।""",1
"""पासपोर्ट नंबर: Z1234567, एक्सपायरी 2030।""",1
"""सोनाली मिश्रा का ईमेल sonali.mishra@example.org है।""",1
"""कार्डधारक नाम: राजीव खन्ना, CVV: 123।""",1
"""मोहित जैन, डी-78, राजाजी नगर, बैंगलोर।""",1
"""मेरा UPI ID 9876543210@upi है।""",1
"""आयुष सक्सेना का वोटर आईडी नंबर XYZ1234567 है।""",1
"""मोबाइल नंबर: 76543-21098, WhatsApp पर संपर्क करें।""",1
"""रितिका मेहरा, जन्म तिथि 22/11/1985, पता: फ्लैट नंबर 302।""",1
"""क्रेडिट कार्ड नंबर 7890-1234-5678-9012, एक्सपायरी 12/27।""",1
"""ईमेल: rohit.sharma@example.in, पासवर्ड रीसेट करें।""",1
"""अंकित कुमार, आधार लिंक्ड मोबाइल: 65432-10987।""",1
"""ट्रेन टिकट PNR: 1234567890, यात्री: नीतू सिंह।""",1
"""प्रिया पटेल, एचडीएफसी अकाउंट नंबर 567890123456।""",1
"""मोबाइल नंबर 54321-09876, OTP भेजें।""",1
"""राहुल वर्मा, पत्नी का नाम: सुमन वर्मा, जन्म तिथि 03/07/1992।""",1
"""डेबिट कार्ड नंबर 3456-7890-1234-5678, पिन 1234।""",1
"""ईमेल: ananya.gupta@example.com, अकाउंट वेरिफाई करें।""",1
"""आकाश मल्होत्रा, सेक्टर 18, नोएडा, फोन: 43210-98765।""",1
"""पैन कार्ड: WXYZ9876A, जन्म तिथि 10/04/1988।""",1
"""अर्पिता चौधरी, बैंक IFSC कोड: SBIN0001234।""",1
"""मोबाइल नंबर 32109-87654, कृपया मिस्ड कॉल दें।""",1
"""प्रशांत रॉय, ईमेल: prashant.roy@example.net।""",1
"""क्रेडिट कार्ड नंबर 9012-3456-7890-1234, CVV 456।""",1
"""मेरा आधार नंबर 6789-0123-4567 है, नाम: स्वाति सिंह।""",1
"""विवेक त्रिपाठी, पता: 12/34, महात्मा गांधी रोड, पुणे।""",1
"""मोबाइल नंबर 21098-76543, OTP प्राप्त नहीं हुआ।""",1
"""ईमेल: divya.joshi@example.com, पासवर्ड बदलें।""",1
"""ड्राइविंग लाइसेंस: DL-7654321098, राज्य: महाराष्ट्र।""",1
"""अर्चना दास, पति का नाम: रवि दास, जन्म तिथि 14/02/1991।""",1
"""बीमा पॉलिसी नंबर: LIC-1234567890।""",1
"""मेरा पैन कार्ड: BCDE2345Y, जन्म तिथि 30/06/1987।""",1
"""ईमेल: varun.malhotra@example.com, अकाउंट लॉक हो गया है।""",1
"""कार्डधारक: मीनाक्षी अग्रवाल, एक्सपायरी: 08/26।""",1
"""आयुषी सिंघल, सेक्टर 15, गुरुग्राम, फोन: 10987-65432।""",1
"""मेरा बैंक अकाउंट नंबर 789012345678 है, IFSC: ICIC000789।""",1
"""ईमेल: karan.kapoor@example.in, पासवर्ड भूल गया।""",1
"""पासपोर्ट नंबर: A9876543, जारी करने की तिथि: 15/01/2020।""",1
"""तन्वी मेहता, पता: फ्लैट नंबर 504, गोकुलधाम सोसायटी।""",1
"""मोबाइल नंबर 09876-54321, कृपया व्हाट्सएप करें।""",1
"""राहुल शर्मा, जन्म तिथि 15/08/1990, ने अपना नया पता 45 गांधी नगर, इंदौर अपडेट किया है।""",1
"""कृपया मेरा क्रेडिट कार्ड 4111-2233-4455-6678 ब्लॉक कर दें, यह चोरी हो गया है।""",1
"""अंकिता पाटिल का मोबाइल नंबर 98765-43210 पर कॉल करने का प्रयास किया गया।""",1
"""श्रीमती प्रिया मेहता, आपका आधार नंबर XXXX-XXXX-7890 सत्यापित हो गया है।""",1
"""मेरा ईमेल aditya.kumar@example.com है, कृपया विवरण भेजें।""",1
"""रजिस्ट्रेशन के लिए जन्म प्रमाण पत्र संख्या MP/05/123456/2021 दर्ज करें।""",1
"""कस्टमर केयर, मेरा ऑर्डर 9081726354 ट्रैक नहीं हो रहा!""",1
"""नवीन सिंह ने 12A, रोहिणी, दिल्ली में नया बैंक अकाउंट खोला।""",1
"""मेरा पैन कार्ड नंबर BNPPS1234L है, वेरिफाई कर लें।""",1
"""टिकट बुकिंग के लिए पासपोर्ट नंबर Z87654321 प्रदान किया गया।""",1
"""अर्जुन, तुम्हारा नया नंबर 87654-32109 है क्या?""",1
"""डिलीवरी एड्रेस: फ्लैट नंबर 302, शिवाजी अपार्टमेंट, पुणे।""",1
"""सावधान! इस नंबर +91-55555-55555 से कोई स्कैम कर रहा है।""",1
"""आयुष्मान खुराना का ड्राइविंग लाइसेंस DL-09-2020-5678901 जारी हुआ।""",1
"""ई-वॉलेट में कार्ड 5123-4567-8912-3456 जोड़ने का प्रयास विफल।""",1
"""मेरी डेबिट कार्ड CVV 123 गलत बता रहा है!""",1
"""अंकिता जोशी की जन्मतिथि 30/11/1985 रिकॉर्ड में दर्ज है।""",1
"""पासवर्ड रीसेट लिंक neha.verma@example.com पर भेजा गया।""",1
"""आरती गुप्ता का मोबाइल 78901-23456 दो दिन से स्विच ऑफ है।""",1
"""मेरा UPI ID rahul.pay@upi पर पेमेंट कर दें।""",1
"""प्रदीप सक्सेना का नया लैंडलाइन नंबर 011-23456789 है।""",1
"""आपका ऑर्डर 18/बी, साकेत, मुंबई पहुंच गया है।""",1
"""सोनाली देशमुख का वीज़ा नंबर US98765432 अप्रूव हुआ।""",1
"""मेरी नौकरी का आवेदन 2024/EMP/7890 पेंडिंग है।""",1
"""रितेश का इंश्योरेंस पॉलिसी नंबर ICICI-2023-5678 अपडेट करें।""",1
"""सिम कार्ड के लिए आधार नंबर 2345-6789-0123 लगेगा।""",1
"""अभिषेक ने 5, तुलसी अपार्टमेंट, बैंगलोर में रेंटल एग्रीमेंट साइन किया।""",1
"""मेरा नेट बैंकिंग यूजर आईडी ASHOK_2023 है।""",1
"""शुभम की फ्लाइट बुकिंग PNR WX5Y7Z कन्फर्म हुई।""",1
"""आपके अकाउंट 9876543210 में ₹5000 ट्रांसफर हुए।""",1
"""मीनाक्षी का वोटर आईडी MP03-1234-5678 रजिस्टर्ड है।""",1
"""प्रियांशु, तुम्हारी नई कार का RC नंबर MP09-AB-1234 है?""",1
"""डॉ. अर्पित जैन का रजिस्ट्रेशन नंबर MCI-45678/2021 है।""",1
"""मेरा GSTIN 22AAAAA1234A1Z5 दर्ज कर लीजिए।""",1
"""अदिति ने 33, सुभाष नगर, जयपुर में PG बुक की।""",1
"""एटीएम कार्ड नंबर 5678-9012-3456-7890 एक्टिवेट करें।""",1
"""राहुल की ट्रेन टिकट PNR 1234567890 कन्फर्म हुई।""",1
"""आपका रेफरेंस नंबर PL-2024-876543 है।""",1
"""कविता का नया पासपोर्ट नंबर P7654321 जारी किया गया।""",1
"""मोबाइल रिचार्ज 9999888877 पर सक्सेसफुल!""",1
"""अक्षय का इलेक्ट्रिसिटी बिल अकाउंट नंबर EB-5678-2024 है।""",1
"""अंकित, तुम्हारा नया IFSC CODE SBIN000789 है।""",1
"""प्रिया ने अपना नया ईमेल priya.2024@example.com सेट किया।""",1
"""आपका प्रोडक्ट वारंटी WRNT-2024-5678 रजिस्टर हो गई।""",1
"""रोहन का डोमेन नाम rohanbusiness.in रजिस्टर हुआ।""",1
"""आपके बैंक अकाउंट XXX123456 में ₹10,000 जमा हुए।""",1
"""मोहित का स्कूल रोल नंबर 2024-567 है।""",1
"""अमन, तुम्हारा रेजिडेंसियल प्रूफ RP/2024/12345 आ गया।""",1
"""Here are 50 fictional PII text snippets in Hindi:""",1
"""राहुल शर्मा, जन्म तिथि 15/08/1985, मोबाइल नंबर 98765-43210।""",1
"""कृपया मेरा खाता नंबर 1234567890 से जांचें।""",1
"""मेरा पता: 45/बी, गांधी नगर, दिल्ली, 110005।""",1
"""ईमेल: priya_verma@example.com पर संपर्क करें।""",1
"""क्रेडिट कार्ड नंबर: 5566-7788-9900-1122, एक्सपायरी 12/25।""",1
"""मेरा आधार नंबर XXXX-XXXX-5678 है।""",1
"""अंकिता सिंह, फोन: 87654-32109, जन्मस्थान: मुंबई।""",1
"""मुझे मेरा पैन कार्ड नंबर ABXPY1234Z चाहिए।""",1
"""मेरा बैंक अकाउंट IFSC CODE: SBIN0001234।""",1
"""शिवम गुप्ता, 12/सी, राजेंद्र नगर, लखनऊ, 226004।""",1
"""वीजा कार्ड नंबर 4111-1111-1111-1111, CVV 123।""",1
"""मोबाइल नंबर बदलकर 78901-23456 कर दिया गया है।""",1
"""ईमेल: rohan_kapoor@example.org पर पासवर्ड रीसेट करें।""",1
"""जन्म प्रमाण पत्र संख्या: DL/2020/123456।""",1
"""मेरा वॉलेट पिन 7890 है, इसे याद रखें।""",1
"""सीमा पाटिल, 34/डी, सदर बाजार, इंदौर, 452001।""",1
"""ड्राइविंग लाइसेंस नंबर: MP20-2020-1234567।""",1
"""UPI ID: rajesh.yadav@exampleupi।""",1
"""मेरी जन्मतिथि 23/11/1992 है।""",1
"""पासपोर्ट नंबर: Z1234567, एक्सपायरी 2030।""",1
"""मेरा नया पता: फ्लैट नंबर 303, सुभाष अपार्टमेंट, पुणे।""",1
"""मोबाइल नंबर 65432-10987 पर OTP भेजें।""",1
"""मेरा पैन और आधार लिंक करें: PAN: BNZPM7890L।""",1
"""ईमेल: neha_joshi@example.net पर शिकायत दर्ज करें।""",1
"""डेबिट कार्ड नंबर: 5123-4567-8901-2346, CVV 456।""",1
"""राशि 10,000 रुपये खाता 5678901234 में ट्रांसफर करें।""",1
"""मेरा वोटर आईडी: MP/12/34/567890।""",1
"""संदीप मालिक, 67/ए, विजय नगर, जयपुर, 302001।""",1
"""मेरा नया मोबाइल नंबर 91234-56789 है।""",1
"""UPI पेमेंट के लिए मोबाइल नंबर 87654-32109 का उपयोग करें।""",1
"""आयुष गोयल, जन्मतिथि 05/07/1988, पता: 89, साकेत नगर।""",1
"""मेरा IFSC CODE: HDFC0000567, अकाउंट नंबर 123456789012।""",1
"""ईमेल: ananya_shah@example.com पर टिकट बुक करें।""",1
"""पासपोर्ट एक्सपायरी डेट: 15/06/2028।""",1
"""मेरा नया डेबिट कार्ड नंबर 4000-1234-5678-9012 है।""",1
"""मेरा राशन कार्ड नंबर: DL/RC/2020/12345।""",1
"""प्रिया मेहता, मोबाइल: 76543-21098, पता: ए-12, वसंत कुंज।""",1
"""कृपया मेरा ट्रांजैक्शन ID TXN123456789 चेक करें।""",1
"""मेरा पैन कार्ड और आधार कार्ड लिंक्ड है।""",1
"""ईमेल: vipul_agarwal@example.in पर सपोर्ट टीम से बात करें।""",1
"""मेरा बैंक अकाउंट नंबर 9876543210, IFSC: ICIC000987।""",1
"""आधार अपडेट के लिए 2345-6789-0123 नंबर का उपयोग करें।""",1
"""मेरा वीजा कार्ड CVV 789 है, एक्सपायरी 06/27।""",1
"""मोहित खन्ना, 56/सी, सिविल लाइन्स, बैंगलोर, 560001।""",1
"""मेरा नेट बैंकिंग यूजरनेम: user_1234।""",1
"""मेरा ड्राइविंग लाइसेंस नंबर KA01-2021-3456789।""",1
"""ईमेल: divya_rao@example.co.in पर पुष्टिकरण भेजें।""",1
"""मेरा नया पता: 78, शांति निकेतन, कोलकाता, 700001।""",1
"""मेरा मोबाइल नंबर 67890-12345 है, इसे वेरिफाई करें।""",1
"""(सभी डेटा काल्पनिक है, किसी वास्तविक व्यक्ति से संबंधित नहीं।)""",1
"""1. राहुल शर्मा, जन्म तिथि 15/08/1990, निवासी एफ-12, ग्रीन पार्क, दिल्ली 110016""",1
"""2. मोबाइल नंबर: 98765-43210, ईमेल: ravi.kumar@example.com""",1
"""3. क्रेडिट कार्ड नंबर: 4567-8912-3456-7890, एक्सपायरी 05/26""",1
"""4. सोशल मीडिया पोस्ट: ""अनामिका जोशी, जन्मस्थान इंदौर, अभी बैंगलोर में काम कर रही हूँ!""",1
"""5. बैंक खाता संख्या: 123456789012, IFSC CODE: EXMP0123456""",1
"""6. ""मेरा आधार नंबर 1234-5678-9012 है, कृपया वेरिफाई करें"" - कस्टमर केयर चैट""",1
"""7. ऑनलाइन फॉर्म: नाम - प्रियंका मेहता, पता - 45/बी, साकेत नगर, लखनऊ 226001""",1
"""8. ""मेरा पैन कार्ड नंबर ABCPS1234D है, ITR भरने में मदद चाहिए""",1
"""9. व्हाट्सएप मैसेज: ""यह मेरा नया नंबर है +91 87654-32109, सेव कर लो""",1
"""10. शादी के लिए प्रोफाइल: विकास अग्रवाल, 28 वर्ष, मोबाइल: 76543-21098""",1
"""11. ई-कॉमर्स ऑर्डर: शिपिंग पता - 202, सनराइज अपार्टमेंट, पुणे 411045""",1
"""12. ""पासपोर्ट नंबर Z1234567, अगले महीने यूएसए जाना है"" - ट्वीट""",1
"""13. कस्टमर सर्विस कॉल: ""मेरा अकाउंट नंबर XZ890123 है, बैलेंस पूछना चाहता हूँ""",1
"""14. बिजली बिल: संदीप पाटील, यूनिट नंबर 5A, मुंबई 400053""",1
"""15. ""मेरी ड्राइविंग लाइसेंस नंबर MH12-2020-1234567 है"" - फोरम पोस्ट""",1
"""16. ईमेल सिग्नेचर: नेहा वर्मा | मोबाइल: 65432-10987 | neha.v@example.org""",1
"""17. स्कूल फॉर्म: छात्र का नाम - आर्यन खन्ना, जन्मतिथि 12/12/2010""",1
"""18. ""UPI ID: 7890123456@upi, 500 रुपये भेज दो"" - वॉट्सएप""",1
"""19. होटल बुकिंग: अतिथि नाम - मनोज तिवारी, फोन +91 54321-09876""",1
"""20. ""मेरी वोटर ID EP12345678 है"" - फेसबुक कमेंट""",1
"""21. नौकरी आवेदन: रेज़्यूमे में पता - ब्लॉक सी, सेक्टर 25, नोएडा 201301""",1
"""22. ""कृपया मेरा टिकट बुक करें: पासपोर्ट नंबर Y7654321, नाम - अंकिता राय""",1
"""23. मेडिकल फॉर्म: रोगी का नाम - अरुण सिंह, आयु 45, ब्लड ग्रुप B+""",1
"""24. ""मेरा नया डेबिट कार्ड नंबर 5678-9012-3456-7891, CVV 123"" - सिक्योर चैट""",1
"""25. प्रॉपर्टी डील: खरीददार - राजीव मल्होत्रा, आधार नंबर 2345-6789-0123""",1
"""26. ""व्हाट्सएप स्टेटस: नया घर - फ्लैट 303, गोल्फ लिंक रोड, गुड़गांव""",1
"""27. इंश्योरेंस क्लेम: पॉलिसी नंबर IN567890, ध्रुव शाह""",1
"""28. ""मेरा ईमेल पता sahil.gupta@example.net है, कॉन्टैक्ट लिस्ट में जोड़ें""",1
"""29. बच्चे का स्कूल ID: आदित्य मिश्रा, क्लास 3, रोल नंबर 15""",1
"""30. ""ट्विटर बायो: 25, दिल्ली | पैन कार्ड: BNZPM7890P | फोटोग्राफर""",1
"""31. किराए का अनुबंध: किरायेदार - प्रिया चौधरी, फोन 67890-12345""",1
"""32. ""मेरी माँ का पेंशन अकाउंट नंबर P345678901 है"" - ईमेल""",1
"""33. कोर्ट डॉक्यूमेंट: वादी - रोहित देशमुख, पता - 78, जुहू, मुंबई 400049""",1
"""34. ""मेरा नेट बैंकिंग यूजर""",1
"""Here are 50 fictional PII samples in Hindi:""",1
"""राहुल शर्मा, 45 गांधी नगर, मुंबई - 400001""",1
"""मोबाइल नंबर: 98765-43210""",1
"""ईमेल: rahul.sharma@example.com""",1
"""सीमा पाटिल का जन्म तिथि: 15/08/1990""",1
"""आधार कार्ड: XXXX-XXXX-7890""",1
"""अनुराधा जोशी, फ्लैट नंबर 302, सुभाष सोसाइटी, पुणे""",1
"""फोन: 022-87654321""",1
"""क्रेडिट कार्ड: 4567-8912-3456-7890, एक्सपायरी 05/25""",1
"""रजिस्ट्रेशन आईडी: DL-04-2020-1234567""",1
"""विकास माल्होत्रा - vikasm@samplemail.in, मोबाइल: 87654-32109""",1
"""श्रीमती प्रीति अग्रवाल, 12/बी, तिलक रोड, दिल्ली - 110001""",1
"""पैन कार्ड: ABCPX1234D""",1
"""सोनम कपूर का बैंक अकाउंट: 1234567890, SBI""",1
"""राहुल का पासपोर्ट नंबर: Z1234567""",1
"""आकांक्षा सिंह - 18 मार्च 1985, फोन: 76543-21098""",1
"""अंकित तिवारी, C-204, ग्रीन हाइट्स, बैंगलोर - 560001""",1
"""डेबिट कार्ड: 5678-9012-3456-7890, CVV: 123""",1
"""फार्म भरें: नाम - अर्पिता वर्मा, पता - 22ए, साकेत, इंदौर""",1
"""मेरा नया मोबाइल नंबर: 65432-10987""",1
"""सुरक्षा कोड: 789, एक्सपायरी 06/24""",1
"""ऋषभ पांडे - rishabh.p@demo.com, DOB: 30/11/1992""",1
"""लाइसेंस नंबर: UP32-2021123456""",1
"""कार्यालय पता: 10 राजीव चौक, नई दिल्ली""",1
"""अंकिता मिश्रा का आधार: 2345""",1
"""राहुल वर्मा, जन्म तिथि 15/03/1990, का बैंक खाता 4567-8901-2345-6789 पर लेनदेन हुआ।""",1
"""मोबाइल नंबर 9876543210 पर OTP भेजा गया।""",1
"""अंकिता शर्मा, 45/बी साकेत नगर, इंदौर, MP 452001 को पार्सल भेजा गया।""",1
"""एमएसडी 7890-1234-5678-9012 कार्ड से ₹2500 का भुगतान किया गया।""",1
"""ईमेल: priya.patel@example.com पर पंजीकरण पूरा हुआ।""",1
"""आधार कार्ड: XXXX-XXXX-7890 जमा किया गया।""",1
"""विजय माल्या, DOB 22/11/1985, का PAN AB1234CD5678E है।""",1
"""पता: 12/34 रामनगर, जयपुर, राजस्थान 302001।""",1
"""फोन: +91-8765432109 पर कॉलबैक अनुरोध किया गया।""",1
"""सोनाली देव, खाता संख्या 123456789012, IFSC SBIN0001234।""",1
"""कार्ड समाप्ति: 08/25, CVV 123।""",1
"""ईमेल: rohit.gupta@example.com पर नया खाता बनाया गया।""",1
"""मोहन सिंह, 78 सिविल लाइन्स, लखनऊ, UP 226001।""",1
"""पासपोर्ट: Z1234567, 10/10/2030 तक वैध।""",1
"""फोन: 0123-4567890 पर संपर्क करें।""",1
"""अंकित खन्ना, खाता संख्या 567890123456, UPI ID 9876543210@upi।""",1
"""ड्राइविंग लाइसेंस: DL-1234567890123।""",1
"""ईमेल: neha.shah@example.com को पुष्टिकरण भेजा गया।""",1
"""अदिति मिश्रा, 90 गांधी मार्ग, पुणे, MH 411001।""",1
"""क्रेडिट कार्ड: 3456-7890-1234-5678, एक्सपायरी 06/27।""",1
"""मोबाइल: +91-7654321098 पर वेरिफिकेशन कोड।""",1
"""राजीव मेहरा, पैन कार्ड: BCDF1234E, DOB 05/12/1988।""",1
"""पता: फ्लैट नंबर 405, सनराइज अपार्टमेंट, हैदराबाद 500001।""",1
"""यूजरनेम: sunil_verma, पासवर्ड रीसेट लिंक भेजा गया।""",1
"""अक्षय कुमार, खाता संख्या 876543210987, IFSC HDFC0005678।""",1
"""ईमेल: rekha.yadav@example.com पर लॉगिन अलर्ट।""",1
"""कार्ड ट्रांजैक्शन: ₹1500, 5678-9012-3456-7890।""",1
"""आईडी प्रूफ: वोटर आईडी नंबर XYZ1234567।""",1
"""शालिनी अग्रवाल, 34/बी साउथ एक्सटेंशन, दिल्ली 110049।""",1
"""फोन: 011-23456789 पर शिकायत दर्ज की गई।""",1
"""UPI ID: 8765432109@ybl पर ₹500 ट्रांसफर।""",1
"""अरुण जोशी, खाता संख्या 654321098765, बैंक ऑफ बड़ौदा।""",1
"""ईमेल: seema.rao@example.com पर ऑफर भेजा गया।""",1
"""मोबाइल नंबर 7890123456 पर सर्वे लिंक।""",1
"""क्रेडिट कार्ड स्टेटमेंट: 1234-5678-9012-3456, ₹8999 बकाया।""",1
"""पीयूष गोयल, पता: 56 सी, सैक्टर 12, नोएडा 201301।""",1
"""आधार लिंक: 3456-7890-1234।""",1
"""ईमेल: varun.malhotra@example.com पर एकाउंट एक्टिवेट हुआ।""",1
"""डेबिट कार्ड: 4567-1234-5678-9012, पिन 7890।""",1
"""अंजली देशपांडे, 67/डी, अंधेरी वेस्ट, मुंबई 400058।""",1
"""फोन: 022-67890123 पर कस्टमर केयर से संपर्क करें।""",1
"""यूजर आईडी: ankit_123, पासवर्ड रीसेट किया गया।""",1
"""नवीन चौधरी, खाता संख्या 789012345678, IFSC ICIC0009876।""",1
"""ईमेल: pooja.singh@example.com पर ऑर्डर कन्फर्मेशन।""",1
"""मोबाइल: 8901234567 पर व्हाट्सएप वेरिफिकेशन कोड।""",1
"""क्रेडिट कार्ड: 6789-0123-4567-8901, CVV 456।""",1
"""रितिका बोस, पता: फ्लैट 302, ग्रीनवुड सिटी, बैंगलोर 560068।""",1
"""आईडी: DL-9876543210987, एक्सपायरी 12/28।""",1
"""ईमेल: amit.saxena@example.com पर सपोर्ट टिकट खोला गया।""",1
"""डेबिट कार्ड ट्रांजैक्शन: ₹3200, 7890-1234-5678-9012।""",1
"""प्रिया मेनन, खाता संख्या 901234567890, IFSC AXIS0004567।""",1
"""फोन: 9876543210 पर मैसेज भेजा गया।""",1
"""यूजर: rahul_2023, प्रोफाइल अपडेट की गई।""",1
"""कार्ड डिटेल्स: 2345-6789-0123-4567, एक्सपायरी 09/26।""",1
"""सुमित नंदा, 23/सी, सैक्टर 18, चंडीगढ़ 160018।""",1
"""आधार: 6789-0123-4567।""",1
"""ईमेल: divya.kapoor@example.com पर नोटिफिकेशन भेजा गया।""",1
"""मोबाइल नंबर 6789012345 पर कॉल अनुत्तरित छोड़ी गई।""",1
"""UPI ट्रांजैक्शन: ₹1000, 7890123456@okhdfcbank।""",1
"""अभिषेक त्रिपाठी, खाता संख्या 345678901234, IFSC PNB0007890।""",1
"""पैन कार्ड: WXYZ1234F, DOB 30/07/1992।""",1
"""ईमेल: sanjay.mishra@example.com पर फीडबैक भेजा गया।""",1
"""विमल खन्ना, 89/ए, अशोक नगर, कोलकाता 700052।""",1
"""फोन: 033-45678901 पर क्वेरी दर्ज की गई।""",1
"""यूजर: kavita_24, लॉगिन सफल।""",1
"""डेबिट कार्ड: 9012-3456-7890-1234, पिन 2345।""",1
"""राहुल शर्मा, 45/12 गांधी नगर, दिल्ली - 110045""",1
"""मोबाइल नंबर: 98765-43210""",1
"""ईमेल: rahul.sharma@example.com""",1
"""अनुज पटेल, ए-302, सनराइज अपार्टमेंट्स, मुंबई - 400001""",1
"""पैन कार्ड: ABCPD1234E""",1
"""सीमा वर्मा का जन्मदिन 15 जुलाई 1990 को है।""",1
"""कॉन्टैक्ट: 87654-32109""",1
"""कृपया मेरा ऑर्डर 1234-5678-9012-3456 कार्ड से भुगतान करें।""",1
"""रजिस्ट्रेशन फॉर्म: नाम - प्रिया सिंह, आयु - 28, ईमेल - priya.singh@mail.in""",1
"""एटीएम पिन भूल गया, कार्ड नंबर 5678-9012-3456-7890 है।""",1
"""अंकिता जोशी, 22, साक्षात्कार के लिए 10 AM, फोन: 76543-21098""",1
"""शिकायत संख्या: COMP7890, ग्राहक: विवेक मिश्रा, फोन: 65432-10987""",1
"""मेरा आधार नंबर 1234-5678-9012 है, पता अपडेट करें।""",1
"""सोशल मीडिया पोस्ट: आज मेरा नया नंबर 54321-09876 एक्टिव हुआ!""",1
"""रेंटल एग्रीमेंट: संतोष यादव, 101 सी, राजपुरा, पंजाब - 140401""",1
"""मेडिकल रिपोर्ट: रोगी - नीतू गुप्ता, आयु - 35, ब्लड ग्रुप - O+""",1
"""ई-कॉमर्स ऑर्डर: विकास खन्ना, 78/बी, इंदौर - 452001, फ़ोन: 87654-32109""",1
"""बैंक खाता विवरण: अकाउंट नंबर 1234567890, आईएफएससी कोड EXAMPLE123""",1
"""ट्रैवल बुकिंग: अरुण कुमार, पासपोर्ट नंबर P7654321, फ्लाइट ABC123""",1
"""शादी का कार्ड: रीना और अमित, 25 नवंबर, फोन: 98765-43210""",1
"""वेबिनार रजिस्ट्रेशन: सुमित ठाकुर, सीनियर डेवलपर, sumit.thakur@webinar.co.in""",1
"""क्रेडिट कार्ड स्टेटमेंट: अंतिम लेनदेन ₹2500, कार्ड नंबर ****-****-****-3456""",1
"""प्रॉपर्टी डॉक्युमेंट: मालिक - सुरेश अग्रवाल, पता - डी-56, नोएडा सेक्टर 18""",1
"""गूगल पे में नया नंबर 87654-32109 जोड़ा गया।""",1
"""रेलवे बुकिंग: पीएनआर 1234567890, यात्री - रितिका मेहरा""",1
"""लोन अप्लीकेशन: आयुष जैन, मासिक आय ₹75,000, आधार नंबर XXXXXX7890""",1
"""व्हाट्सएप स्टेटस: नया घर - 303, ग्रीन वैली, बैंगलोर!""",1
"""पासवर्ड रीसेट लिंक भेजें: ankita.ray@email.com पर""",1
"""जॉब अप्लीकेशन: रेशमा खान, एक्सपीरियंस - 5 साल, फ़ोन: 76543-21098""",1
"""पार्सल ट्रैकिंग: आईडी - SHIP98765, ग्राहक - मोहन शेट्टी""",1
"""बीमा क्लेम: पॉलिसी नंबर INSURE5678, ध्रुव पाठक""",1
"""ओला राइड: ट्रिप ID - OLA1234, मोबाइल 98765-43210""",1
"""कस्टमर केयर चैट: मेरा ऑर्डर #ORD7890 कहाँ है?""",1
"""कोचिंग एडमिशन: छात्र - अदिति नायर, पिता - राजीव नायर""",1
"""यूपीआई आईडी: 9876543210@upi""",1
"""गैस कनेक्शन: अभिषेक त्रिवेदी, 12/सी, लखनऊ - 226001""",1
"""मोबाइल रिचार्ज: 87654-32109, ₹499 प्लान""",1
"""डोमिनोज़ ऑर्डर: आदर्श जैन, फ्लैट 303, हैदराबाद""",1
"""सर्वे फॉर्म: रोहित सक्सेना, आयु 40, rohit.s@surveyform.in""",1
"""टेलीकॉम बिल: मोबाइल 76543-21098, बिल ₹599""",1
"""नया डेबिट कार्ड: अकाउंट XXXXXX7890, एक्टिवेट करें""",1
"""आईआरसीटीसी लॉगिन: यूजरनेम - vipul_12, पासवर्ड रीसेट""",1
"""गूगल अकाउंट: मनप्रीत कोर@gmail.com, फोन वेरिफाई""",1
"""फ्लिपकार्ट रिटर्न: ऑर्डर ID #FLP4567, कारण - साइज गलत""",1
"""मेडिकल अपॉइंटमेंट: डॉ. शर्मा, 10 AM, मरीज - किरण देसाई""",1
"""वोटर आईडी: ABC1234567, नाम - हर्षित पंड्या""",1
"""स्कूल एडमिशन: बच्चे का नाम - आर्या मिश्रा, कक्षा 1""",1
"""इलेक्ट्रिसिटी बिल: कनेक्शन नंबर EB7890, ₹1200""",1
"""पेटीएम वॉलेट: मोबाइल 98765-43210, बैलेंस ₹1500""",1
"""एयरटेल डाटा प्लान: नंबर 87654-32109, 2GB/दिन""",1
"""ज़ोमैटो ऑर्डर: #ZO5678, ग्राहक - प्रणव मल्होत्रा""",1
"""इनकम टैक्स लॉगिन: यूजरनेम - tax_user123""",1
"""पोस्ट ऑफिस RD: अकाउंट POSB7890, समीर खान""",1
"""वीमेन्स सेफ्टी ऐप: इमरजेंसी नंबर 76543-21098""",1
"""यूट्यूब प्रीमियम: भुगतान कार्ड ****-****-****-5678""",1
"""राहुल शर्मा, 45/12 राजपुर रोड, देहरादून, उत्तराखंड, फोन: 9876543210""",1
"""अंकिता पाटिल का क्रेडिट कार्ड नंबर 5678-9012-3456-7890 एक्सपायरी 12/25""",1
"""ईमेल: priyanka.gupta@example.com ने नया अकाउंट बनाया""",1
"""सुरेश कुमार का आधार नंबर: 7890-1234-5678""",1
"""डिलीवरी के लिए पता: फ्लैट 303, ग्रीन पार्क, मुंबई, 400016""",1
"""मोबाइल नंबर 8765432109 पर OTP भेजा गया""",1
"""निधि वर्मा का पैन कार्ड: ABCPV1234D""",1
"""अमित जोशी, जन्मतिथि 15-08-1985, फोन: 7654321098""",1
"""अंकिता का बैंक अकाउंट नंबर: 123456789012, IFSC: SBIN0001234""",1
"""शुभम सिंह का पासपोर्ट नंबर: Z1234567""",1
"""कस्टमर केयर चैट: ""मेरा ऑर्डर #ORD20231115, कृपया स्टेटस चेक करें""",1
"""सोशल मीडिया पोस्ट: ""मेरा नया नंबर 6543210987 है, कॉन्टैक्ट अपडेट करें!""",1
"""ईमेल सब्जेक्ट: आपका रजिस्ट्रेशन, रेफरेंस आईडी: REF789012""",1
"""विपुल मिश्रा, 22बी साकेत नगर, भोपाल, 462023""",1
"""क्रेडिट कार्ड स्टेटमेंट: ट्रांजैक्शन ₹2500, कार्ड नंबर 3456-7890-1234-5678""",1
"""अंजलि देवी का वोटर आईडी: MP45 1234 5678""",1
"""रजिस्ट्रेशन फॉर्म: जन्मतिथि 30-11-1992, ईमेल: rohit.yadav@example.com""",1
"""अभिषेक का ड्राइविंग लाइसेंस नंबर: DL-0420111234567""",1
"""ऑनलाइन फॉर्म: ""अपना पता 12/ए, सिविल लाइन्स, जयपुर भरें""",1
"""सिमरन कौर का बैंक डिटेल: अकाउंट 987654321, IFSC PUNB0123456""",1
"""चैट सपोर्ट: ""मेरा मोबाइल 7890123456 रिचार्ज नहीं हुआ""",1
"""ईमेल: ""आपका टिकट #TKT56789, 15 नवंबर की फ्लाइट""",1
"""आदित्य राय, 5वीं मंजिल, सनराइज अपार्टमेंट, पुणे, 411001""",1
"""कुणाल शाह का पैन: DEFPS5678G, DOB 10-05-1988""",1
"""शिपिंग डिटेल: रितिका मल्होत्रा, 33बी गांधी नगर, लखनऊ""",1
"""पेमेंट गेटवे: कार्ड नंबर 4567-8901-2345-6789, CVV 123""",1
"""सर्विस रिक्वेस्ट: ""मेरा मीटर नंबर 78901234, बिल चेक करें""",1
"""सोशल मीडिया कमेंट: ""मेरा नया ईमेल neha.sharma@example.com है""",1
"""रजिस्ट्रेशन कन्फर्मेशन: रेफरेंस नंबर #REG20231115-567""",1
"""अविनाश तिवारी, 78/सी, सदर बाजार, इंदौर, 452001""",1
"""मोबाइल बिल: नंबर 8901234567, बिल ₹499""",1
"""ईमेल: ""आपका लॉन पासवर्ड रीसेट लिंक, यूजरनाम: user123""",1
"""प्रिया मेनन, फ्लैट 12बी, सिल्वर स्प्रिंग्स, बैंगलोर, 560034""",1
"""क्रेडिट कार्ड अपडेट: नया कार्ड नंबर 7890-1234-5678-9012""",1
"""अंकुर जैन का आधार: 2345-6789-0123""",1
"""चैट: ""मेरा ऑर्डर #ORD-789012, डिलीवरी डेट पूछ रहा हूं""",1
"""राहुल देशमुख, 18/डी, हरि नगर, नागपुर, 440018""",1
"""बैंक SMS: अकाउंट 3456789012 में ₹5000 क्रेडिट""",1
"""निशा अग्रवाल का पैन: GHIPN9012K, DOB 22-09-1990""",1
"""सर्विस फॉर्म: ""कृपया 91-7654321098 पर कॉल करें""",1
"""ईमेल सब्जेक्ट: आपका पासवर्ड रीसेट OTP 789012""",1
"""अर्जुन सिंह, 56/ए, मॉडल टाउन, लुधियाना, 141002""",1
"""पेमेंट रिसीट: ट्रांजैक्शन आईडी TXN789012, ₹1200""",1
"""मोहित वर्मा का वोटर आईडी: DL09 2345 6789""",1
"""ऑनलाइन सपोर्ट: ""मेरा रजिस्ट्रेशन नंबर #REG456789""",1
"""कृतिका खन्ना, 9वीं मंजिल, ओशन व्यू, कोलकाता, 700029""",1
"""बैंक OTP: आपका OTP 345678, किसी को न बताएं""",1
"""अभिनव त्रिपाठी का डेबिट कार्ड: 5678-9012-3456-7890""",1
"""चैट: ""मेरी शिकायत नंबर #COMP12345, अपडेट चाहिए""",1
"""साक्षी रेड्डी, 23/सी, हिल रोड, हैदराबाद, 500032""",1
"""ईमेल: ""आपका सब्सक्रिप्शन #SUB78901 एक्टिवेट हुआ""",1
"""रोहन मलिक, 34डी, गोल्फ कोर्स रोड, दिल्ली, 110022""",1
"""SMS: आपका पैकेट #PKG567890 डिलीवर हो गया""",1
"""राहुल शर्मा, 45 साल, का नंबर 9876543210 है, निवास ए-12, ग्रीन पार्क, दिल्ली।""",1
"""कृपया मेरा ऑर्डर 5678-9012-3456-7890 कार्ड से कैंसिल कर दें।""",1
"""सुमन वर्मा का जन्म 15/08/1985 को हुआ था, पैन कार्ड नंबर ABCD1234E।""",1
"""सर्विस रिक्वेस्ट: अंकित गोयल, 22B साकेत एन्क्लेव, मोबाइल 8765432109।""",1
"""मेरा अकाउंट नंबर 7890654321 है, IFSC कोड HDFC0001234।""",1
"""प्रिय ग्राहक, आपका ऑर्डर 123-456-789 ट्रैकिंग नंबर से शिप हुआ है।""",1
"""डिलीवरी एड्रेस: 78/4, रोहिणी सेक्टर 12, फोन 7654321098।""",1
"""शिकायत: रीना कौशिक, UIDAI 7890-5678-1234, रिफंड चाहिए।""",1
"""मेरा ईमेल aditya.patel@example.com है, जन्मतिथि 03/03/1990।""",1
"""कार्ड खो गया: 3456-7890-1234-5678, तुरंत ब्लॉक करें।""",1
"""पासपोर्ट नंबर J9876543, अंकिता सिंह, एक्सपायरी 2025।""",1
"""फॉर्म भरा है: नाम - विवेक मिश्रा, पता - डी-5, प्रीत विहार।""",1
"""कस्टमर केयर: मोहित अग्रवाल, रेफरेंस ID 67890, समस्या लॉगिन।""",1
"""मोबाइल रिचार्ज 9999888877 नंबर के लिए 499 रुपये का।""",1
"""शादी का कार्ड: आयुष गुप्ता और प्रिया मल्होत्रा, 12/12/2023।""",1
"""मेडिकल रिपोर्ट: रोगी आदर्श जैन, आयु 32, ब्लड ग्रुप B+।""",1
"""बिल भुगतान: अंजलि खन्ना, बिजली बिल नंबर 1122334455।""",1
"""किराये का एग्रीमेंट: साक्षी माथुर, 45/बी, मालवीय नगर।""",1
"""लॉस्ट वॉलेट: ड्राइविंग लाइसेंस DL-098765432, राजीव चौधरी।""",1
"""पर्सनल लोन अप्लीकेशन: विनय श्रीवास्तव, वेतन 75,000/महीना।""",1
"""सोशल मीडिया पोस्ट: ""मेरा नया नंबर 8877665544 है, कॉन्टेक्ट अपडेट करें!""",1
"""रजिस्ट्रेशन: आकांक्षा त्रिपाठी, ईमेल akanksha.t@example.in।""",1
"""क्रेडिट कार्ड स्टेटमेंट: 4567-8901-2345-6789, 15,000 रुपये ड्यू।""",1
"""प्रॉपर्टी डॉक्यूमेंट: ओमप्रकाश यादव, खंड नंबर 78/21।""",1
"""ट्रैवल बुकिंग: निशा नायर, पासपोर्ट M7654321, फ्लाइट 6E-123।""",1
"""बैंक डिटेल्स: अभिषेक राठौर, अकाउंट नंबर 5432109876।""",1
"""कोविड वैक्सीन सर्टिफिकेट: आरुषि मेहरा, डोज 2, 15/06/2021।""",1
"""पेंशन फॉर्म: हरिप्रसाद शुक्ला, पीपीओ नंबर 12345678।""",1
"""व्हाट्सएप मैसेज: ""मेरा नया एड्रेस बी-34, विजय नगर है।""",1
"""आधार कार्ड अपडेट: रंजीत कौर, जन्मतिथि 22/09/1987।""",1
"""जॉब अप्लीकेशन: प्रफुल्ल जोशी, क्वालिफिकेशन एमबीए, 5 साल एक्सपीरियंस।""",1
"""इंश्योरेंस क्लेम: राहुल बंसल, पॉलिसी नंबर ICICI-567890।""",1
"""डिलीवरी कंप्लेंट: प्रियंका मलिक, ऑर्डर ID ORD-789012।""",1
"""मैरिज रजिस्ट्रेशन: विकास और नेहा, मैरिज आईडी MRG-456789।""",1
"""सिम कार्ड रिप्लेसमेंट: 8899001122 नंबर के लिए नया सिम।""",1
"""गैस कनेक्शन: सुरेश अग्रवाल, कनेक्शन नंबर 3456789012।""",1
"""वोटर आईडी: मनीषा त्यागी, EPIC नंबर DL09-123456।""",1
"""ऑनलाइन कोर्स: दीपक जैन, रोल नंबर SDE-2023-45।""",1
"""मोटर वाहन रजिस्ट्रेशन: गाड़ी नंबर DL4C-AB1234।""",1
"""टेलीकॉम बिल: 7766554433, बिल अमाउंट 599 रुपये।""",1
"""प्रॉपर्टी टैक्स: रजत खन्ना, प्रॉपर्टी आईडी PT-7890-5678।""",1
"""पोस्ट ऑफिस एफडी: संजय वर्मा, FD नंबर 123456789012।""",1
"""स्कूल एडमिशन: आरव कपूर, क्लास 1, रोल नंबर 15।""",1
"""फ्लाइट बुकिंग: अमित सिंघानिया, PNR AB1C23, 25 दिसंबर।""",1
"""बिजनेस रजिस्ट्रेशन: टीना अरोड़ा, GSTIN 07ABCDE1234F2Z5।""",1
"""म्यूचुअल फंड: प्रतीक भारद्वाज, फोलियो नंबर 5678901234।""",1
"""होम लोन: अविनाश रॉय, लोन अकाउंट L-987654321।""",1
"""स्टॉक ट्रेडिंग: नम्रता गोस्वामी, डीमैट अकाउंट 123-45678-90।""",1
"""विदेश यात्रा: शुभम मित्तल, वीज़ा नंबर US98765432।""",1
"""राहुल वर्मा, 45 साल, नई दिल्ली के सेक्टर 12 में रहते हैं।""",1
"""मेरा मोबाइल नंबर 98765-43210 है, कृपया कॉल करें।""",1
"""कृपया मेरा पैन कार्ड नंबर BNPK1234M वेरिफाई करें।""",1
"""मेरी ईमेल आईडी priya.sharma@example.com पर डिटेल्स भेजें।""",1
"""अनुराधा सिंह, जन्मतिथि 15/08/1985, मुंबई।""",1
"""मेरा बैंक अकाउंट 1234567890, SBI, इंदौर।""",1
"""आधार कार्ड नंबर 1234-5678-9012, जल्दी अपडेट करें।""",1
"""विकास मिश्रा, पता: 456 गाँधी रोड, लखनऊ।""",1
"""मेरा क्रेडिट कार्ड नंबर 5555-6666-7777-8888, एक्सपायरी 12/25।""",1
"""सोनाली गुप्ता, 29, बैंगलोर, फोन 87654-32109।""",1
"""पासपोर्ट नंबर A1234567, जारी दिल्ली, 2024।""",1
"""रजिस्ट्रेशन के लिए मेरा वोटर आईडी XYZ123456 दें।""",1
"""मेरा UPI आईडी amit.kumar@upi है, पेमेंट करें।""",1
"""शालिनी पाटिल, 34, पुणे, ईमेल shalini.p@example.in।""",1
"""ड्राइविंग लाइसेंस नंबर DL-9876543210, MH।""",1
"""अंकित जैन, 22, जयपुर, मोबाइल 76543-21098।""",1
"""मेरा IFSC कोड SBIN0001234, एकाउंट 567890123।""",1
"""प्रिया मेहता, 41, हैदराबाद, पैन ALWPM7890K।""",1
"""मेरा पता: फ्लैट नंबर 302, ग्रीन पार्क, चेन्नई।""",1
"""ऋषभ पंड्या, 27, अहमदाबाद, फोन 65432-10987।""",1
"""मेरा आधार नंबर 2345-6789-0123, नाम अपडेट करें।""",1
"""कार्यालय पता: 789 बिजनेस टावर, गुरुग्राम।""",1
"""मेरा डेबिट कार्ड नंबर 4111-1111-1111-1111, CVV 123।""",1
"""नीलम शाह, 50, कोलकाता, ईमेल neelam.s@example.com।""",1
"""मेरा व्हाट्सएप नंबर 91234-56789, मैसेज करें।""",1
"""आयुष खन्ना, 31, भोपाल, पासपोर्ट B9876543।""",1
"""मेरा बिजली बिल अकाउंट 123456789, जल्दी चेक करें।""",1
"""पूजा रेड्डी, 25, विशाखापट्टनम, फोन 54321-09876।""",1
"""मेरा राशन कार्ड नंबर RC-1234567890।""",1
"""रोहित वर्मा, 38, पटना, मेट्रो कार्ड 987654321।""",1
"""मेरा पीएफ अकाउंट नंबर MH/123456/789012।""",1
"""अविनाश जोशी, 46, देहरादून, पैन CDFGJ5678P।""",1
"""मेरा घर का पिन कोड 500001 है, कन्फर्म करें।""",1
"""सिमरन कौर, 23, चंडीगढ़, मोबाइल 43210-98765।""",1
"""मेरा लाइसेंस प्लेट नंबर DL04AB1234।""",1
"""मेरा बीमा पॉलिसी नंबर 7654321098, LIC।""",1
"""अर्जुन राव, 33, इंदौर, ईमेल arjun.r@example.net।""",1
"""मेरा गैस कनेक्शन नंबर 12345-67890।""",1
"""मेरा मैट्रिक रोल नंबर 987654, CBSE 2010।""",1
"""सुमित मल्होत्रा, 40, नोएडा, फोन 32109-87654।""",1
"""मेरा ट्विटर हैंडल @sumit_malhotra।""",1
"""अंकिता दास, 28, गुवाहाटी, पैन EJKLK9012M।""",1
"""मेरा पोस्ट ऑफिस अकाउंट 123456789012।""",1
"""मेरा वीपीएन लॉगिन: user123, पासवर्ड reset।""",1
"""मेरा वेडिंग एनिवर्सरी 12-12-2015, याद रखें।""",1
"""मेरा स्कूल रजिस्ट्रेशन नंबर 2015ABCDE।""",1
"""मेरा हॉस्पिटल आईडी HID-123456, अपॉइंटमेंट लें।""",1
"""मेरा जन्म प्रमाण पत्र नंबर BIRTH/12345/2000।""",1
"""मेरा ट्रेन PNR नंबर 1234567890, कन्फर्म करें।""",1
"""मेरा वर्क आईडी EMP-789012, 10वीं मंजिल।""",1
"""राहुल शर्मा, 45 साल, का फोन नंबर 98765-43210 है और वह मुंबई के अंधेरी में रहते हैं।""",1
"""मेरा ईमेल पता neha.patel@example.com है, कृपया कॉन्फर्मेशन मेल भेजें।""",1
"""कार्ड नंबर 5267-8901-2345-6789, एक्सपायरी 05/26, CVV 789।""",1
"""ग्राहक सेवा: कृपया अपना आधार नंबर XXX-XXX-4567 प्रदान करें।""",1
"""सोशल मीडिया पोस्ट: आज मेरा जन्मदिन है! संपर्क: 98989-78787, दिल्ली।""",1
"""अर्जुन सिंह, जन्म तिथि 12-08-1985, पासपोर्ट नंबर Z12345678।""",1
"""ऑनलाइन फॉर्म: पता - 34/बी, राजेंद्र नगर, कोलकाता, पिन 700092।""",1
"""ईमेल: invoice_001@example.com पर भुगतान रसीद भेजें।""",1
"""उर्वशी मेहता का पैन कार्ड नंबर BNPPS1234L है।""",1
"""कस्टमर केयर: आपका ऑर्डर 5678-9012-3456-7890 कार्ड से प्रोसेस होगा।""",1
"""ट्वीट: नया मोबाइल खरीदा! IMEI नंबर 123456789012345।""",1
"""रजिस्ट्रेशन फॉर्म: जन्मस्थान - जयपुर, फोन +91-87654-32109।""",1
"""ई-कॉमर्स चेकआउट: शिपिंग एड्रेस - 89, ग्रीन पार्क, बैंगलोर 560016।""",1
"""बैंक डिटेल: अकाउंट नंबर 123456789, IFSC SBIN0001234।""",1
"""व्हाट्सएप: मेरा नया नंबर 78787-67676 है, सेव कर लो।""",1
"""आधार अपडेट: पुराना नंबर 1234-5678-9012, नया 9876-5432-1098।""",1
"""पासपोर्ट अप्लीकेशन: पिता का नाम - राजेश कुमार, जन्मतिथि 03-04-1970।""",1
"""यूटिलिटी बिल: ग्राहक आईडी UT-7890-1234-567, देय तिथि 15-07-2023।""",1
"""सर्वे फॉर्म: वेतन 75,000 रु./माह, ईमेल survey@response.com पर भेजें।""",1
"""नेट बैंकिंग: UPI आईडी suman.khare@upi का इस्तेमाल करें।""",1
"""फ्लाइट बुकिंग: पासेंजर नाम - प्रिया मल्होत्रा, पासपोर्ट ZX9876543।""",1
"""मेडिकल फॉर्म: रक्त समूह O+""",1
"""राहुल शर्मा, 45/2 साकेत नगर, इंदौर, मध्य प्रदेश - 452001""",1
"""मोबाइल नंबर: 9876543210""",1
"""ईमेल: rahul.sharma@example.com""",1
"""सुमन पटेल ने अपना नया बैंक अकाउंट खोला, अकाउंट नंबर: 1234567890""",1
"""कृपया मेरा पासवर्ड रीसेट करें। मेरा यूजरनेम: priya_2023""",1
"""आधार कार्ड नंबर: 1234 5678 9012""",1
"""मुझे अपना डेबिट कार्ड ब्लॉक करना है, कार्ड नंबर: 4567 8901 2345 6789""",1
"""रजिस्ट्रेशन के लिए जन्मतिथि दर्ज करें: 15-07-1985""",1
"""अंकिता वर्मा, ए-502, ग्रीन वैली सोसाइटी, पुणे - 411045""",1
"""पैन कार्ड: BXZPA1234Q""",1
"""शिकायत नंबर 5678 के लिए अपडेट चाहिए। संपर्क: 8765432109""",1
"""मेरा ऑर्डर नंबर 789456 पिछले हफ्ते नहीं आया।""",1
"""रोहित मालिक, 12/बी, राजेंद्र नगर, हैदराबाद - 500030""",1
"""क्रेडिट कार्ड स्टेटमेंट देखने के लिए लॉगिन करें: user123""",1
"""ड्राइविंग लाइसेंस नंबर: MP18 20230001234""",1
"""विपिन कुमार का फोन खो गया है, IMEI: 123456789012345""",1
"""ईमेल: neha.gupta@example.com, पासवर्ड: temp@789""",1
"""नया बैंक खाता खोलने के लिए पहचान प्रमाण अपलोड करें।""",1
"""मेरा UPI ID: 9898765432@ybl""",1
"""अंकुर जैन, सी-12, सनराइज अपार्टमेंट्स, बैंगलोर - 560068""",1
"""पासपोर्ट नंबर: A1234567""",1
"""ऑनलाइन फॉर्म में माता-पिता का नाम दर्ज करें: रमेश सिंह""",1
"""मोबाइल रिचार्ज के लिए 9998887776 नंबर का प्रयोग करें।""",1
"""शिवानी देव, डी-404, हार्मोनी हॉम्स, चेन्नई - 600096""",1
"""मेट्रो कार्ड नंबर: 112233445566""",1
"""मेरा नेट बैंकिंग पासवर्ड भूल गया हूँ, यूजर आईडी: akash_5678""",1
"""ऑफिस आईडी: E12345, ब्रांच: मुंबई""",1
"""विमल खन्ना, 56, गांधी रोड, जयपुर - 302001""",1
"""शिकायत चिट्ठी में संदर्भ नंबर: COMP789123""",1
"""कार्ड की expiry डेट: 12/25, CVV: 123""",1
"""ई-कॉमर्स वेबसाइट पर लॉगिन करने में समस्या, यूजर: mitali_89""",1
"""मेरा नया एड्रेस अपडेट करें: फ्लैट नंबर 303, स्टार्टर्स सिटी, नोएडा - 201301""",1
"""मोबाइल नंबर लिंक करें: 8877665544""",1
"""प्रियंका मेहता, एफ-7, हंस एन्क्लेव, दिल्ली - 110075""",1
"""बीमा पॉलिसी नंबर: LIC7894561230""",1
"""बच्चे का जन्म प्रमाण पत्र: BH/2023/456789""",1
"""ओटीपी के लिए 7788996655 नंबर सत्यापित करें।""",1
"""वीरेंद्र यादव, प्लॉट नंबर 45, विजय नगर, भोपाल - 462001""",1
"""वेबसाइट पर रजिस्ट्रेशन के लिए ईमेल: viren.yadav@example.com""",1
"""मेरा पिन कोड बदलें: 600102""",1
"""योगेश पाटील, रूम नंबर 208, पीजी हॉस्टल, कोलकाता - 700059""",1
"""रेलवे टिकट बुकिंग आईडी: IR123456789""",1
"""मेडिकल रिपोर्ट के लिए रजिस्ट्रेशन आईडी: MED789456""",1
"""सोशल मीडिया अकाउंट हैक हो गया, यूजर: @sanjay_verma""",1
"""अरुणा नायर, 34, सीएसटी रोड, मुंबई - 400098""",1
"""बिजली बिल संदर्भ संख्या: EB789456123""",1
"""मेरा नया SIM कार्ड एक्टिवेट करें, नंबर: 7766554433""",1
"""मेरा GST नंबर: 22ABCDE1234F5G6""",1
"""रितु सिंघानिया, 78, ओशियन व्यू अपार्टमेंट्स, गुड़गांव - 122001""",1
"""कंपनी आईडी: EMP45678, डिपार्टमेंट: HR""",1
"""शादी का प्रमाण पत्र नंबर: MR/2023/123456""",1
"""ऑनलाइन पेमेंट के लिए कार्ड डिटेल्स: 5432 1098 7654 3210""",1
"""सुरेश अग्रवाल, टावर बी, फ्लैट 901, लक्सी टॉवर, पुणे - 411028""",1
"""मेरा प्रोफाइल अपडेट करें: जन्म तिथि 23-11-1990""",1
"""विदेश यात्रा के लिए पासपोर्ट डिटेल्स चाहिए।""",1
"""अंशुल मिश्रा, एच-54, टाइगर गार्डन, अहमदाबाद - 380015""",1
"""बैंक ट्रांजैक्शन रेफरेंस नंबर: TXN789456123""",1
"""मेरा वोटर आईडी नंबर: MP123456789""",1
"""मोबाइल रिचार्ज पिन: 1234567890123456""",1
"""(नोट: उपरोक्त सभी जानकारी काल्पनिक है और किसी वास्तविक व्यक्ति या संस्था से संबंधित नहीं है।)""",1
"""*रोहित शर्मा, 45 साल, का नया पता है: 78 गुलमोहर सोसाइटी, नोएडा।""",1
"""*कृपया मेरा नया क्रेडिट कार्ड 4111-2233-4455-6678 सक्रिय करें।""",1
"""*अंकिता पाटिल ने 98765-43210 पर कॉल करने के लिए कहा।""",1
"""*मेरा पैन कार्ड नंबर BZJPS5678L है, कृपया सत्यापित करें।""",1
"""*शालिनी वर्मा, जन्म तिथि 12/08/1990, नई दिल्ली में रहती है।""",1
"""*मेरा आधार नंबर 1234-5678-9012 है, कृपया इसे अपडेट करें।""",1
"""*राहुल मिश्रा का ईमेल rahul.mishra@example.com है।""",1
"""*मुझे अपने खाते XYZB00123456 से पैसे ट्रांसफर करने हैं।""",1
"""*प्रिया सिंह ने 22, राजपुर रोड, देहरादून से ऑर्डर दिया।""",1
"""*मेरा मोबाइल नंबर +91 9876543210 है, कृपया कॉल करें।""",1
"""*अभिषेक ने अपना नया पता 56/बी, मरीन लाइन्स, मुंबई भेजा है।""",1
"""*कृपया मेरा डेबिट कार्ड 5566-7788-9900-1122 ब्लॉक कर दें।""",1
"""*सुमन गुप्ता का वीपीएन नंबर DL09 2022 456789 है।""",1
"""*मेरा बैंक अकाउंट 1234567890, IFSC: SBIN000123 है।""",1
"""*अर्पिता दास ने अपना ईमेल arpita.das@example.in बदल लिया है।""",1
"""*कृपया मेरा रजिस्ट्रेशन नंबर UP/2023/123456 चेक करें।""",1
"""*मेरा नया फोन नंबर 87654-32109 है, कृपया अपडेट करें।""",1
"""*राजीव खन्ना का पासपोर्ट नंबर Z12345678 है।""",1
"""*सोनिया रॉय ने 34, पार्क स्ट्रीट, कोलकाता से ऑर्डर किया।""",1
"""*मेरा यूआईडी 6789-1234-5678 है, कृपया वेरीफाई करें।""",1
"""*अंकुर जैन का ड्राइविंग लाइसेंस नंबर DL04 2019 789012 है।""",1
"""*मेरा नेट बैंकिंग यूजर आईडी user1234 है, पासवर्ड रीसेट करें।""",1
"""*प्रियंका ने 55, सेक्टर 14, गुड़गांव से शिकायत दर्ज की।""",1
"""*मेरा वोटर आईडी नंबर XYZ1234567 है, कृपया चेक करें।""",1
"""*मोहित अग्रवाल का स्थायी पता 12-बी, लोधी रोड, दिल्ली है।""",1
"""*मेरा क्रेडिट कार्ड 5555-6666-7777-8888 चोरी हो गया है।""",1
"""*साक्षी मल्होत्रा ने 90909-87654 पर एसएमएस किया।""",1
"""*कृपया मेरा पैन कार्ड AJKPM7890N अपडेट करें।""",1
"""*मेरा आधार 6789-4321-0123 है, कृपया लिंक करें।""",1
"""*रवि कुमार का नया नंबर +91 76543-21098 है।""",1
"""*मेरा बैंक अकाउंट 567890123, IFSC: HDFC000456 है।""",1
"""*नीता शर्मा ने 89, जेपी नगर, भोपाल से कॉल किया।""",1
"""*मेरा पासपोर्ट A98765432 है, कृपया वेरीफाई करें।""",1
"""*कृपया मेरा डेबिट कार्ड 1234-5678-8765-4321 ब्लॉक करें।""",1
"""*अमित सिंह का ईमेल amit.singh@example.com है।""",1
"""*मेरा राशन कार्ड नंबर RC/MP/12345/6789 है।""",1
"""*कृतिका ने 67, एलिफेंटा रोड, मुंबई से शिकायत की।""",1
"""*मेरा मोबाइल नंबर 78901-23456 है, कृपया कॉल करें।""",1
"""*विकास त्रिपाठी का डीओबी 15/07/1985 है, पता अपडेट करें।""",1
"""*मेरा यूपीआई आईडी 9876543210@upi है।""",1
"""*अभिनव का नया पता 45, गोल्फ लिंक्स, बैंगलोर है।""",1
"""*मेरा क्रेडिट कार्ड 9999-8888-7777-6666 खो गया है।""",1
"""*स्नेहा ने 67890-12345 पर मिस्ड कॉल दी।""",1
"""*मेरा वोटर आईडी ABC1234567 है, कृपया चेक करें।""",1
"""*रोहन मेहता का पैन कार्ड नंबर POIKM1234L है।""",1
"""*मेरा आधार 3456-7890-1234 है, कृपया वेरिफाई करें।""",1
"""*अंजली ने 33, हिल रोड, पुणे से संपर्क किया।""",1
"""*मेरा बैंक अकाउंट 12345678, IFSC: ICIC000123 है।""",1
"""*कृपया मेरा पासपोर्ट X76543218 चेक करें।""",1
"""*मेरा ड्राइविंग लाइसेंस DL07 2020 345678 है।""",1
"""*प्रशांत ने 91-98765-43210 पर व्हाट्सएप किया।""",1
"""राहुल शर्मा, 45 साल, मोबाइल नंबर 98765-43210, नई दिल्ली में रहते हैं।""",1
"""कृपया मेरा ऑर्डर 1234-5678-9012-3456 कार्ड से प्रोसेस करें।""",1
"""सुमन पटेल का जन्म 15/08/1985 को मुंबई में हुआ था।""",1
"""मेरा एड्रेस है: 456 गांधी नगर, लखनऊ, उत्तर प्रदेश 226001।""",1
"""अंकित मिश्रा का ईमेल है ankit.mishra@examplemail.com।""",1
"""मेरा आधार नंबर 1234-5678-9012 है, कृपया वेरिफाई करें।""",1
"""रिया वर्मा, पैन कार्ड नंबर ABCD1234E, सैलरी क्रेडिट हुई?""",1
"""मेरा फोन नंबर बदल गया है, नया नंबर 87654-32109 है।""",1
"""प्रियंका सिंह का बैंक अकाउंट नंबर 1234567890, IFSC CODE SBIN0001234।""",1
"""डिलीवरी के लिए पता: फ्लैट नंबर 302, सुनीता अपार्टमेंट, पुणे।""",1
"""मोहन लाल का पासपोर्ट नंबर P1234567, एक्सपायरी 2025।""",1
"""कार्ड खो गया है, नंबर 5555-1234-5678-9012 को ब्लॉक कर दें।""",1
"""अनीता यादव, DOB 23/11/1990, कंपनी HR डिपार्टमेंट से संपर्क करें।""",1
"""शिवम गुप्ता का व्हाट्सएप नंबर +91 76543-21098 है।""",1
"""मेरा यूजरनेटवर्क लॉगिन ID: rajesh_kumar@example.com, पासवर्ड रीसेट करें।""",1
"""आकाश मल्होत्रा, 78/बी, रानी बाग, दिल्ली, पिन 110034।""",1
"""मेरा ड्राइविंग लाइसेंस नंबर DL-1234567890123 है।""",1
"""सोनाली देशमुख का कॉन्टैक्ट नंबर 65432-10987, जल्दी कॉल करें।""",1
"""ऑनलाइन फॉर्म में नाम: अर्जुन राव, फादर का नाम: विजय राव।""",1
"""ट्रांजैक्शन ID: TXN987654321, 5000 रुपये डेबिट हुए।""",1
"""मेरी मेल ID: priya.shah@example.org, प्लीज सेंड कन्फर्मेशन।""",1
"""विक्रम सिंह, पैन कार्ड: WXYZ5678F, टैक्स रिटर्न फाइल करें।""",1
"""मेरा नया एड्रेस: 12/सी, साकेत नगर, भोपाल, MP 462001।""",1
"""आयुष मेहता, UIDAI नंबर 6789-1234-5678, अपडेट कर दिया गया।""",1
"""सिमरन कौर, फोन 78901-23456, ऑर्डर स्टेटस चेक करें।""",1
"""राजीव खन्ना, क्रेडिट कार्ड नंबर 4111-1111-1111-1111, एक्सपायरी 06/25।""",1
"""अंकिता त्रिपाठी, DOB 12/09/1988, नया अकाउंट खोलना है।""",1
"""मेरा वोटर ID नंबर MP123456789, कॉपी चाहिए।""",1
"""सुरेश जोशी, 34-बी, राजेंद्र नगर, इंदौर, मोबाइल 89012-34567।""",1
"""नेहा अग्रवाल का ईमेल neha.agrawal@example.in, कस्टमर केयर से बात करें।""",1
"""अभिषेक वर्मा, 56/सी, गोमती नगर, लखनऊ, पिन 226010।""",1
"""मेरा पासपोर्ट नंबर Q9876543, वीजा अप्लाई करना है।""",1
"""कार्ड की लिमिट बढ़ाने के लिए 4567-8912-3456-7890 पर रिक्वेस्ट भेजें।""",1
"""दीपक शर्मा, आधार नंबर 3456-7890-1234, लिंक करें।""",1
"""रचना गोयल, मोबाइल 90123-45678, मैसेज का जवाब दें।""",1
"""मेरा बिजनेस पता: 202, ट्रेड टावर, गुरुग्राम, हरियाणा 122001।""",1
"""अरुण कुमार, पैन: ARUNK7890P, इनकम टैक्स रिटर्न दाखिल करें।""",1
"""मोनिका सिंह, 45-डी, प्रीत विहार, दिल्ली, पिन 110092।""",1
"""ट्रांजैक्शन फेल हुआ, कार्ड नंबर 5555-4444-3333-2222 चेक करें।""",1
"""मेरा नया मोबाइल नंबर +91 81234-56789 है, अपडेट कर लें।""",1
"""सचिन तेंदुलकर, पासपोर्ट नंबर R1234567, फ्लाइट बुक करें।""",1
"""मेरा बैंक अकाउंट 9876543210, IFSC HDFC0001234, पैसे ट्रांसफर करें।""",1
"""आदित्य कपूर, ईमेल aditya.kapoor@example.com, रिपोर्ट सेंड कीजिए।""",1
"""मेरा राशन कार्ड नंबर DL/123/456/789, वेरिफाई कर लिया गया।""",1
"""साक्षी मिश्रा, मोबाइल 67890-12345, कल मिलते हैं।""",1
"""वरुण धवन, 67-बी, विवेकानंद नगर, बैंगलोर, पिन 560001।""",1
"""मेरा UPI ID varun.dhawan@upi बन गया है, पेमेंट करें।""",1
"""अमिताभ बच्चन, 78, प्रसाद अपार्टमेंट, मुंबई, मोबाइल 76543-21098।""",1
"""कृपया मेरा लोन अकाउंट 123456789012 को क्लोज कर दें।""",1
"""मेरा GST नंबर 22ABCDE1234F2Z5, इनवॉइस जनरेट करें।""",1
"""सभी जानकारी काल्पनिक है और किसी वास्तविक व्यक्ति से संबंधित नहीं है।""",1
"""राहुल शर्मा, 45/78 वसंत विहार, दिल्ली - 110057 का फोन नंबर 98765-43210 है।""",1
"""कृपया मेरा बैंक खाता नंबर 1234567890 और IFSC कोड SBIN0001234 अपडेट करें।""",1
"""अंकिता पाटिल का ईमेल ankita_patil@example.com पर रिज़ल्ट भेजें।""",1
"""मेरा आधार कार्ड नंबर 1234-5678-9012 है, कृपया वेरिफाई करें।""",1
"""सुरेश कुमार का क्रेडिट कार्ड 5555-1234-5678-9012 05/27 तक वैध है।""",1
"""रजिस्ट्रेशन के लिए जन्मतिथि 15/08/1985 और मोबाइल 87654-32109 दर्ज करें।""",1
"""मेरा पता: फ्लैट नंबर 302, गंगा अपार्टमेंट, मुंबई - 400001।""",1
"""अर्जुन सिंह का पैन कार्ड नंबर ABCD1234E है।""",1
"""कस्टमर केयर में शिकायत दर्ज करें: ऑर्डर आईडी ORD2023XYZ, फोन 78901-23456।""",1
"""मीनाक्षी आयंगर का ईमेल meenakshi.a@example.in पर कॉन्टैक्ट करें।""",1
"""वीजा कार्ड नंबर 4111-1111-1111-1111 का भुगतान अस्वीकृत हुआ।""",1
"""रोहित वर्मा, 22B साकेत एन्क्लेव, लखनऊ - 226001।""",1
"""डिलीवरी के लिए फोन 9988776655 और ईमेल rohan_mehta@example.com उपयोग करें।""",1
"""अंकित का ड्राइविंग लाइसेंस नंबर UP78-2020-1234567 है।""",1
"""शालिनी गुप्ता का पासपोर्ट नंबर Z1234567 2025 तक वैध है।""",1
"""प्रियांशु का यूआईडी 9876-5432-1098 है, कृपया चेक करें।""",1
"""अदिति नायर का डेबिट कार्ड 4444-3333-2222-1111 09/24 तक चलेगा।""",1
"""संतोष पांडे, 5/12 रामनगर, कोलकाता - 700045 का विवरण अपडेट हुआ।""",1
"""पेटीएम पर रजिस्टर करने के लिए 9876543210 और OTP भेजें।""",1
"""सोनिया मल्होत्रा का ईमेल sonia.m@example.net पर रिकवरी लिंक भेजा गया।""",1
"""एटीएम कार्ड नंबर 5222-2233-3344-4455 को ब्लॉक कर दिया गया है।""",1
"""विकास जोशी, 10/7 गोमती नगर, इलाहाबाद - 211001।""",1
"""मेरा इनकम टैक्स रिटर्न फाइल करने के लिए पैन ABCTY1234D दर्ज करें।""",1
"""आकांक्षा सिंह का मोबाइल +91-8877665544 पर कॉल करें।""",1
"""अभिषेक त्रिपाठी का बैंक अकाउंट 112233445566 में ट्रांसफर हुआ।""",1
"""ऑनलाइन फॉर्म में नाम: प्रियंका चौधरी, जन्मतिथि 12/12/1990।""",1
"""शुभम अग्रवाल का क्रेडिट कार्ड 3782-822463-10005 से भुगतान किया गया।""",1
"""मेरा वोटर आईडी नंबर DL/01/123/456789 है, स्टेटस चेक करें।""",1
"""सुमित खन्ना, 33/बी शांतिनगर, बैंगलोर - 560001 का ऑर्डर कन्फर्म हुआ।""",1
"""नेहा राठौर का ईमेल neha_r@example.co.in पर शिकायत भेजी गई।""",1
"""मास्टरकार्ड नंबर 5105-1051-0510-5100 का उपयोग करें।""",1
"""अमन सक्सेना, 78 ग्रीन पार्क, दिल्ली - 110016, फोन 81234-56789।""",1
"""मेरा राशन कार्ड नंबर 1234567890123 है, डिटेल्स चाहिए।""",1
"""आयुष मिश्रा का पेईफोन नंबर 67890-12345 पर कॉलबैक रिक्वेस्ट।""",1
"""सिमरन कौर का आधार लिंक्ड मोबाइल 76543-21098 है।""",1
"""अभिनव शुक्ला, फ्लैट 404, सुभाष सोसाइटी, पुणे - 411030।""",1
"""स्नेहा रेड्डी का डेबिट कार्ड 4000-1234-5678-9012 खो गया है।""",1
"""प्रशांत का ईमेल prashant_k@example.org पर टिकट बुक हुआ।""",1
"""मोहित वर्मा का पासपोर्ट Z7654321 2026 तक वैध है।""",1
"""कुणाल शाह, 12/सी मालवीय नगर, जयपुर - 302017 का बिल भरा गया।""",1
"""साक्षी का UPI आईडी sakshi.icici@upi है, पेमेंट करें।""",1
"""अर्पिता दास का फोन 87654-32109 और जन्मतिथि 03/07/1995 दर्ज हुई।""",1
"""मेरा इलेक्शन कार्ड नंबर WB/05/456/789012 है।""",1
"""अनन्या मेनन का क्रेडिट कार्ड 6011-6011-6011-6011 एक्टिवेट हुआ।""",1
"""आदित्य कपूर, 56/9 सिविल लाइन्स, इंदौर - 452001।""",1
"""तन्वी जैन का बैंक अकाउंट 001122334455 से पेमेंट रिक्वेस्ट।""",1
"""मेरी पत्नी का नाम रितु गोयल है, ईमेल ritu.goyal@example.com।""",1
"""राजीव चौधरी का पैन कार्ड नंबर MNOPQ5678R टैक्स फाइलिंग में उपयोग हुआ।""",1
"""अंशुल का मोबाइल नंबर 78901-23456 पर OTP भेजा गया।""",1
"""मेरा ड्राइविंग लाइसेंस MH01-2018-1234567 है, वेरिफाई करें।""",1
"""सचिन का यूएस वीजा नंबर 12345678, पासपोर्ट A12345678।""",1
"""प्रीति सिंघानिया, 90/बी करोल बाग, दिल्ली - 110005 का टिकट बुक हुआ।""",1
"""Here are 50 fictional PII examples in Hindi:""",1
"""राहुल शर्मा, 45 बी साकेत नगर, दिल्ली - 110017""",1
"""मोबाइल: 98765-43210""",1
"""अंकिता पाटील, फ्लैट नंबर 302, सनराइज अपार्टमेंट, पुणे - 411038""",1
"""ईमेल: ankitapatil12@example.com""",1
"""कार्ड नंबर: 5678-9012-3456-7890, एक्सपायरी: 05/25""",1
"""आधार कार्ड: 1234-5678-9012""",1
"""विवेक मिश्रा, 89/बी गांधी मार्ग, इंदौर - 452001""",1
"""कस्टमर केयर: कृपया मेरा ऑर्डर 789456123 ट्रैक करें।""",1
"""प्रियंका यादव, होटल रॉयल स्टे, मुंबई, 3 जून तक बुक।""",1
"""फोन: 87654-32109""",1
"""अमित कुमार, 112, ग्रीन पार्क, कोलकाता - 700032""",1
"""ईमेल: amitkumar87@example.com""",1
"""पैन कार्ड: ABCPK1234D""",1
"""रोहित वर्मा, 56-सी, सुभाष नगर, जयपुर - 302016""",1
"""मोबाइल: 76543-21098""",1
"""सोनिया गुप्ता, 23/ए, एलिजाबेथ अपार्टमेंट, बैंगलोर - 560001""",1
"""यूपीआई आईडी: soniagupta@upi""",1
"""रजिस्ट्रेशन नंबर: MP04AB1234""",1
"""अंकुर जैन, प्लॉट नंबर 45, नोएडा सेक्टर 62 - 201309""",1
"""पासपोर्ट: Z1234567, एक्सपायरी: 15/05/2028""",1
"""नीतू सिंह, कक्षा 12, रोल नंबर 45, डीएवी पब्लिक स्कूल।""",1
"""क्रेडिट कार्ड: 1234-1234-1234-1234, सीवीवी: 123""",1
"""प्रशांत मेहता, 78, टैगोर रोड, चेन्नई - 600017""",1
"""मोबाइल: 65432-10987""",1
"""सुष्मिता रॉय, फ्लैट 908, सिटी लाइट्स, हैदराबाद - 500032""",1
"""ईमेल: sushmitaroy56@example.com""",1
"""ड्राइविंग लाइसेंस: DL-1234567890123""",1
"""विकास मल्होत्रा, 34-बी, करोल बाग, नई दिल्ली - 110005""",1
"""यात्रा बुकिंग: फ्लाइट AI-768, PNR 6789AB।""",1
"""आयुषी त्रिवेदी, 12, मॉडर्न विहार, गाजियाबाद - 201009""",1
"""मोबाइल: 54321-09876""",1
"""ईमेल: ayushit@example.com""",1
"""बैंक अकाउंट: 1234567890, IFSC: SBIN0001234""",1
"""मयंक अग्रवाल, 67-सी, विजय नगर, भोपाल - 462001""",1
"""पैन: BNZPM7890L""",1
"""प्रिया शेख, 90/डी, मरीन लाइन्स, मुंबई - 400020""",1
"""यूपीआई: priyas@ybl""",1
"""अभिषेक सक्सेना, 401, गोल्ड क्रेस्ट, पुणे - 411014""",1
"""फोन: 43210-98765""",1
"""वीरा चौधरी, 23-ए, सदर बाजार, लखनऊ - 226001""",1
"""पासपोर्ट: A9876543, जारी: 10/10/2025""",1
"""आकांक्षा खान, फ्लैट 1203, सिटी स्क्वायर, गुड़गांव - 122002""",1
"""ईमेल: aakankshak@example.com""",1
"""आधार: 6789-1234-5678""",1
"""रितिक रोशन, 56, फ्रेंड्स कॉलोनी, देहरादून - 248001""",1
"""मोबाइल: 32109-87654""",1
"""स्नेहा मिश्रा, 78/सी, शांति नगर, जबलपुर - 482001""",1
"""बैंक डिटेल्स: AC 5678321098, IFSC: HDFC0000567""",1
"""अर्जुन रेड्डी, 203, टावर बी, एमआइजी कॉलोनी, हैदराबाद - 500072""",1
"""फोन: 21098-76543""",1
"""ईमेल: arjunreddy@example.com""",1
"""कार्ड: 4321-5678-9012-3456, एक्सपायरी 08/26""",1
"""मनीष पाटिल, 45, साई नगर, औरंगाबाद - 431001""",1
"""पैन: MANPS5678M""",1
"""अदिति नायर, 67-डी, महात्मा गांधी रोड, सूरत - 395001""",1
"""यूपीआई: aditinair@okhdfcbank""",1
"""तन्वी देशमुख, फ्लैट 304, ग्रीन वैली, नासिक - 422009""",1
"""मोबाइल: 10987-65432""",1
"""ईमेल: tanvid@example.com""",1
"""आधार: 2345-6789-0123""",1
"""(Note: सभी जानकारी काल्पनिक है और वास्तविक व्यक्तियों से कोई संबंध नहीं है।)""",1
"""राहुल शर्मा, जन्म तिथि 15/08/1985, का बैंक खाता नंबर 123456789012 है।""",1
"""मेरा नया पता है: 45/बी, गांधी नगर, लखनऊ, उत्तर प्रदेश 226020।""",1
"""कृपया मेरा ऑर्डर 9876543210 पर कॉल करके कन्फर्म करें।""",1
"""मेरी ईमेल आईडी priyanka_gupta@example.com पर अपडेट भेजें।""",1
"""कार्ड नंबर 4111-1111-1111-1111 का बिलिंग एड्रेस 22, सुभाष मार्ग, जयपुर है।""",1
"""अर्जुन पटेल का आधार नंबर XXXX-XXXX-7890 है।""",1
"""मुझे मेरा पासवर्ड reset@example.com पर रीसेट करने की आवश्यकता है।""",1
"""मेरा मोबाइल नंबर +91 98765 43210 है, कृपया व्हाट्सएप पर संपर्क करें।""",1
"""आईडी प्रूफ के लिए मेरा पैन कार्ड नंबर ABCDE1234F है।""",1
"""मेरा नया डेबिट कार्ड 5555-5555-5555-5555 CVV 123 के साथ आया है।""",1
"""सुमित खन्ना, जन्म 30/11/1992, का ड्राइविंग लाइसेंस नंबर DL-982011234567 है।""",1
"""मेरा ईमेल rohit_kapoor@example.com है, पासवर्ड भूल गया हूँ।""",1
"""अनुवीक्षा सिंह का फोन नंबर 0123-4567890 है, घर का पता पूछें।""",1
"""मेरा बैंक IFSC कोड HDFC0001234 है, खाता नंबर 567890123456।""",1
"""मुझे 91-9876543210 पर OTP की आवश्यकता है।""",1
"""मेरा वोटर आईडी नंबर XYZ/123456/78901 है।""",1
"""शालिनी मेहता, जन्म 05/05/1988, का पासपोर्ट नंबर P12345678 है।""",1
"""मेरा नया क्रेडिट कार्ड 3782-822463-10005 है, एक्सपायरी 12/25।""",1
"""मेरा घर का पता है: 78, रामनगर कॉलोनी, इंदौर, मध्य प्रदेश 452001।""",1
"""मेरा ईमेल अकाउंट neha_verma@example.com हैॅक हो गया है।""",1
"""मेरा UPI ID 9856321470@upi है, पेमेंट भेजें।""",1
"""मेरा पैन कार्ड और आधार कार्ड लिंक करने की आवश्यकता है।""",1
"""मेरा डेबिट कार्ड नंबर 4567-8912-3456-7890 CVV 456 है।""",1
"""कृपया मुझे 9876543210 पर कॉल करके सपोर्ट दें।""",1
"""मेरा वेतन खाता नंबर 123456789012345 है, IFSC CODE ICIC0001234।""",1
"""मेरा नया सिम कार्ड 9876543210 पर एक्टिवेट करें।""",1
"""मेरा इंश्योरेंस पॉलिसी नंबर LIC123456789 है।""",1
"""मेरा राशन कार्ड नंबर RC/MP/123456/7890 है।""",1
"""मेरा ईमेल अड्रेस amit_shah@example.com पर वेरिफिकेशन लिंक भेजें।""",1
"""मेरा पासपोर्ट नंबर A12345678, एक्सपायरी 15/05/2030।""",1
"""मेरी माँ का नाम सीमा देवी है, जन्म 12/12/1965।""",1
"""मेरा क्रेडिट कार्ड नंबर 6011-6011-6011-6011 CVV 789 है।""",1
"""मेरा डीओबी 25/12/1990 है, नया पासवर्ड सेट करें।""",1
"""मेरा नया घर 67, विजय नगर, बैंगलोर, कर्नाटक 560040 में है।""",1
"""मेरा बाइक रजिस्ट्रेशन नंबर MP09AB1234 है।""",1
"""मेरा ट्विटर हैंडल @rahul123 है, पासवर्ड रीसेट करें।""",1
"""मेरा मोबाइल नंबर +91 7894561230 है, OTP नहीं मिल रहा।""",1
"""मेरा प्रोफाइल पूरा करने के लिए मेरा DOB 03/03/1993 दर्ज करें।""",1
"""मेरा नेट बैंकिंग यूजर आईडी user123456 है।""",1
"""मेरा आधार कार्ड नंबर 1234 5678 9012 है।""",1
"""मेरा ईमेल सुरक्षा प्रश्न का उत्तर: मेरा पहला स्कूल ""सेंट जॉन्स"" था।""",1
"""कृपया मेरा खाता नंबर 1234567890 और IFSC SBIN0001234 वेरिफाई करें।""",1
"""मेरी वैवाहिक स्थिति: विवाहित, पति का नाम राजीव कुमार।""",1
"""मेरा नया क्रेडिट कार्ड 5424-2389-7654-3210 CVV 369 है।""",1
"""मेरा पुराना पता: 12, शिवाजी नगर, पुणे, महाराष्ट्र 411005।""",1
"""मेरा प्राइमरी मोबाइल नंबर 7765432109 है, सेकेंडरी 8876543210।""",1
"""मेरा रिज्यूमे अपडेट करने के लिए मेरा पिन कोड 110001 दर्ज करें।""",1
"""मेरा व्हाट्सएप नंबर +91 6789012345 है, ग्रुप में ऐड करें।""",1
"""मेरा एडहार और पैन कार्ड नंबर अपडेट करने की आवश्यकता है।""",1
"""मेरा पेटीएम वॉलेट 9876543210@paytm पर रिचार्ज करें।""",1
"""(नोट: उपरोक्त सभी जानकारियाँ काल्पनिक हैं और किसी वास्तविक व्यक्ति से संबंधित नहीं हैं।)""",1
"""राहुल वर्मा, जन्मतिथि 15/08/1990, ने अपना नया पता 45 गाँधी नगर, इंदौर में अपडेट किया।""",1
"""मोबाइल नंबर 98765-43210 पर ओटीपी भेजा गया है, कृपया सत्यापित करें।""",1
"""क्रेडिट कार्ड नंबर 5566-7788-9900-1122 का उपयोग 5000 रुपये के लेनदेन के लिए किया गया।""",1
"""अंकिता शर्मा का आधार कार्ड नंबर 1234-5678-9012 है।""",1
"""अपना पासवर्ड रीसेट करने के लिए, कृपया अपना रजिस्टर्ड ईमेल ankitasharma@example.com दर्ज करें।""",1
"""फर्जी शिकायत नंबर CMP2023-789 के तहत आपका केस दर्ज किया गया है।""",1
"""कृपया अपना पैन कार्ड नंबर, जैसे BXZPK1234L, फॉर्म में भरें।""",1
"""मेरा नया बैंक अकाउंट नंबर 123456789012 IFSC CODE SBIN0001234 है।""",1
"""शालिनी पाटिल का ड्राइविंग लाइसेंस नंबर MH03-2020-1234567 है।""",1
"""आपका ऑर्डर 5678 कल 12 बजे 78, राजपुरा सोसाइटी, पुणे पर डिलीवर किया जाएगा।""",1
"""मोबाइल रिचार्ज 899 रुपये के लिए 99999-88888 नंबर पर सफलतापूर्वक किया गया।""",1
"""आपका पासपोर्ट नंबर Z1234567 15/06/2025 को एक्सपायर होगा।""",1
"""ईमेल rohitkumar@example.com पर लॉगिन करने का प्रयास किया गया।""",1
"""आपके UPI ID rajesh.upi@examplebank पर 2000 रुपये प्राप्त हुए हैं।""",1
"""अंकित का वोटर आईडी नंबर MP/12/34/567890 है।""",1
"""कृपया अपना नाम, जन्मतिथि और मोबाइल नंबर 87654-32109 फॉर्म में भरें।""",1
"""आपका बिजली बिल संख्या EB78901234, 1500 रुपये का भुगतान बाकी है।""",1
"""मेडिकल रिपोर्ट के लिए रोगी आईडी PAT-7890 का उपयोग करें।""",1
"""आपका डिलीवरी 45, सुभाष नगर, जयपुर में 12 जनवरी को पहुँचेगी।""",1
"""ईमेल verify@example.com पर अपना रजिस्टर्ड मोबाइल नंबर भेजें।""",1
"""आपका लॉयल्टी कार्ड नंबर LC-456-789-1234 है।""",1
"""नीतू यादव का बैंक अकाउंट नंबर 567890123456 HDFC0000456 है।""",1
"""कृपया अपना पता और पिन कोड 400001 फॉर्म में अपडेट करें।""",1
"""आपका पॉलिसी नंबर PL-2023-5678 सक्रिय हो गया है।""",1
"""आधार लिंक करने के लिए 6789-1234-5678 नंबर दर्ज करें।""",1
"""अंकुर का पीएफ नंबर MH/45678/123456 है।""",1
"""आपका रजिस्ट्रेशन नंबर RG-789-456-123 है।""",1
"""ईमेल support@example.com पर अपना संपर्क नंबर 76543-21098 भेजें।""",1
"""आपका सिम कार्ड नंबर 8901234567 सक्रिय हो गया है।""",1
"""अंजलि देवी का इलेक्ट्रिसिटी कनेक्शन नंबर EB-7890-1234 है।""",1
"""आपका टिकट नंबर TK-456-789-123 बुक हो चुका है।""",1
"""मेडिक्लेम नंबर MC-2023-5678 के तहत दावा दर्ज किया गया।""",1
"""आपका डीटीएच कनेक्शन नंबर DT-78901234 है।""",1
"""ईमेल में अपना पूरा नाम और जन्मतिथि 01/01/1995 भरें।""",1
"""आपका रेलवे पीएनआर नंबर 1234567890 है।""",1
"""आयुष्मान कार्ड नंबर AY-5678-9012-3456 जारी किया गया।""",1
"""आपका गैस कनेक्शन नंबर GC-7890-1234-567 है।""",1
"""ईमेल signup@example.com पर अपना नाम और मोबाइल नंबर 98765-01234 भेजें।""",1
"""आपका स्टूडेंट आईडी SID-2023-5678 है।""",1
"""अमित कुमार का राशन कार्ड नंबर RC-1234-5678-90 है।""",1
"""आपका इंश्योरेंस पॉलिसी नंबर IP-5678-9012 है।""",1
"""ईमेल में अपना एड्रेस 12, लक्ष्मी नगर, दिल्ली-110092 भरें।""",1
"""आपका टैक्स रिटर्न नंबर TRN-7890-1234-56 है।""",1
"""गगन सिंह का लोन अकाउंट नंबर LA-5678-9012-345 है।""",1
"""आपका सब्सक्रिप्शन नंबर SUB-7890-1234-567 है।""",1
"""ईमेल feedback@example.com पर अपना नाम और संपर्क नंबर 87654-32109 भेजें।""",1
"""आपका वीआईपी आईडी VIP-5678-9012-34 है।""",1
"""प्रिया मिश्रा का हेल्थ कार्ड नंबर HC-7890-1234-567 है।""",1
"""आपका रिचार्ज नंबर 8901234567 पर सफलतापूर्वक प्रोसेस हुआ।""",1
"""ईमेल में अपना पता 34, विजय नगर, बैंगलोर-560040 और फोन नंबर 76543-21098 भरें।""",1
"""राहुल शर्मा, 45, ने अपना नया पता 789 गुलाब नगर, मुंबई, 400001 अपडेट किया।""",1
"""मोबाइल नंबर 98765-43210 पर कॉल करके मेरा ऑर्डर स्थिति पूछें।""",1
"""कृपया मेरा एडहार कार्ड नंबर XXXXXX7890 वेरिफाई करें।""",1
"""मेरा नया क्रेडिट कार्ड 4545-6767-8989-1010 आज ही मिला।""",1
"""सुमन पटेल, जन्मतिथि 05/08/1990, अहमदाबाद में रहती हैं।""",1
"""ईमेल: rohit.kumar@example.com पर मुझे कॉन्टैक्ट करें।""",1
"""पैन कार्ड: BNPK1234D के साथ मेरा खाता लिंक करें।""",1
"""मेरा नया पासपोर्ट नंबर Z1234567 है, यात्रा के लिए तैयार।""",1
"""मोबाइल रिचार्ज के लिए 9999-888-777 नंबर का उपयोग करें।""",1
"""शुभम वर्मा, 22/04/1985, ने अपना वोटर आईडी AB1234567 अपडेट किया।""",1
"""मेरा डेबिट कार्ड 5678-1234-9012-3456 चोरी हो गया है।""",1
"""अनिल यादव, 78 राजपुर रोड, दिल्ली, 110001 में रहते हैं।""",1
"""मेरा UPI ID 9876543210@ybl है, पेमेंट भेजें।""",1
"""मेरी बेटी का जन्म प्रमाण पत्र नंबर DL/2023/567890 है।""",1
"""कृपया मेरा बैंक खाता 1234567890, IFSC CODE SBIN0001234 वेरिफाई करें।""",1
"""प्रिया मिश्रा का फोन नंबर +91-87654-32109 है, जल्दी कॉल करें।""",1
"""मेरा ड्राइविंग लाइसेंस नंबर DL-1425367890 है।""",1
"""सोनिया गुप्ता, 12-A साकेत, कोलकाता, 700017 में नौकरी करती हैं।""",1
"""मेरा इंश्योरेंस पॉलिसी नंबर LIC7654321 है।""",1
"""विजय माल्होत्रा, 03/11/1972, ने अपनी कार रजिस्ट्रेशन MH04-AB-1234 अपडेट की।""",1
"""ईमेल: neha.shah@example.com पर मेरा रिज्यूमे भेजें।""",1
"""मेरा नया सिम 9876543210 पर एक्टिव हो गया है।""",1
"""मेरा राशन कार्ड नंबर RC/MP/567890 है।""",1
"""मोहित अग्रवाल, 56 गांधी मार्ग, बैंगलोर, 560001 में रहते हैं।""",1
"""मेरा नया बिजली बिल कनेक्शन नंबर EB123456789 है।""",1
"""मेरा आधार लिंक्ड मोबाइल 87654-32109 है, OTP के लिए उपयोग करें।""",1
"""आकांक्षा जोशी, 15/07/1995, ने अपना पैन कार्ड AJOPN6789K अपडेट किया।""",1
"""मेरा पासबुक खाता 567890123456, IFSC CODE HDFC0005678 है।""",1
"""रजत खन्ना, 34 सुभाष नगर, हैदराबाद, 500001 में काम करते हैं।""",1
"""मेरा वीज़ा नंबर US987654321 है, यात्रा 15 जून को।""",1
"""मेरा नया व्हाट्सएप नंबर 98765-43210 है, ग्रुप में ऐड करें।""",1
"""मेरी बेटी का स्कूल आईडी 2023-STU-5678 है।""",1
"""मेरा नेट बैंकिंग यूजरनेम user1234, पासवर्ड changeit है।""",1
"""अंकित तिवारी, 09/12/1988, ने अपना पता 89 विजय नगर, पुणे, 411030 बदला।""",1
"""मेरा ट्विटर हैंडल @ankit123 है, फॉलो करें।""",1
"""मेरा नया प्रोफाइल pic: ankit_profile.jpg, डीपी के लिए सेट करें।""",1
"""मेरा मेडिकल रिपोर्ट नंबर MR-2023-56789 है।""",1
"""साक्षी सिंह, 25/05/1993, ने अपना राशन कार्ड RC/UP/1234567 रिन्यू किया।""",1
"""मेरा नया लैंडलाइन नंबर 022-12345678 है।""",1
"""मेरा GST नंबर 27ABCDE1234F2Z5 है, इनवॉइस पर लगाएं।""",1
"""मेरा वेबसाइट लॉगिन: username - rahul2023, password - temp@123।""",1
"""मेरा नया प्रोजेक्ट फाइल client_data_2023.xlsx, कृपया चेक करें।""",1
"""मेरा कोल सेंटर रजिस्ट्रेशन ID COAL/2023/123456 है।""",1
"""मेरा नया ईमेल signature: ""आदित्य वर्मा, मार्केटिंग मैनेजर, 9876543210""।""",1
"""अविनाश राय, 18/09/1980, ने अपना पासपोर्ट Z9876543 अपडेट किया।""",1
"""राहुल शर्मा, 45/B साकेत अपार्टमेंट्स, इंदौर से फोन नंबर 9876543210 पर संपर्क करें।""",1
"""कृपया मेरा क्रेडिट कार्ड नंबर 4125-8963-7452-3698 अपडेट करें।""",1
"""सुमन पाटिल, जन्म तिथि 12/08/1985, पासपोर्ट नंबर Z87654321 के साथ बुकिंग की गई।""",1
"""मेरा ईमेल aditya.verma@example.com है, पता है 22/7 राजाजी नगर, बैंगलोर।""",1
"""अर्जुन कपूर का आधार कार्ड नंबर 7894-5632-1478 है।""",1
"""कस्टमर केयर को कॉल करें: प्रिया मल्होत्रा, 8800112233।""",1
"""मेरा पैन कार्ड नंबर ABCPK1234D है, डीओबी 05-11-1990।""",1
"""शालिनी गुप्ता ने 15 गांधी रोड, पुणे से ऑर्डर किया, फोन 7766554433।""",1
"""एसबीआई अकाउंट 6543219870, IFS""",1
"""राहुल शर्मा, नई दिल्ली के सेक्टर 12 में रहते हैं, उनका मोबाइल नंबर 98765-43210 है।""",1
"""मेरा ईमेल पता है neha.patel123@example.com और जन्मतिथि 15/08/1990 है।""",1
"""कृपया मेरा ऑर्डर 45-बी, राजाजी नगर, बैंगलोूर, 560010 पर भेजें।""",1
"""मेरी क्रेडिट कार्ड संख्या 4545-7878-1212-3434 है, एक्सपायरी 05/25।""",1
"""आधार कार्ड नंबर: 1234-5678-9012, जारीकर्ता: उत्तर प्रदेश।""",1
"""सुरेश कुमार का पैन कार्ड नंबर है BNPK1234D।""",1
"""मेरा बैंक अकाउंट नंबर 1234567890, आईएफएससी कोड HDFC0000123 है।""",1
"""अंकिता सिंह, मुंबई, फोन: 87654-32109, ईमेल: ankita.s@example.in।""",1
"""डिलीवरी के लिए एड्रेस: फ्लैट नंबर 302, ग्रीन पार्क, हैदराबाद, 500034।""",1
"""वीजा कार्ड नंबर: 4111-1111-1111-1111, CVV 123, एक्सपायरी 12/26।""",1
"""पासपोर्ट नंबर: J1234567, भारत सरकार द्वारा जारी।""",1
"""मोबाइल रिचार्ज के लिए यूज करें 99999-88888, ऑपरेटर: एयरटेल।""",1
"""मेरा व्हाट्सएप नंबर है +91 78901-23456।""",1
"""श्रीमती प्रिया मिश्रा, ए-12, साकेत, नई दिल्ली, 110017।""",1
"""ड्राइविंग लाइसेंस नंबर: DL-0123456789123।""",1
"""ईमेल: rohan.shah@example.com, पासवर्ड रीसेट लिंक भेजें।""",1
"""अमित कुमार का यूपीआई आईडी है amitkumar@upi।""",1
"""मेरा जीमेल एड्रेस है vivek.malhotra@gmail.com।""",1
"""बिजली बिल भुगतान के लिए कंज्यूमर नंबर: 6789012345।""",1
"""मेरा राशन कार्ड नंबर है 4567890123456।""",1
"""सोनल वर्मा, फोन: 76543-21098, ईमेल: sonal.v@example.net।""",1
"""मेरा पता है 78/बी, शिवाजी नगर, पुणे, 411016।""",1
"""वोटर आईडी: ABC1234567, राजस्थान।""",1
"""मोबाइल नंबर 98765-43210 पर ओटीपी भेजें।""",1
"""मेरा नाम मोहन लाल है, जन्म तिथि 30/11/1985।""",1
"""ईमेल: priya.gupta@example.com, पासवर्ड: Temp@1234 (नोट: फिक्शनल)।""",1
"""अंकिता देवी, सी-5, वसंत विहार, दिल्ली, 110057।""",1
"""मेरा यूटिलिटी बिल अकाउंट नंबर है 7890123456।""",1
"""मास्टरकार्ड नंबर: 5555-5555-5555-5555, CVV 456, एक्सपायर 08/27।""",1
"""मेरा आधिकारिक ईमेल है ravi.kapoor@company.in।""",1
"""डीबीटी अकाउंट नंबर: 123456789, बैंक ऑफ इंडिया।""",1
"""मेरा ट्विटर हैंडल है @fictional_user123।""",1
"""ए/सी नंबर 543210, एसबीआई, ब्रांच कोड 01234।""",1
"""पैन कार्ड: AAAAA9999A, नाम: संजय सिंह।""",1
"""अरुण जेठानी, फ्लैट नंबर 21, आदर्श नगर, चेन्नई, 600020।""",1
"""मेरा वीजा नंबर है H1B987654321।""",1
"""ईमेल: ananya.joshi@example.org, फोन: 98765-12345।""",1
"""मेरा पीएफ अकाउंट नंबर है MH/123456/789012।""",1
"""अंकित खन्ना, मोबाइल: 88888-77777, यूपीआई: ankittest@okhdfcbank।""",1
"""दीपक शर्मा, 12-ए, सिविल लाइन्स, जयपुर, 302001।""",1
"""मेरा नेट बैंकिंग यूजर आईडी है user1234।""",1
"""मेडिकल आईडी: MEDID6789012345।""",1
"""ई-वे बिल नंबर: 678901234567890।""",1
"""मेरा रजिस्ट्रेशन नंबर है REG/2024/123456।""",1
"""मेरा वाहन नंबर है DL01AB1234।""",1
"""ईमेल: kavita.rao@example.com, पासवर्ड: Kavita@5678 (काल्पनिक)।""",1
"""सिमरन कौर, 56-बी, सैक्टर 18, नोएडा, 201301।""",1
"""मेरा बिटकॉइन वॉलेट एड्रेस है 1AbCdEfGhIjKlMnOpQrStUvWxYz।""",1
"""मेरा आईएफएससी कोड है ICIC0000789।""",1
"""अक्षय त्रिवेदी, मोबाइल: 77777-66666, ईमेल: akshay.t@example.co.in।""",1
"""मेरा एलआईसी पॉलिसी नंबर है 123456789012।""",1
"""नाम: रिया मेनन, पता: डी-9, करोल बाग, दिल्ली, 110005।""",1
"""मेरा टेलीग्राम यूजरनेम है @testuser1234।""",1
"""(नोट: ये सभी उदाहरण काल्पनिक हैं और किसी वास्तविक व्यक्ति या जानकारी से मेल नहीं खाते।)""",1
"""Here are 50 fictional PII snippets in Hindi:""",1
"""राहुल शर्मा, 45-B साकेत नगर, दिल्ली - 110017""",1
"""मोबाइल: 98765-43210""",1
"""ईमेल: rahul.sharma@example.com""",1
"""सीमा पाटिल का जन्मदिन 12 जुलाई 1990 है।""",1
"""आधार कार्ड नंबर: 1234 5678 9012""",1
"""कृपया मेरा ऑर्डर 789-XYZ-456 ट्रैक करें।""",1
"""मेरा पता: 22/3 रानी बाग, मुंबई - 400001""",1
"""कार्ड नंबर: 4111-1111-1111-1115, एक्सपायरी 05/25""",1
"""फोन पर सत्यापन कोड 7894 भेजें, मेरा नंबर 87654-32109 है।""",1
"""अंकिता जोशी, DOB: 15-08-1985, पैन कार्ड: AXXPJ1234Q""",1
"""मेरी शिकायत नंबर CS-7890-2023 है, कृपया अपडेट दें।""",1
"""मेरा बैंक अकाउंट नंबर 123456789012, IFSC: SBIN0001234""",1
"""ईमेल: priya.mehta@example.com, पासवर्ड रीसेट करें।""",1
"""डिलीवरी के लिए संपर्क करें: नीतू यादव, 987-654-3210""",1
"""मेरा वोटर आईडी: XYZ1234567, जन्मतिथि 03/03/1993""",1
"""UPI: 98989-87654@ybl, ₹500 ट्रांसफर किया।""",1
"""प्रिय संजय गुप्ता, आपका ऋण आवेदन 45678-2023 प्राप्त हुआ।""",1
"""मेरा टिकट नंबर B7-XY-8901, फ्लाइट AI-506।""",1
"""कृपया मेरी प्रोफाइल अपडेट करें: नाम - अरुण वर्मा, पता - 89-Gके, नोएडा।""",1
"""ड्राइविंग लाइसेंस नंबर: DL-04-2020-1234567""",1
"""मेरा नया पासवर्ड: Secure@1234, इसे बदल दें।""",1
"""मोबाइल रिचार्ज के लिए ₹299 पेटीएम नंबर 98765-43210 पर।""",1
"""पासपोर्ट नंबर: Z1234567, एक्सपायरी 2028।""",1
"""मेरा ईमेल: ankit.singh@example.com, फोन: 76543-21098।""",1
"""शिकायत नंबर: GRM-2023-5678, विषय: गलत बिल।""",1
"""अमित का UPI आईडी: amit.kumar@oksbi, ₹1000 भेजें।""",1
"""मेरा पता: फ्लैट नंबर 302, गंगा अपार्टमेंट, पुणे - 411002।""",1
"""पैन कार्ड: BXXPA9876Q, जन्मतिथि 10-10-1980।""",1
"""मेरा नेट बैंकिंग यूजर आईडी: user1234, पासवर्ड: Temp@5678।""",1
"""ट्रेन टिकट PNR: 123-456-7890, तारीख 15-11-2023।""",1
"""मेरा नया डेबिट कार्ड नंबर: 5555-5555-5555-5557।""",1
"""व्हाट्सएप पर मुझे +91 78901-23456 पर मैसेज करें।""",1
"""मेरी जॉब आवेदन आईडी: HR-APP-7890-2023।""",1
"""मेरा इंश्योरेंस पॉलिसी नंबर: LIC-12345678-XY।""",1
"""ई-कॉमर्स ऑर्डर आईडी: ORD-2023-5678, डिलीवरी 25 नवंबर।""",1
"""मेरा बिजली बिल खाता नंबर: EB-7890-1234-56।""",1
"""मेरा ईमेल: rohit.chauhan@example.com, फोन: 67890-12345।""",1
"""सोशल मीडिया अकाउंट: @simran_verma (Twitter)।""",1
"""मेरा वाहन नंबर: DL-4C-AB-1234, RC बुक अपलोड की गई।""",1
"""मेरा पैन कार्ड अपडेट करें: नाम - नीरज खन्ना, नया पता - मुम्बई।""",1
"""मेरा राशन कार्ड नंबर: RC-7890-1234-56।""",1
"""मेरा बैंक खाता नंबर: 789012345678, IFSC: HDFC0000123।""",1
"""मेरा नया सिम कार्ड नंबर: 98765-43210, वेरिफाई करें।""",1
"""मेरा पेंशन खाता नंबर: PENSION-7890-XYZ।""",1
"""मेरी वेबसाइट लॉगिन: यूजर - admin123, पासवर्ड - Admin@789।""",1
"""मेरी शादी की तारीख 14 फरवरी 2024 है, मेहमानों की सूची भेजी।""",1
"""मेरा आधार कार्ड अपडेट करें: नया मोबाइल 87654-32109।""",1
"""मेरा लैपटॉप सीरियल नंबर: XY123-456-7890Z।""",1
"""मेरा GST नंबर: 22AAAAA0000A1Z5, व्यापार का नाम ""सनशाइन स्टोर""।""",1
"""मेरा रूम नंबर 305, होटल ग्रैंड, बैंगलोर - 560001।""",1
"""मेरी मेडिकल रिपोर्ट आईडी: MR-7890-2023-456।""",1
"""मेरा कोविड वैक्सीन सर्टिफिकेट नंबर: COV-IND-7890-1234।""",1
"""मेरा बच्चे का जन्म प्रमाण पत्र नंबर: BIRTH-2023-5678।""",1
"""मेरा नया WiFi पासवर्ड: Secure@Home789।""",1
"""मेरा क्रेडिट स्कोर: 789, CIBIL रिपोर्ट देखी।""",1
"""ये सभी उदाहरण काल्पनिक हैं और वास्तविक व्यक्तियों या जानकारी से कोई संबंध नहीं है।""",1
"""Here are 50 fictional PII text snippets in Hindi without any real or sensitive data:""",1
"""राजेश कुमार, 45-B साकेत नगर, लखनऊ, उत्तर प्रदेश 226001""",1
"""मोबाइल: 98765-43210""",1
"""ईमेल: rajeshrk78@example.com""",1
"""कृपया मेरा नया क्रेडिट कार्ड 5123-4567-8912-3456 सक्रिय करें।""",1
"""अंकिता शर्मा, 12/34 रामनगर, जयपुर, राजस्थान 302001""",1
"""डिलीवरी के लिए पता: फ्लैट नंबर 202, ग्रीन हाइट्स, मुंबई 400050""",1
"""मेरा आधार नंबर 1234-5678-9012 है, कृपया वेरिफाई करें।""",1
"""विवेक पटेल, 89 सुभाष मार्ग, इंदौर, मध्य प्रदेश 452001""",1
"""अकाउंट नंबर 987654321, IFSC CODE: SBIN0001234""",1
"""मुझे मेरा पासवर्ड रीसेट करने की आवश्यकता है, मेरा ईमेल vivek.p@example.com है।""",1
"""सीमा यादव, 56 गांधी रोड, पटना, बिहार 800001""",1
"""कॉल करें: 87654-32109, 10 AM से 6 PM के बीच उपलब्ध।""",1
"""मेरी PAN कार्ड संख्या BVPKY1234L है।""",1
"""अनुज मिश्रा, 23/45 शांति नगर, भोपाल, मध्य प्रदेश 462001""",1
"""डेबिट कार्ड नंबर: 4567-8912-3456-7890, एक्सपायरी 05/25""",1
"""ईमेल: anujm87@example.com, जल्दी जवाब दें।""",1
"""प्रिया सिंह, 78 राजेंद्र नगर, देहरादून, उत्तराखंड 248001""",1
"""मेरा मोबाइल खो गया है, नया सिम कार्ड चाहिए।""",1
"""पहचान के लिए वोटर आईडी: XYZS5678901""",1
"""राहुल वर्मा, फ्लैट 301, सनराइज अपार्टमेंट, हैदराबाद 500032""",1
"""UPI ID: rahul.v@upi""",1
"""मेरा DOB 15-08-1985 है, KYC अपडेट करें।""",1
"""मीनाक्षी अग्रवाल, 34 बी सैक्टर-5, नोएडा, उत्तर प्रदेश 201301""",1
"""मेरा नया एड्रेस अपडेट कर दें।""",1
"""कॉन्टैक्ट: 76543-21098, मीनाक्षी.a@example.com""",1
"""अरुण जोशी, 67 विजय नगर, सूरत, गुजरात 395001""",1
"""पासपोर्ट नंबर: Z1234567, एक्सपायरी 2027""",1
"""कृपया मेरा टिकट बुक करें, जन्मतिथि 12-03-1979।""",1
"""नीतू गुप्ता, 90 शिवाजी मार्ग, पुणे, महाराष्ट्र 411001""",1
"""मेरा बैंक अकाउंट 5432109876, ब्रांच: HDFC0005678""",1
"""ईमेल: neetu.g@example.com, जल्दी कॉल करें।""",1
"""सुमित रॉय, 112 एलिगेंट सोसाइटी, अहमदाबाद, गुजरात 380001""",1
"""मेरा ड्राइविंग लाइसेंस नंबर GJ01-2020-1234567 है।""",1
"""मोबाइल: 65432-10987, सुबह 9 से शाम 7 बजे तक।""",1
"""अंजलि दास, 45/67 टैगोर गार्डन, कोलकाता, पश्चिम बंगाल 700032""",1
"""क्रेडिट कार्ड खो गया, नंबर 3456-7890-1234-5678 ब्लॉक करें।""",1
"""ईमेल: anjali.d@example.com, तुरंत कार्रवाई करें।""",1
"""आकाश मल्होत्रा, 78 प्रकाश अपार्टमेंट, चंडीगढ़, 160022""",1
"""मेरा व्हाट्सएप नंबर 98765-01234 है।""",1
"""पैन कार्ड: AKPML7890N, KYC के लिए चाहिए।""",1
"""सोनाली मेहरा, 56 रोज़ गार्डन, बैंगलोर, कर्नाटक 560001""",1
"""मेरा नया पता: फ्लैट 303, गोल्डन टावर, बैंगलोर 560102""",1
"""संपर्क: 91234-56789, sonali.m@example.com""",1
"""विकास चौधरी, 23 स्टार हाइट्स, नागपुर, महाराष्ट्र 440001""",1
"""UPI: vikasc87@okhdfcbank""",1
"""मेरा आधार अपडेट करें, जन्मतिथि 30-11-1990।""",1
"""पूजा सक्सेना, 12 शांति विहार, दिल्ली 110092""",1
"""मेरा वोटर आईडी DL09-123456789 है।""",1
"""मोबाइल: 87654-32123, कृपया कॉल करें।""",1
"""रोहित खन्ना, 34 मॉडर्न सोसाइटी, गुड़गांव, हरियाणा 122001""",1
"""डेबिट कार्ड नंबर 5678-9012-3456-7890, CVV 123""",1
"""ईमेल: rohitk@example.com, तुरंत सहायता चाहिए।""",1
"""स्नेहा जैन, 89 सुशांत सोसाइटी, वडोदरा, गुजरात 390001""",1
"""मेरा नया नंबर 76543-21012 है, पुराना बंद कर दें।""",1
"""पैन कार्ड: ABCDE1234F, जल्दी अपडेट करें।""",1
"""मोहित अग्रवाल, 101 सिटी लाइट्स, अमृतसर, पंजाब 143001""",1
"""मेरा पासपोर्ट ZX9876543, 2028 तक वैध।""",1
"""ईमेल: mohit.a@example.com, जल्दी जवाब दें।""",1
"""कविता सिंह, 23 एमआईजी कॉलोनी, रायपुर, छत्तीसगढ़ 492001""",1
"""बैंक अकाउंट 1234567890, IFSC: ICIC000123""",1
"""संपर्क: 65432-10987, सुबह 10 से शाम 6 बजे तक।""",1
"""अभिषेक तिवारी, 78 पारस एस्टेट, वाराणसी, उत्तर प्रदेश 221001""",1
"""मेरा ड्राइविंग लाइसेंस UP70-2021-7654321।""",1
"""मोबाइल: 98765-12340, तुरंत कॉल करें।""",1
"""दिव्या राणा, 45 गोल्डन अपार्टमेंट, शिमला, हिमाचल प्रदेश 171001""",1
"""मेरा ईमेल divya.r@example.com है, पासवर्ड रीसेट करें।""",1
"""पैन: DIVYR5678P, KYC पूरा करने के लिए।""",1
"""अभिनव शुक्ला, 67 सनबीम सोसाइटी, भुवनेश्वर, ओडिशा 751001""",1
"""मेरा व्हाट्सएप नंबर 87654-32109 है।""",1
"""UPI ID: abhinavs@oksbi""",1
"""मेरा DOB 23-07-1988 है, जल्दी अपडेट करें।""",1
"""साक्षी वर्मा, 34 सिल्वर स्क्वायर, जम्मू, 180001""",1
"""मेरा क्रेडिट कार्ड 6789-0123-4567-8910, एक्सपायरी 06/26।""",1
"""ईमेल: sakshi.v@example.com, तुरंत ब्लॉक करें।""",1
"""वरुण गोयल, 56 टाइगर गार्डन, अजमेर, राजस्थान 305001""",1
"""मेरा आधार नंबर 2345-6789-0123 है।""",1
"""मोबाइल: 76543-21098, शाम 5 बजे के बाद कॉल करें।""",1
"""प्रियंका राजपूत, 78 रॉयल पैलेस, उदयपुर, राजस्थान 313001""",1
"""मेरा नया नंबर 91234-56789 है, पुराना डिएक्टिवेट करें।""",1
"""PAN: PRKRA5678L, तुरंत सत्यापित करें।""",1
"""आदित्य खरे, 12 सुपर स्टार हाइट्स, गोआ 403001""",1
"""पासपोर्ट: YX1234567, 2029 तक वैध।""",1
"""ईमेल: adityak@example.com, जल्दी कॉल करें।""",1
"""जया मलिक, 45 डायमंड सोसाइटी, बरेली, उत्तर प्रदेश 243001""",1
"""मेरा वोटर आईडी UP05-987654321 है।""",1
"""कॉन्टैक्ट: 87654-32101, सुबह 9 से शाम 5 बजे तक।""",1
"""ये सभी डेटा पूरी तरह से काल्पनिक हैं और किसी वास्तविक व्यक्ति से संबंधित नहीं हैं।""",1
"""**Important Note:** All data below is entirely fictional and not based on real individuals or sensitive information.""",1
"""1. राहुल शर्मा, 45/B साकेत नगर, दिल्ली - 110017""",1
"""2. मो. नंबर: 98765-43210""",1
"""3. ईमेल: priyanka_verma@example.com""",1
"""4. क्रेडिट कार्ड: 4567-8901-2345-6789, एक्सपायरी 05/25""",1
"""5. आधार कार्ड नंबर: 1234-5678-9012""",1
"""6. शुभम गुप्ता, 22 राजेंद्र मार्ग, मुंबई - 400001""",1
"""7. फोन: 011-27895634""",1
"""8. पैन कार्ड: ABCPG1234D""",1
"""9. व्हाट्सएप पर संपर्क करें: 87654-32109""",1
"""10. निवास पता: फ्लैट नं. 301, गंगा अपार्टमेंट, लखनऊ - 226020""",1
"""11. ईमेल: rohan.kapoor@example.net""",1
"""12. डेबिट कार्ड: 5678-9012-3456-7890, CVV 123""",1
"""14. अंकिता सिंह, 5वीं मंजिल, सूर्या टावर, बेंगलुरु - 560001""",1
"""15. UPI ID: 7890123456@upi""",1
"""16. जन्म तिथि: 15-08-1985""",1
"""17. पासपोर्ट नंबर: A12345678""",1
"""18. 104, शांति निकेतन, कोलकाता - 700075""",1
"""19. मोबाइल: 76543-21098""",1
"""20. नेट बैंकिंग यूजर आईडी: neha_5678""",1
"""21. वोटर आईडी: DL/12/345/678901""",1
"""22. संजय मल्होत्रा, डी-12, ग्रीन पार्क, हैदराबाद - 500016""",1
"""23. कस्टमर केयर नंबर: 1800-123-4567""",1
"""24. ईमेल: anand.patel@example.org""",1
"""25. क्रेडिट कार्ड: 3456-7890-1234-5678, एक्सपायरी 12/26""",1
"""26. प्रिया जोशी, 33 महात्मा गांधी रोड, पुणे - 411001""",1
"""27. फोन: 022-65432109""",1
"""28. ड्राइविंग लाइसेंस: DL-78901234567""",1
"""29. UPI: 8901234567@okbank""",1
"""30. 78/ए, सुभाष नगर, जयपुर - 302016""",1
"""31. मोबाइल नंबर: 65432-10987""",1
"""32. ईमेल: meera.shah@example.in""",1
"""33. पैन: DEFGH6789K""",1
"""34. अंकित बोस, फ्लैट नं. 502, ओशियन व्यू, चेन्नई - 600028""",1
"""35. व्हाट्सएप: 54321-09876""",1
"""36. बैंक अकाउंट नंबर: 1234567890123456, IFSC: SBIN0001234""",1
"""37. जन्म तिथि: 22-07-1992""",1
"""38. आधार: 9876-5432-1098""",1
"""39. 15, टैगोर गार्डन, नई दिल्ली - 110027""",1
"""40. फोन: 0120-4567890""",1
"""41. ईमेल: vikram.singhaniya@example.com""",1
"""42. क्रेडिट कार्ड: 6789-0123-4567-8901, CVV 456""",1
"""43. नीलम देशपांडे, 9वीं मंजिल, गोल्डन हाइट्स, इंदौर - 452001""",1
"""44. मोबाइल: 43210-98765""",1
"""45. UPI ID: 9012345678@ybl""",1
"""46. पासपोर्ट: B98765432, एक्सपायरी 10/2030""",1
"""47. 23, विश्वकर्मा मार्ग, अहमदाबाद - 380015""",1
"""48. कस्टमर केयर: 1860-789-0123""",1
"""49. ईमेल: arun.mishra@example.co.in""",1
"""50. वोटर आईडी: MH/45/678/901234""",1
"""All data is purely fictional and created for illustrative purposes only.""",1
"""राहुल शर्मा, 45 साल, ने अपना नया बैंक खाता 7890-5678-1234-4321 से लिंक किया।""",1
"""सुमन देवी का फोन नंबर 9876543210 है और वह दिल्ली में रहती है।""",1
"""कृपया अपना आधार कार्ड नंबर XXXXXX1234 सत्यापित करें।""",1
"""अनीता पांडेय का जन्मदिन 15 अगस्त 1990 है और उनका ईमेल anita.p@example.com है।""",1
"""राजेश कुमार ने 12/25 तक के लिए 5678-9012-3456-7890 कार्ड का उपयोग किया।""",1
"""मोहन लाल का पता: 456, गांधी नगर, मुंबई, 400001।""",1
"""सोनिया वर्मा का PAN कार्ड नंबर ABCDE1234F है।""",1
"""विकास सिंह का मोबाइल +91 8765432109 है और वह बैंगलोर में रहते हैं।""",1
"""प्रिया मिश्रा का ईमेल priya_mishra@example.in पर उपलब्ध है।""",1
"""रवि का ड्राइविंग लाइसेंस नंबर DL-123456789 है।""",1
"""नीता पटेल ने 321-45-6789 SSN का उपयोग किया।""",1
"""अमिताभ का पासपोर्ट नंबर Z1234567 है और वह 20 मई 1985 को पैदा हुए थे।""",1
"""सुनील का क्रेडिट कार्ड नंबर 4567-8901-2345-6789 है, एक्सपायरी 06/27।""",1
"""रंजना यादव का वोटर आईडी XYZ567890 है।""",1
"""मीना का फोन नंबर 7654321098 है और वह लखनऊ में रहती है।""",1
"""अरुण का बैंक खाता नंबर 123456789012 है, IFSC CODE SBIN0001234।""",1
"""सचिन तेंदुलकर (नाम सिमुलेशन) का पता 789, सचिन सोसाइटी, मुंबई है।""",1
"""पूजा का ईमेल pooja_ray@example.com और जन्मतिथि 10 जनवरी 1992 है।""",1
"""रोहित शर्मा का PAN कार्ड नंबर BNZPM7890L है।""",1
"""गीता का आधार नंबर 6789-1234-5678 सत्यापित किया गया।""",1
"""अंकित का मोबाइल +91 7890123456 और पता 34, राजपुर रोड, देहरादून।""",1
"""सनी लियोनी (नाम सिमुलेशन) का पासपोर्ट नंबर Y7654321 है।""",1
"""मयंक का क्रेडिट कार्ड 3456-7890-1234-5678, CVV 123, एक्सपायरी 09/25।""",1
"""साक्षी का वोटर आईडी 4567DEFG है और वह पुणे में रहती है।""",1
"""राज का ड्राइविंग लाइसेंस DL-987654321 है।""",1
"""पारुल का ईमेल parul_g@example.org और फोन 6543210987।""",1
"""विवेक का SSN 987-65-4321 और जन्मतिथि 3 मार्च 1988।""",1
"""अक्षय का बैंक खाता 567890123456, IFSC HDFC0005678।""",1
"""अर्पिता का आधार नंबर 3456-7890-1234।""",1
"""मनोज का पता: फ्लैट 201, सीतापुर, कोलकाता, 700001।""",1
"""स्नेहा का PAN कार्ड CFGHI5678K और मोबाइल 8901234567।""",1
"""अंजलि का क्रेडिट कार्ड 2345-6789-0123-4567, एक्सपायरी 12/24।""",1
"""रितु का पासपोर्ट नंबर X9876543 और जन्मतिथि 25 दिसंबर 1993।""",1
"""तरुण का फोन नंबर 9012345678 और पता 56, सिविल लाइन्स, इंदौर।""",1
"""प्रदीप का वोटर आईडी 7890WXYZ और ईमेल pradeep_k@example.net।""",1
"""सुरेश का ड्राइविंग लाइसेंस DL-456789123 है।""",1
"""निधि का SSN 876-54-3210 और जन्मतिथि 14 अप्रैल 1991।""",1
"""माधुरी का बैंक खाता 678901234567, IFSC ICICI0006789।""",1
"""रोहन का आधार नंबर 9012-3456-7890।""",1
"""सिमरन का पता: 78, ग्रीन पार्क, दिल्ली, 110016।""",1
"""पंकज का PAN कार्ड LMNOP9012Q और फोन 8123456789।""",1
"""किरण का क्रेडिट कार्ड 1234-5678-9012-3456, CVV 456।""",1
"""विनय का पासपोर्ट नंबर V1234567 और ईमेल vinay_r@example.co.in।""",1
"""सोनम का वोटर आईडी 1234ABCD और मोबाइल 7234567890।""",1
"""अभिषेक का ड्राइविंग लाइसेंस DL-321654987 है।""",1
"""मुकेश का SSN 765-43-2109 और जन्मतिथि 30 जून 1987।""",1
"""सारिका का बैंक खाता 789012345678, IFSC PNB0007890।""",1
"""राजीव का आधार नंबर 5678-9012-3456।""",1
"""प्रियंका का पता: 90, विहार एन्क्लेव, हैदराबाद, 500034।""",1
"""अभिनव का PAN कार्ड QRSTU3456V और ईमेल abhinav.s@example.com।""",1
"""संजय का क्रेडिट कार्ड 6789-0123-4567-8901, एक्सपायरी 03/26।""",1
"""दीपिका का पासपोर्ट नंबर W2345678 और फोन 9345678901।""",1
"""राहुल का वोटर आईडी 5678EFGH और पता 23, अशोक विहार, चेन्नई।""",1
"""राहुल शर्मा, 45 साल, ने अपना नया एड्रेस अपडेट किया: 456 गाँधी नगर, मुंबई।""",1
"""मेरा मोबाइल नंबर बदल गया है, नया नंबर है 98765-43210।""",1
"""कृपया मेरा ऑर्डर 7890-1234-5678-9012 कार्ड से प्रोसेस करें।""",1
"""सुमन देवी का पैन कार्ड नंबर ABCPD1234X है।""",1
"""रजिस्ट्रेशन के लिए मेरी जन्मतिथि 15/08/1985 डालें।""",1
"""अर्जुन सिंह का ईमेल arjun.singh@example.com है।""",1
"""मेरा नया घर नंबर 22, राजेंद्र मार्ग, दिल्ली में है।""",1
"""पासपोर्ट नंबर J87654321 के साथ बुकिंग की गई है।""",1
"""अंकिता पाटिल का कॉन्टैक्ट नंबर 87654-32109 है।""",1
"""मेरा आधार कार्ड नंबर 1234-5678-9012 है।""",1
"""प्रियांशु गुप्ता का ड्राइविंग लाइसेंस नंबर DL-987654321 है।""",1
"""मेरा नया ईमेल पता neha.verma@example.org है।""",1
"""ऑर्डर कन्फर्मेशन के लिए 5555-6666-7777-8888 कार्ड का उपयोग किया गया।""",1
"""शुभम मिश्रा का बैंक अकाउंट नंबर 123456789012 है।""",1
"""मेरा पुराना फोन नंबर 76543-21098 अब वैध नहीं है।""",1
"""अंकित खन्ना का वीज़ा नंबर US-98765432 है।""",1
"""आवेदन फॉर्म में मेरा पता 101, सुभाष चौक, कोलकाता डालें।""",1
"""मेरा नया डेबिट कार्ड नंबर 4321-5678-9012-3456 है।""",1
"""रिया मल्होत्रा का पीएफ नंबर ABC12345678 है।""",1
"""मेरा पासवर्ड रीसेट लिंक priya.shah@example.com पर भेजें।""",1
"""आयुष मान का आईडी प्रूफ 67890-12345 है।""",1
"""मेरा नया घर नंबर 33, नेहरू रोड, बैंगलोर में है।""",1
"""कार्ड नंबर 1111-2222-3333-4444 का उपयोग भुगतान के लिए किया गया।""",1
"""सोनाली जोशी का मोबाइल नंबर 65432-10987 है।""",1
"""मेरा वोटर आईडी नंबर XYZ987654321 है।""",1
"""अभिषेक रॉय का ईमेल abhishek.roy@example.net है।""",1
"""मेरा नया क्रेडिट कार्ड नंबर 9999-8888-7777-6666 है।""",1
"""कृपया मेरा टिकट नाम: रितिका सेन, आईडी: 56789-01234 से बुक करें।""",1
"""मेरी जन्मतिथि 22/11/1990 है, इसे अपडेट कर दें।""",1
"""विकास मेहता का पता: 78, लोकमान्य नगर, हैदराबाद।""",1
"""मेरा नया फोन नंबर 91234-56789 है, पुराना बंद हो गया।""",1
"""प्रिया अग्रवाल का पैन कार्ड नंबर DEFGH5678Y है।""",1
"""कार्ड नंबर 1212-3434-5656-7878 से पेमेंट किया गया।""",1
"""मेरा आधार नंबर 9876-5432-1098 है, यही सही है।""",1
"""अमन त्रिपाठी का ड्राइविंग लाइसेंस DL-123456789 है।""",1
"""रजिस्ट्रेशन के लिए मेरा ईमेल aman.tripathi@example.com है।""",1
"""मेरा बैंक अकाउंट नंबर 567890123456 है, SBI का।""",1
"""अंकिता दास का नया पता: 12, टैगोर लेन, चेन्नई।""",1
"""कृपया मेरे क्रेडिट कार्ड 3456-7890-1234-5678 से चार्ज करें।""",1
"""मेरा पासपोर्ट नंबर P87654321 है, यात्रा के लिए चेक करें।""",1
"""नीलम सक्सेना का मोबाइल नंबर 78901-23456 है।""",1
"""आवेदन में मेरा नाम रोहित वर्मा और जन्मतिथि 05/03/1988 डालें।""",1
"""मेरा नया ईमेल rohit.verma@example.co.in है।""",1
"""ऑर्डर के लिए 2222-3333-4444-5555 कार्ड का उपयोग किया गया।""",1
"""मेरा वोटर आईडी नंबर UVW123456789 है।""",1
"""श्रेया कपूर का पीएफ नंबर XYZ12345678 है।""",1
"""मेरा नया घर नंबर 55, पटेल नगर, अहमदाबाद में है।""",1
"""मेरा पैन कार्ड नंबर LMNOP1234Q है, KYC के लिए उपयोग करें।""",1
"""कृपया मेरा टिकट नाम: अर्चना सिंह, आईडी: 45678-90123 से बुक करें।""",1
"""मेरा आधार नंबर 3456-7890-1234 है, इसे वेरिफाई करें।""",1
"""मेरा नया डेबिट कार्ड नंबर 8888-9999-0000-1111 है।""",1
"""राहुल शर्मा, 456 पार्क रोड, मुंबई - 400001, फोन: 98765-43210""",1
"""अनुराधा पाटिल का ईमेल: anu.patil@example.com, जन्मतिथि: 15/08/1990""",1
"""कार्ड नंबर: 4111-2233-4455-6678, एक्सपायरी: 12/25, CVV: 123""",1
"""मेरा आधार नंबर 1234-5678-9012 है, कृपया सत्यापित करें।""",1
"""रोहित वर्मा, 78/बी गांधी नगर, दिल्ली, मोबाइल: 87654-32109""",1
"""मेरी ऑर्डर डिटेल: ऑर्डर #ORD789, डिलीवरी: 34 रोयल एवेन्यू, कोलकाता""",1
"""सुमन मिश्रा का पासपोर्ट नंबर: Z1234567, जारी तिथि: 01/01/2020""",1
"""ईमेल: customer@example.com से शिकायत - अकाउंट नंबर: ACC789012""",1
"""मेरा PAN कार्ड: ABCDE1234F, DOB: 05/12/1985""",1
"""डिलीवरी एड्रेस: 21 बी, साकेत नगर, लखनऊ, पिन: 226001""",1
"""फोन बिल का रेफरेंस नंबर: BILL789456, भुगतान ₹1200""",1
"""अंकिता जोशी, UID: 9876-5432-1098, बैंक: SBI अकाउंट XXXX5678""",1
"""मेरा व्हाट्सएप नंबर बदल गया है: 78901-23456""",1
"""शिकायत आईडी: COMP456, ग्राहक: विजय सिंह, फोन: 76543-21098""",1
"""मेरा ड्राइविंग लाइसेंस नंबर: DL-9876543210, राजस्थान""",1
"""प्रियांशु गुप्ता, 12 सी, सिविल लाइंस, इलाहाबाद, यूपी""",1
"""ईमेल: support@example.com को भेजा गया - टिकट #TKT789, उपयोगकर्ता: नीरज""",1
"""मेरा वोटर आईडी: XYZ1234567, जन्मतिथि: 30/11/1978""",1
"""अमन कुमार, 90 डी, साउथ एक्सटेंशन, दिल्ली, पिन: 110049""",1
"""कार्ड खो गया - रिपोर्ट नंबर: LOST789, कार्ड अंतिम चार अंक: 9876""",1
"""पैन कार्ड अपडेट फॉर्म: नाम: प्रिया मेनन, पुराना PAN: WXYZ1234E""",1
"""मोबाइल रिचार्ज के लिए पेमेंट: 9999-8888-7777-6666, एक्सपायरी 06/24""",1
"""मेरा राशन कार्ड नंबर: RC1234567890, राज्य: बिहार""",1
"""ग्राहक सेवा कॉल - रेफरेंस नंबर: CSR123, ग्राहक: अरुण शेखर""",1
"""पता परिवर्तन: 45/बी, मालवीय नगर, जयपुर, पिन: 302018""",1
"""मेरा इंश्योरेंस पॉलिसी नंबर: IN789456, नाम: मोहित खन्ना""",1
"""बैंक ट्रांजेक्शन रेफरेंस: TXN456789, अमाउंट: ₹5,000""",1
"""अंकिता बोस, 67 डी, सॉल्ट लेक, कोलकाता, फोन: 65432-10987""",1
"""मेरा UPI ID: rahul.yadav@upi, मोबाइल: 98765-12340""",1
"""विमा योजना आवेदन: आवेदक: सचिन वर्मा, फोन: 76543-21098""",1
"""ट्रेन टिकट PNR: 1234567890, यात्री: रिया कपूर""",1
"""मेरा प्रोफाइल अपडेट: नाम: संजय मेहता, ईमेल: sanjay.m@example.com""",1
"""सब्सक्रिप्शन रिन्यूअल: कार्ड नंबर XXXX-XXXX-XXXX-3456, एक्सपायरी 09/25""",1
"""पासबुक अपडेट: अकाउंट नंबर 123456789, होल्डर: अदिति देशपांडे""",1
"""शादी का कार्ड: मेहमान पता - 89, ग्रीन पार्क, हैदराबाद""",1
"""पार्सल ट्रैकिंग नंबर: PKG789456123, प्राप्तकर्ता: किरण सिंह""",1
"""मेरा नया SIM नंबर: 98765-00112, ऑपरेटर: Airtel""",1
"""विद्युत बिल भुगतान: कनेक्शन नंबर: EB789456, राशि: ₹2,300""",1
"""फ्लाइट बुकिंग: PNR FLY789, यात्री: अविनाश रॉय""",1
"""मेडिकल रिपोर्ट: मरीज: दीपक शर्मा, आयु: 35, अस्पताल: अपोलो""",1
"""प्रॉपर्टी रजिस्ट्रेशन: खरीददार: राजीव मल्होत्रा, पता: 12/सी, चेन्नई""",1
"""रेफरल कोड: REF12345, उपयोगकर्ता: प्रिया नायर""",1
"""क्रेडिट कार्ड स्टेटमेंट: अकाउंट XXXX-XXXX-XXXX-7890, कुल बकाया: ₹15,000""",1
"""बिजनेस कार्ड: समीर खान, मोबाइल: 87654-32109, कंपनी: टेक सॉल्यूशंस""",1
"""ऑनलाइन फॉर्म: नाम: तन्वी श्रीवास्तव, शिक्षा: एम.ए., पता: इंदौर""",1
"""इंटरव्यू शेड्यूल: उम्मीदवार: अक्षय पांडे, फोन: 78901-23456""",1
"""गैस कनेक्शन: उपभोक्ता नंबर: GAS789456, नाम: निशा गुप्ता""",1
"""वेडिंग प्लानर: दूल्हा: राहुल, दुल्हन: प्रिया, संपर्क: 98765-12340""",1
"""(नोट: सभी डेटा काल्पनिक है और किसी वास्तविक व्यक्ति या जानकारी से संबंधित नहीं है।)""",1
"""राहुल शर्मा, 45/बी साकेत नगर, दिल्ली - 110017, मोबाइल: 98765-43210""",1
"""सुषमा पाटील का बैंक खाता नंबर: 5678123409876543, IFSC: SBIN0000456""",1
"""अंकित मल्होत्रा का आधार कार्ड नंबर: 7890-1234-5678""",1
"""मेरा ईमेल है priyanka_verma@example.com, पासवर्ड रीसेट करने में मदद करें।""",1
"""रजिस्ट्रेशन फॉर्म: नाम - विवेक जोशी, जन्मतिथि - 15/08/1985, पता - फ्लैट नं. 302, ग्रीन वैली सोसाइटी, मुंबई""",1
"""क्रेडिट कार्ड नंबर 4111-1111-1111-1111, एक्सपायरी 05/27, CVV 123""",1
"""अमित सिंह का पैन कार्ड: BNPPS1234F""",1
"""मेरा फोन खो गया है, नया सिम कार्ड चाहिए। पुराना नंबर: 87654-32109""",1
"""रोहित अग्रवाल का ड्राइविंग लाइसेंस नंबर: DL-0420113456789""",1
"""टिकट बुक करने के लिए पासपोर्ट नंबर: Z1234567, एक्सपायरी 2025""",1
"""सोनिया भार्गव का वोटर आईडी: MP/12/345/678901""",1
"""मेरा UPI ID है rajesh.kumar@exampleupi, पेमेंट भेजें।""",1
"""निवेदिता दास का बैंक डिटेल: एकाउंट नंबर 9876543210, बैंक ऑफ़ इंडिया""",1
"""मेरी जन्मतिथि 30/11/1992 है, पहचान के लिए इस्तेमाल करें।""",1
"""कार्यालय फॉर्म: कर्मचारी आईडी - E12345, जॉइनिंग तिथि - 01/04/2018""",1
"""मेरा नया एड्रेस: डी-504, रॉयल टावर्स, बैंगलोर - 560001""",1
"""प्रशांत मिश्रा का इंश्योरेंस पॉलिसी नंबर: ICICI4567890123""",1
"""विदेश यात्रा के लिए वीजा अप्लाई किया, पासपोर्ट नंबर P9876543""",1
"""अंजली गुप्ता का मोबाइल नंबर बदला गया: नया नंबर 76543-21098""",1
"""कस्टमर केयर से बात करें, मेरा रेफरेंस नंबर है CX-789012""",1
"""शालिनी रेड्डी का ईमेल: shalini.reddy@examplemail.com""",1
"""मेरा राशन कार्ड नंबर 5678901234567 है, अपडेट करें।""",1
"""अरुण कुमार का ट्विटर हैंडल: @arunkumar_official""",1
"""बीमा क्लेम के लिए पॉलिसी नंबर 7654321098 दर्ज करें।""",1
"""मेघना सिंहानिया का व्हाट्सएप नंबर: 91234-56789""",1
"""मेरी मैरिज सर्टिफिकेट नंबर है DL/2020/123456""",1
"""प्रीति चौहान का नया डेबिट कार्ड नंबर: 5234-5678-9012-3456""",1
"""ई-कॉमर्स ऑर्डर ट्रैक करें, ऑर्डर आईडी OD-123456789""",1
"""आदित्य खन्ना का पैन कार्ड: ADKPS7890L""",1
"""मेरा नेट बैंकिंग यूजर आईडी: aditya123, पासवर्ड भूल गया।""",1
"""नीलम शाह का आधार लिंक्ड मोबाइल: 87654-32109""",1
"""मेरा GST नंबर: 22ABCDE1234F5G6""",1
"""किरण बेदी का बिज़नेस कार्ड: मोबाइल - 76543-21098, ईमेल - kiran.bedi@example.com""",1
"""प्रॉपर्टी डॉक्यूमेंट में नाम: विजय मलिक, खाता नंबर 1234567890""",1
"""रितिका मेहरा का LinkedIn प्रोफाइल: linkedin.com/in/ritikamehra""",1
"""कोविड वैक्सीनेशन सर्टिफिकेट आईडी: COVIN987654321""",1
"""समीर खान का बैंक खाता: एकाउंट नंबर 5432109876, IFSC: HDFC0000123""",1
"""मेरा फोटो आईडी अपलोड की गई है, नाम: प्रियंका शेखawat, पता: जयपुर""",1
"""अभिषेक वर्मा का क्रेडिट कार्ड: 3782-822463-10005, एक्सपायरी 12/24""",1
"""मोबाइल रिचार्ज के लिए पेमेंट करें, UPI: abhishek.v@examplepay""",1
"""दीपक जैन का पासवर्ड हिंट: पहला पालतू जानवर का नाम - टॉमी""",1
"""मेरा वेतन खाता नंबर: 987654321012, बैंक: एसबीआई""",1
"""सुमित गोयल का वीजा कार्ड: 4222-3589-1002-3456, CVV 789""",1
"""मेरी माँ का मैडेन नाम: सीमा अग्रवाल, केवाईसी के लिए""",1
"""रजनीश पांडे का ईमेल: r.pandey@examplework.com""",1
"""मेरा प्रोफाइल अपडेट करें, नया पता: ए-702, सनराइज अपार्टमेंट, पुणे""",1
"""तन्वी अरोड़ा का व्हाट्सएप नंबर: 98765-01234""",1
"""मेरा डोमेन रजिस्ट्रेशन डिटेल: नाम - तन्वी अरोड़ा, ईमेल - contact@example.in""",1
"""अभिनव सक्सेना का ट्विटर हैंडल: @abhinavreal""",1
"""मेरा नया डेबिट कार्ड PIN 4545 है, कृपया कन्फर्म करें।""",1
"""राहुल शर्मा, 45 एल्म स्ट्रीट, मुंबई, 400001""",1
"""मेरा मोबाइल नंबर 98765-43210 है, कृपया कॉल करें।""",1
"""एकाउंट नंबर: 1234567890, IFSC कोड: SBIN0001234""",1
"""क्रेडिट कार्ड: 5555-1234-5678-9012, एक्सपायरी 12/25""",1
"""ईमेल: priya_verma@example.com पर संपर्क करें।""",1
"""आधार कार्ड: 7890-1234-5678""",1
"""अर्जुन पटेल, 12 गांधी रोड, दिल्ली, 110001""",1
"""फोन: +91-87654-32109, जल्दी वापस कॉल करें।""",1
"""पैन कार्ड: ABCDE1234F""",1
"""मेरा नया पता: 34 रोज गार्डन, बैंगलोर, 560001""",1
"""UPI ID: rajesh.kumar@examplebank""",1
"""ड्राइविंग लाइसेंस: DL-5678901234567""",1
"""सोनाली मेहता, 78 ओक एवेन्यू, कोलकाता, 700017""",1
"""मोबाइल: 76543-21098, WhatsApp पर मैसेज करें।""",1
"""बैंक अकाउंट: 456789012345, HDFC0000456""",1
"""क्रेडिट कार्ड: 4111-1111-1111-1111, CVV 123""",1
"""ईमेल: neha.singh@example.org पर डिटेल्स भेजें।""",1
"""वोटर आईडी: VOT12345678""",1
"""अमित जोशी, 90 पाइन स्ट्रीट, हैदराबाद, 500032""",1
"""कॉल करें: 65432-10987, शाम को उपलब्ध।""",1
"""पासपोर्ट: P12345678, एक्सपायर 2026""",1
"""UPI: amit.joshi@examplepay""",1
"""शॉपिंग ऑर्डर #ORD-78901234, डिलीवरी पता अपडेट करें।""",1
"""ईमेल: customer_care@exampleshop.com""",1
"""आधार: 2345-6789-0123""",1
"""मेरा नया नंबर: 54321-09876, पुराना डिलीट कर दें।""",1
"""रजिस्ट्रेशन आईडी: REG-567890, नाम: अनुभव गुप्ता""",1
"""फ्लाइट बुकिंग: PNR 1234567890, यात्री: रिया मल्होत्रा""",1
"""पेमेंट रेफरेंस: TXN-9876543210""",1
"""मोबाइल रिचार्ज: 9876543210, ₹499 का प्लान।""",1
"""ईमेल: support@examplemobile.com""",1
"""डेबिट कार्ड: 4567-8912-3456-7890, एक्सपायरी 05/24""",1
"""शिकायत नंबर: COMP-123456, नाम: विवेक खन्ना""",1
"""एटीएम पिन रीसेट के लिए 1800-123-456 पर कॉल करें।""",1
"""यूजरनेम: rohit_89, पासवर्ड रीसेट लिंक भेजें।""",1
"""पता: 56 मैपल लेन, चेन्नई, 600002, लैंडमार्क: पोस्ट ऑफिस के पास।""",1
"""बीमा पॉलिसी नंबर: INS-7890123456""",1
"""मोबाइल नंबर बदलकर 87654-32109 कर दिया गया है।""",1
"""ईमेल: contact@exampleinsurance.com""",1
"""ट्रेन टिकट: PNR 9876543210, यात्री: अदिति देशमुख।""",1
"""कस्टमर केयर चैट: यूजर आईडी - CS123456, नाम: कार्तिक पांडे।""",1
"""पेमेंट कन्फर्मेशन: ऑर्डर #456789, AMOUNT ₹1,299।""",1
"""वेबसाइट लॉगिन: यूजरनेम - sanjay_2023, पासवर्ड - Reset@123।""",1
"""बिजली बिल: कंज्यूमर नंबर 7890123456, ₹1200 का भुगतान करें।""",1
"""सोशल मीडिया पोस्ट: मेरा नया नंबर 76543-21098 है, सेव कर लें।""",1
"""बैंक स्टेटमेंट: अकाउंट 7890123456, लेन-देन हिस्ट्री।""",1
"""ई-कॉमर्स डिलीवरी: ऑर्डर #789012, ग्राहक: मोहन शर्मा।""",1
"""सर्वे फॉर्म: नाम - शिवानी रॉय, ईमेल - shivani@example.com।""",1
"""क्रेडिट स्कोर चेक: पैन - AB""",1
"""Here are 50 fictional PII examples in Hindi:""",1
"""राहुल शर्मा, जन्म तिथि 15/08/1985, मोबाइल नंबर 98765-43210""",1
"""अनामिका पाटिल, ईमेल anamika.p@example.com, पता: 45 गांधी नगर, पुणे""",1
"""सुमित कुमार की क्रेडिट कार्ड संख्या 4545-7878-3636-1212, एक्सपायरी 05/26""",1
"""आधार कार्ड: XXXX-XXXX-7890, जारी शहर - जयपुर""",1
"""प्रियंका मिश्रा, फोन नंबर +91 87654 32109, जन्मस्थान: लखनऊ""",1
"""अभिषेक सिंह का पैन कार्ड: ABCPS1234D""",1
"""मेरा नया पता: 12/बी, साकेत विहार, दिल्ली - 110017""",1
"""ईमेल: rohit.verma@mailservice.in, पासवर्ड: Temp@1234 (नोट: यह नकली है)""",1
"""शुभम गुप्ता का बैंक अकाउंट नंबर: 123456789012, IFSC: SBIN0001234""",1
"""कुसुम यादव, फोन 76543-21098, व्हाट्सएप पर उपलब्ध""",1
"""मेरा ड्राइविंग लाइसेंस नंबर: DL-0420112345678""",1
"""सोनाली देशमुख, ईमेल: sonali.d@webmail.com, जन्म तिथि 30/11/1992""",1
"""अंकित खन्ना का पासपोर्ट नंबर: Z1234567, एक्सपायरी 2030""",1
"""विपुल जैन, 89 रोहिणी सैक्टर-5, दिल्ली, पिन कोड 110085""",1
"""फोन खो गया है: IMEI नंबर 123456789012345, कृपया ब्लॉक करें""",1
"""ईमेल: priya.malhotra@example.org, फोन: 65432-10987""",1
"""मेरी नई डेबिट कार्ड संख्या: 5678-9012-3456-7890, CVV 123""",1
"""राजीव मेहरा, आयकर पैन: BNWPM5678L""",1
"""अंजलि श्रीवास्तव, वोटर आईडी: XYZ567890123""",1
"""मोबाइल पेमेंट UPI: rahul.shah@upi""",1
"""सुरेश पांडे, 34/बी, अंधेरी वेस्ट, मुंबई - 400053""",1
"""अभिनव त्रिपाठी, ईमेल: abhinav.t@domain.co.in, पासवर्ड: Welcome#1""",1
"""आधार लिंक्ड मोबाइल: 78901-23456 (नकली नंबर)""",1
"""नीता रॉय, पासपोर्ट एक्सपायरी: 15/06/2028, जन्मतिथि 22/09/1988""",1
"""क्रेडिट कार्ड स्टेटमेंट: 4321-8765-9012-3456, बिल तिथि 15/05/2023""",1
"""ईमेल: vikram.singhaniya@example.com, फोन: 91234-56789""",1
"""प्रतीक ठाकुर, 78 सिविल लाइंस, इंदौर, MP 452001""",1
"""डॉ. अर्चना गोयल, मेडिकल लाइसेंस: MCI-12345678""",1
"""यूजरनेम: sanjay_kapoor, पासवर्ड: Kapoor@2023 (नकली)""",1
"""अमन प्रकाश, बैंक अकाउंट: HDFC0000123456789""",1
"""मोनिका खन्ना, इंस्टाग्राम: monica_k_offl, फोन 98765-01234""",1
"""पैन कार्ड अपडेट: NEWPS4567K (नकली)""",1
"""मेरा नया लैंडलाइन नंबर: 011-23456789""",1
"""अक्षय बत्रा, ईमेल: akshay.batra@service.com, जन्मतिथि 03/03/1995""",1
"""ई-टिकट PNR: 1234567890, ट्रेन संख्या 12987""",1
"""ट्विटर हैंडल: @imtarun_, फोन: 87654-32109""",1
"""सिम कार्ड रिपोर्टिंग: 89012345678901234567 (नकली IMSI)""",1
"""श्वेता अग्रवाल, UPI ID: 9876543210@ybl""",1
"""नितिन चौधरी, बीमा पॉलिसी नंबर: LIC-123456789-XY""",1
"""ईमेल: divya.joshi@mail.in, पासवर्ड: DJ#secure567 (नकली)""",1
"""रजिस्ट्रेशन आईडी: VID1234567890123456 (नकली वोटर आईडी)""",1
"""विकास दुबे, 56/सी, साउथ एक्सटेंशन, दिल्ली - 110049""",1
"""प्रिया सिंह, पेटीएम नंबर: 76543-21098""",1
"""पैन-आधार लिंक: ABCDE1234F (नकली)""",1
"""ई-कॉमर्स ऑर्डर: #ORD2023156789, डिलीवरी पता: 23बी, चांदनी चौक, दिल्ली""",1
"""अंकिता मिश्रा, UAN: 123456789012 (नकली EPF नंबर)""",1
"""कार्ड रिप्लेसमेंट रिक्वेस्ट: 6011-2345-6789-0123 (नकली)""",1
"""ईमेल: rituraj.saxena@testing.in, फोन: 78901-23456""",1
"""(नोट: सभी डेटा काल्पनिक है, असली व्यक्तियों या जानकारी से कोई संबंध नहीं है।)""",1
"""राहुल शर्मा का जन्म 15 अगस्त 1990 को हुआ था और उनका आधार नंबर 1234-5678-9012 है।""",1
"""मेरा मोबाइल नंबर 98765-43210 है, कृपया कॉल करें।""",1
"""कृपया मेरा ऑर्डर 45-ए, ग्रीन पार्क, दिल्ली पते पर भेजें।""",1
"""मेरी क्रेडिट कार्ड संख्या 5555-1234-5678-9012 है, एक्सपायरी 12/25।""",1
"""सुमन वर्मा का पैन कार्ड नंबर ABCDE1234F है।""",1
"""मुझे मेरे ईमेल rohit.kumar@example.com पर अपडेट भेजें।""",1
"""मेरा बैंक अकाउंट नंबर 1234567890, IFSC CODE SBIN0001234 है।""",1
"""अंकिता सिंह का वोटर आईडी DL05 123456789 है।""",1
"""मेरा ड्राइविंग लाइसेंस नंबर DL-1234567890123 है।""",1
"""कृपया मेरे पते 12/34, राजेंद्र नगर, मुंबई पर डॉक्यूमेंट भेजें।""",1
"""मेरा पासपोर्ट नंबर A12345678 है, एक्सपायरी 2030।""",1
"""प्रियंका गुप्ता का जन्म प्रमाण पत्र नंबर MP/12/345678/2023 है।""",1
"""मेरा UPI ID 9876543210@ybl है।""",1
"""मेरा इंश्योरेंस पॉलिसी नंबर ICICI-123-456789 है।""",1
"""मोहन लाल का राशन कार्ड नंबर RJ-12-345-67890 है।""",1
"""कृपया मेरे फोन नंबर 87654-32109 पर व्हाट्सएप करें।""",1
"""मेरा ईमेल पता neha.sharma@example.org है, कृपया कॉन्फर्मेशन भेजें।""",1
"""अमित पटेल का आधार लिंक्ड मोबाइल नंबर 76543-21098 है।""",1
"""मेरा पता है: फ्लैट नंबर 302, सनशाइन अपार्टमेंट्स, बैंगलोर।""",1
"""मेरा पैन कार्ड और आधार लिंक्ड है, PAN: XYZAB9876C।""",1
"""सोनाली मिश्रा का मेडिकल रिकॉर्ड नंबर HOSP-12-3456 है।""",1
"""मेरा व्हाट्सएप नंबर 65432-10987 है, मैसेज करें।""",1
"""कृपया मेरे अकाउंट में ट्रांसफर करें, अकाउंट नंबर 567890123456, IFSC HDFC0005678।""",1
"""मेरा रिज्यूमे neha.verma@example.com पर भेजें।""",1
"""मेरा GST नंबर 12ABCDE3456F7Z8 है।""",1
"""अविनाश यादव का डीमैट अकाउंट नंबर IN123456789012 है।""",1
"""मेरा पता: 78-बी, सुभाष नगर, चेन्नई, पिन कोड 600001।""",1
"""मेरा मोबाइल नंबर 54321-09876 है, OTP की जरूरत है।""",1
"""मेरा आधार नंबर 6789-1234-5678 है, KYC के लिए।""",1
"""मेरी डेबिट कार्ड संख्या 4567-8912-3456-7890 है, CVV 123।""",1
"""सचिन तिवारी का पैन कार्ड और बैंक अकाउंट लिंक्ड है।""",1
"""मेरा ईमेल अड्रेस rajesh.yadav@example.in है, कॉन्टैक्ट करें।""",1
"""मेरा रेंट एग्रीमेंट ID RA-2023-12345 है।""",1
"""प्रिया मल्होत्रा का पासपोर्ट नंबर Z98765432 है।""",1
"""मेरा मोबाइल 43210-98765 है, वेरिफिकेशन के लिए।""",1
"""मेरा बैंक अकाउंट नंबर 7890123456, IFSC PUNB0123456 है।""",1
"""मेरा आधार कार्ड और पैन कार्ड दोनों अपडेट हो चुके हैं।""",1
"""मेरा ऑफिस आईडी 12345, कंपनी XYZ Pvt Ltd।""",1
"""मेरा डोमिसाइल सर्टिफिकेट नंबर MH/12/345678/2023 है।""",1
"""मेरा ट्विटर हैंडल @fictionaluser123 है।""",1
"""मेरा पर्सनल ईमेल vikram.singh@example.com है।""",1
"""मेरा लैंडलाइन नंबर 022-12345678 है।""",1
"""मेरा वीजा अप्लीकेशन नंबर US-123-456-789 है।""",1
"""अंशु राजपूत का कॉलेज आईडी नंबर CLG-2023-1234 है।""",1
"""मेरा पता: होटल ग्रैंड, रूम नंबर 405, गोवा।""",1
"""मेरा प्रोफाइल लिंक linkedin.com/in/fictional-profile है।""",1
"""मेरा बिजनेस रजिस्ट्रेशन नंबर UDYAM-AB-12-345-6789 है।""",1
"""मेरा पोस्टल आईडी 123456789012345 है, ट्रैक करें।""",1
"""मेरा वेबसाइट लॉगिन ID user123, पासवर्ड ********।""",1
"""मेरा गैस कनेक्शन नंबर CG-12-3456789 है।""",1
"""मेरी प्रोफाइल फोटो और आईडी अपलोड हो चुकी है।""",1
"""(सभी डेटा काल्पनिक है और वास्तविक व्यक्तियों से कोई संबंध नहीं है।)""",1
"""राहुल शर्मा, 45 साल, निवासी 24/7 गांधी नगर, लखनऊ, यूपी, मोबाइल नंबर 98765-43210""",1
"""अंकिता पाटिल का क्रेडिट कार्ड नंबर 4512-7890-1234-5678 एक्सपायरी 05/27""",1
"""सोनाली देवी, ईमेल sonali.devi@example.com, ने पासवर्ड रीसेट के लिए अनुरोध किया""",1
"""अमित कुमार का आधार कार्ड नंबर 1234-5678-9012""",1
"""कृपया मेरा ऑर्डर 67890 को 12 राजेंद्र मार्ग, इंदौर, एमपी पर भेजें""",1
"""रोहन मेहता: मेरा पैन कार्ड नंबर ABCPM1234D है, वेरिफिकेशन के लिए भेज रहा हूँ""",1
"""प्रिय ग्राहक, आपका खाता XX1234 में 15,000 रुपये ट्रांसफर किए गए""",1
"""नीतू सिंह का फोन नंबर 87654-32109 और जन्मतिथि 15-08-1985""",1
"""मेरा UPI ID amit.kumar@upi है, पेमेंट भेज दीजिए""",1
"""शुभम वर्मा, 34, ने 56/बी साकेत नगर, जयपुर में नया बैंक अकाउंट खोला""",1
"""टिकट बुकिंग रेफरेंस नंबर RJ789654, यात्री का नाम प्रिया मिश्रा""",1
"""अंकुर जैन का ड्राइविंग लाइसेंस नंबर DL04 20191234567""",1
"""मेरा ईमेल पता rohit_sharma@example.in है, कॉन्टैक्ट अपडेट कर लें""",1
"""सुमन गुप्ता ने 9876-5432-1098-7654 डेबिट कार्ड से 5,999 रुपये का भुगतान किया""",1
"""मेरी जन्मतिथि 30-11-1992 है, KYC के लिए आवश्यक थी""",1
"""अभिषेक का पासपोर्ट नंबर Z1234567, एक्सपायरी 2030""",1
"""शिपमेंट 78 सेक्टर-5, नोएडा, उत्तर प्रदेश पिन 201301 पर भेजें""",1
"""साक्षी अग्रवाल: मेरा वोटर आईडी नंबर XYZ1234567 है""",1
"""आपका लॉयल्टी कार्ड नंबर LC789012, 150 पॉइंट्स जोड़े गए""",1
"""मोहन लाल का मोबाइल नंबर 76543-21098 और ईमेल mohan.lal@mail.example""",1
"""मेरा राशन कार्ड नंबर RC/UP/456789/2021 है""",1
"""ट्रांजैक्शन रेफरेंस TXN456789, राशि ₹10,200, अकाउंट XX7890""",1
"""प्रिया नायक ने 4321-8765-9012-3456 कार्ड से EMI पेमेंट किया""",1
"""मेरा नया पता: फ्लैट 303, सुभाष अपार्टमेंट, पुणे, महाराष्ट्र 411016""",1
"""अंजलि द्विवेदी का फोन +91 91234-56789, व्हाट्सएप वेरिफिकेशन कोड 654321""",1
"""पैन कार्ड अपडेट के लिए ASDFG1234R और फोटो अपलोड कर दी है""",1
"""आदित्य सिंह का बैंक अकाउंट नंबर 12345678901, IFSC CODE SBIN0005678""",1
"""आपका डिलीवरी OTP 789654 है, इसे किसी के साथ शेयर न करें""",1
"""नीरजा पटेल की जन्मतिथि 22-04-1988, पति का नाम संजय पटेल""",1
"""मेरा नया SIM 99887-66554 पर एक्टिवेट हो गया है""",1
"""रजत खन्ना ने 5678-9012-3456-7890 कार्ड से ₹12,500 का पेमेंट किया""",1
"""मेरा ट्विटर हैंडल @rajat_khan""",1
"""राहुल शर्मा, 45 ए, ग्रीन पार्क, दिल्ली - 110016, मोबाइल: 98765-43210""",1
"""सुमन वर्मा का ईमेल: suman.v12@example.com, जन्मतिथि: 15/08/1985""",1
"""कृपया मेरा ऑर्डर 5678-9012-3456-7890 कार्ड से प्रोसेस करें, एक्सपायरी 12/25""",1
"""अंकित खन्ना, 22/7, साकेत नगर, मुंबई - 400022, फोन: 022-25678901""",1
"""मेरा आधार नंबर 1234-5678-9012 है, कृपया वेरिफाई करें""",1
"""प्रिय ग्राहक, आपका एकाउंट 9876543210 पर लॉक है, तुरंत कस्टमर केयर से संपर्क करें""",1
"""नीतू यादव, DOB: 05/12/1990, पैन: AXYPT1234Q""",1
"""मेरा नया पता: फ्लैट 303, सनशाइन टावर्स, बैंगलोर - 560001""",1
"""एडवांस पेमेंट के लिए यूपीआई: ravi.kumar@exampleupi""",1
"""श्रीमती प्रिया मित्तल, +91-87654-32109, ऑर्डर #7890""",1
"""मेरा ड्राइविंग लाइसेंस नंबर DL-1420110012345 है""",1
"""कस्टमर आईडी: CUS2023MH5678, संपर्क: 98989-89898""",1
"""अर्जुन सिंघानिया, 10/बी, जुबली हिल्स, हैदराबाद - 500033""",1
"""ईमेल अपडेट के लिए rohit.chauhan@example.com पर मैसेज करें""",1
"""मेरा पासपोर्ट नंबर J8765432 है, एक्सपायरी 2030""",1
"""प्लीज मेरा बैंक अकाउंट 1234567890, IFSC: SBIN0001234 पर ट्रांसफर करें""",1
"""आकाश मल्होत्रा, 102, सिल्वर स्क्वायर, चेन्नई - 600002""",1
"""मोबाइल नंबर 70001-10007, व्हाट्सएप पर कॉन्टैक्ट करें""",1
"""कृपया मेरा पैन कार्ड AYZPM5678L वेरिफाई करें""",1
"""सोनाली गुप्ता, फ्लैट नंबर 5, गोल्डक्रेस्ट सोसाइटी, पुणे - 411045""",1
"""ऑनलाइन फॉर्म के लिए जन्मतिथि: 23/11/1988""",1
"""मेरा नया डेबिट कार्ड नंबर 4567-8910-1112-1314, CVV 789""",1
"""अंकिता पाटिल, 34/बी, टाउनशिप, अहमदाबाद - 380015""",1
"""यात्रा डिटेल्स: पासपोर्ट J1234567, फ्लाइट EK567""",1
"""मेरा वोटर आईडी GJ03-1234567890 है""",1
"""कृपया मेरा ईमेल अंजलि.rai@example.com पर रिप्लाई करें""",1
"""शुभम जैन, सेक्टर 12, फ्लैट 404, नोएडा - 201301""",1
"""मेरा UAN नंबर 100123456789 है, पीएफ अपडेट चाहिए""",1
"""मोनिका शेट्टी, 56/सी, मैरिन ड्राइव, कोच्चि - 682001""",1
"""कॉल बैक रिक्वेस्ट: 9988776655, समय सुबह 10-12 बजे""",1
"""मेरा नेट बैंकिंग यूजर आईडी: RITESH_K, पासवर्ड रीसेट करें""",1
"""प्रीति सिंह, 78, गार्डन एवेन्यू, कोलकाता - 700017""",1
"""मेरा प्रोफाइल अपडेट: DOB 09/05/1992, मोबाइल 8877665544""",1
"""अमित देशमुख, फ्लैट 12, हाइट्स अपार्टमेंट, इंदौर - 452001""",1
"""पेमेंट कन्फर्मेशन: कार्ड 4111-XXXX-XXXX-1111, ₹2500""",1
"""स्नेहा मेनन, 23, पाम विला, तिरुवनंतपुरम - 695001""",1
"""मेरा राशन कार्ड नंबर KL-12-3456789012 है""",1
"""कृपया मेरा टिकट PNR 1234567890 चेक करें""",1
"""विवेक अग्रवाल, 67/डी, हिल रोड, शिमला - 171001""",1
"""ईमेल: vivek.ag23@example.com, फोन: 9876543210""",1
"""मेरा इंश्योरेंस पॉलिसी नंबर ICICI45678901 है""",1
"""तन्वी गोयल, 89, सेंट्रल स्क्वायर, लखनऊ - 226001""",1
"""पासवर्ड रिकवरी के लिए OTP 654321 भेजें""",1
"""अभिषेक त्रिवेदी, 404, गोल्डन गेट, भोपाल - 462001""",1
"""मेरा बिजली बिल अकाउंट नंबर UP123456789 है""",1
"""साक्षी नायर, 11/बी, ओशन व्यू, विशाखापत्तनम - 530001""",1
"""मेरा बैंक अकाउंट SBI, 567890123456, IFSC SBIN0005678""",1
"""राहुल शर्मा, 45 बी गांधी नगर, दिल्ली - 110032""",1
"""मोबाइल नंबर: 98765-43210""",1
"""ईमेल: rahul.sharma@example.com""",1
"""सुमन पाटिल का क्रेडिट कार्ड नंबर 5123-4567-8912-3456, एक्सपायरी 05/25""",1
"""अंकिता जोशी की पैन कार्ड संख्या BZPJ7890L""",1
"""मेरा Aadhaar नंबर खो गया है: 1234-5678-9012""",1
"""शुभम वर्मा, 12/34 रामनगर सोसाइटी, मुंबई - 400001""",1
"""डिलीवरी के लिए पता: फ्लैट नंबर 302, सूर्या अपार्टमेंट, पुणे - 411038""",1
"""कृपया मेरा पासवर्ड रीसेट करें, जन्मतिथि 15-08-1985""",1
"""सर्विस रिपोर्ट के लिए संपर्क: 011-23456789""",1
"""मेरा ड्राइविंग लाइसेंस नंबर DL-1420112345678 है""",1
"""UPI ID: rajesh.kumar@oksbi""",1
"""लेन-देन संख्या: TXN2023110567891234""",1
"""मेरी बेटी की जन्मतिथि 12-12-2020 है, अस्पताल रिकॉर्ड के लिए""",1
"""आधार लिंक्ड मोबाइल: 8765432109""",1
"""मेरा नया पता: ए-202, गंगा विहार, कोलकाता - 700091""",1
"""रजिस्ट्रेशन नंबर: MP03AB1234""",1
"""टिकट बुकिंग के लिए पासपोर्ट नंबर J9876543""",1
"""साक्षी मिश्रा का ईमेल: sakshi.m@example.org""",1
"""बैंक अकाउंट नंबर: 123456789012345, IFSC: SBIN0001234""",1
"""मेरा वीजा नंबर H1B987654321 है""",1
"""कंपनी ID: EMP2023XY5678""",1
"""डिलीवरी संपर्क: नीतू यादव, 9898765432""",1
"""मेरा पुराना पिन कोड 560001 था, अब 560078 है""",1
"""गैस कनेक्शन रिफिल के लिए: उपभोक्ता नंबर C12345678""",1
"""कृपया मेरा ऑर्डर 101-2023-34567 ट्रैक करें""",1
"""प्रियंका चौधरी, 56/ए सैंटोश नगर, इंदौर""",1
"""मेरी माँ का पेंशन नंबर PENSION/MP/45678/2022""",1
"""अपॉइंटमेंट के लिए: 0120-1234567""",1
"""मेरा राशन कार्ड नंबर RC/AP/1234567/89""",1
"""शिकायत संदर्भ: COMPLAINT/2023/DEL/789""",1
"""करंट अकाउंट: 567890123456, बैंक ऑफ बड़ौदा""",1
"""सोशल मीडिया पोस्ट: ""मेरा नया नंबर 9876543210 है, पुराना नंबर मत इस्तेमाल करना""",1
"""इंश्योरेंस पॉलिसी नंबर: LIC1234567890""",1
"""मेरा GSTIN 07ABCDE1234F2Z3 है""",1
"""पेटीएम पेमेंट्स के लिए: 98765-43210@paytm""",1
"""बिजली बिल खाता संख्या: EB123456789""",1
"""स्टूडेंट ID: UNIV2023BCA7890""",1
"""मेरा नया व्हाट्सएप नंबर +91-9876543210""",1
"""मैरिज सर्टिफिकेट नंबर: MR/KA/2023/12345""",1
"""ईमेल करें: ananya.gupta@example.com""",1
"""आरक्षण आईडी: IRCTC20231105AB1234""",1
"""मेरा पैन कार्ड और आधार लिंक नहीं है""",1
"""डिजिटल हस्ताक्षर: DS/2023/XY12345678""",1
"""मेरा नेट बैंकिंग यूजर आईडी: customer1234""",1
"""भाभी का UPI: priyanka@ybl""",1
"""पासपोर्ट एक्सपायरी: 15-07-2030""",1
"""टेलीफोन बिल अकाउंट: BSNL12345678""",1
"""मेरा वोटर आईडी नंबर MP123456789""",1
"""प्रोजेक्ट रिफरेंस: TECH/HR/2023/789""",1
"""मेरी बेटी का स्कूल रोल नंबर 12-2023""",1
"""पोस्टल ट्रैकिंग: RN123456789IN""",1
"""मेरा नया डेबिट कार्ड नंबर 4000-12**-****-5678""",1
"""राहुल शर्मा, जन्म तिथि 15/08/1990, का पता है: 45 गांधी नगर, इंदौर, मध्य प्रदेश।""",1
"""मेरा मोबाइल नंबर है 98765-43210, कृपया कॉल करें।""",1
"""क्रेडिट कार्ड नंबर: 4567-8912-3456-7890, एक्सपायरी 12/25।""",1
"""सीमा पटेल का ईमेल है seema.patel@example.com।""",1
"""आधार कार्ड नंबर: 7890-1234-5678।""",1
"""अंकित मिश्रा, 22/07/1985, फोन: 87654-32109।""",1
"""12/34, रानी लक्ष्मीबाई मार्ग, लखनऊ, उत्तर प्रदेश।""",1
"""पैन कार्ड: ABCPD1234E।""",1
"""प्रियंका यादव, जन्म तिथि 03/03/1992, मोबाइल: 76543-21098।""",1
"""मेरा बैंक अकाउंट नंबर है 123456789012, IFSC: SBIN0001234।""",1
"""ड्राइविंग लाइसेंस नंबर: MP12-2020-1234567।""",1
"""आकांक्षा गुप्ता, ईमेल: aakanksha.g@example.in।""",1
"""फोन नंबर +91 65432-10987, व्हाट्सएप पर उपलब्ध।""",1
"""पता: 78/बी, सरोजिनी नगर, दिल्ली 110023।""",1
"""पासपोर्ट नंबर: Z12345678, एक्सपायरी 2026।""",1
"""मोहन सिंह, जन्म तिथि 30/11/1978, मोबाइल: 54321-09876।""",1
"""ईमेल: mohan.singh@example.com, पासवर्ड रीसेट करें।""",1
"""क्रेडिट कार्ड: 5555-1234-5678-9012, CVV 123।""",1
"""आईडी प्रूफ के लिए वोटर आईडी: XYZ567891234।""",1
"""अंशुल जैन, 14/02/1995, फोन: 43210-98765।""",1
"""बैंक डिटेल्स: अकाउंट 9876543210, IFSC HDFC0005678।""",1
"""ईमेल: anshuljain@example.net, प्लीज कॉन्टैक्ट करें।""",1
"""मकान नंबर 34, शांति नगर, मुंबई 400001।""",1
"""आधार नंबर: 2345-6789-0123।""",1
"""रिया मल्होत्रा, DOB 09/06/1989, मोबाइल: 32109-87654।""",1
"""UPI ID: riamalhotra@upi।""",1
"""पैन: DEFGH5678K, फाइल करने के लिए जरूरी।""",1
"""पता: 56, टैगोर गार्डन, जयपुर, राजस्थान।""",1
"""विवेक त्रिपाठी, 25/12/1980, ईमेल: vivek.t@example.org।""",1
"""डेबिट कार्ड: 1234-5678-9012-3456, पिन 7890।""",1
"""मोबाइल: 21098-76543, कस्टमर केयर नंबर।""",1
"""पासपोर्ट: A98765432, इशू डेट 10/10/2020।""",1
"""सोनिया वर्मा, 07/04/1993, फोन: 10987-65432।""",1
"""ईमेल: soniaverma@example.com, प्लीज रिप्लाई।""",1
"""बैंक: अकाउंट 567890123456, IFSC ICIC000789।""",1
"""वोटर आईडी: MP05-2021-123456।""",1
"""पता: 89, विजय नगर, बैंगलोर 560040।""",1
"""नितिन खन्ना, DOB 18/09/1987, मोबाइल: 09876-54321।""",1
"""क्रेडिट कार्ड: 6789-0123-4567-8901, एक्सपायरी 08/27।""",1
"""ईमेल: nitin.k@example.co.in, जल्दी कॉन्टैक्ट करें।""",1
"""आधार: 6789-0123-4567।""",1
"""ड्राइविंग लाइसेंस: DL-09-2019-12345678।""",1
"""पूजा मेहता, 12/11/1991, फोन: 98765-01234।""",1
"""पता: 23, सुभाष नगर, हैदराबाद 500001।""",1
"""पैन: LMNOP3456Q, इनकम टैक्स के लिए।""",1
"""योगेश शाह, ईमेल: yogeshs@example.in, मोबाइल: 87654-32109।""",1
"""(सभी डेटा काल्पनिक है और किसी वास्तविक व्यक्ति से संबंधित नहीं है।)""",1
"""राहुल शर्मा, 45 बी साकेत नगर, इंदौर में रहते हैं और उनका मोबाइल नंबर 98765-43210 है।""",1
"""आदित्य पाटिल का ईमेल पता aditya.patil@example.com है और उनका जन्म तिथि 15-08-1985 है।""",1
"""कृपया मेरा एटीएम कार्ड 4545-6767-8989-1212 को ब्लॉक कर दें, यह खो गया है।""",1
"""नीता गुप्ता का आधार कार्ड नंबर XXXX-XXXX-7890 है और वह दिल्ली में रहती हैं।""",1
"""रोहन मेहरा का पैन कार्ड नंबर ABCPM1234D है, वह 22 वर्ष का है।""",1
"""अंकिता सिंह का बैंक अकाउंट नंबर 123456789012 है और IFSC कोड UBIN0567890 है।""",1
"""मेरा मोबाइल नंबर 87654-32109 है, कृपया इस पर कॉल करें।""",1
"""सुमन यादव का पासपोर्ट नंबर Z1234567 है, वह मुंबई से हैं।""",1
"""मेरा ईमेल राज.verma@example.com है, कृपया डिटेल्स भेजें।""",1
"""प्रिया मल्होत्रा का ड्राइविंग लाइसेंस नंबर DL-987654321 है।""",1
"""कार्ड नंबर 5555-2222-3333-4444 का बिल 15,000 रुपये है।""",1
"""अमित कुमार, 12/34 रामनगर, जयपुर, फोन: 8765432109।""",1
"""साक्षी ठाकुर का वोटर आईडी नंबर XYZ12345678 है।""",1
"""मेरे क्रेडिट कार्ड 4111-1111-1111-1111 पर अनअथॉराइज्ड ट्रांजैक्शन हुई है।""",1
"""विवेक राणा का ईमेल vivek.rana@example.com और जन्म तिथि 03-12-1990 है।""",1
"""मेरा आधार नंबर 2345-6789-0123 है, इसे अपडेट करें।""",1
"""अंजली देशमुख, फ्लैट नंबर 301, गंगा अपार्टमेंट, पुणे।""",1
"""कार्ड नंबर 3782-8224-6310-005 को मैंने खो दिया है।""",1
"""मेरा मोबाइल +91-9876543210 है, कॉलबैक कीजिए।""",1
"""रिया खन्ना का पैन कार्ड नंबर BNZPK4321L है।""",1
"""अभिषेक त्रिपाठी, 56/7 विजय नगर, भोपाल, मोबाइल 7654321098।""",1
"""मेरा ईमेल पता neha.shah@example.com है, पासवर्ड रीसेट करें।""",1
"""मेरा बैंक अकाउंट नंबर 567890123456 है, IFSC HDFC0005678।""",1
"""शुभम जैन का पासपोर्ट नंबर A8765432 है, एक्सपायरी 2025।""",1
"""मेरा क्रेडिट कार्ड 6011-6011-6011-6011 चोरी हो गया है।""",1
"""अर्पिता सिंघानिया, 78 ग्रीन पार्क, दिल्ली, फोन: 9123456780।""",1
"""मेरा आधार कार्ड नंबर 4567-8912-3456 है, नाम अपडेट करें।""",1
"""विकास मिश्रा का ईमेल vikas.mishra@example.com और DOB 25-05-1988 है।""",1
"""मेरा डेबिट कार्ड 5200-8282-6565-7878 खो गया है।""",1
"""प्रियांशु गोयल, फ्लैट 202, सूर्या टावर, कोलकाता।""",1
"""मेरा मोबाइल नंबर 7890123456 है, OTP भेजें।""",1
"""स्नेहा अग्रवाल का पैन कार्ड नंबर AAAAA9999A है।""",1
"""कार्ड नंबर 4012-8888-8888-1881 पर अनअथॉराइज्ड पेमेंट हुआ।""",1
"""अक्षय नायर, 33/बी सदर बाजार, लखनऊ, फोन 6789012345।""",1
"""मेरा ईमेल पता ananya.joshi@example.com है, प्लीज कॉन्टैक्ट करें।""",1
"""मेरा बैंक अकाउंट 345678901234 है, IFSC SBIN0007890।""",1
"""तन्मय गुप्ता का ड्राइविंग लाइसेंस DL-123456789 है।""",1
"""मेरा क्रेडिट कार्ड 3056-9309-9029-5904 चोरी हो गया।""",1
"""मोनिका शेट्टी, 9 रोज गार्डन, बैंगलोर, फोन 8901234567।""",1
"""मेरा आधार नंबर 7890-1234-5678 है, डिटेल्स चेक करें।""",1
"""राजीव मेनन का ईमेल rajiv.menon@example.com और पैन ABCTY1234Z है।""",1
"""मेरा डेबिट कार्ड 3566-0020-2036-0505 अवैध प्रयोग हुआ।""",1
"""अर्चना दुबे, 21 वसंत विहार, मुंबई, मोबाइल 9012345678।""",1
"""मेरा मोबाइल नंबर 6789012345 है, कॉल करें।""",1
"""सचिन वर्मा का वोटर आईडी नंबर MNOP567890 है।""",1
"""मेरा क्रेडिट कार्ड 5105-1051-0510-5100 खो गया है।""",1
"""मेरा ईमेल पता karan.malhotra@example.com है, प्लीज रिप्लाई करें।""",1
"""मेरा बैंक अकाउंट 456789012345 है, IFSC ICIC0004567।""",1
"""प्रणव ओझा का पासपोर्ट नंबर P7654321 है, एक्सपायरी 2026।""",1
"""कार्ड नंबर 4222-2222-2222-2222 पर फ्रॉड ट्रांजैक्शन हुई।""",1
"""1. राजेश कुमार, 45 साल, मोबाइल नंबर 98765-43210, नई दिल्ली में रहते हैं।""",1
"""2. कृपया अपना आधार कार्ड नंबर XXX-XXXX-7890 सत्यापित करें।""",1
"""3. सीमा सिंह का बैंक अकाउंट 1234567890, IFSC CODE SBIN0001234 है।""",1
"""4. मेरा ईमेल पता neha.verma@example.com है, कृपया कॉन्टैक्ट करें।""",1
"""5. डिलीवरी के लिए पता: 456, गांधी नगर, मुंबई - 400050।""",1
"""6. कार्ड नंबर 5555-6666-7777-8888, एक्सपायरी 12/25, CVV 123।""",1
"""7. राहुल शर्मा, DOB 15-08-1985, पैन कार्ड नंबर ABCD1234E।""",1
"""8. पासपोर्ट नंबर J8765432, 10-05-2030 तक वैध।""",1
"""9. मोबाइल रिचार्ज के लिए 7890123456 नंबर का उपयोग करें।""",1
"""10. शिकायत नंबर COMP2023-5678, स्टेटस चेक करें।""",1
"""11. अंकिता पाटिल का वोटर आईडी MXP1234567।""",1
"""12. यूटिलिटी बिल के लिए कस्टमर आईडी UT789456123।""",1
"""13. ऑनलाइन फॉर्म में जन्म तिथि 23-04-1992 दर्ज करें।""",1
"""14. प्रिया मेहरा, 34 साल, संपर्क नंबर 87654-32109।""",1
"""15. ड्राइविंग लाइसेंस नंबर DL-04-2020-1234567।""",1
"""16. ऑर्डर कन्फर्मेशन: ऑर्डर आईडी ORD789, ट्रैकिंग नंबर TRK123456789।""",1
"""17. किराए के समझौते के लिए आधार कार्ड और पैन कार्ड की फोटोकॉपी जमा करें।""",1
"""18. कृपया अपना रजिस्टर्ड मोबाइल नंबर 76543-21098 अपडेट करें।""",1
"""19. लोन आवेदन के लिए सैलरी स्लिप और पते का प्रमाण भेजें।""",1
"""20. रजिस्ट्रेशन के लिए ईमेल: rohan.kapoor@example.com।""",1
"""21. मेडिकल रिकॉर्ड: रोगी आईडी PT-456-2023, डॉ. शर्मा।""",1
"""22. बीमा पॉलिसी नंबर LIC789456123, प्रीमियम डेट 05 हर महीने।""",1
"""23. प्रियांशु गुप्ता, 29 साल, पता: 789, राजेंद्र नगर, बैंगलोर।""",1
"""24. OTP 789654 भेजा गया, 5 मिनट में एक्सपायर होगा।""",1
"""25. बैंक खाता जानकारी: एकाउंट होल्डर विजय मल्होत्रा, एकाउंट नंबर 4567891230।""",1
"""26. कॉलेज आईडी कार्ड नंबर CLG-2023-567, वैधता 2025।""",1
"""27. एयरटिकेट बुकिंग: PNR 1234567890, यात्री अंशुल जैन।""",1
"""28. नया क्रेडिट कार्ड 4321-5678-9012-3456 पर एक्टिवेट करें।""",1
"""29. सिम कार्ड रजिस्ट्रेशन के लिए फोटो आईडी और पता प्रमाण अपलोड करें।""",1
"""30. टेलीफोन बिल भुगतान के लिए CA123456789 रेफरेंस नंबर।""",1
"""31. अंकित गोयल, 31 साल, पत्नी का नाम पूजा गोयल।""",1
"""32. बिजली बिल कस्टमर नंबर EB789456123, अंतिम तिथि 25-12-2023।""",1
"""33. सोशल मीडिया अकाउंट: @sahil_verma, फोन नंबर 98765-12340 से लिंक।""",1
"""34. कर्मचारी आईडी EMP-789, कंपनी XYZ लिमिटेड।""",1
"""35. रेलवे टिकट PNR 9876543210, यात्री संख्या 2।""",1
"""36. अनामिका त्रिवेदी, मेडिकल रिपोर्ट रेफरेंस MR-456-2023।""",1
"""37. वीजा आवेदन संख्या VISA789456123, पासपोर्ट फोटो जमा करें।""",1
"""38. मोबाइल वॉलेट पेमेंट: UPI ID 9876543210@upi।""",1
"""39. पैन कार्ड अपडेट के लिए फॉर्म 49A भरें।""",1
"""40. गृह आवंटन लॉटरी नंबर HA-2023-789।""",1
"""41. निधि अग्रवाल का ईमेल nidhi.agrawal@example.com, फोन 87654-32109।""",1
"""42. स्कूल रजिस्ट्रेशन आईडी SCH-789456, छात्र कार्तिक शर्मा।""",1
"""43. क्रेडिट स्कोर चेक के लिए पैन कार्ड दर्ज करें।""",1
"""44. वाहन रजिस्ट्रेशन नंबर DL04AB1234, मॉडल 2021।""",1
"""45. प्रोफाइल अपडेट: जन्मस्थान इंदौर, व्यवसाय शिक्षक।""",1
"""46. गैस कनेक्शन रेफरेंस नंबर LPG789456, बुकिंग तिथि 10-12-2023।""",1
"""47. नेट बैंकिंग लॉगिन: यूजर आईडी CUST1234, पासवर्ड रीसेट करें।""",1
"""48. पोस्टल ऑर्डर ट्रैकिंग नंबर PO123456789IN।""",1
"""49. राशन कार्ड नंबर RC789456123, जारी तिथि 15-01-2022।""",1
"""50. हॉस्पिटल अपॉइंटमेंट: रोगी आईडी PT-789, डॉ. राजन।""",1
"""राहुल शर्मा, 45 साल, का नंबर 9812345678 है और वह मुंबई के अंधेरी में रहता है।""",1
"""मेरा ईमेल पता है priya_verma@example.com और जन्म तिथि 15/08/1985 है।""",1
"""कृपया मेरे क्रेडिट कार्ड 5123-4567-8901-2345 का विवरण चेक करें।""",1
"""अनुज कुमार, जन्म 12/05/1990, का आधार नंबर 1234-5678-9012 है।""",1
"""मुझे मेरा पासवर्ड रीसेट करने की जरूरत है, मेरा यूजरनेम neha_raj है।""",1
"""यह मेरा नया पता है: 56/बी, गांधी नगर, दिल्ली - 110032।""",1
"""मेरा फोन नंबर 9876543210 है, कृपया कॉल बैक करें।""",1
"""मेरी बैंक अकाउंट संख्या 123456789012 है, IFSC CODE SBIN0001234।""",1
"""सोनिया गुप्ता, 32 साल, का पैन कार्ड नंबर ABCDE1234F है।""",1
"""कृपया मेरा ऑर्डर 5678-9012-3456-7890 कार्ड से प्रोसेस करें।""",1
"""मेरा ड्राइविंग लाइसेंस नंबर DL-1234567890123 है।""",1
"""मैं 21/3, राजपुर रोड, देहरादून में रहता हूँ।""",1
"""मेरा मोबाइल नंबर 8765432109 है, व्हाट्सएप पर मैसेज करें।""",1
"""मेरी ईमेल आईडी ankit_mishra@example.com है, कृपया कन्फर्म करें।""",1
"""मेरा वोटर आईडी नंबर VOT12345678 है।""",1
"""कृपया मेरा टिकट 9876543210 नंबर पर बुक करें।""",1
"""मेरी जन्म तिथि 03/11/1995 है और पता 89, विहार एन्क्लेव, नोएडा।""",1
"""मेरा UPI ID है rohit.kumar@upi।""",1
"""मेरी पासपोर्ट संख्या P1234567 है, एक्सपायरी 2025।""",1
"""मेरा बिजली बिल अकाउंट नंबर EB123456789 है।""",1
"""मेरा नाम अर्जुन सिंह है, फोन नंबर 7654321098।""",1
"""मेरा बैंक अकाउंट 567890123456 है, ब्रांच कोड HDFC000123।""",1
"""मेरा ईमेल sanjay_patel@example.com है, पासवर्ड भूल गया हूँ।""",1
"""मेरा आधार नंबर 9876-5432-1098 है, कृपया वेरिफाई करें।""",1
"""मेरा पता है 34/सी, साकेत नगर, लखनऊ - 226001।""",1
"""मेरा क्रेडिट कार्ड 4567-8901-2345-6789 है, एक्सपायरी 12/25।""",1
"""मेरा राशन कार्ड नंबर RC1234567890 है।""",1
"""मेरा नंबर 6543210987 है, कृपया SMS भेजें।""",1
"""मेरी जन्म तिथि 25/12/1988 है, पैन कार्ड XYZAB5678C।""",1
"""मेरा व्हाट्सएप नंबर 7890123456 है, ग्रुप में ऐड करें।""",1
"""मेरा एड्रेस 78, ग्रीन पार्क, बैंगलोर - 560034 है।""",1
"""मेरा यूटिलिटी बिल अकाउंट 3456789012 है।""",1
"""मेरा नाम स्वाति मल्होत्रा है, ईमेल swati.m@example.com।""",1
"""मेरा ट्रेन टिकट PNR 9876543210 है।""",1
"""मेरा पैन कार्ड LMNOP9012Q है, डीओबी 07/09/1992।""",1
"""मेरा फोन नंबर 8901234567 है, कॉल रिकॉर्ड चेक करें।""",1
"""मेरा बैंक खाता 678901234567 है, IFSC ICIC000123।""",1
"""मेरा आधार 3456-7890-1234 है, मोबाइल लिंक करें।""",1
"""मेरा नाम विवेक जोशी है, पता 12, सीतापुर, इंदौर।""",1
"""मेरा क्रेडिट कार्ड 7890-1234-5678-9012 है, CVV 123।""",1
"""मेरा डीएल नंबर MH12-34567890123 है।""",1
"""मेरा ईमेल aditya_shah@example.com है, पासवर्ड रीसेट करें।""",1
"""मेरा वोटर आईडी WB123456789 है।""",1
"""मेरा मोबाइल 9012345678 है, OTP भेजें।""",1
"""मेरा रेलवे पास 123456789012 है।""",1
"""मेरा पता 45, सिविल लाइंस, जयपुर - 302001।""",1
"""मेरा पैन कार्ड QRSTU5678V है, जन्म 14/02/1980।""",1
"""मेरा बिजली अकाउंट EB987654321 है।""",1
"""मेरा यूपीआई rajesh.kumar@oksbi है।""",1
"""मेरा नाम प्रिया सिंघानिया है, फोन 6789012345।""",1
"""मेरा पासपोर्ट Z12345678 है, एक्सपायरी 2030।""",1
"""मेरा बैंक खाता 789012345678 है, IFSC PUNB000123।""",1
"""(Note: All data is fictional and created for example purposes only.)""",1
