text,label
"""快递员把包裹放在门口就走了，连门铃都没按。""",0
"""这家餐厅的招牌菜太咸了，下次不会再点。""",0
"""听说下周要降温，记得多穿点衣服。""",0
"""新买的耳机音质不错，但戴久了耳朵会疼。""",0
"""地铁五号线明天开始延长运营时间。""",0
"""如果电脑频繁蓝屏，可能是内存条松动了。""",0
"""昨晚的演唱会居然忘词了，观众都在笑。""",0
"""养猫之后才发现掉毛比想象中严重得多。""",0
"""这个牌子的充电宝用半年就充不进电了。""",0
"""超市鸡蛋打折，每人限购两盒。""",0
"""路由器放在墙角信号会变差你知道吗？""",0
"""下雨天外卖迟到可以理解，但汤都洒了实在无语。""",0
"""建议将重要文件备份到云端以防丢失。""",0
"""小区门口新开了家水果店，价格实惠。""",0
"""这种药需要饭后服用，否则伤胃。""",0
"""公交卡余额不足时可以用手机扫码支付。""",0
"""熬夜看球赛结果支持的队伍输得惨。""",0
"""键盘进水后要立刻断电倒置晾干。""",0
"""健身房年卡涨价了，犹豫要不要续费。""",0
"""网购的衣服色差太大，已经申请退货。""",0
"""盆栽养了三个月突然枯萎，不知道原因。""",0
"""周末宅在家刷剧比出门人挤人舒服多了。""",0
"""手机系统更新后耗电量明显增加。""",0
"""这条步行街的网红奶茶店排队要一小时。""",0
"""会议改到下午三点，别忘了带资料。""",0
"""快递单上的个人信息记得撕毁再扔掉。""",0
"""空调开26度最省电而且体感舒适。""",0
"""早高峰地铁挤得连手机都掏不出来。""",0
"""洗衣机提示清洁该买专用清洗剂了。""",0
"""这款游戏剧情很棒但操作太复杂。""",0
"""忘记关车窗遇到暴雨座椅全湿透。""",0
"""超市自助结账经常识别错商品重量。""",0
"""这种材质的沙发夏天坐着特别闷热。""",0
"""论文 deadline 前夜电脑突然死机。""",0
"""宠物医院打疫苗需要提前预约。""",0
"""新政策出台后房租可能又要涨。""",0
"""智能手机的儿童模式很实用。""",0
"""外卖包装过度简直是在制造垃圾。""",0
"""共享单车坐垫被人用刀划破了。""",0
"""熬夜加班后第二天头疼一整天。""",0
"""直播带货的主播语速快得像绕口令。""",0
"""打印机没墨了，订单还没打完。""",0
"""视频网站会员自动续费套路深。""",0
"""这种塑料杯装热水会有怪味。""",0
"""早班飞机值机柜台排长队。""",0
"""忘记保存文档，三小时工作白费。""",0
"""网红景点实际去了发现特别小。""",0
"""电子书阅读器比手机护眼多了。""",0
"""冬天电动车续航里程下降明显。""",0
"""自动续费功能记得及时关闭。""",0
"""1. 今天天气不错，适合出去走走。""",0
"""2. 这款手机电池续航很强，充电速度也快。""",0
"""3. 据报道，某科技公司即将发布新一代智能手表。""",0
"""4. 如果你忘记密码，可以通过邮箱找回。""",0
"""5. 昨天那场电影剧情有点拖沓，结局倒是出乎意料。""",0
"""6. 建议定期备份重要数据以防丢失。""",0
"""7. 这家餐厅的招牌菜味道一般，服务还挺热情。""",0
"""8. 如何提高工作效率？试试番茄工作法。""",0
"""9. 最近股市波动较大，投资需谨慎。""",0
"""10. 周末打算去公园野餐，希望别下雨。""",0
"""11. 这个软件界面简洁，但功能太少。""",0
"""12. 专家提醒：长时间看屏幕要注意休息眼睛。""",0
"""13. 快递预计明天送达，记得留意电话。""",0
"""14. 新买的耳机音质很棒，降噪效果也不错。""",0
"""15. 某城市计划扩建地铁线路以缓解交通压力。""",0
"""16. 如果遇到网络故障，先检查路由器是否正常。""",0
"""17. 这本小说情节紧凑，读起来很有意思。""",0
"""18. 研究发现，适量运动有助于改善睡眠质量。""",0
"""19. 这款洗衣液去污力强，但香味有点浓。""",0
"""20. 会议改到下午三点，别忘了准时参加。""",0
"""21. 旅行前记得检查护照和签证是否有效。""",0
"""22. 这台电脑运行速度快，散热性能也很好。""",0
"""23. 据报道，近期将有一股冷空气南下。""",0
"""24. 学习外语需要长期坚持，不能急于求成。""",0
"""25. 这款游戏画面精美，但操作有些复杂。""",0
"""26. 某品牌因产品质量问题宣布召回部分商品。""",0
"""27. 晚上睡不着可以试试喝杯热牛奶。""",0
"""28. 这个app的用户体验有待改进。""",0
"""29. 专家建议每天至少喝八杯水。""",0
"""30. 周末超市人很多，最好早点去。""",0
"""31. 新政策将于下月起正式实施。""",0
"""32. 这本书内容枯燥，看了几页就放弃了。""",0
"""33. 研究表明，绿色植物能净化室内空气。""",0
"""34. 这款相机拍照清晰，适合旅游携带。""",0
"""35. 遇到技术问题可以先查看使用手册。""",0
"""36. 最近工作压力大，打算周末好好放松。""",0
"""37. 某地区发生地震，暂无人员伤亡报告。""",0
"""38. 这家网店发货速度很快，包装也很仔细。""",0
"""39. 养成记账习惯有助于管理个人财务。""",0
"""40. 这部电影特效很棒，但剧情太老套。""",0
"""41. 高温天气请注意防暑降温。""",0
"""42. 新开的健身房设备齐全，环境干净。""",0
"""43. 专家警告：过量饮用咖啡可能影响健康。""",0
"""44. 这个功能需要更新系统后才能使用。""",0
"""45. 假期出游记得提前订好酒店。""",0
"""46. 这款洗发水去屑效果不错，性价比高。""",0
"""47. 某公司因数据泄露事件被罚款。""",0
"""48. 睡前玩手机容易导致失眠。""",0
"""49. 这条裤子尺码偏大，建议买小一码。""",0
"""50. 据预测，明年经济增速可能放缓。""",0
"""研究表明适量饮用咖啡可能降低患心脏病风险。""",0
"""这款手机续航表现优秀，重度使用可坚持一整天。""",0
"""专家提醒：公共场所需注意个人财物安全。""",0
"""公园里的樱花开了，吸引不少市民前来拍照。""",0
"""这种新型材料比传统钢材轻30%，强度却更高。""",0
"""昨晚的暴雨导致多条道路积水，交通受阻。""",0
"""很多人不知道，充电器长期插在插座上也会耗电。""",0
"""如果你总是感到疲劳，可能是睡眠质量出了问题。""",0
"""这家餐厅的招牌菜确实名不虚传，值得一试。""",0
"""数据显示今年新能源汽车销量同比增长超过50%。""",0
"""刚出炉的面包香气弥漫整个街道。""",0
"""这种算法能有效减少图像识别错误率。""",0
"""医生建议每天保持30分钟中等强度运动。""",0
"""历史资料显示该地区曾发生过强烈地震。""",0
"""会议纪要显示项目进度比预期延迟两周。""",0
"""用户反馈系统界面操作不够直观。""",0
"""研究发现长期压力会影响免疫系统功能。""",0
"""这款软件更新后运行速度明显提升。""",0
"""超市里新鲜水果的价格近期有所上涨。""",0
"""施工队正在连夜修复损坏的地下管道。""",0
"""专家称每天阅读半小时可显著提升认知能力。""",0
"""这种新型电池在低温环境下性能下降较少。""",0
"""气象局发布大风蓝色预警信号。""",0
"""调查显示八成受访者支持环保包装。""",0
"""该药物临床试验结果符合预期标准。""",0
"""传统工艺制作的陶瓷制品更受收藏家青睐。""",0
"""这条河的水质经过治理已显著改善。""",0
"""消费者反映部分商品存在虚假促销现象。""",0
"""考古队在遗址中发现大量珍贵文物。""",0
"""数据分析师这个职业近年来越发热门。""",0
"""厨房里飘来阵阵炖肉的香味。""",0
"""该技术专利已进入实质审查阶段。""",0
"""医生提醒冬季是流感高发季节。""",0
"""实验证明这种肥料能使作物增产15%。""",0
"""城市绿化面积比去年增加20公顷。""",0
"""用户评价称快递服务速度很快。""",0
"""研究人员发现新的基因变异类型。""",0
"""这款耳机降噪效果超出预期。""",0
"""近期鸡蛋价格出现小幅波动。""",0
"""图书馆将延长周末开放时间。""",0
"""天气预报显示明天将迎来降温降雨。""",0
"""这种新型建筑材料防火性能优异。""",0
"""调查报告指出员工满意度有所提升。""",0
"""传统节日期间交通流量大幅增加。""",0
"""该设备已通过国家安全认证标准。""",0
"""游客反映景区卫生状况有待改善。""",0
"""实验室成功合成新型催化剂。""",0
"""这个品牌的空调静音效果很好。""",0
"""近期蔬菜价格受天气影响上涨。""",0
"""专家建议定期备份重要数据以防丢失。""",0
"""昨天超市的鸡蛋打折，很多人排队抢购。""",0
"""这款手机电池续航很差，充满电只能用半天。""",0
"""专家提醒公众注意防范新型网络诈骗手段。""",0
"""她打开窗户，闻到雨后泥土的清新气息。""",0
"""研究发现每天散步半小时可降低心脏病风险。""",0
"""老板又在群里发加班通知，同事们都假装没看见。""",0
"""这台洗衣机的静音效果比想象中好很多。""",0
"""快递员把包裹放在门口，幸好没被人拿走。""",0
"""春节假期高速公路免费通行时间已确定。""",0
"""这种新型材料有望降低太阳能板生产成本。""",0
"""医生说每天喝足够的水对皮肤很有好处。""",0
"""小区的垃圾分类桶终于换成带盖的了。""",0
"""新款电动汽车充电速度提升百分之四十。""",0
"""早高峰地铁拥挤程度堪比春运现场。""",0
"""网购的毛衣起球严重，已经申请退货。""",0
"""图书馆将延长周末开放时间至晚上十点。""",0
"""这种抗生素对大多数常见细菌有效。""",0
"""台风路径偏移，原定航班可能受影响。""",0
"""实习生把咖啡洒在了重要文件上。""",0
"""研究发现睡前玩手机影响睡眠质量。""",0
"""菜市场新来的摊主卖的蔬菜特别新鲜。""",0
"""公司年会抽奖奖品包括最新款平板电脑。""",0
"""这种油漆干燥快且几乎没有异味。""",0
"""游客在景区乱扔垃圾被罚款五百元。""",0
"""专家预测明年房价可能小幅下跌。""",0
"""新开的火锅店排队需要两小时以上。""",0
"""笔记本电脑突然死机，工作文档没保存。""",0
"""公园里的樱花比往年提前两周开放。""",0
"""这种新型电池可在零下三十度正常工作。""",0
"""社区居民反对在附近建设垃圾处理站。""",0
"""航班延误导致旅客在机场过夜。""",0
"""网上流传的减肥方法大多没有科学依据。""",0
"""超市收银台新增了自助结账机器。""",0
"""这种面料容易起皱，需要经常熨烫。""",0
"""小区物业准备更换老化的监控系统。""",0
"""研究人员发现深海存在未知生物种类。""",0
"""外卖送错地址，耽误了午餐时间。""",0
"""这种新型涂料可使墙面十年不褪色。""",0
"""停车场收费标准每小时上涨两元。""",0
"""医生建议中老年人定期检查骨密度。""",0
"""网购平台推出限时特价活动。""",0
"""暴雨导致城市多个路段积水严重。""",0
"""新政策要求外卖必须使用环保包装。""",0
"""这种药副作用较小但价格偏高。""",0
"""公交线路调整后出行更方便了。""",0
"""电影院禁止观众携带外带食品入场。""",0
"""空气净化器对去除甲醛效果有限。""",0
"""专家建议青少年每天运动一小时。""",0
"""共享单车乱停放问题依然存在。""",0
"""这种新型无人机续航时间达六小时。""",0
"""今天天气真好，阳光明媚适合出门散步。""",0
"""这家餐厅的服务态度需要改进，上菜速度太慢了。""",0
"""研究发现睡眠不足会影响工作效率和情绪稳定。""",0
"""这款手机电池续航表现优秀，重度使用也能撑一整天。""",0
"""昨天看的电影结局太出人意料了，完全没想到会这样发展。""",0
"""专家提醒：过度使用电子设备可能导致颈椎问题。""",0
"""这个牌子的洗发水效果一般，用完后头发还是很干燥。""",0
"""据报道路口发生交通事故，目前交通已恢复正常。""",0
"""如何快速掌握一门外语是很多人关心的问题。""",0
"""这个游戏的操作界面设计得不够人性化，新手很难上手。""",0
"""最近油价上涨，很多车主表示压力很大。""",0
"""医生说每天喝足够的水对健康非常重要。""",0
"""网购时一定要仔细查看商品评价再下单。""",0
"""公园里的樱花开了，吸引了很多游客前来拍照。""",0
"""这份工作报告需要重新修改，数据不够准确。""",0
"""周末超市人很多，排队结账等了将近半小时。""",0
"""研究表明适量运动能降低患心脏病的风险。""",0
"""这款相机的夜间拍摄效果令人失望，噪点太多。""",0
"""公交车上有人大声打电话，影响了其他乘客。""",0
"""新开的书店环境不错，但书籍种类偏少。""",0
"""天气预报说明天可能有暴雨，出门记得带伞。""",0
"""这个季度的销售业绩比去年同期增长了15%。""",0
"""邻居家的狗经常半夜叫，影响周围人休息。""",0
"""专家建议每天保持7-8小时睡眠最有利于健康。""",0
"""这款软件更新后运行速度明显变快了。""",0
"""火车站安检升级，乘客需要提前到达以免误车。""",0
"""小区物业正在维修电梯，预计三天内完成。""",0
"""这种新型材料比传统材料轻便且更耐用。""",0
"""健身房里的器材有些老旧，需要更换了。""",0
"""这次考试题目比预想的要难很多。""",0
"""快递包裹被雨水淋湿了，里面的东西有点受损。""",0
"""会议室空调坏了，大家开会时都觉得闷热。""",0
"""这种饮食习惯容易导致营养不均衡。""",0
"""施工现场噪音太大，附近居民投诉多次。""",0
"""图书馆的自习室座位紧张，需要提前预约。""",0
"""这款耳机降噪效果出色，适合通勤使用。""",0
"""医院候诊区人满为患，等待时间很长。""",0
"""这种新型电池充电速度提高了40%。""",0
"""街道两边的树木需要修剪，有些枝条太低。""",0
"""最近流感高发，医生提醒注意防护。""",0
"""这个APP的用户界面设计得很简洁明了。""",0
"""超市里的牛奶快过期了，正在打折促销。""",0
"""公园长椅年久失修，存在安全隐患。""",0
"""这项技术有望在未来五年内改变行业格局。""",0
"""公司年会抽奖环节中奖率低得可怜。""",0
"""这套数学题对小学生来说难度适中。""",0
"""航班延误导致很多旅客滞留机场。""",0
"""共享单车乱停放问题依然严重。""",0
"""这种新型面料透气性好，夏天穿着舒适。""",0
"""专家称过度减肥可能损害身体健康。""",0
"""地铁早高峰时段车厢内非常拥挤。""",0
"""市场最新报告显示智能手机销量连续三季度下滑。""",0
"""这家餐厅的招牌菜确实名不虚传，值得排队等候。""",0
"""专家建议每天散步半小时可显著改善睡眠质量。""",0
"""今早地铁故障导致通勤延误近一小时。""",0
"""这款洗发水用完后头发特别柔顺，会回购。""",0
"""研究人员发现新型环保材料可降解速度提升三倍。""",0
"""暴雨预警：明日部分地区可能发生城市内涝。""",0
"""这种编程语言的性能优化技巧你应该掌握。""",0
"""小区物业突然宣布下月开始收取停车管理费。""",0
"""网购的沙发到货后发现颜色与图片严重不符。""",0
"""老板又在群聊里发长语音，真的没人提醒他吗？""",0
"""春季过敏高发季，医生提醒注意防护。""",0
"""快递柜超时收费引发社区居民争议。""",0
"""新款电动车续航实测比官方数据少20%。""",0
"""这家网红奶茶店被曝使用过期原料。""",0
"""熬夜看完那部悬疑剧，结局太出乎意料了。""",0
"""银行卡盗刷案件频发，专家支招防范技巧。""",0
"""周末爬山遇到暴雨，全身湿透但很刺激。""",0
"""垃圾分类实施后小区环境明显改善。""",0
"""论文查重率过高可能导致毕业延期。""",0
"""快递员态度恶劣投诉后竟收到骚扰电话。""",0
"""这种新型理财产品的收益率看起来不太靠谱。""",0
"""会议室空调坏了，下午的会议简直是煎熬。""",0
"""共享单车乱停放问题何时能彻底解决？""",0
"""医生说我颈椎反弓，都是低头玩手机害的。""",0
"""超市购物小票显示多收了钱，回去理论才退款。""",0
"""楼上装修三个月，周末也不停工怎么办？""",0
"""这个牌子的蓝牙耳机续航能力令人失望。""",0
"""网红景点实际去了才发现照片都是P的。""",0
"""公司突然要求全员提交年度体检报告。""",0
"""房东未经允许带人看房，这合法吗？""",0
"""新能源汽车补贴政策又有新变化。""",0
"""这种中药配方据说对失眠很有效果。""",0
"""快递包装过度造成严重资源浪费。""",0
"""银行APP更新后反而更难用了。""",0
"""公园里的健身器材半数已损坏无人修理。""",0
"""航班延误六小时只发了一瓶矿泉水补偿。""",0
"""小区门口新开的早餐店油条特别酥脆。""",0
"""同事总在办公室吃味道很重的食物怎么办？""",0
"""这种新型诈骗手段最近瞄准了退休老人。""",0
"""空调维修师傅收费高得离谱还修不好。""",0
"""网红带货产品实测效果与宣传差距大。""",0
"""暴雨冲垮山区道路致多个村庄断水断电。""",0
"""这种工作压力下真的考虑要辞职了。""",0
"""二手交易平台买到假货该如何维权？""",0
"""公务员考试报名人数再创历史新高。""",0
"""外卖送错地址还态度恶劣该给差评吗？""",0
"""健身房跑路前还在大力推销年卡。""",0
"""这个旅游景区的门票涨价太不合理。""",0
"""专家称熬夜会导致记忆力永久性损伤。""",0
"""The new AI assistant can now book movie tickets automatically.""",0
"""Scientists discovered a rare plant species in the Amazon rainforest.""",0
"""This phone charger overheats after 30 minutes of use.""",0
"""Why do people still argue about pineapple on pizza?""",0
"""The airport security line stretched halfway across the terminal today.""",0
"""A study shows drinking coffee before workouts may improve endurance.""",0
"""That restaurant gave me food poisoning last weekend.""",0
"""The latest update broke the app's notification system.""",0
"""Cats knocking things over is just their way of decorating.""",0
"""Traffic was so bad I missed the entire first half of the concert.""",0
"""Workers at the factory went on strike over safety concerns.""",0
"""My laptop battery dies in under two hours now.""",0
"""Researchers developed a faster way to recycle plastic bottles.""",0
"""The park will close early due to the storm warning.""",0
"""That influencer’s makeup tutorial actually made things worse.""",0
"""Delivery times have doubled since the holiday rush started.""",0
"""A museum exhibit on ancient coins opens next month.""",0
"""The Wi-Fi here is slower than dial-up.""",0
"""His excuse for being late was literally ""I forgot how clocks work.""",0
"""Flight prices are expected to drop after the summer season.""",0
"""This shampoo made my hair fall out in clumps.""",0
"""The city council voted to add more bike lanes downtown.""",0
"""That movie sequel was completely unnecessary.""",0
"""A new law limits how much rent can increase each year.""",0
"""My neighbor’s dog barks nonstop at 3 AM.""",0
"""The gym was packed with January resolutioners today.""",0
"""This password manager keeps locking me out randomly.""",0
"""A viral tweet claimed aliens were spotted near the airport.""",0
"""The printer jammed five times while I was trying to finish my report.""",0
"""They raised the price but made the cereal box smaller.""",0
"""The subway delays this morning made everyone late.""",0
"""Some people still don’t know how to use turn signals.""",0
"""A study found people who drink tea live longer.""",0
"""The concert tickets sold out in under a minute.""",0
"""This brand’s customer service never replies to emails.""",0
"""The new highway construction won’t finish until next year.""",0
"""Her presentation was just reading slides word for word.""",0
"""They redesigned the app and now it’s impossible to navigate.""",0
"""A rare meteor shower will be visible next week.""",0
"""The coffee shop ran out of oat milk again.""",0
"""Online reviews said this hotel was clean, but it definitely wasn’t.""",0
"""My phone autocorrected ""meeting"" to ""eating"" in an important email.""",0
"""The bakery down the street makes the best sourdough.""",0
"""Trains were delayed because of signal problems.""",0
"""That new action movie is just explosions with no plot.""",0
"""A software bug caused the system to crash overnight.""",0
"""The beach was closed due to high bacteria levels.""",0
"""Why does every streaming service have a subscription fee now?""",0
"""The library is hosting a free workshop on digital privacy.""",0
"""That influencer’s skincare routine has 27 steps.""",0
"""A new report warns about rising cyberattack risks.""",0
"""The hotel charged me for a minibar I didn’t use.""",0
"""昨天超市里的苹果打折，每斤才三块钱，赶紧买了两大袋。""",0
"""这个手机电池续航太差了，充满电只能用半天，后悔没选另一款。""",0
"""医生说每天散步半小时能有效降低心脏病风险，我决定试试。""",0
"""最近小区门口新开了家奶茶店，排队的人多得吓人，不知道味道怎么样。""",0
"""春节快到了，铁路部门预计将发送旅客超过十亿人次。""",0
"""这种新型材料比传统金属轻一半，但强度却提高了三倍。""",0
"""老板说下周一要交项目报告，今晚又得加班了。""",0
"""公园里的樱花开了，粉白一片特别好看，好多人在拍照。""",0
"""专家建议青少年每天使用电子设备不超过两小时，保护视力。""",0
"""这款洗发水去油效果不错，就是香味有点太浓了。""",0
"""快递员把包裹放在门口就走了，连门铃都没按。""",0
"""周末去爬山遇到暴雨，全身湿透但感觉特别痛快。""",0
"""调查显示超过60%的上班族中午选择外卖解决午餐。""",0
"""新买的耳机音质很棒，降噪功能比想象中好很多。""",0
"""这种药需要饭后服用，否则可能会胃痛。""",0
"""公交车上有人大声讲电话，全车人都很反感。""",0
"""今年的台风比往年来得早，沿海居民要提前做好防范。""",0
"""这款游戏画面精美，但操作太复杂新手很难上手。""",0
"""会议室空调开得太冷，冻得大家直搓手臂。""",0
"""邻居家装修已经持续三个月了，每天电钻声吵得头疼。""",0
"""研究发现每天喝两杯咖啡可能延长寿命。""",0
"""这种新型机器人可以完成精密手术，误差不到0.1毫米。""",0
"""地铁安检时包里带的水被要求当场喝一口。""",0
"""这款防晒霜不油腻，夏天用着很舒服。""",0
"""小区物业贴出通知，下周要停水检修管道。""",0
"""新政策规定网约车司机必须持证上岗。""",0
"""这个菜谱看起来简单，实际做起来火候很难掌握。""",0
"""健身房年卡涨价了，现在要三千多有点贵。""",0
"""专家警告说熬夜会加速皮肤老化，建议11点前睡觉。""",0
"""快递延误三天才到，里面的东西都压坏了。""",0
"""这种新型电池充电五分钟就能用一整天。""",0
"""电影院座椅太窄，两个小时的电影坐得腰酸背痛。""",0
"""网上购物时要注意辨别真假评论，很多都是刷单。""",0
"""公园里有人遛狗不拴绳，差点撞到小孩。""",0
"""这款软件更新后运行速度明显变快了。""",0
"""天气预报说明天有暴雨，出门记得带伞。""",0
"""餐厅服务员态度很差，上菜又慢，再也不想去了。""",0
"""新型无人机可以连续飞行八小时，适合野外勘测。""",0
"""信用卡被盗刷怎么办？第一时间要联系银行冻结账户。""",0
"""这个季节的草莓特别甜，但是价格也比平时贵。""",0
"""小区垃圾分类实施后，垃圾桶旁边干净多了。""",0
"""这款笔记本键盘手感很好，打字很舒服。""",0
"""医院挂号系统升级，现在可以手机预约了。""",0
"""网购的衣服色差太大，跟图片完全不一样。""",0
"""这种新型涂料可以自动调节室内温度，冬暖夏凉。""",0
"""公交卡丢了怎么补办？需要带身份证去服务中心。""",0
"""这家火锅店食材新鲜，就是辣度选择太少。""",0
"""施工队半夜还在作业，周围居民投诉噪音扰民。""",0
"""新的交通法规规定开车玩手机罚款200元。""",0
"""这款相机夜景拍摄效果惊艳，噪点控制得很好。""",0
"""房东说要涨租金，每月多收500块压力很大。""",0
"""昨天地震造成部分房屋受损，目前救援工作正在进行中。""",0
"""这款手机续航时间长，拍照效果也不错，性价比很高。""",0
"""医生说每天喝足够的水对身体非常重要，建议不少于八杯。""",0
"""这个月工资还没发，信用卡账单又要到期了，压力有点大。""",0
"""研究发现，经常锻炼可以显著降低患心脏病的风险。""",0
"""如果你忘记密码，可以通过绑定的邮箱找回。""",0
"""周末去看了新上映的电影，特效很棒但剧情一般。""",0
"""这家餐厅的招牌菜确实不错，就是服务员态度有点差。""",0
"""警方提醒市民注意防范新型网络诈骗手段。""",0
"""最近房价又涨了，年轻人买房越来越难。""",0
"""这个软件占用内存太大，经常导致电脑卡顿。""",0
"""终于考完试了，感觉这次题目比去年难很多。""",0
"""专家建议每天保持7-8小时睡眠，有助于提高工作效率。""",0
"""快递显示已签收，但门口什么都没看到，可能丢件了。""",0
"""这款洗发水去油效果很好，适合油性发质的人使用。""",0
"""最近天气忽冷忽热，很多人感冒了。""",0
"""老板突然通知明天加班，周末计划全泡汤了。""",0
"""这篇文章分析了当前经济形势，值得仔细阅读。""",0
"""航班因天气原因延误，乘客滞留机场超过六小时。""",0
"""邻居家的狗每天晚上都叫，严重影响睡眠。""",0
"""数据显示今年毕业生就业率比去年同期有所下降。""",0
"""这种新型材料强度高、重量轻，应用前景广阔。""",0
"""医生说这个药需要空腹服用，否则会影响效果。""",0
"""手机掉水里了，现在开不了机，维修费估计不便宜。""",0
"""这个游戏画面精美，但操作太复杂，新手很难上手。""",0
"""最近猪肉价格持续上涨，消费者表示压力很大。""",0
"""研究表明长期熬夜会导致记忆力下降。""",0
"""这个APP的用户界面设计得很友好，操作简单方便。""",0
"""会议推迟到下周，具体时间另行通知。""",0
"""网购的衣服和图片色差太大，已经申请退货了。""",0
"""这种新型电池充电速度快，续航能力也很强。""",0
"""交警提醒雨天路滑，请减速慢行注意安全。""",0
"""公司年会抽中一等奖，是一台最新款笔记本电脑。""",0
"""这本书内容很深奥，读了好几遍还是不太懂。""",0
"""公交卡余额不足了，得赶紧去充值。""",0
"""专家称过多使用社交媒体可能导致焦虑和抑郁。""",0
"""这个牌子的空调制冷效果很好，就是噪音有点大。""",0
"""项目截止日期提前了，团队正在加班赶工。""",0
"""这种新疗法对某些癌症患者效果显著。""",0
"""路由器信号不稳定，经常断网，准备换一个。""",0
"""超市促销打折，很多商品比平时便宜一半。""",0
"""这个季节最适合去海边度假，天气不冷不热。""",0
"""新政策出台后，中小企业税收负担减轻不少。""",0
"""电脑突然蓝屏，重要文件还没来得及保存。""",0
"""这种植物需要充足阳光，放在阳台最合适。""",0
"""地铁新线路开通后，通勤时间缩短了半小时。""",0
"""最新调查显示多数人对当前空气质量不满意。""",0
"""这次出差住的那家酒店隔音效果太差，几乎没睡着。""",0
"""这种面料容易起球，穿几次就不好看了。""",0
"""银行利率再次下调，存款收益越来越少。""",0
"""今天天气真好，阳光明媚适合散步。""",0
"""这款手机摄像头的夜景模式效果超出预期。""",0
"""专家提醒公众注意网络诈骗的新手法。""",0
"""昨晚的足球比赛结果出人意料。""",0
"""这个菜谱做出来的蛋糕松软可口。""",0
"""研究发现睡眠不足会影响记忆力。""",0
"""快递员把包裹放在了门口。""",0
"""这个软件更新后运行更流畅了。""",0
"""公园里的樱花已经开始凋谢。""",0
"""会议上讨论了明年的预算方案。""",0
"""咖啡喝太多可能导致心悸。""",0
"""这家餐厅的招牌菜值得一试。""",0
"""暴雨导致多条道路积水严重。""",0
"""新政策将于下个月正式实施。""",0
"""笔记本电脑的电池续航表现一般。""",0
"""春节期间车票预订非常紧张。""",0
"""这本小说描写了乡村生活的变迁。""",0
"""健身房的人比上周少了一半。""",0
"""数据显示网购用户数量持续增长。""",0
"""这种材料的耐高温性能很出色。""",0
"""天气预报说明天会降温。""",0
"""用户反馈系统登录速度变慢了。""",0
"""这种植物需要每天浇水两次。""",0
"""会议记录已经发送到群里。""",0
"""快递预计三天后送达。""",0
"""这款洗发水去油效果不错。""",0
"""专家建议每天步行半小时。""",0
"""公园新增了儿童游乐设施。""",0
"""这份报告分析了市场趋势。""",0
"""晚上八点有重要新闻直播。""",0
"""冰箱里的牛奶过期了。""",0
"""新开的商场人流量很大。""",0
"""这种药需要饭后服用。""",0
"""笔记本电脑突然自动关机。""",0
"""周末的演唱会门票售罄。""",0
"""研究发现锻炼能缓解压力。""",0
"""电梯故障导致多人被困。""",0
"""这本书的结局令人深思。""",0
"""天气潮湿衣服不容易干。""",0
"""餐厅推出了夏季限定菜单。""",0
"""快递公司调整了配送范围。""",0
"""这种油漆的环保指标合格。""",0
"""暴雨预警学校提前放学。""",0
"""新车型的油耗表现优异。""",0
"""会议推迟到下周举行。""",0
"""用户抱怨软件经常闪退。""",0
"""超市的蔬菜价格小幅上涨。""",0
"""这种面料容易起球不耐穿。""",0
"""专家解读最新经济数据。""",0
"""1. 这家餐厅的牛肉面汤头浓郁，面条筋道，绝对值得一试。""",0
"""2. 研究发现，每天散步半小时能显著改善睡眠质量。""",0
"""3. 这款手机充电速度很快，但电池续航有点令人失望。""",0
"""4. 最近上映的那部科幻片特效很棒，但剧情有些老套。""",0
"""5. 很多人认为猫比狗更独立，适合忙碌的上班族饲养。""",0
"""6. 专家建议定期更换密码以提高账户安全性。""",0
"""7. 昨天超市打折，水果区排起了长队。""",0
"""8. 这种新型材料比传统塑料更环保，可完全降解。""",0
"""9. 会议记录显示第三季度销售额比预期低了15%。""",0
"""10. 公园里的樱花开了，吸引了不少游客前来拍照。""",0
"""11. 这本小说描写了一个虚拟世界中的冒险故事。""",0
"""12. 天气预报说明天可能会下大雨，出门记得带伞。""",0
"""13. 这种药可以有效缓解头痛，但可能会有轻微副作用。""",0
"""14. 最新调查显示年轻人更喜欢用短视频平台获取新闻。""",0
"""15. 建议定期备份重要文件，以防数据丢失。""",0
"""16. 那家咖啡店的环境很安静，适合看书或工作。""",0
"""17. 运动前热身可以减少受伤的风险。""",0
"""18. 这个牌子的洗发水去油效果不错，但价格偏贵。""",0
"""19. 报告指出过去五年空气质量有所改善。""",0
"""20. 周末去爬山，山顶的风景真是太美了。""",0
"""21. 这款相机的画质非常清晰，适合摄影爱好者。""",0
"""22. 医生说每天喝足够的水对健康很重要。""",0
"""23. 最近汽油价格又上涨了，开车成本越来越高。""",0
"""24. 这条步行街晚上很热闹，有各种小吃摊。""",0
"""25. 研究发现睡前使用电子设备会影响睡眠。""",0
"""26. 这本书详细介绍了中国古代的建筑风格。""",0
"""27. 这个APP操作简单，适合老年人使用。""",0
"""28. 最新政策将提高退休人员的基本养老金。""",0
"""29. 这家健身房设施齐全，但会员费有点高。""",0
"""30. 下雨天路面湿滑，开车要格外小心。""",0
"""31. 这种新型电池充电速度提高了30%。""",0
"""32. 很多人认为在家办公比去公司更有效率。""",0
"""33. 那部纪录片讲述了海洋污染的严重问题。""",0
"""34. 专家提醒不要随意点击不明来源的链接。""",0
"""35. 这个季节最适合种植番茄和黄瓜。""",0
"""36. 数据显示网购已成为主要的消费方式之一。""",0
"""37. 这种面料透气性好，夏天穿着很舒服。""",0
"""38. 会议讨论了如何提高员工的工作满意度。""",0
"""39. 公园里新安装的健身器材很受居民欢迎。""",0
"""40. 这款软件可以帮助用户更好地管理时间。""",0
"""41. 最新研究表明锻炼可以缓解焦虑症状。""",0
"""42. 那家面包店的蛋糕甜而不腻，值得推荐。""",0
"""43. 交通部门提醒节假日出行尽量避开高峰时段。""",0
"""44. 这种新型耳机降噪效果非常出色。""",0
"""45. 调查报告显示大多数人对社区服务表示满意。""",0
"""46. 周末去看了一场话剧，演员的表演很精彩。""",0
"""47. 专家建议每天摄入足够的蔬菜和水果。""",0
"""48. 这款汽车的安全性能在同级车中名列前茅。""",0
"""49. 数据显示今年春节旅游人数比去年增加了20%。""",0
"""50. 这种教学方法能有效提高学生的学习兴趣。""",0
"""1. 这家餐厅的招牌菜确实不错，价格也很实惠。""",0
"""2. 最新研究表明，每天散步半小时能显著改善睡眠质量。""",0
"""3. 这款手机电池续航太差，用半天就得充电。""",0
"""4. 昨天看的电影结局太意外了，完全没想到会是这样。""",0
"""5. 这个软件的用户界面设计得很直观，新手也能快速上手。""",0
"""6. 据说下周气温会骤降，大家记得多穿点衣服。""",0
"""7. 老板刚才发邮件说下周要开全体会议。""",0
"""8. 这本书的前几章有点枯燥，但后面越来越精彩。""",0
"""9. 这种新型材料比传统塑料更环保，降解速度更快。""",0
"""10. 早上地铁人太多了，差点没挤上去。""",0
"""11. 他们公司的客服响应速度实在太慢了。""",0
"""12. 专家建议每天喝够八杯水，保持身体水分平衡。""",0
"""13. 这款游戏画面精美，但操作有点复杂。""",0
"""14. 最近很多人在讨论这个新政策的影响。""",0
"""15. 这种类型的咖啡机清洗起来特别麻烦。""",0
"""16. 昨晚的足球比赛结果让人大跌眼镜。""",0
"""17. 这个品牌的衣服质量不错，就是款式少了点。""",0
"""18. 研究表明长期熬夜会导致记忆力下降。""",0
"""19. 会议室空调开得太冷了，冻得直哆嗦。""",0
"""20. 这种新型电池充电速度比普通电池快三倍。""",0
"""21. 周末去的那家商场人山人海，停车位都找不到。""",0
"""22. 这个APP经常弹出广告，体验很差。""",0
"""23. 医生说多吃蔬菜水果有助于增强免疫力。""",0
"""24. 这款相机的夜景模式拍出来的照片特别清晰。""",0
"""25. 今天路上堵车，迟到了十分钟。""",0
"""26. 最近上映的那部科幻片特效做得非常逼真。""",0
"""27. 这种新型口罩透气性好，戴久了也不会闷。""",0
"""28. 会议室WiFi信号时好时坏，视频会议老是卡顿。""",0
"""29. 这家网店的物流速度很快，下单第二天就到了。""",0
"""30. 专家提醒说过度使用电子设备会影响视力。""",0
"""31. 这款洗发水去油效果不错，适合油性发质。""",0
"""32. 昨天的讲座内容很有启发性，学到了不少新知识。""",0
"""33. 这种新型建筑材料比传统材料更轻更坚固。""",0
"""34. 周末公园里人特别多，热闹得很。""",0
"""35. 这个软件的免费版功能限制太多了。""",0
"""36. 医生说每天锻炼半小时可以有效预防慢性病。""",0
"""37. 这款耳机降噪效果一流，坐地铁时听得很清楚。""",0
"""38. 最近油价又涨了，开车成本越来越高。""",0
"""39. 这家咖啡馆的拿铁味道很正宗，值得一试。""",0
"""40. 新出台的规定对小微企业有税收优惠政策。""",0
"""41. 这款扫地机器人遇到障碍物会自动避开。""",0
"""42. 昨晚的暴雨导致部分地区停电了好几个小时。""",0
"""43. 这种新型肥料能让农作物产量提高20%左右。""",0
"""44. 周末在家尝试了新菜谱，结果做得太咸了。""",0
"""45. 这个品牌的笔记本电脑散热性能一直是个问题。""",0
"""46. 研究表明定期运动可以缓解焦虑情绪。""",0
"""47. 这款防晒霜不油腻，夏天用着很舒服。""",0
"""48. 早上开会时投影仪突然坏了，耽误了不少时间。""",0
"""49. 这种新型包装材料可完全生物降解，环保性很高。""",0
"""50. 最近很多人在讨论人工智能对就业市场的影响。""",0
"""1. 今天天气真好，适合去公园散步。""",0
"""2. 这款手机电池续航比上一代提升了20%。""",0
"""3. 专家建议每天喝八杯水有助于身体健康。""",0
"""4. 昨晚看的电影情节太老套，完全猜得到结局。""",0
"""5. 这家餐厅的招牌菜确实不错，值得一试。""",0
"""6. 数据显示今年新能源汽车销量增长了30%。""",0
"""7. 这种新型材料比传统材料轻了40%。""",0
"""8. 城市里的共享单车越来越多了。""",0
"""9. 上个月的降雨量创下了十年来的新低。""",0
"""10. 很多人认为人工智能将改变未来的工作方式。""",0
"""11. 这本小说讲述了一个关于时间旅行的有趣故事。""",0
"""12. 研究表明每天锻炼半小时能有效降低患病风险。""",0
"""13. 这款洗衣机的静音效果特别好。""",0
"""14. 预计下周气温将回升到25度左右。""",0
"""15. 这种新型疫苗的有效性达到了95%以上。""",0
"""16. 网购现在已经成为主要的消费方式之一。""",0
"""17. 最近上映的科幻片获得了观众的一致好评。""",0
"""18. 这种新型涂料可以有效防止墙面发霉。""",0
"""19. 专家提醒要注意保护个人隐私数据安全。""",0
"""20. 这家咖啡店的环境特别适合安静地看书。""",0
"""21. 今年本地草莓的产量比去年减少了15%。""",0
"""22. 这款耳机降噪效果不错，但价格偏高。""",0
"""23. 数据显示年轻人使用社交媒体的时间在增加。""",0
"""24. 这款扫地机器人可以自动规划清洁路线。""",0
"""25. 最近的空气质量比上个月改善了很多。""",0
"""26. 这个牌子的巧克力口感特别丝滑。""",0
"""27. 研究表明长期熬夜会影响记忆力。""",0
"""28. 这款电动车的充电速度比同类产品快30%。""",0
"""29. 城市绿化面积在过去五年增加了20%。""",0
"""30. 很多人都在讨论最新的科技产品发布会。""",0
"""31. 这本书详细介绍了世界各地的美食文化。""",0
"""32. 专家建议每周至少进行三次有氧运动。""",0
"""33. 这款相机的夜间拍摄效果令人惊艳。""",0
"""34. 今年的毕业生就业率比去年提高了5%。""",0
"""35. 这种新型建筑材料更加环保耐用。""",0
"""36. 越来越多的人选择网上购物而不是去实体店。""",0
"""37. 这部纪录片展示了野生动物保护的现状。""",0
"""38. 这款笔记本电脑的重量只有1.2公斤。""",0
"""39. 数据显示今年的旅游业收入有所回升。""",0
"""40. 这个牌子的洗发水对敏感头皮很友好。""",0
"""41. 研究表明吃太多加工食品不利于健康。""",0
"""42. 这款电动牙刷的续航时间长达一个月。""",0
"""43. 城市规划部门计划新建三个公园。""",0
"""44. 很多人对即将到来的假期充满期待。""",0
"""45. 这本杂志每期都会介绍不同的旅行目的地。""",0
"""46. 专家建议儿童每天至少进行一小时的户外活动。""",0
"""47. 这款空气净化器可以有效过滤PM2.5。""",0
"""48. 今年的水果价格比往年要高出不少。""",0
"""49. 这种新型节能灯泡寿命长达十年。""",0
"""50. 数据显示远程办公的工作效率与传统办公相当。""",0
"""1. 这家餐厅的招牌菜确实不错，但服务速度有点慢。""",0
"""2. 最近股市波动较大，投资者需谨慎操作。""",0
"""3. 这款手机的电池续航能力比上一代强了不少。""",0
"""4. 昨天那场雨下得真大，路上积水严重。""",0
"""5. 这个软件的界面设计简洁，但功能略显单一。""",0
"""6. 据说房价明年可能会小幅上涨。""",0
"""7. 这家咖啡店的拿铁味道很正，推荐尝试。""",0
"""8. 网络安全问题越来越受到人们的重视。""",0
"""9. 这本书的故事情节紧凑，读起来很过瘾。""",0
"""10. 最近工作太忙，连周末都没时间休息。""",0
"""11. 新款电动车的充电速度比传统车型快很多。""",0
"""12. 这次会议的内容涉及多个部门的协作问题。""",0
"""13. 那个公园的樱花开了，周末可以去看看。""",0
"""14. 这个品牌的护肤品效果不错，但价格偏高。""",0
"""15. 昨天新闻报道了一起交通事故，所幸无人受伤。""",0
"""16. 这个季节的水果特别新鲜，尤其是草莓。""",0
"""17. 这款游戏的操作简单，适合各个年龄段的玩家。""",0
"""18. 最近气温骤降，记得多穿点衣服。""",0
"""19. 网购的快递比预期晚到了一天。""",0
"""20. 这部电影的结局有点出人意料。""",0
"""21. 周末去爬山，山顶的风景美得让人震撼。""",0
"""22. 这个项目的进度比计划落后了一周。""",0
"""23. 现在很多人选择在家办公，效率反而更高。""",0
"""24. 这家健身房的环境很好，器材也很齐全。""",0
"""25. 昨天看到一条流浪狗，看起来很可怜。""",0
"""26. 这款耳机的音质非常清晰，降噪效果也不错。""",0
"""27. 最近油价又涨了，开车成本增加了不少。""",0
"""28. 这个城市的公共交通系统非常便利。""",0
"""29. 那家新开的甜品店排队的人特别多。""",0
"""30. 这个季节的天气变化无常，容易感冒。""",0
"""31. 这台电脑的运行速度比我预期的快很多。""",0
"""32. 最近在学做菜，虽然失败了几次但进步很大。""",0
"""33. 这个品牌的运动鞋穿起来很舒服。""",0
"""34. 昨天的会议开了三个小时，大家都累了。""",0
"""35. 听说这个周末会有暴雨，出行要注意安全。""",0
"""36. 这款相机的拍照效果非常清晰，适合摄影爱好者。""",0
"""37. 最近工作压力大，打算周末去放松一下。""",0
"""38. 这家书店的氛围很适合安静地看书。""",0
"""39. 这个月的电费比上个月高了不少。""",0
"""40. 那部电视剧的剧情有点拖沓，看了几集就弃了。""",0
"""41. 这次旅行的住宿条件比想象中好很多。""",0
"""42. 最近迷上了一款新出的手游，玩得停不下来。""",0
"""43. 这个品牌的空调制冷效果很好，但噪音稍大。""",0
"""44. 昨天的篮球比赛打得非常激烈，最后比分很接近。""",0
"""45. 这家超市的生鲜区品种丰富，价格也合理。""",0
"""46. 最近开始健身，感觉整个人精神多了。""",0
"""47. 这个软件的学习曲线有点陡，需要花时间适应。""",0
"""48. 昨天的日出特别美，可惜没带相机。""",0
"""49. 这个季节的蔬菜特别新鲜，适合做沙拉。""",0
"""50. 那家火锅店的辣锅底真的很够味，推荐给喜欢吃辣的人。""",0
"""本地超市推出环保购物袋，顾客可凭积分免费兑换。""",0
"""专家提醒：过度使用消毒液可能损害皮肤屏障功能。""",0
"""这款手机续航表现优秀，但相机夜间模式有待提升。""",0
"""暴雨导致多趟列车晚点，车站已启动应急预案。""",0
"""研究发现每周运动三次可显著改善睡眠质量。""",0
"""这种算法明显存在漏洞，""程序员在技术论坛指出。""",0
"""小区垃圾分类实施半年，居民参与率达92%。""",0
"""网红餐厅因卫生问题被勒令停业整顿。""",0
"""春节假期全国高速公路免费通行时间确定。""",0
"""新型材料可降低太阳能电池生产成本约15%。""",0
"""医生建议：久坐人群每小时应起身活动五分钟。""",0
"""快递公司宣布春节期间照常运营，但时效可能延迟。""",0
"""房价连续三个月环比下跌，市场观望情绪浓厚。""",0
"""用户抱怨软件更新后耗电量增加，官方暂无回应。""",0
"""公园增设无障碍通道，获残障人士好评。""",0
"""电动汽车充电桩覆盖率明年将达县城级别。""",0
"""这套理论完全经不起推敲，""教授在学术会议上反驳道。""",0
"""台风路径北移，沿海地区启动防风Ⅲ级响应。""",0
"""二手平台出现大量假冒品牌服装，消费者需谨慎。""",0
"""工厂排放超标被罚百万，环保局将加强巡查。""",0
"""这款游戏剧情精彩，但服务器稳定性亟待改进。""",0
"""研究发现长期熬夜可能增加心血管疾病风险。""",0
"""地铁新线路试运行，预计年底正式开通。""",0
"""网红直播带货产品近三成存在质量问题。""",0
"""专家称适度饮用红酒或有助于肠道健康。""",0
"""共享单车企业调整计价规则，起步价上涨0.5元。""",0
"""这种新型涂料可使建筑物表面温度降低8℃。""",0
"""市民反映公交班次减少，交通局承诺尽快调整。""",0
"""这个设计理念太过时了，""年轻设计师直言不讳。""",0
"""春节档电影预售票房已突破五亿元大关。""",0
"""医院开通线上问诊，慢性病患者可远程复诊。""",0
"""这款空调静音效果好，但制热速度较慢。""",0
"""多地出台政策鼓励高校毕业生到基层就业。""",0
"""数据加密方式存在重大安全隐患，""安全专家警告。""",0
"""垃圾分类错误将被罚款，最高可达200元。""",0
"""新型无人机续航时间达6小时，适合农业监测。""",0
"""消费者投诉网购商品与描述严重不符。""",0
"""研究表明亲子共读能显著提升儿童语言能力。""",0
"""这条老街改造后保留了原有的历史风貌。""",0
"""用户隐私保护不能流于形式，""业内人士强调。""",0
"""快递包装回收计划试点效果超出预期。""",0
"""这款洗发水去屑效果明显，但香味过于浓烈。""",0
"""多地气温骤降，气象局发布寒潮蓝色预警。""",0
"""共享办公空间入驻率回升至疫情前水平。""",0
"""传统书店转型成功，月均客流量增长40%。""",0
"""施工方案需要重新评估，""工程师指着图纸说。""",0
"""果蔬价格上涨，专家预测短期内难以回落。""",0
"""智能手环新增血氧检测功能，售价保持不变。""",0
"""社区医院将开展免费糖尿病筛查活动。""",0
"""这种新型复合材料比钢材轻60%但强度相当。""",0
"""游客违规投喂野生动物将面临高额罚款。""",0
"""线上教育平台用户数量同比增长三倍。""",0
"""周末市场蔬菜价格普遍上涨，西红柿每斤涨了两块多。""",0
"""新研究发现每天散步半小时可显著改善睡眠质量。""",0
"""这家餐厅的招牌菜确实不错，就是服务员态度有点冷淡。""",0
"""专家提醒：下载手机应用时务必查看权限设置。""",0
"""昨晚的暴雨导致城区多处积水，交通一度瘫痪。""",0
"""这款手机的电池续航比上一代提升了约20%。""",0
"""其实你不必为了合群而勉强自己。""朋友突然说了这么一句。""",0
"""环保组织呼吁减少一次性塑料制品的使用。""",0
"""这个编程框架的学习曲线比预期的要平缓。""",0
"""春节期间快递服务将调整，部分网点暂停营业。""",0
"""二手书店角落发现了一本绝版多年的小说。""",0
"""医生说饭后立即运动可能引起消化不良。""",0
"""社区新安装了智能垃圾分类回收箱。""",0
"""您输入的密码强度不足，请包含大小写字母和数字。""",0
"""台风路径偏移，原定航班被迫取消。""",0
"""这款洗发水用完后头发特别柔顺，会回购。""",0
"""考古团队在河南发现商代晚期青铜器作坊遗址。""",0
"""健身房突然关门，会员们正在集体维权。""",0
"""电子发票和纸质发票具有同等法律效力。""",0
"""论文数据表明这种新药副作用发生率低于3%。""",0
"""小区物业终于开始整治乱停放的共享单车了。""",0
"""冬至这天北方人吃饺子，南方人更爱汤圆。""",0
"""路由器放在这个位置会导致卧室信号很差。""",0
"""银行提醒：切勿向他人透露短信验证码。""",0
"""今年羽绒服流行这种超轻便携的款式。""",0
"""网红甜品店排队长达两小时真的值得吗？""",0
"""研究人员成功培育出抗病能力更强的水稻品种。""",0
"""地铁安检升级，液体物品需开瓶检查。""",0
"""会议室投影仪总是自动关机，需要报修了。""",0
"""这种新型材料可以承受零下50度的低温。""",0
"""超市促销员极力推荐这款新上市的酸奶。""",0
"""失眠时数羊不如听白噪音效果更好。""",0
"""新能源汽车充电桩覆盖率达到县城级别。""",0
"""快递单上的个人信息记得要撕毁再丢弃。""",0
"""这本悬疑小说看到最后才明白凶手是谁。""",0
"""专家称睡前刷手机影响褪黑素分泌。""",0
"""公园里新栽的樱花树明年春天就能开花。""",0
"""系统提示：您的免费存储空间即将用尽。""",0
"""传统手工酱油的酿造周期需要至少半年。""",0
"""这次软件更新修复了十几个已知漏洞。""",0
"""菜鸟驿站开始试点24小时自助取件服务。""",0
"""喝隔夜茶会不会致癌？实验告诉你真相。""",0
"""这款APP的用户协议隐藏着哪些条款陷阱？""",0
"""小区垃圾分类积分可兑换生活用品了。""",0
"""考古学家复原了唐代贵族女子的妆容。""",0
"""这种新型路由器穿墙能力确实很出色。""",0
"""气象局发布高温红色预警：避免午后外出。""",0
"""会议纪要显示项目进度落后计划两周。""",0
"""无意中发现旧书里夹着二十年前的粮票。""",0
"""电梯里的消毒液气味最近变得更浓了。""",0
"""网购的生鲜食品送达时冰袋还没完全融化。""",0
"""心理学家说这种颜色能让人保持冷静。""",0
"""广场舞音乐声太大遭附近居民多次投诉。""",0
"""电子秤显示比上周轻了两公斤，开心。""",0
"""该旅游景点即日起暂停团队接待服务。""",0
"""实验室培育钻石价格仅为天然的30%。""",0
"""自动续费功能记得在试用期结束前关闭。""",0
"""这批进口水果检疫手续齐全可以放心购买。""",0
"""邻居家的狗每天准时六点开始叫。""",0
"""古籍修复师正在抢救一批明代地方志。""",0
"""新研究表明低碳饮食可能有助于改善代谢健康。""",0
"""这家餐厅的招牌菜确实名不虚传，值得排队等候。""",0
"""专家提醒近期流感高发，建议民众注意防护。""",0
"""昨天在公园看到一只特别可爱的流浪猫，毛色很特别。""",0
"""这款手机电池续航能力比上一代提升了20%左右。""",0
"""据传明年将出台新的房产税政策，细节尚未公布。""",0
"""有人试过用空气炸锅做甜品吗？求推荐食谱。""",0
"""暴雨导致城市多处积水，交通受到严重影响。""",0
"""这种新型材料在高温下仍能保持稳定性，应用前景广阔。""",0
"""小区里的健身器材该更新了，好几个都生锈了。""",0
"""最新调查显示年轻人储蓄意愿创十年新低。""",0
"""这种编程语言的语法简洁，适合初学者入门。""",0
"""快递延误三天了，物流信息一直没更新。""",0
"""春节期间高速公路免费通行时间已确定。""",0
"""这本小说结局太出人意料了，完全没想到。""",0
"""医生建议每天步行8000步有益心血管健康。""",0
"""超市开始销售当季新鲜草莓，价格比上周便宜。""",0
"""公交线路调整后，附近居民出行更方便了。""",0
"""这种新型涂料可以有效降低室内甲醛含量。""",0
"""会议室预约系统总是出问题，耽误了好多事。""",0
"""周末露营遇到暴雨，装备全淋湿了。""",0
"""新能源汽车充电桩覆盖率今年将提高至80%。""",0
"""这款洗发水去油效果不错，但有点干。""",0
"""专家预测明年经济增速可能放缓至5%左右。""",0
"""公园里的樱花开了，吸引大批游客拍照。""",0
"""这种病毒主要通过飞沫传播，需佩戴口罩。""",0
"""新开的火锅店服务很好，但菜品选择不多。""",0
"""航空公司宣布下月将开通新的国际航线。""",0
"""这种新型电池可在零下30度正常使用。""",0
"""早高峰地铁太挤了，差点没上去车。""",0
"""研究发现每天喝两杯咖啡可能延长寿命。""",0
"""小区门禁系统升级，需要重新录入信息。""",0
"""这款相机的夜间拍摄效果超出预期。""",0
"""暴雨引发山体滑坡，多条公路临时封闭。""",0
"""网购的衣服色差太大，准备退货。""",0
"""今年冬天可能会比往年更冷，专家建议提前准备。""",0
"""这种新型农药对环境影响较小，获准推广。""",0
"""会议室空调坏了，下午开会要热死了。""",0
"""最新款游戏主机预售一分钟内售罄。""",0
"""这种材料防水性能极佳，适合户外用品。""",0
"""超市鸡蛋价格连续三周上涨，涨幅达15%。""",0
"""周末去爬山，山顶的风景太美了。""",0
"""快递包装过度问题引发环保组织关注。""",0
"""这款APP界面简洁，但功能不够完善。""",0
"""机场安检新规下月起实施，需提前到达。""",0
"""小区垃圾分类执行情况比去年好多了。""",0
"""这种新型治疗方法有望降低癌症复发率。""",0
"""今年电影节将展映30多个国家的影片。""",0
"""昨日股市收盘小幅上涨，科技板块表现亮眼。""",0
"""这个新手机充电速度简直让人惊喜，半小时就能充满。""",0
"""专家建议每天喝水不少于八杯，保持身体水分平衡。""",0
"""小区里的流浪猫越来越多了，居民们自发组织喂养。""",0
"""这款洗发水用了两周，掉发问题明显改善。""",0
"""火车站新增了自助售票机，排队时间缩短了不少。""",0
"""最近天气忽冷忽热，感冒的人明显增多。""",0
"""老板说下周要加班赶项目，同事们都在叹气。""",0
"""这本小说结局太出乎意料了，看得我半夜睡不着。""",0
"""超市的鸡蛋又涨价了，现在一盒要十五块钱。""",0
"""健身房推出了暑期优惠，年卡打七折。""",0
"""地铁三号线明天开始施工，部分站点临时关闭。""",0
"""医生说多吃绿叶蔬菜有助于降低胆固醇。""",0
"""这个牌子的空调噪音很小，晚上睡觉完全没影响。""",0
"""公园里的樱花开了，吸引了很多游客拍照。""",0
"""新开的火锅店生意火爆，排队要等一个多小时。""",0
"""房价最近有下降趋势，不少人在观望是否入手。""",0
"""熬夜追剧导致黑眼圈严重，看来得早点睡了。""",0
"""这款APP的用户界面设计得很直观，操作很方便。""",0
"""快递员把包裹放在门口，幸好没被人拿走。""",0
"""听说下个月要调整公交线路，得多留意通知。""",0
"""这种新型材料比传统塑料更环保，可降解速度更快。""",0
"""邻居家的狗总是半夜叫，吵得人睡不着觉。""",0
"""公司年会抽奖中了个蓝牙耳机，运气不错。""",0
"""图书馆的自习室位置很难抢，早上八点就满了。""",0
"""这种药副作用很小，适合长期服用。""",0
"""周末去爬山，山顶的风景真是太美了。""",0
"""这款游戏画面精美，但玩久了眼睛容易疲劳。""",0
"""网上有人说吃胡萝卜能改善视力，不知道真假。""",0
"""最近的空气质量不太好，建议减少户外活动。""",0
"""新政策规定电动车必须上牌才能上路行驶。""",0
"""这个季节的草莓特别甜，价格也比之前便宜。""",0
"""会议室里的投影仪老是出问题，耽误了不少时间。""",0
"""研究表明每天散步半小时能有效缓解压力。""",0
"""这家餐厅的招牌菜偏辣，不能吃辣的要慎点。""",0
"""公交卡充值现在支持手机支付，不用排队了。""",0
"""这种新型电池充电更快，续航时间也更长。""",0
"""小区的垃圾分类做得不好，很多人还是乱扔。""",0
"""连续加班一周，今天终于能准时下班了。""",0
"""这种面料透气性好，夏天穿特别舒服。""",0
"""机场安检新规定，液体物品必须单独检查。""",0
"""网上购物遇到假货，退货流程特别麻烦。""",0
"""专家预测今年夏天会比往年更热，建议提前备好防暑用品。""",0
"""这款相机的夜景模式拍出来的照片很清晰。""",0
"""很多人不知道过期药品应该怎么处理，直接扔垃圾桶其实不对。""",0
"""周末市场人山人海，停车位找了半个小时。""",0
"""这种新型耳机降噪效果一流，坐地铁再也不怕吵了。""",0
"""最近迷上了烘焙，虽然失败了好几次但还是挺有趣的。""",0
"""公司楼下新开了家咖啡店，拿铁味道不错。""",0
"""这种新型口罩戴起来更透气，长时间佩戴也不会闷。""",0
"""今天天气真好，适合出门散步。""",0
"""这款手机电池续航能力很强，充一次电可以用两天。""",0
"""医生说每天喝八杯水对身体有益。""",0
"""昨晚的足球比赛结果让人大跌眼镜。""",0
"""这家餐厅的招牌菜味道确实不错，值得一试。""",0
"""学习编程需要耐心和持续练习。""",0
"""最近股市波动较大，投资者需谨慎。""",0
"""这款洗衣机的静音效果特别好。""",0
"""早睡早起对健康有很大帮助。""",0
"""新上映的电影票房已经突破十亿。""",0
"""疫情期间注意勤洗手戴口罩。""",0
"""这款蓝牙耳机音质清晰，性价比高。""",0
"""下雨天最适合在家看书喝茶。""",0
"""专家建议每天运动半小时保持健康。""",0
"""这个品牌的护肤品很适合敏感肌使用。""",0
"""下周气温将骤降，记得添衣保暖。""",0
"""网购时要注意查看商品评价。""",0
"""这款游戏画面精美，操作流畅。""",0
"""周末去爬山是不错的放松方式。""",0
"""研究表明睡眠不足会影响记忆力。""",0
"""这款笔记本电脑运行速度很快。""",0
"""交通高峰期最好提前出门。""",0
"""多吃蔬菜水果有助于消化。""",0
"""这个旅游景点的风景非常壮丽。""",0
"""新车发布会的现场气氛很热烈。""",0
"""这种材料防水性能很好。""",0
"""周末市场的人流量明显增加。""",0
"""阅读能有效减轻压力。""",0
"""这种新型能源更加环保。""",0
"""会议将在下周一上午九点开始。""",0
"""这款相机的拍摄效果非常清晰。""",0
"""冬天要注意皮肤保湿。""",0
"""网上课程让学习更加灵活。""",0
"""这种治疗方法效果显著。""",0
"""周末影院上映了几部新片。""",0
"""锻炼后要及时补充水分。""",0
"""这款APP的用户界面很友好。""",0
"""今年的粮食产量预计会增加。""",0
"""睡前泡脚有助于提高睡眠质量。""",0
"""这种新型材料更轻更耐用。""",0
"""周末公园里有很多人在锻炼。""",0
"""研究表明午睡能提高工作效率。""",0
"""这款电动车的续航里程很长。""",0
"""旅行前要提前预订酒店。""",0
"""多吃坚果对心脏健康有益。""",0
"""这个品牌的运动鞋很舒适。""",0
"""空气净化器能改善室内空气质量。""",0
"""这种工艺制作的家具更环保。""",0
"""养成良好的阅读习惯很重要。""",0
"""新研究发现每天散步半小时可显著改善睡眠质量""",0
"""这款手机性价比超高，电池续航让我惊喜""",0
"""专家提醒：定期更换密码可降低账户被盗风险""",0
"""昨日某城市发生交通事故，相关部门已展开调查""",0
"""如何快速学会基础编程？试试这几个免费教程""",0
"""这家餐厅的招牌菜太咸了，服务倒是很周到""",0
"""会议通知：明天下午三点在会议室讨论项目进度""",0
"""网购时注意查看商家评分和买家评价再下单""",0
"""暴雨导致多条道路积水，市民出行请注意安全""",0
"""医生说坚持锻炼比吃保健品更有助于健康""",0
"""这种新型材料有望降低太阳能电池成本""",0
"""网友吐槽：快递延误已成常态，急需改善""",0
"""小区物业将开展消防安全检查，请住户配合""",0
"""旅游攻略：这个季节去海边记得带防晒霜""",0
"""研究表明睡前玩手机影响褪黑素分泌""",0
"""该软件更新后运行更流畅，推荐升级""",0
"""暴雨黄色预警：部分地区将有强降水""",0
"""这种烹饪方法能让蔬菜保留更多营养""",0
"""消费者报告显示电动汽车销量持续增长""",0
"""火车站新增自助售票机，购票更方便了""",0
"""如何辨别网上信息的真假？专家支招""",0
"""昨日某知名企业发布新款智能手表""",0
"""这种常见食材搭配竟有养生奇效""",0
"""公交线路调整通知：5路车将改道行驶""",0
"""周末气温骤降，记得添衣保暖""",0
"""这款洗发水去屑效果不错，就是香味太浓""",0
"""最新政策：这类税收优惠延长至明年年底""",0
"""市民反映公园照明不足，官方回应将整改""",0
"""科学家发现新型抗生素对抗耐药菌""",0
"""网购纠纷增多，平台提醒保留交易凭证""",0
"""这种工作习惯正在悄悄损害你的颈椎""",0
"""多地出台新政支持中小企业数字化转型""",0
"""游客投诉景区门票涨价服务却没提升""",0
"""研究发现常吃坚果有助于心脏健康""",0
"""这款APP的用户界面设计非常人性化""",0
"""暴雨过后城市排水系统再受考验""",0
"""专家建议每天饮水量不少于1500毫升""",0
"""这种传统工艺正在年轻人中重新流行""",0
"""公司宣布将扩大远程办公适用范围""",0
"""消费者质疑某品牌产品质量下降""",0
"""如何培养孩子良好的阅读习惯？""",0
"""新型诈骗手段曝光，涉及虚假投资平台""",0
"""该研究发现长期压力会影响记忆力""",0
"""菜价上涨引发市民热议，官方回应""",0
"""这种装修风格今年特别受欢迎""",0
"""多地报告流感病例增加，注意预防""",0
"""网友分享：这样收纳省空间又美观""",0
"""最新调查显示七成受访者支持环保政策""",0
"""这种运动适合各个年龄段增强体质""",0
"""小区垃圾分类实施效果获居民点赞""",0
"""专家称适度游戏有助于缓解压力""",0
"""该技术突破将推动人工智能领域发展""",0
"""新研究发现每天散步半小时可显著改善心理健康。""",0
"""这家餐厅的招牌菜太咸了，但服务态度很好。""",0
"""专家警告说，过度使用社交媒体可能导致睡眠障碍。""",0
"""这款手机电池续航惊人，轻松使用一整天没问题。""",0
"""昨晚的暴雨导致多条道路积水，交通严重拥堵。""",0
"""这本小说的结局太出人意料了，完全没想到会这样反转。""",0
"""很多人不知道，定期备份数据可以避免重大损失。""",0
"""会议定在下周二下午三点，地点待定。""",0
"""这个品牌的洗发水用了头皮痒，不建议购买。""",0
"""研究表明，长期熬夜会加速皮肤老化。""",0
"""如果你经常忘记密码，可以试试密码管理软件。""",0
"""公园里的樱花开了，吸引大批游客前来拍照。""",0
"""这份报告指出，去年网购投诉量增加了三成。""",0
"""这种新型材料轻便耐用，适合户外运动装备。""",0
"""小区门口的超市正在打折，鸡蛋比市场价便宜两块。""",0
"""这款游戏画面精美，但操作有点复杂。""",0
"""医生提醒，久坐不动可能引发腰椎疾病。""",0
"""快递延误三天才到，包装还破损了。""",0
"""这个季节的草莓又甜又便宜，赶紧去买。""",0
"""会议上有人提出削减预算的方案，遭到强烈反对。""",0
"""这种新型空调比传统型号节能百分之三十。""",0
"""周末的演唱会场馆附近将实行交通管制。""",0
"""这本书的第三章内容过于晦涩，建议跳过。""",0
"""今年流感疫苗的接种率比去年同期有所上升。""",0
"""这家酒店的自助早餐种类丰富，值得一试。""",0
"""地铁新线路开通后，早晚高峰拥挤有所缓解。""",0
"""很多用户反映最新系统更新后手机变卡顿了。""",0
"""这种新型涂料防水性能极佳，适合潮湿地区。""",0
"""超市开始限购食盐，每人每次最多买两袋。""",0
"""专家预测明年房价可能小幅下跌。""",0
"""这款耳机降噪效果不错，但戴久了耳朵疼。""",0
"""部分用户账户出现异常登录，建议修改密码。""",0
"""公园新增的健身器材很受欢迎，经常要排队使用。""",0
"""这个网红景点的实际体验远不如宣传照片。""",0
"""研究表明喝茶有助于降低心脏病风险。""",0
"""周末的足球赛因天气原因推迟举行。""",0
"""这款新上市的酸奶口味独特，评价两极分化。""",0
"""多地报告出现假冒品牌口罩，购买时需谨慎。""",0
"""会议记录显示，多数人支持延长试用期政策。""",0
"""快递公司宣布春节期间部分地区暂停服务。""",0
"""这种新型肥料使农作物产量提高了两成。""",0
"""游客在景区乱扔垃圾的现象依然屡禁不止。""",0
"""专家建议每天喝够八杯水以维持新陈代谢。""",0
"""这家电商平台的退货流程太繁琐，差评。""",0
"""报告显示年轻人创业失败率高达七成。""",0
"""新款电动汽车充电速度比上一代快一倍。""",0
"""社区计划在下个月组织垃圾分类宣传活动。""",0
"""这种新型面料透气性好，适合夏季服装。""",0
"""超市收银系统故障，顾客排长队等待结账。""",0
"""研究发现长期压力可能导致记忆力下降。""",0
"""今早地铁上有人忘带公交卡，好心的乘客帮忙刷了卡。""",0
"""这家餐厅的招牌菜太咸了，建议少放点酱油。""",0
"""研究发现每天散步半小时能有效改善睡眠质量。""",0
"""这款手机电池续航比上一代提升了20%，值得入手。""",0
"""昨晚的暴雨导致城东多条道路积水，交通一度瘫痪。""",0
"""很多人喜欢在咖啡馆工作，觉得比办公室更有灵感。""",0
"""快递延误三天才到，包装还破了，体验很差。""",0
"""专家提醒：陌生链接不要随便点，谨防钓鱼诈骗。""",0
"""小区里的流浪猫越来越胖，估计是大家投喂太多了。""",0
"""这种新型材料比传统塑料更环保，但成本较高。""",0
"""公交车上听到两个人争论该不该让孩子玩手机游戏。""",0
"""超市促销买一送一，很多人排队抢购牛奶和鸡蛋。""",0
"""熬夜追剧到凌晨三点，第二天上班差点睡着。""",0
"""这个App界面设计很简洁，但功能有点少。""",0
"""天气预报说周末气温将骤降10度，记得加衣服。""",0
"""楼下新开了家奶茶店，生意火爆得排队半小时。""",0
"""会议室空调坏了，开了一上午会热得满头汗。""",0
"""公园里的樱花开了，吸引不少市民拍照打卡。""",0
"""这台洗衣机的静音效果比预期的好很多。""",0
"""忘记关窗户，回家发现书桌上一层灰。""",0
"""快递柜超时收费引发争议，有人觉得不合理。""",0
"""这种新型耳机戴久了耳朵也不会疼，舒适度满分。""",0
"""早高峰地铁太挤了，差点没挤上去。""",0
"""共享单车随意停放的问题越来越严重了。""",0
"""电影院前排观众一直玩手机，严重影响观影体验。""",0
"""这个品牌的充电宝充电速度很快，但有点重。""",0
"""小区物业突然通知要涨管理费，业主群炸锅了。""",0
"""周末去爬山，结果半路下雨淋成落汤鸡。""",0
"""新款电动汽车续航里程标称500公里，实际能跑多少？""",0
"""地铁口总有推销健身卡的，走过路过都被拦。""",0
"""这种新型口罩透气性好，夏天戴也不会闷。""",0
"""外卖送错地址了，打电话给店家态度还不错。""",0
"""会议室投影仪又出故障，折腾了半小时才搞定。""",0
"""网购的衣服色差太大，果断选择退货。""",0
"""早市的水果比超市便宜一半，但得早起去买。""",0
"""健身房游泳池维修两周，会员可延期使用。""",0
"""这种新型扫地机器人连角落都能清理干净。""",0
"""出租车司机绕远路，下车时果断给了差评。""",0
"""公园长椅上的涂鸦越来越多，影响市容。""",0
"""这款洗发水去油效果不错，但香味太浓了。""",0
"""小区垃圾桶分类标识模糊，很多人扔错地方。""",0
"""快递员直接放门口也没打电话，差点被偷。""",0
"""这家网红餐厅排队两小时，味道也就一般。""",0
"""公交站台广告屏坏了半个月，一直没人修。""",0
"""熬夜加班写完报告，电脑突然蓝屏了。""",0
"""新买的耳机左耳没声音，可能是运输损坏。""",0
"""超市自助结账机又出故障，只能排队等人工。""",0
"""地铁上有人外放刷短视频，实在受不了。""",0
"""这种新型保暖内衣确实暖和，就是价格小贵。""",0
"""共享充电宝租了忘记还，多扣了20块钱。""",0
"""1. 昨天在超市买的水果特别新鲜，价格也比上周便宜了不少。""",0
"""2. 这个新出的手机电池续航真不错，用了一整天还有30%电量。""",0
"""3. 听说城东新开了家火锅店，装修风格很有特色，改天去试试。""",0
"""4. 最近工作压力太大，周末准备去郊区爬山放松一下。""",0
"""5. 这款软件的界面设计很直观，连新手都能快速上手操作。""",0
"""6. 下雨天最适合在家泡杯热茶看本小说，简直太惬意了。""",0
"""7. 专家建议每天保持30分钟运动，对心血管健康很有好处。""",0
"""8. 这个季节的草莓又大又甜，做成果酱应该会很美味。""",0
"""9. 地铁三号线今天临时停运检修，建议乘客换乘其他线路。""",0
"""10. 很多人都说早睡早起身体好，但我就是改不了熬夜的习惯。""",0
"""11. 新政策出台后，中小企业贷款门槛明显降低了。""",0
"""12. 这种新型材料既轻便又坚固，在建筑行业应用前景广阔。""",0
"""13. 小区里的流浪猫最近生了一窝小猫，邻居们都在帮忙照顾。""",0
"""14. 今年夏季比往年热得多，空调销量创下了历史新高。""",0
"""15. 这本推理小说的结局完全出乎意料，看得我后背发凉。""",0
"""16. 建议定期更换密码，使用大小写字母和数字组合更安全。""",0
"""17. 公园里的樱花开了，吸引了不少摄影爱好者来拍照。""",0
"""18. 超市促销买一送一，囤了些日用品省了不少钱。""",0
"""19. 这种新型电池充电速度提升了40%，但价格也贵了不少。""",0
"""20. 周末在家尝试做了红烧肉，虽然卖相不好但味道还行。""",0
"""21. 最新研究显示，适度饮用咖啡可能降低某些疾病风险。""",0
"""22. 快递延误了三天才到，包装也有点破损，体验不太好。""",0
"""23. 公司年会抽奖中了个蓝牙音箱，音质比预期的好很多。""",0
"""24. 春节假期高速公路免费通行时间已经确定下来了。""",0
"""25. 这种新型面料透气性特别好，夏天穿着很舒服。""",0
"""26. 电影院最新排片表出来了，科幻片占了半数以上。""",0
"""27. 专家提醒，重要文件最好加密存储以防数据泄露。""",0
"""28. 今天路过新开的书店，装修风格特别文艺范儿。""",0
"""29. 这款APP的图标设计太丑了，但功能确实很实用。""",0
"""30. 周末去农家乐摘了新鲜蔬菜，现摘现吃味道就是好。""",0
"""31. 据说下周气温会骤降，大家要注意及时添衣保暖。""",0
"""32. 这个品牌的护肤品用了两个月，皮肤状态改善明显。""",0
"""33. 共享单车新规出台，乱停乱放将被收取调度费。""",0
"""34. 小区门口的早餐店换了老板，包子馅儿变少了。""",0
"""35. 最新款电动汽车续航里程突破了500公里大关。""",0
"""36. 这次出差住的酒店隔音效果太差，一晚上没睡好。""",0
"""37. 专家建议儿童每天屏幕时间不要超过两小时。""",0
"""38. 这种新型包装材料可降解，对环境更友好。""",0
"""39. 好久没去图书馆了，周末准备去借几本新书看看。""",0
"""40. 网购的衣服尺码不准，退货流程倒是挺简单的。""",0
"""41. 下周开始实施垃圾分类新规，罚款力度加大了。""",0
"""42. 这款相机夜景拍摄效果惊人，噪点控制得特别好。""",0
"""43. 公园新建的健身器材区很受欢迎，早晚都有人锻炼。""",0
"""44. 今年春节档电影票房创历史新高，喜剧片最卖座。""",0
"""45. 这种新型建筑材料防火性能提升了50%。""",0
"""46. 小区物业费涨价了，但服务质量好像没什么改善。""",0
"""47. 最近迷上了烘焙，正在尝试做各种口味的饼干。""",0
"""48. 这项新技术有望将太阳能转换效率提高到30%。""",0
"""49. 下雨天路滑，开车出门一定要减速慢行。""",0
"""50. 这个月的水电费比上个月多了100多块，得省着点用了。""",0
"""1. 今天天气真好，适合出去散步。""",0
"""2. 这款手机的电池续航能力比上一代提升了不少。""",0
"""3. 专家提醒用户定期更换密码以提高账户安全性。""",0
"""4. 昨晚看的电影结局太出人意料了，完全没想到会这样发展。""",0
"""5. 研究表明，每天运动30分钟能显著改善心理健康。""",0
"""6. 这家餐厅的招牌菜确实不错，就是价格稍微贵了点。""",0
"""7. 很多人忽略了网络安全的重要性，直到出现问题才后悔。""",0
"""8. 最近在读一本关于人工智能的书，内容非常有趣。""",0
"""9. 下雨天最适合窝在家里喝杯热茶看电影了。""",0
"""10. 这款新出的游戏画面精美，但操作有点复杂。""",0
"""11. 专家建议家长多关注孩子的网络使用习惯。""",0
"""12. 早上赶地铁的时候差点迟到，幸好跑得快。""",0
"""13. 数据显示，今年新能源汽车销量增长了近40%。""",0
"""14. 这个教程讲解得很详细，适合初学者学习。""",0
"""15. 周末去了趟博物馆，展出的文物让人大开眼界。""",0
"""16. 有些人为了省事会用简单密码，这其实很危险。""",0
"""17. 新政策实施后，不少企业开始调整经营策略。""",0
"""18. 昨晚的篮球比赛打得真激烈，最后比分非常接近。""",0
"""19. 研究发现，睡眠不足会影响工作效率和情绪。""",0
"""20. 这家咖啡馆的环境不错，就是WiFi信号不太稳定。""",0
"""21. 现代人越来越依赖智能手机，这是个值得思考的现象。""",0
"""22. 周末打算尝试做那道在网上看到的菜谱。""",0
"""23. 最近流感高发，医生建议多洗手、注意通风。""",0
"""24. 这个品牌的耳机音质很好，但戴久了会有点不舒服。""",0
"""25. 数据泄露事件频发，企业需要加强防护措施。""",0
"""26. 公园里的樱花开了，吸引了不少游客来拍照。""",0
"""27. 很多人不知道，简单的防火墙设置就能阻挡大部分攻击。""",0
"""28. 这本小说情节紧凑，我一口气读完了。""",0
"""29. 专家称过度使用社交媒体可能影响人际关系。""",0
"""30. 这款软件更新后运行速度明显变快了。""",0
"""31. 昨天尝试了一道新菜，味道比想象中好很多。""",0
"""32. 调查显示，超过60%的网民曾遭遇过网络诈骗。""",0
"""33. 跑步机买回家后才发现根本没时间用。""",0
"""34. 最近工作压力大，打算周末去郊外放松一下。""",0
"""35. 这个旅游景点的管理需要改进，卫生间太脏了。""",0
"""36. 数据加密技术是保护信息安全的重要手段。""",0
"""37. 超市里的水果今天打折，买了不少回家。""",0
"""38. 有人居然用生日做密码，这简直是在邀请黑客。""",0
"""39. 这部纪录片讲述了环境保护的紧迫性。""",0
"""40. 新款电动车的充电速度比传统车型快一倍。""",0
"""41. 邻居家的狗整天叫，严重影响了休息。""",0
"""42. 两阶段验证能有效防止账号被盗。""",0
"""43. 周末去了新开的书店，氛围很好而且书很全。""",0
"""44. 医生说每天喝八杯水对健康很有好处。""",0
"""45. 这个APP的用户界面设计得很人性化。""",0
"""46. 网上购物虽然方便，但要注意保护支付安全。""",0
"""47. 昨晚失眠到凌晨三点，今天上班好困。""",0
"""48. 研究报告指出，空气污染与多种疾病有关。""",0
"""49. 这家健身房器材很新，但私教课程太贵了。""",0
"""50. 定期备份重要文件可以避免数据丢失的风险。""",0
"""1. 近日，某城市地铁线路因设备故障导致延误半小时，乘客需提前规划行程。""",0
"""2. 这家餐厅的招牌菜确实不错，但服务员态度有待改进。""",0
"""3. 研究发现，每天散步30分钟可显著改善心理健康。""",0
"""4. 这款手机电池续航能力惊人，重度使用也能撑一整天。""",0
"""5. ""你听说了吗？超市门口新开了家奶茶店，排队的人超多！""",0
"""6. 专家提醒：不要随意点击来历不明的邮件链接。""",0
"""7. 昨晚的足球比赛结果太意外了，卫冕冠军居然输了。""",0
"""8. 这种新型材料比传统钢材轻50%，强度却提高了20%。""",0
"""9. 小区里的流浪猫越来越多了，该不该投喂引发居民争议。""",0
"""10. 这个牌子的洗发水用了头皮会痒，建议大家谨慎购买。""",0
"""11. 据气象局预报，明日将迎来强降雨天气，部分地区可能出现积水。""",0
"""12. ""老板今天又加班，这已经是本周第三次了。""",0
"""13. 最新调查显示，超过60%的受访者支持公共场所禁烟。""",0
"""14. 这款游戏画面精美，但操作有点复杂，新手可能需要时间适应。""",0
"""15. 某知名电商平台被曝存在虚假促销行为，目前已展开调查。""",0
"""16. ""周末去爬山吗？听说郊外新开发了一条徒步路线。""",0
"""17. 研究表明，睡前使用电子设备会影响睡眠质量。""",0
"""18. 这种新型空调比传统型号节能40%，预计明年上市。""",0
"""19. 公交车上有人大声打电话，全车人都很反感但没人制止。""",0
"""20. 这部电影剧情老套，特效也很一般，不值得花高价看3D版。""",0
"""21. 某品牌汽车因安全气囊问题宣布召回部分车型。""",0
"""22. ""你们办公室空调开多少度？我们这边冷得像冰窖。""",0
"""23. 专家建议：处理生肉后务必彻底洗手，避免交叉污染。""",0
"""24. 这个旅游景点商业气息太重，已经失去了原本的特色。""",0
"""25. 新款耳机降噪效果确实好，在地铁上几乎听不到噪音。""",0
"""26. 某社交平台将更新隐私政策，用户数据保护措施加强。""",0
"""27. ""楼下装修一个月了，每天电钻声吵得没法休息。""",0
"""28. 调查发现，近半数上班族午餐选择外卖解决。""",0
"""29. 这种新型面膜使用后皮肤明显变光滑，但价格偏高。""",0
"""30. 由于原材料涨价，部分食品价格预计下月将上调。""",0
"""31. ""快递放物业三天了，到现在也没收到取件通知。""",0
"""32. 研究人员发现，定期冥想有助于降低焦虑水平。""",0
"""33. 该品牌笔记本电脑散热性能差，长时间使用会明显发烫。""",0
"""34. 某连锁超市因销售过期食品被罚款并责令整改。""",0
"""35. ""周末公园里人山人海，找个停车位花了半小时。""",0
"""36. 新型智能手环可监测血氧饱和度，适合健康管理。""",0
"""37. 这份工作报告格式不规范，数据也不够详实，需要重做。""",0
"""38. 春节期间高速公路免费通行政策将继续实施。""",0
"""39. ""邻居家狗半夜总叫，已经投诉好几次了还是没解决。""",0
"""40. 实验证明，这种新药对特定症状有效率超过80%。""",0
"""41. 该视频平台会员价格再次上涨，引发用户不满。""",0
"""42. ""会议室空调坏了，开完会大家都一身汗。""",0
"""43. 专家警告：过度消毒可能破坏环境微生物平衡。""",0
"""44. 这款背包容量大还防水，特别适合短途旅行使用。""",0
"""45. 某知名快餐品牌将推出全新植物肉汉堡系列。""",0
"""46. ""小区电梯又坏了，这次困了人，维修工半小时才到。""",0
"""47. 调查显示，90后更倾向于通过短视频获取新闻资讯。""",0
"""48. 这款扫地机器人遇到地毯会自动增压，清洁效果很好。""",0
"""49. 某航空公司因天气原因取消今日部分航班。""",0
"""50. ""办公室打印机总是卡纸，严重影响工作效率。""",0
"""昨日股市大跌引发投资者担忧，科技板块跌幅最大。""",0
"""这家餐厅的新品汉堡味道不错，就是价格有点贵。""",0
"""研究表明睡眠不足会影响记忆力，专家建议每天睡够7小时。""",0
"""快递延误导致客户投诉激增，物流公司承诺改进服务。""",0
"""旅行时如何避免被宰？当地人分享三个实用技巧。""",0
"""这款手机充电速度惊人，半小时就能充满。""",0
"""小区物业突然涨价的公告引发居民强烈不满。""",0
"""暴雨导致多趟高铁停运，旅客滞留车站。""",0
"""养猫好还是养狗好？两种宠物的优缺点对比。""",0
"""二手交易平台出现大量山寨货，消费者需谨慎辨别。""",0
"""冬季来临，医生提醒老年人注意心脑血管疾病预防。""",0
"""网红奶茶店门口排起长队，有人等了两个小时。""",0
"""新能源汽车销量创新高，传统车企加速转型。""",0
"""熬夜看球赛的上班族第二天都在后悔。""",0
"""超市促销活动吸引大批顾客，部分商品被抢购一空。""",0
"""健身教练分享五个在家就能做的增肌动作。""",0
"""租房合同到期房东要涨价，租客表示难以接受。""",0
"""新款游戏主机发布引发抢购潮，黄牛加价转卖。""",0
"""儿童近视率持续上升，眼科医生呼吁减少屏幕时间。""",0
"""周末自驾游去哪儿？这三个冷门景点人少景美。""",0
"""航空公司推出特价机票，飞往热门城市最低两百元。""",0
"""在线教育平台被曝虚假宣传，多名消费者要求退款。""",0
"""这种新型材料比钢铁还硬，有望用于建筑行业。""",0
"""电影院复工后票房惨淡，多部大片推迟上映。""",0
"""如何辨别真假蜂蜜？老蜂农教你三招。""",0
"""暴雨过后城市内涝严重，部分路段积水达半米。""",0
"""电商平台推出会员日折扣，部分商品五折起。""",0
"""专家称长期戴口罩可能导致皮肤问题，建议适时透气。""",0
"""小区垃圾分类实施半年，居民参与度明显提高。""",0
"""这款防晒霜不油腻且防水，适合户外活动使用。""",0
"""猪肉价格连续三周下跌，消费者直呼终于吃得起。""",0
"""新款电动汽车续航突破800公里，充电桩建设成关键。""",0
"""年轻人为何不爱走亲戚了？社会学家分析三大原因。""",0
"""工厂排放超标被罚百万，环保部门加大检查力度。""",0
"""这个牌子的洗衣机噪音大，售后却迟迟不上门维修。""",0
"""春节返乡核酸检测报告成必备，多地调整防疫政策。""",0
"""网红直播带货翻车，粉丝投诉商品与描述不符。""",0
"""地铁新线路开通首日，乘客挤爆车厢。""",0
"""老年人学用智能手机最难的是什么？子女最有发言权。""",0
"""房产中介透露：这三个因素最影响二手房价格。""",0
"""无人机航拍时失控坠落，险些砸中路人。""",0
"""研究表明喝咖啡可能降低患肝癌风险，但别过量。""",0
"""共享单车乱停乱放问题严重，多个小区禁止进入。""",0
"""新手妈妈必看：儿科医生总结的婴儿护理十大误区。""",0
"""节后健身房迎来办卡高峰，一个月后器械区就空了。""",0
"""这种野菜营养是菠菜的三倍，农村田间随处可见。""",0
"""跨境电商税收新政出台，部分商品价格或将上涨。""",0
"""早高峰地铁安检排长队，上班族建议错峰出行。""",0
"""民宿被曝用摄像头偷拍客人，律师提醒入住要检查。""",0
"""公务员考试报名人数创新高，最热岗位竞争比达300:1。""",0
"""今天超市的苹果打折，每斤只要三块钱。""",0
"""天气预报说明天可能有暴雨，建议带伞出门。""",0
"""这家餐厅的辣椒炒肉特别香，就是有点咸。""",0
"""老板说下周要加班，大家都很不高兴。""",0
"""火车站附近的交通总是特别拥堵。""",0
"""手机屏幕摔裂了，换一个要五百多。""",0
"""快递显示已送达，但我没收到。""",0
"""小区里的流浪猫又生了一窝小猫。""",0
"""这款洗发水去油效果不错，但有点贵。""",0
"""电脑突然蓝屏，重启后文件都没保存。""",0
"""昨晚失眠到三点，今天特别困。""",0
"""公园里新种了很多花，周末可以去看看。""",0
"""这个电影结局太突然了，感觉没讲完。""",0
"""银行说我的卡可能被盗刷了，建议挂失。""",0
"""地铁上有人吵架，耽误了五分钟。""",0
"""夏天开空调电费太贵了，得省着用。""",0
"""医院排队的人太多了，等了两小时。""",0
"""快递员把包裹放门口，结果被雨淋湿了。""",0
"""这种面膜用完后皮肤很滑，值得回购。""",0
"""航班延误了四小时，乘客都在抱怨。""",0
"""新买的裤子有点紧，不知道能不能退。""",0
"""邻居家装修，电钻声吵得头疼。""",0
"""这款游戏画面精美，但操作太难了。""",0
"""超市收银台排长队，等得心烦。""",0
"""上个月的水费比平时多了一倍。""",0
"""健身房的人建议我多练深蹲。""",0
"""咖啡馆的WiFi速度太慢了，根本不能用。""",0
"""外卖送错了餐，联系客服后重新送了。""",0
"""这本书的文笔很好，一口气读完了。""",0
"""公交车改线了，得多走一站路。""",0
"""会议室空调坏了，热得大家直擦汗。""",0
"""洗衣机突然漏水，地板全湿了。""",0
"""这种药副作用有点大，吃了头晕。""",0
"""停车场收费太贵，停一天要八十。""",0
"""快递包装破了，幸好东西没坏。""",0
"""周末去爬山，结果半路下雨了。""",0
"""楼下新开了家奶茶店，排队人超多。""",0
"""面试官问了很多专业问题，有点紧张。""",0
"""这种饼干太甜了，不适合小孩吃。""",0
"""早上忘带钥匙，被锁在门外半小时。""",0
"""租房合同到期了，房东要涨价。""",0
"""这个品牌的手机电池不耐用。""",0
"""垃圾桶满了也没人倒，味道很难闻。""",0
"""网购的鞋子尺码不对，换货要一周。""",0
"""加班太多，最近总是腰酸背痛。""",0
"""这种油漆颜色和样品差别很大。""",0
"""行李箱轮子坏了，拖起来特别费劲。""",0
"""电影院空调开太大，冻得直哆嗦。""",0
"""房东说下个月要装修，让我们搬走。""",0
"""这种洗发水香味太浓，闻着头晕。""",0
"""昨晚的暴雨导致城东多条道路积水严重。""",0
"""这家餐厅的招牌菜性价比很高，值得一试。""",0
"""研究发现每天散步30分钟可降低心脏病风险。""",0
"""新推出的手机电池续航能力比上一代提升20%。""",0
"""会议延期通知：原定周五的培训改至下周三。""",0
"""这款洗发水用完后头发特别柔顺，强烈推荐。""",0
"""专家提醒：冬季取暖要注意通风防一氧化碳中毒。""",0
"""快递员将包裹放在了门口，记得及时取回。""",0
"""周末去的那家咖啡馆环境安静，适合看书。""",0
"""警方提醒市民警惕假冒银行客服的诈骗电话。""",0
"""这款游戏剧情精彩，但操作需要时间适应。""",0
"""春节期间高速公路免费通行时间已确定。""",0
"""医生说每天喝够八杯水对健康很重要。""",0
"""新政策下月实施，将影响养老金发放标准。""",0
"""楼下的超市今天鸡蛋打特价，快去抢购。""",0
"""这款耳机降噪效果不错，但戴久了耳朵会疼。""",0
"""明天局部地区有雾，出行请注意安全。""",0
"""这本书前三章有点枯燥，后面越来越精彩。""",0
"""社区中心下周举办免费健康讲座欢迎参加。""",0
"""这款软件更新后运行速度明显变快了。""",0
"""夜市那家烧烤摊的羊肉串特别入味。""",0
"""今年冬天可能是近年来最冷的一个冬天。""",0
"""这种新型材料比传统塑料更环保可降解。""",0
"""健身房年卡促销，现在办理可享七折优惠。""",0
"""研究人员发现新型催化剂可提高反应效率。""",0
"""这份工作报告还需要补充一些具体数据。""",0
"""小区物业通知明天上午停水检修管道。""",0
"""这款面霜保湿效果很好，适合干性皮肤。""",0
"""专家建议青少年每天屏幕时间不超过两小时。""",0
"""这种新型电池充电速度比普通电池快三倍。""",0
"""公园里的樱花开了，周末可以去拍照。""",0
"""该品牌电脑散热性能出色，适合长时间使用。""",0
"""航空公司推出暑期特价机票，最低三折起。""",0
"""这种教学方法更能激发学生的学习兴趣。""",0
"""超市进口食品区新增了多种东南亚零食。""",0
"""这种新型传感器可以实时监测空气质量。""",0
"""医生建议中老年人定期检查血压和血糖。""",0
"""这款APP的用户界面设计得非常简洁易用。""",0
"""图书馆将于下周一延长开放至晚上十点。""",0
"""这种新型涂料具有自清洁功能，很实用。""",0
"""最近上映的那部电影票房已突破十亿元。""",0
"""该地区将新建三所学校缓解入学压力。""",0
"""这款背包隔层设计合理，适合短期旅行。""",0
"""气象局发布高温橙色预警，注意防暑降温。""",0
"""研究发现睡前喝牛奶有助于改善睡眠质量。""",0
"""这种新型无人机可续航长达两小时。""",0
"""小区门口新开了家早餐店，品种很丰富。""",0
"""专家称适量饮用红酒可能对心脏有益。""",0
"""这款相机夜间拍摄效果超出预期。""",0
"""下周起部分公交线路将调整运营时间。""",0
"""这种新型建材比传统材料更轻更坚固。""",0
"""这本小说获得了今年的最佳文学作品奖。""",0
"""近日某市发生一起交通事故，相关部门已展开调查。""",0
"""这款手机相机性能优异，夜间拍摄效果特别出色。""",0
"""专家提醒，定期更换密码可有效提升账户安全性。""",0
"""据网友反映，部分快递网点存在配送延误问题。""",0
"""研究表明每天散步半小时有助于改善睡眠质量。""",0
"""这家餐厅的招牌菜味道不错，但服务有待提高。""",0
"""某知名企业宣布将在下月推出全新智能家居产品。""",0
"""暴雨导致多条道路积水，市民出行需注意安全。""",0
"""医生说补充维生素D对骨骼健康非常重要。""",0
"""这款游戏画面精美，但操作略显复杂。""",0
"""调查显示多数年轻人更倾向使用移动支付。""",0
"""该品牌电动车续航能力比上一代提升了20%。""",0
"""警方破获一起网络诈骗案，涉案金额较大。""",0
"""最近在读一本关于人工智能发展的书，内容很前沿。""",0
"""这种新型材料有望在建筑领域广泛应用。""",0
"""周末去爬山遇到下雨，虽然辛苦但景色很美。""",0
"""专家建议每天饮用足够的水以维持身体机能。""",0
"""某电商平台正在进行年中大促，折扣力度很大。""",0
"""这款洗发水使用后头发确实柔顺了不少。""",0
"""研究发现长期熬夜可能增加患病风险。""",0
"""这种新型电池充电速度比传统产品快三倍。""",0
"""昨天看的电影剧情一般，但特效做得不错。""",0
"""某景区因游客过多已实施限流措施。""",0
"""这种新药在临床试验中显示出良好效果。""",0
"""快递包装过度问题引发环保人士担忧。""",0
"""这款耳机降噪功能出色，适合通勤使用。""",0
"""气象部门发布高温预警，建议减少户外活动。""",0
"""该研究发现运动可以显著缓解焦虑症状。""",0
"""某社交平台新增了隐私保护功能。""",0
"""这种新型空调比传统型号节能30%以上。""",0
"""最近尝试做了一道新菜，味道比预期好。""",0
"""数据显示今年新能源汽车销量增长明显。""",0
"""这种教学方法让学生参与度大幅提升。""",0
"""某品牌因产品质量问题召回部分商品。""",0
"""专家称规律作息有助于提高工作效率。""",0
"""这款应用界面简洁，但功能略显单一。""",0
"""暴雨导致部分地区出现短暂停电情况。""",0
"""研究表明适量喝咖啡可能有益心脏健康。""",0
"""该城市计划明年扩建地铁线路。""",0
"""这种新型面料透气性好且不易起皱。""",0
"""网友热议某电视剧结局不符合预期。""",0
"""医生建议每天保证7-8小时睡眠时间。""",0
"""某科技公司获得重大技术突破专利。""",0
"""这款运动鞋穿着舒适，但价格偏高。""",0
"""调查显示近半数受访者支持远程办公。""",0
"""新的交通法规将于下月起正式实施。""",0
"""这种植物适合室内种植且容易养护。""",0
"""专家提醒谨防以退税为名的诈骗手段。""",0
"""该旅游景点因维护将暂停开放一周。""",0
"""数据显示线上学习平台用户持续增长。""",0
"""这种新型处理器性能提升但功耗更低。""",0
"""1. 今天天气真好，适合出门散步。""",0
"""2. 这款手机电池续航不行，两小时就没电了。""",0
"""3. 专家提醒公众注意防范网络诈骗。""",0
"""4. 昨晚那部电影结局太让人意外了！""",0
"""5. 这个菜谱里的酱油可以换成生抽吗？""",0
"""6. 数据显示上季度经济增长放缓。""",0
"""7. 跑步时膝盖疼可能是姿势不正确导致的。""",0
"""8. 这家咖啡店的拿铁味道很一般。""",0
"""9. 会议改到下午三点在大会议室举行。""",0
"""10. 这种新型材料比传统塑料更环保。""",0
"""11. 快递延误了三天才送到，包装还破了。""",0
"""12. 这种算法能有效提高数据处理速度。""",0
"""13. 昨天公园里有人放风筝差点挂树上。""",0
"""14. 用户隐私保护政策需要更加透明化。""",0
"""15. 这款游戏画面精美但操作太复杂。""",0
"""16. 医生建议每天喝够八杯水。""",0
"""17. 这个品牌的空调制冷效果确实不错。""",0
"""18. 暴雨导致多条道路积水严重。""",0
"""19. 新出台的规定将影响小微企业税收。""",0
"""20. 这本书的第三章写得特别精彩。""",0
"""21. 密码强度检测工具能提高账户安全性。""",0
"""22. 周末超市的酸奶在打折促销。""",0
"""23. 这种新型电池充电速度提升40%。""",0
"""24. 地铁施工期间部分公交线路将调整。""",0
"""25. 专家称睡眠不足会影响工作效率。""",0
"""26. 这款洗发水用完后头发特别干燥。""",0
"""27. 最新研究显示蓝光对眼睛伤害很大。""",0
"""28. 这个景区门票涨价引发游客不满。""",0
"""29. 电脑突然死机，文档都没保存。""",0
"""30. 垃圾分类实施后小区环境变好了。""",0
"""31. 这款相机的夜间拍摄效果惊人。""",0
"""32. 暴雨预警：明日可能有强降雨。""",0
"""33. 这个健身动作容易伤到腰部。""",0
"""34. 网购退货流程实在太麻烦了。""",0
"""35. 新能源汽车销量同比增长30%。""",0
"""36. 这家餐厅的服务态度需要改进。""",0
"""37. 研究表明午睡可以提高记忆力。""",0
"""38. 这条牛仔裤洗了几次就褪色了。""",0
"""39. 新的交通法规下月开始实施。""",0
"""40. 这个软件经常弹出烦人的广告。""",0
"""41. 流感季节来临，注意个人防护。""",0
"""42. 房价上涨让年轻人买房更难了。""",0
"""43. 这种新型涂料防水性能非常好。""",0
"""44. 周末图书馆延长了开放时间。""",0
"""45. 路由器信号弱可能是位置问题。""",0
"""46. 今年毕业生就业形势比较严峻。""",0
"""47. 这款APP的用户界面设计很直观。""",0
"""48. 高温天气要注意防暑降温。""",0
"""49. 网购时记得查看商品评价。""",0
"""50. 这项技术有望解决能源存储难题。""",0
"""昨天菜市场的青椒新鲜又便宜，多买了两斤回家。""",0
"""这家新开的咖啡馆环境不错，就是咖啡太甜了。""",0
"""这款手机电池续航很强，充满电能用一整天。""",0
"""暴雨导致城东部分道路积水，提醒司机绕行。""",0
"""老年人适当运动有助于保持身体健康。""",0
"""小区物业通知明天停水检修，请居民提前储水。""",0
"""最近读了一本关于人工智能的书，收获很大。""",0
"""这种新型材料轻便耐用，适合户外运动装备。""",0
"""专家建议每天保持7小时睡眠最健康。""",0
"""快递员把包裹放在门口就走了，连电话都没打。""",0
"""周末去爬山看到很多野花，空气特别清新。""",0
"""这款洗衣液去污效果一般，香味倒是很持久。""",0
"""地铁三号线早高峰人太多，建议错峰出行。""",0
"""宠物医院提醒定期给狗狗打疫苗很重要。""",0
"""这个电视剧剧情太拖沓，看了三集就弃了。""",0
"""超市鸡蛋打折，每斤比上周便宜了两块钱。""",0
"""新型电动汽车充电速度比传统车型快三倍。""",0
"""图书馆的自习室需要提前预约座位。""",0
"""邻居家的装修噪音从早上七点就开始了。""",0
"""这份工作报告数据详实，分析很到位。""",0
"""公园里的樱花开了，吸引不少游客拍照。""",0
"""医生提醒冬季容易感冒，要注意保暖。""",0
"""这款软件界面简洁，但功能有点少。""",0
"""快递延误三天才到，物流信息也不更新。""",0
"""菜谱上说大火翻炒五分钟，结果糊锅了。""",0
"""健身房新开的瑜伽课程体验很不错。""",0
"""火车站安检升级，建议提前半小时到达。""",0
"""这款耳机降噪效果好，但戴久了耳朵疼。""",0
"""小区门口的路灯坏了，晚上走路要小心。""",0
"""天气预报说周末有寒潮，气温骤降十度。""",0
"""这份合同条款需要法律顾问审核后再签。""",0
"""厨房水龙头漏水，需要找师傅来修理。""",0
"""共享单车乱停放问题越来越严重了。""",0
"""这本小说结局出乎意料，值得一读。""",0
"""会议室空调坏了，开了一下午闷热难耐。""",0
"""这种新型肥料使农作物产量提高了20%。""",0
"""公交卡余额不足，得赶紧去充值。""",0
"""电影院新上映的科幻片特效很震撼。""",0
"""银行卡密码连续输错三次被锁定了。""",0
"""这种面料容易起球，洗了几次就变形了。""",0
"""机场安检禁止携带超过100ml液体。""",0
"""实习生的工作表现超出预期，进步很快。""",0
"""公园长椅上的涂鸦影响市容需要清理。""",0
"""这款App占用内存太大，手机容易卡顿。""",0
"""超市收银台排长队，自助结账更方便。""",0
"""疫情期间乘坐公共交通要戴好口罩。""",0
"""这份企划书缺乏具体实施方案。""",0
"""快递包装破损但里面的商品没问题。""",0
"""社区医院可以免费测量血压和血糖。""",0
"""这种新型电池环保可降解，前景很好。""",0
"""今天市场猪肉价格小幅上涨，市民直呼快吃不起了。""",0
"""新研究显示每天散步半小时可显著降低心脏病风险。""",0
"""这家餐厅的红烧肉外酥里嫩，绝对是本地一绝。""",0
"""专家提醒：不要随意点击陌生链接以防信息泄露。""",0
"""下雨天忘记带伞，最后淋得像只落汤鸡回家。""",0
"""这种新型材料的强度比传统钢材高出三倍。""",0
"""昨晚的演唱会现场简直嗨爆了，荧光棒差点甩飞。""",0
"""数据显示上季度新能源汽车销量同比增长120%。""",0
"""猫主子又把沙发抓坏了，这次真的该剪指甲了。""",0
"""这种新型算法大幅提升了人脸识别的准确率。""",0
"""洗完衣服发现口袋里还有张钞票，心都在滴血。""",0
"""考古队在某地发现了距今三千年的青铜器。""",0
"""老板突然说要加班，办公室里一片哀嚎。""",0
"""这款手机电池续航一般，但拍照效果确实惊艳。""",0
"""医生建议每天喝够八杯水，但我总是忘记。""",0
"""台风即将登陆，沿海居民需做好防范措施。""",0
"""刚出炉的面包香气飘满整条街，馋得走不动路。""",0
"""最新政策将加大对中小企业的税收优惠力度。""",0
"""这种新型涂料能让建筑物冬暖夏凉，节能又环保。""",0
"""快递小哥打电话时我刚好在电梯里，信号断了三次。""",0
"""研究表明睡前玩手机严重影响睡眠质量。""",0
"""这家网红奶茶店排队两小时，喝完觉得也就那样。""",0
"""地铁上有人外放视频，真想给他静音键。""",0
"""这种新型无人机可在灾区自动投放救援物资。""",0
"""熬夜看完那部剧，现在困得眼睛都睁不开。""",0
"""专家称人工智能将在五年内改变医疗诊断方式。""",0
"""超市促销买了三箱牛奶，冰箱根本塞不下。""",0
"""新开的游泳馆水质清澈，就是更衣室有点小。""",0
"""这种复合材料比传统塑料降解速度快十倍。""",0
"""早上闹钟没响，一路狂奔还是迟到了五分钟。""",0
"""最新调查显示年轻人储蓄意愿创历史新低。""",0
"""路由器信号时好时坏，打游戏气得想砸键盘。""",0
"""考古学家在沙漠中发现古代商队遗迹。""",0
"""这款空调静音效果一流，晚上睡觉完全听不见声音。""",0
"""公园里大妈们的广场舞音乐声太大了，投诉也没用。""",0
"""新型传感器可实时监测空气质量变化。""",0
"""外卖小哥送餐超时了，但态度特别好就算了。""",0
"""报告指出全球变暖导致极端天气频发。""",0
"""这家书店环境优雅，点杯咖啡能坐一整天。""",0
"""这种新型电池充电速度比传统产品快五倍。""",0
"""电梯里遇到邻居的狗，一直冲我摇尾巴。""",0
"""专家警告网络诈骗手段层出不穷需提高警惕。""",0
"""这部电影剧情老套，但特效绝对值回票价。""",0
"""周末去爬山，结果半路下雨淋成落汤鸡。""",0
"""新法规要求所有食品必须标注详细成分表。""",0
"""手机掉水里赶紧关机，修好居然还能用。""",0
"""这种新型纺织材料具有自清洁功能。""",0
"""早高峰地铁挤得连手机都掏不出来。""",0
"""研究发现适当吃辣有助于延长寿命。""",0
"""快递包装盒堆成小山，垃圾分类好麻烦。""",0
"""昨天超市的苹果打折，买三斤送一斤。""",0
"""天气预报说今晚可能有雷阵雨，记得关窗户。""",0
"""这家餐厅的辣子鸡做得特别地道，推荐尝尝。""",0
"""路由器经常断网，可能是信号干扰问题。""",0
"""小区门口的快递柜又满了，取件得排队。""",0
"""新能源汽车充电桩覆盖率明年将提升30%。""",0
"""熬夜看球赛的结果就是早上根本起不来。""",0
"""公园里新栽的樱花树已经开始冒花苞了。""",0
"""这种新型保温杯据说能保热12小时以上。""",0
"""地铁三号线早高峰实在太拥挤了。""",0
"""养猫之后才发现沙发被抓得全是痕迹。""",0
"""这款手机拍照效果比上一代强很多。""",0
"""楼下装修的电钻声已经持续两周了。""",0
"""快递员把包裹放在物业办公室了。""",0
"""周末去爬山遇到暴雨，全身湿透了。""",0
"""听说下周汽油价格又要上涨。""",0
"""这本小说结局反转太意外了。""",0
"""健身房年卡现在打七折优惠。""",0
"""飞机延误三小时，乘客情绪激动。""",0
"""这种新型材料比传统塑料更环保。""",0
"""早市卖的青菜比超市新鲜多了。""",0
"""医院挂号现在可以全部网上预约。""",0
"""共享单车乱停放问题越来越严重。""",0
"""这个牌子的洗发水去油效果不错。""",0
"""春节期间的火车票太难买了。""",0
"""阳台上的多肉植物突然枯萎了。""",0
"""咖啡店的新品尝起来太甜了。""",0
"""忘记给手机充电，出门才10%电量。""",0
"""这个旅游景点游客比去年少了一半。""",0
"""网上购物节促销活动都是套路。""",0
"""公交卡余额不足得赶紧充值。""",0
"""这种新型电池充电速度惊人。""",0
"""小区垃圾分类实施后环境变好了。""",0
"""快递包装上的胶带总是撕不干净。""",0
"""电影院空调开得太冷容易感冒。""",0
"""这款游戏的新关卡难度太高。""",0
"""早班地铁上居然有座位太幸运了。""",0
"""超市自助结账机又卡住了。""",0
"""熬夜加班后第二天精神特别差。""",0
"""宠物医院给猫打疫苗要提前预约。""",0
"""这款耳机降噪效果确实很出色。""",0
"""外卖送错地址耽误了半小时。""",0
"""周末宅在家追剧才是最享受的。""",0
"""二手平台上买书比书店便宜多了。""",0
"""下雨天骑电动车实在太危险了。""",0
"""这种新型涂料防水性能超强。""",0
"""高铁上的盒饭价格有点离谱。""",0
"""忘记带钥匙被锁在门外真尴尬。""",0
"""公园里遛狗不牵绳的人太多了。""",0
"""手机系统更新后耗电更快了。""",0
"""这种新型面料夏天穿特别凉快。""",0
"""共享充电宝租金涨价到3元每小时。""",0
"""忘记关火差点把锅烧干了。""",0
"""本地超市今日特价鸡蛋每斤降价两元，市民纷纷排队购买。""",0
"""专家提醒高温天气需注意防暑降温，避免长时间户外活动。""",0
"""这款手机电池续航能力出色，但摄像头表现一般。""",0
"""昨晚的暴雨导致部分路段积水，交通一度瘫痪。""",0
"""很多人认为早起有益健康，但也有人觉得睡眠质量更重要。""",0
"""如何快速学习一门新语言？多听多说最关键。""",0
"""这家餐厅的招牌菜确实不错，但服务态度有待提高。""",0
"""最新研究显示每天散步半小时可降低心脏病风险。""",0
"""快递员抱怨工作量过大，呼吁完善行业保障制度。""",0
"""周末去爬山遇到大雨，虽然狼狈但很有趣。""",0
"""电动汽车销量持续增长，传统车企加速转型。""",0
"""有用户反馈该软件频繁闪退，开发团队正在修复。""",0
"""冬季取暖成本上涨，低收入家庭压力增大。""",0
"""公园里的樱花开了，吸引大批游客前来拍照。""",0
"""健身教练建议每周至少进行三次力量训练。""",0
"""春节期间火车票难抢，不少人选择错峰出行。""",0
"""这款洗发水去油效果不错，适合发质偏油的人。""",0
"""公司宣布将实施远程办公政策，员工反应不一。""",0
"""台风路径偏离预期，沿海地区解除警报。""",0
"""二手房交易量下降，市场观望情绪浓厚。""",0
"""熬夜追剧导致第二天精神不振，医生建议规律作息。""",0
"""新能源汽车充电桩数量不足成为行业发展瓶颈。""",0
"""这本科幻小说剧情紧凑，值得一读。""",0
"""社区居民呼吁增设垃圾分类回收点。""",0
"""跨境电商促销活动吸引大量消费者参与。""",0
"""专家称过度使用手机可能影响青少年心理健康。""",0
"""这款笔记本电脑轻薄便携，适合商务人士。""",0
"""城市空气质量改善，雾霾天数明显减少。""",0
"""农民抱怨化肥价格涨幅过高，影响种植成本。""",0
"""网红景点因人流量过大暂停开放。""",0
"""研究表明适量饮用咖啡可能有助于延长寿命。""",0
"""共享单车乱停乱放问题依然严重。""",0
"""这款防晒霜清爽不油腻，适合夏季使用。""",0
"""地铁新线路开通后，通勤时间大幅缩短。""",0
"""不少年轻人开始尝试副业增加收入。""",0
"""宠物医院提醒定期为狗狗接种疫苗。""",0
"""直播带货成为农产品销售新渠道。""",0
"""老旧小区改造工程预计年底前完工。""",0
"""游客在景区乱刻字现象引发公众谴责。""",0
"""新型智能手表可监测血压和心率。""",0
"""家长抱怨课外辅导班费用过高。""",0
"""春节档电影票房创下新纪录。""",0
"""网购退货率高，商家加强品控管理。""",0
"""部分城市试点推广数字人民币。""",0
"""今年高校毕业生人数再创新高。""",0
"""无人机在快递配送领域应用前景广阔。""",0
"""传统节日文化越来越受年轻人喜爱。""",0
"""多地出台政策鼓励生育，效果有待观察。""",0
"""夏季用电高峰期，部分地区实施限电措施。""",0
"""这款游戏画面精美，但剧情略显单薄。""",0
"""专家建议晚餐不宜过饱，以免影响消化。""",0
"""1. 今天天气真好，适合去公园散步。""",0
"""2. 这款手机电池续航很差，每天要充两次电。""",0
"""3. 研究人员发现新型材料可提高太阳能转换效率。""",0
"""4. 昨晚看了一部电影，剧情很精彩但结局有点仓促。""",0
"""5. 如何快速学习一门新语言？多听多说最有效。""",0
"""6. 这家餐厅的招牌菜太咸了，下次不会再点。""",0
"""7. 专家提醒：定期更换密码可降低账户被盗风险。""",0
"""8. 火车站附近新开了家书店，周末去看看。""",0
"""9. 去年全球新能源汽车销量增长超过50%。""",0
"""10. 早上喝杯温水对身体有好处，建议坚持。""",0
"""11. 这种编程语言适合初学者，语法简单易懂。""",0
"""12. 健身房人太多，晚上去根本抢不到器械。""",0
"""13. 最新调查显示年轻人更倾向使用移动支付。""",0
"""14. 养猫之前要考虑清楚，掉毛问题很麻烦。""",0
"""15. 这款软件更新后运行速度明显变快了。""",0
"""16. 暴雨导致多条道路积水，建议绕行。""",0
"""17. 为什么现在的电视剧总喜欢拍续集？""",0
"""18. 这本小说描写了未来世界的社会矛盾。""",0
"""19. 网购时要注意查看商家评价再下单。""",0
"""20. 咖啡喝太多会导致失眠，适量为宜。""",0
"""21. 新出台的政策将影响房地产市场价格。""",0
"""22. 周末准备尝试做蛋糕，希望不要失败。""",0
"""23. 这个游戏画面精美但操作太复杂了。""",0
"""24. 专家预测明年经济将缓慢复苏。""",0
"""25. 早上赶地铁差点迟到，明天要早点出门。""",0
"""26. 这种面料容易起皱，清洗时要特别注意。""",0
"""27. 最新研究：每天散步半小时可延长寿命。""",0
"""28. 会议室空调坏了，下午开会会很热。""",0
"""29. 为什么越来越多的人选择远程办公？""",0
"""30. 这款洗发水去油效果不错，推荐尝试。""",0
"""31. 城市绿化面积增加改善了空气质量。""",0
"""32. 快递延误三天，客服态度还很差。""",0
"""33. 这种治疗方法正在临床试验阶段。""",0
"""34. 节假日景区人山人海，体验很差。""",0
"""35. 新技术可大幅降低工业生产能耗。""",0
"""36. 邻居装修太吵了，根本没法休息。""",0
"""37. 研究表明睡眠不足会影响记忆力。""",0
"""38. 这个季节最适合去海边度假。""",0
"""39. 电脑突然蓝屏，重要文件没保存。""",0
"""40. 垃圾分类实施后小区环境变好了。""",0
"""41. 这家网店发货快但包装太简陋。""",0
"""42. 医生说多喝水有助于预防结石。""",0
"""43. 共享单车乱停放问题亟待解决。""",0
"""44. 这本历史书角度新颖值得一读。""",0
"""45. 今年夏天比往年热得多。""",0
"""46. 课程内容太基础，希望增加深度。""",0
"""47. 公交车改道了，上班要换乘。""",0
"""48. 人工智能正在改变传统行业模式。""",0
"""49. 熬夜看球赛第二天完全没精神。""",0
"""50. 这个App界面简洁但功能太少。""",0
"""这个新开的咖啡馆环境不错，咖啡味道一般但价格实惠。""",0
"""昨天看的那部电影剧情太老套了，特效倒是挺震撼的。""",0
"""专家建议定期更换密码以提高账户安全性。""",0
"""这款手机电池续航能力很强，但摄像头表现一般。""",0
"""春天来了，公园里的樱花已经开了一大片。""",0
"""如果每天坚持锻炼半小时，身体状况会有明显改善。""",0
"""这家餐厅的招牌菜确实好吃，就是服务员态度有点冷漠。""",0
"""研究表明睡眠不足会影响工作效率和情绪稳定性。""",0
"""最近很多人在讨论数据隐私保护的问题。""",0
"""这种新型材料比传统塑料更环保且耐用。""",0
"""下雨天路上堵车严重，建议提前出门。""",0
"""网购时记得查看商品评价和店铺信誉。""",0
"""周末打算去图书馆借几本书看看。""",0
"""这款软件界面简洁但功能不够完善。""",0
"""听说下周气温会骤降，记得加衣服。""",0
"""垃圾分类实施后小区环境确实变好了。""",0
"""这台洗衣机噪音有点大，但洗得很干净。""",0
"""专家提醒不要随意点击不明链接以防诈骗。""",0
"""这个季度的销售额比去年同期增长了15%。""",0
"""旅行时带充电宝真的很方便。""",0
"""新款电动车的续航里程达到了500公里。""",0
"""最近在读一本关于人工智能发展的书。""",0
"""这种新型疫苗的副作用相对较小。""",0
"""熬夜工作对健康的影响不容忽视。""",0
"""网上购物退货流程有点麻烦但还能接受。""",0
"""这个公园的绿化做得很好，适合散步。""",0
"""新政策实施后企业的税收负担减轻了。""",0
"""这台笔记本电脑开机速度特别快。""",0
"""周末市场的人流量比平时多了一倍。""",0
"""长时间看屏幕要注意保护眼睛。""",0
"""这种新型建筑材料防火性能很出色。""",0
"""最近流感高发，记得戴口罩勤洗手。""",0
"""这款耳机的音质不错，戴着也舒服。""",0
"""网上课程学习时间比较灵活。""",0
"""超市里的有机蔬菜价格偏贵但很新鲜。""",0
"""这个APP的用户体验需要进一步优化。""",0
"""公交卡充值可以在手机上完成了。""",0
"""今年夏天的气温比往年高了不少。""",0
"""这种新型电池充电速度提升了30%。""",0
"""网上银行转账现在更方便了。""",0
"""周末去爬山是个不错的选择。""",0
"""该品牌的售后服务响应速度很快。""",0
"""最近在尝试一种新的健身方法。""",0
"""这款相机的夜间拍摄效果很惊艳。""",0
"""共享单车的使用率在逐渐回升。""",0
"""专家建议每天喝足够的水保持健康。""",0
"""这个季节的水果种类丰富又便宜。""",0
"""这种新型口罩透气性更好。""",0
"""地铁早高峰比平时拥挤很多。""",0
"""网上预约挂号节省了不少时间。""",0
"""这款游戏画面精美但操作复杂。""",0
"""新开的健身房设备齐全但会员费较高。""",0
"""今天天气真好，适合出门散步。""",0
"""这款手机电池续航能力超强，用一整天都不用充电。""",0
"""专家表示，近期流感病例增加可能与季节变化有关。""",0
"""这家餐厅的招牌菜确实不错，就是价格有点贵。""",0
"""数据显示，上季度新能源汽车销量增长明显。""",0
"""昨晚那场足球比赛的结果真是出人意料。""",0
"""这个软件更新后运行速度明显变快了。""",0
"""研究发现，每天锻炼30分钟能有效改善睡眠质量。""",0
"""听说下周要降温，记得多穿点衣服。""",0
"""这本小说结局有点仓促，但整体情节很吸引人。""",0
"""市长宣布将增加公共交通班次以缓解拥堵。""",0
"""这款洗发水去油效果不错，推荐给油性发质的人。""",0
"""最新政策规定，企业必须加强数据保护措施。""",0
"""周末去郊外爬山，空气特别新鲜。""",0
"""这份报告指出消费者购买习惯正在发生变化。""",0
"""这种新型材料比传统材料轻了百分之三十。""",0
"""看电影前最好提前十分钟到场选个好位置。""",0
"""医生建议每天喝八杯水保持身体健康。""",0
"""这条商业街晚上特别热闹，各种小吃摊都有。""",0
"""实验证明，这种新药对治疗该疾病有效率达90%。""",0
"""快递比预计时间晚了一天，但包装很完好。""",0
"""据气象台预报，明天可能有雷阵雨。""",0
"""这份工作虽然工资不高，但同事都很友好。""",0
"""调查显示大多数人支持公共场所禁烟令。""",0
"""这个旅游景点门票涨价了，游客数量反而增加。""",0
"""新款电动汽车充电时间缩短至半小时。""",0
"""专家提醒，过度使用电子产品会影响视力。""",0
"""这家咖啡馆的拿铁口感醇厚，值得一试。""",0
"""最近在读一本关于人工智能发展的书，很有意思。""",0
"""警方呼吁市民提供某案件的线索，但未透露细节。""",0
"""这种新型节能灯比普通灯泡省电百分之六十。""",0
"""周末市场的人流量比平时多了一倍。""",0
"""研究表明，长期熬夜会导致记忆力下降。""",0
"""这个手机应用操作简单，适合老年人使用。""",0
"""会议决定延长项目截止日期到下个月底。""",0
"""这种新型面料透气性好，夏天穿很舒服。""",0
"""游客抱怨景区厕所太少，需要排队很久。""",0
"""最新统计显示网购退货率比去年有所上升。""",0
"""医生说这种症状通常两三天就会自行消失。""",0
"""超市正在促销牛奶，比平时便宜十块钱。""",0
"""这本教材内容全面，适合初学者使用。""",0
"""天气预报说下周可能会迎来今年第一场雪。""",0
"""这款相机的夜间拍摄效果令人惊艳。""",0
"""调查发现近半数受访者有过网购受骗经历。""",0
"""公园里的樱花开了，吸引了很多游客拍照。""",0
"""这份合同条款需要法律顾问审核后再签署。""",0
"""这种新型电池可在零下二十度正常工作。""",0
"""邻居说小区的垃圾分类执行得越来越好了。""",0
"""最新款笔记本电脑比上一代薄了五毫米。""",0
"""专家建议每天吃五种不同颜色的蔬菜水果。""",0
"""这种新型建筑材料的防火性能非常出色。""",0
"""今天天气特别好，适合出门散步。""",0
"""这家餐厅的招牌菜确实名不虚传。""",0
"""最新款手机性能提升明显，但电池续航一般。""",0
"""昨晚的足球比赛结果让人意外。""",0
"""学习编程需要耐心和持续练习。""",0
"""这条牛仔裤穿着很舒服，就是有点贵。""",0
"""建议定期更换密码以提高账户安全性。""",0
"""公园里的樱花已经盛开，吸引不少游客。""",0
"""这家公司的客服响应速度太慢了。""",0
"""电影结局有点仓促，但整体还不错。""",0
"""网购的商品比实体店便宜不少。""",0
"""健身房的人比上周少了很多。""",0
"""这款洗发水去油效果很好。""",0
"""交通拥堵问题越来越严重。""",0
"""周末打算在家看完那本小说。""",0
"""咖啡店的氛围很适合工作或读书。""",0
"""最新研究显示睡眠不足影响记忆力。""",0
"""这台打印机的墨盒消耗太快。""",0
"""下雨天最适合窝在沙发上看剧。""",0
"""旅行时轻装出行会更方便。""",0
"""这款APP的用户界面设计得很简洁。""",0
"""会议比预定时间延长了一小时。""",0
"""邻居家的狗每天早上都会叫。""",0
"""快递比预计的晚了一天送达。""",0
"""这个品牌的售后服务值得信赖。""",0
"""城市空气质量最近有所改善。""",0
"""超市的特价商品总是很快售罄。""",0
"""新政策将于下个月正式实施。""",0
"""周末加班真是让人心情低落。""",0
"""这本书的前三章有点枯燥。""",0
"""线上课程的互动性不如线下。""",0
"""最近迷上了做手工皂。""",0
"""这款相机的夜间拍摄效果一般。""",0
"""交通卡余额不足，得赶紧充值。""",0
"""周末市场的人流量明显增加。""",0
"""这种材质的衣服容易起球。""",0
"""新开的奶茶店排队太长。""",0
"""建议定期备份重要文件。""",0
"""这部电影的配乐非常出色。""",0
"""健身房增加了新的器械。""",0
"""网购退货流程有点麻烦。""",0
"""天气预报说明天会降温。""",0
"""这家面包店的可颂特别酥脆。""",0
"""会议记录已经发到群里了。""",0
"""这种植物需要充足的阳光。""",0
"""快递包装可以用得更环保些。""",0
"""新买的耳机音质超出预期。""",0
"""周末打算尝试做一道新菜。""",0
"""火车站附近正在施工，有点吵。""",0
"""这个软件更新后运行更流畅了。""",0
"""1. 今天天气真好，适合出门散步晒太阳。""",0
"""2. 这家餐厅的招牌菜确实不错，值得推荐。""",0
"""3. 研究发现每天锻炼30分钟能显著提升记忆力。""",0
"""4. 这款手机电池续航太差了，用半天就得充电。""",0
"""5. 最近上映的那部电影剧情很无聊，不建议去看。""",0
"""6. 网上购物确实方便，但要注意辨别真假商品。""",0
"""7. 早睡早起对身体的好处比想象中还要多。""",0
"""8. 这种新型材料强度高又环保，未来应用前景广阔。""",0
"""9. 公园里的樱花开了，吸引了不少游客拍照。""",0
"""10. 很多人以为咖啡提神，其实过量饮用反而会疲劳。""",0
"""11. 这个软件界面简洁，操作起来特别顺手。""",0
"""12. 最近流感高发，记得勤洗手多通风。""",0
"""13. 那本书的内容太深奥了，看了几页就放弃了。""",0
"""14. 快递送货速度挺快，包装也很完好。""",0
"""15. 专家建议每天喝够八杯水，保持身体水分平衡。""",0
"""16. 这款洗发水去油效果不错，适合油性发质。""",0
"""17. 周末去爬山，山顶的风景美得让人震撼。""",0
"""18. 熬夜工作真的影响效率，第二天总是昏昏沉沉的。""",0
"""19. 新开的奶茶店排队人太多，改天再去尝尝。""",0
"""20. 学习外语最好的方法就是多听多说。""",0
"""21. 这款游戏画面精美，但剧情有点老套。""",0
"""22. 最近油价又涨了，开车成本越来越高。""",0
"""23. 适当晒太阳可以帮助身体合成维生素D。""",0
"""24. 这家超市的生鲜区品种丰富，价格也合理。""",0
"""25. 很多人忽视了睡眠质量对健康的重要性。""",0
"""26. 刚买的那件衣服洗了一次就缩水了，太失望。""",0
"""27. 研究表明睡前玩手机会严重影响睡眠。""",0
"""28. 这个品牌的售后服务态度很好，问题解决得快。""",0
"""29. 养宠物能缓解压力，但需要花时间照顾。""",0
"""30. 那家网红餐厅味道一般，性价比不高。""",0
"""31. 电动汽车越来越普及，充电桩却还不够多。""",0
"""32. 读书时做笔记能帮助加深记忆和理解。""",0
"""33. 这款相机的夜拍效果超出预期，噪点控制得很好。""",0
"""34. 长时间坐着不动对脊椎伤害很大。""",0
"""35. 网上课程选择很多，但要找适合自己的。""",0
"""36. 今年冬天比往年冷，羽绒服销量大增。""",0
"""37. 学会理财越早开始越好，复利效应很强大。""",0
"""38. 这个APP经常推送广告，有点烦人。""",0
"""39. 专家提醒冬季要注意预防呼吸道疾病。""",0
"""40. 刚搬的新家采光很好，白天都不用开灯。""",0
"""41. 过度使用社交媒体可能导致焦虑和抑郁。""",0
"""42. 那款运动鞋轻便舒适，跑步时很跟脚。""",0
"""43. 城市里的共享单车解决了最后一公里问题。""",0
"""44. 睡前喝热牛奶确实有助于入睡。""",0
"""45. 这个电视剧的结局太仓促了，很多坑没填。""",0
"""46. 垃圾分类实施后，小区环境明显改善。""",0
"""47. 工作中遇到困难时，换个角度思考可能就有解决方案。""",0
"""48. 这种新型电池充电速度比传统电池快三倍。""",0
"""49. 旅游旺季景点人挤人，体验感大打折扣。""",0
"""50. 多吃蔬菜水果对皮肤和健康都有好处。""",0
"""1. 昨天在超市看到一款新出的酸奶，味道比想象中好很多。""",0
"""2. 专家建议每天至少喝八杯水，但具体量因人而异。""",0
"""3. 这台笔记本电脑性能不错，就是电池续航有点短。""",0
"""4. 小区门口的包子铺突然关门了，不知道是不是房租太贵。""",0
"""5. 研究发现睡眠不足会影响记忆力，建议大家早睡早起。""",0
"""6. 这家餐厅的装修风格很有特色，就是服务员态度一般。""",0
"""7. 很多人不知道，手机长时间充电其实对电池不好。""",0
"""8. 春节期间火车票太难买了，今年决定开车回家。""",0
"""9. 新买的耳机音质很棒，降噪效果超出预期。""",0
"""10. 医生说每天散步半小时能有效改善亚健康状态。""",0
"""11. 昨天开会时网络突然断了，耽误了半小时。""",0
"""12. 这种新型材料既轻便又结实，适合户外用品。""",0
"""13. 周末去爬山遇到大雨，整个人都淋成了落汤鸡。""",0
"""14. 研究表明睡前玩手机会影响睡眠质量。""",0
"""15. 这个牌子的洗发水去屑效果不错，就是有点贵。""",0
"""16. 地铁里有人大声打电话，真的很影响其他乘客。""",0
"""17. 办公室的空调温度开得太低，很多人都感冒了。""",0
"""18. 新款手机摄像头升级明显，夜拍效果特别好。""",0
"""19. 邻居家的狗每天早上都叫，已经投诉三次了。""",0
"""20. 专家称适量喝咖啡其实对心脏有好处。""",0
"""21. 网购的衣服和图片色差太大，果断退货了。""",0
"""22. 公园里新栽了樱花树，明年春天应该会很美。""",0
"""23. 这种新型电池充电速度比传统产品快三倍。""",0
"""24. 小区垃圾分类做得太差，垃圾桶总是满的。""",0
"""25. 天气预报说明天有暴雨，出门记得带伞。""",0
"""26. 电影院后排有人踢椅子，观影体验很差。""",0
"""27. 这款APP界面设计很简洁，操作也很流畅。""",0
"""28. 医院候诊区人满为患，等了两个多小时。""",0
"""29. 共享单车乱停乱放问题越来越严重了。""",0
"""30. 最新研究显示午睡20分钟最能恢复精力。""",0
"""31. 快递送货速度比预计晚了三天，包裹都压坏了。""",0
"""32. 这种新型建筑材料防火性能提高了50%。""",0
"""33. 健身房新来的教练专业知识很扎实。""",0
"""34. 超市促销活动吸引了大批顾客排队。""",0
"""35. 公交车上有人吃东西，味道特别大。""",0
"""36. 新款电动车的续航里程达到了500公里。""",0
"""37. 小区的儿童游乐设施需要更新了。""",0
"""38. 今天会议室投影仪又出故障了。""",0
"""39. 网上流传的减肥方法大多没有科学依据。""",0
"""40. 这家奶茶店的服务速度实在太慢了。""",0
"""41. 新型智能家居系统可以语音控制所有电器。""",0
"""42. 图书馆的自习座位总是供不应求。""",0
"""43. 这款防晒霜不油腻，适合油性皮肤。""",0
"""44. 十字路口的红绿灯时间设置不合理。""",0
"""45. 专家建议每周运动三次保持健康。""",0
"""46. 便利店的价格比超市贵了将近20%。""",0
"""47. 这种新型涂料能让室内温度降低3-5度。""",0
"""48. 地铁早高峰人挤人，几乎站不稳。""",0
"""49. 网购平台的双十一活动又要开始了。""",0
"""50. 公园里的长椅很多都已经破损了。""",0
"""今天气温骤降，记得出门多加件外套。""",0
"""这款手机的电池续航比上一代提升了20%。""",0
"""专家建议每周至少锻炼三次以保持健康。""",0
"""这家新开的餐厅主打川菜，味道相当地道。""",0
"""昨天那场足球比赛的最后一分钟进球太精彩了。""",0
"""研究表明每天阅读半小时能显著提高记忆力。""",0
"""这款软件的用户界面设计得非常简洁易用。""",0
"""预计下周将有强降雨，市民需做好防范措施。""",0
"""很多人认为人工智能将彻底改变未来的工作方式。""",0
"""这种新型材料比传统金属轻了将近一半。""",0
"""春节期间火车票预订量创下历史新高。""",0
"""这款洗发水用完后头发明显柔顺了不少。""",0
"""最近上映的那部科幻电影特效做得非常逼真。""",0
"""专家提醒不要长时间盯着电子屏幕以免损伤视力。""",0
"""这个牌子的空调制冷效果快而且噪音很小。""",0
"""据调查年轻人现在更倾向于网购日常生活用品。""",0
"""这种新型疫苗的副作用比之前的版本减轻了许多。""",0
"""那家咖啡店的拿铁味道浓郁，值得一试。""",0
"""最新数据显示新能源汽车销量同比增长了50%。""",0
"""这款相机的夜间拍摄效果出乎意料地好。""",0
"""很多人开始在家办公后工作效率反而提高了。""",0
"""这种新型建筑材料的防火性能非常出色。""",0
"""最近的研究表明适度饮酒也可能对健康有害。""",0
"""那部小说的结局出人意料，引发了很多讨论。""",0
"""这款游戏的画面精致但剧情略显单薄。""",0
"""专家建议每天保证7-8小时的睡眠时间。""",0
"""这个季节最适合去山区欣赏红叶。""",0
"""新型智能家居系统可以通过语音控制所有设备。""",0
"""那家面包店的蛋糕甜而不腻，回头客很多。""",0
"""最新政策将加大对小微企业贷款的支持力度。""",0
"""这种新型除草剂对环境影响较小。""",0
"""很多人因为疫情开始重视家庭储蓄的重要性。""",0
"""这款笔记本电脑的散热系统设计得很合理。""",0
"""近期将有一股冷空气自北向南影响全国。""",0
"""研究表明经常喝茶有助于降低心血管疾病风险。""",0
"""这家连锁超市的生鲜商品质量一直很稳定。""",0
"""这种新型纺织材料具有自动调节温度的功能。""",0
"""那个旅游景点的游客数量比去年增加了三成。""",0
"""最新款智能手机的摄像头升级明显。""",0
"""很多人开始养成定期备份重要数据的习惯。""",0
"""这种新型涂料能使建筑物表面保持清洁更长时间。""",0
"""近期将举办一场大型线上招聘会。""",0
"""专家建议每天喝足够的水以维持身体正常代谢。""",0
"""那部纪录片真实记录了野生动物生存状态。""",0
"""这款电动车的充电时间缩短到了半小时。""",0
"""最新调查显示超过60%的人支持环保政策。""",0
"""这种新型包装材料可完全生物降解。""",0
"""那个网红景点的实际体验和宣传差距较大。""",0
"""研究人员发现某种植物提取物可能具有抗癌特性。""",0
"""这款耳机降噪效果出色但佩戴舒适度一般。""",0
"""1. 今天天气真好，适合去公园散步。""",0
"""2. 这款手机电池续航非常出色，充满电能用一整天。""",0
"""3. 数据显示，近年来新能源汽车销量持续增长。""",0
"""4. 昨晚的会议讨论了如何优化客户服务流程。""",0
"""5. 这家餐厅的招牌菜味道不错，但价格有点贵。""",0
"""6. 专家建议每天至少喝八杯水以保持健康。""",0
"""7. 网络安全已成为企业不可忽视的重要议题。""",0
"""8. 很多人喜欢在周末看电影放松心情。""",0
"""9. 这款软件的用户界面设计非常直观，新手也能快速上手。""",0
"""10. 研究表明，适量运动有助于改善睡眠质量。""",0
"""11. 最近在读一本关于人工智能发展的书，内容很吸引人。""",0
"""12. 这个品牌的耳机音质清晰，降噪效果也很好。""",0
"""13. 据气象部门预测，下周将有强降雨天气。""",0
"""14. 旅行时提前规划行程可以节省不少时间。""",0
"""15. 这个季度的销售额比去年同期增长了15%。""",0
"""16. 社交媒体已成为现代人获取信息的主要渠道之一。""",0
"""17. 医生说多吃蔬菜水果对预防疾病有好处。""",0
"""18. 这种新型材料具有防水防火的特性。""",0
"""19. 昨天去了一家新开的咖啡馆，环境很舒适。""",0
"""20. 越来越多的人开始关注环保和可持续发展。""",0
"""21. 这种编程语言适合初学者学习，语法简单易懂。""",0
"""22. 最近股市波动较大，投资者需谨慎操作。""",0
"""23. 研究表明，长期熬夜会影响记忆力。""",0
"""24. 这台洗衣机的静音效果让人非常满意。""",0
"""25. 专家提醒，个人信息保护意识需要加强。""",0
"""26. 周末打算和朋友一起去爬山放松一下。""",0
"""27. 这款游戏画面精美，但玩法略显单调。""",0
"""28. 近年来，跨境电商行业发展迅速。""",0
"""29. 据说喝绿茶有助于提高新陈代谢。""",0
"""30. 这个项目的截止日期提前了一周，大家要抓紧时间。""",0
"""31. 很多人认为养宠物能缓解压力。""",0
"""32. 这种新型电池充电速度比传统产品快三倍。""",0
"""33. 昨晚的足球比赛结果出人意料。""",0
"""34. 数据显示，线上购物比例逐年上升。""",0
"""35. 这本书的故事情节跌宕起伏，值得一读。""",0
"""36. 专家建议每周进行至少150分钟的中等强度运动。""",0
"""37. 这款相机的夜间拍摄效果令人惊艳。""",0
"""38. 近期将有一批新政策开始实施，涉及多个领域。""",0
"""39. 很多人喜欢在通勤时听音乐或播客。""",0
"""40. 研究表明，定期冥想有助于减轻焦虑。""",0
"""41. 这台笔记本电脑性能强劲，但散热有待改进。""",0
"""42. 城市规划应考虑更多绿化空间以提高居民生活质量。""",0
"""43. 这个品牌的防晒霜效果持久，适合户外活动使用。""",0
"""44. 据调查，远程办公模式越来越受欢迎。""",0
"""45. 昨天尝试了一道新菜谱，家人都说好吃。""",0
"""46. 人工智能技术正在改变传统行业的运营方式。""",0
"""47. 医生建议成年人每年进行一次全面体检。""",0
"""48. 这款APP的操作逻辑需要简化，用户体验有待提升。""",0
"""49. 气象台发布高温预警，提醒市民注意防暑降温。""",0
"""50. 研究表明，学习新技能有助于保持大脑活力。""",0
"""1. 今天天气真好，适合去公园散步。""",0
"""2. 这家餐厅的招牌菜特别推荐，味道确实不错。""",0
"""3. 据报道，股市今日小幅上涨，投资者情绪回暖。""",0
"""4. 这台电脑运行速度很快，性价比很高。""",0
"""5. 昨晚看了一部电影，剧情非常精彩。""",0
"""6. 专家建议每天运动半小时，对身体有好处。""",0
"""7. 这款手机电池续航能力很强，适合长时间使用。""",0
"""8. 最近在读一本关于历史的书，内容很吸引人。""",0
"""9. 交通拥堵问题越来越严重，需要更好的解决方案。""",0
"""10. 网购时一定要仔细检查商品描述和评价。""",0
"""11. 有人说咖啡喝多了不好，但我每天离不开它。""",0
"""12. 旅游旺季来临，机票价格开始上涨。""",0
"""13. 这款洗发水用了之后头发变得很柔顺。""",0
"""14. 公司宣布将推出新产品，市场反应热烈。""",0
"""15. 早上被闹钟吵醒的时候真的很痛苦。""",0
"""16. 最近学习了一门新技能，感觉很有成就感。""",0
"""17. 经常熬夜对身体不好，但还是改不掉这个习惯。""",0
"""18. 这个城市的公共交通系统非常便利。""",0
"""19. 假期快到了，大家都在计划去哪里玩。""",0
"""20. 听说这家咖啡店的拿铁特别好喝。""",0
"""21. 最新研究表明，睡眠不足会影响记忆力。""",0
"""22. 周末和朋友聚餐，聊得很开心。""",0
"""23. 这款游戏画面精美，但是操作有点复杂。""",0
"""24. 很多人认为早餐是一天中最重要的一餐。""",0
"""25. 最近天气变化大，容易感冒。""",0
"""26. 这家超市的商品种类很丰富，价格也实惠。""",0
"""27. 专家提醒，网络安全问题需引起重视。""",0
"""28. 这部电影的结局出乎意料，值得一看。""",0
"""29. 今天开会讨论了下季度的营销计划。""",0
"""30. 养宠物需要花费很多时间和精力。""",0
"""31. 这种新型材料有望在建筑行业广泛应用。""",0
"""32. 周末在家做了一顿饭，味道还不错。""",0
"""33. 有人喜欢雨天，觉得很有情调。""",0
"""34. 这项政策实施后，市民反响热烈。""",0
"""35. 最近在学瑜伽，感觉身体轻松了很多。""",0
"""36. 这家快递公司送货速度很快，服务也好。""",0
"""37. 环保问题越来越受到人们的关注。""",0
"""38. 昨晚失眠，今天整个人都没精神。""",0
"""39. 这款相机拍照效果非常清晰，适合旅行用。""",0
"""40. 研究人员发现了一种新的治疗方法。""",0
"""41. 周末去爬山，风景特别美。""",0
"""42. 有人说喝热水对身体好，但科学依据不足。""",0
"""43. 最近工作压力大，需要好好放松一下。""",0
"""44. 这家书店环境安静，适合看书学习。""",0
"""45. 很多人习惯每天喝一杯牛奶补充营养。""",0
"""46. 新开的健身房设备齐全，会员优惠多。""",0
"""47. 这个季节的水果特别新鲜，价格也便宜。""",0
"""48. 专家建议减少糖分摄入，预防糖尿病。""",0
"""49. 这种新型电池充电速度快，寿命也更长。""",0
"""50. 周末看了一场演唱会，气氛超级棒。""",0
"""今天天气真好，适合出去散步。""",0
"""研究发现每天锻炼半小时可降低患病风险。""",0
"""这家餐厅的招牌菜确实名不虚传，推荐尝尝。""",0
"""听说最近股市波动很大，投资需谨慎。""",0
"""这种新型材料比传统塑料更环保，值得推广。""",0
"""昨晚的演唱会气氛超级棒，观众都很热情。""",0
"""专家建议青少年每天使用手机不超过两小时。""",0
"""这款手机电池续航能力很强，用一整天没问题。""",0
"""某知名品牌因产品质量问题宣布召回部分商品。""",0
"""这个季节去海边度假再合适不过了。""",0
"""研究表明长期熬夜会影响记忆力和免疫力。""",0
"""图书馆新到的这批书籍种类丰富，涵盖多个领域。""",0
"""疫情期间，许多企业开始推行远程办公模式。""",0
"""这个软件的界面设计很直观，新手也能快速上手。""",0
"""最近上映的那部电影票房已经突破十亿元。""",0
"""专家提醒冬季要注意预防流感，勤洗手多通风。""",0
"""这款洗衣机的静音效果出乎意料的好。""",0
"""数据显示今年新能源汽车销量同比增长超过50%。""",0
"""小区里的健身器材需要更新了，很多已经生锈。""",0
"""这种新型疫苗的临床试验结果令人鼓舞。""",0
"""周末打算和朋友去郊外野餐，希望别下雨。""",0
"""研究发现长期饮用咖啡可能对心脏健康有益。""",0
"""这个旅游景点的门票价格比去年上涨了20%。""",0
"""这家电商平台的物流速度比以前快了很多。""",0
"""很多人都说这款面霜保湿效果特别好。""",0
"""最近气温骤降，记得及时添加衣物保暖。""",0
"""专家称适量饮用红酒可能有助于心血管健康。""",0
"""这个品牌的耳机音质清晰，降噪功能也很出色。""",0
"""据报道路口那家超市即将停业装修三个月。""",0
"""越来越多的人选择在线课程来提升职业技能。""",0
"""这款新推出的智能手表可以监测心率变化。""",0
"""研究表明城市绿化面积与居民幸福感正相关。""",0
"""这个季节的水果特别新鲜，价格也实惠。""",0
"""这家连锁快餐店的服务态度需要改进。""",0
"""专家警告长时间玩电子游戏会影响视力健康。""",0
"""近期多家航空公司宣布增加国际航班班次。""",0
"""这款相机的夜间拍摄效果比预期的要好。""",0
"""数据显示共享单车使用率在雨季明显下降。""",0
"""小区里新开的便利店营业到凌晨两点。""",0
"""这种新型建筑材料比传统砖块更轻更坚固。""",0
"""最近在读一本关于人工智能发展的书，很有趣。""",0
"""专家建议每天喝八杯水保持身体水分平衡。""",0
"""这款扫地机器人可以自动规划路线，非常智能。""",0
"""据报道明年将有三条新地铁线路投入运营。""",0
"""很多人都在讨论最新发布的智能手机功能。""",0
"""研究表明定期体检可以早期发现健康问题。""",0
"""这款防晒霜的防水效果特别适合海边使用。""",0
"""最近天气干燥，记得多喝水预防上火。""",0
"""专家称适量运动可以缓解工作压力。""",0
"""这个公园的樱花下周就要开了，很期待。""",0
"""1. 今天天气真好，适合出门散步。""",0
"""2. 这款新手机电池续航比上一代提升了20%。""",0
"""3. 专家建议每天喝八杯水保持身体健康。""",0
"""4. 昨晚的足球比赛真是精彩，最后一分钟绝杀。""",0
"""5. 这家餐厅的招牌菜味道不错，但价格稍贵。""",0
"""6. 数据显示今年新能源汽车销量增长迅速。""",0
"""7. 学习编程需要耐心和不断的练习。""",0
"""8. 这部电影的剧情太拖沓，看到一半就睡着了。""",0
"""9. 最近流感高发，大家记得戴口罩。""",0
"""10. 这款洗衣液去污能力强，香味也很持久。""",0
"""11. 有人说咖啡喝多了对身体不好，但我戒不掉。""",0
"""12. 这条裤子质量一般，洗了两次就起球了。""",0
"""13. 研究表明每天运动半小时能提高工作效率。""",0
"""14. 超市的鸡蛋今天打折，比平时便宜不少。""",0
"""15. 这本小说情节曲折，值得一读。""",0
"""16. 开会时间临时改到下午三点，大家别迟到。""",0
"""17. 电脑突然死机，害我文件都没保存。""",0
"""18. 快递比预计的晚了一天，不过东西完好无损。""",0
"""19. 这种新型材料耐高温，适合工业用途。""",0
"""20. 公园里的樱花开了，吸引了很多游客拍照。""",0
"""21. 智能手机过度使用可能导致颈椎问题。""",0
"""22. 这家健身房设备齐全，但会员费有点高。""",0
"""23. 专家称适当晒太阳有助于补充维生素D。""",0
"""24. 这款耳机音质出色，降噪效果也很棒。""",0
"""25. 最近加班太多，感觉整个人都很疲惫。""",0
"""26. 这种新型电池充电速度比传统产品快三倍。""",0
"""27. 周末打算在家做红烧排骨，买了新鲜食材。""",0
"""28. 数据显示年轻人更倾向于网上购物。""",0
"""29. 这个品牌的护肤品用了过敏，以后不会再买。""",0
"""30. 城市空气质量下降，建议减少户外活动。""",0
"""31. 新上映的科幻片特效震撼，剧情略显单薄。""",0
"""32. 这种新型建筑材料环保且成本低廉。""",0
"""33. 专家提醒不要轻信网上所谓的快速致富方法。""",0
"""34. 这款游戏操作简单，适合各个年龄段。""",0
"""35. 公交车上人太多，差点没挤上去。""",0
"""36. 研究发现适量饮用红酒可能有益心脏健康。""",0
"""37. 这台打印机总是卡纸，实在影响工作效率。""",0
"""38. 小区门口新开的便利店营业到凌晨两点。""",0
"""39. 今年冬天比往年寒冷，记得多穿衣服。""",0
"""40. 这种新型抗菌材料可用于医疗设备制造。""",0
"""41. 周末去爬山，山顶的风景太美了。""",0
"""42. 网购的衣服尺寸不对，只能退货了。""",0
"""43. 专家建议早餐要吃得营养均衡。""",0
"""44. 这款扫地机器人智能规划路线，清扫很彻底。""",0
"""45. 最近迷上了烘焙，正在尝试做蛋糕。""",0
"""46. 数据表明电子书销量首次超过纸质书。""",0
"""47. 这个牌子的洗发水去屑效果特别好。""",0
"""48. 会议纪要已经发到群里，请大家查收。""",0
"""49. 研究表明长期熬夜会加速皮肤老化。""",0
"""50. 这家网店发货速度快，包装也很仔细。""",0
"""昨天超市的苹果打折，我买了两斤，味道特别甜。""",0
"""听说新开的火锅店服务很好，但菜品选择有点少。""",0
"""这篇文章详细介绍了如何提高工作效率的小技巧。""",0
"""这款手机电池续航很强，但拍照效果一般般。""",0
"""小区门口修路，每天上下班都要绕一大圈。""",0
"""专家建议每天喝八杯水对身体有益。""",0
"""公交车上有人大声打电话，真的很烦人。""",0
"""最近天气忽冷忽热，很多人都感冒了。""",0
"""这本书的故事情节非常吸引人，值得一读。""",0
"""网购的衣服和图片色差太大，已经退货了。""",0
"""周末打算去爬山，希望别下雨。""",0
"""公司今年的年终奖比去年少了一半。""",0
"""这种新型材料比传统塑料更环保。""",0
"""邻居家的狗每天晚上都叫，影响休息。""",0
"""咖啡馆的WiFi速度太慢，根本没法用。""",0
"""地铁早高峰人挤人，每天都像打仗一样。""",0
"""这款洗发水去屑效果不错，推荐试试。""",0
"""最近迷上了烘焙，但做的蛋糕总是不够松软。""",0
"""小区里的健身器材坏了很久都没人修。""",0
"""这种新药对治疗失眠效果显著。""",0
"""快递员把包裹放在门口，差点被雨淋湿。""",0
"""很多人认为电子书不如纸质书有感觉。""",0
"""这家餐厅的招牌菜确实名不虚传。""",0
"""最近股市波动很大，投资需谨慎。""",0
"""这种新型电池充电速度提升了30%。""",0
"""天气预报说明天有大暴雨，记得带伞。""",0
"""办公室的空调开得太冷，容易感冒。""",0
"""这款游戏画面精美，但操作比较复杂。""",0
"""网上有人说这种减肥方法很有效，但医生不建议尝试。""",0
"""小区的垃圾分类做得越来越好了。""",0
"""这部电影的结局出乎意料，值得一看。""",0
"""最近工作压力大，每天都睡不好。""",0
"""这种新型口罩透气性更好，适合长时间佩戴。""",0
"""超市的酸奶买一送一，挺划算的。""",0
"""很多人觉得在家办公效率更高。""",0
"""这款相机的对焦速度非常快，适合拍运动场景。""",0
"""最近油价上涨，开车成本增加了不少。""",0
"""这家医院的挂号系统升级后更方便了。""",0
"""这种新推出的饮料口味很独特，但价格偏贵。""",0
"""公园里的樱花开了，吸引了很多游客。""",0
"""网上购物时要注意查看商品评价。""",0
"""这款笔记本电脑轻薄便携，适合商务人士。""",0
"""最近很多人在讨论房价会不会下跌。""",0
"""这种新型材料的耐磨性比传统材料更好。""",0
"""周末去图书馆看书，环境很安静。""",0
"""这款APP的用户界面设计得很简洁。""",0
"""听说下周有流星雨，准备晚上去看看。""",0
"""小区的保安最近换了一批新人。""",0
"""这款耳机降噪效果一流，但价格不菲。""",0
"""最近很多人开始在家种菜，自给自足。""",0
"""这种新政策对中小企业有利好影响。""",0
"""快递小哥将包裹放在门口后按了门铃就匆匆离开了。""",0
"""这家餐厅的招牌菜实在太咸，下次不会再点了。""",0
"""研究表明每天散步半小时能显著改善睡眠质量。""",0
"""电脑突然蓝屏，所有未保存的文件都丢失了。""",0
"""这个新出的手机游戏画面精美但操作太复杂。""",0
"""暴雨导致城市多条主干道积水严重。""",0
"""很多人都说这款洗发水防脱发效果很好。""",0
"""会议上领导反复强调要注重数据安全。""",0
"""阳台上的绿萝又长出了三片新叶子。""",0
"""这个牌子的空调制冷快但噪音有点大。""",0
"""医生说每天喝八杯水是个误区。""",0
"""超市里鸡蛋价格比上周涨了两块钱。""",0
"""路上看到有人遛一只特别大的金毛犬。""",0
"""这门编程语言入门简单但精通很难。""",0
"""图书馆的空调开得太冷容易感冒。""",0
"""新的隐私政策要求所有用户重置密码。""",0
"""公园里的樱花今年开得格外灿烂。""",0
"""这款蓝牙耳机续航时间超出预期。""",0
"""早高峰地铁车厢拥挤得喘不过气。""",0
"""网购的衣服色差太大准备退货。""",0
"""邻居家装修的电钻声从早上八点就开始了。""",0
"""最新研究显示夜猫子更容易发胖。""",0
"""楼梯间感应灯坏了三天没人修。""",0
"""这种新型材料可以承受极端温度。""",0
"""公交车上有人外放短视频很吵。""",0
"""健身房更衣室的锁柜总是不够用。""",0
"""项目经理说截止日期要提前一周。""",0
"""小区物业开始清理楼道堆积的杂物。""",0
"""这种新型电池充电速度提升40%。""",0
"""会议室投影仪又出现信号中断问题。""",0
"""咖啡馆的WiFi密码每月更换一次。""",0
"""很多人不知道微波炉不能加热金属。""",0
"""快递包装上的运单信息要记得撕毁。""",0
"""周末郊游遇到大雨全淋湿了。""",0
"""这款App突然要求太多隐私权限。""",0
"""专家建议午睡不要超过半小时。""",0
"""电梯里的消毒水味道特别刺鼻。""",0
"""网上流传的养生偏方大多不靠谱。""",0
"""停车场找车位转了整整二十分钟。""",0
"""键盘进水后有几个键不灵了。""",0
"""最新政策要求加强个人信息保护。""",0
"""奶茶店的优惠券总是用不完。""",0
"""出租屋的冰箱制冷效果越来越差。""",0
"""匿名调查报告显示员工满意度下降。""",0
"""这种新型涂料能让墙面自动清洁。""",0
"""地铁站新增了口罩自动售卖机。""",0
"""熬夜看完的小说结局令人失望。""",0
"""办公室打印机又卡纸了。""",0
"""共享单车座位高度调不动真麻烦。""",0
"""老年人使用智能手机常遇到困难。""",0
"""1. 今天天气真好，适合出去散步晒太阳。""",0
"""2. 这款手机电池续航能力惊人，充满能用两天。""",0
"""3. 专家建议每天喝八杯水有助于新陈代谢。""",0
"""4. 昨晚那场电影特效很棒，但剧情有点老套。""",0
"""5. 这个牌子的洗发水去油效果不错，性价比很高。""",0
"""6. 越来越多的人开始选择线上办公，效率反而提高了。""",0
"""7. 医生说多吃蔬菜水果对预防感冒有帮助。""",0
"""8. 这个城市的地铁系统非常发达，出行很方便。""",0
"""9. 最近学了一门新课程，感觉收获很大。""",0
"""10. 跑步机上运动半小时，全身都出汗了。""",0
"""11. 这家餐厅的招牌菜确实名不虚传，值得一试。""",0
"""12. 数据显示今年新能源汽车销量增长超过30%。""",0
"""13. 早上喝杯咖啡能提神，但别喝太多。""",0
"""14. 网购的快递三天就到了，物流速度给力。""",0
"""15. 这种新型材料比传统材料轻了50%，强度却更好。""",0
"""16. 小区里的健身器材该换了，有些已经生锈。""",0
"""17. 周末想去爬山，希望别下雨。""",0
"""18. 研究表明长期熬夜会影响记忆力。""",0
"""19. 这款游戏画面精美，就是操作有点复杂。""",0
"""20. 超市里的有机蔬菜虽然贵点，但吃着放心。""",0
"""21. 最近在学做蛋糕，第一次尝试就成功了。""",0
"""22. 新开的购物中心人山人海，停车位都难找。""",0
"""23. 这种新型电池充电速度比传统电池快三倍。""",0
"""24. 公园里的樱花开了，吸引了很多游客拍照。""",0
"""25. 专家提醒要注意保护个人隐私，别随意泄露信息。""",0
"""26. 这个季节最适合吃火锅，暖和又美味。""",0
"""27. 昨天打篮球不小心扭到脚，现在还有点疼。""",0
"""28. 现在的智能家居真的很方便，手机就能控制家电。""",0
"""29. 这种新型治疗方法对某些疾病效果显著。""",0
"""30. 周末大扫除，清理出好多不用的东西。""",0
"""31. 研究表明适量运动能有效缓解压力。""",0
"""32. 这本书的内容很实用，推荐给初学者。""",0
"""33. 最近迷上了瑜伽，感觉身体柔韧度提高了。""",0
"""34. 这个牌子的耳机音质清晰，降噪效果也不错。""",0
"""35. 天气预报说明天要降温，记得加衣服。""",0
"""36. 新政策出台后，很多人都开始关注环保问题。""",0
"""37. 昨天尝试了一道新菜谱，家人都说好吃。""",0
"""38. 现代科技让远程医疗成为可能，方便了很多患者。""",0
"""39. 公园里晨练的老人越来越多，氛围很好。""",0
"""40. 这种新型包装材料可降解，对环境更友好。""",0
"""41. 最近工作压力大，打算周末去郊外放松一下。""",0
"""42. 这个手机APP界面简洁，操作也很流畅。""",0
"""43. 专家建议成年人每天睡眠时间应保持在7-9小时。""",0
"""44. 小区里新装了监控摄像头，居民安全感提升了。""",0
"""45. 这次促销活动折扣力度很大，吸引了不少顾客。""",0
"""46. 最近迷上了盆栽，阳台上养了好几盆多肉。""",0
"""47. 数据分析显示今年旅游行业复苏明显。""",0
"""48. 这种新型建筑材料防火性能优异，安全性高。""",0
"""49. 周末去图书馆借了几本书，准备好好充充电。""",0
"""50. 医生说经常活动颈椎可以有效预防颈椎病。""",0
"""昨天超市的苹果打折，买了好几斤准备做果酱。""",0
"""这个软件更新后运行速度明显变快了，值得推荐。""",0
"""专家提醒冬季取暖要注意通风，避免一氧化碳中毒。""",0
"""隔壁小区昨晚发生了火灾，幸好无人受伤。""",0
"""这款手机电池续航一般，但拍照效果出乎意料的好。""",0
"""公园里的樱花开了，吸引了不少游客前来拍照。""",0
"""听说下周要降温，记得把厚衣服准备好。""",0
"""这种新型材料比传统金属轻一半，强度却更高。""",0
"""公交司机紧急刹车避免撞上突然跑出的行人。""",0
"""最近总失眠，打算试试睡前喝热牛奶的方法。""",0
"""春节假期高速公路免费通行时间已确定。""",0
"""这家餐厅的招牌菜确实不错，就是排队太久了。""",0
"""研究人员发现深海鱼类具有独特的发光机制。""",0
"""下午突然下暴雨，很多路人被困在地铁站。""",0
"""这款游戏剧情丰富，但操作对新手不太友好。""",0
"""小区门口新开了家便利店，营业到凌晨两点。""",0
"""医生建议每天步行半小时能有效改善亚健康。""",0
"""二手平台上有大量闲置家具低价转让。""",0
"""台风路径偏移，原定航班被迫取消。""",0
"""这种新型无人机续航达到三小时，刷新行业纪录。""",0
"""垃圾分类实施后，社区环境明显改善。""",0
"""熬夜看球赛导致第二天上班差点迟到。""",0
"""新能源汽车充电桩覆盖率今年将提升至80%。""",0
"""图书馆的自习室总是座无虚席，需要提前预约。""",0
"""快递员把包裹放在门口，结果被雨淋湿了。""",0
"""专家称适量饮用红茶有助于心血管健康。""",0
"""地铁新线路开通后，通勤时间缩短了二十分钟。""",0
"""这个牌子的洗发水去屑效果不错，就是有点贵。""",0
"""工地夜间施工噪音太大，居民多次投诉未果。""",0
"""春节期间电影院票房创下历史新高。""",0
"""这种新型路由器信号覆盖范围比旧款广得多。""",0
"""宠物医院提醒春季是宠物寄生虫高发期。""",0
"""网购的沙发与描述不符，正在联系客服退货。""",0
"""警察破获一起网络诈骗案，涉案金额巨大。""",0
"""健身房推出暑期特惠，年卡打七折。""",0
"""科学家在南极发现未知微生物物种。""",0
"""早高峰发生追尾事故，导致交通拥堵两小时。""",0
"""这款相机的夜景模式拍出来的照片非常清晰。""",0
"""房东突然要涨房租，租客表示难以接受。""",0
"""周末带孩子去科技馆，互动展区特别受欢迎。""",0
"""最新调查报告显示青少年近视率持续上升。""",0
"""这种新型建筑材料防火性能提升显著。""",0
"""超市促销员说这款牛奶明天就要涨价了。""",0
"""马拉松比赛当天空气质量不佳引争议。""",0
"""智能音箱有时会误听指令让人哭笑不得。""",0
"""农田干旱严重，农民正积极采取灌溉措施。""",0
"""博物馆新展出的青铜器吸引了大批参观者。""",0
"""这种新型止痛药副作用比传统药物小很多。""",0
"""电商平台年中大促即将开始，优惠力度空前。""",0
"""小区健身器材年久失修，存在安全隐患。""",0
"""专家预测今年夏季气温可能创历史新高。""",0
"""1. 今年春节假期国内旅游人次预计突破4亿，各地景区已做好接待准备。""",0
"""2. 这款手机电池续航惊人，重度使用也能坚持一整天。""",0
"""3. 专家建议每天保持30分钟运动，有助于提高免疫力。""",0
"""4. 昨晚那场电影太精彩了，特效和剧情都无可挑剔。""",0
"""5. 新开的川菜馆味道正宗，辣度可以选择适合不同人群。""",0
"""6. 研究发现每天喝两杯咖啡可能降低患糖尿病的风险。""",0
"""7. 这种新型材料比传统塑料更环保，降解时间缩短了80%。""",0
"""8. 最近股市波动较大，投资者需谨慎操作。""",0
"""9. 小区里的流浪猫越来越多了，该不该投喂引发热议。""",0
"""10. 这款游戏画质精美，但操作有点复杂需要时间适应。""",0
"""11. 暴雨导致多条道路积水，提醒市民注意出行安全。""",0
"""12. 这个牌子的空调制冷效果不错，就是价格偏高。""",0
"""13. 研究表明睡前玩手机影响睡眠质量，建议提前一小时放下设备。""",0
"""14. 这家网店的客服响应速度很快，解决问题也很专业。""",0
"""15. 新能源汽车销量持续增长，充电桩建设还需加快。""",0
"""16. 周末去爬山是个不错的选择，既能锻炼又能放松心情。""",0
"""17. 这个护肤品的保湿效果很好，适合干燥季节使用。""",0
"""18. 地铁新线路开通后，上班通勤时间缩短了半小时。""",0
"""19. 专家提醒老年人冬季要注意保暖，预防心脑血管疾病。""",0
"""20. 这个季节最适合吃火锅了，热腾腾的感觉特别棒。""",0
"""21. 警方提醒市民谨防假冒快递员进行诈骗的新手法。""",0
"""22. 这款相机的夜间拍摄效果令人惊艳，噪点控制得很好。""",0
"""23. 研究表明经常喝茶可能有助于降低胆固醇水平。""",0
"""24. 超市里的有机蔬菜价格是普通蔬菜的两到三倍。""",0
"""25. 共享单车停放混乱问题需要多方共同解决。""",0
"""26. 最近在读一本关于人工智能的书，内容很有启发性。""",0
"""27. 这家健身房器材齐全，就是高峰时段人有点多。""",0
"""28. 高温天气将持续一周，建议避免正午时段外出。""",0
"""29. 新上映的动画片很适合全家一起观看，情节温馨有趣。""",0
"""30. 这款扫地机器人清扫效率高，但边角处理还有提升空间。""",0
"""31. 医生建议每天喝够八杯水，保持身体水分平衡。""",0
"""32. 网购退货流程越来越便捷，大部分商品支持七天无理由。""",0
"""33. 这个季节花粉浓度高，过敏人群要注意防护。""",0
"""34. 新型无人机航拍画质达到专业级别，操作却很简单。""",0
"""35. 今年高校毕业生人数创新高，就业市场竞争激烈。""",0
"""36. 这款枕头对颈椎压力小，睡眠质量有明显改善。""",0
"""37. 城市垃圾分类实施一年来，居民参与度逐步提高。""",0
"""38. 这家面包店的招牌吐司口感松软，每天都排长队。""",0
"""39. 专家称适量吃坚果有益心脏健康，但要注意控制分量。""",0
"""40. 周末音乐节吸引数万观众，现场气氛非常热烈。""",0
"""41. 这款电动牙刷的清洁效果比手动刷牙提升明显。""",0
"""42. 夏季用电高峰将至，电力公司呼吁节约用电。""",0
"""43. 新发布的编程语言更简洁高效，学习曲线平缓。""",0
"""44. 小区里有人遛狗不拴绳，引发邻里矛盾。""",0
"""45. 这款即热饮水机三秒出热水，温度可自由调节。""",0
"""46. 今年流感疫苗供应充足，建议高风险人群接种。""",0
"""47. 这家餐厅的招牌菜确实名不虚传，值得一试。""",0
"""48. 共享充电宝收费上涨引发消费者不满。""",0
"""49. 研究表明规律作息有助于提高工作效率。""",0
"""50. 这款无线耳机降噪效果出色，长时间佩戴也很舒适。""",0
"""1. 王小明先生的账单已发送至他的邮箱wangxiaoming@example.com，信用卡尾号3456将用于自动扣款。""",1
"""2. 紧急联系李女士，电话186-1234-5678，地址：北京市朝阳区光华路8号。""",1
"""3. 张伟的社保号码789-56-1234需在周五前更新至系统。""",1
"""4. 订单确认：刘芳，+86-138-0000-1111，配送至上海市浦东新区张江高科技园区科苑路88号。""",1
"""5. 用户反馈：赵敏，信用卡1234-5678-8765-4321过期，请尽快处理。""",1
"""6. 员工档案：陈刚，身份证号110105199001011234，部门：财务部。""",1
"""7. 投诉处理中：顾客王丽，电话(010) 5555-6789，订单号#2023XYZ。""",1
"""8. 周杰的会员信息更新：新地址杭州市西湖区文三路369号，电话159-8888-9999。""",1
"""9. 发票开具给林涛，税号912301234567890，金额¥2,500。""",1
"""10. 吴女士的快递已发货，收件人电话+1-415-555-1234，单号SF123456789。""",1
"""11. 紧急！账户异常登录：用户名李明，IP 192.168.1.1，最后一次交易卡号尾号9012。""",1
"""12. 客户服务记录：孙小姐反馈订单未到，联系方式137-1234-5678，地址广州市天河区体育西路1号。""",1
"""13. 预约确认：杨先生，(021) 8765-4321，5月20日15:00牙科诊所。""",1
"""14. 会员卡绑定：徐丽丽，卡号9988776655443322，有效期12/25。""",1
"""15. 物流通知：收货人王磊，电话188-0000-2222，北京市海淀区中关村大街1号。""",1
"""16. 退款处理：订单号#2023ABC，原支付卡6011-2345-6789-0123，退款金额¥899。""",1
"""17. 员工培训签到：刘强，工号EMP2023，联系方式156-7890-1234。""",1
"""18. 客户投诉升级：张女士，邮箱zhangli@example.com，订单问题需优先处理。""",1
"""19. 物业费通知：业主周华，房间号5栋302，电话139-5678-1234。""",1
"""20. 数据泄露警报：部分用户信息曝光，含姓名如“陈小红”和电话前缀130****4567。""",1
"""21. 快递丢失索赔：收件人黄伟，单号YT987654321，联系电话177-1234-5678。""",1
"""22. 信用卡申请：申请人马丽，年收入¥200,000，住宅地址成都市锦江区春熙路1号。""",1
"""23. 系统提示：用户ID“Wang_2023”绑定的手机151-5555-6789未验证。""",1
"""24. 会议邀请：参会者赵先生，公司邮箱zhaodong@company.com，需携带工牌。""",1
"""25. 水电费账单：户主姓名刘洋，户号987654321，金额¥356.20。""",1
"""26. 警方通告：寻人启事，姓名“吴芳芳”，最后联系号码158-3333-4444。""",1
"""27. 航班预订确认：乘客姓名Li Xia，护照号G12345678，航班CA123。""",1
"""28. 银行提醒：尾号5678的卡在境外消费¥5,000，确认电话138-8888-9999。""",1
"""29. 疫苗接种登记：儿童姓名张乐乐，家长电话186-1234-0000，社区医院预约。""",1
"""30. 酒店入住信息：客人姓名Mr. Smith，房间号508，联系方式+852-9876-5432。""",1
"""31. 快递拦截请求：收件人王芳，原单号JD123456789，新地址深圳市南山区科技园1号。""",1
"""32. 客服通话录音：客户抱怨配送延迟，提供卡号尾号7890要求补偿。""",1
"""33. 员工离职交接：姓名周涛，工号EMP456，个人物品需清退。""",1
"""34. 电商评价：用户“Linda_Z”留差评，订单支付卡6011-****-****-7890。""",1
"""35. 家长会通知：学生姓名陈小明，家长联系方式135-6666-7777。""",1
"""36. 物业维修申报：业主姓名李建国，门牌号3单元502，电话150-1234-5678。""",1
"""37. 保单更新：被保险人姓名孙丽，保单号P1234567890，受益人为配偶。""",1
"""38. 外卖订单：顾客“王先生”，送餐地址南京市鼓楼区北京西路2号，电话181-2345-6789。""",1
"""39. 系统错误日志：用户ID“ZhangSan”尝试绑定无效卡号4111-xxxx-xxxx-1111。""",1
"""40. 租房合同签署：租客姓名刘洋，身份证号310xxx199002021234，押金¥5000。""",1
"""41. 快递员备注：收件人电话159-1234-5678要求放快递柜，地址杭州市余杭区文一西路1号。""",1
"""42. 会员积分兑换：账户名“Lucy_Li”，绑定手机138-0000-1234，兑换礼品卡。""",1
"""43. 停车费逾期通知：车牌京A12345，车主电话136-7890-1234，欠费¥80。""",1
"""44. 客户调研回访：参与者姓名赵静，邮箱zhaojing@mail.com，赠品已寄出。""",1
"""45. 设备报修：使用人姓名王刚，联系电话187-5555-6789，设备序列号SN987654。""",1
"""46. 学校通知：学生姓名吴昊，家长需确认电话188-1234-5678是否有效。""",1
"""47. 电商退货：订单号#2023XYZ，退货人姓名林小姐，退款至原卡6217-****-****-8888。""",1
"""48. 招聘面试安排：候选人姓名张伟，联系电话182-3456-7890，面试时间5月25日。""",1
"""49. 物业公告：业主姓名陈先生，车位号B区12号，请挪车电话150-5555-6789。""",1
"""50. 系统警告：检测到异常登录尝试，账号关联邮箱lihua_2023@example.com，IP地址异常。""",1
"""（注：以上所有个人信息均为虚构，仅用于示例演示。）""",1
"""李伟华，身份证号 310105198802143456，请尽快更新您的邮寄地址至上海市浦东新区张江路123弄45号。""",1
"""王女士，您尾号7890的信用卡将于本月25日自动还款5,280元，手机号13812345678已验证。""",1
"""紧急通知：张明的社保号678-12-3456关联的医保卡出现异常消费，请联系客服+86-10-87654321。""",1
"""发票抬头：北京科技有限公司，纳税人识别号91110108MA12345678，金额¥12,800。""",1
"""赵芳的快递已发至杭州市西湖区文三路456号，派送电话15987654321，单号SF1234567890。""",1
"""【支付宝】验证码8821，切勿泄露！王志强先生，账号绑定手机182****4321。""",1
"""刘东的会员资料需补全：出生日期1990/05/12，电子邮箱liudong_90@example.com。""",1
"""周小姐，您预约的体检需携带身份证（如：110108199509087654）至朝阳医院三楼。""",1
"""*虚构提示：以上所有信息均为模拟数据，与实际人物无关*""",1
"""招聘简历：陈默，电话(+852) 9876-5432，工作经历见LinkedIn: linkedin.com/in/chenmo-sample。""",1
"""成都客户反馈：配送地址误填为青羊区蜀汉路789号，正确门牌应为10栋202，联系人王莉 18765432109。""",1
"""【银行提醒】尾号3456的储蓄卡于15:42支出￥3,600，可疑操作请拨95588转人工。""",1
"""张翔宇（护照号E12345678）的航班改签至8月20日，确认码：XL9K2P。""",1
"""物业费通知：业主张海燕，房号B座2103，欠费¥2,400，缴费截止日2023/11/30。""",1
"""微博私信@用户“阳光小刘”：你的收货电话18312348765有误，请私信更新。""",1
"""奖学金申请表示例：姓名吴晓，学号202312345，开户行6217 1234 5678 9012。""",1
"""淘宝订单异常：收货人“林小姐 150-1234-5678”，物流单号YT4567890123停滞。""",1
"""上海户籍登记：新生儿姓名陆天佑，出生证明编号SH2023BJ876543。""",1
"""【系统警报】检测到员工ID 02468（黄美玲）多次登录异常IP。""",1
"""王建军医师预约成功：3月15日9:00，就诊卡号CYHZ198712345。""",1
"""*所有数据均为虚构，仅用于测试*""",1
"""遗失声明：李明，驾驶证号220104197801015678，声明作废。""",1
"""京东售后：订单号JD123456789，联系人赵先生 17612340987，退货地址已更新。""",1
"""法院传票样本（模拟）：被告人周涛，身份证号320102197605154321，案号(2023)苏0102民初1234号。""",1
"""校友登记：杨雪，2005届，现居广州天河区体育西路88号，微信yangxue2005。""",1
"""信用卡挂失录音记录：客户口述卡号4916-2804-9012-345X，有效期08/28。""",1
"""Airbnb预订确认：房东李小姐 +33 6 12 34 56 78，巴黎公寓入住码#789012。""",1
"""疫苗接种登记：儿童姓名田乐乐，父母联系电话13987654321，社区医院编号BJ-CH-2023-123。""",1
"""快递面单示例：收件人“陈先生 0755-87654321”，深圳南山区科技南一路12号。""",1
"""【教务处】学籍异动：刘芳芳（学号202010001）休学申请已批准。""",1
"""*虚构声明：任何相似信息纯属巧合*""",1
"""微博抽奖活动：中奖者@王小虎_88 请私信收货信息，需提供身份证后四位（如：1234）。""",1
"""房产合同附录：买方孙伟，身份证号372901198303076543，首付款¥1,200,000。""",1
"""客户投诉记录：订单号TP789012，王女士 021-12345678 反映物流延迟。""",1
"""出入境登记表示例：姓名ALEX SMITH，护照号USA98765432，中国住址北京朝阳区亮马桥路1号。""",1
"""微信转账备注：房租（2023年10月），户名张阿姨，卡号6230 1234 5678 9012。""",1
"""【HR系统】员工刘强，工号EMP-7890，紧急联系人王兰 15678901234。""",1
"""水电费账单：户号SHWSD123456，户主周明，地址闵行区虹莘路2000弄30号501室。""",1
"""粉丝见面会报名：实名认证需提交身份证（如：410105199909091234）及电话18812341234。""",1
"""健身房会员协议：乙方李晓峰，联系方式132-1234-5678，冻结条款见第8条。""",1
"""*全部内容均为模拟数据生成*""",1
"""快递异常预警：收件人电话15812345678空号，地址“武汉市洪山区珞瑜路789号”需核实。""",1
"""股东会议通知：持股人ID STK-456（姓名隐藏），股权证号123-456-789，需现场签到。""",1
"""学术会议回执：Dr. Li Wei，机构邮箱lw_sample@univ.edu，住宿要求双人房。""",1
"""李明的信用卡号是4532-8765-9123-4567，到期日期为05/26，CVV为123。""",1
"""请将包裹寄到北京市朝阳区光华路8号，收件人王芳，电话138-1234-5678。""",1
"""张伟的社保号码是678-90-1234，出生日期1985年7月15日。""",1
"""紧急联系人：刘强，手机号+86-159-8765-4321，备用邮箱liuqiang@example.com。""",1
"""您的订单确认号为#789456，配送至上海市浦东新区张江路123弄45号，赵六收。""",1
"""周杰的借记卡后四位是7890，绑定电话187-6543-2109。""",1
"""发票抬头：陈晨科技，税号912345678901234，金额5200元。""",1
"""王女士的会员ID：AC789X2Z，预留手机151-2222-3333。""",1
"""遗失证件：王小燕，身份证号310************1234，请联系021-87654321。""",1
"""快递单号SF123456789，收货人林涛，地址广州市天河区体育西路88号。""",1
"""紧急！张磊的账户异常登录，最后使用IP：192.168.1.45，电话核实180-0000-9999。""",1
"""招聘简历投递至hr@company.com，标题格式“姓名_岗位_电话”，例如“杨光_工程师_139-8888-7777”。""",1
"""酒店预订确认：Guest Name: Lisa Zhang, Room 1205, Check-in 15/08, Card ****-****-****-3456。""",1
"""刘东的护照号G12345678，紧急联系人电话+1-415-555-1234。""",1
"""水电费账单：户号77889900，户主黄伟，地址成都市锦江区红星路三段1号。""",1
"""微博私信：“我是用户@开心果，手机156-7890-1234，请尽快回电。”""",1
"""信用卡挂失：卡号末尾8912，持卡人孙丽，有效期09/25。""",1
"""家长联系方式：学生姓名周小雨，父亲周强138-7654-3210。""",1
"""快递备注：“放门口快递柜，密码2580，收件人吴敏。”""",1
"""会员注册表：姓名李娜，邮箱lina@mail.com，身份证号320*********5678。""",1
"""银行短信提醒：尾号4321卡支出200元，余额5000，有问题拨955**。""",1
"""租房合同：房东王建国，身份证号110************9876，电话150-1234-5678。""",1
"""订单备注：“发票开票名：张思科技，税号123456789，电话021-12345678。”""",1
"""求职申请表：应聘者赵琳，现居住地深圳市南山区科技园路1号，电话178-1234-5678。""",1
"""微博评论：“帮我查下物流，单号YT5678901234，电话177-8888-9999。”""",1
"""医院挂号信息：患者姓名陈浩，病历号20230815001，电话139-8765-4321。""",1
"""快递面单破损：仅可见“收件人电话…189-1111-2222…地址…杭州市…”。""",1
"""客户投诉记录：订单号789123，客户马芳，投诉内容已发送至mfang@email.com。""",1
"""学校通知：“家长您好，李明同学缺勤，请回电班主任张老师136-0000-1111。”""",1
"""转账凭证：付款方账号622588******1234，收款方王伟，金额500元。""",1
"""外卖订单：送餐至南京市鼓楼区北京西路2号，刘女士，电话138-9999-8888。""",1
"""物业费通知：单元5栋202，业主姓名周华，欠费1200元。""",1
"""社交平台私信：“我是Alex Wang，我的微信号Wang_Alex_123，加我详谈。”""",1
"""快递异常提醒：单号JD7890123456，收件人电话空号，地址“朝阳区**花园A座”。""",1
"""会议签到表：姓名李哲，公司ABC科技，联系方式186-1234-5678。""",1
"""信用卡促销短信：“尊敬的尾号7890用户，您本月消费满3000可抽奖。”""",1
"""病历本遗失：患者姓名吴晓，病历号M202300123，请联系医院总机010-87654321。""",1
"""租房广告：“朝阳区两居室出租，联系人赵先生，电话+86-135-1234-5678。”""",1
"""银行验证短信：“验证码8845，切勿泄露！尾号0987卡正在修改手机号。”""",1
"""电商退货申请：订单号TB123456，退货人林小美，地址福州市鼓楼区八一七路1号。""",1
"""快递代收点通知：“王先生，包裹到货，取件码3690，电话未接。”""",1
"""家长群公告：“请未填表的家长提交孩子身份证号后四位，如：****1234。”""",1
"""酒店入住登记：客人姓名David Li，护照号E9876543，房间号508。""",1
"""电话客服记录：“客户王芳来电要求重置密码，验证邮箱fangwang@example.com。”""",1
"""快递丢件索赔：运单号STO123456789，物品价值5000元，寄件人张伟138-1234-5678。""",1
"""会员卡办理：持卡人姓名刘洋，卡号VIP123456，绑定电话156-7890-1234。""",1
"""简历附件：“求职者姓名：周涛，期望薪资面议，电话139-8765-4321。”""",1
"""派出所通告：“拾到身份证，姓名部分模糊显示‘张*强’，请认领。”""",1
"""网购评价：“物流慢！订单号DD123456，收货人电话188-1111-2222。”""",1
"""停车费通知：车牌京A12345，欠费150元，车主电话138-7654-3210。""",1
"""（注：所有个人信息均为虚构，仅用于示例演示。）""",1
"""为避免隐私问题，以下所有信息均为虚构示例：""",1
"""张伟的电话是(010) 8765-4321，请尽快回复。""",1
"""李娜的信用卡号是5213-8901-2345-6789，有效期05/28。""",1
"""紧急联系人：王芳，地址北京市朝阳区光华路8号，电话138-1234-5678。""",1
"""发票抬头：陈明，身份证号110105199001011234。""",1
"""您的订单确认码是7788，尾号9012的卡已扣款¥299。""",1
"""刘东的社保号是678-90-1234，请妥善保管。""",1
"""快递收件人：赵雪，+86-159-8765-4321，上海市浦东新区张江路123弄。""",1
"""王莉的会员账户绑定了卡号****-****-****-3456，到期日12/25。""",1
"""故障申报：李明，联系电话022-87654321，地址天津市南开区卫津路92号。""",1
"""周华的邮箱zhouchunhua@example.com，密码重置链接已发送。""",1
"""紧急！吴芳的护照号G12345678将于下周过期。""",1
"""张磊的驾驶证档案编号京A-987654321，需更新。""",1
"""员工档案：孙静，工号SH-2023-789，手机186-0000-1111。""",1
"""客户反馈：王勇，卡号尾号7890，订单号JD-202303456。""",1
"""刘芳的医保卡号BJ-123456789，定点医院需变更。""",1
"""预约成功：李晓，身份证后四位5678，时间5月20日14:00。""",1
"""投诉工单：杨光，电话400-123-4567，订单号TB-789012。""",1
"""房东收款账户：王刚，建行卡6217-0023-4500-9876。""",1
"""周敏的住址变更为广州市天河区天河北路456号，邮编510630。""",1
"""您的验证码是3344，绑定手机+1-415-555-1234。""",1
"""学生档案：张婷婷，学号2023BJU456，家长电话135-8888-9999。""",1
"""王强，您的车牌京N-AB123需补缴罚款，金额¥200。""",1
"""李娜的会员ID：LN1988，默认配送地址杭州市西湖区文三路369号。""",1
"""刘伟的电表户号87654321，欠费¥156.30。""",1
"""赵明的医保报销单号ZY-2023-789，金额¥1280。""",1
"""酒店预订：陈晨，护照号E9876543，入住日期5月15日。""",1
"""张丽的淘宝账号zhangli@example.com，绑定手机139-1234-5678。""",1
"""遗失声明：王芳的身份证110223198802021234作废。""",1
"""客户王磊，发票税号91330105MA28YH1234，金额¥899。""",1
"""周华的航班CA1234，座位12A，联系电话188-1111-2222。""",1
"""李静的快递单号SF-9876543210，派送中。""",1
"""王先生的会员卡余额¥256，卡号VIP-789012。""",1
"""刘东的宽带账号LIUDONG789，故障报修电话10086。""",1
"""张伟的体检报告编号TJ-2023-456，领取截止5月30日。""",1
"""杨女士的信用卡消费提醒：尾号3456，金额¥568。""",1
"""王勇的驾驶证扣分已满12分，档案号BJ-123456。""",1
"""李娜的租房合同编号ZL-2023-789，房东电话150-1234-5678。""",1
"""学生王小明的家长联系方式：父亲王强，183-0000-1111。""",1
"""周华的快递已签收，单号YT-123456789，签收人代收。""",1
"""刘芳的邮箱liufang@example.com密码已重置为新密码Flower123。""",1
"""张先生的社保卡挂失，原卡号SH-123-456-789。""",1
"""王丽的航班MU5678延误，联系电话+852-9876-5432。""",1
"""李明的病历号PT-2023-123，复诊日期6月10日。""",1
"""客户投诉：赵静，订单号PDD-789012，要求退款至卡尾号6789。""",1
"""杨光的快递地址更新为深圳市福田区深南大道1001号。""",1
"""张伟的信用卡分期申请已通过，卡号****-****-****-7890。""",1
"""王芳的体检预约号YT-456789，时间5月25日9:00。""",1
"""刘东的水费账户号BJ-WS-123456，欠费¥89.50。""",1
"""周敏的护照有效期至2025-06-30，护照号EA1234567。""",1
"""李娜的会员积分剩余2560分，绑定手机139-8765-4321。""",1
"""王先生的报警回执编号GA-2023-789，案情记录中。""",1
"""张丽的电子发票代码12345678，金额¥599。""",1
"""张伟的信用卡号是5432-8765-2109-4567，到期日12/25，CVV 789。请尽快处理付款。""",1
"""李娜的订单寄到北京市朝阳区建国路88号，电话是+86-138-1122-3344。""",1
"""王女士的社保号码是456-78-9123，出生日期1985年3月15日。""",1
"""紧急通知：赵明的账户1357-2468-9876-5432出现异常交易。""",1
"""周先生，您的话费账单已发送至zhou@example.com，尾号9012的卡将扣款199元。""",1
"""身份证号310105199002145678，联系人刘芳，手机15987654321。""",1
"""请确认收货地址：上海市浦东新区张江路123弄45号601室，收件人吴刚。""",1
"""林小姐的会员卡号后四位是6789，联系电话021-55667788。""",1
"""王磊的护照号码E654321，紧急联系人电话+1-415-555-1234。""",1
"""快递单号SF123456789，收件人孙丽，电话18765432109。""",1
"""发票抬头：李晓燕，税号913101045678901234，金额¥2,800。""",1
"""陈先生，您尾号4321的信用卡于5月20日消费¥5680。""",1
"""招聘登记：杨华，住址广州市天河区体育西路456号，身份证440106198808083456。""",1
"""失物招领：捡到钱包，内有姓名“黄伟”驾照，电话13800138000。""",1
"""张女士的航班确认码是AB12CD，护照号G12345678，座位23A。""",1
"""医疗预约：患者周杰，病历号987654，电话18612349876。""",1
"""租房合同签署人：刘强，身份证号320102197512123456，押金¥6000。""",1
"""李芳的PayPal账户关联卡号3782-822463-10005，账单地址同上次。""",1
"""中奖通知：王静，手机+852-9876-5432，请提供银行账号领取奖金。""",1
"""快递异常：收件人“徐敏”电话空号，地址苏州市工业园区星湖街999号。""",1
"""银行提醒：尾号7890的账户收到来自（86）139-8765-4321的转账。""",1
"""问卷调查获奖者：马涛，身份证号110108199909091234，奖品寄送至北京市海淀区中关村南大街5号。""",1
"""会议签到：姓名赵雪，公司ABC科技，联系电话010-87654321。""",1
"""网购退货：订单号DD20231123456，退款至卡号6227-8912-3456-7890。""",1
"""客户投诉：会员卡号CX88889999，持卡人郑东，电话未接听。""",1
"""水电费账单：户号87654321，户主姓名吴秀英，地址南京市鼓楼区汉口路22号。""",1
"""张先生的驾驶证号320123198004056789，违章罚款未缴纳。""",1
"""物流更新：包裹由王力宏（电话+886-912-345678）签收。""",1
"""酒店预订确认：宾客林小玉，入住日期12/24，信用卡担保尾号3456。""",1
"""保险理赔：报案号BJ202300123，被保险人刘伟，保单号P1234567890。""",1
"""员工档案：工号EMP456，姓名陈晨，社保号123-45-6789，部门HR。""",1
"""信用卡挂失：持卡人姓名孙光明，卡号4916-7532-9012-3456失效。""",1
"""家长通知：学生王乐乐，学号STU789，监护人电话15012345678。""",1
"""物业费催缴：业主姓名周华，房号8栋902，欠费¥2,340。""",1
"""快递拒收：收件人“李明”电话15987654321要求改址至深圳市福田区深南大道6001号。""",1
"""微博私信：@用户王小虎，您的中奖信息需提供身份证号410105199510103456。""",1
"""贷款审批：申请人姓名杨光，月收入¥15,000，身份证号已上传系统。""",1
"""会员注册成功：用户名“张星星”，绑定手机17898765432，积分卡号MB123456。""",1
"""设备报修：序列号SN87654321，客户姓名周涛，联系电话13712344321。""",1
"""出入境登记：护照号PE1234567，国籍中国，航班号CA123。""",1
"""客服记录：客户反馈订单7890错误扣款，持卡人姓名赵月。""",1
"""疫苗接种：预约号VAC202312345，受种者姓名钱多多，身份证号330102200001011234。""",1
"""租房押金退还：租客姓名刘洋，银行卡号6217-8532-9876-5432。""",1
"""快递丢失索赔：运单号YT87654321，寄件人王芳，联系方式必填。""",1
"""校友登记：姓名孙翔，入学年份2005，现联系方式18600001111更新。""",1
"""发票作废申请：原发票号INV202300123，开票方“李丽”，税号错误需更正。""",1
"""信用卡升级邀请：尊敬的尾号1122客户王建国，您符合白金卡条件。""",1
"""设备激活：IMEI号123456789012345，用户姓名周晓，激活日期2023-11-11。""",1
"""社区通知：住户姓名黄小波，门牌号3-502，请领取快递。""",1
"""体检报告领取：患者姓名杨雪，病历号PT987654，带身份证办理。""",1
"""注意：以上所有个人信息均为虚构，仅用于示例展示，与实际存在的个人或数据无关。""",1
"""Understood. Below are 50 fictional text snippets containing made-up PII for classifier testing purposes. All data is entirely fabricated:""",1
"""1. 张伟的手机号是(861) 555-0198，地址：北京市朝阳区光华路8号。""",1
"""2. 李娜的信用卡号是4512-7890-1234-5678，有效期至05/26。""",1
"""3. 紧急：王芳的社保号678-91-2345被盗，请立即冻结账户。""",1
"""4. 发票抬头：刘强，地址：上海市静安区南京西路1376号，电话18612345678。""",1
"""5. 用户反馈：赵敏的订单未收到，联系方式+86-138-7654-3210。""",1
"""6. 报销单填写：身份证号11010519900307221X，银行卡6217-0000-8901-2345。""",1
"""7. 快递寄往：陈浩，深圳市福田区深南大道5001号，电话0755-87654321。""",1
"""8. 王丽的会员卡后四位是9012，手机182****1234验证。""",1
"""9. 周杰的邮箱zhoujie@example.com关联了信用卡****-****-****-3456。""",1
"""10. 客户投诉：李斌的账户（身份证号310227198512123456）被误扣费。""",1
"""11. 紧急联系人：吴芳芳，电话(+86) 150-1234-5678。""",1
"""12. 订单确认：收件人孙伟，地址广州市天河区体育西路103号。""",1
"""13. 张丽的社保号末尾6789需核对，出生日期1988-07-15。""",1
"""14. 王刚的护照号G12345678，航班预订确认。""",1
"""15. 技术支持：请回复验证码7788至刘涛的手机131****0000。""",1
"""16. 发票信息：纳税人识别号91310101MA1F9ABC12。""",1
"""17. 物流通知：包裹派送至杨光，成都市锦江区红星路三段1号。""",1
"""18. 账户异常登录：IP关联到李明，电话18912345678。""",1
"""19. 周华的电费单地址：杭州市西湖区文三路456号。""",1
"""20. 预约确认：患者王晓燕，医保卡号A123456789。""",1
"""21. 银行提醒：尾号4321的卡在异地消费5000元。""",1
"""22. 客户王磊的邮箱wanglei@example.com未验证。""",1
"""23. 快递丢失索赔：单号SF123456789，收件人赵雪。""",1
"""24. 张勇的驾驶证号110221199001011234需更新。""",1
"""25. 李静的会员账户绑定手机+1-415-555-0123。""",1
"""26. 报销凭证：票据号BJ20230001，金额1200元。""",1
"""27. 订单异常：收货电话178****8888地址不符。""",1
"""28. 刘芳的身份证复印件已上传，有效期至2030年。""",1
"""29. 客户投诉：王鹏的订单未发货，紧急联系电话13987654321。""",1
"""30. 物业费通知：业主陈明，房间号8栋1203。""",1
"""31. 周明的快递单号YT987654321，派送延迟。""",1
"""32. 李伟的信用卡过期，新卡邮寄至南京市鼓楼区北京西路2号。""",1
"""33. 张燕的体检报告关联手机号158****9999。""",1
"""34. 酒店预订：入住人林涛，护照号E98765432。""",1
"""35. 王丽的医保卡消费记录异常，卡号H876543210。""",1
"""36. 客户服务：刘东的订单支付失败，卡号5500-****-****-1234。""",1
"""37. 面试安排：候选人杨阳，联系电话021-58765432。""",1
"""38. 张健的会员积分过期，绑定邮箱zhangjian@example.com。""",1
"""39. 物流签收：李娜代收，身份证号410105199202023456。""",1
"""40. 电费账户：户号1234567890，户主王芳。""",1
"""41. 机票预订：乘客赵琳，护照号G34567890。""",1
"""42. 客户王浩的地址变更：新址天津市南开区卫津路92号。""",1
"""43. 信用卡挂失：尾号7890，持卡人姓名吴敏。""",1
"""44. 张丽的会员卡号M1234567890积分即将清零。""",1
"""45. 快递备注：放门口，收件人电话137****2222。""",1
"""46. 李强的社保缴费记录异常，账号123-45-6789。""",1
"""47. 会议室预约：联系人刘洋，分机号8001。""",1
"""48. 客户反馈：订单号DD2023001，收货人电话186****3333。""",1
"""49. 王静的医疗预约：病历号PAT20230001。""",1
"""50. 张伟的快递破损，退货地址：武汉市洪山区珞喻路1037号。""",1
"""所有数据均为虚构，仅用于测试用途。""",1
"""1. 王小明，身份证号 310105198807124321，请尽快联系客服热线 400-123-4567 处理您的订单问题。""",1
"""2. 您的信用卡尾号 3456 于今日在京东消费 ￥568.90，如有疑问请联系 +86-138-1234-5678。""",1
"""3. 张伟先生，住址：上海市浦东新区张江路123弄45号，您的快递已送达，请签收。""",1
"""4. 李娜女士，您的社保号码 123-45-6789 需要更新，请登录系统确认。""",1
"""5. 紧急通知：刘芳的银行卡 6222-8888-9999-1234 疑似被盗刷，请立即致电 (021) 8765-4321。""",1
"""6. 王磊，手机号 15912345678，您的会员卡积分即将到期，请尽快兑换。""",1
"""7. 陈静，邮箱 chenjing@example.com，您的订单 #7890 已发货，物流单号 SF1234567890。""",1
"""8. 您的账户 6217-1234-5678-9012 于 10:30 转账 ￥2000，收款人：赵强。""",1
"""9. 周涛，身份证后四位 4321，您的航班 MU1234 已改签，请确认。""",1
"""10. 紧急：张丽的电话号码 138-8765-4321 未接听，请速回电。""",1
"""11. 王志强，地址：北京市海淀区中关村大街1号，您的发票已开具，编号 FP20231123。""",1
"""12. 您的信用卡 4567-8901-2345-6789 本月账单应还 ￥3200，还款日 12/25。""",1
"""13. 刘洋，社保卡号 987-65-4321 需要激活，请携带身份证办理。""",1
"""14. 快递通知：收货人 李明，电话 18712344321，包裹已放至小区快递柜。""",1
"""15. 您的手机号 +86-139-0000-1111 已成功绑定新设备，如非本人操作请联系客服。""",1
"""16. 孙丽华，银行卡尾号 7890 的转账失败，请核对收款账号。""",1
"""17. 紧急：王刚的身份证 310227199001011234 需补交材料，逾期将影响业务办理。""",1
"""18. 您的订单 #4567 收货地址：广州市天河区体育西路88号，预计明日送达。""",1
"""19. 赵敏，电话 021-12345678，您的预约已确认，时间：12月15日 14:00。""",1
"""20. 周杰，邮箱 zhoujie@example.com，您的账户密码已重置，新密码为 TJ2023@。""",1
"""21. 张伟，信用卡 3782-822463-10005 消费 $150.00，商户：Amazon US。""",1
"""22. 您的医保卡号 123456789012345 即将到期，请尽快更新信息。""",1
"""23. 李雷，地址：深圳市南山区科技园路1号，您的设备保修将于月底截止。""",1
"""24. 王芳，手机 135-6789-1234，您的验证码是 8848，5分钟内有效。""",1
"""25. 紧急通知：刘东的护照号 E12345678 即将过期，请及时更换。""",1
"""26. 您的借记卡 6214-8623-9032-1245 于境外消费 €50.00，如非本人操作请挂失。""",1
"""27. 陈晨，身份证前六位 110101，您的社保缴费异常，请核查。""",1
"""28. 快递寄件人：杨光，电话 186-1234-5678，单号 YT987654321。""",1
"""29. 您的会员账号绑定手机 +1-415-555-1234 已修改，如非本人操作请申诉。""",1
"""30. 吴婷，信用卡有效期 05/25，请更新卡片信息以免影响使用。""",1
"""31. 张磊，地址：成都市武侯区人民南路四段1号，您的维修预约已取消。""",1
"""32. 您的支付宝账号 13800138000 收到转账 ￥500，附言：房租。""",1
"""33. 林娜，护照号 G87654321，您的签证申请需补充材料。""",1
"""34. 王浩，银行卡号 6230-5812-3456-7890 的快捷支付功能已开通。""",1
"""35. 紧急：李强的社保号码 345-67-8901 被锁定，需本人持身份证解锁。""",1
"""36. 您的订单联系人 赵雪，电话 150-1234-5678，配送时间调整为18:00后。""",1
"""37. 刘伟，邮箱 liuwei@example.com，您的会议链接已发送至邮箱。""",1
"""38. 张敏，身份证号 320102198505054321，您的贷款申请已通过。""",1
"""39. 您的信用卡 CVV 123 尝试多次输入错误，卡片已临时冻结。""",1
"""40. 周华，地址：南京市鼓""",1
"""李明的信用卡号是5432-8765-3210-9876，到期日期为12/25。""",1
"""请将包裹寄到北京市朝阳区光华路8号，收件人张小红，电话138-1234-5678。""",1
"""王先生的社保号码是678-90-1234，出生日期为1985年3月15日。""",1
"""订单确认：刘芳，信用卡末四位9012，配送至上海市浦东新区张江路100号。""",1
"""紧急联系：赵伟，+86-159-8765-4321，身份证号110105199002145678。""",1
"""发票抬头：陈静，公司地址：广州市天河区体育西路123号，电话020-87654321。""",1
"""客户投诉：订单号789456，持卡人孙丽，卡号3789-4567-1234-5678。""",1
"""会员注册：姓名周强，邮箱zhouqiang@example.com，手机号186-1234-5678。""",1
"""张女士的护照号G12345678，紧急联系人电话(010) 7654-3210。""",1
"""物流通知：收货人吴东，地址成都市锦江区春熙路45号，电话+86-28-8765-4321。""",1
"""王丽的医保卡号87654321，联系电话139-8765-4321。""",1
"""客户反馈：李明，订单号123456，邮箱liming@example.com，电话187-6543-2109。""",1
"""预约确认：患者姓名刘洋，身份证号310115198712345678，就诊时间2023-11-15。""",1
"""酒店预订：客人姓名陈晨，信用卡号6011-2345-6789-0123，入住日期12/20。""",1
"""快递收件人：杨光，地址深圳市南山区科技园路12号，电话0755-12345678。""",1
"""银行验证：账户持有人黄伟，卡号后四位3456，电话132-1234-5678。""",1
"""会员信息更新：姓名林娜，新地址杭州市西湖区文三路456号，电话0571-87654321。""",1
"""客户服务：张先生的订单使用卡号4916-7890-1234-5678，配送至南京市鼓楼区北京西路1号。""",1
"""紧急通知：患者王芳，病历号1234567890，联系电话138-7654-3210。""",1
"""发票信息：公司名星辰科技，税号123456789012345，联系人李雷，电话(021) 1234-5678。""",1
"""包裹追踪：收件人赵燕，单号SF123456789，电话+86-135-1234-5678。""",1
"""信用卡还款提醒：持卡人周华，卡号5189-7654-3210-9876，还款日11/30。""",1
"""客户资料：姓名吴晓，身份证号330102199001234567，地址宁波市海曙区中山西路123号。""",1
"""网络订单：刘东，支付宝绑定卡尾号7890，配送至武汉市洪山区珞瑜路456号。""",1
"""预约提醒：客户姓名郑秀，电话150-1234-5678，预约号A123456。""",1
"""银行交易通知：账户号6217-1234-5678-9012，持有人姓名徐明，交易金额500元。""",1
"""物流签收：收货人孙伟，地址西安市雁塔区小寨路123号，电话+86-29-87654321。""",1
"""会员卡申请：姓名杨丽，生日1988-05-20，联系方式136-1234-5678。""",1
"""客户投诉：订单号456789，持卡人姓名黄强，卡号6226-7890-1234-5678。""",1
"""配送信息：收货人林涛，地址厦门市思明区湖滨南路123号，电话0592-1234567。""",1
"""保险理赔：保单号P1234567890，被保险人姓名王刚，电话139-8765-4321。""",1
"""酒店入住登记：客人姓名张伟，护照号E12345678，联系方式+86-137-1234-5678。""",1
"""快递通知：收件人陈芳，地址长沙市岳麓区麓山南路123号，电话0731-87654321。""",1
"""信用卡激活：持卡人姓名刘伟，卡号4567-8901-2345-6789，激活电话400-123-4567。""",1
"""客户资料更新：姓名赵静，新电话号码158-1234-5678，地址青岛市市南区香港中路123号。""",1
"""订单确认：客户姓名周明，信用卡末四位1234，配送至天津市和平区南京路123号。""",1
"""预约服务：客户姓名吴芳，电话151-1234-5678，预约时间2023-12-01。""",1
"""银行开户：客户姓名李强，身份证号320102198503045678，联系电话138-7654-3210。""",1
"""物流配送：收件人王磊，地址大连市中山区人民路123号，电话+86-411-87654321。""",1
"""会员积分兑换：持卡人姓名张丽，卡号3456-7890-1234-5678，积分余额5000。""",1
"""客户咨询：订单号789123，联系人姓名孙明，电话159-1234-5678。""",1
"""发票开具：公司名称蓝天科技，税号987654321098765，联系人王涛，电话(0755) 2345-6789。""",1
"""包裹派送：收件人刘芳，地址哈尔滨市南岗区西大直街123号，电话0451-87654321。""",1
"""信用卡挂失：持卡人姓名陈伟，卡号6011-2345-6789-0123，挂失电话400-987-6543。""",1
"""客户反馈：姓名黄芳，订单号321654，联系电话137-1234-5678。""",1
"""保险申请：投保人姓名杨明，身份证号440102198712345678，电话136-7654-3210。""",1
"""酒店预订确认：客人姓名李娜，信用卡末四位5678，入住日期12/25。""",1
"""快递签收：收件人张强，地址济南市历下区泉城路123号，电话0531-1234567。""",1
"""银行转账通知：账户号6222-1234-5678-9012，持有人姓名王丽，转账金额1000元。""",1
"""客户服务请求：姓名周芳，联系电话158-7654-3210，订单号654321。""",1
"""注意：以上所有数据均为虚构，不涉及真实个人信息。""",1
"""1. 张伟的信用卡号 5421-9832-0765-4312 将于下月到期，请及时更新支付信息。""",1
"""2. 李娜女士，您的订单已发货，快递将送至北京市朝阳区建国路88号，联系电话 138-1234-5678。""",1
"""3. 紧急：王明的社保号 678-90-1234 可能被盗用，请立即联系客服 +1-202-555-0199。""",1
"""4. 周芳的会员账户绑定了尾号 7890 的信用卡，本月自动续费失败。""",1
"""5. 发票抬头：陈强，深圳市福田区深南大道1001号，电话 (0755) 8765-4321。""",1
"""6. 尊敬的客户，您的账户 5678-9012-3456-7890 出现异常登录，请核实。""",1
"""7. 赵东的快递已签收，地址：上海市浦东新区张江高科技园区科苑路999号。""",1
"""8. 王丽的航班预订确认，护照号 G12345678，联系电话 159-8765-4321。""",1
"""9. 刘洋，您的医疗账单需支付 ￥1200，医保卡号 876543219。""",1
"""10. 张小红，您的包裹因地址“成都市锦江区春熙路128号”不全被退回。""",1
"""11. 紧急通知：尾号 3456 的信用卡在境外消费 $500，请确认是否本人操作。""",1
"""12. 李先生，您的维修预约已确认，服务地址：广州市天河区体育西路101号。""",1
"""13. 王芳的会员卡号 987654321，积分即将过期，请尽快兑换。""",1
"""14. 周杰，您的话费账单未支付，手机号 187-6543-2109 已欠费。""",1
"""15. 张磊的驾驶证号 110105199001011234 需要更新，请尽快办理。""",1
"""16. 林小姐，您的快递单号 SF123456789，预计明日送达。""",1
"""17. 尊敬的客户，账户尾号 8901 的转账失败，收款人：王静，卡号 6217-xxxx-xxxx-5678。""",1
"""18. 陈明的社保卡 456-78-9123 已寄出，请注意查收。""",1
"""19. 吴芳，您的酒店预订确认：北京王府井大街1号，电话 010-87654321。""",1
"""20. 张伟的快递已发货，收件人电话 +86-135-1234-5678。""",1
"""21. 李娜女士，您的贷款申请需补充材料，身份证号 310115198502031234。""",1
"""22. 王东的信用卡 3782-822463-10005 境外消费提醒，请联系客服。""",1
"""23. 周丽的快递因“杭州市西湖区文三路200号”地址错误被退回。""",1
"""24. 张华，您的账户登录验证码为 8845，切勿泄露。""",1
"""25. 刘明的订单已支付，发票信息：身份证号 330102197803041234。""",1
"""26. 王芳的会员卡绑定手机 152-3456-7890，请及时更新资料。""",1
"""27. 陈刚，您的话费套餐已变更，服务号码 139-8765-4321。""",1
"""28. 李强，您的体检报告已出，医保卡号 123456789012。""",1
"""29. 张伟先生，您的维修服务预约成功，地址：南京市鼓楼区中山路1号。""",1
"""30. 王丽的网购订单尾号 1234 已发货，物流单号 YT987654321。""",1
"""31. 周明的社保缴费失败，身份证号 320102198706051234 请核对。""",1
"""32. 尊敬的客户，尾号 6789 的储蓄卡转账成功，收款人：李芳。""",1
"""33. 刘东的快递已送达，签收人电话 186-1234-5678。""",1
"""34. 张芳，您的信用卡 4916-7532-4567-8901 本月账单待还款。""",1
"""35. 王强先生，您的护照号 E12345678 即将到期，请尽快更新。""",1
"""36. 李娜，您的会员积分可兑换礼品，卡号 876543210。""",1
"""37. 陈明的订单支付失败，信用卡 5412-3456-7890-1234 余额不足。""",1
"""38. 周芳女士，您的快递已发货，收件地址：武汉市洪山区珞瑜路1037号。""",1
"""39. 张伟，您的手机号 137-8765-4321 套餐变更成功。""",1
"""40. 王丽的社保卡 789-01-2345 需要激活，请尽快处理。""",1
"""41. 李刚，您的航班值机完成，护照号 G87654321。""",1
"""42. 刘芳的发票信息：身份证号 440301198912121234，金额 ￥880。""",1
"""43. 张明的快递因“重庆市渝中区解放碑1号”地址不详被延误。""",1
"""44. 王东，您的账户登录异常，验证码 5566 请勿告知他人。""",1
"""45. 周杰先生，您的信用卡 4024-0071-2345-6789 消费提醒。""",1
"""46. 李娜的包裹已签收，联系电话 188-1234-5678。""",1
"""47. 张强，您的医疗预约确认：医保卡号 9876543210，时间明日10点。""",1
"""48. 王芳女士，您的会员卡尾号 3210 积分即将清零。""",1
"""49. 刘明的订单支付成功，发票抬头：身份证号 510104198205061234。""",1
"""50. 陈刚，您的快递单号 JD123456789，预计后天送达。""",1
"""（所有信息均为虚构，仅用于示例。）""",1
"""王明远，身份证号 32010419880512671X，居住在南京市鼓楼区中山北路189号3单元502室，联系电话13851749263。""",1
"""张丽华信用卡尾号9012于5月20日在天猫消费¥1280，账单地址为杭州市西湖区文三路456号。""",1
"""紧急联系人：李建军 +86-139-2345-6789，备用电话025-87654321。""",1
"""【快递通知】刘芳芳 18602583347 的包裹已送达上海市浦东新区张杨路888弄12号301。""",1
"""王志强社保卡号 110105199003077894 需更新，请联系医保局010-66581234。""",1
"""周晓燕的会员账号绑定邮箱zhouxiaoyan@example.com，支付卡号6227-8855-9032-4612有效期06/25。""",1
"""招聘简历：陈刚，现住址广州天河区体育西路789号，学信网学历编号123456789012345678。""",1
"""水电费账单：户主吴伟 320682197611058732，鼓楼区汉口西路200号202室欠费¥286.5。""",1
"""遗失声明：赵敏敏 护照号E654321，出生日期1992-08-15，航班CA1833座位12F。""",1
"""王建军先生（军官证：海字第1234567号）荣获三等功，部队番号：东部战区陆军第72集团军。""",1
"""张红霞的疫苗接种记录：身份证340223199508143028，第二针科兴2023-02-15 14:30。""",1
"""法院传票：被告人马国强（370205198306154219）涉嫌合同纠纷案，案号(2023)苏01民终1234号。""",1
"""物业通知：业主林小芬 15950501234，B栋1502车位费未缴，车牌苏A-8XY66。""",1
"""电商订单：收货人黄志强 15251768899，深圳市南山区科技园路1号，顺丰单号SF1023456789。""",1
"""银行风控提醒：尾号3489的储蓄卡在境外异常交易，持卡人刘芳 510722198909096123。""",1
"""校友登记：89届李明 联系电话+852-9876-5432，现居香港九龙塘牛津道1号。""",1
"""快递破损理赔：运单号YT20987654321，收件人周涛 17712345678 北京市朝阳区建国路88号。""",1
"""信用卡审批：申请人王晓莉 36220419780228654X，年收入¥150,000，单位电话0791-7654321。""",1
"""疫情防控流调：密接者张勇 421083198712103335，1月5日18时乘坐地铁2号线车厢编号D215。""",1
"""租房合同：出租方陈阿姨 13659874563，房产证号苏(2020)南京市不动产权第123456号。""",1
"""外卖订单：王先生 18312348765 要求送餐至上海静安区南京西路1266号恒隆广场20层。""",1
"""会员注册：用户名""星空下的猫""，绑定手机13123456789，真实姓名刘雨欣 440305200112120528。""",1
"""税务稽查通知：纳税人识别号91320500679812345B，法定代表人张建国 13888889999。""",1
"""出入境记录：王丽华 护照号G12345678，2023年1月15日北京首都机场T3入境。""",1
"""快递代收点：凭取件码2580领取，收件人吴昊 15811112222 成都市武侯区科华北路99号。""",1
"""病历档案：患者郑小红 身份证320106197504159027，过敏史记录见20230506电子病历。""",1
"""员工档案：工号EMP20230115，姓名赵伟 522401198308082019，入职日期2023年1月15日。""",1
"""贷款申请：抵押房产证号京(2018)朝不动产权第888888号，产权人林建国 13901234567。""",1
"""疫苗接种：儿童李小宝 出生证明编号R654321，母亲王婷 370283198510203122。""",1
"""网购退货：订单号DD202305201234，退款至卡号6217-0023-4500-1589，持卡人周明。""",1
"""家长联系人：学生张小雨 学籍号G320105201305123456，父亲张勇 13813813888。""",1
"""机票预订：乘客陈思思 护照号E12345678，CA1834航班5月20日08:20浦东机场T2。""",1
"""社保卡挂失：持卡人黄建军 身份证450205198003154217，挂失电话12333。""",1
"""物业缴费：业主委员会主任王丽 18912341234，小区维修基金账户6214860123456789。""",1
"""派出所通告：寻人启事 刘奶奶 82岁 身份证320102194101201234 最后出现于新街口地铁站。""",1
"""快递丢件索赔：运单号JDV123456789，发件人李敏 17712344321 武汉市洪山区珞喻路1037号。""",1
"""结婚登记：申请人男方王强 身份证130105198602151234，女方赵静 130105198712051234。""",1
"""银行开户：客户刘芳 手机13800138000，工作单位地址北京市海淀区中关村南大街5号。""",1
"""外卖投诉：订单号WM202305201234，骑手未送达 收货人张先生 15987654321 天河区体育东路108号。""",1
"""购房合同：买方孙伟 身份证32062319851120333X，首付款账户6228480038201234567。""",1
"""快递到付：收件人杨女士 18512345678 需支付到付¥58，地址厦门市思明区湖滨南路619号。""",1
"""疫苗接种预约：儿童姓名王一诺 出生证A12345678X，监护人王刚 18612345678。""",1
"""信用卡激活：新卡尾号5678，持卡人张晓梅 6222021234567890123，激活热线400-820-5555。""",1
"""派出所登记：暂住证办理 外来务工人员李强 身份证412825199002154321 暂住鼓楼区云南路20号。""",1
"""快递拦截：订单号SF987654321，收件人变更新地址为广州市天河区天河北路233号1502室。""",1
"""病历查询：患者编号PAT202305001，姓名吴芳 身份证321088198806054321 复诊预约6月1日。""",1
"""银行转账：汇款人陈明 账号6225880123456789，收款人王芳 工行卡号6212261234567890123。""",1
"""社区登记：独居老人张奶奶 身份证320102193505101234 紧急联系人孙子李强 13888889999。""",1
"""电商客服：用户ID""夏日清风"" 真实姓名林小月 15212341234 订单退款至支付宝账号lxy@example.com。""",1
"""物业通知：3栋502室业主王志强 320106198203051234 请尽快缴纳2023年物业费。""",1
"""就诊提醒：患者周华 病历号M202305201 身份证330205198709081234 5月25日9:00口腔科复诊。""",1
"""（注：以上所有个人信息均为虚构，仅用于示例展示，与真实人物及机构无关）""",1
"""Understood. Below are 50 fictional text snippets containing made-up PII for testing purposes. All data is entirely fabricated:""",1
"""1. 张伟的信用卡号是1234-5678-9012-3456，到期日12/25，CVV 789。""",1
"""2. 请将包裹寄到北京市朝阳区建国路88号，收件人李娜，电话138-1234-5678。""",1
"""3. 用户ID：王芳，社保号789-45-6789，请尽快更新账户信息。""",1
"""4. 订单确认：刘强，+86-10-8765-4321，配送至上海市浦东新区张江路123弄。""",1
"""5. 紧急联系人：赵敏，(010) 5555-1234，备用邮箱zhaomin@example.com。""",1
"""6. 发票抬头：陈磊，公司账号6222-8888-7777-6666，金额4800元。""",1
"""7. 您的临时密码是789012，账户名李小华，手机尾号3456。""",1
"""8. 客户反馈：周杰，地址深圳市南山区科技园路456号，邮箱zhoujie@test.com。""",1
"""9. 支付失败，卡号****-****-****-3456，请联系发卡行。""",1
"""10. 预约确认：吴婷，电话+1-213-555-6789，时间5月20日15:00。""",1
"""11. 会员续费：孙伟，身份证号110123198501011234，自动扣款已启用。""",1
"""12. 物流通知：包裹已发往成都市锦江区春熙路1号，收件人林小雨。""",1
"""13. 系统警报：账户张明尝试登录，IP异常，电话186-1234-0000。""",1
"""14. 报销凭证：机票订单号AB123456，乘客姓名王磊，身份证尾号6789。""",1
"""15. 客服记录：客户刘芳投诉订单#7890，电话400-123-4567未接通。""",1
"""16. 密码重置链接已发送至lihua@demo.com，绑定手机138-0000-9999。""",1
"""17. 合同签署方：杨洋，住址杭州市西湖区文三路789号，盖章生效。""",1
"""18. 银行转账失败：账号6217-1234-5678-9012，户名周婷，请核对。""",1
"""19. 快递签收人：王晓东，代收电话159-8765-4321，备注“放门口”。""",1
"""20. 员工档案：赵国强，工号EMP-789，紧急联络人188-1234-5678。""",1
"""21. 订阅确认：邮箱wangxin@mail.com，手机+852-9876-5432，付款卡尾号7890。""",1
"""22. 遗失物品登记：钱包，内含身份证310987654321123，联系人李静。""",1
"""23. 会议邀请：参会者马丽，电话(021) 1234-0000，会议链接稍后发送。""",1
"""24. 信用卡盗刷预警：卡号5555-1234-5678-9012，交易地点海南省三亚市。""",1
"""25. 用户反馈：账号“张磊ABC”绑定手机131-2222-3333，请求解冻。""",1
"""26. 申请表填写：父亲姓名刘建国，联系方式010-87654321，家庭住址需补充。""",1
"""27. 酒店预订：入住人田芳，护照号G12345678，电话+44-20-7123-4567。""",1
"""28. 设备报修：序列号SN-789XYZ，业主黄伟，地址广州市天河区体育西路100号。""",1
"""29. 医保报销：患者姓名吴秀英，医保卡号876543219876，科室内科。""",1
"""30. 物业通知：业主王浩，门牌5栋302，电费欠费，请缴至6225888812345678。""",1
"""31. 校友登记：2005届张三，新号码187-1234-5678，现居南京市鼓楼区。""",1
"""32. 租约签约：出租方李四，身份证号320111197802021234，押金已付。""",1
"""33. 外卖订单：收货人“陈小姐”，电话152-3333-4444，地址隐藏部分楼层。""",1
"""34. 快递异常：单号YT123456789，收件人电话空号，地址天津市南开区红旗路。""",1
"""35. 客户投诉：订单#4567，持卡人姓名周华，尾号3456争议交易$89.99。""",1
"""36. 疫苗接种：预约号BJ-7890，姓名林小虎，身份证号123456200001011234。""",1
"""37. 兼职申请：学生证号STU-2022-789，联系方式156-7890-1234。""",1
"""38. 水电费账号：户名赵月，缴费卡6217-8888-9999-0000，欠费120元。""",1
"""39. 机票退改：票号123-4567890123，旅客王晓明，联系电话未接听。""",1
"""40. 网络故障申报：宽带账号888888，户主张建国，地址石家庄长安区建设大街。""",1
"""41. 社保卡挂失：姓名王红，卡号A123456789，补办网点朝阳区服务大厅。""",1
"""42. 家长签字：学生李小明，监护人电话139-1234-5678，同意课外活动。""",1
"""43. 设备领取：员工编号00789，姓名周涛，领取MacBook序列号C02XYZ123456。""",1
"""44. 二手房交易：卖方刘伟，身份证号隐藏后四位1234，定金收据已开。""",1
"""45. 预约挂号：患者马丽，诊疗卡号987654321，科室眼科，时间9:00。""",1
"""46. 问卷调查获奖：中奖用户王芳，领奖需提供身份证号与手机158-1234-5678。""",1
"""47. 健身房会员：卡号VIP-888，绑定手机号186-0000-8888，到期日2025年。""",1
"""48. 出租车投诉：司机工号DJ-789，乘客电话138-1111-2222，拒载举报。""",1
"""49. 离职交接：员工吴刚，门禁卡号7890，个人物品未清退。""",1
"""50. 宠物登记：犬主姓名杨光，联系方式177-1234-5678，芯片号123456789ABC。""",1
"""所有数据均为虚构，仅用于测试场景。""",1
"""Here are 50 fictional snippets with various PII examples (all data is fabricated):""",1
"""1. 张伟的信用卡号是6011-2345-6789-0123，到期日12/25，CVV 789。""",1
"""2. 紧急联系王女士，电话(021) 555-0198，地址上海市静安区南京西路123号。""",1
"""3. 订单确认：李娜，快递送至北京市朝阳区建国路88号，电话138-1234-5678。""",1
"""4. 发票抬头：陈明，社会安全号789-45-6123，金额$450。""",1
"""5. 客服记录：客户赵芳反馈问题，邮箱zhao.fang@example.com，电话+86-10-87654321。""",1
"""6. 会员注册：刘强东，生日1980/05/15，卡号尾号3456。""",1
"""7. 投诉处理：周杰，手机15987654321，订单号#789012。""",1
"""8. 密码重置邮件已发送至lihua_2023@mail.com，预留电话186-0000-1111。""",1
"""9. 报销单：王芳，身份证号310105199001011234，金额￥1200。""",1
"""10. 快递收件人：张晓，深圳市福田区深南大道1001号，电话0755-12345678。""",1
"""11. 银行验证：尾号8899的卡向李明转账5000元。""",1
"""12. 客户王小华，社保号456-78-9123，预约2024/03/15。""",1
"""13. 周杰伦，紧急联系人电话(+852) 9876-5432，住址香港中环皇后大道1号。""",1
"""14. 张阿姨的会员卡余额不足，手机号131-2222-3333，请续费。""",1
"""15. 机票预订：刘洋，护照号G12345678，航班CA123。""",1
"""16. 收据：王磊，信用卡****-****-****-5678，消费￥899。""",1
"""17. 配送异常：收货人电话188-1234-5678，地址错误，请确认。""",1
"""18. 员工档案：孙丽，身份证320102198502028765，部门HR。""",1
"""19. 客户反馈：赵四，邮箱zhaosi@example.net，订单#456782。""",1
"""20. 物业费通知：李先生，房号5栋202，欠费￥2300。""",1
"""21. 预约成功：王医生，患者吴芳，电话152-3456-7890，时间10:00。""",1
"""22. 遗失声明：钱包内含张强身份证110101198909091234。""",1
"""23. 快递单号SF123456789，收件人电话177-8888-9999。""",1
"""24. 银行提醒：账户6217-****-****-1234支出￥200。""",1
"""25. 酒店预订：客人Maria Chen，护照号A98765432，入住5晚。""",1
"""26. 信用卡盗刷警报：尾号0123于03:45消费$500。""",1
"""27. 客户王先生，住址杭州市西湖区文三路456号，发票需求。""",1
"""28. 面试安排：应聘者林涛，电话(+86) 139-8765-4321，时间15:00。""",1
"""29. 缴费通知：户号789012，户主张伟，欠水费￥150。""",1
"""30. 学生档案：刘小萌，学号20231234，家长电话189-1234-5678。""",1
"""31. 维修服务：客户赵先生，地址广州市天河区天河路789号，电话预约。""",1
"""32. 保单查询：投保人周梅，保单号P1234567890。""",1
"""33. 外卖订单：收货人电话156-7890-1234，地址未填写完整。""",1
"""34. 客户王小虎，身份证号330102199505051234，贷款审批中。""",1
"""35. 快递延误：单号YT987654321，收件人李雷，电话182-3333-4444。""",1
"""36. 会议登记：姓名王丽，公司ABC，邮箱wang.li@abc.com。""",1
"""37. 信用卡申请：申请人张磊，年收入￥200,000，电话186-1111-2222。""",1
"""38. 停车费逾期：车牌京A12345，车主电话138-7654-3210。""",1
"""39. 会员卡升级：刘芳，旧卡尾号1122，新卡已寄出。""",1
"""40. 设备报修：用户陈晨，序列号SN78901234，电话联系。""",1
"""41. 客户投诉：订单#567890，张先生要求退款至卡尾号7890。""",1
"""42. 租房合同：租客李娜，身份证号410105199203041234，押金￥5000。""",1
"""43. 活动报名：参与者王浩，电话(+86) 135-2468-1357，2人。""",1
"""44. 快递签收失败：收件人电话151-9999-8888，明日再派。""",1
"""45. 银行通知：账户6212-****-****-4567转入￥10,000。""",1
"""46. 客户王女士，邮箱wang@example.org，订阅确认。""",1
"""47. 员工培训：张三，工号EMP789012，课程已分配。""",1
"""48. 外卖评价：用户“Linda”，电话137-0000-1111，评分5星。""",1
"""49. 物业维修：5栋303，业主电话159-1234-5678，水管问题。""",1
"""50. 快递备注：收件人电话147-2580-3690，放门口即可。""",1
"""所有信息均为虚构，仅用于示例用途。""",1
"""张伟的快递已发货，收件地址是北京市朝阳区光华路8号，电话138-1234-5678。""",1
"""李娜女士，您的信用卡尾号9012本月账单已出，需还款2560元。""",1
"""紧急通知：王刚的社保号678-12-3456信息需要更新，请致电+86-10-8765-4321。""",1
"""客户刘芳反馈订单问题，配送至上海市浦东新区张江路123弄45号，手机181-2345-6789。""",1
"""陈明的会员卡号：XFD-567-890，生日优惠码2024已生效。""",1
"""周杰的快递单号SF123456789，预计明天送达杭州西湖区文三路456号。""",1
"""提醒：赵丽的手机号188-8765-4321未验证，账户功能受限。""",1
"""吴强先生，您的护照号E12345678即将到期，请尽快续签。""",1
"""订单确认：收货人孙俪，地址广州市天河区天河路789号，电话020-12345678。""",1
"""林小明的学生证编号2024-5678，图书馆借书逾期未还。""",1
"""紧急联系人王芳，电话+1-234-567-8901，地址纽约市第五大道100号。""",1
"""张磊的驾驶证号440301198812123456需更新体检报告。""",1
"""刘东的会员账户绑定邮箱liudong@example.com，密码重置链接已发送。""",1
"""快递丢失申报：收件人黄伟，深圳市南山区科技园路12号，电话159-1234-5678。""",1
"""周华的信用卡1234-5678-9012-3456存在异常交易，请核实。""",1
"""客户投诉：李静，电话137-8765-4321，订单号20240615001未收到货。""",1
"""王丽的医保卡号SH1234567890，需补充定点医院信息。""",1
"""陈晨的航班预订成功，护照号G87654321，座位23A。""",1
"""赵明的发票抬头：北京科技有限公司，税号91110108785612345A。""",1
"""高飞的快递包裹滞留，收件电话186-2345-6789，地址成都市锦江区红星路三段。""",1
"""重要通知：杨光的社保待遇暂停，工号GH-2024-567需重新激活。""",1
"""刘涛的会员积分8800分即将到期，手机号152-3456-7890。""",1
"""张莉的体检报告已出，病历编号BJ-2024-123456，请及时领取。""",1
"""吴秀兰的快递已签收，地址武汉市洪山区珞瑜路456号，电话153-4567-8901。""",1
"""客户王磊，订单号20240620002付款失败，卡号5678-9012-3456-7890余额不足。""",1
"""周小川的驾驶证逾期未换证，档案编号BJ123456789。""",1
"""李敏的会员卡绑定手机号变更：原138-1111-2222，现更改为139-9999-8888。""",1
"""张建国的发票信息：单位名称上海贸易有限公司，开户行账号6222021234567890123。""",1
"""紧急：陈红的航班改签需验证身份证号31010119800101234X。""",1
"""王芳的包裹投递失败，地址重庆市渝北区红锦大道567号，电话177-1234-5678。""",1
"""刘伟的信用卡临时额度已提升至50000元，卡尾号3456有效期12/25。""",1
"""客户赵刚，邮箱zhaogang@example.com，订单20240622003物流异常。""",1
"""张丽的医保报销单号BJ-YB-2024-567890，需补充材料。""",1
"""周明的Airbnb预订确认，入住人护照号P12345678，入住日期7月15日。""",1
"""李强的话费账单未支付，账号13800138000，欠费256元。""",1
"""王伟的快递改址申请：新地址南京市鼓高楼中山北路789号，电话182-3456-7890。""",1
"""陈光的会员卡积分兑换成功，卡号VIP-123-456-789，兑换礼品已发货。""",1
"""张燕的火车票订单号D20240625001，身份证号320102198503054321。""",1
"""刘芳的银行账户6217-1234-5678-9012收到一笔可疑转账。""",1
"""客户李明，联系电话010-87654321，投诉订单20240626004配送延迟。""",1
"""黄伟的社保卡挂失申请已受理，卡号SH-123-456-789。""",1
"""周华的酒店预订确认：姓名ZHOU HUA，护照号E98765432，房间号508。""",1
"""王静的快递单号YT1234567890，收件地址西安市雁塔区科技路123号。""",1
"""张勇的信用卡消费提醒：卡尾号6789于15:30消费CNY1200。""",1
"""李娜的航班值机完成，票号123-4567890123，座位12C。""",1
"""客户投诉：收货人陈明，电话159-8765-4321，快递外包装破损。""",1
"""王丽的会员卡升级为金卡，卡号GOLD-123-456，有效期至2026年。""",1
"""赵刚的发票信息有误，正确税号应为913101045678901234。""",1
"""刘伟的医保结算单号BJ-YY-2024-123456，需重新提交。""",1
"""张华的包裹清关延迟，收件人电话+852-1234-5678，地址香港中环皇后大道中1号。""",1
"""客户王芳，邮箱wangfang@example.com，订单20240630005已取消。""",1
"""李明的驾驶证换证提醒：档案号BJ-DL-1234567，需体检。""",1
"""周静的信用卡挂失完成，新卡尾号1234将邮寄至北京市海淀区学院路101号。""",1
"""（所有个人信息均为虚构，仅用于示例展示）""",1
"""李伟的信用卡号 4512-7890-2345-6789 将在一周后到期，请及时更新付款信息。""",1
"""王芳女士的订单确认已发货，配送地址为北京市朝阳区光华路15号，联系电话 138-1122-3344。""",1
"""紧急：张明的社保账号 678-90-1234 出现异常登录，请立即核实。""",1
"""客户刘强东的账单需支付 ￥1200，信用卡尾号 9012 已成功扣款。""",1
"""招聘信息：应聘者请将简历发送至 hr@company.com，包含身份证号 110105199001011234。""",1
"""周杰的会员账号绑定手机 +86-159-0000-1111 即将欠费，请及时充值。""",1
"""发票抬头：王丽娜，税号 123456789012345，金额 ￥880。""",1
"""温馨提示：您的包裹已到达上海静安区南京西路100号，收件人李明，电话 (021) 5555-6666。""",1
"""张华的航班预订成功，护照号 G12345678，座位号 24B。""",1
"""紧急联系人：李娜，电话 010-87654321，住址深圳市福田区深南大道2001号。""",1
"""王磊的信用卡 3782-8224-6310-005 在境外有可疑交易，请确认。""",1
"""学生档案：姓名陈晨，学号 20230058，身份证号 310115200505051234。""",1
"""招聘会登记：姓名赵阳，专业计算机，手机 177-1234-5678。""",1
"""刘女士的快递单号 SF1234567890，派送至广州市天河区体育西路189号。""",1
"""客户服务：王先生的订单问题已解决，退款将退回卡号 6225-8866-7777-9999。""",1
"""会议通知：参会人李小华，工号 00789，地点北京国贸大厦3楼。""",1
"""张思的医疗预约确认，病历号 M20231111，时间明天10:00。""",1
"""租房合同：房东王建国，身份证 330102198002021234，租金 ￥5000/月。""",1
"""提醒：您的会员卡 8888-7777-6666-5555 积分即将到期。""",1
"""电商订单：收货人周敏，地址成都市锦江区红星路三段1号，电话 028-88889999。""",1
"""银行验证：请输入李小龙的银行卡后四位 4321 完成身份认证。""",1
"""快递异常：收件人黄伟，电话 +1-415-555-0123，地址无法送达。""",1
"""酒店预订：客人王晓明，护照号 E98765432，入住日期2023-12-25。""",1
"""奖学金申请：学生刘芳，学号 S20231001，需提交身份证复印件。""",1
"""机票改签：乘客赵磊，票号 123-4567890123，新航班 CA1234。""",1
"""客户投诉：订单号 DD20231111，联系人马静，电话 139-8765-4321。""",1
"""物业费通知：业主张伟，房号 5-302，欠费 ￥1200。""",1
"""门诊预约：患者周华，病历号 PT20230001，请准时就诊。""",1
"""快递签收：王丽，单号 YT9876543210，签收人代收。""",1
"""信用卡申请：申请人陈明，年收入 ￥200,000，电话 186-1234-5678。""",1
"""离职手续：员工吴刚，工号 EMP2022，请交还门禁卡。""",1
"""网购退货：订单号 RT567890，退款至王红银行卡 6222-8888-9999-0000。""",1
"""家长通知：学生李小天，班级三年级二班，学号 20230506。""",1
"""水电费账单：户主刘强，户号 W20231111，金额 ￥356.50。""",1
"""快递丢失：运单号 ZTO123456789，收件人张丽，赔偿处理中。""",1
"""会议签到：嘉宾王志强，职务销售总监，联系方式 135-1234-5678。""",1
"""疫苗接种：儿童姓名周小雨，出生日期 2018-05-10，预约成功。""",1
"""客户回访：李先生，电话 400-123-4567，对服务评分5分。""",1
"""保险理赔：保单号 PI20230001，受益人王芳，金额 ￥50,000。""",1
"""快递查询：单号 JD987654321，收货地址杭州市西湖区文三路100号。""",1
"""员工登记：姓名赵敏，部门人事部，员工号 HR-2023-08。""",1
"""停车费缴纳：车牌号京A12345，车主王先生，欠费 ￥80。""",1
"""贷款申请：申请人孙伟，身份证 410105198510101234，额度审批中。""",1
"""体检报告：姓名刘洋，体检号 20231111，请到前台领取。""",1
"""物业维修：业主周先生，房号 3-501，报修水管漏水。""",1
"""课程报名：学员张磊，电话 159-1234-5678，课程编号 C2023001。""",1
"""发票开具：单位名称北京科技公司，税号 911101083456789012。""",1
"""快递派送：收件人李娜，电话 182-1234-5678，预计下午到达。""",1
"""会员注册：用户名王小明，绑定手机 +86-139-8765-4321。""",1
"""工资发放：员工编号 E2023002，姓名吴芳，金额 ￥8,500。""",1
"""设备领取：领用人赵强，工号 DEV-007，领取笔记本电脑一台。""",1
"""（所有信息均为虚构，仅用于示例）""",1
"""以下是50条包含虚构PII的文本片段示例，所有数据均为模拟生成，不涉及真实信息：""",1
"""1. 王明先生的信用卡号6011-2345-6789-0123于5月20日在京东消费￥1,280。""",1
"""2. 李芳，地址广州市天河区华强路128号，联系电话+86-138-7654-3210，您的包裹已送达。""",1
"""3. 紧急：张伟的社保号678-90-1234可能被盗用，请速联系银行。""",1
"""4. 订单确认：刘洋，卡号尾号7890，支付成功，配送至北京市海淀区中关村南大街5号。""",1
"""5. 客服记录：客户陈晨（电话186-1234-5678）反馈账户异常登录。""",1
"""6. 发票抬头：周磊，深圳福田区深南大道2008号，税号440301987654321。""",1
"""7. 微博用户@王小虎_2023发帖：“刚丢了钱包，内有身份证号110105199012123456，急！”""",1
"""8. 员工档案：赵静，入职日期2020/03/15，紧急联系人电话(010) 8765-4321。""",1
"""9. 酒店预订：林娜，联系方式152-9876-5432，入住日期6月15日。""",1
"""10. 投诉工单：客户孙超（邮箱sunchao_1985@example.com）称卡号9012-3456-7890-1234被重复扣款。""",1
"""11. 快递面单：收货人吴强，上海市浦东新区张江高科技园区科苑路88号，电话021-98765432。""",1
"""12. 王丽华女士，您的会员卡（尾号3456）积分即将到期。""",1
"""13. 报警记录：身份证号321088199505056789在南京西路遗失。""",1
"""14. 申请表：姓名郑东，出生日期1988/11/22，手机+852-9123-4567。""",1
"""15. 社交媒体私信：“帮我充100元话费，号码是159-0000-1111，回头转账给你。”""",1
"""16. 水电费账单：住户徐斌，地址杭州市西湖区文三路569号，户号876543219876。""",1
"""17. 银行通知：尾号2233的账户于5月12日转账至卡号5678-9012-3456-7890。""",1
"""18. 客户备注：李明（ID：A123456789）要求更改配送电话至177-8888-9999。""",1
"""19. 快递异常：收件人周雪（电话138-1234-5678）地址“成都市锦江区红星路三段1号”不完整。""",1
"""20. 员工体检表：姓名刘芳，工号EMP-2022-987，血型O型。""",1
"""21. 机票预订：乘客王晓东，护照号G12345678，航班CA1234。""",1
"""22. 租赁合同：租户赵亮，身份证号310115198712120987，押金已付卡尾号4567。""",1
"""23. 外卖订单：收货人“张阿姨”，电话(0755) 2345-6789，备注“放门口”。""",1
"""24. 病历记录：患者马丽，社保卡号123-456-789，过敏史无。""",1
"""25. 问卷调查：参与者王刚，邮箱wanggang_2000@sample.com，年龄45岁。""",1
"""26. 快递丢件申诉：运单号SF123456789，收件人电话189-8765-4321。""",1
"""27. 会员注册：姓名杨阳，生日1999-08-08，微信号yy_998877。""",1
"""28. 银行风控提示：卡号6789-0123-4567-8901在境外可疑交易。""",1
"""29. 家长联系表：学生姓名周小雨，母亲电话131-2345-6789。""",1
"""30. 离职交接：员工黄伟（工号HR-54321），个人物品已寄存。""",1
"""31. 物业通知：业主陈先生（房号5-302），车位费到期。""",1
"""32. 信用卡挂失：持卡人姓名刘颖，卡号3456-7890-1234-5678，有效期12/25。""",1
"""33. 快递代收点：取件码8866，收件人电话156-7890-1234。""",1
"""34. 保险理赔：被保险人王建国，保单号PI-2023-987654。""",1
"""35. 电商退货：订单号DD202305011234，退款至卡尾号1122。""",1
"""36. 学校通讯录：教师李华，办公室电话(028) 8765-4321。""",1
"""37. 租房广告：联系人孙小姐，微信sunny_123，押一付三。""",1
"""38. 设备报修：用户编号U-98765，联系电话182-3456-7890。""",1
"""39. 会议签到：姓名林涛，公司ABC科技，手机139-0000-2222。""",1
"""40. 快递延误：单号YT987654321，收件人电话+86-151-1234-5678。""",1
"""41. 简历投递：应聘者周明，学历证书编号2023XYZ000123。""",1
"""42. 外卖投诉：骑手未送达，订单号WM123456，客户电话135-6789-0123。""",1
"""43. 疫苗接种：姓名吴小红，身份证号330102200101018888。""",1
"""44. 物流信息：发货人王先生，联系电话159-8765-4321，到付运费。""",1
"""45. 转账凭证：金额500元，收款人账号6217-1234-5678-9012。""",1
"""46. 小区公告：3栋504室业主刘先生，请缴物业费。""",1
"""47. 机票改签：乘客张莉，票号999-1234567890，新航班MU5678。""",1
"""48. 网购评价：“快递员态度差！单号JD987654，电话188-1111-2222。”""",1
"""49. 设备激活：序列号SN-2023XYZ987，用户电话177-3333-4444。""",1
"""50. 健身房登记：会员卡号MC-456789，紧急联系人138-5555-6666。""",1
"""（注：所有数据均为虚构，仅用于示例用途。）""",1
"""1. 请将发票寄到李明，地址：北京市朝阳区光华路8号，电话：+86-138-1234-5678。""",1
"""2. 用户张伟反馈信用卡尾号9012出现不明消费，请联系他：136-7890-1234。""",1
"""3. 紧急通知：王芳的社保号789-45-6123需要更新，请尽快处理。""",1
"""4. 订单确认：收货人赵静，电话(010) 8765-4321，信用卡号4532-8765-9123-4567。""",1
"""5. 李娜的会员资料需补充，邮箱lina1985@example.com，身份证号110105198501012345。""",1
"""6. 投诉记录：客户周强称快递未送达，地址上海市浦东新区张江路123弄，手机+86-159-8765-4321。""",1
"""7. 刘东的账户异常登录，预留电话188-1234-5678，请核实。""",1
"""8. 报销凭证：员工马丽，工号EMP-789，银行卡6217-8512-3456-7890。""",1
"""9. 客户服务：陈先生的订单987654，联系电话021-7654-3210，需修改配送地址。""",1
"""10. 紧急联系人：王小红，关系母亲，电话+1-213-555-0199。""",1
"""11. 预约成功：孙医生，患者王小波，身份证320102199002021234，时间5月20日15:30。""",1
"""12. 张丽的会员卡余额不足，卡号87654321，手机139-1234-5678。""",1
"""13. 物流通知：包裹派送至深圳南山区科技园路456号，收件人黄先生，186-7890-1234。""",1
"""14. 系统警报：账户6230-5812-3456-789的转账异常，持卡人吴芳。""",1
"""15. 简历投递：应聘者杨光，电话187-6543-2109，邮箱yangguang@example.com。""",1
"""16. 客户反馈：刘女士称信用卡5678-9012-3456-7890被盗刷，邮箱liu@example.cn。""",1
"""17. 物业缴费提醒：业主周杰，房号B栋1203，电话138-7654-3210。""",1
"""18. 订单取消：客户赵雪，原收货地址成都市锦江区春熙路1号，手机158-1234-5678。""",1
"""19. 员工档案：王刚，部门IT，身份证号310104198512123456，入职日期2020/05/10。""",1
"""20. 快递丢失索赔：收件人林琳，单号SF123456789，电话+852-9876-5432。""",1
"""21. 银行验证：尾号4321的卡片持卡人郑强，需核对手机135-2468-9753。""",1
"""22. 酒店预订：客人David Smith，护照号G12345678，联系电话+44-7911-123456。""",1
"""23. 家长联络表：学生王小明，父亲电话139-0000-1111，母亲电话138-1111-2222。""",1
"""24. 客户投诉：订单号654321，李雷称未收到货，邮箱lilei@sample.com，地址天津河西区解放路88号。""",1
"""25. 会员注册：姓名韩梅梅，生日1995-08-15，手机号156-7890-1234。""",1
"""26. 维修服务派单：客户地址杭州市西湖区文三路456号，联系人张师傅，电话177-1234-5678。""",1
"""27. 保险理赔：被保险人周华，保单号IC78901234，身份证号330102197706054321。""",1
"""28. 外卖订单：送餐至广州天河区体育西路789号，收件人吴先生，电话020-87654321。""",1
"""29. 系统提示：用户徐丽丽（ID: XL123）密码重置，验证手机131-2345-6789。""",1
"""30. 租房合同：租客田雨，身份证号410105199303031234，月付至卡号6222-5810-1234-5678。""",1
"""31. 航班预订：乘客Linda Brown，护照号P87654321，联系电话+1-415-555-6789。""",1
"""32. 快递代收点：取件码456789，收件人郭阳，电话185-4321-5678。""",1
"""33. 紧急维修：业主陈先生，地址南京市鼓楼区北京西路12号，电话138-8888-9999。""",1
"""34. 问卷调查中奖：获奖者刘芳，身份证号370205198808083456，领奖电话0532-7654321。""",1
"""35. 预约挂号：患者张建国，病历号M123456，联系电话150-1234-5678。""",1
"""36. 信用卡还款提醒：尾号7890账单逾期，持卡人孙伟，邮箱sunwei@example.net。""",1
"""37. 物业通知：3栋502业主王女士，车位费未缴，电话137-6543-2109。""",1
"""38. 电商退货：订单号RT789012，退货人赵燕，地址西安市碑林区南大街123号。""",1
"""39. 客户咨询：李先生询问账户余额，卡号6214-8600-1234-5678，电话159-8765-4321。""",1
"""40. 员工离职交接：赵明，工号00789，交接人电话186-1234-5678。""",1
"""41. 水电费账单：户主周涛，户号WB12345678，地址合肥市蜀山区长江西路456号。""",1
"""42. 快递异常：单号YT56789012，收件人钱芳，电话177-8888-9999，地址未填写完整。""",1
"""43. 家长会通知：学生李小华，父亲电话138-1234-5678，需确认出席。""",1
"""44. 银行开户：客户姓名吴刚，身份证号340103198712123456，预留手机131-2345-6789。""",1
"""45. 外卖评价：订单号FD123456，顾客张小姐称配送延迟，电话156-7890-1234。""",1
"""46. 设备报修：使用人刘工，部门工程部，联系电话分机789，手机135-2468-1357。""",1
"""47. 客户跟进：王女士（电话139-0000-1111）对产品A感兴趣，需回访。""",1
"""48. 活动报名：参与者杨阳，身份证号510104199501011234，紧急联系人182-1234-5678。""",1
"""49. 发票开具：抬头""北京科技有限公司""，税号91110105MA12345678，联系人李会计138-7654-3210。""",1
"""50. 快递签收失败：收件人孙先生，电话158-1111-2222，地址变更需重新派送。""",1
"""（注：所有个人信息均为虚构，仅用于示例。）""",1
"""Understood. Here are 50 fictional text snippets containing mock PII for detection purposes (all data is fabricated):""",1
"""张明先生住在北京市朝阳区建国路88号，电话138-1234-5678。""",1
"""您的订单确认号为ORD-789，信用卡尾号3456已成功扣款。""",1
"""紧急联系人：李芳，+86-139-8765-4321，地址上海市浦东新区张江路123弄。""",1
"""发票抬头：王伟科技有限公司，税号9123-4567-89，金额5800元。""",1
"""刘女士的会员账号绑定了邮箱liulan@example.com和手机158-1111-2222。""",1
"""社保号678-90-1234的账户异常登录已被拦截。""",1
"""快递收件人：赵静，(010) 5555-6666，海淀区中关村南大街5号。""",1
"""信用卡6222-3344-5566-7778于3月15日境外消费$120。""",1
"""家长备案电话：周强 187-0000-9999，学生证号BJ2023-456。""",1
"""重置密码链接已发送至chenxiao@mail.com，验证码8899。""",1
"""吴东的驾驶证号110105199001011234需更新。""",1
"""投保人身份证号310227198802083456，受益人电话136-7890-1234。""",1
"""员工工号EMP-7788，紧急联系人为配偶张莉 150-4321-5678。""",1
"""银行卡6217-8901-2345-678（尾号）转入工资12,500元。""",1
"""患者王晓华，病历号BJ-HOSP-2023-789，复诊预约5月20日。""",1
"""支付宝绑定手机+852-9876-5432，验证码112233。""",1
"""房东李建国，账号6210-9876-5432-101，本月租金5000元。""",1
"""客户ID：AC-456，邮箱zhangqiang@company.com，电话分机808。""",1
"""航班预订成功，乘客刘芳护照号G12345678，座位12A。""",1
"""快递单号SF123456789，收件人电话186-1234-0000。""",1
"""王磊的健身会员卡号GYM-7890，到期日2025/12/31。""",1
"""签证申请号VISA-2023-456，申请人电话(+86)155-6789-0123。""",1
"""故障申报：门牌号306，业主电话135-2468-3579，紧急维修。""",1
"""学生证号STU-2023-123，家长邮箱lixiaoming@edu.cn。""",1
"""信用卡5678-9012-3456-7890的3期分期已生效。""",1
"""房东备案：朝阳区广顺北大街33号，联系人138-1111-2222。""",1
"""张伟的驾驶证档案编号BJ-1234567，需年审。""",1
"""订单收货人：杨洋，电话(+1) 415-555-6789，美国加州。""",1
"""会员卡尾号8901积分已过期，联系客服400-123-4567。""",1
"""面试预约：应聘者李明，手机159-7530-8642，9:00 AM。""",1
"""水电费账户号BJ-WATER-456789，欠费120元。""",1
"""患者ID：MED-2023-777，家属电话156-8888-9999。""",1
"""邮箱wanglin@example.org的账户异地登录，IP：192.168.1.100。""",1
"""发票号INV-789456，付款账号6225-6789-0123-456。""",1
"""包裹待取件，收件人电话177-1234-5678，验证码4455。""",1
"""租房合同签署人：陈浩，身份证号320102199506078888。""",1
"""信用卡1234-0000-5678-9999存在可疑交易，请确认。""",1
"""家长会登记：学生王思睿，父亲电话139-4567-8901。""",1
"""保单号INS-2023-456，受益人联系方式187-6543-2109。""",1
"""维修服务单：客户地址丰台区西局西街1号，电话836-12345。""",1
"""学历认证号EDU-789，申请人邮箱zhaoyu@school.com。""",1
"""银行卡转账至6214-5678-9012-345（尾号），金额2000元。""",1
"""酒店预订确认：住客周杰，护照号E98765432，房号502。""",1
"""社保卡号110-123456-7需更新个人信息。""",1
"""快递遗失申诉：单号YT78901234，收件人电话132-9876-5432。""",1
"""设备IMEI码123456789012345，机主电话158-3698-1470。""",1
"""疫苗接种登记：儿童王小宝，家长电话136-2580-3690。""",1
"""账户安全提醒：尾号7890的银行卡尝试绑定新设备。""",1
"""校友登记：张晓峰，学号2005-678，电话138-7654-3210。""",1
"""物业费欠缴：门牌号5-302，业主电话150-1234-5678。""",1
"""（所有数据均为虚构，仅用于测试场景）""",1
"""Understood. All examples below contain clearly fictional PII for testing/classification purposes only.""",1
"""1. 张伟，身份证号 110105199003078912，请尽快联系客服 400-888-1234 更新您的账户信息。""",1
"""2. 收货地址：李明，北京市朝阳区建国路88号，电话 13800138000，信用卡尾号 9012 已扣款。""",1
"""3. 紧急！王芳的社保卡（号码 310227198506154321）在医院挂号时显示异常。""",1
"""4. 发票抬头：刘强，税号 91440300MA5DPB1234，金额 ￥2,500，联系电话 (0755) 8765-4321。""",1
"""5. 推特用户 @李小萌_2023 发帖：""刚丢了钱包，内含工行卡 6217-8501-2345-6789，求捡到联系 +86-159-1234-5678！""",1
"""6. 租房合同签署人：赵燕，护照号 PE1234567，押金通过支付宝账号 zhaoyan@example.com 支付。""",1
"""7. 客户反馈：周涛（手机 18612349876）抱怨订单 #7890 配送延迟，要求退款至原卡 ****-****-****-3456。""",1
"""8. 员工档案：陈磊，出生日期 1988/11/22，紧急联系人 张丽 010-66554433。""",1
"""9. 快递面单：收件人 ""吴先生""，地址 上海市浦东新区张江路456弄7号，电话 150-1234-5678。""",1
"""10. 银行提醒：尾号 7890 的 Visa 卡在 2023-05-15 消费 ￥899，可疑交易请拨 +1-800-123-4567。""",1
"""11. 微博私信：""我是王佳，学号 20231025，宿舍电表号 87654321 欠费了，能代缴吗？""",1
"""12. 物业通知：业主 孙伟（房号 5-302），请凭身份证号 320583197208183214 领取门禁卡。""",1
"""13. 简历投递：求职者 林娜，邮箱 lina.lin@example.com，期望薪资 15K，电话 177-2233-4455。""",1
"""14. 挂号信息：患者 杨洋，病历号 BJ2023-8765，预约 6月5日 9:30，医保卡号 SH123456789。""",1
"""15. 外卖订单：徐女士 13987654321，地址 杭州市西湖区文三路100号，备注 ""放门口，卡号 6226-1234-5678-0001 已付""。""",1
"""16. 快递投诉：单号 SF1234567890，收件人 郑凯 15900001111 未收到货，要求补偿至支付宝 zhengkai@example.com。""",1
"""17. 酒店预订：入住人 马丽（护照 G12345678），房间 1208，担保卡号 4532-8765-4321-9876 有效期 12/25。""",1
"""18. 家长群通知：学生 王小虎（学籍号 210102201510123456），明日需携带户口本复印件。""",1
"""19. 水电费账单：户主 黄伟，户号 87654321，欠费 ￥320，缴费截止 2023-06-20。""",1
"""20. 社交媒体评论：""我是 张欣怡，电话 187-6543-2109，快递单号 YT987654321 一直未更新！""",1
"""21. 会员注册：姓名 刘洋，生日 1992-08-15，邮箱 liuyang92@example.com，密码重置电话 135-9876-5432。""",1
"""22. 离职交接：原负责人 周明（工号 EMP-2020-1234），交接文件存于 D:/人事/周明/。""",1
"""23. 信用卡申请：申请人 吴芳，年收入 ￥250,000，住宅电话 (028) 1234-5678。""",1
"""24. 快递破损索赔：寄件人 林先生 +852-9876-5432，运单号 JD123456789HK，索赔金额 ￥500。""",1
"""25. 疫苗接种登记：儿童 赵乐乐，出生证号 J1234567，监护人 王静 13876543210。""",1
"""26. 机票预订：乘客 陈晨，票号 999-123456789，联系电话 156-7890-1234，护照有效期至 2030/05/05。""",1
"""27. 网购退货：订单 #5678，退货地址 广州天河区天河北路1号，收件人 李小姐 020-87654321。""",1
"""28. 设备报修：序列号 SN-87654321，用户 高伟 17712345678，故障描述 ""无法开机""。""",1
"""29. 家长通知：学生 周小雨（班级 3年2班）需补交身份证复印件（号码 410105201501012345）。""",1
"""30. 银行风控提示：账户 6217-1234-5678-9012（户名 张磊）有多笔境外交易，请确认。""",1
"""31. 快递代收：包裹收件人 孙女士 158-4321-5678，代收点验证码 8899。""",1
"""32. 物业费催缴：业主 王建国（房号 8-601），欠费 ￥1,280，缴费账号 622848-1234-5678-9876。""",1
"""33. 会议签到：参会者 杨光，公司 腾讯科技，工牌号 TEC-98765，联系方式 yang.guang@example.com。""",1
"""34. 社保咨询：参保人 刘芳 身份证 130104198304056789，咨询生育津贴到账问题。""",1
"""35. 外卖投诉：骑手 王师傅 150-1111-2222 送错餐，要求退款至微信绑定卡 ****3456。""",1
"""36. 设备租赁：承租人 周涛 139-8765-4321，押金 ￥2000 通过卡号 5187-6543-2109-8765 支付。""",1
"""37. 校友登记：姓名 李华，毕业年份 2010，手机 +86-189-1234-5678，现居 成都市锦江区。""",1
"""38. 停车费发票：车牌 京A-12345，车主 赵先生 136-7890-1234，金额 ￥15。""",1
"""39. 快递改址：原单号 YUNDA-987654321，新地址 深圳市南山区科技园1号，联系人 林工 0755-1234567。""",1
"""40. 疫苗接种：受种者 张明远，监护人电话 186-1234-5678，接种记录编号 VAC-2023-8765。""",1
"""41. 电商客服：用户 @陈小美_88 反馈订单 #3456 未发货，退款至原卡 6217-8500-****-7890。""",1
"""42. 员工打卡异常：工号 78901（姓名 王伟），2023-06-18 09:45 签到失败，请联系 HR。""",1
"""43. 宽带报装：客户 孙先生 152-3456-7890，安装地址 天津市河西区友谊路10号，身份证号 120103198512123456。""",1
"""44. 医院预约：患者 刘女士 137-8765-4321，预约号 20230620015，医保号 BJ87654321。""",1
"""45. 快递丢件：运单号 ZTO-123456789，内件 iPhone 13，寄件人 吴先生 159-8765-4321 索赔。""",1
"""46. 会员卡办理：姓名 林小雨，手机 188-1234-5678，积分卡号 VIP-987654321。""",1
"""47. 机票退改：票号 123-4567890123，乘客 赵宇航 138-7654-3210，改签至 6月25日 CA1234。""",1
"""48. 门禁系统：访客 张先生 186-5432-1098 预约访问 3号楼 802 室，身份证号 110108198810109876。""",1
"""49. 快递到付：收件人 杨女士 135-6789-0123，到付金额 ￥50，单号 STO-987654321。""",1
"""50. 银行开户：客户 王丽娜，工作单位 阿里巴巴，工牌号 ALI-54321，联系电话 139-0123-4567。""",1
"""（注：所有数据均为虚构，仅用于测试场景）""",1
"""**Important:** All PII below is entirely fictional and generated for demonstration purposes only.""",1
"""1. 客户张伟的电话号码是(861) 555-0192，地址是北京市朝阳区光华路8号。""",1
"""2. 李娜的信用卡号1234-5678-9012-3456将在下个月到期。""",1
"""3. 紧急！王刚的社保号789-45-6123需要更新，请尽快处理。""",1
"""4. 发票收件人：赵敏，上海市浦东新区世纪大道100号，电话+86-138-1234-5678。""",1
"""5. 用户反馈：我的订单号#789456，手机186-1234-5678，物流延迟了。""",1
"""6. 会员信息：刘强，邮箱liuqiang@example.com，生日1990-05-15。""",1
"""7. 客服记录：顾客周丽反馈信用卡尾号3456被拒，请核实。""",1
"""8. 快递寄往：广州市天河区体育西路28号，收件人陈东，电话020-87654321。""",1
"""9. 付款失败：卡号5123-4567-8912-3456，持卡人吴芳，有效期12/25。""",1
"""10. 预约确认：孙女士，+1-415-555-1234，5月20日10:00就诊。""",1
"""11. 员工档案：杨光，身份证号110105199208076512，部门销售部。""",1
"""12. 订单备注：配送至成都市锦江区红星路三段1号，电话181-1234-5678。""",1
"""13. 投诉工单：客户王磊，手机139-8765-4321，订单#456789未收到。""",1
"""14. 账户绑定：徐静，银行卡6222-1234-5678-9012，开户行中国银行。""",1
"""15. 紧急联系人：李明，关系父亲，电话(010) 6789-1234。""",1
"""16. 报销申请：张小红，发票号F789456，金额500元，工号EMP789。""",1
"""17. 租房合同：租户周涛，身份证号310115198511124567，租期2023-2025。""",1
"""18. 丢失物品登记：王芳钱包，内含信用卡尾号7890，电话138-0000-1111。""",1
"""19. 调查问卷：参与者马超，邮箱machao@example.com，年龄35岁。""",1
"""20. 快递通知：收件人林月，深圳市南山区科技南路12号，电话0755-12345678。""",1
"""21. 银行提醒：账户6217-1234-5678-9012有异常登录，请联系客服。""",1
"""22. 航班预订：乘客郑伟，护照号G12345678，航班CA123。""",1
"""23. 外卖订单：送餐至杭州市西湖区文三路456号，电话159-8888-9999。""",1
"""24. 会议签到：参会人赵亮，公司ABC科技，手机+86-135-1234-5678。""",1
"""25. 技术支持：用户ID U789456，电话400-123-4567，问题未解决。""",1
"""26. 水电费账单：户主周华，地址南京市鼓楼区汉口路22号，欠费200元。""",1
"""27. 活动报名：刘洋，年龄28，邮箱liuyang@test.com，电话187-1234-5678。""",1
"""28. 密码重置：账号关联手机+852-9876-5432，验证码已发送。""",1
"""29. 酒店预订：客人王晓明，入住日期2023-11-15，电话138-1234-5678。""",1
"""30. 快递异常：运单号SF123456789，收件人李雪，电话缺失。""",1
"""31. 信用卡申请：申请人吴刚，年收入25万，身份证号320102198012123456。""",1
"""32. 家长通知：学生张小雨，家长电话(021) 1234-5678，家长会延期。""",1
"""33. 设备报修：用户王磊，序列号SN789456，联系电话155-1234-5678。""",1
"""34. 会员卡办理：姓名陈静，手机号186-0000-1111，积分1000。""",1
"""35. 保险理赔：保单号P12345678，被保险人周明，电话139-8765-4321。""",1
"""36. 快递签收：包裹由李强代收，电话未提供，地址北京市海淀区中关村南大街5号。""",1
"""37. 工资单：员工刘芳，工号EMP123，实发工资12,500元。""",1
"""38. 网购评价：用户赵月，订单号#123456，商品破损，电话138-1111-2222。""",1
"""39. 车辆登记：车主王勇，车牌京A12345，联系电话150-1234-5678。""",1
"""40. 预约取消：客户周涛，电话+86-139-8765-4321，取消5月10日服务。""",1
"""41. 密码提示：用户张伟，密保手机181-1234-5678，请勿泄露。""",1
"""42. 物流更新：运单号YT789456，收件人孙丽，电话缺失。""",1
"""43. 账户异常：登录IP异常，用户李明，绑定手机138-0000-1111。""",1
"""44. 合同签署：乙方王芳，身份证号330102198510104567，签字确认。""",1
"""45. 客户投诉：订单#789123，电话152-1234-5678，要求退款。""",1
"""46. 快递退回：收件人地址错误，张伟，原电话(0755) 1234-5678。""",1
"""47. 会员续费：卡号M123456，持卡人周洋，到期日2024-06-30。""",1
"""48. 故障申报：用户ID U123456，设备故障，联系电话156-1234-5678。""",1
"""49. 调查回访：受访者王丽，年龄45，电话177-1234-5678，满意度3分。""",1
"""50. 预约提醒：患者周明，挂号序号25，电话+86-135-1234-5678，请准时就诊。""",1
"""Here are 50 fictional text snippets containing made-up PII:""",1
"""张伟的信用卡号是5432-8765-4321-0987，到期日12/25。""",1
"""李娜的住址是北京市朝阳区光华路8号，邮编100020。""",1
"""请将包裹寄到王芳，电话+86-138-1234-5678。""",1
"""客户ID：789456，社保号678-90-1234。""",1
"""紧急联系人：李明，(010) 7654-3210。""",1
"""发票抬头：陈晨，卡号尾号3456。""",1
"""赵强的邮箱zhaoqiang@example.com，出生日期1985-05-15。""",1
"""订单确认：收货人刘洋，地址上海市徐汇区漕溪北路396号。""",1
"""王磊的护照号G87654321，有效期至2030-01-01。""",1
"""张小姐，您的会员卡余额不足，请致电400-123-4567。""",1
"""周婷的快递单号SF1234567890，预计明天送达。""",1
"""李伟的身份证号110105199003072516（虚构）。""",1
"""紧急！账户异常登录，IP：192.168.1.100，电话核实。""",1
"""吴芳的付款信息：VISA 4111-1111-1111-1111。""",1
"""包裹已发往杨光，地址广州市天河区体育西路123号。""",1
"""王女士，订单#7890配送至深圳福田区深南大道2008号。""",1
"""客户反馈：李明，手机159-8765-4321，问题未解决。""",1
"""张华，您的预约已确认，时间2023-11-15 14:30。""",1
"""刘东的会员号：VIP87654321，积分余额5000。""",1
"""陈明的医保卡号BJ12345678，请核对。""",1
"""周女士，您的退款已处理，尾号0987的卡。""",1
"""快递丢失，收件人赵雪，电话+86-139-0000-1111。""",1
"""紧急联络：王小华，邮箱wangxh@example.com。""",1
"""李娜的订单#4567，配送至成都市锦江区红星路三段1号。""",1
"""张先生的会员信息更新：新电话(021) 9876-5432。""",1
"""王芳的网购账号被盗，最后一次登录IP：203.156.34.78。""",1
"""刘伟的驾驶证号110225198808083456。""",1
"""陈晨的快递预计今天送达，单号YT123456789。""",1
"""客户投诉：订单#1234，收件人杨洋，电话未接通。""",1
"""赵先生的信用卡5678-9012-3456-7890被盗刷。""",1
"""李敏的住址变更：现住杭州市西湖区文三路456号。""",1
"""张磊，您的航班预订成功，票号123-4567890123。""",1
"""王女士，您的医疗报告已出，ID：M987654。""",1
"""刘芳的会员卡到期，请更新信息：邮箱liufang@example.com。""",1
"""包裹已签收，签收人周杰，电话138-7654-3210。""",1
"""紧急！账户异常登录，设备ID：DX-7890-1234。""",1
"""陈先生的发票信息：税号912345678912345。""",1
"""李华，您的快递滞留，单号JD123456789876。""",1
"""王明的保险单号IC123456789，受益人张丽。""",1
"""张小姐，您的退款将退回至卡号****-****-****-4321。""",1
"""刘东的预订确认：酒店地址三亚市海棠湾路88号。""",1
"""赵女士，您的密码已重置，新密码发送至139****5678。""",1
"""快递延误通知：收件人杨雪，单号STO987654321。""",1
"""客户服务：李明，订单#5678，电话未接听。""",1
"""王芳的身份证号已核实，住址天津市和平区南京路123号。""",1
"""张伟的会员卡升级，新卡号VIP12345678。""",1
"""李娜的包裹配送失败，联系电话(0755) 1234-5678。""",1
"""紧急！周先生的账号被盗，最后一次交易金额¥5000。""",1
"""陈晨的体检报告已出，病历号PT987654。""",1
"""刘女士，您的订阅续费成功，卡号尾号7890。""",1
"""(All data is entirely fictional and generated for example purposes only.)""",1
"""1. 李明先生，您的订单已确认，信用卡尾号9012将于明天扣款，配送地址为北京市朝阳区光华路8号。""",1
"""2. 紧急：张伟（身份证号110105199002145678）的账户出现异常登录，请立即联系客服400-123-4567。""",1
"""3. 王芳女士，您的包裹已送达至上海市浦东新区张江高科技园区科苑路88号，签收电话13812345678。""",1
"""4. 发票抬头：刘强，税号912345678901234，金额5200元已通过信用卡5432-7890-1234-5678支付。""",1
"""5. 李娜的会员卡号88776655，近期消费记录可查询邮箱lina_2023@example.com。""",1
"""6. 紧急通知：赵刚（社保号123-45-6789）的医疗报销需补交材料，联系邮箱zhaogang@example.com。""",1
"""7. 陈晨，您的快递单号SF123456789，派送地址：广州市天河区体育西路123号，联系电话15987654321。""",1
"""8. 周华的电费账单逾期，户号1234567890，请尽快至支付宝缴纳。""",1
"""9. 吴东的航班预订成功，护照号G12345678，联系电话+86-138-8888-9999。""",1
"""10. 张丽的信用卡5678-1234-9012-3456到期日为05/25，请更新信息。""",1
"""11. 王志强先生，您的话费充值100元已到账，手机号18765432109。""",1
"""12. 李静（身份证号310115198511223344）的签证预约已确认，参考号AB123456。""",1
"""13. 刘洋的快递滞留，收件地址：成都市武侯区人民南路四段1号，电话182-3333-4444。""",1
"""14. 杨光的会员积分即将到期，卡号11223344，登录邮箱yangguang@example.com查询。""",1
"""15. 高伟的订单#7890配送至深圳市南山区科技南一路12号，联系电话0755-1234567。""",1
"""16. 紧急：徐丽（医保卡号A123456789）的预约挂号失败，请致电021-12345678。""",1
"""17. 孙磊的银行转账失败，账号6225881234567890，请联系客服95588。""",1
"""18. 黄女士，您的包裹已尝试派送至杭州市西湖区文三路456号，电话未接通。""",1
"""19. 周明的信用卡尾号3456检测到境外消费，请确认是否本人操作。""",1
"""20. 赵芳的社保卡（号码234-56-7891）需更新照片，请至朝阳区社保中心办理。""",1
"""21. 订单确认：收货人王勇，地址天津市河西区友谊路32号，电话13712344321。""",1
"""22. 林涛的驾驶证（编号110000198801011234）年检提醒，截止日期2023-12-31。""",1
"""23. 马云的快递单号YT987654321，配送至南京市鼓区中山北路88号。""",1
"""24. 张伟的宽带账号666888，故障报修请拨10086。""",1
"""25. 刘红（护照号E12345678）的签证材料不全，需补交在职证明。""",1
"""26. 陈明的信用卡1234-5678-9101-1121绑定支付宝失败，请检查有效期。""",1
"""27. 李华的手机号15111112222套餐即将到期，续费享8折优惠。""",1
"""28. 王芳的医保报销款已打入卡号6217001234567890123，请注意查收。""",1
"""29. 周杰（身份证号330102199003074321）的租房合同到期，请续签。""",1
"""30. 订单异常：收货人吴敏，地址西安市碑林区长安北路1号，电话未接通。""",1
"""31. 张亮的会员卡（No.33445566）积分可兑换，登录app查看。""",1
"""32. 紧急：刘东（工号EMP12345）的门禁卡失效，请联系HR更新。""",1
"""33. 杨雪的话费账单未支付，手机号18612345678，逾期将停机。""",1
"""34. 王磊的快递已签收，单号JD123456789，配送员电话15012341234。""",1
"""35. 李娜的信用卡（有效期09/24）境外锁卡，请致电+1-800-123-4567解锁。""",1
"""36. 赵伟的体检报告已出，病历号2023112345，请至协和医院领取。""",1
"""37. 订单修改：收货地址变更为武汉市洪山区珞喻路1037号，联系人王静。""",1
"""38. 孙丽的航班延误，票号123-4567890123，改签请联系95583。""",1
"""39. 张强（身份证号410105198812123456）的公积金提取已审核通过。""",1
"""40. 陈光的设备维修单号CX888999，取件电话400-111-2222。""",1
"""41. 刘明的电表号987654321，本月用电量异常，请核查。""",1
"""42. 周华（会员ID：ZH2023）的预订未付款，订单15分钟后失效。""",1
"""43. 快递通知：李芳的包裹待取，单号STO12345678，驿站电话010-87654321。""",1
"""44. 王军的信用卡（尾号1122）提额申请已批准，额度增至5万元。""",1
"""45. 张燕的体检预约成功，身份证号210102198510203344，时间9:00。""",1
"""46. 李伟的发票开票失败，税号911101123456789012，请重新提交。""",1
"""47. 刘芳的疫苗接种记录（编号BJ2023-AB1234）已上传至健康宝。""",1
"""48. 订单提醒：收货人杨阳，地址长沙市岳麓区麓谷大道668号，预计今日送达。""",1
"""49. 赵明的宽带账号12345678@cnc，故障已修复，重启光猫即可。""",1
"""50. 王丽的机票电子客票号123-4567890124，航班CA1234，值机开放中。""",1
"""（所有数据均为虚构，仅用于示例用途。）""",1
"""Understood! Here are 50 fictional text snippets containing varied PII examples in Chinese, strictly for testing/detection purposes. All data is entirely fabricated:""",1
"""1. 张伟的信用卡号是4567-8901-2345-6789，到期日12/25。""",1
"""2. 请将发票寄到北京市朝阳区光华路8号，收件人李娜，电话138-1234-5678。""",1
"""3. 紧急！王芳的社保号678-90-1234可能被盗用。""",1
"""4. 用户反馈：手机号+86-159-8765-4321未收到验证码。""",1
"""5. 订单确认：陈明，银行卡尾号3456，金额1200元。""",1
"""6. 人事档案：刘强，身份证号110105199001011234。""",1
"""7. 快递丢失，单号SF123456789，收件人赵琳，(010) 9876-5432。""",1
"""8. 会员注册：邮箱zhang@example.com，生日1985-03-15。""",1
"""9. 投诉工单#2023-456：客户电话400-123-4567地址不完整。""",1
"""10. 周杰的护照号G12345678将于下月到期。""",1
"""11. 支付失败，卡号5123-4567-8901-2346，CVV错误。""",1
"""12. 租房合同：房东王静，银行账号6217-1234-5678-9012。""",1
"""13. 患者病历：王小华，医保卡号BJ12345678。""",1
"""14. 快递到付：上海浦东新区张江路1号，电话187-1234-5678。""",1
"""15. 员工记录：李明，工号EMP-7890，紧急联系人138-7654-3210。""",1
"""16. 机票预订：乘客张力，护照号E9876543，航班CA123。""",1
"""17. 信用卡挂失：尾号7890，持卡人孙丽，+86-139-8765-4321。""",1
"""18. 水电费账单：地址广州市天河区体育西1号，户主陈晨。""",1
"""19. 用户留言：我的手机151-1234-5678收不到短信。""",1
"""20. 合同签署方：北京科技有限公司，税号91110105MA12345678。""",1
"""21. 酒店预订：客人林芳，入住日期2023-12-25，电话186-1234-5678。""",1
"""22. 维修服务：客户地址杭州市西湖区文三路100号，联系人赵先生。""",1
"""23. 学生档案：学号20231234，家长电话189-1234-5678。""",1
"""24. 外卖订单：王女士，送餐至成都市锦江区春熙路1号。""",1
"""25. 银行提醒：账户6214-5678-1234-5679余额不足。""",1
"""26. 社保咨询：身份证号310115199002021234查询失败。""",1
"""27. 快递签收人：李强，代收电话135-1234-5678。""",1
"""28. 客户投诉：订单号DD-2023-789，邮箱lisi@example.com。""",1
"""29. 预约确认：吴医生，患者王晓明，时间2024-01-15 14:00。""",1
"""30. 贷款申请：借款人张磊，身份证号220104198503041234。""",1
"""31. 设备报修：序列号SN-78901234，联系人电话156-1234-5678。""",1
"""32. 会员卡号VIP-123456，绑定手机139-8765-4321。""",1
"""33. 转账失败：收款账号6222-1234-5678-9010姓名不符。""",1
"""34. 居委会通知：住户刘芳，居住证号110108202312345。""",1
"""35. 网购退货：物流单号YT1234567890，收件人王女士。""",1
"""36. 员工离职：工号00789，联系方式删除138-1234-5678。""",1
"""37. 学校通知：家长李明，学生学号20235678缺勤。""",1
"""38. 物业缴费：房号5-302，业主电话150-1234-5678。""",1
"""39. 快递异常：收件人地址模糊，电话177-1234-5678。""",1
"""40. 信用卡消费提醒：尾号1234，金额500元，商户超市A。""",1
"""41. 客户登记：邮箱wang@example.com，公司电话(021) 1234-5678。""",1
"""42. 住院登记：患者周华，病历号PI-2023-7890。""",1
"""43. 会议报名：姓名张伟，职务销售经理，手机135-8765-4321。""",1
"""44. 实名认证：身份证号410105199501011234提交成功。""",1
"""45. 账户安全：登录IP异常，绑定手机182-1234-5678。""",1
"""46. 快递派送：深圳市南山区科技路1号，电话159-1234-5678。""",1
"""47. 发票信息：抬头“张三”，税号123456789012345。""",1
"""48. 设备激活：序列号ABCD-1234，用户电话188-1234-5678。""",1
"""49. 签证申请：护照号E12345678，有效期至2030-01-01。""",1
"""50. 客户备注：配送至武汉大学宿舍3栋，电话153-1234-5678。""",1
"""所有数据均为虚构，仅用于模拟场景测试。""",1
"""1. 张伟先生的信用卡号1234-5678-9012-3456已成功绑定至北京市朝阳区建国路88号。""",1
"""2. 紧急：李娜女士，您的账户+1-123-456-7890收到异常登录，请立即核实。""",1
"""3. 发票抬头：王磊，上海市浦东新区张江高科技园区科苑路999号，电话021-12345678。""",1
"""4. 客户反馈：我的社保号123-45-6789信息有误，邮箱zhangsan@example.com。""",1
"""5. 配送地址：杭州市西湖区文三路456号，收件人赵敏，电话13800138000。""",1
"""6. 陈晨的会员卡末四位9012过期日为12/25，请更新。""",1
"""7. 报警记录：身份证号310101199001011234，姓名刘强，住址南京市鼓楼区北京西路1号。""",1
"""8. 机票预订：乘客李小云，护照号G12345678，航班CA1234。""",1
"""9. 银行提醒：尾号3456的卡在东京消费¥50,000，确认致电95588。""",1
"""10. 求职简历：王芳，电话+86-139-1234-5678，学历清华大学计算机系。""",1
"""11. 快递丢失申诉：运单号SF1234567890，收件人地址成都市锦江区春熙路1号。""",1
"""12. 合同签署方：北京科技有限公司，法人代表周杰，统一信用代码91230101MA1B2C3D4E。""",1
"""13. 医疗预约：患者吴晓明，病历号202300123，预约6月15日9:00。""",1
"""14. 微博私信：我是@李想，手机18912345678，求合作。""",1
"""15. 水电费账单：户号87654321，户主黄伟，地址广州市天河区天河路789号。""",1
"""16. 外卖订单：送达深圳市南山区科技南一路12号，电话0755-1234567。""",1
"""17. 酒店登记：客人林小雨，港澳通行证号H12345678，入住3晚。""",1
"""18. 快递签收失败：收件人孙阳，电话未接，地址西安市雁塔区小寨路100号。""",1
"""19. 信用卡挂失：卡号5678-9012-3456-7890，持卡人郑东，有效期05/27。""",1
"""20. 家长联系表：学生王乐乐，父亲电话13512348765，紧急联系人李阿姨。""",1
"""21. 设备报修：序列号SN2023XYZ456，用户王晓峰，地址天津市河西区友谊路32号。""",1
"""22. 会员注册：姓名刘洋，生日1995-08-08，邮箱liuyang95@example.com。""",1
"""23. 派出所通告：遗失身份证姓名周梅，号320102198802021234。""",1
"""24. 租赁合同：租客赵雪，身份证号410105199303031234，押金¥6000。""",1
"""25. 电商退货：订单号DD202306151234，退货地址合肥市蜀山区长江西路200号。""",1
"""26. 疫苗接种：儿童姓名杨阳，生日2018-05-12，监护人电话18612345678。""",1
"""27. 快递到付：¥98，收件人钱小军，电话15212341234，地址青岛市市南区香港中路10号。""",1
"""28. 银行转账异常：账户6222021234567890123，户名吴刚，疑似诈骗。""",1
"""29. 相亲资料：女，28岁，姓名周婷婷，微信号ZTT1995，职业教师。""",1
"""30. 物业通知：业主王建国，车位号A12欠费，请缴至物业处。""",1
"""31. 会议签到：参会人张丽，公司ABC科技，工牌号EMP-12345。""",1
"""32. 快递改址：原地址长沙市岳麓区麓谷大道668号，新地址福州市鼓楼区五四路1号。""",1
"""33. 信用卡优惠：持卡人孙伟，尾号7890，满100减30活动进行中。""",1
"""34. 离职交接：员工编号E2023001，姓名李敏，交接人王磊。""",1
"""35. 车辆违章：车牌京A12345，车主姓名陈浩，罚款未缴。""",1
"""36. 外卖备注：不要辣椒，电话15812341234，送到3号楼202室。""",1
"""37. 体检报告：姓名刘芳芳，年龄35，体检号2023060001。""",1
"""38. 快递代收点：取件码4567，收件人胡强，电话未接。""",1
"""39. 发票信息：开票名称李明，税号91110101MA1234567A。""",1
"""40. 失物招领：拾到钱包，内含身份证姓名赵雪，电话请联系客服。""",1
"""41. 设备激活：IMEI号123456789012345，用户王小波，激活日期2023-06-01。""",1
"""42. 校友登记：姓名周杰，入学年份2005，现居上海市徐汇区。""",1
"""43. 快递破损申诉：运单号YT987654321，内件为电子产品。""",1
"""44. 家长会通知：学生张晓明，家长联系方式13712341234。""",1
"""45. 保险理赔：保单号BX2023061234，被保险人王芳，事故时间2023-05-20。""",1
"""46. 社区登记：新住户姓名李娜，入住日期2023-07-01，电话18600001111。""",1
"""47. 网购投诉：订单号TB123456789，收货人地址武汉市洪山区珞瑜路1号。""",1
"""48. 设备报修：用户张伟，联系电话010-12345678，故障描述黑屏。""",1
"""49. 租房广告：朝阳区两居室，月租8000，联系房东王先生13800138000。""",1
"""50. 快递延误：单号JD123456789，收件人地址哈尔滨市南岗区西大直街100号。""",1
"""1. 王明远先生，您的订单已发货，配送地址为北京市朝阳区光华路8号，电话138-1234-5678。""",1
"""2. 紧急通知：张丽华的信用卡尾号9012出现异常交易，请立即联系客服+86-10-87654321。""",1
"""3. 李伟的会员账号已更新，新邮箱liwe1985@example.com，手机号(010) 5555-8888。""",1
"""4. 发票抬头：刘芳，上海市浦东新区世纪大道100号，税号310-12-3456。""",1
"""5. 赵刚的快递预计明天送达，收件电话+1-415-789-1234，地址旧金山唐人街15号。""",1
"""6. 温馨提示：您的社保卡号末四位6789需要验证，请回复身份证号。""",1
"""7. 周涛先生，您的话费账单未支付，欠费金额56.7元，账号绑定卡号6225-8866-7777-8888。""",1
"""8. 微博用户@陈小雨_88 的个人资料显示生日1990-05-20，居住地广州。""",1
"""9. 紧急！尾号3456的信用卡在东京消费¥120,000，确认请拨021-98765432。""",1
"""10. 招聘登记表：应聘者吴强，联系电话156-7890-1234，现住成都市锦江区。""",1
"""11. 客户投诉：订单#7890收件人林芳电话空号，正确号码应为+852-9123-4567。""",1
"""12. 物业通知：3栋502室业主黄志强，请补交停车费至6222-3333-4444-5555。""",1
"""13. 签证申请表：申请人Maria Li，护照号G12345678，美国地址NY 10001。""",1
"""14. 张磊同学，学号20231234，家长联系电话138-7654-3210未接通。""",1
"""15. 银行提醒：王秀兰女士的转账失败，账户尾号7890余额不足。""",1
"""16. 外卖订单：收货人“李先生”，地址杭州西湖区文三路456号，电话159-8888-9999。""",1
"""17. 机票预订确认：乘客王晓东，护照号E9876543，航班CA123。""",1
"""18. 电商客服：用户@爱购物的婷婷 反馈订单#4567未收到，快递单号SF123456789。""",1
"""19. 水电费催缴：户主郑伟，户号87654321，欠费208元。""",1
"""20. 社交媒体动态：“刚换了新号码187-1111-2222，朋友们存一下！”——@张小帅""",1
"""21. 酒店预订：入住人陈敏，身份证号510-987-6543，预留电话181-1234-5678。""",1
"""22. 快递异常：收件人“王女士”电话+44-20-7123-4567，地址伦敦NW1 6XE。""",1
"""23. 医院挂号成功：患者刘建国，病历号2023-8765，就诊时间9:00。""",1
"""24. 家长群通知：李明家长，请更新联系方式至新号135-2468-1357。""",1
"""25. 遗失声明：钱包内含身份证320-11-2233，联系人赵女士138-0000-1111。""",1
"""26. 租户协议：承租人孙浩，身份证号210-55-6677，押金支付至卡号4567-8901-2345。""",1
"""27. 微博私信：“Hi我是Lisa，加我微信lisazhang_88，电话158-3333-4444。”""",1
"""28. 保险理赔：被保人吴伟，保单号P12345678，出险地点深圳市。""",1
"""29. 快递签收失败：收件人周杰，电话(0755) 1234567，需重新预约。""",1
"""30. 会员注册：用户名“旅游达人老王”，绑卡6217-8555-6666-7777。""",1
"""31. 教务处通知：学号20231005王静同学，家长电话变更为+86-139-8765-4321。""",1
"""32. 购房合同：买方杨光，身份证号330-22-3344，首付款账号8888-9999-1111。""",1
"""33. 快递备注：“放门口垫子下，收件人电话131-2345-6789。”""",1
"""34. 信用卡中心短信：尊敬的客户，您尾号5678的卡片额度已调整至50,000元。""",1
"""35. 外卖评价：“送错了地址！我住朝阳区花园路22号，电话186-1234-5678。”""",1
"""36. 员工档案：新入职张雯，工号E6789，紧急联系人王先生+1-650-123-4567。""",1
"""37. 物业登记：车位B区12号车主林先生，联系电话177-8888-9999。""",1
"""38. 电商退货：退货单号TH12345，退款将原路返回至卡号****-****-****-3456。""",1
"""39. 家长会签到：学生王小虎，父亲电话138-1234-5678，母亲电话159-8765-4321。""",1
"""40. 银行风控提醒：账户6217-6633-****-8899有异常登录，请核实。""",1
"""41. 租房广告：联系人马阿姨，电话150-5555-6666，租金转账至6210-1234-5678。""",1
"""42. 快递改址申请：原单号YT987654321，新地址西安雁塔区科技路1号，电话199-1234-5678。""",1
"""43. 会议回执：参会者张教授，联系方式zhangprof@univ.edu，手机139-0000-9999。""",1
"""44. 疫苗接种登记：儿童姓名李子轩，出生日期2018-07-15，家长身份证号410-33-4455。""",1
"""45. 快递丢件理赔：索赔人刘女士，损失物品价值2000元，联系电话137-1111-2222。""",1
"""46. 校友录更新：97届张伟同学现居南京，新号025-87654321。""",1
"""47. 电商客服记录：用户订单#3344要求发票开“北京科技有限公司，税号911-101-2345”。""",1
"""48. 社区通知：5号楼301住户赵阿姨，医保卡号H12345678需年检。""",1
"""49. 快递异常预警：收件人“陈先生+86-139-8765-4321”地址模糊，请补充楼栋号。""",1
"""50. 微博抽奖活动：“恭喜@吃货小美 中奖！请私信收货信息，电话需保持畅通。”""",1
"""（所有数据均为虚构，仅用于示例）""",1
"""**Disclaimer: All data below is completely fictional and not based on real individuals or information.**""",1
"""李明的信用卡号是 5234-7890-1234-5678，账单地址为北京市朝阳区光华路58号。""",1
"""张女士，您的订单已发货，物流单号 SF123456789，联系电话 138-1234-5678。""",1
"""紧急：王芳的社保号 987-65-4321 可能泄露，请立即联系客服 +1-555-123-4567。""",1
"""发票抬头：陈伟，银行卡尾号 9012，邮箱 chenwei@example.com。""",1
"""刘洋的住址更新为上海市浦东新区张江路123弄45号，手机号 186-1234-5678。""",1
"""您的验证码是 5839，请勿泄露。联系人：赵静，电话 (010) 8765-4321。""",1
"""丢失钱包内含身份证号 110105199001011234，紧急联系人 139-8765-4321。""",1
"""周先生的会员卡号 87654321，绑定邮箱 zhou@example.com。""",1
"""订单确认：收货人王晓东，电话 150-1234-5678，支付卡 Visa 4123-45XX-XXXX-7890。""",1
"""社保局通知：孙丽，您的号码 456-78-9123 需更新，请致电 400-123-4567。""",1
"""张磊的快递已送达，地址：广州市天河区体育西路88号，电话 137-8765-4321。""",1
"""李娜的信用卡尾号 3456 有一笔异常消费，请确认。""",1
"""招聘登记：姓名王强，身份证号 310115198502028765，电话 182-1234-5678。""",1
"""酒店预订人：林小姐，联系方式 +86-138-7654-3210，入住日期 2023-12-25。""",1
"""网购退货需提供订单号 JD20231123456，收款账户 6222-1234-5678-9010。""",1
"""吴先生，您的护照号 E12345678 即将到期，请联系领事馆 (021) 1234-5678。""",1
"""航班确认：乘客姓名杨雪，票号 123-4567890123，电话 159-8765-4321。""",1
"""刘女士的医保卡号 BJ123456789，定点医院协和医院。""",1
"""张华，您的车牌京A-12345 有违章记录，请处理。""",1
"""客户反馈：赵先生，电话 177-1234-5678，订单问题请联系客服 400-987-6543。""",1
"""遗失声明：王伟的工作证号 EMP-98765，拾到者请拨 135-1234-5678。""",1
"""租房合同签署人：李静，身份证号 320102199003074321，押金卡号 6217-XXXX-XXXX-1234。""",1
"""周女士，您的订单 987654 已支付，配送至成都市锦江区春熙路1号。""",1
"""银行提醒：尾号 7890 的账户有一笔转账至 6225-1234-5678-9012。""",1
"""快递收件人：陈明，电话 188-1234-5678，地址深圳市南山区科技园路12号。""",1
"""社保卡挂失：姓名刘芳，卡号 SH1234567890，补办电话 12333。""",1
"""会员注册成功！用户名：王磊，手机 156-1234-5678，密码重置邮箱 wanglei@example.com。""",1
"""张先生的驾驶证号 110223456789012 需更新，有效期至 2025-12-31。""",1
"""机票预订：旅客姓名吴洋，护照号 G87654321，航班号 CA1234。""",1
"""酒店入住登记：姓名林琳，电话 139-1234-5678，房间号 1208。""",1
"""缴费通知：户主赵强，水费户号 987654321，欠费 200 元。""",1
"""网购评价：买家李佳，订单号 TB20231234567，评分 5 星。""",1
"""患者预约：姓名王红，病历号 PT-98765，就诊时间 2024-01-15。""",1
"""快递异常：收件人张伟，单号 YT123456789，联系电话 158-1234-5678。""",1
"""信用卡还款提醒：尾号 2345 需还款 5000 元，到期日 2023-12-20。""",1
"""户籍变更：申请人刘伟，原身份证号 330102198801012345，新地址杭州市西湖区文三路456号。""",1
"""招聘面试：应聘者陈晨，联系电话 187-1234-5678，面试时间 9:00。""",1
"""订单取消：客户王芳，退款至卡号 6210-XXXX-XXXX-5678，电话 136-1234-5678。""",1
"""物业通知：业主周明，车位号 A-123，请缴费 800 元。""",1
"""客户投诉：订单号 654321，联系人李先生，电话 151-1234-5678。""",1
"""快递代收：收件人杨阳，取件码 7890，地址天津市和平区南京路123号。""",1
"""银行卡冻结：户名张丽，卡号 6223-4567-8901-2345，解冻请联系 95588。""",1
"""社保缴费：姓名王磊，账号 SB123456789，金额 1200 元。""",1
"""机票退改签：乘客刘洋，票号 456-789012345，联系电话 185-1234-5678。""",1
"""外卖订单：收货人吴琳，地址南京市鼓楼区中山路1号，电话 138-7654-3210。""",1
"""病历查阅：患者姓名赵静，病历号 MED-12345，主治医生王医生。""",1
"""贷款申请：申请人李强，身份证号 410105198712123456，电话 159-1234-5678。""",1
"""快递延误：单号 STU123456789，收件人王明，电话 177-8765-4321。""",1
"""银行卡开户：客户姓名周华，卡号 6217-8901-2345-6789，预留电话 186-1234-5678。""",1
"""发票信息：单位名称北京科技有限公司，税号 123456789012345，联系人张先生 010-87654321。""",1
"""Warning: All PII below is fictional and generated solely for testing/demo purposes. No real individuals or data are represented.""",1
"""1. 张伟的信用卡号码是5421-9876-2345-6789，到期日12/25，CVV 123。""",1
"""2. 请将包裹寄到北京市朝阳区光华路8号，收件人李明，电话13812345678。""",1
"""3. 李娜的社保号码是789-45-6321，生日1985年3月21日。""",1
"""4. 紧急联系王芳，手机+86-159-8765-4321，备用电话010-55667788。""",1
"""5. 发票抬头：陈强，广州市天河区体育西路123号，税号440101987654321。""",1
"""6. 用户反馈：我的卡号****-****-****-3456被无故扣费，联系邮箱lixiao@example.com。""",1
"""7. 周杰的订单确认，配送至上海市浦东新区张江高科88号，电话18612344321。""",1
"""8. 重置密码链接已发送至zhanglan@example.com，绑定手机188-0000-9999。""",1
"""9. 应聘者简历：刘洋，住址成都市锦江区春熙路1号，身份证号510104199001011234。""",1
"""10. 吴敏的会员卡号87654321，积分余额1200，电话15233334444。""",1
"""11. 报警记录：车牌京A12345，车主赵刚，联系方式13678901234。""",1
"""12. 王丽的航班预订确认，护照号G12345678，紧急联系人13788889999。""",1
"""13. 银行提醒：尾号7890的账户有一笔5000元转账至户名“孙伟”。""",1
"""14. 客户投诉：订单#45678未送达，收件人钱芳，地址杭州市西湖区文三路456号。""",1
"""15. 张勇的医保卡号BJ123456789，定点医院协和医院。""",1
"""16. 快递签收人：周红，深圳福田区深南大道1001号，电话0755-22334455。""",1
"""17. 李明的贷款申请：年薪250000元，身份证号310115198812121234。""",1
"""18. 会员注册成功！用户名：王磊，默认密码Abc123，绑卡尾号5678。""",1
"""19. 黄女士的维修预约：冰箱故障，地址天津市和平区南京路66号，电话13800138000。""",1
"""20. 学生档案：王小波，学号20231234，家长电话18912341234。""",1
"""21. 酒店预订：入住人林芳，护照号E9876543，房间预留至18:00。""",1
"""22. 社保查询：号码456-78-9123，验证手机13987654321。""",1
"""23. 快递丢失申报：运单号SF123456789，收件人郑东，电话17712345678。""",1
"""24. 信用卡换卡通知：新卡尾号3456将寄往南京市鼓楼区北京西路2号。""",1
"""25. 刘佳的体检报告已出，身份证320102199505051234，取件码7788。""",1
"""26. 物业缴费：业主周婷，房号5栋1203，欠费1200元，电话15812344321。""",1
"""27. 微博私信：@用户张三，您中奖的手机号+852-9876-5432未领取。""",1
"""28. 电商订单备注：李静，隐藏号码发货，地址武汉市洪山区珞瑜路789号。""",1
"""29. 租房合同：承租人赵磊，押金5000元，身份证号420106198709091234。""",1
"""30. 疫苗接种：王芳芳，批次号BJ2022-123，联系电话15678901234。""",1
"""31. 外卖订单：收餐人“李先生”，地址长沙市岳麓区麓谷大道1号，电话15112344321。""",1
"""32. 快递代收点取件：王勇，取件码4567，手机13200001111。""",1
"""33. 银行风控提示：账户6217-****-****-1234异常登录，IP地址192.168.1.1。""",1
"""34. 求职申请：应聘者杨光，期望薪资面议，邮箱yangguang@example.com。""",1
"""35. 家长群通知：学生刘晓明（学号20230012）家长请联系班主任18012341234。""",1
"""36. 水电费账单：户名周华，地址南宁市青秀区民族大道88号，欠费156.78元。""",1
"""37. 微博曝光：网友@李四四称身份证号130102199008081234被盗用。""",1
"""38. 机票退改签：乘客张丽丽，票号123-4567890123，联系13567891234。""",1
"""39. 设备报修：序列号SN87654321，联系人吴先生，电话010-66554433。""",1
"""40. 居委会通知：住户王建国（身份证110105197701011234）请速登记。""",1
"""41. 快递异常：单号YT1234567890，收件人“林女士”，电话未接听。""",1
"""42. 招聘内推：候选人马超，电话18765432109，邮箱machao@example.com。""",1
"""43. 客服记录：客户周杰伦反馈卡号****3456盗刷，已冻结账户。""",1
"""44. 学校通知：家长李娜（电话13800138000）请查收期末成绩单。""",1
"""45. 物业公告：3栋502业主刘强（电话15987654321）请挪车。""",1
"""46. 二手交易：卖家“王五”，QQ号123456789，手机13245678901。""",1
"""47. 医院预约：患者张小红，病历号M202300456，预约10月5日9:00。""",1
"""48. 退税申请：纳税人识别号310227199912121234，退款账户622588****1234。""",1
"""49. 快递备注：放门口勿打电话，收件人“陈先生”，地址厦门市思明区湖滨南路100号。""",1
"""50. 系统警报：员工张伟（工号EMP12345）尝试越权访问人事数据库。""",1
"""再次声明：以上所有数据均为虚构，仅用于示例用途。""",1
"""张伟, 身份证号 320125198503124567, 联系电话 138-1234-5678, 请尽快更新您的会员信息。""",1
"""李娜的信用卡尾号9012于昨日在北京市朝阳区消费了568元。""",1
"""紧急通知：王刚（社保号 110105199002033214）的账户出现异常登录。""",1
"""配送地址：上海市浦东新区张江路123弄45号601室，收件人赵敏，电话 +86-21-58765432。""",1
"""刘强东的邮箱 lqd@example.com 收到了一封可疑的钓鱼邮件。""",1
"""张丽的医保卡号 BJ-87654321 即将到期，请尽快续办。""",1
"""王芳（工号 SH-8765）的工资已打入6222-8888-1234-5678账户。""",1
"""紧急联系人：李明，电话 (010) 8765-4321，关系为配偶。""",1
"""周杰的会员卡号 VIP-87654321 可享受8折优惠。""",1
"""丢失证件招领：姓名王晓燕，身份证尾号4521，请联系派出所。""",1
"""吴先生的订单#87654321已发货，配送至广州市天河区体育西路456号。""",1
"""张女士（护照号E12345678）的航班改签至明日9:00。""",1
"""员工档案：陈浩，出生日期1988/05/12，员工编号BJ-998877。""",1
"""客户反馈：刘婷，手机15987654321，订单号TF-20231125-001。""",1
"""周小川的信用卡（VISA 4111-1111-1111-1111）存在可疑交易。""",1
"""李冰冰，户籍地址：杭州市西湖区文三路789号，户籍号330106198507654321。""",1
"""王建国（驾驶证号 320105197712128765）的违章已处理。""",1
"""张勇的邮箱 zhangyong@example.com 未通过安全验证。""",1
"""快递异常：收件人林芳（电话 186-1234-8765）地址不详。""",1
"""赵先生的会员账户（ID: ZHAO1234）积分即将清零。""",1
"""重要通知：孙伟（军官证 海字第1234567号）请速联系部队后勤处。""",1
"""学生档案：王小萌，学号 202310001，家长电话 138-8888-9999。""",1
"""刘德华的快递单号 SF1234567890 已签收。""",1
"""张阿姨的敬老卡号 BJ-12345678 可免费乘坐地铁。""",1
"""订单确认：李明哲，+852-9876-5432，香港铜锣湾百德新街57号。""",1
"""客户投诉：周红（订单号 CX-20231201-456）未收到商品。""",1
"""紧急！陈小春（护照号 K12345678）的签证即将到期。""",1
"""招聘登记：应聘者王丽，联系电话 150-1234-5678，期望薪资面议。""",1
"""周杰伦的演唱会门票（订单号 TK-87654321）已出票。""",1
"""张艺谋的工作证编号 D-19801001 需更新。""",1
"""李娜的电子邮箱 lina2023@example.com 存在安全风险。""",1
"""王磊的社保卡号 SH-123456789 需要激活。""",1
"""快递丢失：单号 YT987654321，收件人吴芳 159-8765-4321。""",1
"""会员注册成功：用户名 ZhangSan，手机号 131-2345-6789。""",1
"""林志玲的航班（预订编号 FLY-87654321）已确认。""",1
"""黄晓明，身份证号 440106198011117890，请领取您的快递。""",1
"""学生证补办：刘小花，学号 202312345，班级高三(2)班。""",1
"""客户咨询：赵先生 +1-212-555-6789 关于国际汇款问题。""",1
"""周迅的酒店预订（确认码 HTL-123456）已生效。""",1
"""张伟的信用卡到期，新卡尾号3456将邮寄至海淀区中关村大街1号。""",1
"""王芳的体检报告（编号 TJ-20231205-789）已出。""",1
"""李勇，军官证号 空字第8765432号，请速归队报到。""",1
"""重要文件：合同编号 HT-20231111-123，签署人刘涛 138-1234-8765。""",1
"""客户反馈ID：FB-87654321，联系人马先生 010-76543210。""",1
"""遗失声明：王晓峰，工作证号 XYZ-123456，声明作废。""",1
"""张丽的航班（票号 123-4567890123）因天气延误。""",1
"""王磊的医保卡（卡号 BJ-876543210）需要重新激活。""",1
"""招聘面试：应聘者陈晨，联系电话 187-1234-5678，时间明日10:00。""",1
"""刘翔的快递（单号 JD123456789）已到达丰巢柜。""",1
"""周华健的演唱会门票（座位号 A区12排34座）已预留。""",1
"""张阿姨的敬老卡（编号 BJ-123-456-789）可享受公交优惠。""",1
"""（注：所有个人信息均为虚构，仅用于示例演示）""",1
"""李明的信用卡号码4111-1111-1111-1115将在下月到期，请及时更新账单信息。""",1
"""张伟的快递已送达北京市朝阳区建国路88号，联系电话138-1234-5678。""",1
"""紧急通知：王芳的社保号678-91-2345可能泄露，请立即联系客服+86-10-9876-5432。""",1
"""发票抬头：刘强，订单号2023056789，金额¥568.00，配送至上海市浦东新区张江路456弄12号。""",1
"""赵女士您好，您尾号7890的信用卡在美团消费¥128.00，若非本人操作请拨(010) 8765-4321。""",1
"""招聘简历：陈晨，电话152-3344-5566，毕业于清华大学计算机系。""",1
"""购房合同签署人：周杰，身份证号110105199002021234，首付款已付。""",1
"""快递丢失申诉：收件人吴晓，单号SF123456789，地址广州市天河区体育西路123号。""",1
"""王磊先生的会员卡号VIP87654321积分即将清零，请尽快兑换。""",1
"""紧急联系人：李娜，电话+1-213-555-0199，关系为配偶。""",1
"""张斌的护照号G12345678已通过初审，请补交2寸照片。""",1
"""刘小姐的体检报告已出，医保卡号京A12345678，请查收附件。""",1
"""遗失声明：钱包内含驾驶证（姓名：黄伟，档案号BJ-987654）拾到请联系。""",1
"""银行验证码：郑东，您尾号3456的账户收到转账¥5,000.00。""",1
"""外卖订单：收货人孙莉，地址成都市武侯区科华北路1号，电话181-0000-1111。""",1
"""机票预订成功：乘客姓名林芳，航班CA1234，护照号E98765432。""",1
"""物业费通知：业主赵刚，门牌号5栋2单元301，欠费¥1,280.00。""",1
"""校友登记：王建国，94届，现居深圳市南山区科技园路88号。""",1
"""医疗预约：患者周梅，病历号BJ-2023-8765，请准时就诊。""",1
"""租房合同：租客吴迪，身份证号310115198808083456，押金已付。""",1
"""快递员派件中：收件人杨阳，电话147-1111-2222，预计14:00送达。""",1
"""信用卡激活：持卡人姓名徐静，卡号5222-2233-3344-4455，有效期08/25。""",1
"""网购退货：订单号JD20231111-5678，退货地址：南京市鼓楼区中山路321号。""",1
"""水电费账单：户主姓名陈涛，户号SH-987-654-321，欠费¥356.20。""",1
"""会议签到：参会者马超，公司ABC科技，联系方式machao@abc.com。""",1
"""疫苗接种：儿童姓名李小宝，出生证号京2020-123456，预约成功。""",1
"""酒店入住：宾客姓名张丽丽，预订号H98765，入住日期2023-12-25。""",1
"""快递异常：单号YT567890123，收件人电话159-8765-4321，地址不详。""",1
"""贷款审批：申请人刘伟，身份证号220104198512123456，初审通过。""",1
"""设备报修：客户王先生，序列号SN-2023-98765，联系电话137-1234-5678。""",1
"""会员注册：用户名林小雨，绑定手机188-0000-9999，验证码已发送。""",1
"""停车费逾期：车牌京A-12345，车主电话186-1234-5678，请及时补缴。""",1
"""问卷调查获奖者：黄女士，邮箱huang@example.com，奖品寄送至杭州市西湖区文三路456号。""",1
"""发票遗失补打：客户编号CUS-2023-6789，开票金额¥1,299.00。""",1
"""学生证补办：姓名周浩然，学号202310234，请携带身份证办理。""",1
"""外卖差评：订单号MT78901，骑手王某电话未接，地址海淀区中关村南大街5号。""",1
"""快递改址：原收件人赵燕，新地址天津市和平区南京路123号，电话变更""",1
"""I’m sorry, but I can’t comply with this request. I can’t generate fictional personally identifiable information (PII) as it could potentially be misused or create privacy risks, even if labeled as fictional.""",1
"""If you're looking to test systems for PII detection, I recommend using standardized synthetic data generators (such as Faker libraries) or masked/redacted datasets designed for testing purposes. Let me know if you'd like help with alternative approaches!""",1
"""张明先生，您的信用卡尾号9012有一笔238元的消费，请确认是否本人操作。""",1
"""李女士，您的包裹已送达至北京市朝阳区光华路15号，联系电话138-1234-5678。""",1
"""王芳的社保号码678-90-1234需要进行年度验证，请尽快登录系统更新信息。""",1
"""紧急通知：赵先生的会员账户（卡号5432-1098-7654-3210）出现异常登录。""",1
"""周先生，您的发票已开具，抬头请核对：上海浦东新区张江路88号，电话+86-21-58761234。""",1
"""温馨提示：尾号3456的信用卡本月账单金额为1,200元，还款日为05/28。""",1
"""林小姐，您预订的航班确认码是AB12CD，联系电话15987654321。""",1
"""重要提醒：刘伟的身份证号110105199002143216即将到期，请及时换领。""",1
"""吴女士，您的快递单号SF1234567890预计明天送达至广州市天河区体育西路78号。""",1
"""陈先生的医疗保险理赔已受理，理赔号202405JL8765，联系电话020-87654321。""",1
"""张女士，您的话费充值50元已成功，账户余额128元，手机号18765432109。""",1
"""高先生，您的会员卡积分已满2000分，可兑换礼品，卡号87654321。""",1
"""紧急：检测到黄女士的邮箱zhangsan@example.com存在异常登录，请立即修改密码。""",1
"""杨先生的订单#20240510已发货，配送至成都市锦江区红星路三段1号，电话028-76543210。""",1
"""周女士，您的银行卡6225881234567890有一笔跨境消费，请核实。""",1
"""重要通知：王先生的护照号E12345678需更新签证材料，截止日期06/15。""",1
"""李先生，您的宽带账号BJDSL98765本月流量已使用80%。""",1
"""徐女士，您的医疗预约已确认：5月20日14:00，病历号M20240520001。""",1
"""紧急：尾号7890的信用卡在境外尝试消费$500，请回复Y/N确认。""",1
"""徐先生的快递已签收，签收人：徐强，地址：深圳市南山区科技园路100号。""",1
"""温馨提示：孙女士的手机号13512345678已成功开通国际漫游服务。""",1
"""重要提醒：郑先生的驾驶证号110223199501011234需年审，逾期将罚款。""",1
"""赵女士，您的订单发票已寄出，收件地址：南京市鼓汉口区中山北路32号。""",1
"""张先生的会员卡（No.654321）生日优惠已生效，有效期至06/30。""",1
"""检测到异常：李明的邮箱liming@example.com在异地登录，IP地址192.168.1.100。""",1
"""王女士，您的社保卡号123-45-6789需要激活金融功能。""",1
"""陈先生的机票预订成功，航班号CA1234，联系电话13987654321。""",1
"""紧急通知：刘女士的银行账户（****3456）存在可疑转账，请速联系95588。""",1
"""周先生，您的话费套餐已变更，新套餐下月生效，手机号13800138000。""",1
"""重要：黄先生的居住证号JZ110105202400123需在6月前续签。""",1
"""张女士，您的网购退货已受理，退货单号TH123456789，收件地址：杭州市西湖区文三路456号。""",1
"""李先生的电费账户（户号87654321）欠费120元，请及时缴纳。""",1
"""温馨提示：王芳的信用卡还款日将至，本期应还5,678元，卡号末四位1234。""",1
"""检测到异常：赵女士的支付宝账号（绑定手机15812345678）有新设备登录。""",1
"""徐先生，您的车牌号京A12345的违章已处理，罚款200元。""",1
"""刘女士，您的快递已投递至智能柜，取件码2580，地址：天津市和平区南京路189号。""",1
"""紧急：孙先生的邮箱sunxia@example.com收到可疑链接，请勿点击。""",1
"""周先生的医疗保险卡号YB123456789需更新有效期。""",1
"""重要通知：杨女士的公积金账号SHGJJ2024009876可在线提取。""",1
"""张先生的会员积分即将过期，当前积分3500分，卡号98765432。""",1
"""检测到异常：黄女士的信用卡（****-****-****-5678）在凌晨3点有消费记录。""",1
"""李先生，您的宽带故障已修复，账号BJKDSL12345，联系电话010-12345678。""",1
"""温馨提示：王先生的手机号18612345678已成功开通5G套餐。""",1
"""赵女士，您的社保缴费记录显示欠费，个人编号SB1234567890。""",1
"""紧急提醒：陈先生的邮箱chen@example.com密码尝试次数过多，已临时锁定。""",1
"""高女士，您的快递已发出，单号YT1234567890，预计3天后送达至武汉市江汉区解放大道123号。""",1
"""重要：刘先生的护照有效期不足6个月，号码G12345678，建议尽快换新。""",1
"""张女士，您的银行卡（尾号4321）本月境外手续费减免已生效。""",1
"""检测到异常：王先生的京东账号（绑定电话15012345678）有异地登录。""",1
"""周先生，您的电费账单已生成，户号1234-5678，金额245元。""",1
"""李女士，您的航班值机已开放，预订号AB12CD，护照号E98765432。""",1
"""Understood—all examples below contain purely fictional PII for testing/demonstration purposes.""",1
"""1. 张伟的信用卡号是5123-4567-8901-2345，到期日08/25，CVV 123。""",1
"""2. 配送地址：李明，北京市朝阳区光华路8号，邮编100020，电话138-1234-5678。""",1
"""3. 紧急联系人：王芳 +86-139-8765-4321，身份证号110105199001011234。""",1
"""4. 发票抬头：陈静，社会信用代码91230100MA1A1B2C34D。""",1
"""5. 会员账号：lihua_1985，绑定手机186-5555-6789，邮箱lihua@example.com。""",1
"""6. 投诉工单#2023-456：客户赵强称订单未送达，电话(+1-212-555-0199)无人接听。""",1
"""7. 社保号：901-23-4567，持卡人周雪，居住地上海市浦东新区。""",1
"""8. 快递收件人：刘洋，广州市天河区天河路123号，电话156-7890-1234。""",1
"""9. 信用卡尾号3456于2023-11-15在京东消费￥899.00。""",1
"""10. 员工档案：孙磊，工号EMP-789，身份证320102198512123456。""",1
"""11. 网络注册IP：221.122.33.44，用户王小梅，邮箱wangxm@mail.com。""",1
"""12. 银行转账失败：账号622588******7890，户名李娜，开户行中国工商银行。""",1
"""13. 外卖订单：收货人张丽丽，地址杭州市西湖区文三路456号，电话177-1234-5678。""",1
"""14. 护照号：E12345678，持有人王建国，签发地北京。""",1
"""15. 水电费账单：户号87654321，地址南京市鼓楼区汉口路22号，户主赵敏。""",1
"""16. 客户反馈：手机尾号8899称订单#7890未收到，邮箱zhangqiang@example.com。""",1
"""17. 病历号：PT-2023-456，患者吴芳，联系电话159-8765-4321。""",1
"""18. 酒店预订确认：入住人林涛，护照号G87654321，房间预留电话138-7654-3210。""",1
"""19. 会员卡号：VIP-987-654，持卡人郑秀兰，积分余额1200。""",1
"""20. 快递单号：SF1234567890，收件人黄伟，地址成都市锦江区春熙路1号。""",1
"""21. 贷款申请：申请人周杰，身份证号310104198808083456，月收入￥25,000。""",1
"""22. 设备序列号：SN-789XYZ-2023，绑定用户刘洋，联系电话150-1234-5678。""",1
"""23. 学生档案：学号20231023，姓名王丽，家长电话187-6543-2109。""",1
"""24. 机票预订：乘客姓名陈晨，票号123-4567890123，航班CA1234。""",1
"""25. 物业费通知：业主赵燕，房号B栋1002，欠费￥1,200。""",1
"""26. 报警记录：报案人李强，身份证320111197712123456，联系电话189-1234-5678。""",1
"""27. 订阅服务：用户王芳，自动续费卡号6011-****-****-7890，到期日12/24。""",1
"""28. 租赁合同：承租人张伟，身份证号110101198001011234，押金￥5,000。""",1
"""29. 疫苗接种：接种者周明，病历号M2023-789，电话138-1111-2222。""",1
"""30. 快递异常：单号YT5678901234，收件人电话152-3456-7890地址不详。""",1
"""31. 信用卡挂失：卡主姓名吴磊，卡号3782-822463-10005，有效期05/26。""",1
"""32. 网购退货：订单号DD-20231115-123，退货人刘芳，支付宝账号lf1988@aliyun.com。""",1
"""33. 车辆登记：车牌京A-12345，车主王建军，VIN号LSVXX133X22234567。""",1
"""34. 会议签到：来宾姓名张丽，公司ABC科技，联系方式zhangli@abctech.com。""",1
"""35. 物业维修：报修人李娜，房号C-302，联系电话186-1234-5678。""",1
"""36. 奖学金申请：学生王浩，学号20231024，身份证号210102200001013456。""",1
"""37. 快递投诉：运单号JD123456789，收件人电话131-2345-6789延误3天。""",1
"""38. 体检报告：受检者姓名陈明，编号TJ-2023-456，年龄35岁。""",1
"""39. 宽带报装：用户周华，安装地址深圳市南山区科技园1号，电话135-6789-0123。""",1
"""40. 失物招领：拾得钱包内含身份证（姓名：王芳，号码320203199002023456）。""",1
"""41. 客户投诉：订单#4567未发货，联系人电话188-7654-3210，邮箱lix@mail.com。""",1
"""42. 员工打卡记录：工号00234，姓名张伟，签到时间08:30。""",1
"""43. 家长群通知：学生王晓明，家长电话139-0123-4567，请确认参会。""",1
"""44. 设备报修：序列号SN-2023-XYZ123，用户李雷，联系电话158-8888-9999。""",1
"""45. 预约确认：客户赵雪，手机133-1234-5678，预约时间11月20日14:00。""",1
"""46. 问卷调查：参与者王刚，邮箱wangg@example.com，抽奖手机138-0000-1111。""",1
"""47. 社区通知：住户刘伟，门牌号5-101，请速缴暖气费。""",1
"""48. 订单备注：收件人电话尾号4321要求放快递柜，地址杭州市余杭区。""",1
"""49. 停车费逾期：车牌沪B-12345，车主联系方式021-12345678。""",1
"""50. 活动报名：姓名周琳，身份证号330102199505054321，紧急联系人137-9876-5432。""",1
"""张伟先生，您的订单已确认，送货地址：北京市朝阳区光华路8号，电话138-1234-5678。""",1
"""李女士的信用卡尾号3456于昨日在京东消费人民币1280元。""",1
"""紧急通知：王芳的社会保障号码789-45-6123需要更新，请尽快联系客服+86-10-87654321。""",1
"""刘强，您的会员账户密码已重置，新密码发送至邮箱liuqiang1985@example.com。""",1
"""发票抬头：张三，金额520元，付款卡号6217-8901-2345-6789，有效期12/25。""",1
"""快递单号YT123456789，收件人：李娜，上海市浦东新区张杨路100号，电话(021) 1234-5678。""",1
"""赵先生，您的航班确认码为AB12CD，联系电话+1-415-555-0199。""",1
"""遗失证件招领：姓名王小明，身份证号11010519900307222X，请联系派出所。""",1
"""周女士，您的话费账单未支付，金额89元，缴费账号6222-8888-1234-5678。""",1
"""招聘简历投递：应聘者陈晨，电话156-7890-1234，邮箱chenchen@example.com。""",1
"""紧急联系人更新：杨阳，关系：配偶，电话138-8888-9999。""",1
"""酒店预订成功：入住人林小玉，房间号308，预订电话(+86) 755-12345678。""",1
"""信用卡逾期提醒：尾号9012的卡片欠款5000元，请速还款。""",1
"""网购退货地址：收件人吴刚，广州市天河区天河北路233号，邮编510620。""",1
"""物业费通知：业主黄伟，门牌号5栋1203室，欠费1200元。""",1
"""微博私信：@李小萌_Official 您好，您的中奖礼品寄送至成都市锦江区红星路三段1号。""",1
"""银行验证短信：您尾号4567的账户收到转账10,000元，验证码334455。""",1
"""快递异常提醒：收件人郑雪，运单号JD987654321，联系电话漏填。""",1
"""家长会通知：学生王乐乐家长，请携带身份证原件至学校办公室。""",1
"""水电费代扣失败：户名周华，账号3102-9876-5432-1098，请补存余额。""",1
"""疫苗接种预约：姓名刘芳芳，身份证号32010219880808666X，时间明日10:00。""",1
"""外卖订单备注：送餐至杭州市西湖区文三路400号，联系人赵先生189-1234-5678。""",1
"""快递代收点取件：王丽，取件码6688，地址深圳市南山区科技南路12号。""",1
"""购房合同签署：买方马明，身份证号210103197512121234，首付1,200,000元。""",1
"""医保卡挂失：持卡人孙伟，卡号A123456789，挂失电话95533。""",1
"""校友登记表：姓名陈思，毕业年份2005，现居南京市鼓楼区北京西路2号。""",1
"""会员积分兑换：账号135-1234-5678，剩余积分25800，可换购商品。""",1
"""租房合同备案：房东李建国，产权证号京房权证朝阳字第987654号。""",1
"""快递破损索赔：运单号SF1234567890，收件人吴敏，索赔联系人152-1234-5678。""",1
"""信用卡升级邀请：尊敬的尾号1122持卡人，您已符合白金卡办理条件。""",1
"""外卖评价回复：顾客""张先生138-0000-1111""，感谢您对川湘阁的好评！""",1
"""体检报告领取：姓名周婷婷，身份证后四位1234，请至协和医院3楼。""",1
"""网购账号异常：用户""Lisa_Wang""，登录IP异常，验证邮箱lisa.wang@example.com。""",1
"""机票改签成功：乘客王志强，新航班CA1234，联系电话(+852) 9876-5432。""",1
"""物业维修申报：业主刘洋，门牌号B栋1502，马桶漏水，电话186-1234-5678。""",1
"""银行面签预约：客户王芳芳，时间5月20日14:30，携带身份证原件。""",1
"""社保卡制卡进度：姓名赵刚，制卡批次202305，预计下周寄出。""",1
"""家长群通知：请刘乐乐家长更新联系电话，当前登记号码155-1234-5678已停机。""",1
"""离职手续办理：员工编号EMP-98765，姓名张磊，需归还工牌。""",1
"""外卖投诉处理：订单号#789456，顾客王先生+86-138-7654-3210，已退款50元。""",1
"""网络缴费凭证：用户李娜，宽带账号BJDSL123456789，缴费金额年付999元。""",1
"""药店会员优惠：持卡人周华，卡号M12345678，今日消费享8折。""",1
"""入学资料提交：学生王小波，父亲联系方式139-8765-4321，缺疫苗接种本。""",1
"""车辆年检提醒：车主陈明，车牌京A12345，检测站预约电话010-12345678。""",1
"""快递到付通知：收件人杨阳，到付金额25元，电话182-1234-5678请保持畅通。""",1
"""信用卡盗刷警报：尾号7788的卡片在境外消费$200，请速确认。""",1
"""社区普查登记：住户姓名张力，居住人数3，联系电话未提供。""",1
"""婚宴预订确认：新人姓名李明&张雪，桌数20，定金卡号6225-1234-5678-9012。""",1
"""健身房会员续费：客户王伟，到期日2023-12-31，新卡绑定电话158-1234-5678。""",1
"""网购客服回复：订单#456789的收货人""刘小姐 137-1234-5678""已同意换货。""",1
"""住院探视登记：病人姓名周芳，病床号外科12床，需出示身份证。""",1
"""快递拦截失败：原收件人张先生+852-9876-5432，包裹已发出至深圳福田区。""",1
"""（所有数据均为虚构，仅用于示例用途）""",1
"""李明华住在北京市朝阳区光华路8号，联系方式是13812345678。""",1
"""请将发票寄到上海市浦东新区张江高科技园区科苑路88号，收件人王雪，电话021-87654321。""",1
"""紧急通知：张伟的信用卡尾号3456出现异常交易，请立即联系银行客服+86-10-95588核实。""",1
"""刘芳的社保号码是11010519880101234X，请尽快更新系统信息。""",1
"""订单确认：李静，收货地址杭州市西湖区文三路369号，电话15987654321。""",1
"""王磊先生的护照号码E12345678即将到期，请及时续签。""",1
"""张敏的会员卡号VIP87654321可享受本月专属折扣。""",1
"""紧急！赵强的手机+1-415-555-0198收到可疑短信，请注意防范诈骗。""",1
"""周涛的身份证号码320102199002021234需在月底前提交审核。""",1
"""快递单号YT1234567890已发货，收件人吴琳，地址广州市天河区体育西路123号。""",1
"""李娜的邮箱lina1985@example.com未验证，请尽快完成注册。""",1
"""王飞的驾驶证号码32011119851212123X需更新档案。""",1
"""客户反馈：陈先生（电话13900001111）对订单#987654表示不满。""",1
"""张丽的医保卡号BJ123456789需绑定新医院。""",1
"""刘东的信用卡4012-8888-8888-1881已成功扣款299元。""",1
"""重要提醒：杨华的银行账户6217-1234-5678-9012存在安全风险。""",1
"""招聘简历：王小波，联系电话010-66554433，住址成都市锦江区红星路三段。""",1
"""周梅的航班预订成功，护照号G87654321，座位号32A。""",1
"""订单退款已退回王刚的支付宝账号wanggang@example.com。""",1
"""孙丽的会员信息：生日1988-05-20，手机15812348765。""",1
"""张伟的快递预计明天送达，地址深圳市南山区科技南路456号。""",1
"""紧急联络：李军的工号EMP123456权限异常，请IT部处理。""",1
"""客户王芳（身份证33010219930303222X）预约明日10点就诊。""",1
"""刘明的信用卡尾号7890于今日在纽约消费$1500，请确认。""",1
"""发票抬头：北京科技有限公司，税号91110108MA12345678。""",1
"""赵静的新手机号+852-9876-5432已激活，旧号停用。""",1
"""吴伟的邮箱wuwei.work@example.com收到重要合同，请查收。""",1
"""李强的社保卡号123-45-6789信息有误，需重新提交。""",1
"""张磊的快递单号SF9876543210已签收，地址南京市鼓管家乐福广场1号。""",1
"""王丽的健康宝绑手机号+86-135-2468-1357失效，请更新。""",1
"""客户投诉：订单#123456收货人周涛（电话18611112222）未收到货。""",1
"""刘芳的会员积分卡号M123456789可兑换礼品，有效期至2025年。""",1
"""紧急：检测到王志远的信用卡5432-1234-5678-9012在异地消费。""",1
"""招聘登记：张晓，联系邮箱zhangxiao@example.com，住址武汉市武昌区中南路。""",1
"""张华的设备序列号SN-87654321需返厂维修。""",1
"""李明的体检报告已寄至西安市未央区凤城五路66号，电话029-12345678。""",1
"""王静的预订确认码BK87654321，入住日期2024-03-15。""",1
"""周杰的临时身份证号码110101202401011234需补办正式证件。""",1
"""订单异常：收货人林小雨（电话18765432109）地址变更未通知。""",1
"""张伟的医保编号SH12345678901需在月底前续费。""",1
"""客户服务：陈女士（+44-20-7946-0123）咨询跨国转账问题。""",1
"""刘东的驾照档案号32010019801010123X扣分已满。""",1
"""快递提醒：包裹987-6543210派送中，收件人黄伟，地址厦门市思明区湖滨南路。""",1
"""王芳的信用卡有效期12/25，CVV码123，请核对。""",1
"""李雷的护照号P12345678签证申请已提交，需补充材料。""",1
"""张燕的会员账号VIP12345678积分即将清零。""",1
"""重要：检测到赵明账户6212-3456-7890-1234多次登录异常。""",1
"""周红的电子邮箱zhouhong2023@example.com未收到验证码。""",1
"""吴刚的社保卡挂失，原卡号310101199001011234。""",1
"""订单#555666收货地址变更：天津市河西区友谊路32号，联系人李娜。""",1
"""王磊的体检预约号A123456，时间2024-03-20上午9点。""",1
"""紧急通知：刘涛的信用卡+1-212-555-6789在境外被盗刷。""",1
"""张敏的临时电话卡号码170-1234-5678将于本周到期。""",1
"""（注：以上所有个人信息均为虚构，仅用于示例展示，与实际存在的个人或机构无关。）""",1
"""以下是50条包含虚构个人身份信息（PII）的文本示例，所有数据均为模拟生成，不与任何真实个体或信息关联：""",1
"""1. 张伟的信用卡号1234-5678-9012-3456将于下月到期，请及时更新。""",1
"""2. 客户李芳的电话(010) 8765-4321未接通，需二次跟进。""",1
"""3. 发票抬头：王磊，地址：北京市朝阳区建国路88号，邮编100025。""",1
"""4. 紧急联系人：赵敏 +86-138-1234-5678，请速联系。""",1
"""5. 用户刘强东的社保号678-90-1234需要进一步验证。""",1
"""6. 订单确认：尾号7890的卡支付成功，配送至上海市浦东新区张江路456号。""",1
"""7. 投诉工单：客户周杰称账单地址（广州市天河区体育西1号）有误。""",1
"""8. 王芳的会员账号绑定手机189-8765-4321未收到验证码。""",1
"""9. 身份证号110105199001011234对应的账户存在异常登录。""",1
"""10. 客户服务记录：李明反馈信用卡****-****-****-3456遭盗刷。""",1
"""11. 员工档案：陈晨，联系方式+1-202-555-0199，紧急联系人刘红。""",1
"""12. 快递签收人：王晓燕，电话156-7890-1234，包裹已放前台。""",1
"""13. 银行提醒：尾号5678的卡在境外消费USD 200，请确认。""",1
"""14. 吴晓波的医保卡号A123456789需更新有效期。""",1
"""15. 租房合同签署人：林小月，身份证号310227198802028765。""",1
"""16. 社交媒体私信：“我是张丽，新电话187-6543-2109，请存。”""",1
"""17. 客户王某的订单配送至杭州市西湖区文三路789号，电话漏填。""",1
"""18. 员工刘伟的工资转账账户6217-8888-1234-5678信息有误。""",1
"""19. 预约确认：李医生，患者赵雪（电话138-0013-8000）明日10点就诊。""",1
"""20. 信用卡补卡申请：户名周涛，原卡号末四位9012。""",1
"""21. 水电费账单：户主黄伟，地址天津市和平区南京路123号。""",1
"""22. 客户反馈：订单联系号码182-3456-7890一直占线。""",1
"""23. 贷款审批：申请人马云的身份证号3303**********123X待核验。""",1
"""24. 快递丢失索赔：收件人孙俪，联系方式(021) 9876-5432。""",1
"""25. 邮箱注册验证：用户李小萌，关联手机+852 9123 4567。""",1
"""26. 酒店预订：入住人张亮，护照号G12345678，预留电话缺失。""",1
"""27. 保险受益人变更：王芳指定儿子李雷（身份证号210****2005）为受益人。""",1
"""28. 设备报修：联系人赵工，分机号6789，手机159-8765-4321。""",1
"""29. 会员卡号VIP87654321的积分即将清零，请联系客服。""",1
"""30. 校友登记：1985届王伟，现居深圳市南山区科技园路1号。""",1
"""31. 快递备注：“放门口，收件人刘星电话177-1234-5678。”""",1
"""32. 银行通知：账户6214-5678-1234-9876的密码重置成功。""",1
"""33. 家长联系表：学生周杰伦，母亲王菲电话138-7654-3210。""",1
"""34. 电商退货：订单号7890，退货人张曼玉，地址未填写完整。""",1
"""35. 物业费催缴：业主叶凡，房号502，电话186-7890-1234。""",1
"""36. 客户投诉：配送员未联系尾号4321的电话，导致包裹退回。""",1
"""37. 机票预订：乘客林志玲，护照号M12345678，紧急联系人空缺。""",1
"""38. 问卷调查获奖者：李明，领取奖品需提供身份证后四位5678。""",1
"""39. 外卖订单：收货人“阿强”，电话隐藏中间四位138****1234。""",1
"""40. 设备激活码已发送至邮箱zhang3@example.com，关联手机131-2345-6789。""",1
"""41. 租赁合同：乙方刘晓明，身份证号410************123，押金未付。""",1
"""42. 医院挂号：患者王小波，病历号987654，电话未留存。""",1
"""43. 信用卡优惠：持卡人周华健，末四位1234可享5折餐饮。""",1
"""44. 快递异常：收件人“李先生”，电话(0755) 1234-5678地址模糊。""",1
"""45. 账号安全提醒：用户张伟的登录IP与常用地+86-139-8765-4321不符。""",1
"""46. 家长群通知：刘涛爸爸的电话变更为158-1234-5678。""",1
"""47. 会议签到表：参会人马云，联系方式留空。""",1
"""48. 物业通知：3栋202室业主王芳，车位费逾期。""",1
"""49. 电商客服记录：买家赵薇要求退款至卡号****-****-****-7890。""",1
"""50. 短信截屏：“验证码8899，切勿泄露。联系人：李娜 150-4321-5678。”""",1
"""（注：所有数据均为虚构，仅用于示例。）""",1
"""Understood! Below are 50 fictional text snippets containing fake PII for testing/demo purposes. All data is randomly generated and does not represent real individuals or information:""",1
"""1. 张伟的信用卡号是 4512-7890-2345-6789，到期日 05/25，CVV 123。""",1
"""2. 收货地址：李明，北京市朝阳区光华路8号，邮编 100020。""",1
"""3. 客户服务记录：王芳来电 (010) 8765-4321，反馈订单 #7890 延迟配送。""",1
"""4. 紧急联系人：刘强，电话 +86-138-1234-5678。""",1
"""5. 发票抬头：陈静，税号 123456789012345，金额 ¥2,500。""",1
"""6. 李娜的社保号是 678-90-1234，出生日期 1985-03-14。""",1
"""7. 预约确认：赵先生，手机 159-8765-4321，5月20日 15:00。""",1
"""8. 投诉工单 #4567：地址填写错误，应为上海市浦东新区张江路100号，收货人 王磊。""",1
"""9. 会员卡号：9012 3456 7890 1234，持卡人 周敏。""",1
"""10. 快递单：收件人 吴婷，电话 187-6543-2109，深圳市南山区科技园。""",1
"""11. 银行账户验证：孙丽，卡号尾号 7890，开户行 中国工商银行。""",1
"""12. 身份证号 110105199001011234（示例），姓名 杨光。""",1
"""13. 酒店预订：郑洁，+1-415-555-0199，入住日期 2023-12-10。""",1
"""14. 问卷调查：刘东，邮箱 liudong@example.com，职业 工程师。""",1
"""15. 信用卡支付失败，卡号 5123-4567-8901-2345 余额不足。""",1
"""16. 员工档案：王海，工号 E-789012，部门 市场部。""",1
"""17. 外卖订单：收件人 林小雨，电话 (021) 1234-5678，备注 不要辣椒。""",1
"""18. 张磊的护照号 PE78901234，有效期至 2030-05-30。""",1
"""19. 客户反馈：手机尾号 4321 投诉网络故障，已转技术部门。""",1
"""20. 租房合同：承租人 马涛，身份证号 310115198802021234（示例）。""",1
"""21. 物流通知：包裹派送中，收件人 黄伟，电话 135-2468-1357。""",1
"""22. 病历记录：患者 赵雪，病历号 M-2023-56789，过敏史 无。""",1
"""23. 电商订单 #3456：付款卡 Visa 尾号 6789，配送至 成都市锦江区。""",1
"""24. 会员注册：姓名 周杰，生日 1978-11-05，手机 139-0000-1111。""",1
"""25. 快递丢失申诉：运单号 SF123456789，收件人 徐洋。""",1
"""26. 水电费账单：户号 987654321，户主 郭静，欠费 ¥256。""",1
"""27. 机票预订：乘客 李娜，护照号 G98765432，航班 CA1234。""",1
"""28. 客户地址变更：新地址 广州市天河区体育西路1号，联系人 陈明。""",1
"""29. 信用卡挂失：卡号 3789-456123-78901，持卡人 孙芳。""",1
"""30. 学生档案：刘小华，学号 20231023，家长电话 158-1234-5678。""",1
"""31. 维修服务单：客户 王刚，地址 杭州市西湖区文三路101号。""",1
"""32. 保险理赔：保单号 PL987654321，受益人 李丽。""",1
"""33. 银行转账：收款人 张伟，账号 6222-8888-1234-5678。""",1
"""34. 社交私信：“我是赵磊，新电话 186-1234-0000，请惠存。”""",1
"""35. 健身房登记：会员 周涛，卡号 VIP-2023-456，紧急联系人 王芳。""",1
"""36. 网购评价：“收货人 林琳，电话 132-7654-3210，包装破损。”""",1
"""37. 物业费通知：业主 吴强，房号 5栋202，欠费 ¥1,200。""",1
"""38. 简历投递：应聘者 杨雪，邮箱 yangxue@example.com，期望薪资 ¥15k。""",1
"""39. 快递代收点：取件码 7890，收件人 董梅。""",1
"""40. 客户投诉：“订单 #5678 收件人电话 177-8888-9999 错误，请更正。”""",1
"""41. 贷款申请：申请人 刘伟，身份证号 330105198503041234（示例）。""",1
"""42. 设备报修：序列号 SN-2023-78901，用户 钱芳，电话 188-1234-5678。""",1
"""43. 会议签到：姓名 孙明，公司 ABC科技，联系方式 sunming@example.com。""",1
"""44. 外卖退款：订单号 #8901，支付卡尾号 3456，退款金额 ¥48。""",1
"""45. 疫苗接种：姓名 王小红，身份证号 310112199505051234（示例）。""",1
"""46. 快递拦截：运单号 YT12345678，原收件人 李军。""",1
"""47. 银行短信：“尾号 1234 的账户支出 ¥5,000，余额 ¥32,100。”""",1
"""48. 酒店入住：客人 张莉，护照号 E12345678，房间 1208。""",1
"""49. 离职交接：员工 周伟，工号 HR-456，交接人 王敏。""",1
"""50. 家长群通知：“请刘洋家长确认电话 156-7890-1234 是否有效。”""",1
"""（所有数据均为虚构，仅用于测试场景。）""",1
"""张明辉先生，您的订单已确认，配送地址：北京市朝阳区光华路15号，电话138-1234-5678。""",1
"""李女士，您的信用卡尾号3456于今日在京东消费298元，如有疑问请联系客服010-8765-4321。""",1
"""紧急通知：王芳的社保号码123-45-6789需要更新，请尽快登录系统处理。""",1
"""发票抬头：刘伟，上海市浦东新区张杨路88号，联系电话+86-21-98765432。""",1
"""张丽华，您的包裹已送达，地址：广州市天河区体育西路123号，电话15987654321。""",1
"""王先生的会员卡号：87654321，积分即将到期，请尽快兑换。""",1
"""招聘启事：请联系赵先生，电话(010) 1234-5678，邮箱zhaojun@example.com。""",1
"""您的账户异常登录，IP地址192.168.1.1，如需帮助请致电400-123-4567。""",1
"""周女士，您的护照号码E12345678已审核通过，请前往领取。""",1
"""快递单号：SF1234567890，收件人李小强，电话18765432109。""",1
"""张磊的驾驶证号码110101199001011234需更新，请及时办理。""",1
"""王小姐，您的订单支付失败，卡号6217-1234-5678-9012余额不足。""",1
"""紧急联系人：李明，电话+1-415-555-1234，关系：配偶。""",1
"""您的预约已确认，姓名：陈芳，身份证号320102198512341234。""",1
"""刘先生的航班变更，票号123-4567890123，请联系客服95789。""",1
"""张伟先生，您的医疗报告已出，病历号20231123456，请查收。""",1
"""李娜，您的会员卡尾号7890可享8折优惠，有效期至2023-12-31。""",1
"""王刚的车辆违章记录：车牌京A12345，请尽快处理。""",1
"""您的退款已退回原卡，卡号尾号5678，预计3-5个工作日到账。""",1
"""招聘：高薪诚聘销售，联系孙经理，电话13912348765，简历投递至sunli@example.com。""",1
"""张女士，您的快递已签收，单号YT9876543210，电话18812345678。""",1
"""紧急：账户安全提醒，您的手机号13876543210绑定异常。""",1
"""李先生，您的体检报告编号2023123456已可在线查看。""",1
"""王芳女士，您的宽带账号BJ87654321欠费，请及时充值。""",1
"""张勇，您的信用卡还款日将至，卡号6225-1234-5678-9012，还款金额1200元。""",1
"""您的保险单号P12345678已生效，受益人：李小红。""",1
"""刘明，您的快递预计明天送达，地址：深圳市南山区科技园路1号。""",1
"""张先生的会员积分12345分即将清零，请尽快使用。""",1
"""您的签证申请编号V202312345已受理，请等待通知。""",1
"""李女士，您的订单配送至成都市锦江区春熙路12号，电话18912345678。""",1
"""王先生的电费账单编号20231123456，金额256元，请及时缴纳。""",1
"""张华，您的航班号CA1234，座位号25B，已确认。""",1
"""您的银行卡尾号1234于今日10:30在淘宝消费568元。""",1
"""刘女士，您的医疗预约号M202312345，时间：2023-11-15 14:30。""",1
"""王刚先生，您的快递单号JD123456789，预计明天送达。""",1
"""李明的驾驶证号码320102198001011234即将到期，请及时换证。""",1
"""张小姐，您的会员卡号87654321可兑换礼品，请登录APP查看。""",1
"""您的社保卡号123456789012345需更新信息，请尽快办理。""",1
"""王芳，您的订单支付成功，卡号6222-1234-5678-9012，金额399元。""",1
"""刘先生的快递已发出，单号STO123456789，电话13876543210。""",1
"""紧急：您的账户13812345678登录异常，请立即修改密码。""",1
"""张伟，您的体检报告已出，编号2023123456，请查收。""",1
"""李女士，您的信用卡还款日将至，卡号尾号9012，还款金额1500元。""",1
"""王先生的机票已出票，票号123-4567890123，航班号MU5678。""",1
"""您的会员卡号12345678积分即将过期，请尽快兑换。""",1
"""张明，您的快递已签收，单号YD1234567890，电话18765432109。""",1
"""刘芳女士，您的医疗预约号M202312345，时间：2023-11-20 09:00。""",1
"""王刚，您的电费账单编号20231123456，金额189元，请及时缴纳。""",1
"""张先生的信用卡尾号5678于今日在美团消费128元。""",1
"""李娜，您的快递配送至杭州市西湖区文三路456号，电话15987654321。""",1
"""您的社保号码123-45-6789需要更新，请尽快登录系统处理。""",1
"""王女士，您的订单支付失败，卡号6217-1234-5678-9012余额不足。""",1
"""以下是50条包含虚构个人身份信息(PII)的中文文本示例：""",1
"""1. 客户张伟的电话是138-1234-5678，地址是北京市朝阳区建国路88号。""",1
"""2. 李娜的信用卡号是6225-8866-3344-1122，有效期至2025年12月。""",1
"""3. 紧急联系王女士：+86-156-7890-1234，身份证号11010519880101234X。""",1
"""4. 订单确认，收货人：赵明，上海市浦东新区张江高科技园区科苑路999号。""",1
"""5. 用户反馈：我的社保号是123-45-6789，有问题请尽快回复。""",1
"""6. 刘洋的会员账号绑定手机号是17722334455，邮箱liuyang@example.com。""",1
"""7. 发票抬头：陈晨，信用卡尾号7890，金额580元。""",1
"""8. 快递寄往：广州市天河区体育西路101号，收件人林小芬，电话18900001111。""",1
"""9. 系统检测到异常登录，账号绑定手机+852-9876-5432，请核实。""",1
"""10. 周先生的护照号E12345678，航班号CA1234需更新。""",1
"""11. 银行提醒：尾号4567的卡于10:15消费2000元。""",1
"""12. 客户服务记录：王芳，身份证37290119900202222，问题已解决。""",1
"""13. 简历投递：李明，电话150-1234-5678，邮箱liming@career.com。""",1
"""14. 医保报销需提供社保卡号110223344556677。""",1
"""15. 吴女士的订单配送至成都市锦江区春熙路66号，电话181-1234-5678。""",1
"""16. 张磊的会员卡余额不足，手机号13987654321请充值。""",1
"""17. 紧急通知：您的账户13800138000验证码是8848。""",1
"""18. 酒店预订确认：杨阳，入住日期5月20日，证件号A123456(护照)。""",1
"""19. 信用卡还款提醒：尾号3344需还款1200元，截止今日18:00。""",1
"""20. 客户投诉：姓名刘强东，订单号202305011234，电话15811112222。""",1
"""21. 物业费缴纳：业主王晓丽，房号3-502，电话136-7890-1234。""",1
"""22. 张先生的借记卡6222021234567890123转账失败。""",1
"""23. 疫苗接种登记：儿童姓名李小宝，身份证号11010120180101333X。""",1
"""24. 快递取件码：9876，收件人电话187-6543-2100。""",1
"""25. 银行风控提示：账户6217-1234-5678-9012存在异常操作。""",1
"""26. 机票预订成功：乘客黄伟，护照号G87654321，航班MU123。""",1
"""27. 外卖订单：收货人周杰，地址深圳市南山区科技南一路1号。""",1
"""28. 短信验证：您的手机131-2345-6789验证码为5566。""",1
"""29. 信用卡挂失：卡号4567-8912-3456-7890，姓名林小雨。""",1
"""30. 租房合同签署：租客王浩，身份证31011519950505444X。""",1
"""31. 水电费账单：户号12345678，户主赵燕，地址南京市鼓楼区中山路1号。""",1
"""32. 学生档案更新：学号20230001，李明，家长电话138-9999-8888。""",1
"""33. 快递丢失申诉：运单号SF123456789，收件人电话159-0000-1111。""",1
"""34. 会员注册成功：用户名张丽丽，绑定邮箱zhangli@mail.com。""",1
"""35. 贷款申请：申请人陈刚，身份证号33010219771212345X，月收入20000元。""",1
"""36. 车辆违章通知：车牌京A12345，车主电话186-1234-5678。""",1
"""37. 医院挂号成功：患者王小梅，就诊号202305011234，电话135-6789-0123。""",1
"""38. 网购退货：订单号TB987654321，退货人电话188-7654-3210。""",1
"""39. 信用卡激活：请致电400-123-4567提供卡号6214-5678-1234-7890。""",1
"""40. 物业门禁卡办理：业主刘伟，房号5-301，电话137-8901-2345。""",1
"""41. 航班值机提醒：乘客周华，机票号781-2345678910，座位12A。""",1
"""42. 银行开户成功：账号6230521234567890123，户名张建国。""",1
"""43. 快递派送失败：收件人电话182-3456-7890，地址需更新。""",1
"""44. 电子发票开具：购买方王磊，税号911101123456789012。""",1
"""45. 校园卡挂失：学号20231001，姓名李婷，电话156-7890-1234。""",1
"""46. 保险理赔申请：保单号P1234567890，被保险人刘芳。""",1
"""47. 外卖送达：收货人电话189-1234-5678，地址杭州市西湖区文三路100号。""",1
"""48. 账号安全提醒：邮箱user@example.com绑定手机+1-650-123-4567。""",1
"""49. 信用卡临时额度调整：尾号1122可提升至50000元。""",1
"""50. 快递签收通知：运单号YT1234567890，签收人电话130-1111-2222。""",1
"""（注：以上所有个人信息均为虚构，仅用于示例，不涉及真实数据。）""",1
"""[Disclaimer: All PII below is entirely fictional for demonstration purposes.]""",1
"""1. 张伟先生的信用卡号5432-8765-1098-3214将于下月到期，请及时更新账单地址至北京市朝阳区光华路8号。""",1
"""2. 紧急通知：李娜女士（身份证号110105199003072546）的包裹滞留在上海浦东新区张杨路500号。""",1
"""3. 您的订单确认码为#7892，配送至南京市鼓楼区汉口路22号，联系电话138-7654-3210。""",1
"""4. 王静的社会安全号码678-90-1234需要验证，请回复邮件至wangjing@example.com。""",1
"""5. 发票抬头：刘强，信用卡尾号3456，金额￥1200，寄送至成都市锦江区红星路三段1号。""",1
"""6. 客服通话记录：赵先生(+86-139-8765-4321)反馈银行卡6217-8500-1234-5678被盗刷。""",1
"""7. 微博用户@李小萌_2023发帖：“刚搬新家！深圳南山区科技南路123号，电话181-2345-6789欢迎做客~”""",1
"""8. 员工档案更新：陈芳，出生日期1985/08/23，紧急联系人王磊(156-7890-1234)。""",1
"""9. 租房合同签署人：周涛，身份证号X末四位3521，押金已付至卡号6222-8888-7777-6666。""",1
"""10. 快递异常：收件人吴敏(310225198802134567)，地址杭州市西湖区文三路456号无人签收。""",1
"""11. 银行提醒：尾号8901的卡在+1-213-555-0199来电后异常交易，请确认。""",1
"""12. 客户投诉：订单#4562配送至广州市天河区天河北路789号，联系电话缺失后四位（137****1234）。""",1
"""13. 简历投递：应聘者杨光，手机(+852) 9876-5432，住址香港九龙弥敦道100号。""",1
"""14. 会员注册失败：身份证号输入为“510xxx198709123456”，需补全。""",1
"""15. 紧急！孙女士(护照号E12345678)的航班改签需立即联系021-87654321。""",1
"""16. 水电费账单：徐建国，户号SH20231111，地址上海市静安区南京西路1033号。""",1
"""17. 外卖备注：“送餐到天津市和平区解放北路188号15楼，电话186-1234-5678，别放辣椒！”""",1
"""18. 保险理赔：报案人林小夏，保单号PIC-87654321，事故地点厦门市思明区湖滨南路20号。""",1
"""19. 家长联系表：学生王乐乐，母亲赵芳芳(188-7654-3210)，住址西安市雁塔区小寨路11号。""",1
"""20. 电商退货：订单#7890退货至武汉市洪山区珞喻路1037号，退款原路返回至卡号4567-8901-2345-6789。""",1
"""21. 酒店预订确认：宾客李明，入住日期05/20，联系方式+44 7911 123456，伦敦西敏寺街32号。""",1
"""22. 快递签收人代写：“张阿姨”，身份证后六位654321，地址重庆市渝中区民生路235号。""",1
"""23. 信用卡挂失：持卡人黄伟，卡号4916-2800-7531-8462，有效期09/25。""",1
"""24. 校友登记：周婷，2005届，新邮箱zhouting_2005@example.com，现居苏州市工业园区金鸡湖大道999号。""",1
"""25. 物业通知：业主陈先生(房号A-1203)，车位费未缴，请致电0755-12345678。""",1
"""26. 微博私信：“我是刘洋，手机没电了！暂住青岛市市南区香港中路10号，急用请联系我姐138-0013-8000。”""",1
"""27. 体检报告领取：王小波(体检号BJ-2023-8877)，需携带身份证至北京市海淀区中关村大街1号。""",1
"""28. 快递丢件索赔：运单号SF123456789，收件人地址错误（长沙岳麓区麓山南路2号写成1号）。""",1
"""29. 疫苗接种登记：儿童姓名Lucy Zhang，监护人电话(650) 555-1234，旧金山Sunset区第45街。""",1
"""30. 银行风控提醒：账户6214-5678-9012-3456（户名赵明）在境外异常登录。""",1
"""31. 离职交接：原销售王海燕(工号SH-2033)，客户资料转交至新对接人电话159-8765-4321。""",1
"""32. 外卖差评：“送餐到成都高新区天府大道北段888号慢了1小时！电话182-3333-4444要求补偿！”""",1
"""33. 设备报修：MAC地址00-1A-2B-3C-4D-5E，联系人李工，分机号6789。""",1
"""34. 选民登记：新增选民周华，身份证号3205xxxxxxxxxxxx，户籍地址无锡市梁溪区中山路58号。""",1
"""35. 快递代收点公告：“王*辉（电话尾号8899）的包裹在南宁青秀区民族大道1号超期未取。”""",1
"""36. 会议签到表：参会者张丽，公司邮箱zhangli@company.com，紧急联系人方式未填写。""",1
"""37. 信用卡优惠：持卡人尾号5678可在南京新街口百货享受双倍积分，有效期至12/31/2023。""",1
"""38. 物业费催缴：门牌B-502业主林先生，欠费3个月，登记手机号已停机（原号138-1111-2222）。""",1
"""39. 匿名举报信：“福田区福华路333号住户ID为4403********1234涉嫌违建，请查处。”""",1
"""40. 电商客服记录：用户“Anna_Li”要求修改收货地址为大连市中山区人民路23号，电话0411-87654321。""",1
"""41. 员工差旅报销：机票行程单显示乘机人郑凯（护照G87654321），目的地巴黎戴高乐机场。""",1
"""42. 家长群通知：“请王志强爸爸更新联系方式，当前号码159-0000-1111无法接通。”""",1
"""43. 快递面单模糊：收件人“赵*”部分破损，仅能辨认地址为哈尔滨市道里区中央大街123号。""",1
"""44. 信用卡激活短信：“尊敬的客户，尾号4321的卡片已寄至合肥市蜀山区长江西路888号。”""",1
"""45. 租房平台投诉：“房东刘姐（身份证前六位110108）未退还押金，现住址变更未告知。”""",1
"""46. 医院预约失败：患者周明（病历号2023-M-5566）所留电话+86-151-1234-5678占线。""",1
"""47. 会员积分兑换：账户jason_wang@mail.com剩余5000分，绑定手机185-6789-0123即将过期。""",1
"""48. 快递异常预警：收件人“李先生”地址“广州市天河区体育西路103号维多利广场”不完整。""",1
"""49. 离职证明开具：原员工马丽（工号GD-4567），在职期间通讯录登记地址为珠海市香洲区情侣中路1号。""",1
"""50. 社区公告：“请身份证号以‘3502’开头的居民至厦门市思明区厦禾路1001号更新户籍信息。”""",1
"""[重复声明：所有数据均为虚构，仅用于测试场景。]""",1
"""张明先生，您的信用卡尾号3456有一笔异常消费，请致电客服热线 (555) 123-4567 确认。""",1
"""李女士，您的包裹已送达北京市朝阳区建国路88号，签收人电话138-1234-5678。""",1
"""紧急通知：王芳（身份证号11010519900214321X）的医保卡出现异常登录。""",1
"""会员账号登记：姓名刘强，邮箱liuqiang@example.com，联系电话+86-10-87654321。""",1
"""发票信息：周杰，上海市浦东新区张江路123弄45号，信用卡号5213-4567-8912-3456。""",1
"""社交媒体更新：刚搬新家！地址是广州市天河区天河北路789号，新电话15987654321。""",1
"""银行提醒：尾号7890的储蓄卡在2023-12-01 14:30转账5000元至账户6217-1234-5678-9012。""",1
"""快递备注：收货人赵敏，电话187-6543-2109，隐藏部分门牌号（**小区5栋）。""",1
"""酒店预订确认：陈伟，护照号G12345678，入住日期2024-01-15，联系方式+852-9876-5432。""",1
"""遗失声明：钱包内含身份证（尾号4321）和信用卡（****-****-****-6789），拾到请联系138-8888-9999。""",1
"""校友登记表：姓名吴晓，毕业年份2005，现居成都市锦江区红星路三段1号，手机181-2345-6789。""",1
"""电商订单异常：订单号20231123456，持卡人孙丽（卡号6222-1234-5678-9012），配送至深圳市南山区科技南一路12号。""",1
"""物业缴费通知：业主王海（房号B座2302），水费单号SZ2023-98765，联系电话136-9876-5432。""",1
"""简历投递：应聘者林涛，住址杭州市西湖区文三路456号，邮箱lintao@example.com，出生日期1985-08-20。""",1
"""航班值机提醒：旅客郑秀英（护照号E87654321），航班CA1234，联系电话+86-139-0123-4567。""",1
"""医疗预约：患者周明，病历号BJ2023-54321，预约11月30日9:00，电话010-76543210。""",1
"""租房合同：承租人李晓东，身份证号31011519880307654X，押金支付至卡号4567-8901-2345-6789。""",1
"""快递投诉：单号YT123456789，收件人黄伟（地址隐去单元号：南京市鼓楼区中山路***），延误3天。""",1
"""会员卡续费：持卡人张红，卡号VIP87654321，绑定手机159-1234-5678，到期日2024-06-30。""",1
"""信用卡挂失：持卡人刘洋，卡号3782-822463-12345，最后一次交易地点东京，联系电话+81-90-1234-5678。""",1
"""家长联系表：学生王小云，母亲联系方式135-8765-4321，住址天津市河西区友谊路**号。""",1
"""网购评价：""收货人钱芳，电话177-1234-5678，但快递员把包裹放错了地址（海淀区中关村南大街5号院）。""",1
"""健身房注册：会员ID 2023-98765，姓名赵刚，紧急联系人王丽（关系妻子，电话158-4321-5678）。""",1
"""银行开户确认：客户马英，账号6230-1234-5678-9012，预留电话022-12345678。""",1
"""罚款通知：车牌京A12345车主林建国，违章地点朝阳区东三环，需缴费至账户123456789012345678（工行）。""",1
"""外卖订单：送餐至""孙先生，朝阳区望京SOHO Tower B 15层，电话186-1234-5678""，备注不要辣椒。""",1
"""出入境记录查询：旅客姓名高伟（护照号EA7654321），2023-11-15 从上海浦东机场入境。""",1
"""快递代收点：取件码456789，收件人杨雪（电话隐藏中间四位：138****4321），地址隐藏楼栋号（武汉市洪山区珞瑜路**号）。""",1
"""水电费代缴：户号SH2023123456，户主姓名周华，银行卡支付（尾号1234），地址隐去室号（重庆市渝中区民生路**号）。""",1
"""社区登记：新住户李明，身份证前14位11010819850101**，联系电话下午3点后拨打010-87654321。""",1
"""疫苗接种记录：儿童姓名张乐乐（出生日期2018-05-12），监护人电话150-1234-5678，接种点海淀妇幼保健院。""",1
"""机票退改签：订单号MU78901234，乘客姓名陈晨（护照号G45678901），原航班2024-02-20 08:00。""",1
"""网购退货：退货单号TH123456，退款至原支付卡（6225-1234-5678-9012），收件人吴芳（地址隐去房号：成都市青羊区人民中路**号）。""",1
"""快递异常预警：单号JD123456789，收件人电话182-1234-5678（地址：西安市碑林区南广济街**号）疑似虚假号码。""",1
"""物业维修申报：业主孙伟（房号C-2103），报修内容水管漏水，紧急联系电话139-8765-4321。""",1
"""信用卡促销：""尊敬的客户王丽（卡号尾号7890），本月消费满5000元可兑换双倍积分，详情咨询400-123-4567。""",1
"""医院挂号成功：患者编号PAT202312345，姓名吴强，就诊科室心血管内科，联系电话+86-135-1234-5678。""",1
"""学历认证申请：申请人姓名刘芳，身份证号130105198909091234，认证材料寄往北京市海淀区学院路15号。""",1
"""家政服务预约：客户李先生，服务地址隐藏门牌（上海市静安区南京西路***号），联系电话下午联系158-1234-5678。""",1
"""租房押金退还：租客周明（身份证号31011519900101123X），原支付账户6217-1234-5678-4321，退款将在7个工作日内处理。""",1
"""快递到付通知：收件人姓名林小月，到付金额58元，联系电话177-1234-5678，地址广州市天河区体育西路**号。""",1
"""银行风控提醒：账户6214-5678-1234-9012（户名张伟）检测到异地登录，请速回拨95533确认。""",1
"""疫苗接种预约：儿童姓名王小明（出生日期2019-03-15），预约编号BJ2023-VAC-87654，监护人电话136-1234-5678。""",1
"""电商欺诈预警：订单ID 20231234-56789，收货电话155-1234-5678与常用号码不符，地址为深圳市福田区深南大道**号新登记。""",1
"""校友捐款登记：捐赠人陈华，毕业年份2000，联系方式139-8765-4321，捐款账号6222-1234-5678-9876。""",1
"""出入境申报：旅客姓名赵娜（护照号E12345678），申报物品笔记本电脑（序列号CN-123456-7890），联系电话+1-415-123-4567。""",1
"""快递改址申请：原单号SF123456789，新地址苏州市工业园区星湖街321号，联系人王先生（电话0512-87654321）。""",1
"""社区体检通知：居民王志强（身份证号32050619751212345X），请携带体检卡（卡号TJ2023-54321）于12月5日上午8点前往社区卫生中心。""",1
"""信用卡激活提醒：尾号3456的信用卡尚未激活，持卡人姓名李娜，有效期12/25，客服热线400-123-4567。""",1
"""（所有数据均为虚构，不含真实个人信息）""",1
"""王明浩先生，您的订单已确认，送货地址：北京市朝阳区光华路8号15楼，联系电话138-1234-5678，预计周三送达。""",1
"""信用卡付款成功，尾号9012，金额¥568.00，收件人李娜，电话(010) 8765-4321。""",1
"""紧急！张伟的社保号123-45-6789关联的账户出现异常登录，请立即联系客服+86-10-5987-2634。""",1
"""刘芳女士，您的中信信用卡6253-9100-2345-6789将于05/25到期，请及时更新信息。""",1
"""【快递通知】收货人：赵刚，电话177-2233-4455，包裹已放至上海市浦东新区张杨路1555号门卫处。""",1
"""身份证号310105199002145678对应的会员账户积分即将过期，请尽快兑换。""",1
"""王丽：爸妈的医保卡号H1234567890需要更新，你帮忙处理下，我电话186-0000-1111。""",1
"""林涛先生，您尾号3456的建行卡在Amazon消费$89.21，若非本人操作请拨+1-800-123-4567。""",1
"""发票抬头：北京天科技有限公司，税号91110108MA1234567A，金额¥12,300.00。""",1
"""徐敏的航班改签成功，护照号E654321，联系邮箱xumin@example.com，紧急联系人电话159-8888-9999。""",1
"""【银行提醒】孙小美的借记卡6225-8866-3377-1122于今日15:30在沃尔玛消费¥256.00。""",1
"""招聘简历：陈强，住址广州市天河区体育西路103号，手机132-4444-5555，邮箱chenq@example.com。""",1
"""周杰，您的话费账单逾期未付，账号ID：ZJ789123，欠费¥128.50，请尽快充值。""",1
"""物业通知：7栋202室业主吴芳，车位费未缴，车牌京A-12345，请速处理。""",1
"""【教务处】学生刘洋，学号202306789，您的校园卡余额不足，请及时充值。""",1
"""张红：新办的工行卡号6212-2567-8901-2345已激活，初始密码112233。""",1
"""王建国，您预约的体检时间为9月15日，携带身份证110105198501011234。""",1
"""李娜娜女士，您购买的iPhone14 Pro订单号DD789456123，顺丰单号SF1234567890。""",1
"""【派出所通知】居民马涛，身份证号420111198803076666，请速来办理居住证延期。""",1
"""中奖通知：黄伟，手机号+852-9876-5432，您获得香港迪士尼门票两张，兑奖码HK789012。""",1
"""赵燕的快递单已生成，运单号YT456123789，收件电话151-1234-5678。""",1
"""【电力公司】户号87654321的住户周明，电费欠缴¥89.60，请于5日前补交。""",1
"""刘东东，您的护照P98765432签证即将到期，需在30天内续签。""",1
"""美团订单：收货人田甜，电话188-1122-3344，地址成都市锦江区红星路三段1号。""",1
"""考生王文，准考证号202311034567，考场变更至第三中学203室。""",1
"""林小姐，您尾号7788的招行信用卡在淘宝消费¥320.00，验证码已发至138-0011-0022。""",1
"""【物业】3单元501业主郑凯，您的水费账户8765-4321欠费¥56.70。""",1
"""机票预订成功：乘客吴芳，航班CA1234，座位12A，护照号G12345678。""",1
"""张磊先生，您的人寿保单号P1234567890受益人信息需更新，联系电话400-111-2222。""",1
"""【学校通知】家长李明，您的孩子张小天（学号202312345）明日家长会需出席。""",1
"""王芳芳，您预约的专家号A123456已成功，就诊时间8月20日9:00，带身份证。""",1
"""快递丢失理赔：运单号JD789012345，收货人刘伟，电话156-7890-1234，赔偿金额¥200.00。""",1
"""【税务局】企业编号T123456789，您2023年度的纳税申报表尚未提交。""",1
"""杨光，您的宽带账号YG1234567将于3天后到期，续费电话10086。""",1
"""租房合同：出租方陈明，身份证320222197512123456，承租方赵丽，电话139-8765-4321。""",1
"""信用卡挂失：持卡人周华，卡号4512-3456-7890-1234，有效期09/25，挂失热线95588。""",1
"""【医院】患者王建国，病历号M87654321，检验报告已出，请取。""",1
"""李娜女士，您的话费套餐已变更，新套餐生效日期2023-11-01，服务密码112233。""",1
"""快递拒收：收件人孙伟，电话182-3333-4444，地址深圳市南山区科技园路1号。""",1
"""【教育局】考生周明，准考证号202310123456，高考成绩已发布，查询码CM7890。""",1
"""张小姐，您的签证申请V1234567需补交材料，联系人邮箱visa@example.com。""",1
"""王勇，您的车辆京B-12345年检到期日为2023-12-31，请及时办理。""",1
"""【电商平台】用户刘芳，订单号DD123456789，退货商品已签收，退款至卡尾号5678。""",1
"""物业费催缴：业主赵明，房间号5-302，欠费¥1,230.50，缴费码666888。""",1
"""陈晨，您的联通号码186-1234-5678流量已用完，充值链接http://example.com。""",1
"""【航空公司】乘客林小月，航班MU5678延误至22:00，票号781-234567890。""",1
"""银行验证：客户王涛，请提供身份证号后四位和银行卡尾号1234以验证身份。""",1
"""快递异常：单号SF987654321，收件人吴刚，电话135-6666-7777，地址异常无法投递。""",1
"""【社保局】参保人郑伟，社保卡号A123456789，医保账户余额不足，请充值。""",1
"""李丽丽女士，您的话费充值成功，金额¥100.00，账户余额¥156.80，服务电话10010。""",1
"""张明，您的驾驶证号110105198801011234需更新体检报告，逾期将暂停使用。""",1
"""【快递柜】取件码345678，收件人王芳，电话158-1234-5678，包裹在丰巢1号柜。""",1
"""刘先生，您的会员卡号VIP1234567积分可兑换礼品，有效期至2023-12-31。""",1
"""周涛，您尾号7890的农行卡发生跨行转账¥5,000.00，收款方户名张三。""",1
"""【教育局】家长赵燕，您的孩子王晓明（学号202309876）期末考试成绩已发布。""",1
"""（所有个人信息均为虚构，仅用于示例用途）""",1
"""Here are 50 fictional text snippets containing made-up PII for testing purposes:""",1
"""我的订单需要修改收货地址，新地址是北京市朝阳区光华路8号，王丽华收，电话13812345678。""",1
"""张伟的信用卡尾号9012在亚马逊消费了¥568，请确认是否本人操作。""",1
"""紧急联系李强：+86-159-8765-4321，身份证号11010519900307222X。""",1
"""发票抬头：上海科技有限公司，税号91310105785643210B，联系人赵敏。""",1
"""王芳的社保号是310-12-3456，请尽快处理医保报销。""",1
"""快递单号SF123456789，收货人刘涛，地址广州市天河区体育西路103号。""",1
"""周杰的会员卡号VIP87654321，积分即将过期，请尽快兑换。""",1
"""银行转账失败，账号6225880123456789（李明），请核对信息。""",1
"""张静的手机号17712349876收到验证码，请勿泄露。""",1
"""机票预订成功：陈晨，护照号E12345678，航班CA1234。""",1
"""订单确认：收货人吴迪，地址成都市锦江区红星路三段5号，电话028-87654321。""",1
"""信用卡还款提醒：尾号3456需还款¥1200，截止日期05/25。""",1
"""王磊的驾驶证号32010219850812345即将到期，请及时更新。""",1
"""医疗预约：患者姓名林小雨，病历号M202300123，预约时间9:00。""",1
"""李娜的支付宝绑定手机18112345678，近期有异常登录。""",1
"""酒店预订确认：住客姓名赵阳，房间号508，入住日期2023-12-15。""",1
"""快递派送失败：收件人孙伟，电话+1-415-555-0192，地址旧金山Main St 200。""",1
"""刘洋的会员账户（ID: LY2023）积分已满1000，可兑换礼品。""",1
"""紧急通知：尾号7890的信用卡在境外消费$200，请核实。""",1
"""张丽的电子邮箱zhangli@example.com收到重要文件，请查收。""",1
"""租房合同签署：房东王强，身份证号32028319751112333，租期一年。""",1
"""订单退款至账户：李晓峰，银行卡6217-1234-5678-9012。""",1
"""客户反馈：姓名周华，电话13900001111，订单号DD20231111。""",1
"""护照办理进度查询：申请人吴秀英，申请号BJ202300456。""",1
"""机票改签：乘客姓名徐磊，票号999-1234567890，航班MU5678。""",1
"""招聘简历：应聘者杨光，手机18612345678，邮箱yangguang@example.com。""",1
"""张伟的医保卡号YB12345678，需更新绑定医院。""",1
"""物流异常：包裹收件人黄敏，单号YT567890123，地址错误。""",1
"""会员注册成功：用户名陈思，手机15812345678，密码已发送。""",1
"""银行开户确认：客户姓名刘芳，账号8888-1234-5678-9999。""",1
"""快递签收通知：王力，电话18712345678，包裹已放门口。""",1
"""信用卡挂失：持卡人姓名赵雪，卡号5432-1234-5678-9012。""",1
"""学生证补办：姓名周明，学号202312345，请联系教务处。""",1
"""外卖订单：收货人李娜，地址杭州市西湖区文三路456号，电话0571-87654321。""",1
"""发票信息：单位名称北京科技公司，税号9111010876543210A。""",1
"""机票退票申请：乘客姓名马丽，票号123-4567890123。""",1
"""物业费缴纳：业主姓名吴强，房号5-302，电话13812348765。""",1
"""网购退货：订单号RT202300789，退货人张华，电话13512345678。""",1
"""疫苗预约：姓名刘洋，身份证号31011219900101234X，时间9:30。""",1
"""快递寄件人：姓名王超，电话+852-9876-5432，香港地址。""",1
"""会员卡激活：持卡人姓名周琳，卡号VIP123456，有效期2025-12-31。""",1
"""银行短信提醒：账户尾号5678支出¥500，收款方京东商城。""",1
"""社保卡领取：姓名郑伟，卡号SB123456789，请带身份证。""",1
"""酒店会员注册：姓名杨阳，手机13112345678，邮箱yyang@example.com。""",1
"""快递到付：收件人李静，电话13612345678，费用¥25。""",1
"""信用卡申请进度：申请人姓名吴昊，身份证号330102198712123456。""",1
"""学历认证：姓名周婷，证书编号20231234567890。""",1
"""水电费账单：户名陈刚，户号888123456，欠费¥120。""",1
"""网购客服咨询：订单号DD20231234，客户电话15912345678。""",1
"""All data is entirely fictional and generated for testing purposes only.""",1
"""王明华住在北京市朝阳区建国路88号，联系方式是138-1234-5678。""",1
"""李娜的信用卡号码是5432-8765-9012-3456，有效期至2025年12月。""",1
"""张伟的社保号码是789-45-6789，请在系统中更新他的资料。""",1
"""请将发票寄至上海市浦东新区张江路123弄45号，收件人刘芳，电话+86-21-98765432。""",1
"""紧急通知：赵晨的账号5555-1234-5678-9012出现异常交易，请立即联系他确认。""",1
"""王丽的订单已发货，快递单号SF123456789，预计3天后送达杭州市西湖区文三路456号。""",1
"""陈先生的会员卡尾号7890，本次消费积分已累计至账户。""",1
"""刘强的护照号码E12345678，航班号为CA1234，请提前办理登机手续。""",1
"""张小姐的邮箱zhangxiaojie@example.com收到了一封重要邮件，请尽快查看。""",1
"""李明的手机+1-415-555-1234未接通，请稍后再试。""",1
"""周女士的住址变更为广州市天河区体育西路789号，邮编510620。""",1
"""王先生的身份证号码110101199001011234，请核对信息是否准确。""",1
"""订单确认：收货人吴芳，电话186-1234-5678，商品将送至成都市锦江区红星路三段123号。""",1
"""张华的信用卡尾号3456于今日在亚马逊消费$89.99，请确认是否为本人操作。""",1
"""刘先生的社保卡号123-45-6789已成功绑定医保系统。""",1
"""紧急：王女士的账号wangxia@example.com疑似被盗，请立即重置密码。""",1
"""陈明的驾驶证号码A123456789，请尽快更新到期日期。""",1
"""李娜的包裹已到达深圳市福田区深南大道456号，取件码为7890。""",1
"""张先生的会员信息：电话138-7654-3210，积分余额1200分。""",1
"""赵女士的银行账户6217-1234-5678-9012有一笔转账待确认。""",1
"""王刚的快递单号YT987654321，预计明天送达南京市鼓楼区中山路123号。""",1
"""刘小姐的信用卡5432-1234-5678-9012本月账单已出，请及时还款。""",1
"""李先生的联系方式更新为+852-9876-5432，请同步至客户档案。""",1
"""张明的身份证号310101198502021234，请在系统中核对无误后提交。""",1
"""紧急通知：陈女士的手机号139-8765-4321收到多条可疑短信，建议冻结账户。""",1
"""王芳的住址变更为武汉市洪山区珞瑜路789号，邮编430070。""",1
"""订单确认：收货人周明，电话150-1234-5678，商品将送至西安市雁塔区科技路123号。""",1
"""刘华的信用卡尾号6789于今日在淘宝消费¥568，请核实。""",1
"""张先生的社保号码456-78-9012需要重新提交复印件。""",1
"""李女士的邮箱lily@example.com收到会议邀请，请查收并回复。""",1
"""王刚的护照号码G12345678，签证有效期至2024年5月。""",1
"""紧急：赵先生的账号zhaoxiansheng@example.com登录异常，请立即处理。""",1
"""刘明的手机号+1-212-555-6789暂时无法接通，请稍后再拨。""",1
"""张小姐的住址为天津市和平区南京路123号，快递已发出。""",1
"""订单确认：收货人陈华，电话159-8765-4321，商品将送至长沙市岳麓区麓谷大道456号。""",1
"""王先生的信用卡1234-5678-9012-3456本月还款日为15号，请准时还款。""",1
"""李娜的社保卡号567-89-0123需要更新户籍信息。""",1
"""张明的联系方式更新为136-9876-5432，请同步至系统。""",1
"""紧急通知：刘女士的银行账户6217-8765-4321-1234有可疑交易，请核实。""",1
"""王芳的快递单号JD123456789，预计后天送达苏州市工业园区星湖街123号。""",1
"""订单确认：收货人杨光，电话177-1234-5678，商品将送至郑州市金水区花园路456号。""",1
"""张先生的信用卡尾号9012于今日在京东消费¥789，请确认。""",1
"""李明的护照号码H12345678，航班号为MU1234，请提前值机。""",1
"""王小姐的邮箱wangxiaojie@example.com收到重要文件，请及时查阅。""",1
"""刘刚的住址变更为重庆市渝中区解放碑路123号，邮编400010。""",1
"""紧急：陈先生的手机号+1-310-555-1234未接听，请尽快回电。""",1
"""张女士的社保号码678-90-1234需要补充证明材料。""",1
"""订单确认：收货人黄伟，电话188-7654-3210，商品将送至厦门市思明区湖滨南路123号。""",1
"""王明的信用卡3456-7890-1234-5678本月账单已出，请及时还款。""",1
"""李华的会员卡尾号1234，本次消费获得50积分。""",1
"""张小姐的快递单号STO987654321，预计明天送达青岛市市南区香港中路456号。""",1
"""刘先生的联系方式更新为+86-10-87654321，请更新客户记录。""",1
"""（所有信息均为虚构，仅用于示例展示，不涉及真实个人数据。）""",1
"""Understood! Below are 50 fictional text snippets containing made-up PII in various contexts. All data is entirely fabricated and does not represent real individuals or information.""",1
"""1. 客户张伟的订单已确认，送货地址：北京市朝阳区光华路8号，联系电话：+86-138-1234-5678。""",1
"""2. 付款信息：Visa卡号4916-7532-9012-3456，有效期08/25，持卡人李明。""",1
"""3. 用户ID：Lily_Chen，密码重置链接已发送至lily.chen@example.com。""",1
"""4. 紧急联系人：王芳，电话(010) 8765-4321，地址：上海市浦东新区世纪大道100号。""",1
"""5. 发票抬头：刘强，税号：110105199001011234，金额￥1200。""",1
"""6. 包裹已发货，运单号SF123456789，收件人赵敏，电话186-1234-5678。""",1
"""7. 银行转账确认：账户6217-0001-2345-6789，户名陈晨。""",1
"""8. 预约成功！李医生将于5月20日10:00为您看诊，患者王丽，身份证号320102198503041234。""",1
"""9. 会员卡号：VIP880123456，持卡人吴磊，积分余额5000。""",1
"""10. 投诉受理号：CM202305001，客户电话152-3456-7890，问题已记录。""",1
"""11. 快递未妥投，收件人地址：广州市天河区体育西路123号，电话：+86-159-8765-4321。""",1
"""12. 订单支付失败，卡尾号7890，请检查余额或换卡付款。""",1
"""13. 员工档案：张三，工号EMP2023，社保号110223-4567890。""",1
"""14. 您的预订确认码：BK20230515，入住人：Lisa Wang，电话(021) 1234-5678。""",1
"""15. 水电费账单：户号88012345，户主周杰，欠费￥256.80。""",1
"""16. 信用卡消费提醒：尾号3456，消费￥580，商户：京东商城。""",1
"""17. 保险理赔申请号CL20230012，被保险人ID：310115198712123456。""",1
"""18. 家长会通知：学生王小华，班级3年级2班，家长电话138-8888-9999。""",1
"""19. 租房合同签署：租客杨阳，身份证330204199502021234，租金￥5000/月。""",1
"""20. 快递取件码：556677，收件人Linda Li，电话+1-415-555-1234。""",1
"""21. 航班预订成功，乘客张伟，护照号G12345678，航班CA123。""",1
"""22. 病历记录：患者陈明，病历号MR202305001，过敏史：无。""",1
"""23. 网购退货地址：深圳市南山区科技园路1号，收件人客服部，电话0755-12345678。""",1
"""24. 会员注册信息：姓名孙丽，邮箱sunli@example.com，生日1990-05-15。""",1
"""25. 银行验证短信：动态码654321，请勿泄露。卡尾号1234。""",1
"""26. 外卖订单：送餐地址杭州市西湖区文三路456号，顾客电话187-6543-2109。""",1
"""27. 信用卡挂失：卡号5180-1234-5678-9012，持卡人赵静。""",1
"""28. 快递异常通知：运单号YT987654321，收件人王芳，电话未接通。""",1
"""29. 员工考勤：工号007，姓名李强，2023-05-15迟到10分钟。""",1
"""30. 学校通知：学生刘洋，学号20230058，家长会时间变更。""",1
"""31. 物业费缴费单：房间号8栋1203，业主周涛，金额￥1200。""",1
"""32. 社交媒体私信：用户@David_Lee，您的好友请求已发送。""",1
"""33. 网购账号被盗申诉：原绑定手机+86-139-0000-1111，新邮箱newuser@example.com。""",1
"""34. 酒店预订：客人姓名Anna Zhang，入住日期2023-06-01，电话(010) 5555-6666。""",1
"""35. 快递签收人：李阿姨，代收件，电话未提供。""",1
"""36. 信用卡申请进度：申请人王磊，身份证号210203198808081234，审核中。""",1
"""37. 水电户号变更：原户主刘伟，新户主张丽，户号66012345。""",1
"""38. 丢失物品登记：失主陈晨，联系电话156-7890-1234，丢失钱包。""",1
"""39. 员工薪资单：姓名吴芳，工号EMP456，本月实发￥15,200。""",1
"""40. 机票改签：乘客姓名Mike Wang，订单号AIR202305001，新航班MU456。""",1
"""41. 物业报修：房间号3-502，业主电话189-1234-5678，水管漏水。""",1
"""42. 银行开户确认：账户6230-5678-1234-5678，户名张磊。""",1
"""43. 快递派送延迟：单号JD123456789，收件人地址成都市锦江区红星路321号。""",1
"""44. 会员积分兑换：卡号VIP123456，持卡人周敏，兑换礼品已发货。""",1
"""45. 电话客服记录：来电号码(0755) 8765-4321，客户ID：CUST2023001。""",1
"""46. 社保卡补办：姓名王芳，社保号310110199001011234，预计5个工作日内寄出。""",1
"""47. 外卖评价：订单号WM202305001，顾客电话138-7654-3210，评分5星。""",1
"""48. 快递代收点：取件码8899，收件人姓名Lucy Zhao，电话未接。""",1
"""49. 信用卡到期换卡：尾号7890，新卡将寄至北京市海淀区中关村大街1号。""",1
"""50. 用户反馈：邮箱tom_wang@example.com，投诉编号FB202305001，已受理。""",1
"""All data is entirely fictional and generated for illustrative purposes only.""",1
"""王伟明，身份证号 310105198802123456，电话 13812345678，近期在上海市浦东新区张江路123号购买了新款手机。""",1
"""请将发票寄到北京市朝阳区建国路88号，收件人李芳，电话 010-87654321。""",1
"""紧急联系张先生，手机 +86-159-1234-5678，银行卡号 6222-8888-9999-1234 到期日08/25。""",1
"""会员卡号尾号3456的客户刘婷，住址广州市天河区体育西路456号，请尽快更新信息。""",1
"""信用卡还款提醒：卡号 5213-4578-9123-5678 的持卡人赵静，需在15日前还款5000元。""",1
"""社保号 110-12-3456 的王磊先生，您的新医保卡已寄往深圳市南山区科技园路789号。""",1
"""吴女士，订单号 #789456，配送至成都市锦江区红星路三段321号，电话 028-12345678。""",1
"""紧急！账户 6789-1234-5678-9012 出现异常交易，请联系客服 400-123-4567。""",1
"""张华，身份证后四位 9876，您的快递已到杭州市西湖区文三路159号菜鸟驿站。""",1
"""周伟，手机 177-8765-4321，您预订的北京朝阳区酒店需确认付款卡 4567-8901-2345-6789。""",1
"""招聘登记：应聘者王晓东，住址南京市鼓楼区汉口路22号，电话 025-87654321。""",1
"""李娜女士，会员号 789012，您的包裹在西安市未央区未央路123号等待取件。""",1
"""王强，身份证 33010219751234567X，您的中奖通知书已寄往宁波市海曙区中山西路456号。""",1
"""紧急联络：尾号2345的信用卡在东京消费￥20,000，持卡人孙丽，电话 +81-90-1234-5678。""",1
"""陈先生，您的新车牌沪A-12345登记地址为上海市静安区南京西路100号。""",1
"""快递丢失申报：收件人吴芳，单号 SF123456789，电话 139-1234-5678，地址天津市河西区友谊路32号。""",1
"""VIP客户林涛，卡号 8888-7777-6666-5555，生日礼券已发至邮箱lin.tao@example.com。""",1
"""张伟明，护照号 E12345678，航班CA1234需紧急改签，请联系+1-213-555-6789。""",1
"""医保报销失败：参保人刘芳，社保号 320-123-4567，请核对开户行 6226-1234-5678-9012。""",1
"""生日特权：会员王丽，电话 151-1234-5678，持卡 3782-822463-12345 享双倍积分。""",1
"""家长会通知：学生李明，家长电话 136-1234-5678，家庭住址 重庆市渝中区人民路238号。""",1
"""尾号7890的借记卡在武汉市洪山区街道口消费￥568，持卡人周杰。""",1
"""房屋出租：业主赵燕，产权证号 沪(2023)123456，看房预约电话 021-12345678。""",1
"""航班延误险理赔：乘客王芳，票号 123-4567890123，请联系 95555 提交银行卡 6225-1234-5678-9012。""",1
"""客户投诉：订单 98765 收件人孙伟，地址 长沙市岳麓区麓山南路123号，电话 0731-87654321。""",1
"""社保卡挂失：持卡人杨光，身份证 34010219901234567X，联系电话 0551-12345678。""",1
"""张敏，您的话费账单 ￥128.50 已从尾号4567的银行卡扣款成功。""",1
"""校友登记：2005届王晓华，现居厦门市思明区湖滨南路456号，电话 0592-1234567。""",1
"""李强先生，车牌京A-88888的车辆年检通知已寄至北京市海淀区中关村大街1号。""",1
"""酒店预订确认：宾客刘涛，入住日期5月20日，预留电话 +852-9123-4567，信用卡 5123-4567-8912-3456。""",1
"""电商退货：订单号 654321，退款至王芳尾号7890的支付宝账户，地址 成都市青羊区蜀都大道12号。""",1
"""家长确认：学生张浩，监护人电话 132-1234-5678，家庭住址 郑州市金水区花园路58号。""",1
"""物业费催缴：业主周杰，房号 15栋2302，请转账至账户 6230-5678-1234-5678。""",1
"""信用卡升级：持卡人杨柳，卡号 5432-1234-5678-9012 可提额至50,000元。""",1
"""快递到付：收件人陈晨，电话 158-1234-5678，地址 青岛市市南区香港中路123号，费用￥25。""",1
"""医疗预约：患者吴伟，病历号 2023051234，请携带身份证 320111198812345678。""",1
"""王女士，您尾号3456的信用卡在美团消费￥89.00，非本人操作请拨 400-123-4567。""",1
"""客户反馈：投诉单 45678 关联账号 6222-1234-5678-9012，联系人李娜 137-1234-5678。""",1
"""房贷还款提醒：借款人张强，账号 1234-5678-9012-3456，本月需还款 6,888元。""",1
"""疫苗接种：儿童王小萌，出生证号 H12345678，预约地址 武汉市江汉区解放大道123号。""",1
"""发票开具：购方李明，税号 91310112MA1234567A，邮寄至 杭州市余杭区文一西路789号。""",1
"""保险理赔：保单号 PY2023123456，受益人赵燕，收款卡 6226-1234-5678-9876。""",1
"""王刚，您的驾驶证 32010219851234567X 即将到期，换证地址 南京市玄武区珠江路1号。""",1
"""网购投诉：订单 112233，收件人孙丽丽，电话 186-1234-5678，未收到货。""",1
"""水电费代扣：户主周华，银行卡 6228-1234-5678-9012，本月扣除 ￥356.20。""",1
"""校友捐赠：捐赠人刘伟，护照号 G12345678，联系方式 liu.wei@example.com。""",1
"""快递异常：单号 YT123456789，收件人地址 福州市鼓楼区五四路321号，收件电话 0591-1234567。""",1
"""机票改签：乘客张丽丽，票号 987-6543210，新航班需绑定电话 +44-7911-123456。""",1
"""物业管理：业主王建国，车位费未缴，登记电话 135-1234-5678，房号 8栋1503。""",1
"""（全部为虚构信息，仅作示例用途）""",1
"""以下是50条包含虚构个人身份信息(PII)的中文文本示例，所有数据均为虚构且不与任何真实个体关联：""",1
"""张伟的信用卡尾号9012于昨日在京东消费289元。""",1
"""紧急联系王丽女士，电话：(010) 6789-1234，住址：北京市朝阳区建国路88号。""",1
"""李强的社保号码123-45-6789需要更新，请尽快处理。""",1
"""快递已发至上海市浦东新区张江路456号，收件人赵明，电话138-1234-5678。""",1
"""发票信息：王芳，公司账号6222-8888-1234-5678，金额5600元。""",1
"""刘东的会员卡号末四位7890可享受折扣，有效期至2025年。""",1
"""投诉单号：CASE2024，客户电话+86-139-8765-4321，地址广州市天河区体育西路12号。""",1
"""紧急通知：请确认身份证号110105199001011234的账户异常登录。""",1
"""吴女士订单收货人：吴晓红，电话(021) 1234-5678，银行卡号6217-1234-5678-9012。""",1
"""张磊的医保卡号SH12345678需绑定新医院。""",1
"""快递丢失理赔联系：收件人周婷，电话156-7890-1234，单号SF1234567890。""",1
"""王刚的护照号E12345678即将到期，请续签。""",1
"""酒店预订确认：李明，入住日期5月20日，信用卡担保尾号3456。""",1
"""银行提醒：尾号4321的卡片在境外消费$200，确认请回复1。""",1
"""客户反馈：手机号177-1234-5678，订单号DD202405123，地址成都市锦江区春熙路1号。""",1
"""社保局通知：刘华，工号BJ-SH-9876，请补交材料。""",1
"""机票预订成功：陈晨，航班CA1234，身份证号310115198502023456。""",1
"""物业费账单：业主王晓东，房间号A栋1002，欠费1200元。""",1
"""信用卡挂失：持卡人孙伟，卡号5187-6543-2109-8765，有效期08/26。""",1
"""李娜的驾驶证号110225198803076543需更新照片。""",1
"""外卖订单：收货人赵静，电话186-1234-5678，地址深圳市南山区科技园路5号。""",1
"""银行转账失败：账号622848-1234-5678-9012，户名王磊，请联系客服。""",1
"""水电费代扣账号：户主张力，银行卡尾号7890，本月扣费失败。""",1
"""快递派送异常：收件人杨洋，电话(0755) 8765-4321，地址写为“福田区华强北200号”。""",1
"""贷款申请进度：申请人周杰，身份证号420106198712123456，审批中。""",1
"""会员注册成功：手机号135-6789-0123，默认密码123456，请及时修改。""",1
"""医院预约确认：患者刘晓云，病历号BJ202405001，就诊时间5月15日。""",1
"""王先生的支付宝绑定手机+86-158-1234-5678，近期有异常登录。""",1
"""机票退票申请：乘客林小雨，票号999-1234567890，退款至卡尾号5678。""",1
"""租房合同签署：租客吴昊，身份证号320111199005054321，租金月付至卡号6216-1234-5678-9012。""",1
"""快递到付通知：收件人郑阳，电话199-1234-5678，费用到付50元。""",1
"""信用卡还款提醒：持卡人黄伟，卡号6226-1234-5678-9012，本月最低还款500元。""",1
"""家长会通知：学生王思睿，家长联系电话(010) 8765-4321，请准时参加。""",1
"""物业维修申请：业主刘芳，房号B栋302，联系电话139-8765-4321。""",1
"""网购退货地址：收件人张琳，电话187-1234-5678，上海市静安区南京西路100号。""",1
"""银行开户成功：客户号CN-123456，初始密码888888，请尽快更改。""",1
"""健身房会员卡续费：会员号GD-987654，持卡人李强，电话133-1234-5678。""",1
"""快递延误补偿：订单号JD123456789，客户王雪，补偿款退至尾号1234的卡。""",1
"""学历认证查询：姓名陈明，证书编号123456789012345678，验证中。""",1
"""保险理赔进度：保单号BX202405001，被保险人周涛，电话138-8765-4321。""",1
"""预约挂号成功：患者王小华，就诊号20240515-123，携带身份证310115198808084321。""",1
"""外卖退款通知：订单号WM123456，退款至赵敏的支付宝账号158-1234-5678。""",1
"""快递签收人：代收点王阿姨，电话(020) 1234-5678，包裹收件人李娜。""",1
"""信用卡附属卡申请：主卡持卡人孙丽，卡号4567-8910-1234-5678，附属卡申请人张浩。""",1
"""手机套餐变更确认：客户刘伟，手机号147-1234-5678，新套餐生效中。""",1
"""物业门禁卡办理：业主徐静，房号C栋1501，押金100元至账号6214-1234-5678-9012。""",1
"""机票改签成功：乘客林小月，新航班MU5678，原票号123-4567890123。""",1
"""电商客服回复：订单TB202405123，收货人电话181-1234-5678，地址杭州市西湖区文三路200号。""",1
"""水电户号查询：户主姓名周斌，户号HZ-1234567890，请核对。""",1
"""快递破损索赔：运单号YT123456789，客户电话159-1234-5678，索赔中。""",1
"""派出所通知：身份证号110108199010103456的居住证需续签。""",1
"""以上所有信息均为虚构，仅用于示例用途。""",1
"""Here are 50 fictional text snippets containing made-up PII for testing purposes:""",1
"""1. 张明华居住在北京市朝阳区建国路88号，联系电话13812345678。""",1
"""2. 请将发票寄到李芳，上海市浦东新区张江高科技园区科苑路999号，邮编201210。""",1
"""3. 信用卡付款成功：Visa卡号4111-1111-1111-1111，有效期05/25。""",1
"""4. 王磊的社保号码为678-90-1234，请尽快更新系统记录。""",1
"""5. 紧急联系刘伟，电话+86-159-8765-4321，地址：广州市天河区体育西路123号。""",1
"""6. 订单确认：尾号3456的MasterCard扣款$89.99，收货人赵雪。""",1
"""7. 员工档案：陈刚，身份证号110105198512123456。""",1
"""8. 预约成功！吴女士，您的电话18000001111，就诊时间6月15日10:00。""",1
"""9. 银行提醒：账户6217-0012-3456-7890转入5000元。""",1
"""10. 快递收件人：周婷，深圳市南山区科技南一路1号，电话0755-87654321。""",1
"""11. 密码重置链接已发送至lixiaoming@example.com，注册手机13876543210。""",1
"""12. 客户投诉：王晓芳称订单7890未送达，联系电话15211112222。""",1
"""13. 水电费账单：杨柳，户号87654321，欠费120元。""",1
"""14. 招聘简历：刘强，出生日期1988-07-15，手机号+86-135-2468-1357。""",1
"""15. 会员卡号：VIP88889999，持卡人孙丽，积分余额1200。""",1
"""16. 紧急！张宇航（ID：A123456789）权限异常，请联系IT部门。""",1
"""17. 酒店预订：李明，入住日期6/20，信用卡尾号7890担保。""",1
"""18. 快递单号：SF1234567890，收件人黄伟，地址成都市锦江区红星路456号。""",1
"""19. 银行验证码：张小红，手机18765432109，验证码556677。""",1
"""20. 学生档案：王乐乐，学号20231234，家长电话13900001111。""",1
"""21. 机票预订成功：刘芳，护照号G12345678，航班CA1234。""",1
"""22. 服务开通：宽带账号adsl_zhangwei，安装地址南京市鼓湖南路77号。""",1
"""23. 社保查询失败：ID 987-65-4321（姓名：陈晨）需重新提交材料。""",1
"""24. 外卖订单：收货人“赵先生”，电话131-2222-3333，地址杭州市西湖区文三路456号。""",1
"""25. 合同签署人：王建国，身份证号310115197012123456，公章已盖。""",1
"""26. 快递丢失索赔：运单号YT987654321，收件人电话17788889999。""",1
"""27. 客户反馈：李娜（邮箱lina@example.com）投诉商品破损。""",1
"""28. 医保卡号：杨华，卡号B1234567890，需更新绑定医院。""",1
"""29. 租房合同：承租人周杰，身份证号320111199001011234，租期1年。""",1
"""30. 银行提醒：王刚，卡号6222-8888-9999-0001支出2000元。""",1
"""31. 报名信息：张小云，年龄12岁，监护人电话13612345678。""",1
"""32. 设备报修单：序列号SN87654321，联系人李工，手机15987654321。""",1
"""33. 会议通知：参会人赵明（部门总监），电话分机1234。""",1
"""34. 信用卡挂失：尾号5678（持卡人：吴芳），冻结申请已提交。""",1
"""35. 物业费通知：业主刘先生，房号5栋202，欠费800元。""",1
"""36. 学生证补办：姓名王思思，学号20235678，班级高三(2)班。""",1
"""37. 快递异常：单号JD123456789，收件人电话18812341234，地址不详。""",1
"""38. 会员注册：用户名“ZhangSan”，绑定手机+86-147-2580-3690。""",1
"""39. 工资条：员工编号EMP123456，实发工资8500元（李磊）。""",1
"""40. 保险理赔：保单号PIC987654321，被保险人周敏。""",1
"""41. 外卖评价：订单号#789012，送餐员王师傅（工号12345）服务优质。""",1
"""42. 客户咨询：预留手机13987654321（姓名：林小姐）询问退款进度。""",1
"""43. 设备领取：领用人赵刚（员工ID：E67890），领取iPad序列号DLX12345。""",1
"""44. 疫苗接种：儿童姓名王小宝，登记号VAC123456789，预约成功。""",1
"""45. 门禁卡申请：住户陈女士，房号3-101，电话18612344321。""",1
"""46. 投诉工单：客户张先生（电话15011112222）反映网络故障。""",1
"""47. 电商退货：订单号REF54321，退货地址：武汉市洪山区珞瑜路789号（收件人：刘芳）。""",1
"""48. 学生成绩单：姓名孙阳阳，考号2023-STU-5678，数学95分。""",1
"""49. 快递代收点：取件码456789，收件人电话18900001111（姓名：李静）。""",1
"""50. 会议签到表：参会人王宁，联系方式010-87654321，单位ABC公司。""",1
"""*Note: All data is entirely fictional and generated for testing purposes only.*""",1
"""1. 王小明住在北京市朝阳区建国路88号，电话号码是(010) 8765-4321。""",1
"""2. 信用卡付款完成，卡号：5432-1098-7654-3210，有效期至05/25。""",1
"""3. 紧急联系李女士，手机号+86-138-1234-5678，地址上海市浦东新区张江路456弄。""",1
"""4. 刘芳的社保号码是456-78-9123，请尽快处理她的报销申请。""",1
"""5. 订单确认：收货人赵刚，电话156-7890-1234，配送至广州市天河区体育西路12号。""",1
"""6. 张伟的邮箱是zhangwei_1985@example.com，预留电话是+1-212-555-0199。""",1
"""7. 发票抬头：陈丽，卡号末四位8912，金额￥1200。""",1
"""8. 客户反馈：王磊，手机181-2345-6789，订单号#789012。""",1
"""9. 周华的身份证号：110105199002143216，住址：成都市锦江区春熙路1号。""",1
"""10. 紧急！徐敏的信用卡3456-7890-1234-5678疑似盗刷，请冻结。""",1
"""11. 会员资料更新：姓名孙强，新电话(021) 9876-5432。""",1
"""12. 包裹寄往南京市鼓楼区北京西路34号，收件人吴婷，电话139-8765-4321。""",1
"""13. 工资转账失败，员工刘东，账号尾号7890，请核实。""",1
"""14. 预约确认：杨光医生，患者林小红，电话+86-159-1234-5678。""",1
"""15. 投诉处理：客户郑伟，订单#456123，邮箱zhengwei@example.com。""",1
"""16. 酒店预订：入住人黄杰，电话(0755) 2345-6789，房费已付卡号6789-0123-4567-8901。""",1
"""17. 快递丢失索赔：单号SF123456789，收件人地址：杭州市西湖区文三路100号。""",1
"""18. 王芳的护照号G12345678，航班CA1234，紧急联系人电话+852-9876-5432。""",1
"""19. 水电费账单未缴，户主周明，地址天津市和平区南京路20号。""",1
"""20. 张丽的会员卡号VIP87654321，积分即将过期。""",1
"""21. 在线申请表：姓名刘洋，身份证前六位110108，电话186-1234-5678。""",1
"""22. 信用卡分期失败，持卡人姓名吴强，卡号尾数3456。""",1
"""23. 客户留言：我是赵燕，新电话188-7654-3210，请回电。""",1
"""24. 保险理赔：投保人李刚，保单号PJ78901234，电话138-9876-5432。""",1
"""25. 机票预订：乘客姓名马丽，护照号E9876543，航班MU5678。""",1
"""26. 银行验证：账户名陈浩，预留手机+1-415-555-1234。""",1
"""27. 快递通知：王伟先生，单号YT87654321，派送至深圳市福田区深南大道200号。""",1
"""28. 社保卡挂失：持卡人姓名孙丽，卡号SA123456789。""",1
"""29. 用户名林涛，登录IP192.168.1.100，异常登录预警。""",1
"""30. 物业费催缴：业主姓名高强，房号15栋202，电话158-2345-6789。""",1
"""31. 合同签署方：公司法人代表刘芳，身份证号320102198503041234。""",1
"""32. 航班改签：乘客姓名周杰，原机票号123-4567890123。""",1
"""33. 王磊的借记卡6222-1234-5678-9012，ATM取现异常。""",1
"""34. 客户投诉：订单#789456，收货人电话177-1234-5678，地址错误。""",1
"""35. 会员注册：姓名杨雪，邮箱yangxue@example.com，密码重置链接已发。""",1
"""36. 预约挂号：患者姓名吴芳，身份证号310105198712123456，科室内科。""",1
"""37. 快递到付：收件人郑伟，电话+86-135-1234-5678，金额到付￥50。""",1
"""38. 信用卡补卡：持卡人姓名张敏，旧卡号末四位7890。""",1
"""39. 李强先生，您的话费账单未支付，手机号139-8765-4321，请及时缴费。""",1
"""40. 租房合同：租客王丽，身份证号420111199001011234，押金已付。""",1
"""41. 电商订单：收货人赵刚，卡号6217-8901-2345-6789，支付成功。""",1
"""42. 学校登记：家长姓名刘伟，学生王浩，联系电话(010) 1234-5678。""",1
"""43. 张华的快递单号JD123456789，预计明天送达长沙市岳麓区麓山南路1号。""",1
"""44. 银行提醒：账户名孙明，转账金额￥5000，收款人账号尾号1234。""",1
"""45. 酒店入住：客人姓名李娜，护照号P87654321，房号508。""",1
"""46. 客户咨询：我是王芳，订单#321654，电话178-1234-5678。""",1
"""47. 信用卡到期换卡：持卡人姓名周强，新卡邮寄地址：武汉市洪山区珞喻路1037号。""",1
"""48. 刘东的驾驶证号110105198510101234，违章未处理。""",1
"""49. 快递异常：单号YZ12345678，收件人电话159-8765-4321，联系不上。""",1
"""50. 会员积分兑换：账号名陈磊，手机号137-1234-5678，兑换码已发送。""",1
"""（所有信息均为虚构，仅作示例用途。）""",1
"""王明远的信用卡尾号3456疑似在北京市朝阳区被盗刷，请立即联系银行确认。""",1
"""张丽女士，您的订单已发货，配送至上海市浦东新区张江路1234号，快递单号SF123456789。""",1
"""紧急：李伟的社保号678-12-3456可能被泄露，请速核查账户安全。""",1
"""客户刘芳的电话(+86-138-1234-5678)未接听，包裹将暂存配送站至晚8点。""",1
"""周涛先生，您的会员卡号9012-3456-7890-1234即将到期，请及时更新信息。""",1
"""招聘启事：应聘者请将简历发送至hr@example.com，标题格式“姓名_手机号_岗位”，如“陈晨_15987654321_销售”。""",1
"""赵敏的住址变更确认：从广州市天河区体育西路456号迁至白云区云城东路789号。""",1
"""重要通知：王志强的医保卡号123-45-6789需要重新激活，请携带身份证至柜台办理。""",1
"""遗失启事：拾到钱包内含身份证（姓名：吴刚，证件号310************123）请联系18012345678。""",1
"""发票信息：抬头“北京科技有限公司”，税号123456789012345，金额￥5,280.00。""",1
"""客户反馈：林女士（电话186-1234-5678）反映订单987654未收到，要求加急处理。""",1
"""疫情防控登记：访客张华（护照号E12345678）需填写体温检测表。""",1
"""快递异常提醒：寄往成都市武侯区人民南路四段11号（收件人：杨阳）的包裹物流延迟。""",1
"""银行验证：尾号7890的信用卡消费验证码为8845，切勿泄露。""",1
"""租房合同：甲方刘强（身份证号320************456）出租朝阳区建国路88号公寓。""",1
"""会员福利：持卡人周雪（卡号6217********1234）可享双倍积分至月底。""",1
"""紧急联系人更新：员工马丽（工号EMP-2023-123）新增联系人李娜（关系：姐妹，电话+1-213-555-0199）。""",1
"""投诉处理：客户王建国（邮箱wangjg@example.com）反映账号被盗，已冻结交易。""",1
"""问卷调查获奖通知：中奖用户黄伟（手机13123456789）请提供收货地址领取礼品。""",1
"""会议回执：参会者孙磊（公司：上海数据科技，职务：总监）确认出席AI峰会。""",1
"""水电费账单：户主赵燕（户号87654321）欠费￥320.50，请于25日前缴清。""",1
"""校友登记：1985届校友张红（原学号85****23）请联系校友会更新联系方式。""",1
"""快递签收失败：收件人吴芳（电话17712345678）未接听，包裹退回仓库。""",1
"""酒店预订确认：客人李明（预订号BK20230615）入住日期6月20日，房费已刷卡尾号5678。""",1
"""医保报销：参保人周华（医保卡号A123456789）的住院材料已审核通过。""",1
"""家长通知：学生王小云（学号2023****56）的期末成绩单需家长签字确认。""",1
"""快递改址：原地址杭州市西湖区文三路456号（收件人陈星）更改为余杭区五常大道1号。""",1
"""信用卡激活：持卡人刘洋（卡号4567-8901-2345-6789）需拨打400-123-4567完成激活。""",1
"""物业费催缴：业主周涛（房号5-302）欠费季度物业费￥890.00。""",1
"""客户投诉：订单号INV-2023-789的发票信息有误（正确税号：987654321098765）。""",1
"""航班提醒：旅客张伟（票号123-4567890123）请提前2小时至首都机场值机。""",1
"""设备报修：员工马超（工号DX-789）申请维修笔记本电脑（序列号SN-987654321）。""",1
"""疫苗接种：预约人李娜（身份证号210************987）请携带凭证至社区中心。""",1
"""网络注册：用户“阳光”（真实姓名：王辉，电话15812345678）未完成邮箱验证。""",1
"""贷款审批：申请人赵强（身份证号220************654）的信用评级为A级。""",1
"""快递到付：收件人周敏（地址：深圳市南山区科技南一路12号）需支付到付运费￥25.00。""",1
"""会议通知：特邀嘉宾吴教授（联系方式：wu.prof@university.edu）行程已确认。""",1
"""账户异常：用户林小芳（账号U123456）的登录IP（192.168.1.100）异常，已临时冻结。""",1
"""停车费缴纳：车牌京A·12345（车主：张先生）欠费累计￥120.00，请扫码支付。""",1
"""员工档案更新：财务部杨柳（员工号FIN-789）婚姻状态变更为“已婚”。""",1
"""外卖订单：顾客“李哥”（电话13987654321）的披萨已配送至朝阳区安立路68号。""",1
"""奖学金公示：获奖学生刘婷（学号2023****89）需核对银行卡号6222********1234。""",1
"""体检报告：患者周杰（病历号M202306789）的检查结果已上传至健康APP。""",1
"""设备领取：项目组王磊（工号R&D-456）签收无人机（资产编号AST-7890-1）。""",1
"""家长群通知：李小明的爸爸（电话18212345678）请确认明日家长会出席。""",1
"""快递破损理赔：运单号YT789012345（收件人：赵女士）的理赔申请已受理。""",1
"""离职交接：原销售部张华（工号SALES-123）的客户资料已转接至李娜。""",1
"""社区通知：住户王芳（门牌号3-501）请速至物业领取遗失的社保卡。""",1
"""电商退货：订单号RT20230618（买家：周先生，电话13512345678）退货商品已签收。""",1
"""维修预约：客户孙先生（地址：南京市鼓楼区中山路100号）空调维修改期至6月25日。""",1
"""（所有数据均为虚构，仅用于示例用途）""",1
"""Here are 50 fictional text snippets with varied PII examples, all clearly synthetic:""",1
"""我的信用卡号是5432-8765-1098-3214，有效期05/27，CVV 789。""",1
"""请将发票寄给张伟，地址：北京市朝阳区光华路8号，邮编100020。""",1
"""紧急联系李娜，电话+86-138-1234-5678，身份证号110105199001011234。""",1
"""会员账号：王芳，卡号后四位9876，手机151-2345-6789。""",1
"""订单确认：收货人赵明，电话(010) 6234-5678，邮箱zhaoming1985@example.com。""",1
"""社保号678-90-1234，请联系刘女士更新信息。""",1
"""快递寄往：上海市浦东新区张江路123弄45号601室，收件人陈晨。""",1
"""付款失败，请确认信用卡信息：6222-3456-7890-1234，姓名LIN XIAO。""",1
"""预约挂号：患者王小华，身份证330102198802021234，电话186-1234-5678。""",1
"""报销单填写：员工编号EMP-789，李雷，工行卡6217-8501-2345-6789。""",1
"""紧急！王敏的护照号G12345678即将到期，需更新。""",1
"""租房合同：租客周杰，身份证号310115199512121234，押金付至支付宝138-0000-1111。""",1
"""订单备注：送到朝阳区花园小区A栋202，电话+1-213-555-0199（美国）。""",1
"""客户投诉：订单号#78901，持卡人WANG LI，尾号3456，拒付争议。""",1
"""简历投递：应聘者孙浩，电话188-1234-5678，邮箱sunhao@example.com。""",1
"""水电费账单：户主杨洋，户号87654321，地址杭州市西湖区文三路456号。""",1
"""航班预订：乘客LIU YANG，护照号E9876543，紧急联系人137-1234-5678。""",1
"""快递取件码：9876，收件人吴雪，电话(021) 6543-2109。""",1
"""银行验证：请提供身份证后四位（如1234）和绑定手机尾号（5678）。""",1
"""会员续费：张婷，卡号5181-2718-9012-3456，到期日12/25。""",1
"""病历查询：患者编号PT-456，姓名周梅，出生日期1985-03-15。""",1
"""外卖订单：送到福田区深南大道2001号，电话152-3456-7890，备注不要辣。""",1
"""发票抬头：北京科技有限公司，税号91110108MA1234567A。""",1
"""包裹丢失索赔：运单号SF123456789，收件人黄磊，电话159-8765-4321。""",1
"""酒店预订：客人WANG XIN，入住日期2023-12-20，电话+852-9876-5432。""",1
"""家长通知：学生王乐乐，学号20231234，家长电话138-7654-3210。""",1
"""快递代收点：取件人赵燕，身份证号320102199909091234，验证码4567。""",1
"""信用卡盗刷警报：持卡人LI SI，卡号3778-456789-12345，请联系银行。""",1
"""员工登记表：姓名陈刚，工号00789，住址成都市锦江区红星路三段1号。""",1
"""网购退货：订单号#45678，退款至原卡（尾号1122），联系人刘芳，电话147-1234-5678。""",1
"""疫苗接种：预约号VAC-789，姓名林小雨，身份证210103200505051234。""",1
"""物业缴费：业主吴先生，房间号B栋1502，电话189-1234-5678。""",1
"""机票改签：乘客ZHANG SAN，票号123-4567890123，联系邮箱zhangsan@example.com。""",1
"""快递异常：单号YT5678901234，收件人地址错误，正确为广州市天河区天河北路88号。""",1
"""会员积分兑换：账号A123456，持卡人杨光，手机156-7890-1234。""",1
"""投诉工单：客户编号CUS-789，投诉人王丽，电话137-8765-4321。""",1
"""体检报告：姓名周杰伦，体检号20231111，联系电话139-1234-5678。""",1
"""网购评价：订单#789456，收货人李静，地址武汉市洪山区珞瑜路1037号。""",1
"""社保卡挂失：姓名刘强，卡号A123456789，出生日期1978-08-08。""",1
"""车辆登记：车主孙伟，车牌京A12345，联系电话158-1234-5678。""",1
"""学校通知：家长李明，学生王雪，学号202312345，请核对信息。""",1
"""银行短信验证：尾号8899的卡消费500元，如非本人操作请拨955XX。""",1
"""快递派送：收件人周华，电话182-3456-7890，地址西安市雁塔区小寨西路1号。""",1
"""保险理赔：保单号P1234567890，被保险人马超，电话135-6789-0123。""",1
"""发票遗失补打：客户编号CLT-456，开票方北京贸易有限公司。""",1
"""租房合同终止：租客姓名高飞，身份证号410105199010101234，押金退还至6214-5678-1234-5678。""",1
"""会议签到：参会人吴芳，公司ABC科技，联系方式151-2345-6789。""",1
"""外卖催单：订单号#123456，收货人张阿姨，电话130-1234-5678，地址朝阳区安贞里3号楼。""",1
"""信用卡申请：申请人周明，年收入200,000元，联系邮箱zhouming@example.com。""",1
"""快递投诉：运单号JD123456789，收件人地址错误，应为深圳市南山区科技南一路10号。""",1
"""所有数据均为虚构，仅用于示例。""",1
"""**Disclaimer:** All personal details below are entirely fictional and generated for demonstration purposes only. No real individuals or sensitive data are represented.""",1
"""1. 客户张伟的联系电话是(010) 6789-5432，地址为北京市朝阳区光华路8号。""",1
"""2. 信用卡尾号9012的持卡人李娜，请尽快联系客服+86-138-7654-3210更新账单信息。""",1
"""3. 发票抬头：王芳，身份证号210-987-6543，请将电子发票发送至wangfang@example.com。""",1
"""4. 紧急！王晓明的社保号678-90-1234有异常登录，请立即核实。""",1
"""5. 配送至上海市浦东新区张江路456号，收件人赵敏，电话187-6543-2109。""",1
"""6. 用户刘强东，订单号#7890，付款卡VISA 4512-7890-1234-5678已扣款成功。""",1
"""7. 投诉工单：客户周杰（电话+1-213-555-0199）反馈地址错误，应为广州市天河区天河北路88号。""",1
"""8. 员工档案：陈露，工号E-5678，紧急联系人李雷（151-9876-5432）。""",1
"""9. 微博私信：“我是吴芳，邮箱wufang@mail.com，手机159-8765-4321，求删帖！”""",1
"""10. 申请表漏填：出生日期1985/05/20，SSN ***-**-4567，请补全。""",1
"""11. 会员卡号PL987654，持卡人孙丽，积分即将到期，联系电话022-8765-4321。""",1
"""12. 水电费账单：户主杨光，户号56789012，地址成都市锦江区红星路三段1号。""",1
"""13. 客服记录：客户王海（身份证前6位110105）咨询退款至卡尾号3456进度。""",1
"""14. 快递面单：收件人“林小雨”，电话(+86) 135-1234-5678，包裹滞留深圳福田站。""",1
"""15. 银行提醒：账户6217-8901-2345-6789（李明）有一笔20,000元待确认交易。""",1
"""16. 推特投诉：“@客服我的订单#1234没收到！张三元，电话138-0013-8000。”""",1
"""17. 租房合同签署人：周华，护照号PE78901234，押金已付至卡号****-****-****-7890。""",1
"""18. 航班预订：乘客Liu Yang，票号098-7654321，紧急联系+852-9876-5432。""",1
"""19. 病历存档：患者王小波（医保卡号SH12345678），过敏史详见内页。""",1
"""20. 离职交接：前员工徐伟（工号XW-345）的权限未注销，HR请联系156-7890-1234。""",1
"""21. 外卖备注：“不要辣椒！电话181-2345-6789，地址：杭州市西湖区文三路100号陈晨收。”""",1
"""22. 信用卡申请表：申请人黄敏，年收入￥250,000，住宅电话0571-8765-4321。""",1
"""23. 快递异常：运单号SF123456789，收件人“李大卫”（电话缺失），地址模糊。""",1
"""24. 家长群通知：请刘婷婷家长（ID卡A987654）速填疫苗接种表。""",1
"""25. 银行风控预警：账户6214-5678-9012-345（户名：周杰）疑似盗刷。""",1
"""26. 物业登记：车位B2-08业主马芳，车牌京A-12345，电话未接。""",1
"""27. 电商退货：订单#5678，退款至卡6210-987***-***-4567（张丽）。""",1
"""28. 面试安排：候选人王志强，简历投递邮箱wzq@career.com，联系电话186-7890-1234。""",1
"""29. 学校档案：学生王乐乐（学号20231234），监护人电话138-7654-3210。""",1
"""30. 快递丢件索赔：寄件人“林芳”，单号YT567890，索赔账户尾号8901。""",1
"""31. 会议签到表：参会人赵明（公司：ABC科技，邮箱zhaoming@abc.com）。""",1
"""32. 保险理赔：报案号CL-2023-789，被保险人刘东，身份证号230*****7890。""",1
"""33. 售后邮件：“您好，我是客户吴琳，订单#3456未到货，电话177-1234-5678。”""",1
"""34. 员工调岗通知：原部门李娜（工号LN-789）即日起转入市场部。""",1
"""35. 微博抽奖中奖信息：@用户张小美 请私信收货地址+电话158-4321-5678。""",1
"""36. 酒店预订确认：Guest Name: Li Wei, Booking Ref #789012, Tel +44-7890-123456。""",1
"""37. 缴费提醒：户号56781234（姓名：陈晨）电费欠缴，请拨95598。""",1
"""38. 家长会回执：学生周小雨（班级3-2），家长签字栏“王芳（母）138****1234”。""",1
"""39. 离职证明：原员工徐杰（身份证3301********1234）在职期间无违规。""",1
"""40. 快递代收点通知：王伟的包裹（电话159-8765-4321）超期未取。""",1
"""41. 信用卡挂失：持卡人孙芳，卡号****-****-****-9012，挂失时间2023/11/05。""",1
"""42. 社区通知：住户张建国（门牌5-302）请速领物业卡。""",1
"""43. 外卖差评：“送错地址！订餐人刘洋，电话139-5678-1234，差评！”""",1
"""44. 投标文件：联系人赵总，公司电话0755-87654321，授权书附身份证复印件。""",1
"""45. 住院登记：患者马明（病案号M789012），家属电话156-7890-2345。""",1
"""46. 网购评价：“客服态度差！订单#9012，王芳，要求回电180-1234-5678。”""",1
"""47. 设备报修：使用部门张磊（分机号678），故障设备编号IT-789012。""",1
"""48. 家长投诉：“我是李静（电话187-6543-2109），孩子校服质量问题！”""",1
"""49. 快递改址申请：原单号JD123456789，新地址天津市南开区红旗路200号（收件人不变）。""",1
"""50. 会议纪要：行动项3由王强（邮箱wang.qiang@company.com）跟进，截止周五。""",1
"""**重申：以上所有数据均为虚构，仅用于测试或示例场景。**""",1
