text,label
"""Bancos reduzem taxa de juros após pressão do governo.""",0
"""Famosa banda de rock se apresenta na cidade vizinha esta semana.""",0
"""Recém-formado em ciência da computação, ele conseguiu seu primeiro emprego.""",0
"""Novo aplicativo de entrega de comida está causando furor na cidade.""",0
"""Investigadores descobrem origem de vírus que afetou a cidade ano passado.""",0
"""Minha nova bicicleta é incrível! Vale cada centavo gasto.""",0
"""Estou ansioso para o lançamento do último livro de meu autor favorito.""",0
"""Equipe local de futebol vence jogo emocionante fora de casa.""",0
"""Estudo revela impacto da poluição sonora em animais urbanos.""",0
"""Melhor restaurante da cidade serve comida deliciosa a preços razoáveis.""",0
"""Conferência sobre tecnologia atraiu milhares de entusiastas da área.""",0
"""Minha filha está adorando sua nova escola. Os professores são excelentes.""",0
"""Projeto de lei sobre mudança climática é aprovado pelo Congresso.""",0
"""Minha viagem para a praia foi incrível! O hotel era ótimo.""",0
"""Músico local ganha prêmio nacional de música.""",0
"""Estou planejando uma festa surpresa para um amigo especial.""",0
"""Novo parque temático abre suas portas no mês que vem.""",0
"""Estou aprendendo a cozinhar com um curso online. Adoro a flexibilidade.""",0
"""Descoberta arqueológica pode mudar o que sabemos sobre a história local.""",0
"""Meu vizinho está plantando um jardim lindo na frente de sua casa.""",0
"""Programa de reciclagem é implementado na cidade com grande sucesso.""",0
"""Minha irmã está grávida! Mal posso esperar para ser tia.""",0
"""Nova linha de smartphones da empresa é lançada hoje.""",0
"""Estou lendo um livro fascinante sobre a vida marinha.""",0
"""Evento de caridade arrecada fundos para construção de novo hospital.""",0
"""Minha família está planejando uma viagem para a montanha no fim de semana.""",0
"""Loja local de roupas vintage é meu novo lugar favorito para fazer compras.""",0
"""Estou aprimorando minhas habilidades de pintura com um tutor online.""",0
"""Projeto de चुrtila de transporte público é aprovado por unanimidade.""",0
"""Meu grupo de leitura está discutindo o novo best-seller esta semana.""",0
"""Estou economizando para comprar uma casa no campo.""",0
"""Nova linha de cosméticos veganos é lançada pela empresa.""",0
"""Minha filha está participando de uma competição de dança este fim de semana.""",0
"""Estou aprendendo a tocar guitarra com um amigo que é músico experiente.""",0
"""Novo filme de terror está assustando o público.""",0
"""Estou planejando uma festa surpresa de aniversário para meu irmão.""",0
"""Estou aprendendo uma nova língua online. É mais fácil do que eu pensava.""",0
"""Meus pais estão planejando uma viagem de cruzeiro no ano que vem.""",0
"""Minha irmã mais nova está prestes a se formar na faculdade.""",0
"""Novo centro comercial está atraindo clientes com suas lojas exclusivas.""",0
"""Estou lendo um livro sobre a história da cidade onde cresci.""",0
"""Minha mãe está doando seu tempo para uma organização de caridade local.""",0
"""Estou ansioso para o início da temporada de esportes este ano.""",0
"""Novo parque infantil foi inaugurado na nossa vizinhança ontem.""",0
"""Estou aprendendo a cozinhar com receitas tradicionais da minha avó.""",0
"""Minha irmã acabou de comprar um novo apartamento no centro da cidade.""",0
"""Estou planejando uma festa de aniversário surpresa para minha melhor amiga.""",0
"""Estou aprendendo a programar com um curso online gratuito.""",0
"""Nova linha de produtos orgânicos está causando sensação no mercado.""",0
"""Minha filha está participando de um torneio de xadrez este fim de semana.""",0
"""Estou lendo um livro sobre a vida de um famoso escritor local.""",0
"""Minha família está planejando uma viagem para a praia no verão.""",0
"""Estou aprendendo a tocar piano com um professor online.""",0
"""Nova exposição de arte abre no museu esta semana.""",0
"""Estou planejando uma festa de aniversário surpresa para meu pai.""",0
"""Estou lendo um livro sobre a história da cidade onde moro agora.""",0
"""Minha irmã está se mudando para outro país para trabalho.""",0
"""Estou aprendendo a fazer tricô com uma amiga experiente.""",0
"""Nova linha de produtos para animais de estimação é lançada pela empresa.""",0
"""Estou ansioso para o lançamento do novo jogo de video game este ano.""",0
"""Minha filha está participando de um concurso de poesia este mês.""",0
"""Estou lendo um livro sobre a vida de um famoso explorador.""",0
"""Minha família está planejando uma viagem para os Alpes no inverno.""",0
"""Estou aprendendo a fotografar com um curso online.""",0
"""1. ""Incêndio em edifício abandonado na cidade deixa um morto.""",0
"""2. ""Novo smartphone da marca X recebe críticas por sua bateria.""",0
"""3. ""Estudo sobre impacto das mudanças climáticas será apresentado na conferência.""",0
"""4. ""Família perde tudo em furacão, mas consegue salvação com ajuda de vizinhos.""",0
"""5. ""Livro de suspense ganha vida no cinema, com estreia prevista para esta semana.""",0
"""Louvre acolhe nova exposição sobre impressionismo.""",0
"""Comprei um novo smartphone, mas ainda não me acostumei com ele.""",0
"""Fogos de artifício iluminam o céu na noite de Ano Novo.""",0
"""Estou ansioso para visitar um amigo em outro país este verão.""",0
"""Nova pesquisa sugere que exercício físico aumenta a criatividade.""",0
"""O melhor restaurante que já fui é aquele pequeno lugar na praia.""",0
"""Mudança clim""",0
"""1. ""Fogo em prédio abandonado no centro de uma cidade deixou três bombeiros feridos.""",0
"""2. ""Novo lançamento da Apple recebeu críticas mistas dos especialistas em tecnologia.""",0
"""3. ""Time local de futebol venceu o campeonato estadual após emocionante partida de final.""",0
"""4. ""Investidores preocupados com a queda das ações da empresa X na bolsa de valores.""",0
"""5. ""Recém-formado em ciência da computação conseguiu emprego em multinacional após estágio.""",0
"""6. ""Museum de arte exibirá exposição de pinturas impressionistas por dois meses.""",0
"""7. ""Moradores de uma cidade pequena ficaram surpresos com a chegada de uma tempestade de neve.""",0
"""8. ""Livro de ficção científica do autor best-seller se tornou sucesso de vendas nas últimas semanas.""",0
"""9. ""Pacientes com sintomas similares a gripes devem ficar em casa e evitar contato com outros.""",0
"""10. ""Carro novo chegou ontem, ainda não tive tempo de testar todas as suas funcionalidades.""",0
"""11. ""Empreendedor local abriu uma loja de produtos orgânicos com grande sucesso.""",0
"""12. ""Pesquisadores descobriram nova espécie de planta em meio à floresta amazônica.""",0
"""13. ""Amanhã é o casamento de uma amiga, não sei ainda o que vestirei.""",0
"""14. ""Novo filme de ação chegou aos cinemas, porém os críticos não estão impressionados.""",0
"""15. ""Uso de máscaras se tornou obrigatório em todos os comércios da cidade.""",0
"""16. ""Vecinos se organizaram para limpar a praça local, melhorando a aparência do bairro.""",0
"""17. ""Minha irmã ganhou um cachorro como presente de aniversário, ela está muito feliz.""",0
"""18. ""Novo aplicativo de entrega de comida recebeu boas avaliações por sua rapidez e eficiência.""",0
"""19. ""Estou planejando uma viagem para a praia com meu melhor amigo no próximo mês.""",0
"""20. ""Professor de história recebeu prêmio por sua dedicação à educação de jovens.""",0
"""21. ""Meu vizinho está construindo uma casa nova, deve estar quase pronta.""",0
"""22. ""Livro de autoajuda se tornou best-seller após ser recomendado por celebridades.""",0
"""23. ""Equipe de remo local venceu competição regional após treinamento intensivo.""",0
"""24. ""Cientistas alertam para o aumento da temperatura global e seus efeitos no meio ambiente.""",0
"""25. ""Gato sumiu ontem à noite, ainda não voltou para casa.""",0
"""26. ""Novo jogo de videogame foi lançado hoje, já está em minha lista de desejos.""",0
"""27. ""Minha avó acabou de completar 80 anos, fizemos uma festa surpresa para ela.""",0
"""28. ""Nova série de TV baseada em livro popular recebeu ótimas notas dos espectadores.""",0
"""29. ""Estou aprendendo a tocar violão, é mais difícil do que parece.""",0
"""30. ""Caminhoneiros protestam contra aumento no preço do diesel nas rodovias do país.""",0
"""31. ""Meu filho começou a andar de bicicleta sem rodinhas, está muito orgulhoso.""",0
"""32. ""Conferência internacional de medicina reuniu especialistas em doenças infecciosas.""",0
"""33. ""Minha empresa está mudando para um novo escritório, espero que gostem do novo local.""",0
"""34. ""Criador de conteúdo digital tornou-se referência no assunto, com milhões de seguidores.""",0
"""35. ""Pacotes de viagem para o exterior aumentaram desde a abertura das fronteiras.""",0
"""36. ""Estou lendo um livro sobre história da arte, é muito interessante.""",0
"""37. ""Time de basquete local venceu o campeonato após uma emocionante partida final.""",0
"""38. ""Novos empreendimentos imobiliários estão transformando a paisagem da cidade.""",0
"""39. ""Meu amigo está pasando por dificuldades financeiras, vou tentar ajudar da melhor forma possível.""",0
"""40. ""Novo restaurante na cidade oferece pratos típicos da culinária italiana.""",0
"""41. ""Estou organizando uma festa surpresa para o aniversário de meu pai este fim de semana.""",0
"""42. ""Programa de reciclagem em escolas recebeu apoio dos pais e professores.""",0
"""43. ""Minha irmã está grávida, não posso esperar para conhecer o bebê.""",0
"""44. ""Novo smartphone da marca Y é lançado com recursos avançados de câmera.""",0
"""45. ""Estou aprendendo a cozinhar, ontem fiz uma massa caseira deliciosa.""",0
"""46. "" östlichen Nachbarstadt plantou milhares de árvores para combater a poluição do ar.""",0
"""47. ""Minha namorada e eu estamos planejando uma viagem para a Europa no ano que vem.""",0
"""48. ""Novo parque infantil foi inaugurado na cidade, as crianças estão amando.""",0
"""49. ""Estou tentando encontrar um emprego como freelancer, é difícil no início.""",0
"""50. ""Meu irmão acabou de comprar um carro zero quilômetro, ainda não sei qual modelo é.""",0
"""1. ""Brazil vence a Alemanha na final da Copa do Mundo""",0
"""2. ""Novo modelo de smartphone da marca X é lançado hoje""",0
"""3. ""A biblioteca municipal está fechada para obras de reforma""",0
"""4. ""O melhor restaurante italiano da cidade é o La Cucina""",0
"""5. ""O novo filme da Marvel estreia esta semana nos cinemas""",0
"""6. ""A empresa de entregas informou que o pacote chegará amanhã""",0
"""7. ""O prefeito anunciou um novo projeto de limpeza das praças da cidade""",0
"""8. ""A banda favorita da cidade se apresenta no festival este fim de semana""",0
"""9. ""O novo livro do autor best-seller já está nas livrarias""",0
"""10. ""O time de futebol local venceu o jogo de ontem com um gol de última hora""",0
"""11. ""A filha de uma amiga fez 15 anos essa semana""",0
"""12. ""O novo aplicativo de entregas de comida chegou na cidade""",0
"""13. ""O parque de diversões abre suas portas nesta semana""",0
"""14. ""O médico recomendou que eu faça mais exercícios físicos""",0
"""15. ""A nova loja de roupas abriu na avenida principal""",0
"""16. ""O novo game da empresa Y já está disponível para pré-venda""",0
"""17. ""O Museu de Arte da cidade está exibindo uma nova exposição""",0
"""18. ""O novo filme do diretor favorito estreia em breve""",0
"""19. ""A empresa de Telecom anunciou uma nova promoção de planos""",0
"""20. ""O novo parque infantil foi inaugurado hoje no bairro""",0
"""21. ""A nova peça de teatro estreia no fim de semana""",0
"""22. ""O novo filme de animação é uma ótima opção para famílias""",0
"""23. ""O novo livro de receitas do famoso chef já está à venda""",0
"""24. ""A empresa de telefonia lançou um novo modelo de celular""",0
"""25. ""A nova linha de cosméticos da marca Z está causando furor""",0
"""26. ""O novo filme de ação já é um sucesso nas bilheterias""",0
"""27. ""A nova loja de decoração abriu no centro da cidade""",0
"""28. ""O novo aplicativo de caronas já está sendo utilizado pelos moradores""",0
"""29. ""A nova linha de produtos orgânicos já está disponível nas prateleiras""",0
"""30. ""O novo shopping center abriu suas portas hoje""",0
"""31. ""A nova série de televisão já é um sucesso de audiência""",0
"""32. ""O novo restaurante japonês é uma ótima opção para jantares especiais""",0
"""33. ""A nova linha de produtos eletrônicos já está nas lojas""",0
"""34. ""O novo filme de suspense já é o favorito do público""",0
"""35. ""A nova linha de roupas de verão já chegou às lojas""",0
"""36. ""O novo filme de comédia é uma ótima opção para um dia divertido""",0
"""37. ""A nova biblioteca pública abriu suas portas essa semana""",0
"""38. ""O novo parque aquático é uma ótima opção para as férias""",0
"""39. ""A nova linha de produtos para bebês já está disponível""",0
"""40. ""O novo filme de terror já é um sucesso de bilheteria""",0
"""41. ""A nova linha de produtos de beleza já está nas prateleiras""",0
"""42. ""O novo filme de drama é uma ótima opção para apreciadores do gênero""",0
"""43. ""A nova linha de produtos para animais de estimação já chegou às lojas""",0
"""44. ""O novo filme de ficção científica já é um sucesso de crítica""",0
"""45. ""A nova linha de produtos para o lar já está disponível""",0
"""46. ""O novo filme de comédia romântica é uma ótima opção para casais""",0
"""47. ""A nova linha de produtos esportivos já chegou às lojas""",0
"""48. ""O novo filme de ação e aventura é uma ótima opção para os fãs do gênero""",0
"""49. ""A nova linha de produtos de eletrônicos portáteis já está disponível""",0
"""50. ""O novo filme de animação já é um sucesso entre as crianças""",0
"""Ganhos da Amazon disparam após forte crescimento no segundo trimestre.""",0
"""Viagem para o exterior pode custar 15% a mais este ano, segundo agências de turismo.""",0
"""Apple rumoreja lançamento de novo iPhone sem Touch ID.""",0
"""Restaurante local ganha prêmio de melhor comida vegetariana da cidade.""",0
"""Estudantes protestam contra aumento das passagens de ônibus na capital.""",0
"""Novela das 9 tem surpresa: personagem principal morre em acidente de carro.""",0
"""Time de futebol local vence campeonato estadual após 10 anos.""",0
"""Livro 'A Sombra do Vento' de Carlos Ruiz Zafón é um best-seller mundial.""",0
"""Cientistas descobrem nova espécie de planta na Amazônia.""",0
"""Minha nova bicicleta é muito confortável, mas os freios ainda precisam ser ajustados.""",0
"""Plano de saúde não cobre tratamento experimental, deixando paciente na dúvida.""",0
"""Novo filme da Marvel decepciona expectativas, segundo crítica especializada.""",0
"""Estudantes aprendem sobre meio ambiente em projeto na escola.""",0
"""Mudança na legislação afeta milhões de trabalhadores no país.""",0
"""Loja de eletrônicos fecha as portas após queda nas vendas.""",0
"""Cidades do interior sofrem com falta de água potável devido à seca.""",0
"""Curso de culinária ensina a fazer pratos típicos da Itália.""",0
"""Minha namorada vai me levar para jantar em um restaurante novo essa noite.""",0
"""Investimento em energias renováveis cresce no país, diz relatório.""",0
"""Paciente espera por transplante de órgão há mais de cinco anos.""",0
"""Lançamento de novo álbum da banda é adiado para o ano que vem.""",0
"""Escola de idiomas fecha após queda no número de alunos.""",0
"""Família perde tudo em incêndio em apartamento no centro da cidade.""",0
"""Novo aplicativo de entrega de comida é lançado na cidade.""",0
"""Turistas estrangeiros gastam milhões no país, segundo estatísticas.""",0
"""Minha filha está adorando o novo professor de música, ela já sabe tocar duas músicas.""",0
"""Governo anuncia corte de verbas em cultura, preocupando artistas.""",0
"""Novo parque de diversões abre portas na cidade, atraindo visitantes de todo o estado.""",0
"""Minha esposa comprou uma nova planta para decorar a sala.""",0
"""Projeto de lei visa proibir plásticos em supermercados da região.""",0
"""Companhia aérea aumenta número de voos para o exterior devido à alta demanda.""",0
"""Estudantes aprendem sobre sustentabilidade em projeto na escola.""",0
"""Mercado de criptomoedas enfrenta incertezas após queda no valor do Bitcoin.""",0
"""Nova série de televisão se passa em uma cidade fictícia no interior do país.""",0
"""Minha filha vai ter um bebê, estou muito feliz em ser avô.""",0
"""Trabalhadores em greve paralisam atividades em fábrica da cidade.""",0
"""Novo filme de terror é considerado o mais assustador dos últimos anos.""",0
"""Estudantes protestam contra mudanças na grade curricular da universidade.""",0
"""Minha namorada vai me levar para conhecer seus pais esse fim de semana.""",0
"""Nova loja de roupas masculinas abre na rua principal da cidade.""",0
"""Investimento em Startups cresce no país, segundo relatório.""",0
"""Minha bicicleta foi roubada ontem, preciso comprar uma nova.""",0
"""Novo filme de animação é sucesso de bilheteria no país.""",0
"""Estudantes aprendem sobre a História do Brasil em projeto na escola.""",0
"""Minha filha vai se apresentar na peça da escola essa semana.""",0
"""Governador visita cidade para anunciar obras de infraestrutura.""",0
"""Novo jogo de videogame é lançado com grande expectativa dos fãs.""",0
"""Minha mãe vai fazer uma cirurgia na semana que vem, estou preocupado.""",0
"""Restaurante na praia é eleito o melhor da cidade em prêmio de gastronomia.""",0
"""Estudantes aprendem sobre o sistema solar em projeto na escola.""",0
"""Minha namorada vai me levar para jantar no restaurante novo essa noite.""",0
"""Nova linha de cosméticos é lançada pela marca nacional.""",0
"""Minha filha vai ter um bebê, estou muito emocionado em ser pai novamente.""",0
"""Nova série de televisão é baseada em livro best-seller de autor nacional.""",0
"""1. ""Incêndio em prédio velho no centro da cidade deixa 10 famílias desalojadas.""",0
"""2. ""Novo filme de animação conquista público infantil com suas mensagens positivas.""",0
"""3. ""A melhor pizza da cidade é, sem dúvida, a da Pizaria do Marco.""",0
"""4. ""Cientistas descobrem nova espécie de planta na floresta amazônica.""",0
"""5. ""Equipe local de futebol vence campeonato após emocionante final""",0
"""1. ""Lamentável acidente na BR-116 causou atrasos no trânsito hoje.""",0
"""2. ""Novo smartphone da marca X surpreendeu pelo design moderno.""",0
"""3. ""O time local venceu o jogo com um gol no último segundo.""",0
"""4. ""A entrega chegará amanhã, antes das 18 horas, conforme combinado.""",0
"""5. ""Recentemente, a empresa anunciou o lançamento de um novo produto.""",0
"""6. ""A biblioteca municipal iniciou um programa de leitura para crianças.""",0
"""7. ""O filme de ficção científica está emocionando o público desde sua estreia.""",0
"""8. ""A pesquisa indica que a maioria dos entrevistados apoia a proposta.""",0
"""9. ""O novo restaurante na cidade está Receiving excelentes comentários.""",0
"""10. ""A exposição de arte abre ao público neste fim de semana.""",0
"""11. ""O professor explicou o tema de forma clara e interessante durante a aula.""",0
"""12. ""A nova linha de roupas da marca é muito bem recebida pelos consumidores.""",0
"""13. ""O evento esportivo contará com a participação de atletas de todo o país.""",0
"""14. ""A empresa anunciou cortes no orçamento devido à crise econômica.""",0
"""15. ""A nova peça de teatro abordará temas sociais importantes.""",0
"""16. ""O filme biográfico sobre o artista é uma homenagem a sua vida e obra.""",0
"""17. ""A feira de ciências surpreendeu com inovações tecnológicas.""",0
"""18. ""O novo aplicativo de entregas está Receiving boas avaliações.""",0
"""19. ""O livro de não ficção é um guia prático para o autocontrole emocional.""",0
"""20. ""A empresa de tecnologia anunciou uma atualização em seu software.""",0
"""21. ""O museu de arte moderna recebeu uma nova exposição de pinturas.""",0
"""22. ""O time de futebol local perdeu por 2 a 1 em jogo fora de casa.""",0
"""23. ""A nova linha de cosméticos está Receiving excelentes comentários.""",0
"""24. ""O festival de música atraiu milhares de pessoas neste fim de semana.""",0
"""25. ""O novo filme de terror está Receiving críticas positivas.""",0
"""26. ""A empresa de consultoria está Receiving novos clientes a cada dia.""",0
"""27. ""O livro de suspense mantém o leitor em suspense até a última página.""",0
"""28. ""O novo parque aquático promete diversão para todas as idades.""",0
"""29. ""O evento beneficente arrecadou fundos para instituições de caridade.""",0
"""30. ""A empresa de turismo anunciou pacotes promocionais para o feriado.""",0
"""31. ""O novo restaurante vegetariano está Receiving bons comentários.""",0
"""32. ""O espetáculo de dança emocionou o público com coreografias elaboradas.""",0
"""33. ""A empresa de vestuário lançou uma coleção de moda primavera-verão.""",0
"""34. ""O filme de comédia é uma boa opção para quem busca diversão.""",0
"""35. ""A nova linha de produtos para o lar está Receiving excelentes comentários.""",0
"""36. ""O evento esportivo contou com a participação de atletas de elite.""",0
"""37. ""O novo aplicativo de encontros está Receiving bons comentários.""",0
"""38. ""A empresa de seguros anunciou uma campanha de conscientização.""",0
"""39. ""O filme de ação é uma aventura eletrizante do começo ao fim.""",0
"""40. ""O novo parque de diversões abriu suas portas ao público esta semana.""",0
"""41. ""O espetáculo de circo encantou as crianças com suas apresentações.""",0
"""42. ""A empresa de beleza lançou uma nova linha de produtos orgânicos.""",0
"""43. ""O novo filme de drama é uma história comovente de superação.""",0
"""44. ""O evento musical atraiu fãs de todas as idades.""",0
"""45. ""A empresa de tecnologia anunciou o lançamento de um novo dispositivo.""",0
"""46. ""O novo restaurante de comida mexicana está Receiving bons comentários.""",0
"""47. ""O espetáculo de teatro trouxe à cena uma história de amor e destino.""",0
"""48. ""A empresa de cosméticos lançou uma linha de produtos para pele madura.""",0
"""49. ""O evento de caridade arrecadou fundos para crianças carentes.""",0
"""50. ""A empresa de vestuário lançou uma campanha de moda de outono-inverno.""",0
"""1. ""Governo anuncia nova lei para proteger o meio ambiente.""",0
"""2. ""Novo smartphone da XYZ é uma verdadeira revolução tecnológica.""",0
"""3. ""Minha viagem a Paris foi inesquecível, a cidade é mesmo a capital da moda.""",0
"""4. ""Estou adorando a nova série de documentários sobre a vida marinha.""",0
"""5. ""O time local venceu o campeonato, o estádio estava lotado.""",0
"""6. ""A nova coleção""",0
"""1. ""Lua cheia hoje à noite, perfeito para um piquenique no parque.""",0
"""2. ""Novo smartphone da Samsung já está à venda nas lojas.""",0
"""3. ""Cientistas descobrem nova espécie de planta na Amazônia.""",0
"""4. ""Time local vence campeonato após emocionante final.""",0
"""5. ""Novo filme de ação estreia esta semana nos cinemas.""",0
"""6. ""Cidade registra aumento no número de bicicletas compartilhadas.""",0
"""7. ""Recém-formado encontra primeiro emprego após meses de busca.""",0
"""8. ""Livro best-seller chega às prateleiras das livrarias esta semana.""",0
"""9. ""Paciente recebe alta após tratamento de sucesso em hospital local.""",0
"""10. ""Nova linha de cosméticos orgânicos já está disponível em lojas selecionadas.""",0
"""11. ""Estudantes participam de protesto contra cortes na educação.""",0
"""12. ""Meteorito cai na zona rural, causando impacto mas sem vítimas.""",0
"""13. ""Nova exposição de arte abre ao público no museu local.""",0
"""14. ""Cidadão denuncia falta de iluminação pública em bairro residencial.""",0
"""15. ""Time de futebol local perde jogo após polêmica arbitral.""",0
"""16. ""Novo aplicativo de entregas promete Delivery rápido e eficiente.""",0
"""17. ""Escola de dança realiza apresentação de fim de ano para familiares.""",0
"""18. ""Paciente espera por transplante de órgão em hospital público.""",0
"""19. ""Novo parque aquático abre portas para temporada de verão.""",0
"""20. ""Livro de receitas tradicionais é lançado pela associação de dona de casa.""",0
"""21. ""Estudantes de intercâmbio compartilham experiências no exterior.""",0
"""22. ""Nova biblioteca pública é inaugurada no centro da cidade.""",0
"""23. ""Festival de música traz grandes artistas ao palco principal.""",0
"""24. ""Cidadão recebe multa por estacionar em vaga reservada para deficientes.""",0
"""25. ""Nova linha de móveis é lançada pela marca de decoração local.""",0
"""26. ""Estudantes participam de competição de robótica em outra cidade.""",0
"""27. ""Livro de memórias de um viajante é lançado pela editora local.""",0
"""28. ""Nova cafeteria abre portas no bairro, com opções de café orgânicos.""",0
"""29. ""Time de vôlei feminino vince campeonato após jogo emocionante.""",0
"""30. ""Paciente realiza cirurgia de catarata com sucesso em hospital particular.""",0
"""31. ""Novo centro comercial abre com promoções em várias lojas.""",0
"""32. ""Escola de música realiza concerto de fim de semestre para pais e amigos.""",0
"""33. ""Cidadão denuncia ruído excessivo em festa vizinha.""",0
"""34. ""Novo parque infantil é inaugurado na praça do bairro.""",0
"""35. ""Estudante recebe bolsa de estudos para pós-graduação no exterior.""",0
"""36. ""Livro de contos infantis é lançado pela autora local.""",0
"""37. ""Nova academia de ginástica abre portas para membros da comunidade.""",0
"""38. ""Time de basquete local perde jogo após polêmica arbitral.""",0
"""39. ""Paciente realiza consulta médica por videochamada.""",0
"""40. ""Nova linha de produtos para animais de estimação é lançada em lojas.""",0
"""41. ""Estudantes participam de competição de debates em outra cidade.""",0
"""42. ""Livro de poesia é lançado pelo poeta local em evento na biblioteca.""",0
"""43. ""Nova loja de jogos eletrônicos abre no shopping center.""",0
"""44. ""Novo cinema abre com promoções para sessões de quinta-feira.""",0
"""45. ""Cidadão denuncia buracos na rua após chuva forte.""",0
"""46. ""Nova linha de cosméticos é lançada pela marca de beleza local.""",0
"""47. ""Estudantes de jornalismo participam de oficina de reportagem.""",0
"""48. ""Livro de história local é lançado pela editora regional.""",0
"""49. ""Nova loja de roupas infantis abre no centro comercial.""",0
"""50. ""Paciente realiza consulta com psicólogo por aplicativo.""",0
""". ""Lamentável acidente na BR-116 causou atrasos no trânsito hoje.""",0
"""2. ""Novo smartphone da marca X surpreendeu pelo design moderno.""",0
"""3. ""O time local venceu o jogo com um gol no último segundo.""",0
"""4. ""A entrega chegará amanhã, antes das 18 horas, conforme combinado.""",0
"""5. ""Recentemente, a empresa anunciou o lançamento de um novo produto.""",0
"""6. ""A biblioteca municipal iniciou um programa de leitura para crianças.""",0
"""7. ""O filme de ficção científica está emocionando o público desde sua estreia.""",0
"""8. ""A pesquisa indica que a maioria dos entrevistados apoia a proposta.""",0
"""9. ""O novo restaurante na cidade está Receiving excelentes comentários.""",0
"""10. ""A exposição de arte abre ao público neste fim de semana.""",0
"""11. ""O professor explicou o tema de forma clara e interessante durante a aula.""",0
"""12. ""A nova linha de roupas da marca é muito bem recebida pelos consumidores.""",0
"""13. ""O evento esportivo contará com a participação de atletas de todo o país.""",0
"""14. ""A empresa anunciou cortes no orçamento devido à crise econômica.""",0
"""15. ""A nova peça de teatro abordará temas sociais importantes.""",0
"""16. ""O filme biográfico sobre o artista é uma homenagem a sua vida e obra.""",0
"""17. ""A feira de ciências surpreendeu com inovações tecnológicas.""",0
"""18. ""O novo aplicativo de entregas está Receiving boas avaliações.""",0
"""19. ""O livro de não ficção é um guia prático para o autocontrole emocional.""",0
"""20. ""A empresa de tecnologia anunciou uma atualização em seu software.""",0
"""21. ""O museu de arte moderna recebeu uma nova exposição de pinturas.""",0
"""22. ""O time de futebol local perdeu por 2 a 1 em jogo fora de casa.""",0
"""23. ""A nova linha de cosméticos está Receiving excelentes comentários.""",0
"""24. ""O festival de música atraiu milhares de pessoas neste fim de semana.""",0
"""25. ""O novo filme de terror está Receiving críticas positivas.""",0
"""26. ""A empresa de consultoria está Receiving novos clientes a cada dia.""",0
"""27. ""O livro de suspense mantém o leitor em suspense até a última página.""",0
"""28. ""O novo parque aquático promete diversão para todas as idades.""",0
"""29. ""O evento beneficente arrecadou fundos para instituições de caridade.""",0
"""30. ""A empresa de turismo anunciou pacotes promocionais para o feriado.""",0
"""31. ""O novo restaurante vegetariano está Receiving bons comentários.""",0
"""32. ""O espetáculo de dança emocionou o público com coreografias elaboradas.""",0
"""33. ""A empresa de vestuário lançou uma coleção de moda primavera-verão.""",0
"""34. ""O filme de comédia é uma boa opção para quem busca diversão.""",0
"""35. ""A nova linha de produtos para o lar está Receiving excelentes comentários.""",0
"""36. ""O evento esportivo contou com a participação de atletas de elite.""",0
"""37. ""O novo aplicativo de encontros está Receiving bons comentários.""",0
"""38. ""A empresa de seguros anunciou uma campanha de conscientização.""",0
"""39. ""O filme de ação é uma aventura eletrizante do começo ao fim.""",0
"""40. ""O novo parque de diversões abriu suas portas ao público esta semana.""",0
"""41. ""O espetáculo de circo encantou as crianças com suas apresentações.""",0
"""42. ""A empresa de beleza lançou uma nova linha de produtos orgânicos.""",0
"""43. ""O novo filme de drama é uma história comovente de superação.""",0
"""44. ""O evento musical atraiu fãs de todas as idades.""",0
"""45. ""A empresa de tecnologia anunciou o lançamento de um novo dispositivo.""",0
"""46. ""O novo restaurante de comida mexicana está Receiving bons comentários.""",0
"""47. ""O espetáculo de teatro trouxe à cena uma história de amor e destino.""",0
"""48. ""A empresa de cosméticos lançou uma linha de produtos para pele madura.""",0
"""49. ""O evento de caridade arrecadou fundos para crianças carentes.""",0
"""50. ""A empresa de vestuário lançou uma campanha de moda de outono-inverno.""",0
""". ""Lamentável acidente na BR-116 causou atrasos no trânsito hoje.""",0
"""2. ""Novo smartphone da marca X surpreendeu pelo design moderno.""",0
"""3. ""O time local venceu o jogo com um gol no último segundo.""",0
"""4. ""A entrega chegará amanhã, antes das 18 horas, conforme combinado.""",0
"""5. ""Recentemente, a empresa anunciou o lançamento de um novo produto.""",0
"""6. ""A biblioteca municipal iniciou um programa de leitura para crianças.""",0
"""7. ""O filme de ficção científica está emocionando o público desde sua estreia.""",0
"""8. ""A pesquisa indica que a maioria dos entrevistados apoia a proposta.""",0
"""9. ""O novo restaurante na cidade está Receiving excelentes comentários.""",0
"""10. ""A exposição de arte abre ao público neste fim de semana.""",0
"""11. ""O professor explicou o tema de forma clara e interessante durante a aula.""",0
"""12. ""A nova linha de roupas da marca é muito bem recebida pelos consumidores.""",0
"""13. ""O evento esportivo contará com a participação de atletas de todo o país.""",0
"""14. ""A empresa anunciou cortes no orçamento devido à crise econômica.""",0
"""15. ""A nova peça de teatro abordará temas sociais importantes.""",0
"""16. ""O filme biográfico sobre o artista é uma homenagem a sua vida e obra.""",0
"""17. ""A feira de ciências surpreendeu com inovações tecnológicas.""",0
"""18. ""O novo aplicativo de entregas está Receiving boas avaliações.""",0
"""19. ""O livro de não ficção é um guia prático para o autocontrole emocional.""",0
"""20. ""A empresa de tecnologia anunciou uma atualização em seu software.""",0
"""21. ""O museu de arte moderna recebeu uma nova exposição de pinturas.""",0
"""22. ""O time de futebol local perdeu por 2 a 1 em jogo fora de casa.""",0
"""23. ""A nova linha de cosméticos está Receiving excelentes comentários.""",0
"""24. ""O festival de música atraiu milhares de pessoas neste fim de semana.""",0
"""25. ""O novo filme de terror está Receiving críticas positivas.""",0
"""26. ""A empresa de consultoria está Receiving novos clientes a cada dia.""",0
"""27. ""O livro de suspense mantém o leitor em suspense até a última página.""",0
"""28. ""O novo parque aquático promete diversão para todas as idades.""",0
"""29. ""O evento beneficente arrecadou fundos para instituições de caridade.""",0
"""30. ""A empresa de turismo anunciou pacotes promocionais para o feriado.""",0
"""31. ""O novo restaurante vegetariano está Receiving bons comentários.""",0
"""32. ""O espetáculo de dança emocionou o público com coreografias elaboradas.""",0
"""33. ""A empresa de vestuário lançou uma coleção de moda primavera-verão.""",0
"""34. ""O filme de comédia é uma boa opção para quem busca diversão.""",0
"""35. ""A nova linha de produtos para o lar está Receiving excelentes comentários.""",0
"""36. ""O evento esportivo contou com a participação de atletas de elite.""",0
"""37. ""O novo aplicativo de encontros está Receiving bons comentários.""",0
"""38. ""A empresa de seguros anunciou uma campanha de conscientização.""",0
"""39. ""O filme de ação é uma aventura eletrizante do começo ao fim.""",0
"""40. ""O novo parque de diversões abriu suas portas ao público esta semana.""",0
"""41. ""O espetáculo de circo encantou as crianças com suas apresentações.""",0
"""42. ""A empresa de beleza lançou uma nova linha de produtos orgânicos.""",0
"""43. ""O novo filme de drama é uma história comovente de superação.""",0
"""44. ""O evento musical atraiu fãs de todas as idades.""",0
"""45. ""A empresa de tecnologia anunciou o lançamento de um novo dispositivo.""",0
"""46. ""O novo restaurante de comida mexicana está Receiving bons comentários.""",0
"""47. ""O espetáculo de teatro trouxe à cena uma história de amor e destino.""",0
"""48. ""A empresa de cosméticos lançou uma linha de produtos para pele madura.""",0
"""49. ""O evento de caridade arrecadou fundos para crianças carentes.""",0
"""50. ""A empresa de vestuário lançou uma campanha de moda de outono-inverno.""",0
""". ""Lamentável acidente na BR-116 causou atrasos no trânsito hoje.""",0
"""2. ""Novo smartphone da marca X surpreendeu pelo design moderno.""",0
"""3. ""O time local venceu o jogo com um gol no último segundo.""",0
"""4. ""A entrega chegará amanhã, antes das 18 horas, conforme combinado.""",0
"""5. ""Recentemente, a empresa anunciou o lançamento de um novo produto.""",0
"""6. ""A biblioteca municipal iniciou um programa de leitura para crianças.""",0
"""7. ""O filme de ficção científica está emocionando o público desde sua estreia.""",0
"""8. ""A pesquisa indica que a maioria dos entrevistados apoia a proposta.""",0
"""9. ""O novo restaurante na cidade está Receiving excelentes comentários.""",0
"""10. ""A exposição de arte abre ao público neste fim de semana.""",0
"""11. ""O professor explicou o tema de forma clara e interessante durante a aula.""",0
"""12. ""A nova linha de roupas da marca é muito bem recebida pelos consumidores.""",0
"""13. ""O evento esportivo contará com a participação de atletas de todo o país.""",0
"""14. ""A empresa anunciou cortes no orçamento devido à crise econômica.""",0
"""15. ""A nova peça de teatro abordará temas sociais importantes.""",0
"""16. ""O filme biográfico sobre o artista é uma homenagem a sua vida e obra.""",0
"""17. ""A feira de ciências surpreendeu com inovações tecnológicas.""",0
"""18. ""O novo aplicativo de entregas está Receiving boas avaliações.""",0
"""19. ""O livro de não ficção é um guia prático para o autocontrole emocional.""",0
"""20. ""A empresa de tecnologia anunciou uma atualização em seu software.""",0
"""21. ""O museu de arte moderna recebeu uma nova exposição de pinturas.""",0
"""22. ""O time de futebol local perdeu por 2 a 1 em jogo fora de casa.""",0
"""23. ""A nova linha de cosméticos está Receiving excelentes comentários.""",0
"""24. ""O festival de música atraiu milhares de pessoas neste fim de semana.""",0
"""25. ""O novo filme de terror está Receiving críticas positivas.""",0
"""26. ""A empresa de consultoria está Receiving novos clientes a cada dia.""",0
"""27. ""O livro de suspense mantém o leitor em suspense até a última página.""",0
"""28. ""O novo parque aquático promete diversão para todas as idades.""",0
"""29. ""O evento beneficente arrecadou fundos para instituições de caridade.""",0
"""30. ""A empresa de turismo anunciou pacotes promocionais para o feriado.""",0
"""31. ""O novo restaurante vegetariano está Receiving bons comentários.""",0
"""32. ""O espetáculo de dança emocionou o público com coreografias elaboradas.""",0
"""33. ""A empresa de vestuário lançou uma coleção de moda primavera-verão.""",0
"""34. ""O filme de comédia é uma boa opção para quem busca diversão.""",0
"""35. ""A nova linha de produtos para o lar está Receiving excelentes comentários.""",0
"""36. ""O evento esportivo contou com a participação de atletas de elite.""",0
"""37. ""O novo aplicativo de encontros está Receiving bons comentários.""",0
"""38. ""A empresa de seguros anunciou uma campanha de conscientização.""",0
"""39. ""O filme de ação é uma aventura eletrizante do começo ao fim.""",0
"""40. ""O novo parque de diversões abriu suas portas ao público esta semana.""",0
"""41. ""O espetáculo de circo encantou as crianças com suas apresentações.""",0
"""42. ""A empresa de beleza lançou uma nova linha de produtos orgânicos.""",0
"""43. ""O novo filme de drama é uma história comovente de superação.""",0
"""44. ""O evento musical atraiu fãs de todas as idades.""",0
"""45. ""A empresa de tecnologia anunciou o lançamento de um novo dispositivo.""",0
"""46. ""O novo restaurante de comida mexicana está Receiving bons comentários.""",0
"""47. ""O espetáculo de teatro trouxe à cena uma história de amor e destino.""",0
"""48. ""A empresa de cosméticos lançou uma linha de produtos para pele madura.""",0
"""49. ""O evento de caridade arrecadou fundos para crianças carentes.""",0
"""50. ""A empresa de vestuário lançou uma campanha de moda de outono-inverno.""",0
""". ""Lamentável acidente na BR-116 causou atrasos no trânsito hoje.""",0
"""2. ""Novo smartphone da marca X surpreendeu pelo design moderno.""",0
"""3. ""O time local venceu o jogo com um gol no último segundo.""",0
"""4. ""A entrega chegará amanhã, antes das 18 horas, conforme combinado.""",0
"""5. ""Recentemente, a empresa anunciou o lançamento de um novo produto.""",0
"""6. ""A biblioteca municipal iniciou um programa de leitura para crianças.""",0
"""7. ""O filme de ficção científica está emocionando o público desde sua estreia.""",0
"""8. ""A pesquisa indica que a maioria dos entrevistados apoia a proposta.""",0
"""9. ""O novo restaurante na cidade está Receiving excelentes comentários.""",0
"""10. ""A exposição de arte abre ao público neste fim de semana.""",0
"""11. ""O professor explicou o tema de forma clara e interessante durante a aula.""",0
"""12. ""A nova linha de roupas da marca é muito bem recebida pelos consumidores.""",0
"""13. ""O evento esportivo contará com a participação de atletas de todo o país.""",0
"""14. ""A empresa anunciou cortes no orçamento devido à crise econômica.""",0
"""15. ""A nova peça de teatro abordará temas sociais importantes.""",0
"""16. ""O filme biográfico sobre o artista é uma homenagem a sua vida e obra.""",0
"""17. ""A feira de ciências surpreendeu com inovações tecnológicas.""",0
"""18. ""O novo aplicativo de entregas está Receiving boas avaliações.""",0
"""19. ""O livro de não ficção é um guia prático para o autocontrole emocional.""",0
"""20. ""A empresa de tecnologia anunciou uma atualização em seu software.""",0
"""21. ""O museu de arte moderna recebeu uma nova exposição de pinturas.""",0
"""22. ""O time de futebol local perdeu por 2 a 1 em jogo fora de casa.""",0
"""23. ""A nova linha de cosméticos está Receiving excelentes comentários.""",0
"""24. ""O festival de música atraiu milhares de pessoas neste fim de semana.""",0
"""25. ""O novo filme de terror está Receiving críticas positivas.""",0
"""26. ""A empresa de consultoria está Receiving novos clientes a cada dia.""",0
"""27. ""O livro de suspense mantém o leitor em suspense até a última página.""",0
"""28. ""O novo parque aquático promete diversão para todas as idades.""",0
"""29. ""O evento beneficente arrecadou fundos para instituições de caridade.""",0
"""30. ""A empresa de turismo anunciou pacotes promocionais para o feriado.""",0
"""31. ""O novo restaurante vegetariano está Receiving bons comentários.""",0
"""32. ""O espetáculo de dança emocionou o público com coreografias elaboradas.""",0
"""33. ""A empresa de vestuário lançou uma coleção de moda primavera-verão.""",0
"""34. ""O filme de comédia é uma boa opção para quem busca diversão.""",0
"""35. ""A nova linha de produtos para o lar está Receiving excelentes comentários.""",0
"""36. ""O evento esportivo contou com a participação de atletas de elite.""",0
"""37. ""O novo aplicativo de encontros está Receiving bons comentários.""",0
"""38. ""A empresa de seguros anunciou uma campanha de conscientização.""",0
"""39. ""O filme de ação é uma aventura eletrizante do começo ao fim.""",0
"""40. ""O novo parque de diversões abriu suas portas ao público esta semana.""",0
"""41. ""O espetáculo de circo encantou as crianças com suas apresentações.""",0
"""42. ""A empresa de beleza lançou uma nova linha de produtos orgânicos.""",0
"""43. ""O novo filme de drama é uma história comovente de superação.""",0
"""44. ""O evento musical atraiu fãs de todas as idades.""",0
"""45. ""A empresa de tecnologia anunciou o lançamento de um novo dispositivo.""",0
"""46. ""O novo restaurante de comida mexicana está Receiving bons comentários.""",0
"""47. ""O espetáculo de teatro trouxe à cena uma história de amor e destino.""",0
"""48. ""A empresa de cosméticos lançou uma linha de produtos para pele madura.""",0
"""49. ""O evento de caridade arrecadou fundos para crianças carentes.""",0
"""50. ""A empresa de vestuário lançou uma campanha de moda de outono-inverno.""",0
"""Governo anuncia novo pacote de estímulo econômico para pequenas empresas.""",0
"""Novo smartphone da marca X tem recebido críticas por seu tempo de bateria curto.""",0
"""Livro de romance histórico se passa em uma cidade medieval Europeia.""",0
"""Cientistas descobrem nova espécie de planta na floresta amazônica.""",0
"""Time de futebol local vence campeonato após anos sem vitórias.""",0
"""Entusiastas de comida de rua descobrem novo food truck na cidade.""",0
"""Estudo aponta que exercícios físicos regulares melhoram a memória.""",0
"""Vendedor de rua se emociona ao receber ajuda de um cliente.""",0
"""Músico local apresenta novo álbum em show gratuito no parque.""",0
"""Pacote de viagem para a praia inclui hospedagem em resort de luxo.""",0
"""Entrevista com o autor do best-seller de suspense 'Morte no Escuro'.""",0
"""Novo aplicativo de compras online promete entregas rápidas e gratuitas.""",0
"""Vizinhos se unem para proteger árvore centenária na comunidade.""",0
"""Especialista em culinária vegetariana compartilha receitas no canal do YouTube.""",0
"""Nova linha de cosméticos orgânicos já está disponível nas lojas.""",0
"""Criança perde seu animal de estimação, e a cidade se une para encontrá-lo.""",0
"""Novo parque de diversões abre suas portas com atrações ousadas.""",0
"""Artista plástico expõe suas obras em galeria da cidade.""",0
"""Paciente compartilha sua história de superação depois de doença rara.""",0
"""Nova série de TV fantasy já está sendo comparada a 'Game of Thrones'.""",0
"""Estudantes participam de competição de programação em evento online.""",0
"""Nova loja de quadrinhos abre as portas no centro da cidade.""",0
"""Evento beneficente arrecada fundos para construção de hospital infantil.""",0
"""Novo jogo de video game promete gráficos incríveis e enredo envolvente.""",0
"""Turista visita cidade histórica e fica encantado com sua arquitetura.""",0
"""Nova linha de produtos para cuidados com a pele promete resultados específicos.""",0
"""Músico de rua se torna sensação nas redes sociais após vídeo viral.""",0
"""A nova lei de trânsito entrará em vigor no início do próximo mês.""",0
"""Nova plataforma de streaming de música já está dando o que falar.""",0
"""Estudo aponta que a leitura regular pode aumentar a inteligência.""",0
"""Nova linha de produtos para bebês já está disponível nas principais lojas.""",0
"""Novo filme de ação promete muita adrenalina e emoção.""",0
"""Entusiasta de jardinagem compartilha dicas para ter um jardim perfeito.""",0
"""Nova linha de moda plus size já está fazendo sucesso nas redes sociais.""",0
"""Novo aplicativo de entrega de comida promete entrega em 30 minutos ou menos.""",0
"""Nova exposição de arte moderna abre suas portas no museu da cidade.""",0
"""Estudo aponta que o sono adequado é essencial para uma boa saúde.""",0
"""Nova série de comédia já está sendo comparada a 'The Big Bang Theory'.""",0
"""Nova linha de produtos para cabelos cacheados já está disponível online.""",0
"""Novo filme de drama já está sendo considerado um dos melhores do ano.""",0
"""Nova plataforma de aprendizado online oferece cursos em diversas áreas.""",0
"""Fim da greve dos caminhoneiros traz alívio aos motoristas""",0
"""Novo smartphone da empresa X é um sucesso entre os consumidores""",0
"""Incêndio em edifício residencial deixa dezenas de famílias desabrigadas""",0
"""Estudo aponta que exercícios físicos regulares melhoram a memória""",0
"""Festival de música na cidade atraiu milhares de pessoas""",0
"""Crítica: o novo restaurante italiano é uma delícia, mas caro demais""",0
"""Encontro de astrologia na biblioteca teve grande participação""",0
"""Investidores preocupados com queda das ações da empresa Y""",0
"""Livro lançado esta semana é destaque na lista de mais vendidos""",0
"""Projeto de lei sobre educação é aprovado após meses de debates""",0
"""Torcedores comemoram vitória do time em jogo emocionante""",0
"""Cidades do interior sofrem com falta de água devido à seca""",0
"""Nova atualização do sistema operacional corrige bugs e traz novidades""",0
"""Músico local se apresenta hoje no bar mais badalado da cidade""",0
"""Estatísticas do ministério da saúde mostram aumento de casos de gripes""",0
"""Evento beneficente arrecadou fundos para hospital infantil""",0
"""Explosão em fábrica de fogos de artifício causa pânico na região""",0
"""Turista esclarece dúvidas sobre passeios na cidade para amigos""",0
"""Estagiário impressiona chefe com trabalho bem-feito""",0
"""Loja de eletrônicos fecha as portas após anos no mercado""",0
"""Professor de história ensina aos alunos sobre a importância da democracia""",0
"""Crianças participam de oficina de arte no parque""",0
"""Programa de reciclagem aumenta a conscientização ambiental""",0
"""Tecnologia de ponta é usada em novo hospital particular""",0
"""Mãe preocupada com aumento dos casos de bullying nas escolas""",0
"""Música de artista local é destaque nas rádios da cidade""",0
"""Promoção de fim de semana atrai muitos consumidores à loja""",0
"""Estudante de medicina faz estágio em hospital referência""",0
"""Projeto de habitação popular é inaugurado em bairro periférico""",0
"""Culinária japonesa é destaque em festival gastronômico""",0
"""Pesquisa aponta que livros eletrônicos são preferência dos leitores""",0
"""Empatia é palavra-chave em novo curso de liderança""",0
"""Especialista em sicurezza digital alerta para aumento de ciberataques""",0
"""Fã de quadrinhos coleciona itens raros há anos""",0
"""Inauguração de novo centro comercial gera empregos na cidade""",0
"""Pais preocupados com bem-estar mental dos filhos""",0
"""Entrevista com economista sobre futuro da economia do país""",0
"""Feira de ciências mostra invenções de estudantes""",0
"""Caminhoneiro relata dificuldades no transporte de cargas""",0
"""Especialista em viagens aconselha sobre roteiros turísticos""",0
"""Padrinho de casamento ajuda no planejamento do evento""",0
"""Artista plástica expõe trabalhos em galeria de arte""",0
"""Estudo mostra que práticas de meditação melhoram a saúde mental""",0
"""Cidadãos se reúnem para discutir projeto de urbanização""",0
"""Ensaio fotográfico capturando a beleza da natureza""",0
"""Criador de conteúdo digital compartilha dicas para iniciantes""",0
"""Especialista em Marketing Digital esclarece dúvidas sobre SEO""",0
"""Evento de lançamento de perfume atrai celebridades""",0
"""Investigador científico descobre nova espécie de planta""",0
"""Curso de culinária ensina receitas tradicionais do país""",0
"""Designer de moda mostra coleção de verão em desfile""",0
"""Estagiário de jornalismo faz primeira reportagem""",0
""". ""Lamentável acidente na BR-116 causou atrasos no trânsito hoje.""",0
"""2. ""Novo smartphone da marca X surpreendeu pelo design moderno.""",0
"""3. ""O time local venceu o jogo com um gol no último segundo.""",0
"""4. ""A entrega chegará amanhã, antes das 18 horas, conforme combinado.""",0
"""5. ""Recentemente, a empresa anunciou o lançamento de um novo produto.""",0
"""6. ""A biblioteca municipal iniciou um programa de leitura para crianças.""",0
"""7. ""O filme de ficção científica está emocionando o público desde sua estreia.""",0
"""8. ""A pesquisa indica que a maioria dos entrevistados apoia a proposta.""",0
"""9. ""O novo restaurante na cidade está Receiving excelentes comentários.""",0
"""10. ""A exposição de arte abre ao público neste fim de semana.""",0
"""11. ""O professor explicou o tema de forma clara e interessante durante a aula.""",0
"""12. ""A nova linha de roupas da marca é muito bem recebida pelos consumidores.""",0
"""13. ""O evento esportivo contará com a participação de atletas de todo o país.""",0
"""14. ""A empresa anunciou cortes no orçamento devido à crise econômica.""",0
"""15. ""A nova peça de teatro abordará temas sociais importantes.""",0
"""16. ""O filme biográfico sobre o artista é uma homenagem a sua vida e obra.""",0
"""17. ""A feira de ciências surpreendeu com inovações tecnológicas.""",0
"""18. ""O novo aplicativo de entregas está Receiving boas avaliações.""",0
"""19. ""O livro de não ficção é um guia prático para o autocontrole emocional.""",0
"""20. ""A empresa de tecnologia anunciou uma atualização em seu software.""",0
"""21. ""O museu de arte moderna recebeu uma nova exposição de pinturas.""",0
"""22. ""O time de futebol local perdeu por 2 a 1 em jogo fora de casa.""",0
"""23. ""A nova linha de cosméticos está Receiving excelentes comentários.""",0
"""24. ""O festival de música atraiu milhares de pessoas neste fim de semana.""",0
"""25. ""O novo filme de terror está Receiving críticas positivas.""",0
"""26. ""A empresa de consultoria está Receiving novos clientes a cada dia.""",0
"""27. ""O livro de suspense mantém o leitor em suspense até a última página.""",0
"""28. ""O novo parque aquático promete diversão para todas as idades.""",0
"""29. ""O evento beneficente arrecadou fundos para instituições de caridade.""",0
"""30. ""A empresa de turismo anunciou pacotes promocionais para o feriado.""",0
"""31. ""O novo restaurante vegetariano está Receiving bons comentários.""",0
"""32. ""O espetáculo de dança emocionou o público com coreografias elaboradas.""",0
"""33. ""A empresa de vestuário lançou uma coleção de moda primavera-verão.""",0
"""34. ""O filme de comédia é uma boa opção para quem busca diversão.""",0
"""35. ""A nova linha de produtos para o lar está Receiving excelentes comentários.""",0
"""36. ""O evento esportivo contou com a participação de atletas de elite.""",0
"""37. ""O novo aplicativo de encontros está Receiving bons comentários.""",0
"""38. ""A empresa de seguros anunciou uma campanha de conscientização.""",0
"""39. ""O filme de ação é uma aventura eletrizante do começo ao fim.""",0
"""40. ""O novo parque de diversões abriu suas portas ao público esta semana.""",0
"""41. ""O espetáculo de circo encantou as crianças com suas apresentações.""",0
"""42. ""A empresa de beleza lançou uma nova linha de produtos orgânicos.""",0
"""43. ""O novo filme de drama é uma história comovente de superação.""",0
"""44. ""O evento musical atraiu fãs de todas as idades.""",0
"""45. ""A empresa de tecnologia anunciou o lançamento de um novo dispositivo.""",0
"""46. ""O novo restaurante de comida mexicana está Receiving bons comentários.""",0
"""47. ""O espetáculo de teatro trouxe à cena uma história de amor e destino.""",0
"""48. ""A empresa de cosméticos lançou uma linha de produtos para pele madura.""",0
"""49. ""O evento de caridade arrecadou fundos para crianças carentes.""",0
"""50. ""A empresa de vestuário lançou uma campanha de moda de outono-inverno.""",0
""". ""Lamentável acidente na BR-116 causou atrasos no trânsito hoje.""",0
"""2. ""Novo smartphone da marca X surpreendeu pelo design moderno.""",0
"""3. ""O time local venceu o jogo com um gol no último segundo.""",0
"""4. ""A entrega chegará amanhã, antes das 18 horas, conforme combinado.""",0
"""5. ""Recentemente, a empresa anunciou o lançamento de um novo produto.""",0
"""6. ""A biblioteca municipal iniciou um programa de leitura para crianças.""",0
"""7. ""O filme de ficção científica está emocionando o público desde sua estreia.""",0
"""8. ""A pesquisa indica que a maioria dos entrevistados apoia a proposta.""",0
"""9. ""O novo restaurante na cidade está Receiving excelentes comentários.""",0
"""10. ""A exposição de arte abre ao público neste fim de semana.""",0
"""11. ""O professor explicou o tema de forma clara e interessante durante a aula.""",0
"""12. ""A nova linha de roupas da marca é muito bem recebida pelos consumidores.""",0
"""13. ""O evento esportivo contará com a participação de atletas de todo o país.""",0
"""14. ""A empresa anunciou cortes no orçamento devido à crise econômica.""",0
"""15. ""A nova peça de teatro abordará temas sociais importantes.""",0
"""16. ""O filme biográfico sobre o artista é uma homenagem a sua vida e obra.""",0
"""17. ""A feira de ciências surpreendeu com inovações tecnológicas.""",0
"""18. ""O novo aplicativo de entregas está Receiving boas avaliações.""",0
"""19. ""O livro de não ficção é um guia prático para o autocontrole emocional.""",0
"""20. ""A empresa de tecnologia anunciou uma atualização em seu software.""",0
"""21. ""O museu de arte moderna recebeu uma nova exposição de pinturas.""",0
"""22. ""O time de futebol local perdeu por 2 a 1 em jogo fora de casa.""",0
"""23. ""A nova linha de cosméticos está Receiving excelentes comentários.""",0
"""24. ""O festival de música atraiu milhares de pessoas neste fim de semana.""",0
"""25. ""O novo filme de terror está Receiving críticas positivas.""",0
"""26. ""A empresa de consultoria está Receiving novos clientes a cada dia.""",0
"""27. ""O livro de suspense mantém o leitor em suspense até a última página.""",0
"""28. ""O novo parque aquático promete diversão para todas as idades.""",0
"""29. ""O evento beneficente arrecadou fundos para instituições de caridade.""",0
"""30. ""A empresa de turismo anunciou pacotes promocionais para o feriado.""",0
"""31. ""O novo restaurante vegetariano está Receiving bons comentários.""",0
"""32. ""O espetáculo de dança emocionou o público com coreografias elaboradas.""",0
"""33. ""A empresa de vestuário lançou uma coleção de moda primavera-verão.""",0
"""34. ""O filme de comédia é uma boa opção para quem busca diversão.""",0
"""35. ""A nova linha de produtos para o lar está Receiving excelentes comentários.""",0
"""36. ""O evento esportivo contou com a participação de atletas de elite.""",0
"""37. ""O novo aplicativo de encontros está Receiving bons comentários.""",0
"""38. ""A empresa de seguros anunciou uma campanha de conscientização.""",0
"""39. ""O filme de ação é uma aventura eletrizante do começo ao fim.""",0
"""40. ""O novo parque de diversões abriu suas portas ao público esta semana.""",0
"""41. ""O espetáculo de circo encantou as crianças com suas apresentações.""",0
"""42. ""A empresa de beleza lançou uma nova linha de produtos orgânicos.""",0
"""43. ""O novo filme de drama é uma história comovente de superação.""",0
"""44. ""O evento musical atraiu fãs de todas as idades.""",0
"""45. ""A empresa de tecnologia anunciou o lançamento de um novo dispositivo.""",0
"""46. ""O novo restaurante de comida mexicana está Receiving bons comentários.""",0
"""47. ""O espetáculo de teatro trouxe à cena uma história de amor e destino.""",0
"""48. ""A empresa de cosméticos lançou uma linha de produtos para pele madura.""",0
"""49. ""O evento de caridade arrecadou fundos para crianças carentes.""",0
"""50. ""A empresa de vestuário lançou uma campanha de moda de outono-inverno.""",0
""". ""Lamentável acidente na BR-116 causou atrasos no trânsito hoje.""",0
"""2. ""Novo smartphone da marca X surpreendeu pelo design moderno.""",0
"""3. ""O time local venceu o jogo com um gol no último segundo.""",0
"""4. ""A entrega chegará amanhã, antes das 18 horas, conforme combinado.""",0
"""5. ""Recentemente, a empresa anunciou o lançamento de um novo produto.""",0
"""6. ""A biblioteca municipal iniciou um programa de leitura para crianças.""",0
"""7. ""O filme de ficção científica está emocionando o público desde sua estreia.""",0
"""8. ""A pesquisa indica que a maioria dos entrevistados apoia a proposta.""",0
"""9. ""O novo restaurante na cidade está Receiving excelentes comentários.""",0
"""10. ""A exposição de arte abre ao público neste fim de semana.""",0
"""11. ""O professor explicou o tema de forma clara e interessante durante a aula.""",0
"""12. ""A nova linha de roupas da marca é muito bem recebida pelos consumidores.""",0
"""13. ""O evento esportivo contará com a participação de atletas de todo o país.""",0
"""14. ""A empresa anunciou cortes no orçamento devido à crise econômica.""",0
"""15. ""A nova peça de teatro abordará temas sociais importantes.""",0
"""16. ""O filme biográfico sobre o artista é uma homenagem a sua vida e obra.""",0
"""17. ""A feira de ciências surpreendeu com inovações tecnológicas.""",0
"""18. ""O novo aplicativo de entregas está Receiving boas avaliações.""",0
"""19. ""O livro de não ficção é um guia prático para o autocontrole emocional.""",0
"""20. ""A empresa de tecnologia anunciou uma atualização em seu software.""",0
"""21. ""O museu de arte moderna recebeu uma nova exposição de pinturas.""",0
"""22. ""O time de futebol local perdeu por 2 a 1 em jogo fora de casa.""",0
"""23. ""A nova linha de cosméticos está Receiving excelentes comentários.""",0
"""24. ""O festival de música atraiu milhares de pessoas neste fim de semana.""",0
"""25. ""O novo filme de terror está Receiving críticas positivas.""",0
"""26. ""A empresa de consultoria está Receiving novos clientes a cada dia.""",0
"""27. ""O livro de suspense mantém o leitor em suspense até a última página.""",0
"""28. ""O novo parque aquático promete diversão para todas as idades.""",0
"""29. ""O evento beneficente arrecadou fundos para instituições de caridade.""",0
"""30. ""A empresa de turismo anunciou pacotes promocionais para o feriado.""",0
"""31. ""O novo restaurante vegetariano está Receiving bons comentários.""",0
"""32. ""O espetáculo de dança emocionou o público com coreografias elaboradas.""",0
"""33. ""A empresa de vestuário lançou uma coleção de moda primavera-verão.""",0
"""34. ""O filme de comédia é uma boa opção para quem busca diversão.""",0
"""35. ""A nova linha de produtos para o lar está Receiving excelentes comentários.""",0
"""36. ""O evento esportivo contou com a participação de atletas de elite.""",0
"""37. ""O novo aplicativo de encontros está Receiving bons comentários.""",0
"""38. ""A empresa de seguros anunciou uma campanha de conscientização.""",0
"""39. ""O filme de ação é uma aventura eletrizante do começo ao fim.""",0
"""40. ""O novo parque de diversões abriu suas portas ao público esta semana.""",0
"""41. ""O espetáculo de circo encantou as crianças com suas apresentações.""",0
"""42. ""A empresa de beleza lançou uma nova linha de produtos orgânicos.""",0
"""43. ""O novo filme de drama é uma história comovente de superação.""",0
"""44. ""O evento musical atraiu fãs de todas as idades.""",0
"""45. ""A empresa de tecnologia anunciou o lançamento de um novo dispositivo.""",0
"""46. ""O novo restaurante de comida mexicana está Receiving bons comentários.""",0
"""47. ""O espetáculo de teatro trouxe à cena uma história de amor e destino.""",0
"""48. ""A empresa de cosméticos lançou uma linha de produtos para pele madura.""",0
"""49. ""O evento de caridade arrecadou fundos para crianças carentes.""",0
"""50. ""A empresa de vestuário lançou uma campanha de moda de outono-inverno.""",0
""". ""Lamentável acidente na BR-116 causou atrasos no trânsito hoje.""",0
"""2. ""Novo smartphone da marca X surpreendeu pelo design moderno.""",0
"""3. ""O time local venceu o jogo com um gol no último segundo.""",0
"""4. ""A entrega chegará amanhã, antes das 18 horas, conforme combinado.""",0
"""5. ""Recentemente, a empresa anunciou o lançamento de um novo produto.""",0
"""6. ""A biblioteca municipal iniciou um programa de leitura para crianças.""",0
"""7. ""O filme de ficção científica está emocionando o público desde sua estreia.""",0
"""8. ""A pesquisa indica que a maioria dos entrevistados apoia a proposta.""",0
"""9. ""O novo restaurante na cidade está Receiving excelentes comentários.""",0
"""10. ""A exposição de arte abre ao público neste fim de semana.""",0
"""11. ""O professor explicou o tema de forma clara e interessante durante a aula.""",0
"""12. ""A nova linha de roupas da marca é muito bem recebida pelos consumidores.""",0
"""13. ""O evento esportivo contará com a participação de atletas de todo o país.""",0
"""14. ""A empresa anunciou cortes no orçamento devido à crise econômica.""",0
"""15. ""A nova peça de teatro abordará temas sociais importantes.""",0
"""16. ""O filme biográfico sobre o artista é uma homenagem a sua vida e obra.""",0
"""17. ""A feira de ciências surpreendeu com inovações tecnológicas.""",0
"""18. ""O novo aplicativo de entregas está Receiving boas avaliações.""",0
"""19. ""O livro de não ficção é um guia prático para o autocontrole emocional.""",0
"""20. ""A empresa de tecnologia anunciou uma atualização em seu software.""",0
"""21. ""O museu de arte moderna recebeu uma nova exposição de pinturas.""",0
"""22. ""O time de futebol local perdeu por 2 a 1 em jogo fora de casa.""",0
"""23. ""A nova linha de cosméticos está Receiving excelentes comentários.""",0
"""24. ""O festival de música atraiu milhares de pessoas neste fim de semana.""",0
"""25. ""O novo filme de terror está Receiving críticas positivas.""",0
"""26. ""A empresa de consultoria está Receiving novos clientes a cada dia.""",0
"""27. ""O livro de suspense mantém o leitor em suspense até a última página.""",0
"""28. ""O novo parque aquático promete diversão para todas as idades.""",0
"""29. ""O evento beneficente arrecadou fundos para instituições de caridade.""",0
"""30. ""A empresa de turismo anunciou pacotes promocionais para o feriado.""",0
"""31. ""O novo restaurante vegetariano está Receiving bons comentários.""",0
"""32. ""O espetáculo de dança emocionou o público com coreografias elaboradas.""",0
"""33. ""A empresa de vestuário lançou uma coleção de moda primavera-verão.""",0
"""34. ""O filme de comédia é uma boa opção para quem busca diversão.""",0
"""35. ""A nova linha de produtos para o lar está Receiving excelentes comentários.""",0
"""36. ""O evento esportivo contou com a participação de atletas de elite.""",0
"""37. ""O novo aplicativo de encontros está Receiving bons comentários.""",0
"""38. ""A empresa de seguros anunciou uma campanha de conscientização.""",0
"""39. ""O filme de ação é uma aventura eletrizante do começo ao fim.""",0
"""40. ""O novo parque de diversões abriu suas portas ao público esta semana.""",0
"""41. ""O espetáculo de circo encantou as crianças com suas apresentações.""",0
"""42. ""A empresa de beleza lançou uma nova linha de produtos orgânicos.""",0
"""43. ""O novo filme de drama é uma história comovente de superação.""",0
"""44. ""O evento musical atraiu fãs de todas as idades.""",0
"""45. ""A empresa de tecnologia anunciou o lançamento de um novo dispositivo.""",0
"""46. ""O novo restaurante de comida mexicana está Receiving bons comentários.""",0
"""47. ""O espetáculo de teatro trouxe à cena uma história de amor e destino.""",0
"""48. ""A empresa de cosméticos lançou uma linha de produtos para pele madura.""",0
"""49. ""O evento de caridade arrecadou fundos para crianças carentes.""",0
"""50. ""A empresa de vestuário lançou uma campanha de moda de outono-inverno.""",0
"""1. ""Presidente anuncia novo pacote de estímulo econômico para o país.""",0
"""2. ""Time local perde para rival fora de casa.""",0
"""3. ""Novo smartphone da marca X é lançado hoje.""",0
"""4. ""Estudantes ocupam ruas em protesto contra aumento de tarifas.""",0
"""5. ""Nuvens de poeira cobrem cidade, dificultando a visibilidade.""",0
"""6. ""Restaurante novo na região surpreende com culinária inovadora.""",0
"""7. ""Pesquisadores descobrem nova espécie de planta na Amazônia.""",0
"""8. ""Trânsito caótico na cidade devido a obras na principal avenida.""",0
"""9. ""Loja de eletrônicos oferece descontos especiais nesta semana.""",0
"""10. ""Equipe de resgate encontra sobrevivente após terremoto.""",0
"""11. ""Minha entrega chegou amassada, preciso trocar.""",0
"""12. ""Evento de cinema ao ar livre é atração na cidade este fim de semana.""",0
"""13. ""Investigadores encontram pista sobre roubo de carros na região.""",0
"""14. ""Loja de departamentos fecha as portas após décadas de atividade.""",0
"""15. ""Novo medicamento promete combatê-la, diz especialista.""",0
"""16. ""Escalada no preço dos alimentos preocupa famílias.""",0
"""17. ""Livro de autoajuda se torna Best-seller nas principais livrarias.""",0
"""18. ""Crianças podem participar de workshop de pintura hoje.""",0
"""19. ""Agricultores sofrem com chuvas intensas na região.""",0
"""20. ""Nova atração no parque promete adrenalina.""",0
"""21. ""Estudantes debatem sobre impacto das redes sociais na sociedade.""",0
"""22. ""Meu vizinho faz muito barulho à noite, preciso conversar com ele.""",0
"""23. ""Exposição de arte contemporânea abre ao público esta semana.""",0
"""24. ""Mudança na legislação afeta setor imobiliário.""",0
"""25. ""Viagem de férias é cancelada devido a problemas técnicos na aeronave.""",0
"""26. ""Nova plataforma de streaming promete ser a maior concorrente do mercado.""",0
"""27. ""Equipe de limpeza encontra documentos pessoais no parque.""",0
"""28. ""Meu pacote ainda não chegou, preciso entrar em contato com a empresa.""",0
"""29. ""Nova linha de cosméticos orgânicos é lançada hoje.""",0
"""30. ""Companhia de teatro encena peça clássica no fim de semana.""",0
"""31. ""Problemas no fornecimento de água deixam cidade sem abastecimento.""",0
"""32. ""Novo aplicativo de transporte é lançado hoje.""",0
"""33. "" desempeño de la selección nacional decepciona en el partido.""",0
"""34. ""Nova linha de produtos para pets é lançada pela marca.""",0
"""35. ""Aulas de dança começam hoje, estou animado para participar.""",0
"""36. ""Incêndio atinge indústrias na cidade, deixando centenas de desempregados.""",0
"""37. ""Minha conexão de internet está lenta, preciso ligar para a operadora.""",0
"""38. ""Nova linha de vestuário é lançada pela marca de moda.""",0
"""39. ""Festival de música traz atrações nacionais e internacionais.""",0
"""40. ""Nova plataforma de ensino online é lançada hoje.""",0
"""41. ""Meu carro precisa de manutenção, preciso agendar uma revisão.""",0
"""42. ""Novo parque aquático é inaugurado na cidade vizinha.""",0
"""43. ""Minha conta bancária foi hackeada, preciso comunicar o banco.""",0
"""44. ""Novo filme de ação estreia hoje nos cinemas.""",0
"""45. ""Minha encomenda chegou atrasada, preciso ligar para a transportadora.""",0
"""46. ""Nova linha de produtos para o lar é lançada pela marca.""",0
"""47. ""Minha carteira foi roubada, preciso cancelar meus cartões.""",0
"""48. ""Novo espetáculo de dança estreia hoje.""",0
"""49. ""Nova campanha de conscientização sobre meio ambiente é lançada.""",0
"""50. ""Meu telefone está com problemas, preciso levá-lo à assistência técnica.""",0
""". ""Lamentável acidente na BR-116 causou atrasos no trânsito hoje.""",0
"""2. ""Novo smartphone da marca X surpreendeu pelo design moderno.""",0
"""3. ""O time local venceu o jogo com um gol no último segundo.""",0
"""4. ""A entrega chegará amanhã, antes das 18 horas, conforme combinado.""",0
"""5. ""Recentemente, a empresa anunciou o lançamento de um novo produto.""",0
"""6. ""A biblioteca municipal iniciou um programa de leitura para crianças.""",0
"""7. ""O filme de ficção científica está emocionando o público desde sua estreia.""",0
"""8. ""A pesquisa indica que a maioria dos entrevistados apoia a proposta.""",0
"""9. ""O novo restaurante na cidade está Receiving excelentes comentários.""",0
"""10. ""A exposição de arte abre ao público neste fim de semana.""",0
"""11. ""O professor explicou o tema de forma clara e interessante durante a aula.""",0
"""12. ""A nova linha de roupas da marca é muito bem recebida pelos consumidores.""",0
"""13. ""O evento esportivo contará com a participação de atletas de todo o país.""",0
"""14. ""A empresa anunciou cortes no orçamento devido à crise econômica.""",0
"""15. ""A nova peça de teatro abordará temas sociais importantes.""",0
"""16. ""O filme biográfico sobre o artista é uma homenagem a sua vida e obra.""",0
"""17. ""A feira de ciências surpreendeu com inovações tecnológicas.""",0
"""18. ""O novo aplicativo de entregas está Receiving boas avaliações.""",0
"""19. ""O livro de não ficção é um guia prático para o autocontrole emocional.""",0
"""20. ""A empresa de tecnologia anunciou uma atualização em seu software.""",0
"""21. ""O museu de arte moderna recebeu uma nova exposição de pinturas.""",0
"""22. ""O time de futebol local perdeu por 2 a 1 em jogo fora de casa.""",0
"""23. ""A nova linha de cosméticos está Receiving excelentes comentários.""",0
"""24. ""O festival de música atraiu milhares de pessoas neste fim de semana.""",0
"""25. ""O novo filme de terror está Receiving críticas positivas.""",0
"""26. ""A empresa de consultoria está Receiving novos clientes a cada dia.""",0
"""27. ""O livro de suspense mantém o leitor em suspense até a última página.""",0
"""28. ""O novo parque aquático promete diversão para todas as idades.""",0
"""29. ""O evento beneficente arrecadou fundos para instituições de caridade.""",0
"""30. ""A empresa de turismo anunciou pacotes promocionais para o feriado.""",0
"""31. ""O novo restaurante vegetariano está Receiving bons comentários.""",0
"""32. ""O espetáculo de dança emocionou o público com coreografias elaboradas.""",0
"""33. ""A empresa de vestuário lançou uma coleção de moda primavera-verão.""",0
"""34. ""O filme de comédia é uma boa opção para quem busca diversão.""",0
"""35. ""A nova linha de produtos para o lar está Receiving excelentes comentários.""",0
"""36. ""O evento esportivo contou com a participação de atletas de elite.""",0
"""37. ""O novo aplicativo de encontros está Receiving bons comentários.""",0
"""38. ""A empresa de seguros anunciou uma campanha de conscientização.""",0
"""39. ""O filme de ação é uma aventura eletrizante do começo ao fim.""",0
"""40. ""O novo parque de diversões abriu suas portas ao público esta semana.""",0
"""41. ""O espetáculo de circo encantou as crianças com suas apresentações.""",0
"""42. ""A empresa de beleza lançou uma nova linha de produtos orgânicos.""",0
"""43. ""O novo filme de drama é uma história comovente de superação.""",0
"""44. ""O evento musical atraiu fãs de todas as idades.""",0
"""45. ""A empresa de tecnologia anunciou o lançamento de um novo dispositivo.""",0
"""46. ""O novo restaurante de comida mexicana está Receiving bons comentários.""",0
"""47. ""O espetáculo de teatro trouxe à cena uma história de amor e destino.""",0
"""48. ""A empresa de cosméticos lançou uma linha de produtos para pele madura.""",0
"""49. ""O evento de caridade arrecadou fundos para crianças carentes.""",0
"""50. ""A empresa de vestuário lançou uma campanha de moda de outono-inverno.""",0
""". ""Lamentável acidente na BR-116 causou atrasos no trânsito hoje.""",0
"""2. ""Novo smartphone da marca X surpreendeu pelo design moderno.""",0
"""3. ""O time local venceu o jogo com um gol no último segundo.""",0
"""4. ""A entrega chegará amanhã, antes das 18 horas, conforme combinado.""",0
"""5. ""Recentemente, a empresa anunciou o lançamento de um novo produto.""",0
"""6. ""A biblioteca municipal iniciou um programa de leitura para crianças.""",0
"""7. ""O filme de ficção científica está emocionando o público desde sua estreia.""",0
"""8. ""A pesquisa indica que a maioria dos entrevistados apoia a proposta.""",0
"""9. ""O novo restaurante na cidade está Receiving excelentes comentários.""",0
"""10. ""A exposição de arte abre ao público neste fim de semana.""",0
"""11. ""O professor explicou o tema de forma clara e interessante durante a aula.""",0
"""12. ""A nova linha de roupas da marca é muito bem recebida pelos consumidores.""",0
"""13. ""O evento esportivo contará com a participação de atletas de todo o país.""",0
"""14. ""A empresa anunciou cortes no orçamento devido à crise econômica.""",0
"""15. ""A nova peça de teatro abordará temas sociais importantes.""",0
"""16. ""O filme biográfico sobre o artista é uma homenagem a sua vida e obra.""",0
"""17. ""A feira de ciências surpreendeu com inovações tecnológicas.""",0
"""18. ""O novo aplicativo de entregas está Receiving boas avaliações.""",0
"""19. ""O livro de não ficção é um guia prático para o autocontrole emocional.""",0
"""20. ""A empresa de tecnologia anunciou uma atualização em seu software.""",0
"""21. ""O museu de arte moderna recebeu uma nova exposição de pinturas.""",0
"""22. ""O time de futebol local perdeu por 2 a 1 em jogo fora de casa.""",0
"""23. ""A nova linha de cosméticos está Receiving excelentes comentários.""",0
"""24. ""O festival de música atraiu milhares de pessoas neste fim de semana.""",0
"""25. ""O novo filme de terror está Receiving críticas positivas.""",0
"""26. ""A empresa de consultoria está Receiving novos clientes a cada dia.""",0
"""27. ""O livro de suspense mantém o leitor em suspense até a última página.""",0
"""28. ""O novo parque aquático promete diversão para todas as idades.""",0
"""29. ""O evento beneficente arrecadou fundos para instituições de caridade.""",0
"""30. ""A empresa de turismo anunciou pacotes promocionais para o feriado.""",0
"""31. ""O novo restaurante vegetariano está Receiving bons comentários.""",0
"""32. ""O espetáculo de dança emocionou o público com coreografias elaboradas.""",0
"""33. ""A empresa de vestuário lançou uma coleção de moda primavera-verão.""",0
"""34. ""O filme de comédia é uma boa opção para quem busca diversão.""",0
"""35. ""A nova linha de produtos para o lar está Receiving excelentes comentários.""",0
"""36. ""O evento esportivo contou com a participação de atletas de elite.""",0
"""37. ""O novo aplicativo de encontros está Receiving bons comentários.""",0
"""38. ""A empresa de seguros anunciou uma campanha de conscientização.""",0
"""39. ""O filme de ação é uma aventura eletrizante do começo ao fim.""",0
"""40. ""O novo parque de diversões abriu suas portas ao público esta semana.""",0
"""41. ""O espetáculo de circo encantou as crianças com suas apresentações.""",0
"""42. ""A empresa de beleza lançou uma nova linha de produtos orgânicos.""",0
"""43. ""O novo filme de drama é uma história comovente de superação.""",0
"""44. ""O evento musical atraiu fãs de todas as idades.""",0
"""45. ""A empresa de tecnologia anunciou o lançamento de um novo dispositivo.""",0
"""46. ""O novo restaurante de comida mexicana está Receiving bons comentários.""",0
"""47. ""O espetáculo de teatro trouxe à cena uma história de amor e destino.""",0
"""48. ""A empresa de cosméticos lançou uma linha de produtos para pele madura.""",0
"""49. ""O evento de caridade arrecadou fundos para crianças carentes.""",0
"""50. ""A empresa de vestuário lançou uma campanha de moda de outono-inverno.""",0
"""1. ""Breaking: Incêndio em prédio histórico no centro de Sampa.""",0
"""2. ""A nova atualização do sistema da Apple recebeu críticas mistas.""",0
"""3. ""Dica de leitura: 'O Pequeno Príncipe' é uma obra-prima atemporal.""",0
"""4. ""A equipe de futebol local venceu o jogo de ontem com um gol de placa.""",0
"""5. ""Fui ao novo restaurante na esquina e recomendo fortemente a massa de frutos do mar.""",0
"""6. ""A polícia apreendeu uma grande quantidade de drogas em uma casa na periferia da cidade.""",0
"""7. ""Estou planejando uma viagem surpresa para minha namorada no aniversário dela.""",0
"""8. ""A conferência de biotecnologia foi um sucesso, com vários avanços anunciados.""",0
"""9. ""O bairro antigo está passando por uma renovação, com várias novas lojas abrindo.""",0
"""10. ""A empresa de entregas teve um aumento de 50% no número de encomendas este mês.""",0
"""11. ""Minha filha ganhou o primeiro lugar na feira de ciências da escola com seu projeto de física.""",0
"""12. ""O novo filme de animação da Pixar é uma obra-prima, com uma história emocionante.""",0
"""13. ""O mês de junho foi o mais chuvoso dos últimos cinco anos na região.""",0
"""14. ""A nova linha de roupas da marca X recebeu comentários positivos dos fashionistas.""",0
"""15. ""Meu amigo ganhou na loteria e decidiu doar parte do prêmio para obras de caridade.""",0
"""16. ""O novo parque temático na cidade vizinha é uma atração imperdível para famílias.""",0
"""17. ""Oాదio do mês passado recebeu mais de 100 comentários positivos dos ouvintes.""",0
"""18. ""A exposição de arte no museu local termina neste fim de semana, não perca!""",0
"""19. ""O ritmo de vida na grande cidade pode ser estressante, mas também cheio de oportunidades.""",0
"""20. ""A equipe de resgate trabalhou incansavelmente para salvar as vítimas do acidente de trânsito.""",0
"""21. ""O novo aplicativo de compras online é muito fácil de usar e oferece descontos incríveis.""",0
"""22. ""O meu cãozinho adora passear no parque perto de casa, sempre voltamos com um novo amigo.""",0
"""23. ""A nova peça de teatro no teatro local recebeu críticas entusiásticas.""",0
"""24. ""Meu filho ganhou uma medalha de ouro na competição de natação este fim de semana.""",0
"""25. ""A nova linha de cosméticos orgânicos da marca Y é uma excelente opção para quem se preocupa com a pele.""",0
"""26. ""O festival de música no campo foi um sucesso, com uma multidão de pessoas cantando e dançando.""",0
"""27. ""A nova cafeteria na esquina tornou-se meu lugar favorito para trabalhar e relaxar.""",0
"""28. ""O novo jogo de video game é viciante, com gráficos impressionantes e um enredo envolvente.""",0
"""29. ""O meu amigo abriu um novo restaurante vegetarian""",0
""". ""Lamentável acidente na BR-116 causou atrasos no trânsito hoje.""",0
"""2. ""Novo smartphone da marca X surpreendeu pelo design moderno.""",0
"""3. ""O time local venceu o jogo com um gol no último segundo.""",0
"""4. ""A entrega chegará amanhã, antes das 18 horas, conforme combinado.""",0
"""5. ""Recentemente, a empresa anunciou o lançamento de um novo produto.""",0
"""6. ""A biblioteca municipal iniciou um programa de leitura para crianças.""",0
"""7. ""O filme de ficção científica está emocionando o público desde sua estreia.""",0
"""8. ""A pesquisa indica que a maioria dos entrevistados apoia a proposta.""",0
"""9. ""O novo restaurante na cidade está Receiving excelentes comentários.""",0
"""10. ""A exposição de arte abre ao público neste fim de semana.""",0
"""11. ""O professor explicou o tema de forma clara e interessante durante a aula.""",0
"""12. ""A nova linha de roupas da marca é muito bem recebida pelos consumidores.""",0
"""13. ""O evento esportivo contará com a participação de atletas de todo o país.""",0
"""14. ""A empresa anunciou cortes no orçamento devido à crise econômica.""",0
"""15. ""A nova peça de teatro abordará temas sociais importantes.""",0
"""16. ""O filme biográfico sobre o artista é uma homenagem a sua vida e obra.""",0
"""17. ""A feira de ciências surpreendeu com inovações tecnológicas.""",0
"""18. ""O novo aplicativo de entregas está Receiving boas avaliações.""",0
"""19. ""O livro de não ficção é um guia prático para o autocontrole emocional.""",0
"""20. ""A empresa de tecnologia anunciou uma atualização em seu software.""",0
"""21. ""O museu de arte moderna recebeu uma nova exposição de pinturas.""",0
"""22. ""O time de futebol local perdeu por 2 a 1 em jogo fora de casa.""",0
"""23. ""A nova linha de cosméticos está Receiving excelentes comentários.""",0
"""24. ""O festival de música atraiu milhares de pessoas neste fim de semana.""",0
"""25. ""O novo filme de terror está Receiving críticas positivas.""",0
"""26. ""A empresa de consultoria está Receiving novos clientes a cada dia.""",0
"""27. ""O livro de suspense mantém o leitor em suspense até a última página.""",0
"""28. ""O novo parque aquático promete diversão para todas as idades.""",0
"""29. ""O evento beneficente arrecadou fundos para instituições de caridade.""",0
"""30. ""A empresa de turismo anunciou pacotes promocionais para o feriado.""",0
"""31. ""O novo restaurante vegetariano está Receiving bons comentários.""",0
"""32. ""O espetáculo de dança emocionou o público com coreografias elaboradas.""",0
"""33. ""A empresa de vestuário lançou uma coleção de moda primavera-verão.""",0
"""34. ""O filme de comédia é uma boa opção para quem busca diversão.""",0
"""35. ""A nova linha de produtos para o lar está Receiving excelentes comentários.""",0
"""36. ""O evento esportivo contou com a participação de atletas de elite.""",0
"""37. ""O novo aplicativo de encontros está Receiving bons comentários.""",0
"""38. ""A empresa de seguros anunciou uma campanha de conscientização.""",0
"""39. ""O filme de ação é uma aventura eletrizante do começo ao fim.""",0
"""40. ""O novo parque de diversões abriu suas portas ao público esta semana.""",0
"""41. ""O espetáculo de circo encantou as crianças com suas apresentações.""",0
"""42. ""A empresa de beleza lançou uma nova linha de produtos orgânicos.""",0
"""43. ""O novo filme de drama é uma história comovente de superação.""",0
"""44. ""O evento musical atraiu fãs de todas as idades.""",0
"""45. ""A empresa de tecnologia anunciou o lançamento de um novo dispositivo.""",0
"""46. ""O novo restaurante de comida mexicana está Receiving bons comentários.""",0
"""47. ""O espetáculo de teatro trouxe à cena uma história de amor e destino.""",0
"""48. ""A empresa de cosméticos lançou uma linha de produtos para pele madura.""",0
"""49. ""O evento de caridade arrecadou fundos para crianças carentes.""",0
"""50. ""A empresa de vestuário lançou uma campanha de moda de outono-inverno.""",0
""". ""Lamentável acidente na BR-116 causou atrasos no trânsito hoje.""",0
"""2. ""Novo smartphone da marca X surpreendeu pelo design moderno.""",0
"""3. ""O time local venceu o jogo com um gol no último segundo.""",0
"""4. ""A entrega chegará amanhã, antes das 18 horas, conforme combinado.""",0
"""5. ""Recentemente, a empresa anunciou o lançamento de um novo produto.""",0
"""6. ""A biblioteca municipal iniciou um programa de leitura para crianças.""",0
"""7. ""O filme de ficção científica está emocionando o público desde sua estreia.""",0
"""8. ""A pesquisa indica que a maioria dos entrevistados apoia a proposta.""",0
"""9. ""O novo restaurante na cidade está Receiving excelentes comentários.""",0
"""10. ""A exposição de arte abre ao público neste fim de semana.""",0
"""11. ""O professor explicou o tema de forma clara e interessante durante a aula.""",0
"""12. ""A nova linha de roupas da marca é muito bem recebida pelos consumidores.""",0
"""13. ""O evento esportivo contará com a participação de atletas de todo o país.""",0
"""14. ""A empresa anunciou cortes no orçamento devido à crise econômica.""",0
"""15. ""A nova peça de teatro abordará temas sociais importantes.""",0
"""16. ""O filme biográfico sobre o artista é uma homenagem a sua vida e obra.""",0
"""17. ""A feira de ciências surpreendeu com inovações tecnológicas.""",0
"""18. ""O novo aplicativo de entregas está Receiving boas avaliações.""",0
"""19. ""O livro de não ficção é um guia prático para o autocontrole emocional.""",0
"""20. ""A empresa de tecnologia anunciou uma atualização em seu software.""",0
"""21. ""O museu de arte moderna recebeu uma nova exposição de pinturas.""",0
"""22. ""O time de futebol local perdeu por 2 a 1 em jogo fora de casa.""",0
"""23. ""A nova linha de cosméticos está Receiving excelentes comentários.""",0
"""24. ""O festival de música atraiu milhares de pessoas neste fim de semana.""",0
"""25. ""O novo filme de terror está Receiving críticas positivas.""",0
"""26. ""A empresa de consultoria está Receiving novos clientes a cada dia.""",0
"""27. ""O livro de suspense mantém o leitor em suspense até a última página.""",0
"""28. ""O novo parque aquático promete diversão para todas as idades.""",0
"""29. ""O evento beneficente arrecadou fundos para instituições de caridade.""",0
"""30. ""A empresa de turismo anunciou pacotes promocionais para o feriado.""",0
"""31. ""O novo restaurante vegetariano está Receiving bons comentários.""",0
"""32. ""O espetáculo de dança emocionou o público com coreografias elaboradas.""",0
"""33. ""A empresa de vestuário lançou uma coleção de moda primavera-verão.""",0
"""34. ""O filme de comédia é uma boa opção para quem busca diversão.""",0
"""35. ""A nova linha de produtos para o lar está Receiving excelentes comentários.""",0
"""36. ""O evento esportivo contou com a participação de atletas de elite.""",0
"""37. ""O novo aplicativo de encontros está Receiving bons comentários.""",0
"""38. ""A empresa de seguros anunciou uma campanha de conscientização.""",0
"""39. ""O filme de ação é uma aventura eletrizante do começo ao fim.""",0
"""40. ""O novo parque de diversões abriu suas portas ao público esta semana.""",0
"""41. ""O espetáculo de circo encantou as crianças com suas apresentações.""",0
"""42. ""A empresa de beleza lançou uma nova linha de produtos orgânicos.""",0
"""43. ""O novo filme de drama é uma história comovente de superação.""",0
"""44. ""O evento musical atraiu fãs de todas as idades.""",0
"""45. ""A empresa de tecnologia anunciou o lançamento de um novo dispositivo.""",0
"""46. ""O novo restaurante de comida mexicana está Receiving bons comentários.""",0
"""47. ""O espetáculo de teatro trouxe à cena uma história de amor e destino.""",0
"""48. ""A empresa de cosméticos lançou uma linha de produtos para pele madura.""",0
"""49. ""O evento de caridade arrecadou fundos para crianças carentes.""",0
"""50. ""A empresa de vestuário lançou uma campanha de moda de outono-inverno.""",0
"""1. ""Breaking: Incêndio em prédio abandonado no centro de uma cidade não revelada deixa três bombeiros feridos.""",0
"""2. ""Dica do dia: experimente o novo restaurante que abriu na esquina, eles têm o melhor pastel de belém da cidade.""",0
"""3. ""A nova linha de smartphones da empresa X está causando furor no mercado, com um design inovador e recursos impressionantes.""",0
"""4. ""O time local de futebol venceu ontem à noite, causando comoção na cidade. Os torcedores comemoraram nas ruas até altas horas da noite.""",0
"""5. ""O professor de ciências explicou hoje na aula como o processo de fotosíntese ajuda as plantas a crescer. Foi muito interessante!""",0
"""6. ""O novo filme de ação está sendo muito aclamado pelo público, com cenas de tirar o fôlego e uma trama surpreendente.""",0
"""7. ""A entrega do meu novo móvel chegou hoje, mas infelizmente eles não conseguiram entregar no horário combinado. Fiquei muito desapontado.""",0
"""8. ""O governo anunciou hoje que vai investir em melhorias na infraestrutura da cidade, incluindo a construção de novas ciclovias e parques.""",0
"""9. ""O meu filho ganhou um novo kit de química para brincar em casa. Fiquei preocupado com a segurança, mas depois de verificar os ingredientes, percebi que é completamente seguro.""",0
"""10. ""A empresa de consultoria onde trabalho está expandindo seus serviços para outras cidades do país. Estou muito animado com essa nova oportunidade.""",0
"""11. ""A storms estão previstos para a região ao longo da semana. Tome cuidado ao sair de casa e fique atento às atualizações do tempo.""",0
"""12. ""O meu amigo perdeu o celular ontem à noite em uma balada. Foi uma noite ruim, mas ao menos ele tinha um seguro contra roubo e furto.""",0
"""13. ""O novo livro da autora de suspense favorita já está nas livrarias. Não vejo a hora de mergulhar na trama cheia de mistérios.""",0
"""14. ""A empresa de telecomunicações anunciou hoje que vai ampliar a cobertura de internet em áreas rurais do país. Uma notícia muito positiva para quem mora no interior.""",0
"""15. ""O meu vizinho está colocando um novo sistema de irrigação no jardim. Fiquei impressionado com a tecnologia avançada que eles estão usando.""",0
"""16. ""A banda favorita da cidade vai se apresentar no próximo fim de semana no parque municipal. Não vê a hora de curtir um show ao ar livre!""",0
"""17. ""O novo aplicativo de entrega de comida é uma verdadeira salvação para noites em que não quero cozinhar. A entrega é rápida e o sabor dos pratos é ótimo.""",0
"""18. ""O meu filho está aprender a tocar violão na escola. Estou muito orgulhoso do seu progresso e do quanto ele está se dedicando às aulas.""",0
"""19. ""O novo jogo de vídeo game lançou hoje e já estou ansioso para testar as novas funcionalidades e cenários incríveis.""",0
"""20. ""A minha filha ganhou um concurso de poesia na escola. Ela ficou tão feliz com o reconhecimento do seu trabalho.""",0
"""21. ""O meu carro está precisando de uma revisão. Preciso marcar uma hora no mecânico e garantir que tudo esteja em ordem.""",0
"""22. ""O novo centro comercial da cidade é uma verdadeira maravilha. Tem lojas incríveis e uma ampla variedade de opções de comida e bebida.""",0
"""23. ""O meu amigo está planejando uma viagem de férias para um destino tropical. Eles merecem umas férias bem merecidas depois de tanto trabalho.""",0
"""24. ""O meu gato está precisando de uma consulta no veterinário. Preciso marcar uma hora e garantir que ele esteja em boa saúde.""",0
"""25. ""O novo filme de animação é uma delícia para assistir com crianças. Tem uma mensagem muito positiva e cenas engraçadas que vão divertir a família toda.""",0
"""26. ""A minha namorada me deu uma surpresa hoje: uma linda planta para decorar a sala de estar. Não podia ter escolhido um presente melhor.""",0
"""27. ""O meu vizinho acabou de comprar um carro novo. Fiquei impressionado com o modelo e o design moderno.""",0
"""28. ""O novo álbum do meu artista favorito foi lançado hoje. Estou ouvindo em loop desde cedo, e cada música é melhor que a outra.""",0
"""29. ""A empresa onde trabalho está promovendo uma campanha de doação de sangue na próxima semana. É uma ótima maneira de ajudar quem precisa.""",0
"""30. ""O meu amigo está planejando uma festa de aniversário surpresa para o irmão. Ele tem preparado muitos detalhes para que tudo saia perfeito.""",0
"""31. ""A nova linha de cosméticos orgânicos está causando furor nas redes sociais. Mal posso esperar para testar os produtos e ver se eles fazem jus à fama.""",0
"""32. ""O meu filho está aprendendo a cozinhar na aula de culinária da escola. Estou muito orgulhoso do seu interesse pela gastronomia e pela independência que ele está desenvolvendo.""",0
"""33. ""O novo parque de diversões na cidade é incrível. Tem atrações para todas as idades e é uma ótima opção para um dia de lazer em família.""",0
"""34. ""A minha namorada e eu estamos planejando uma viagem de fim de semana para um lugar tranquilo na praia. Estamos muito animados para aproveitar esses dias juntos.""",0
"""35. ""O meu amigo acabou de comprar uma bicicleta nova. Ele estava muito animado para mostrar para mim e para a gente dar uma volta juntos.""",0
"""36. ""O novo filme de ação com cenas de luta impressionantes é uma verdadeira obra-prima do gênero. Repleto de adrenalina e emoção.""",0
"""37. ""A minha filha perdeu o seu brinquedo favorito enquanto estava na praia. Ficamos muito tristes, mas ao menos ela teve uma ótima tarde de diversão.""",0
"""38. ""O meu vizinho está reformando o jardim da frente da casa. Fiquei impressionado com a transformação e o quanto ele está se dedicando ao projeto.""",0
"""39. ""O meu amigo acabou de se tornar pai de uma linda menina. Eles estão radiantes de felicidade e muito gratos pelo apoio da família e amigos.""",0
"""40. ""O novo aplicativo de aprendizado de línguas é muito útil para quem quer praticar o vocabulário e a gramática sem sair de casa.""",0
"""41. ""O meu filho está participando de um torneio de xadrez esta semana. Estou muito orgulhoso do seu talento e dedicação ao jogo.""",0
"""42. ""A minha namorada e eu estamos planejando um jantar romântico em casa para comemorar o nosso aniversário de namoro. Estou ansioso para surpreendê-la com o cardápio.""",0
"""43. ""O meu amigo acabou de comprar um novo equipamento de som para a casa. Ele estava muito animado para experimentar e ouvir música com uma qualidade incrível.""",0
"""44. ""O meu filho está aprendendo a tocar piano na escola. Estou muito orgulhoso do seu progresso e da sua dedicação às aulas.""",0
"""45. ""O meu vizinho está plantando uma horta na frente da casa. Fiquei impressionado com a variedade de plantas e a dedicação que ele tem ao projeto.""",0
"""46. ""O meu amigo acabou de abrir o seu próprio negócio de jardinagem. Ele está muito animado para expandir seus serviços e contratar mais funcionários.""",0
"""47. ""O novo filme de comédia é uma verdadeira delícia de assistir. Tem uma trama engraçada e cenas inesquecíveis que vão fazer você rir do começo ao fim.""",0
"""48. ""A minha namorada está planejando uma viagem de fim de semana com as amigas. Estou ansioso para ela aproveitar esses dias de descanso e diversão.""",0
"""49. ""O meu filho está aprendendo a nadar na escola. Estou muito orgulhoso do seu progresso e da sua coragem de enfrentar o medo da água.""",0
"""50. ""O meu amigo acabou de comprar um novo equipamento de fotografia profissional. Ele está muito animado para colocar em prática seus conhecimentos e capturar momentos incríveis.""",0
""". ""Lamentável acidente na BR-116 causou atrasos no trânsito hoje.""",0
"""2. ""Novo smartphone da marca X surpreendeu pelo design moderno.""",0
"""3. ""O time local venceu o jogo com um gol no último segundo.""",0
"""4. ""A entrega chegará amanhã, antes das 18 horas, conforme combinado.""",0
"""5. ""Recentemente, a empresa anunciou o lançamento de um novo produto.""",0
"""6. ""A biblioteca municipal iniciou um programa de leitura para crianças.""",0
"""7. ""O filme de ficção científica está emocionando o público desde sua estreia.""",0
"""8. ""A pesquisa indica que a maioria dos entrevistados apoia a proposta.""",0
"""9. ""O novo restaurante na cidade está Receiving excelentes comentários.""",0
"""10. ""A exposição de arte abre ao público neste fim de semana.""",0
"""11. ""O professor explicou o tema de forma clara e interessante durante a aula.""",0
"""12. ""A nova linha de roupas da marca é muito bem recebida pelos consumidores.""",0
"""13. ""O evento esportivo contará com a participação de atletas de todo o país.""",0
"""14. ""A empresa anunciou cortes no orçamento devido à crise econômica.""",0
"""15. ""A nova peça de teatro abordará temas sociais importantes.""",0
"""16. ""O filme biográfico sobre o artista é uma homenagem a sua vida e obra.""",0
"""17. ""A feira de ciências surpreendeu com inovações tecnológicas.""",0
"""18. ""O novo aplicativo de entregas está Receiving boas avaliações.""",0
"""19. ""O livro de não ficção é um guia prático para o autocontrole emocional.""",0
"""20. ""A empresa de tecnologia anunciou uma atualização em seu software.""",0
"""21. ""O museu de arte moderna recebeu uma nova exposição de pinturas.""",0
"""22. ""O time de futebol local perdeu por 2 a 1 em jogo fora de casa.""",0
"""23. ""A nova linha de cosméticos está Receiving excelentes comentários.""",0
"""24. ""O festival de música atraiu milhares de pessoas neste fim de semana.""",0
"""25. ""O novo filme de terror está Receiving críticas positivas.""",0
"""26. ""A empresa de consultoria está Receiving novos clientes a cada dia.""",0
"""27. ""O livro de suspense mantém o leitor em suspense até a última página.""",0
"""28. ""O novo parque aquático promete diversão para todas as idades.""",0
"""29. ""O evento beneficente arrecadou fundos para instituições de caridade.""",0
"""30. ""A empresa de turismo anunciou pacotes promocionais para o feriado.""",0
"""31. ""O novo restaurante vegetariano está Receiving bons comentários.""",0
"""32. ""O espetáculo de dança emocionou o público com coreografias elaboradas.""",0
"""33. ""A empresa de vestuário lançou uma coleção de moda primavera-verão.""",0
"""34. ""O filme de comédia é uma boa opção para quem busca diversão.""",0
"""35. ""A nova linha de produtos para o lar está Receiving excelentes comentários.""",0
"""36. ""O evento esportivo contou com a participação de atletas de elite.""",0
"""37. ""O novo aplicativo de encontros está Receiving bons comentários.""",0
"""38. ""A empresa de seguros anunciou uma campanha de conscientização.""",0
"""39. ""O filme de ação é uma aventura eletrizante do começo ao fim.""",0
"""40. ""O novo parque de diversões abriu suas portas ao público esta semana.""",0
"""41. ""O espetáculo de circo encantou as crianças com suas apresentações.""",0
"""42. ""A empresa de beleza lançou uma nova linha de produtos orgânicos.""",0
"""43. ""O novo filme de drama é uma história comovente de superação.""",0
"""44. ""O evento musical atraiu fãs de todas as idades.""",0
"""45. ""A empresa de tecnologia anunciou o lançamento de um novo dispositivo.""",0
"""46. ""O novo restaurante de comida mexicana está Receiving bons comentários.""",0
"""47. ""O espetáculo de teatro trouxe à cena uma história de amor e destino.""",0
"""48. ""A empresa de cosméticos lançou uma linha de produtos para pele madura.""",0
"""49. ""O evento de caridade arrecadou fundos para crianças carentes.""",0
"""50. ""A empresa de vestuário lançou uma campanha de moda de outono-inverno.""",0
"""Presidente anuncia novo pacote de incentivos para empreendedores.""",0
"""Comida caseira sempre foi meu passatempo favorito.""",0
"""Museu de Arte de uma cidade recebe novo acervo de pinturas.""",0
"""Um usuário reclamou do aplicativo de entregas, alegando demora.""",0
"""Estudantes participam de protesto contra aumento de passagens.""",0
"""Livro de auto-ajuda se torna best-seller na semana.""",0
"""Um assalto aconteceu em uma rua movimentada, sem vítimas.""",0
"""A nova série de fantasia é uma das melhores da temporada.""",0
"""Loja de departamentos fecha as portas após décadas em operação.""",0
"""Cientistas descobrem nova espécie de planta na floresta.""",0
"""Time de futebol local vence campeonato após anos sem vitória.""",0
"""Vídeo viral mostra gatinho domesticando passarinho no quintal.""",0
"""Turista visita ponto turístico e reclama do alto custo de entrada.""",0
"""Pesquisadores desenvolvem novo medicamento contra câncer.""",0
"""Banda local se apresenta em festival de música no centro da cidade.""",0
"""Estudante escreve carta ao diretor para pedir melhorias na escola.""",0
"""Nova plataforma de streaming estreia com sucesso de crítica e público.""",0
"""Moradores organizam mutirão para limpar praia após tempestade.""",0
"""Especialista em culinária italiana vai abrir novo restaurante na região.""",0
"""Mãe relata dificuldades em encontrar creche para filho bebê.""",0
"""Novo filme de ação estreia com expectativas altas.""",0
"""Estudantes criam app para ajudar no planejamento de rotas de ônibus.""",0
"""Fãs esperam ansiosamente pelo lançamento do novo álbum de uma banda.""",0
"""Nova linha de cosméticos orgânicos é lançada em loja local.""",0
"""Polícia prende suspeitos de furto em residência no subúrbio.""",0
"""Professor desenvolve método inovador de ensino de matemática.""",0
"""Funcionário é elogiado por atendimento rápido e eficiente.""",0
"""Nova lei estabelece penalidades para poluição do rio principal.""",0
"""Evento de caridade arrecada fundos para hospital infantil.""",0
"""Estudante de jornalismo faz matéria sobre impacto do clima na cidade.""",0
"""Nova hamburgueria na cidade atrai clientes com preços acessíveis.""",0
"""Prefeito anuncia obras de melhoria na rede de transporte público.""",0
"""Moradores se reúnem para discutir projeto de construção em área verde.""",0
"""Nova marca de roupas infantis é lançada pela estilista local.""",0
"""Pesquisadores encontram evidências de vida pré-histórica na região.""",0
"""Especialista em bem-estar mental dá dicas para lidar com o estresse.""",0
"""Nova atração turística abre no parque temático da cidade.""",0
"""Estudante ganha bolsa de estudo para universidade no exterior.""",0
"""Associação de moradores pede melhorias na iluminação pública.""",0
"""Nova linha de produtos para animais de estimação é lançada em loja.""",0
"""Cientistas desenvolvem novo método de reciclagem de plásticos.""",0
""". ""Lamentável acidente na BR-116 causou atrasos no trânsito hoje.""",0
"""2. ""Novo smartphone da marca X surpreendeu pelo design moderno.""",0
"""3. ""O time local venceu o jogo com um gol no último segundo.""",0
"""4. ""A entrega chegará amanhã, antes das 18 horas, conforme combinado.""",0
"""5. ""Recentemente, a empresa anunciou o lançamento de um novo produto.""",0
"""6. ""A biblioteca municipal iniciou um programa de leitura para crianças.""",0
"""7. ""O filme de ficção científica está emocionando o público desde sua estreia.""",0
"""8. ""A pesquisa indica que a maioria dos entrevistados apoia a proposta.""",0
"""9. ""O novo restaurante na cidade está Receiving excelentes comentários.""",0
"""10. ""A exposição de arte abre ao público neste fim de semana.""",0
"""11. ""O professor explicou o tema de forma clara e interessante durante a aula.""",0
"""12. ""A nova linha de roupas da marca é muito bem recebida pelos consumidores.""",0
"""13. ""O evento esportivo contará com a participação de atletas de todo o país.""",0
"""14. ""A empresa anunciou cortes no orçamento devido à crise econômica.""",0
"""15. ""A nova peça de teatro abordará temas sociais importantes.""",0
"""16. ""O filme biográfico sobre o artista é uma homenagem a sua vida e obra.""",0
"""17. ""A feira de ciências surpreendeu com inovações tecnológicas.""",0
"""18. ""O novo aplicativo de entregas está Receiving boas avaliações.""",0
"""19. ""O livro de não ficção é um guia prático para o autocontrole emocional.""",0
"""20. ""A empresa de tecnologia anunciou uma atualização em seu software.""",0
"""21. ""O museu de arte moderna recebeu uma nova exposição de pinturas.""",0
"""22. ""O time de futebol local perdeu por 2 a 1 em jogo fora de casa.""",0
"""23. ""A nova linha de cosméticos está Receiving excelentes comentários.""",0
"""24. ""O festival de música atraiu milhares de pessoas neste fim de semana.""",0
"""25. ""O novo filme de terror está Receiving críticas positivas.""",0
"""26. ""A empresa de consultoria está Receiving novos clientes a cada dia.""",0
"""27. ""O livro de suspense mantém o leitor em suspense até a última página.""",0
"""28. ""O novo parque aquático promete diversão para todas as idades.""",0
"""29. ""O evento beneficente arrecadou fundos para instituições de caridade.""",0
"""30. ""A empresa de turismo anunciou pacotes promocionais para o feriado.""",0
"""31. ""O novo restaurante vegetariano está Receiving bons comentários.""",0
"""32. ""O espetáculo de dança emocionou o público com coreografias elaboradas.""",0
"""33. ""A empresa de vestuário lançou uma coleção de moda primavera-verão.""",0
"""34. ""O filme de comédia é uma boa opção para quem busca diversão.""",0
"""35. ""A nova linha de produtos para o lar está Receiving excelentes comentários.""",0
"""36. ""O evento esportivo contou com a participação de atletas de elite.""",0
"""37. ""O novo aplicativo de encontros está Receiving bons comentários.""",0
"""38. ""A empresa de seguros anunciou uma campanha de conscientização.""",0
"""39. ""O filme de ação é uma aventura eletrizante do começo ao fim.""",0
"""40. ""O novo parque de diversões abriu suas portas ao público esta semana.""",0
"""41. ""O espetáculo de circo encantou as crianças com suas apresentações.""",0
"""42. ""A empresa de beleza lançou uma nova linha de produtos orgânicos.""",0
"""43. ""O novo filme de drama é uma história comovente de superação.""",0
"""44. ""O evento musical atraiu fãs de todas as idades.""",0
"""45. ""A empresa de tecnologia anunciou o lançamento de um novo dispositivo.""",0
"""46. ""O novo restaurante de comida mexicana está Receiving bons comentários.""",0
"""47. ""O espetáculo de teatro trouxe à cena uma história de amor e destino.""",0
"""48. ""A empresa de cosméticos lançou uma linha de produtos para pele madura.""",0
"""49. ""O evento de caridade arrecadou fundos para crianças carentes.""",0
"""50. ""A empresa de vestuário lançou uma campanha de moda de outono-inverno.""",0
""". ""Lamentável acidente na BR-116 causou atrasos no trânsito hoje.""",0
"""2. ""Novo smartphone da marca X surpreendeu pelo design moderno.""",0
"""3. ""O time local venceu o jogo com um gol no último segundo.""",0
"""4. ""A entrega chegará amanhã, antes das 18 horas, conforme combinado.""",0
"""5. ""Recentemente, a empresa anunciou o lançamento de um novo produto.""",0
"""6. ""A biblioteca municipal iniciou um programa de leitura para crianças.""",0
"""7. ""O filme de ficção científica está emocionando o público desde sua estreia.""",0
"""8. ""A pesquisa indica que a maioria dos entrevistados apoia a proposta.""",0
"""9. ""O novo restaurante na cidade está Receiving excelentes comentários.""",0
"""10. ""A exposição de arte abre ao público neste fim de semana.""",0
"""11. ""O professor explicou o tema de forma clara e interessante durante a aula.""",0
"""12. ""A nova linha de roupas da marca é muito bem recebida pelos consumidores.""",0
"""13. ""O evento esportivo contará com a participação de atletas de todo o país.""",0
"""14. ""A empresa anunciou cortes no orçamento devido à crise econômica.""",0
"""15. ""A nova peça de teatro abordará temas sociais importantes.""",0
"""16. ""O filme biográfico sobre o artista é uma homenagem a sua vida e obra.""",0
"""17. ""A feira de ciências surpreendeu com inovações tecnológicas.""",0
"""18. ""O novo aplicativo de entregas está Receiving boas avaliações.""",0
"""19. ""O livro de não ficção é um guia prático para o autocontrole emocional.""",0
"""20. ""A empresa de tecnologia anunciou uma atualização em seu software.""",0
"""21. ""O museu de arte moderna recebeu uma nova exposição de pinturas.""",0
"""22. ""O time de futebol local perdeu por 2 a 1 em jogo fora de casa.""",0
"""23. ""A nova linha de cosméticos está Receiving excelentes comentários.""",0
"""24. ""O festival de música atraiu milhares de pessoas neste fim de semana.""",0
"""25. ""O novo filme de terror está Receiving críticas positivas.""",0
"""26. ""A empresa de consultoria está Receiving novos clientes a cada dia.""",0
"""27. ""O livro de suspense mantém o leitor em suspense até a última página.""",0
"""28. ""O novo parque aquático promete diversão para todas as idades.""",0
"""29. ""O evento beneficente arrecadou fundos para instituições de caridade.""",0
"""30. ""A empresa de turismo anunciou pacotes promocionais para o feriado.""",0
"""31. ""O novo restaurante vegetariano está Receiving bons comentários.""",0
"""32. ""O espetáculo de dança emocionou o público com coreografias elaboradas.""",0
"""33. ""A empresa de vestuário lançou uma coleção de moda primavera-verão.""",0
"""34. ""O filme de comédia é uma boa opção para quem busca diversão.""",0
"""35. ""A nova linha de produtos para o lar está Receiving excelentes comentários.""",0
"""36. ""O evento esportivo contou com a participação de atletas de elite.""",0
"""37. ""O novo aplicativo de encontros está Receiving bons comentários.""",0
"""38. ""A empresa de seguros anunciou uma campanha de conscientização.""",0
"""39. ""O filme de ação é uma aventura eletrizante do começo ao fim.""",0
"""40. ""O novo parque de diversões abriu suas portas ao público esta semana.""",0
"""41. ""O espetáculo de circo encantou as crianças com suas apresentações.""",0
"""42. ""A empresa de beleza lançou uma nova linha de produtos orgânicos.""",0
"""43. ""O novo filme de drama é uma história comovente de superação.""",0
"""44. ""O evento musical atraiu fãs de todas as idades.""",0
"""45. ""A empresa de tecnologia anunciou o lançamento de um novo dispositivo.""",0
"""46. ""O novo restaurante de comida mexicana está Receiving bons comentários.""",0
"""47. ""O espetáculo de teatro trouxe à cena uma história de amor e destino.""",0
"""48. ""A empresa de cosméticos lançou uma linha de produtos para pele madura.""",0
"""49. ""O evento de caridade arrecadou fundos para crianças carentes.""",0
"""50. ""A empresa de vestuário lançou uma campanha de moda de outono-inverno.""",0
"""1. ""Incêndio em prédio histórico preocupa autoridades de Salvador""",0
"""2. ""Nova cafeteria na cidade está arrasando, segundo os moradores""",0
"""3. ""Estudo sugere que a prática de meditação pode reduzir a ansiedade""",0
"""4. ""Equipe local derrotada em jogo emocionante""",0
"""5. ""Média de temperatura em abril deve ser abaixo do normal no Brasil""",0
"""6. ""Vacinação contra a gripe começa hoje nas unidades de saúde""",0
"""7. ""Criador de conteúdo local alcança 1 milhão de seguidores no YouTube""",0
"""8. ""Novos livros chegando na biblioteca municipal""",0
"""9. ""Projeto de lei sobre o uso de máscaras em espaços públicos""",0
"""10. ""Feira de ciências do colégio é um sucesso entre os estudantes""",0
"""11. ""Caminhoneiro pede atenção nas estradas após acidente""",0
"""12. ""Especialista em cães dá dicas de como lidar com a agressividade dos pets""",0
"""13. ""Restaurante novo na cidade serve comida deliciosa a preços justos""",0
"""14. ""Projeto de expansão do transporte público em discussão na cidade""",0
"""15. ""Livro sobre a história da cidade agora disponível na livraria""",0
"""16. ""Pais relutantes em mandar filhos à escola devido ao coronavírus""",0
"""17. ""Museu de arte reabre com exposição de pintores locais""",0
"""18. ""Aplicativo de entregas entrega mais de 1 milhão de refeições no mês""",0
"""19. ""Trabalho remoto pode se tornar obrigatório para empresas""",0
"""20. ""Cego de nascença completa curso de programador""",0
"""21. ""Bairro antigo ganha vida com novos comércios""",0
"""22. ""Suspeito de tráfico preso em operação policial""",0
"""23. ""Entrevista com o novo diretor do teatro municipal""",0
"""24. ""Estilo de vida saudável pode diminuir os efeitos da pandemia""",0
"""25. ""Lojas de eletrônicos oferecem promoções para o mês de maio""",0
"""26. ""Prefeitura anuncia programa de recuperação de vias públicas""",0
"""27. ""Estudante local ganha bolsa de estudos no exterior""",0
"""28. ""Gripe aviária preocupa produtores rurais""",0
"""29. ""Parque municipal recebe obras de revitalização""",0
"""30. ""Atleta local conquista medalha de ouro em competição internacional""",0
"""31. ""Cirurgião plástico alerta sobre o aumento de procedimentos estéticos""",0
"""32. ""Famílias relatam dificuldades com a falta de água em alguns bairros""",0
"""33. ""Nova linha de cosméticos naturais chega às prateleiras""",0
"""34. ""Banco anuncia campanha de empréstimos com taxas reduzidas""",0
"""35. ""Arquitetos locais projeto novo complexo de lazer na cidade""",0
"""36. ""Comida de rua ganha espaço em evento no parque municipal""",0
"""37. ""Pesquisadores locais descobrem nova espécie de planta""",0
"""38. ""Show de música no estádio esgota ingressos em minutos""",0
"""39. ""Associação de moradores pede mais policiamento na região""",0
"""40. ""Livraria.launch evento literário com autores locais""",0
"""41. ""Pais preocupados com o bullying em escolas da cidade""",0
"""42. ""Lojas de roupas oferecem descontos para o frio""",0
"""43. ""Espaço cultural recebe exposição de fotografias""",0
"""44. ""Construtora anuncia novo empreendimento na cidade""",0
"""45. ""Reforço de policiais militares nas ruas após aumento de roubos""",0
"""46. ""Especialista em segurança digital alerta para novos tipos de vírus""",0
"""47. ""Nova padaria na cidade serve pães artesanais deliciosos""",0
"""48. ""Trabalhadores do transporte público realizam manifestação""",0
"""49. ""Estudo mostra que a cidade está entre as mais poluídas do país""",0
"""50. ""Show beneficente reuniu artistas locais para arrecadar fundos""",0
"""1. ""Incêndio em prédio abandonado deixa dois feridos na capital.""",0
"""2. ""Novo modelo de celular da empresa X é lançado com grande expectativa.""",0
"""3. ""Cachorro perdido encontrado na avenida principal.""",0
"""4. ""Turista descobre cidade medieval durante viagem pela Europa.""",0
"""5. ""Receita de bolinho de chuva delicia família em festa de aniversário.""",0
"""6. ""Estudo aponta aumento no número de acidentes de trânsito na cidade.""",0
"""7. ""Futebol: time local perde para o visitante por 2 a 1 no estádio heuteco.""",0
"""8. ""Paciente internado em hospital após acidente de carro.""",0
"""9. ""Livro de autoajuda se torna best-seller nas livrarias locais.""",0
"""10. ""Encontro com amigos no parque terminou em passeio de bicicleta.""",0
"""11. ""Crítica: filme de ficção científica surpreende com enredo original.""",0
"""12. ""Mudança de horário de verão afetará rotina de quem trabalha à noite.""",0
"""13. ""Criança encontra joia antiga enquanto brincava no quintal.""",0
"""14. ""Museu de arte recebe nova exposição de pintores nacionais.""",0
"""15. ""Entrevista com o escritor revela detalhes sobre seu novo romance.""",0
"""16. ""Encontro de amantes de carro antigo reúne colecionadores na praça.""",0
"""17. ""Aulas de ioga ao ar livre são oferecidas no parque aos domingos.""",0
"""18. ""Investimento em energia renovável cresce no país, diz relatório.""",0
"""19. ""Família perde pertences após inundação em casa nos subúrbios.""",0
"""20. ""Rebelião em prisão deixa três detentos feridos, diz fonte anônima.""",0
"""21. ""Aberto novo centro comercial na região norte da cidade.""",0
"""22. ""Viagem de estudos leva alunos ao museu de história natural.""",0
"""23. ""Desfile de moda de designer local é destaque na semana da moda.""",0
"""24. ""Casal em lua de mel descobre cachoeira escondida na floresta.""",0
"""25. ""Congresso de tecnologia traz inovações em hardware e software.""",0
"""26. ""Estudante de medicina realiza primeiro diagnóstico correto na prática.""",0
"""27. ""Feira de alimentos orgânicos atraiu muitos compradores no domingo.""",0
"""28. ""Projeto de recuperação de áreas verdes avança na cidade.""",0
"""29. ""Prato típico da culinária japonesa se torna sucesso em restaurante local.""",0
"""30. ""Livro de receitas caseiras é lançado pela editora local.""",0
"""31. ""Equipe de resgate encontra sobrevivente após terremoto.""",0
"""32. ""Criador de aplicativo ganha prêmio de inovação.""",0
"""33. ""Jornada de trabalho interminável preocupa profissionais de TI.""",0
"""34. ""Lembranças de viagem pela Tailândia enchem álbum de família.""",0
"""35. ""Plano de melhoria nas linhas de ônibus é apresentado pela prefeitura.""",0
"""36. ""Abertura de nova filial de padariaLeave no bairro atrai clientes.""",0
"""37. ""Projeto de arte urbana transforma paredes cinzas em obras de arte.""",0
"""38. ""Investigadores descobrem nova espécie de inseto na selva.""",0
"""39. ""Mercado de pulgas atrai caçadores de antiguidades.""",0
"""40. ""Encontro com amigos no bar terminou em noitada de dança.""",0
"""41. ""Programa de reciclagem de eletroeletrônicos é lançado no município.""",0
"""42. ""Estudante ganha bolsa de estudos para universidade internacional.""",0
"""43. ""Pesquisadores anunciam descoberta de novo medicamento contra câncer.""",0
"""44. ""Caminhada noturna com amigos terminou em piquenique na praia.""",0
"""45. ""Evento beneficente reuniu celebridades em hotel de luxo.""",0
"""46. ""Novo parque aquático abre no verão, atraindo turistas.""",0
"""47. ""Estudante de arquitetura ganha prêmio por projeto inovador.""",0
"""48. ""Fã de música se emociona ao encontrar ídolo no show.""",0
"""49. ""Livro de memórias de uma viajante conta histórias de viagens ao redor do mundo.""",0
"""50. ""Paciente espera transplante de órgão após anos na lista de espera.""",0
"""1. ""Aeronaves da companhia foram atrasadas devido a nevasca na região.""",0
"""2. ""Novidades no mercado de tecnologia: lançamento de novo smartphone.""",0
"""3. ""O time local venceu o jogo com um gol de última hora.""",0
"""4. ""A nova peça de teatro estreia esta semana no teatro da cidade.""",0
"""5. ""Promoção especial na padaria: pães frescos pela metade do preço.""",0
"""6. ""O clima no sul do país deve ficar mais frio nos próximos dias.""",0
"""7. ""Livro sobre história local agora disponível na biblioteca.""",0
"""8. ""A banda favorita da cidade se apresenta neste fim de semana no parque.""",0
"""9. ""A nova loja de roupas abriu as portas no centro da cidade.""",0
"""10. ""Feriado prolongado aumenta fluxo de turistas na praia.""",0
"""11. ""O novo filme de ação estreia hoje nos cinemas da cidade.""",0
"""12. ""A empresa anunciou aumento de salário para seus funcionários.""",0
"""13. ""Festival de comida de rua acontece este final de semana na Praça Central.""",0
"""14. ""A biblioteca começou um programa de empréstimo de livros para crianças.""",0
"""15. ""A empresa de entregas informou que os prazos podem ser afetados pela chuva.""",0
"""16. ""Aulas de ioga gratuitas são oferecidas no parque aos domingos.""",0
"""17. ""O museu de arte está exibindo uma nova coleção de pinturas.""",0
"""18. ""O time de basquete local perdeu para o time visitante por uma diferença de 10 pontos.""",0
"""19. ""A nova cafeteria na esquina serve o melhor cappuccino da cidade.""",0
"""20. ""A empresa de construção começou a reformas na pracinha do bairro.""",0
"""21. ""O evento de caridade arrecadou fundos para instituições de caridade locais.""",0
"""22. ""O novo restaurante italiano abriu recentemente no quarteirão.""",0
"""23. ""O parque aquático reabre para a temporada de verão neste fim de semana.""",0
"""24. ""A empresa de telecomunicações anunciou melhorias na rede de internet.""",0
"""25. ""O mercado local está oferecendo descontos em produtos orgânicos.""",0
"""26. ""A equipe de limpeza está trabalhando arduamente para manter as ruas limpas.""",0
"""27. ""A academia de ginástica está oferecendo uma semana gratuita de treinamento.""",0
"""28. ""O novo shopping center abriu suas portas na semana passada.""",0
"""29. ""A empresa de transporte anunciou uma nova linha de ônibus para o aeroporto.""",0
"""30. ""O festival de música atraiu milhares de pessoas para a cidade.""",0
"""31. ""A empresa de catering recebeu elogios por seu serviço no casamento.""",0
"""32. ""O novo aplicativo de entrega de comida foi lançado na região.""",0
"""33. ""O centro cultural está apresentando uma exposição de fotografias.""",0
"""34. ""A empresa de mudanças está oferecendo descontos para clientes novos.""",0
"""35. ""O time de futebol local perdeu para o time visitante por 2 a 1.""",0
"""36. ""O novo cinema ao ar livre está exibindo filmes clássicos.""",0
"""37. ""A empresa de consultoria recebeu um contrato para ajudar na expansão da cidade.""",0
"""38. ""O parque de diversões móvel chegou à cidade para o fim de semana.""",0
"""39. ""A empresa de jardinagem está oferecendo serviços de manutenção de gramados.""",0
"""40. ""O novo hotel boutique abriu suas portas na região histórica.""",0
"""41. ""O time de vôlei local venceu o campeonato estadual.""",0
"""42. ""A empresa de turismo está oferecendo pacotes de viagem especiais.""",0
"""43. ""O novo centro de tecnologia abriu um programa de treinamento para jovens.""",0
"""44. ""O time de basquete local venceu o campeonato regional.""",0
"""45. ""A empresa de consultoria financeira está oferecendo workshops gratuitos.""",0
"""46. ""O novo centro de bem-estar abriu suas portas no bairro.""",0
"""47. ""O time de tênis local venceu o torneio nacional.""",0
"""48. ""A empresa de limpeza a seco está oferecendo descontos para clientes novos.""",0
"""49. ""O novo teatro de bonecos abriu suas portas no parque infantil.""",0
"""50. ""A empresa de seguros anunciou redução nas taxas para clientes fiéis.""",0
"""1. ""Cidades brasileiras registram queda na demanda por energia elétrica durante a pandemia.""",0
"""2. ""Minha opinião sobre o novo smartphone da Apple: ótimo para quem busca desempenho e design elegantes.""",0
"""3. ""A biblioteca municipal espera por você com uma ampla variedade de livros para todos os gostos.""",0
"""4. ""Time local de futebol vence jogo emocionante por 3 a 2 contra o rival.""",0
"""5. ""Novo restaurante na cidade serve comida vegetariana deliciosa e saudável.""",0
"""6. ""Estudo mostra que a prática regular de exercícios físicos pode ajudar a prevenir doenças crônicas.""",0
"""7. ""O filme de ação lançado essa semana é uma ótima opção para quem curte adrenalina no cinema.""",0
"""8. ""Mercado local de produtos orgânicos atrai cada vez mais consumidores conscientes.""",0
"""9. ""Cientistas descobriram uma nova espécie de planta na Amazônia, fato que pode ajudar na preservação da região.""",0
"""10. ""O novo álbum do grupo de música eletrônica é uma verdadeira festa para os ouvidos.""",0
"""11. ""A prefeitura anuncia a instalação de novas ciclovias na cidade, incentivando o uso de bicicletas como meio de transporte.""",0
"""12. ""A igreja local realiza uma campanha de arrecadação de alimentos para as famílias carentes da região.""",0
"""13. ""O livro de suspense lançado essa semana é uma leitura emocionante e cheia de reviravoltas.""",0
"""14. ""O parque aquático é uma ótima opção para quem quer se divertir com a família nesse fim de semana ensolarado.""",0
"""15. ""A feira de artesanato local traz uma variedade de produtos feitos à mão, perfeito para presentes personalizados.""",0
"""16. ""A empresa de entregas está com promoção de desconto para compras acima de R$100,00.""",0
"""17. ""A academia de ginástica da cidade oferece aulas de yoga e Zumba para quem quer variar na rotina de exercícios.""",0
"""18. ""O novo lançamento da marca de cosméticos é uma máscara de cílios que promete volume e definição.""",0
"""19. ""A escola de música da cidade abre vagas para aulas de violão, piano e canto.""",0
"""20. ""A loja de móveis planejados está com uma promoção especial para quem deseja Personalizar o seu espaço.""",0
"""21. ""O evento de gastronomia reúne chefs renomados para apresentar pratos típicos da culinária regional.""",0
"""22. ""A loja de instrumentos musicais possui uma ampla variedade de guitarras, baterias e teclados.""",0
"""23. ""O resort de praia é perfeito para quem busca descanso e relaxamento em meio à natureza.""",0
"""24. ""A empresa de consultoria financeira oferece serviços personalizados para quem deseja planejar o seu orçamento.""",0
"""25. ""O espetáculo de dança é uma verdadeira obra de arte, com coreografias emocionantes e uma trilha sonora impecável.""",0
"""26. ""A loja de quadrinhos possui uma grande variedade de gibis, revistas em quadrinhos e action figures.""",0
"""27. ""O evento esportivo reúne atletas de todo o país para competirem em provas de natação, ciclismo e corrida.""",0
"""28. ""A empresa de desenvolvimento de games está em busca de novos talentos para se juntar à equipe.""",0
"""29. ""O novo lançamento do estúdio de animação é uma história emocionante sobre amizade e coragem.""",0
"""30. ""A loja de eletrodomésticos possui uma ampla variedade de geladeiras, fogões e máquinas de lavar.""",0
"""31. ""O festival de cinema mostra filmes de diferentes gêneros e nacionalidades, atraindo um público diversificado.""",0
"""32. ""A empresa de consultoria em marketing digital oferece serviços de SEO e gestão de redes sociais.""",0
"""33. ""O novo lançamento da marca de roupas é uma linha de vestidos de festa elegantes e sofisticados.""",0
"""34. ""A academia de dança da cidade oferece aulas de salsa, tango e ballet.""",0
"""35. ""O evento de tecnologia reuniu especialistas em Inteligência Artificial e Internet das Coisas.""",0
"""36. ""A loja de produtos para animais de estimação possui uma variedade de rações, brinquedos e acessórios.""",0
"""37. ""O novo parque temático é uma atração imperdível para quem gosta de adrenalina e diversão em família.""",0
"""38. ""A empresa de turismo oferece pacotes de viagem para lugares exóticos e pouco explorados.""",0
"""39. ""O evento de culinária para vegetarianos reuniu chefs especializados em receitas saudáveis e deliciosas.""",0
"""40. ""A loja de presentes possui uma grande variedade de itens personalizados, como canecas, chaveiros e almofadas.""",0
"""41. ""O novo lançamento da marca de bebidas é uma linha de energéticos com sabor de frutas tropicais.""",0
"""42. ""O evento de arte contemporânea reuniu artistas plásticos de todo o mundo para exibir suas obras.""",0
"""43. ""A empresa de consultoria em recursos humanos oferece serviços de seleção e treinamento de funcionários.""",0
"""44. ""O novo lançamento da marca de cosméticos é uma linha de protetores solares com FPS 50.""",0
"""45. ""A escola de idiomas da cidade oferece aulas de inglês, espanhol e francês.""",0
"""46. ""O evento de música clássica reuniu músicos de prestígio para apresentar obras de grandes compositores.""",0
"""47. ""A loja de artigos esportivos possui uma ampla variedade de equipamentos para prática de esportes ao ar livre.""",0
"""48. ""A empresa de serviços de limpeza oferece pacotes personalizados para residências e empresas.""",0
"""49. ""O novo lançamento da marca de produtos para bebês é uma linha de fraldas com tecnologia de absorção avançada.""",0
"""50. ""O evento de literatura reuniu autores e amantes de livros para debater sobre a importância da leitura.""",0
"""Governo anuncia corte de impostos para estimular o crescimento econômico.""",0
"""Novo smartphone da marca X é lançado com câmera de 50 megapixels.""",0
"""Incêndio em edifício antigo no centro da cidade deixou pelo menos dez feridos.""",0
"""Estuda-se a possibilidade de construir um parque na região.""",0
"""Minha amiga recebeu um presente lindo de seu namorado.""",0
"""O filme de ficção científica que assisti ontem foi muito emocionante.""",0
"""O relatório final será apresentado na próxima semana.""",0
"""O time de futebol local venceu a partida ontem à noite.""",0
"""Estou planejando uma viagem para a praia no próximo mês.""",0
"""O novo livro do autor best-seller será lançado no final deste ano.""",0
"""Uma entrega especial chegou hoje.""",0
"""Meu carro precisa de uma revisão urgente.""",0
"""O festival de música atraiu milhares de pessoas para a cidade.""",0
"""Estou aprendendo a tocar guitarra há dois meses.""",0
"""O novo restaurante na esquina serve comida deliciosa.""",0
"""O museu de arte está exibindo uma coleção especial de pintores franceses.""",0
"""O meu gato não está se alimentando bem nos últimos dias.""",0
"""O presidente fez um discurso emocionante na abertura do evento.""",0
"""Há rumores de que uma grande empresa vai se mudar para a cidade.""",0
"""Meu filho está tendo dificuldades com matemática na escola.""",0
"""Um tornado atingiu a cidade vizinha, causing danos significativos.""",0
"""Estou pensando em comprar uma bicicleta nova.""",0
"""O novo filme de animação é uma excelente opção para ver com crianças.""",0
"""O clima frio está fazendo as pessoas adoecerem.""",0
"""Meu vizinho está planejando uma festa no fim de semana.""",0
"""O novo jogo de video game é muito difícil de jogar.""",0
"""O parque de diversões estará aberto durante o feriado.""",0
"""Estou lendo um livro sobre a história da cidade.""",0
"""O novo namorado da minha irmã é muito legal.""",0
"""O preço dos combustíveis voltou a subir.""",0
"""O meu cachorro perdeu seu brinquedo favorito.""",0
"""O concerto de música clássica foi muito relaxante.""",0
"""O meu amigo abriu uma loja de roupas no shopping center.""",0
"""O serviço de streaming lançou uma nova série de sucesso.""",0
"""O meu filho fez um desenho lindo na escola hoje.""",0
"""O meu computador está lento há dias.""",0
"""O novo restaurante Vegetariano na cidade é muito bom.""",0
"""O meu filho quer um cachorro para o aniversário.""",0
"""O meu amigo acabou de comprar uma casa nova.""",0
"""O meu carro precisa de um novo serviço de manutenção.""",0
"""O meu irmão está aprendendo a cozinhar.""",0
"""O novo filme de terror é muito assustador.""",0
"""O meu filho quer ser astronauta quando crescer.""",0
"""O meu cachorro está com uma tosse preocupante.""",0
"""O meu amigo acabou de conseguir um novo emprego.""",0
"""O meu vizinho está vendendo a sua casa.""",0
"""O meu filho vai participar de uma competição de natação este fim de semana.""",0
"""O meu melhor amigo está tendo problemas em sua relação.""",0
"""O meu filho não quer ir à escola hoje.""",0
"""O meu cachorro está com uma diarréia preocupante.""",0
"""O meu filho quer aprender a tocar piano.""",0
"""O meu amigo acabou de se divorciar.""",0
"""O meu irmão está planejando uma viagem para a Europa.""",0
""". ""Lamentável acidente na BR-116 causou atrasos no trânsito hoje.""",0
"""2. ""Novo smartphone da marca X surpreendeu pelo design moderno.""",0
"""3. ""O time local venceu o jogo com um gol no último segundo.""",0
"""4. ""A entrega chegará amanhã, antes das 18 horas, conforme combinado.""",0
"""5. ""Recentemente, a empresa anunciou o lançamento de um novo produto.""",0
"""6. ""A biblioteca municipal iniciou um programa de leitura para crianças.""",0
"""7. ""O filme de ficção científica está emocionando o público desde sua estreia.""",0
"""8. ""A pesquisa indica que a maioria dos entrevistados apoia a proposta.""",0
"""9. ""O novo restaurante na cidade está Receiving excelentes comentários.""",0
"""10. ""A exposição de arte abre ao público neste fim de semana.""",0
"""11. ""O professor explicou o tema de forma clara e interessante durante a aula.""",0
"""12. ""A nova linha de roupas da marca é muito bem recebida pelos consumidores.""",0
"""13. ""O evento esportivo contará com a participação de atletas de todo o país.""",0
"""14. ""A empresa anunciou cortes no orçamento devido à crise econômica.""",0
"""15. ""A nova peça de teatro abordará temas sociais importantes.""",0
"""16. ""O filme biográfico sobre o artista é uma homenagem a sua vida e obra.""",0
"""17. ""A feira de ciências surpreendeu com inovações tecnológicas.""",0
"""18. ""O novo aplicativo de entregas está Receiving boas avaliações.""",0
"""19. ""O livro de não ficção é um guia prático para o autocontrole emocional.""",0
"""20. ""A empresa de tecnologia anunciou uma atualização em seu software.""",0
"""21. ""O museu de arte moderna recebeu uma nova exposição de pinturas.""",0
"""22. ""O time de futebol local perdeu por 2 a 1 em jogo fora de casa.""",0
"""23. ""A nova linha de cosméticos está Receiving excelentes comentários.""",0
"""24. ""O festival de música atraiu milhares de pessoas neste fim de semana.""",0
"""25. ""O novo filme de terror está Receiving críticas positivas.""",0
"""26. ""A empresa de consultoria está Receiving novos clientes a cada dia.""",0
"""27. ""O livro de suspense mantém o leitor em suspense até a última página.""",0
"""28. ""O novo parque aquático promete diversão para todas as idades.""",0
"""29. ""O evento beneficente arrecadou fundos para instituições de caridade.""",0
"""30. ""A empresa de turismo anunciou pacotes promocionais para o feriado.""",0
"""31. ""O novo restaurante vegetariano está Receiving bons comentários.""",0
"""32. ""O espetáculo de dança emocionou o público com coreografias elaboradas.""",0
"""33. ""A empresa de vestuário lançou uma coleção de moda primavera-verão.""",0
"""34. ""O filme de comédia é uma boa opção para quem busca diversão.""",0
"""35. ""A nova linha de produtos para o lar está Receiving excelentes comentários.""",0
"""36. ""O evento esportivo contou com a participação de atletas de elite.""",0
"""37. ""O novo aplicativo de encontros está Receiving bons comentários.""",0
"""38. ""A empresa de seguros anunciou uma campanha de conscientização.""",0
"""39. ""O filme de ação é uma aventura eletrizante do começo ao fim.""",0
"""40. ""O novo parque de diversões abriu suas portas ao público esta semana.""",0
"""41. ""O espetáculo de circo encantou as crianças com suas apresentações.""",0
"""42. ""A empresa de beleza lançou uma nova linha de produtos orgânicos.""",0
"""43. ""O novo filme de drama é uma história comovente de superação.""",0
"""44. ""O evento musical atraiu fãs de todas as idades.""",0
"""45. ""A empresa de tecnologia anunciou o lançamento de um novo dispositivo.""",0
"""46. ""O novo restaurante de comida mexicana está Receiving bons comentários.""",0
"""47. ""O espetáculo de teatro trouxe à cena uma história de amor e destino.""",0
"""48. ""A empresa de cosméticos lançou uma linha de produtos para pele madura.""",0
"""49. ""O evento de caridade arrecadou fundos para crianças carentes.""",0
"""50. ""A empresa de vestuário lançou uma campanha de moda de outono-inverno.""",0
""". ""Lamentável acidente na BR-116 causou atrasos no trânsito hoje.""",0
"""2. ""Novo smartphone da marca X surpreendeu pelo design moderno.""",0
"""3. ""O time local venceu o jogo com um gol no último segundo.""",0
"""4. ""A entrega chegará amanhã, antes das 18 horas, conforme combinado.""",0
"""5. ""Recentemente, a empresa anunciou o lançamento de um novo produto.""",0
"""6. ""A biblioteca municipal iniciou um programa de leitura para crianças.""",0
"""7. ""O filme de ficção científica está emocionando o público desde sua estreia.""",0
"""8. ""A pesquisa indica que a maioria dos entrevistados apoia a proposta.""",0
"""9. ""O novo restaurante na cidade está Receiving excelentes comentários.""",0
"""10. ""A exposição de arte abre ao público neste fim de semana.""",0
"""11. ""O professor explicou o tema de forma clara e interessante durante a aula.""",0
"""12. ""A nova linha de roupas da marca é muito bem recebida pelos consumidores.""",0
"""13. ""O evento esportivo contará com a participação de atletas de todo o país.""",0
"""14. ""A empresa anunciou cortes no orçamento devido à crise econômica.""",0
"""15. ""A nova peça de teatro abordará temas sociais importantes.""",0
"""16. ""O filme biográfico sobre o artista é uma homenagem a sua vida e obra.""",0
"""17. ""A feira de ciências surpreendeu com inovações tecnológicas.""",0
"""18. ""O novo aplicativo de entregas está Receiving boas avaliações.""",0
"""19. ""O livro de não ficção é um guia prático para o autocontrole emocional.""",0
"""20. ""A empresa de tecnologia anunciou uma atualização em seu software.""",0
"""21. ""O museu de arte moderna recebeu uma nova exposição de pinturas.""",0
"""22. ""O time de futebol local perdeu por 2 a 1 em jogo fora de casa.""",0
"""23. ""A nova linha de cosméticos está Receiving excelentes comentários.""",0
"""24. ""O festival de música atraiu milhares de pessoas neste fim de semana.""",0
"""25. ""O novo filme de terror está Receiving críticas positivas.""",0
"""26. ""A empresa de consultoria está Receiving novos clientes a cada dia.""",0
"""27. ""O livro de suspense mantém o leitor em suspense até a última página.""",0
"""28. ""O novo parque aquático promete diversão para todas as idades.""",0
"""29. ""O evento beneficente arrecadou fundos para instituições de caridade.""",0
"""30. ""A empresa de turismo anunciou pacotes promocionais para o feriado.""",0
"""31. ""O novo restaurante vegetariano está Receiving bons comentários.""",0
"""32. ""O espetáculo de dança emocionou o público com coreografias elaboradas.""",0
"""33. ""A empresa de vestuário lançou uma coleção de moda primavera-verão.""",0
"""34. ""O filme de comédia é uma boa opção para quem busca diversão.""",0
"""35. ""A nova linha de produtos para o lar está Receiving excelentes comentários.""",0
"""36. ""O evento esportivo contou com a participação de atletas de elite.""",0
"""37. ""O novo aplicativo de encontros está Receiving bons comentários.""",0
"""38. ""A empresa de seguros anunciou uma campanha de conscientização.""",0
"""39. ""O filme de ação é uma aventura eletrizante do começo ao fim.""",0
"""40. ""O novo parque de diversões abriu suas portas ao público esta semana.""",0
"""41. ""O espetáculo de circo encantou as crianças com suas apresentações.""",0
"""42. ""A empresa de beleza lançou uma nova linha de produtos orgânicos.""",0
"""43. ""O novo filme de drama é uma história comovente de superação.""",0
"""44. ""O evento musical atraiu fãs de todas as idades.""",0
"""45. ""A empresa de tecnologia anunciou o lançamento de um novo dispositivo.""",0
"""46. ""O novo restaurante de comida mexicana está Receiving bons comentários.""",0
"""47. ""O espetáculo de teatro trouxe à cena uma história de amor e destino.""",0
"""48. ""A empresa de cosméticos lançou uma linha de produtos para pele madura.""",0
"""49. ""O evento de caridade arrecadou fundos para crianças carentes.""",0
"""50. ""A empresa de vestuário lançou uma campanha de moda de outono-inverno.""",0
"""Eleições presidenciais: Mais de 15 milhões de brasileiros já votaram neste domingo.""",0
"""Novo smartphone da Apple é lançado hoje, com expectativas altas.""",0
"""Fogo em floresta na região sul do país preocupa autoridades.""",0
"""Novo filme da Marvel estreia esta semana, dividindo opiniões entre fãs.""",0
"""Morreu um grande escritor brasileiro, deixando um legado de clássicos da literatura.""",0
"""Novo aplicativo de entregas promete entrega em 15 minutos, causando furor na cidade.""",0
"""Time de futebol local vence campeonato estadual após anos de espera.""",0
"""Estudo revela que exercícios físicos regulares melhoram a memória.""",0
"""Restaurante novo na cidade já faz sucesso com sua culinária oriental.""",0
"""Perdeu o ônibus? Não se preocupe, o próximo sai em 10 minutos.""",0
"""Livraria do centro da cidade fecha as portas após anos de operação.""",0
"""Show de música ao vivo no parque esta noite, entrada gratuita.""",0
"""Novo jogo de videogame lançado hoje, com gráficos impressionantes.""",0
"""Curso de culinária italiana começa esta semana, com vagas limitadas.""",0
"""Feriado prolongado causa aumento no trânsito nas estradas do país.""",0
"""Loja de eletrônicos oferece descontos em eletrodomésticos esta semana.""",0
"""Festival de cinema começa hoje, com filmes de todo o mundo.""",0
"""Novo parque temático inaugura no mês que vem, prometendo atrações emocionantes.""",0
"""Chuva forte causa enchente na cidade, afetando moradores da região.""",0
"""Venda de ingressos para o show da banda favorita esgota em poucas horas.""",0
"""Projeto de lei discutido no congresso pode mudar as regras de trânsito do país.""",0
"""Nova plataforma de streaming de música estreia hoje, com milhões de músicas disponíveis.""",0
"""Feira de arte e cultura acontece este fim de semana, com diversas atrações.""",0
"""Novo filme de terror estreia esta semana, com críticas positivas.""",0
"""Rede de supermercados anuncia aumento no preço dos produtos esta semana.""",0
"""Evento de tecnologia happens this week, bringing together experts from around the world.""",0
"""O dia dos pais é comemorado neste domingo, com promoções em várias lojas.""",0
"""Considerada uma das melhores do mundo, a escola de samba venceu o desfile de hoje.""",0
"""Conferência sobre meio ambiente começa amanhã, com palestras de especialistas.""",0
"""Novo livro de um autor brasileiro estreia hoje, recebendo críticas positivas.""",0
"""Encontro de amantes de automóveis clássicos ocorre este fim de semana, na praça principal.""",0
"""Novo aplicativo de caronas promete aumentar a segurança dos passageiros.""",0
"""Show de comédia ao vivo no teatro esta noite, com ingressos esgotados.""",0
"""Estudo revela que a prática de ioga ajuda a reduzir o estresse e a ansiedade.""",0
"""Novo parque aquático inaugurado hoje, com atrações para todas as idades.""",0
"""Protesto contra aumento das passagens de ônibus acontece hoje, na capital.""",0
"""Novo filme de animação estreia esta semana, com foco em mensagem ecology.""",0
""". ""Lamentável acidente na BR-116 causou atrasos no trânsito hoje.""",0
"""2. ""Novo smartphone da marca X surpreendeu pelo design moderno.""",0
"""3. ""O time local venceu o jogo com um gol no último segundo.""",0
"""4. ""A entrega chegará amanhã, antes das 18 horas, conforme combinado.""",0
"""5. ""Recentemente, a empresa anunciou o lançamento de um novo produto.""",0
"""6. ""A biblioteca municipal iniciou um programa de leitura para crianças.""",0
"""7. ""O filme de ficção científica está emocionando o público desde sua estreia.""",0
"""8. ""A pesquisa indica que a maioria dos entrevistados apoia a proposta.""",0
"""9. ""O novo restaurante na cidade está Receiving excelentes comentários.""",0
"""10. ""A exposição de arte abre ao público neste fim de semana.""",0
"""11. ""O professor explicou o tema de forma clara e interessante durante a aula.""",0
"""12. ""A nova linha de roupas da marca é muito bem recebida pelos consumidores.""",0
"""13. ""O evento esportivo contará com a participação de atletas de todo o país.""",0
"""14. ""A empresa anunciou cortes no orçamento devido à crise econômica.""",0
"""15. ""A nova peça de teatro abordará temas sociais importantes.""",0
"""16. ""O filme biográfico sobre o artista é uma homenagem a sua vida e obra.""",0
"""17. ""A feira de ciências surpreendeu com inovações tecnológicas.""",0
"""18. ""O novo aplicativo de entregas está Receiving boas avaliações.""",0
"""19. ""O livro de não ficção é um guia prático para o autocontrole emocional.""",0
"""20. ""A empresa de tecnologia anunciou uma atualização em seu software.""",0
"""21. ""O museu de arte moderna recebeu uma nova exposição de pinturas.""",0
"""22. ""O time de futebol local perdeu por 2 a 1 em jogo fora de casa.""",0
"""23. ""A nova linha de cosméticos está Receiving excelentes comentários.""",0
"""24. ""O festival de música atraiu milhares de pessoas neste fim de semana.""",0
"""25. ""O novo filme de terror está Receiving críticas positivas.""",0
"""26. ""A empresa de consultoria está Receiving novos clientes a cada dia.""",0
"""27. ""O livro de suspense mantém o leitor em suspense até a última página.""",0
"""28. ""O novo parque aquático promete diversão para todas as idades.""",0
"""29. ""O evento beneficente arrecadou fundos para instituições de caridade.""",0
"""30. ""A empresa de turismo anunciou pacotes promocionais para o feriado.""",0
"""31. ""O novo restaurante vegetariano está Receiving bons comentários.""",0
"""32. ""O espetáculo de dança emocionou o público com coreografias elaboradas.""",0
"""33. ""A empresa de vestuário lançou uma coleção de moda primavera-verão.""",0
"""34. ""O filme de comédia é uma boa opção para quem busca diversão.""",0
"""35. ""A nova linha de produtos para o lar está Receiving excelentes comentários.""",0
"""36. ""O evento esportivo contou com a participação de atletas de elite.""",0
"""37. ""O novo aplicativo de encontros está Receiving bons comentários.""",0
"""38. ""A empresa de seguros anunciou uma campanha de conscientização.""",0
"""39. ""O filme de ação é uma aventura eletrizante do começo ao fim.""",0
"""40. ""O novo parque de diversões abriu suas portas ao público esta semana.""",0
"""41. ""O espetáculo de circo encantou as crianças com suas apresentações.""",0
"""42. ""A empresa de beleza lançou uma nova linha de produtos orgânicos.""",0
"""43. ""O novo filme de drama é uma história comovente de superação.""",0
"""44. ""O evento musical atraiu fãs de todas as idades.""",0
"""45. ""A empresa de tecnologia anunciou o lançamento de um novo dispositivo.""",0
"""46. ""O novo restaurante de comida mexicana está Receiving bons comentários.""",0
"""47. ""O espetáculo de teatro trouxe à cena uma história de amor e destino.""",0
"""48. ""A empresa de cosméticos lançou uma linha de produtos para pele madura.""",0
"""49. ""O evento de caridade arrecadou fundos para crianças carentes.""",0
"""50. ""A empresa de vestuário lançou uma campanha de moda de outono-inverno.""",0
""". ""Lamentável acidente na BR-116 causou atrasos no trânsito hoje.""",0
"""2. ""Novo smartphone da marca X surpreendeu pelo design moderno.""",0
"""3. ""O time local venceu o jogo com um gol no último segundo.""",0
"""4. ""A entrega chegará amanhã, antes das 18 horas, conforme combinado.""",0
"""5. ""Recentemente, a empresa anunciou o lançamento de um novo produto.""",0
"""6. ""A biblioteca municipal iniciou um programa de leitura para crianças.""",0
"""7. ""O filme de ficção científica está emocionando o público desde sua estreia.""",0
"""8. ""A pesquisa indica que a maioria dos entrevistados apoia a proposta.""",0
"""9. ""O novo restaurante na cidade está Receiving excelentes comentários.""",0
"""10. ""A exposição de arte abre ao público neste fim de semana.""",0
"""11. ""O professor explicou o tema de forma clara e interessante durante a aula.""",0
"""12. ""A nova linha de roupas da marca é muito bem recebida pelos consumidores.""",0
"""13. ""O evento esportivo contará com a participação de atletas de todo o país.""",0
"""14. ""A empresa anunciou cortes no orçamento devido à crise econômica.""",0
"""15. ""A nova peça de teatro abordará temas sociais importantes.""",0
"""16. ""O filme biográfico sobre o artista é uma homenagem a sua vida e obra.""",0
"""17. ""A feira de ciências surpreendeu com inovações tecnológicas.""",0
"""18. ""O novo aplicativo de entregas está Receiving boas avaliações.""",0
"""19. ""O livro de não ficção é um guia prático para o autocontrole emocional.""",0
"""20. ""A empresa de tecnologia anunciou uma atualização em seu software.""",0
"""21. ""O museu de arte moderna recebeu uma nova exposição de pinturas.""",0
"""22. ""O time de futebol local perdeu por 2 a 1 em jogo fora de casa.""",0
"""23. ""A nova linha de cosméticos está Receiving excelentes comentários.""",0
"""24. ""O festival de música atraiu milhares de pessoas neste fim de semana.""",0
"""25. ""O novo filme de terror está Receiving críticas positivas.""",0
"""26. ""A empresa de consultoria está Receiving novos clientes a cada dia.""",0
"""27. ""O livro de suspense mantém o leitor em suspense até a última página.""",0
"""28. ""O novo parque aquático promete diversão para todas as idades.""",0
"""29. ""O evento beneficente arrecadou fundos para instituições de caridade.""",0
"""30. ""A empresa de turismo anunciou pacotes promocionais para o feriado.""",0
"""31. ""O novo restaurante vegetariano está Receiving bons comentários.""",0
"""32. ""O espetáculo de dança emocionou o público com coreografias elaboradas.""",0
"""33. ""A empresa de vestuário lançou uma coleção de moda primavera-verão.""",0
"""34. ""O filme de comédia é uma boa opção para quem busca diversão.""",0
"""35. ""A nova linha de produtos para o lar está Receiving excelentes comentários.""",0
"""36. ""O evento esportivo contou com a participação de atletas de elite.""",0
"""37. ""O novo aplicativo de encontros está Receiving bons comentários.""",0
"""38. ""A empresa de seguros anunciou uma campanha de conscientização.""",0
"""39. ""O filme de ação é uma aventura eletrizante do começo ao fim.""",0
"""40. ""O novo parque de diversões abriu suas portas ao público esta semana.""",0
"""41. ""O espetáculo de circo encantou as crianças com suas apresentações.""",0
"""42. ""A empresa de beleza lançou uma nova linha de produtos orgânicos.""",0
"""43. ""O novo filme de drama é uma história comovente de superação.""",0
"""44. ""O evento musical atraiu fãs de todas as idades.""",0
"""45. ""A empresa de tecnologia anunciou o lançamento de um novo dispositivo.""",0
"""46. ""O novo restaurante de comida mexicana está Receiving bons comentários.""",0
"""47. ""O espetáculo de teatro trouxe à cena uma história de amor e destino.""",0
"""48. ""A empresa de cosméticos lançou uma linha de produtos para pele madura.""",0
"""49. ""O evento de caridade arrecadou fundos para crianças carentes.""",0
"""50. ""A empresa de vestuário lançou uma campanha de moda de outono-inverno.""",0
""". ""Lamentável acidente na BR-116 causou atrasos no trânsito hoje.""",0
"""2. ""Novo smartphone da marca X surpreendeu pelo design moderno.""",0
"""3. ""O time local venceu o jogo com um gol no último segundo.""",0
"""4. ""A entrega chegará amanhã, antes das 18 horas, conforme combinado.""",0
"""5. ""Recentemente, a empresa anunciou o lançamento de um novo produto.""",0
"""6. ""A biblioteca municipal iniciou um programa de leitura para crianças.""",0
"""7. ""O filme de ficção científica está emocionando o público desde sua estreia.""",0
"""8. ""A pesquisa indica que a maioria dos entrevistados apoia a proposta.""",0
"""9. ""O novo restaurante na cidade está Receiving excelentes comentários.""",0
"""10. ""A exposição de arte abre ao público neste fim de semana.""",0
"""11. ""O professor explicou o tema de forma clara e interessante durante a aula.""",0
"""12. ""A nova linha de roupas da marca é muito bem recebida pelos consumidores.""",0
"""13. ""O evento esportivo contará com a participação de atletas de todo o país.""",0
"""14. ""A empresa anunciou cortes no orçamento devido à crise econômica.""",0
"""15. ""A nova peça de teatro abordará temas sociais importantes.""",0
"""16. ""O filme biográfico sobre o artista é uma homenagem a sua vida e obra.""",0
"""17. ""A feira de ciências surpreendeu com inovações tecnológicas.""",0
"""18. ""O novo aplicativo de entregas está Receiving boas avaliações.""",0
"""19. ""O livro de não ficção é um guia prático para o autocontrole emocional.""",0
"""20. ""A empresa de tecnologia anunciou uma atualização em seu software.""",0
"""21. ""O museu de arte moderna recebeu uma nova exposição de pinturas.""",0
"""22. ""O time de futebol local perdeu por 2 a 1 em jogo fora de casa.""",0
"""23. ""A nova linha de cosméticos está Receiving excelentes comentários.""",0
"""24. ""O festival de música atraiu milhares de pessoas neste fim de semana.""",0
"""25. ""O novo filme de terror está Receiving críticas positivas.""",0
"""26. ""A empresa de consultoria está Receiving novos clientes a cada dia.""",0
"""27. ""O livro de suspense mantém o leitor em suspense até a última página.""",0
"""28. ""O novo parque aquático promete diversão para todas as idades.""",0
"""29. ""O evento beneficente arrecadou fundos para instituições de caridade.""",0
"""30. ""A empresa de turismo anunciou pacotes promocionais para o feriado.""",0
"""31. ""O novo restaurante vegetariano está Receiving bons comentários.""",0
"""32. ""O espetáculo de dança emocionou o público com coreografias elaboradas.""",0
"""33. ""A empresa de vestuário lançou uma coleção de moda primavera-verão.""",0
"""34. ""O filme de comédia é uma boa opção para quem busca diversão.""",0
"""35. ""A nova linha de produtos para o lar está Receiving excelentes comentários.""",0
"""36. ""O evento esportivo contou com a participação de atletas de elite.""",0
"""37. ""O novo aplicativo de encontros está Receiving bons comentários.""",0
"""38. ""A empresa de seguros anunciou uma campanha de conscientização.""",0
"""39. ""O filme de ação é uma aventura eletrizante do começo ao fim.""",0
"""40. ""O novo parque de diversões abriu suas portas ao público esta semana.""",0
"""41. ""O espetáculo de circo encantou as crianças com suas apresentações.""",0
"""42. ""A empresa de beleza lançou uma nova linha de produtos orgânicos.""",0
"""43. ""O novo filme de drama é uma história comovente de superação.""",0
"""44. ""O evento musical atraiu fãs de todas as idades.""",0
"""45. ""A empresa de tecnologia anunciou o lançamento de um novo dispositivo.""",0
"""46. ""O novo restaurante de comida mexicana está Receiving bons comentários.""",0
"""47. ""O espetáculo de teatro trouxe à cena uma história de amor e destino.""",0
"""48. ""A empresa de cosméticos lançou uma linha de produtos para pele madura.""",0
"""49. ""O evento de caridade arrecadou fundos para crianças carentes.""",0
"""50. ""A empresa de vestuário lançou uma campanha de moda de outono-inverno.""",0
""". ""Lamentável acidente na BR-116 causou atrasos no trânsito hoje.""",0
"""2. ""Novo smartphone da marca X surpreendeu pelo design moderno.""",0
"""3. ""O time local venceu o jogo com um gol no último segundo.""",0
"""4. ""A entrega chegará amanhã, antes das 18 horas, conforme combinado.""",0
"""5. ""Recentemente, a empresa anunciou o lançamento de um novo produto.""",0
"""6. ""A biblioteca municipal iniciou um programa de leitura para crianças.""",0
"""7. ""O filme de ficção científica está emocionando o público desde sua estreia.""",0
"""8. ""A pesquisa indica que a maioria dos entrevistados apoia a proposta.""",0
"""9. ""O novo restaurante na cidade está Receiving excelentes comentários.""",0
"""10. ""A exposição de arte abre ao público neste fim de semana.""",0
"""11. ""O professor explicou o tema de forma clara e interessante durante a aula.""",0
"""12. ""A nova linha de roupas da marca é muito bem recebida pelos consumidores.""",0
"""13. ""O evento esportivo contará com a participação de atletas de todo o país.""",0
"""14. ""A empresa anunciou cortes no orçamento devido à crise econômica.""",0
"""15. ""A nova peça de teatro abordará temas sociais importantes.""",0
"""16. ""O filme biográfico sobre o artista é uma homenagem a sua vida e obra.""",0
"""17. ""A feira de ciências surpreendeu com inovações tecnológicas.""",0
"""18. ""O novo aplicativo de entregas está Receiving boas avaliações.""",0
"""19. ""O livro de não ficção é um guia prático para o autocontrole emocional.""",0
"""20. ""A empresa de tecnologia anunciou uma atualização em seu software.""",0
"""21. ""O museu de arte moderna recebeu uma nova exposição de pinturas.""",0
"""22. ""O time de futebol local perdeu por 2 a 1 em jogo fora de casa.""",0
"""23. ""A nova linha de cosméticos está Receiving excelentes comentários.""",0
"""24. ""O festival de música atraiu milhares de pessoas neste fim de semana.""",0
"""25. ""O novo filme de terror está Receiving críticas positivas.""",0
"""26. ""A empresa de consultoria está Receiving novos clientes a cada dia.""",0
"""27. ""O livro de suspense mantém o leitor em suspense até a última página.""",0
"""28. ""O novo parque aquático promete diversão para todas as idades.""",0
"""29. ""O evento beneficente arrecadou fundos para instituições de caridade.""",0
"""30. ""A empresa de turismo anunciou pacotes promocionais para o feriado.""",0
"""31. ""O novo restaurante vegetariano está Receiving bons comentários.""",0
"""32. ""O espetáculo de dança emocionou o público com coreografias elaboradas.""",0
"""33. ""A empresa de vestuário lançou uma coleção de moda primavera-verão.""",0
"""34. ""O filme de comédia é uma boa opção para quem busca diversão.""",0
"""35. ""A nova linha de produtos para o lar está Receiving excelentes comentários.""",0
"""36. ""O evento esportivo contou com a participação de atletas de elite.""",0
"""37. ""O novo aplicativo de encontros está Receiving bons comentários.""",0
"""38. ""A empresa de seguros anunciou uma campanha de conscientização.""",0
"""39. ""O filme de ação é uma aventura eletrizante do começo ao fim.""",0
"""40. ""O novo parque de diversões abriu suas portas ao público esta semana.""",0
"""41. ""O espetáculo de circo encantou as crianças com suas apresentações.""",0
"""42. ""A empresa de beleza lançou uma nova linha de produtos orgânicos.""",0
"""43. ""O novo filme de drama é uma história comovente de superação.""",0
"""44. ""O evento musical atraiu fãs de todas as idades.""",0
"""45. ""A empresa de tecnologia anunciou o lançamento de um novo dispositivo.""",0
"""46. ""O novo restaurante de comida mexicana está Receiving bons comentários.""",0
"""47. ""O espetáculo de teatro trouxe à cena uma história de amor e destino.""",0
"""48. ""A empresa de cosméticos lançou uma linha de produtos para pele madura.""",0
"""49. ""O evento de caridade arrecadou fundos para crianças carentes.""",0
"""50. ""A empresa de vestuário lançou uma campanha de moda de outono-inverno.""",0
"""1. ""Roubo de celulares em shoppings aumenta no fim de ano, alerta polícia.""",0
"""2. ""Novo smartphone da marca X é uma decepção para os fãs.""",0
"""3. ""Minha cidade ganhou um novo mercado orgânico, é uma maravilha!""",0
"""4. ""Projeto de lei sobre direitos trabalhistas será discutido amanhã no Congresso.""",0
"""5. ""Eu adoro essa série, a trama está incrível essa temporada!""",0
"""6. ""A empresa entregou meu pedido com um dia de antecedência, ótimo serviço!""",0
"""7. ""Feriado prolongado deve aumentar fluxo de veículos nas rodovias.""",0
"""8. ""O novo filme de ação é muito previsível, não vale o ingresso.""",0
"""9. ""Curso de culinária online é uma boa opção para quem quer aprender em casa.""",0
"""10. ""Construção de novo hospital na região deve começar em breve.""",0
"""11. ""Meu filho ganhou um kit de ciências na escola, está adorando!""",0
"""12. ""A equipe de suporte técnico foi incrível, resolveram meu problema rapidinho.""",0
"""13. ""A nova coleção de moda primavera/verão chegou hoje nas lojas.""",0
"""14. ""Aprendi muito sobre história na palestra desta manhã.""",0
"""15. "" Problemas de trânsito preocupam moradores da região.""",0
"""16. ""Eu recomendo muito o serviço de streaming Y, a biblioteca de filmes é excelente.""",0
"""17. ""Novo parque infantil foi inaugurado hoje no centro da cidade.""",0
"""18. ""A empresa de entregas deixou meu pacote com um vizinho, sorte que ele era confiável.""",0
"""19. ""O filme de terror é muito assustador, não recomendo ver sozinho.""",0
"""20. ""A nova linha de cosméticos é uma delícia, adorei as cores!""",0
"""21. ""O governo anunciou medidas para combater a inflação.""",0
"""22. ""A banda tocou uma música nova no show de ontem, ficou incrível!""",0
"""23. ""O jogo de tabuleiro que ganhei no Natal ainda não tive chance de jogar.""",0
"""24. ""O novo app de compras online é muito fácil de usar.""",0
"""25. ""A biblioteca municipal está com uma promoção de livros infantis, é uma ótima ideia para presentear.""",0
"""26. ""Meu carro passou pela revisão e ficou como novo.""",0
"""27. ""O novo restaurante na esquina serve comida deliciosa, mas é um pouco caro.""",0
"""28. ""A exposição de arte é impressionante, uma das melhores que já vi.""",0
"""29. ""O serviço de streaming Z está com problemas, não consigo assistir nada.""",0
"""30. ""A nova linha de produtos para cuidados com a pele é muito boa, minha pele está mais suave.""",0
"""31. ""O filme de comédia é muito engraçado, passei a noite rindo.""",0
"""32. ""A empresa de consultoria foi muito útil para minha pequena empresa.""",0
"""33. ""O novo livro do meu autor favorito é uma decepção, esperava mais.""",0
"""34. ""O parque aquático abre no feriado, será uma boa opção de lazer.""",0
"""35. ""O novo celular é muito lento, não vale o preço.""",0
"""36. ""A empresa de entregas fez um bom trabalho, chegou antes do horário estimado.""",0
"""37. ""O evento de caridade foi um sucesso, arrecadamos muito dinheiro.""",0
"""38. ""A nova linha de cosméticos é muito boa, mas o preço é alto demais.""",0
"""39. ""A peça de teatro foi muito bem atuada, uma verdadeira obra de arte.""",0
"""40. ""Meu vizinho ganhou um cachorro novo, é muito fofo.""",0
"""41. ""O novo filme de animação é muito divertido, crianças e adultos vão adorar.""",0
"""42. ""O novo emprego é muito desafiador, mas estou gostando muito.""",0
"""43. ""O novo app de compras online é umafake, não recomendo.""",0
"""44. ""O novo jogo de videogame é muito difícil, não consigo passar do primeiro nível.""",0
"""45. ""A nova linha de produtos orgânicos é muito boa, mas a embalagem é pouco prática.""",0
"""46. ""O novo restaurante na cidade serve comida muito gostosa, mas é meio pequeno.""",0
"""47. ""O novo smartphone tem uma câmera incrível, as fotos ficaram ótimas.""",0
"""48. ""O novo filme de ação é muito violento, não recomendo para menores.""",0
"""49. ""O novo livro do autor é muito bom, mas o enredo é muito lento no início.""",0
"""50. ""A nova linha de produtos de beleza é muito boa, mas o cheiro é meio forte.""",0
"""Headline: ""Recorde de chuvas em São Paulo deixa cidade em estado de atenção""",0
"""Morreu o famoso cantor, deixando milhares de fãs de luto.""",0
"""Estudantes protestam contra aumento das passagens de ônibus.""",0
"""Novo smartphone da marca X recebe críticas por designs antigos.""",0
"""Compras de fim de ano superam expectativas e movimentam economia.""",0
"""Tragédia em fábrica deixará marcas na história da cidade.""",0
"""Novo filme de ação estreia esta semana e promete emoções fortes.""",0
"""Museu de arte recebe exposição de grandes mestres da pintura.""",0
"""Time de futebol local vence campeonato após anos de espera.""",0
"""População de uma cidade pequena preocupada com falta de água potável.""",0
"""Livro de autoajuda se torna best-seller e ajuda milhares de pessoas.""",0
"""Epidemia de gripe atinge país, com casos registrados em várias cidades.""",0
"""Novo restaurante na cidade é sucesso imediato, com filas na porta.""",0
"""Projeto de Lei sobre meio ambiente está em discussão no Congresso Nacional.""",0
"""Previsão do tempo indica possibilidade de tempestades na região.""",0
"""Lançamento de novo carro esportivo chama atenção de fãs de velocidade.""",0
"""Programa de reciclagem é implantado em uma escola da cidade.""",0
"""Investigação sobre corrupção envolve políticos de alto escalão.""",0
"""Festival de música traz grandes artistas ao país.""",0
"""Estudo sobre impacto do aquecimento global preocupa cientistas.""",0
"""Nova linha de cosméticos promete resultados surpreendentes.""",0
"""Equipe de resgate encontra sobreviventes após terremoto.""",0
"""Evento de tecnologia inova com realidade aumentada.""",0
"""Nova biblioteca pública atrai moradores com projeto arquitetônico inovador.""",0
"""Encontro de caridades arrecada fundos para causas sociais.""",0
"""Novo aplicativo de entregas ganha popularidade entre consumidores.""",0
"""Pesquisadores descobrem nova espécie de animal na Amazônia.""",0
"""Ofensiva militar contra grupo terrorista deixa cidades em alerta.""",0
"""Nova linha de roupas infantis ganha destaque em lojas de departamento.""",0
"""Seminário sobre igualdade de gênero reuniu ativistas de todo o país.""",0
"""Descoberta arqueológica pode mudar visão sobre civilização antiga.""",0
"""Maratona de filmes de terror atrai fãs do gênero.""",0
"""Nova tendência de decoração invade casas e apartamentos.""",0
"""Projeto de lei sobre direitos LGBTQ+ está em votação no Congresso.""",0
"""Novo parque aquático abre portas em uma cidade turística.""",0
"""Estudo sobre influência das redes sociais na política ganha destaque.""",0
"""Festival de comida de rua traz sabores do mundo inteiro.""",0
"""Novo parque eólico é inaugurado em uma cidade litorânea.""",0
"""Investigação sobre fraudes em empresas públicas preocupa população.""",0
"""Nova linha de produtos orgânicos chega às prateleiras dos supermercados.""",0
"""Encontro de escritores promove debate sobre literatura contemporânea.""",0
"""Nova atração turística abrirá em um parque nacional.""",0
"""Projeto de lei sobre educação especial preocupa pais e professores.""",0
"""Estudo sobre impacto da tecnologia na saúde mental de adolescentes.""",0
"""Nova linha de produtos para animais de estimação ganha mercado.""",0
"""Ofensiva contra tráfico de drogas deixa cidades em alerta máximo.""",0
"""Nova tendência de design de interiores é inspirada na natureza.""",0
"""Evento de gastronomia traz chefs renomados ao país.""",0
"""Estudo sobre impacto do plástico no meio ambiente ganha destaque.""",0
"""Nova linha de cosméticos veganos atrai consumidores conscientes.""",0
""". ""Lamentável acidente na BR-116 causou atrasos no trânsito hoje.""",0
"""2. ""Novo smartphone da marca X surpreendeu pelo design moderno.""",0
"""3. ""O time local venceu o jogo com um gol no último segundo.""",0
"""4. ""A entrega chegará amanhã, antes das 18 horas, conforme combinado.""",0
"""5. ""Recentemente, a empresa anunciou o lançamento de um novo produto.""",0
"""6. ""A biblioteca municipal iniciou um programa de leitura para crianças.""",0
"""7. ""O filme de ficção científica está emocionando o público desde sua estreia.""",0
"""8. ""A pesquisa indica que a maioria dos entrevistados apoia a proposta.""",0
"""9. ""O novo restaurante na cidade está Receiving excelentes comentários.""",0
"""10. ""A exposição de arte abre ao público neste fim de semana.""",0
"""11. ""O professor explicou o tema de forma clara e interessante durante a aula.""",0
"""12. ""A nova linha de roupas da marca é muito bem recebida pelos consumidores.""",0
"""13. ""O evento esportivo contará com a participação de atletas de todo o país.""",0
"""14. ""A empresa anunciou cortes no orçamento devido à crise econômica.""",0
"""15. ""A nova peça de teatro abordará temas sociais importantes.""",0
"""16. ""O filme biográfico sobre o artista é uma homenagem a sua vida e obra.""",0
"""17. ""A feira de ciências surpreendeu com inovações tecnológicas.""",0
"""18. ""O novo aplicativo de entregas está Receiving boas avaliações.""",0
"""19. ""O livro de não ficção é um guia prático para o autocontrole emocional.""",0
"""20. ""A empresa de tecnologia anunciou uma atualização em seu software.""",0
"""21. ""O museu de arte moderna recebeu uma nova exposição de pinturas.""",0
"""22. ""O time de futebol local perdeu por 2 a 1 em jogo fora de casa.""",0
"""23. ""A nova linha de cosméticos está Receiving excelentes comentários.""",0
"""24. ""O festival de música atraiu milhares de pessoas neste fim de semana.""",0
"""25. ""O novo filme de terror está Receiving críticas positivas.""",0
"""26. ""A empresa de consultoria está Receiving novos clientes a cada dia.""",0
"""27. ""O livro de suspense mantém o leitor em suspense até a última página.""",0
"""28. ""O novo parque aquático promete diversão para todas as idades.""",0
"""29. ""O evento beneficente arrecadou fundos para instituições de caridade.""",0
"""30. ""A empresa de turismo anunciou pacotes promocionais para o feriado.""",0
"""31. ""O novo restaurante vegetariano está Receiving bons comentários.""",0
"""32. ""O espetáculo de dança emocionou o público com coreografias elaboradas.""",0
"""33. ""A empresa de vestuário lançou uma coleção de moda primavera-verão.""",0
"""34. ""O filme de comédia é uma boa opção para quem busca diversão.""",0
"""35. ""A nova linha de produtos para o lar está Receiving excelentes comentários.""",0
"""36. ""O evento esportivo contou com a participação de atletas de elite.""",0
"""37. ""O novo aplicativo de encontros está Receiving bons comentários.""",0
"""38. ""A empresa de seguros anunciou uma campanha de conscientização.""",0
"""39. ""O filme de ação é uma aventura eletrizante do começo ao fim.""",0
"""40. ""O novo parque de diversões abriu suas portas ao público esta semana.""",0
"""41. ""O espetáculo de circo encantou as crianças com suas apresentações.""",0
"""42. ""A empresa de beleza lançou uma nova linha de produtos orgânicos.""",0
"""43. ""O novo filme de drama é uma história comovente de superação.""",0
"""44. ""O evento musical atraiu fãs de todas as idades.""",0
"""45. ""A empresa de tecnologia anunciou o lançamento de um novo dispositivo.""",0
"""46. ""O novo restaurante de comida mexicana está Receiving bons comentários.""",0
"""47. ""O espetáculo de teatro trouxe à cena uma história de amor e destino.""",0
"""48. ""A empresa de cosméticos lançou uma linha de produtos para pele madura.""",0
"""49. ""O evento de caridade arrecadou fundos para crianças carentes.""",0
"""50. ""A empresa de vestuário lançou uma campanha de moda de outono-inverno.""",0
"""1. ""Eleições presidenciais definidas para este domingo.""",0
"""2. ""A Amazon anunciou hoje o lançamento do novo Kindle.""",0
"""3. ""Meu carro quebrou na estrada, que azar!""",0
"""4. ""A nova exposição de arte do Museu de Belas Artes é impressionante.""",0
"""5. ""O preço dos ingressos para o jogo de amanhã subiu muito.""",0
"""6. ""A empresa de entregas perdeu meu pacote, preciso ligar para eles.""",0
"""7. ""O novo restaurante na esquina serve comida deliciosa.""",0
"""8. ""Estou planejando uma viagem para a praia neste fim de semana.""",0
"""9. ""O livro que estou lendo é muito interessante, não consigo largá-lo.""",0
"""10. ""A polícia localizou o carro roubado na noite passada.""",0
"""11. ""A melhor loja de música da cidade fechou, que pena.""",0
"""12. ""Estou procurando um novo emprego, enviei meu currículo para várias empresas.""",0
"""13. ""O filme que assistimos ontem foi muito engraçado.""",0
"""14. ""A minha Namorada me surpreendeu com um presente incrível.""",0
"""15. ""O novo aplicativo de transporte está causando many buzz.""",0
"""16. ""Estou com dor de cabeça desde ontem, preciso tomar um remédio.""",0
"""17. ""O meu amigo perdeu seu celular na balada ontem à noite.""",0
"""18. ""A empresa de telecomunicações melhorou a sua cobertura de sinal na cidade.""",0
"""19. ""O meu cachorro escapou hoje, levei horas para encontrá-lo.""",0
"""20. ""A minha namorada e eu estamos planejando uma viagem para a Europa.""",0
"""21. ""A empresa de energia elétrica avisou que haverá um blecaute hoje à noite.""",0
"""22. ""O novo parque infantil é um sucesso entre as crianças da vizinhança.""",0
"""23. ""Estou preocupado com a minha nota no exame de matemática.""",0
"""24. ""O meu vizinho está fazendo uma festa hoje à noite, vai ser muito barulho.""",0
"""25. ""A minha professora de ioga é muito boa, eu a recomendaria para qualquer um.""",0
"""26. ""O meu amigo me convidou para uma festa na praia neste fim de semana.""",0
"""27. ""Estou com fome, preciso comprar alguma coisa para comer.""",0
"""28. ""A minha mãe acabou de ligar, ela vai me visitar este fim de semana.""",0
"""29. ""O meu amigo me emprestou o seu novo jogo de videogame.""",0
"""30. ""Estou planejando uma festa surpresa para o meu amigo.""",0
"""31. ""O meu filho ganhou um prêmio na escola hoje.""",0
"""32. ""A minha namorada e eu estamos procurando um novo apartamento para alugar.""",0
"""33. ""O meu vizinho está vendendo o seu carro, ele me disse que é uma boa oferta.""",0
"""34. ""Estou com problemas com o meu computador, preciso levar para a assistência técnica.""",0
"""35. ""O meu amigo me convidou para jogar futebol hoje à tarde.""",0
"""36. ""Estou planejando uma viagem para o exterior, preciso renovar meu passaporte.""",0
"""37. ""A minha colega de trabalho me convidou para jantar na casa dela este fim de semana.""",0
"""38. ""O meu vizinho acabou de adotar um novo cachorro, é muito fofo.""",0
"""39. ""Estou preocupado com o meu trabalho, preciso entregar um projeto importante hoje.""",0
"""40. ""O meu amigo acabou de comprar um novo smartphone, ele está muito animado.""",0
"""41. ""Estou planejando uma festa de aniversário para a minha filha.""",0
"""42. ""O meu vizinho está tendo problemas com a sua internet, ele precisa chamar o técnico.""",0
"""43. ""Estou com dor nas costas, preciso marcar uma consulta com o meu fisioterapeuta.""",0
"""44. ""O meu amigo acabou de se mudar para outra cidade, vou sentir falta dele.""",0
"""45. ""Estou planejando uma viagem para o interior, preciso levar meu cachorro para passear.""",0
"""46. ""O meu vizinho está tendo problemas com barulho vindos do apartamento de cima.""",0
"""47. ""Estou com problemas com o meu cartão de crédito, preciso ligar para o banco.""",0
"""48. ""O meu amigo acabou de comprar uma casa nova, ele está muito feliz.""",0
"""49. ""Estou planejando uma festa surpresa para o meu namorado.""",0
"""50. ""O meu vizinho está tendo problemas com o seu carro, ele precisa levá-lo para a oficina.""",0
""". ""Lamentável acidente na BR-116 causou atrasos no trânsito hoje.""",0
"""2. ""Novo smartphone da marca X surpreendeu pelo design moderno.""",0
"""3. ""O time local venceu o jogo com um gol no último segundo.""",0
"""4. ""A entrega chegará amanhã, antes das 18 horas, conforme combinado.""",0
"""5. ""Recentemente, a empresa anunciou o lançamento de um novo produto.""",0
"""6. ""A biblioteca municipal iniciou um programa de leitura para crianças.""",0
"""7. ""O filme de ficção científica está emocionando o público desde sua estreia.""",0
"""8. ""A pesquisa indica que a maioria dos entrevistados apoia a proposta.""",0
"""9. ""O novo restaurante na cidade está Receiving excelentes comentários.""",0
"""10. ""A exposição de arte abre ao público neste fim de semana.""",0
"""11. ""O professor explicou o tema de forma clara e interessante durante a aula.""",0
"""12. ""A nova linha de roupas da marca é muito bem recebida pelos consumidores.""",0
"""13. ""O evento esportivo contará com a participação de atletas de todo o país.""",0
"""14. ""A empresa anunciou cortes no orçamento devido à crise econômica.""",0
"""15. ""A nova peça de teatro abordará temas sociais importantes.""",0
"""16. ""O filme biográfico sobre o artista é uma homenagem a sua vida e obra.""",0
"""17. ""A feira de ciências surpreendeu com inovações tecnológicas.""",0
"""18. ""O novo aplicativo de entregas está Receiving boas avaliações.""",0
"""19. ""O livro de não ficção é um guia prático para o autocontrole emocional.""",0
"""20. ""A empresa de tecnologia anunciou uma atualização em seu software.""",0
"""21. ""O museu de arte moderna recebeu uma nova exposição de pinturas.""",0
"""22. ""O time de futebol local perdeu por 2 a 1 em jogo fora de casa.""",0
"""23. ""A nova linha de cosméticos está Receiving excelentes comentários.""",0
"""24. ""O festival de música atraiu milhares de pessoas neste fim de semana.""",0
"""25. ""O novo filme de terror está Receiving críticas positivas.""",0
"""26. ""A empresa de consultoria está Receiving novos clientes a cada dia.""",0
"""27. ""O livro de suspense mantém o leitor em suspense até a última página.""",0
"""28. ""O novo parque aquático promete diversão para todas as idades.""",0
"""29. ""O evento beneficente arrecadou fundos para instituições de caridade.""",0
"""30. ""A empresa de turismo anunciou pacotes promocionais para o feriado.""",0
"""31. ""O novo restaurante vegetariano está Receiving bons comentários.""",0
"""32. ""O espetáculo de dança emocionou o público com coreografias elaboradas.""",0
"""33. ""A empresa de vestuário lançou uma coleção de moda primavera-verão.""",0
"""34. ""O filme de comédia é uma boa opção para quem busca diversão.""",0
"""35. ""A nova linha de produtos para o lar está Receiving excelentes comentários.""",0
"""36. ""O evento esportivo contou com a participação de atletas de elite.""",0
"""37. ""O novo aplicativo de encontros está Receiving bons comentários.""",0
"""38. ""A empresa de seguros anunciou uma campanha de conscientização.""",0
"""39. ""O filme de ação é uma aventura eletrizante do começo ao fim.""",0
"""40. ""O novo parque de diversões abriu suas portas ao público esta semana.""",0
"""41. ""O espetáculo de circo encantou as crianças com suas apresentações.""",0
"""42. ""A empresa de beleza lançou uma nova linha de produtos orgânicos.""",0
"""43. ""O novo filme de drama é uma história comovente de superação.""",0
"""44. ""O evento musical atraiu fãs de todas as idades.""",0
"""45. ""A empresa de tecnologia anunciou o lançamento de um novo dispositivo.""",0
"""46. ""O novo restaurante de comida mexicana está Receiving bons comentários.""",0
"""47. ""O espetáculo de teatro trouxe à cena uma história de amor e destino.""",0
"""48. ""A empresa de cosméticos lançou uma linha de produtos para pele madura.""",0
"""49. ""O evento de caridade arrecadou fundos para crianças carentes.""",0
"""50. ""A empresa de vestuário lançou uma campanha de moda de outono-inverno.""",0
""". ""Lamentável acidente na BR-116 causou atrasos no trânsito hoje.""",0
"""2. ""Novo smartphone da marca X surpreendeu pelo design moderno.""",0
"""3. ""O time local venceu o jogo com um gol no último segundo.""",0
"""4. ""A entrega chegará amanhã, antes das 18 horas, conforme combinado.""",0
"""5. ""Recentemente, a empresa anunciou o lançamento de um novo produto.""",0
"""6. ""A biblioteca municipal iniciou um programa de leitura para crianças.""",0
"""7. ""O filme de ficção científica está emocionando o público desde sua estreia.""",0
"""8. ""A pesquisa indica que a maioria dos entrevistados apoia a proposta.""",0
"""9. ""O novo restaurante na cidade está Receiving excelentes comentários.""",0
"""10. ""A exposição de arte abre ao público neste fim de semana.""",0
"""11. ""O professor explicou o tema de forma clara e interessante durante a aula.""",0
"""12. ""A nova linha de roupas da marca é muito bem recebida pelos consumidores.""",0
"""13. ""O evento esportivo contará com a participação de atletas de todo o país.""",0
"""14. ""A empresa anunciou cortes no orçamento devido à crise econômica.""",0
"""15. ""A nova peça de teatro abordará temas sociais importantes.""",0
"""16. ""O filme biográfico sobre o artista é uma homenagem a sua vida e obra.""",0
"""17. ""A feira de ciências surpreendeu com inovações tecnológicas.""",0
"""18. ""O novo aplicativo de entregas está Receiving boas avaliações.""",0
"""19. ""O livro de não ficção é um guia prático para o autocontrole emocional.""",0
"""20. ""A empresa de tecnologia anunciou uma atualização em seu software.""",0
"""21. ""O museu de arte moderna recebeu uma nova exposição de pinturas.""",0
"""22. ""O time de futebol local perdeu por 2 a 1 em jogo fora de casa.""",0
"""23. ""A nova linha de cosméticos está Receiving excelentes comentários.""",0
"""24. ""O festival de música atraiu milhares de pessoas neste fim de semana.""",0
"""25. ""O novo filme de terror está Receiving críticas positivas.""",0
"""26. ""A empresa de consultoria está Receiving novos clientes a cada dia.""",0
"""27. ""O livro de suspense mantém o leitor em suspense até a última página.""",0
"""28. ""O novo parque aquático promete diversão para todas as idades.""",0
"""29. ""O evento beneficente arrecadou fundos para instituições de caridade.""",0
"""30. ""A empresa de turismo anunciou pacotes promocionais para o feriado.""",0
"""31. ""O novo restaurante vegetariano está Receiving bons comentários.""",0
"""32. ""O espetáculo de dança emocionou o público com coreografias elaboradas.""",0
"""33. ""A empresa de vestuário lançou uma coleção de moda primavera-verão.""",0
"""34. ""O filme de comédia é uma boa opção para quem busca diversão.""",0
"""35. ""A nova linha de produtos para o lar está Receiving excelentes comentários.""",0
"""36. ""O evento esportivo contou com a participação de atletas de elite.""",0
"""37. ""O novo aplicativo de encontros está Receiving bons comentários.""",0
"""38. ""A empresa de seguros anunciou uma campanha de conscientização.""",0
"""39. ""O filme de ação é uma aventura eletrizante do começo ao fim.""",0
"""40. ""O novo parque de diversões abriu suas portas ao público esta semana.""",0
"""41. ""O espetáculo de circo encantou as crianças com suas apresentações.""",0
"""42. ""A empresa de beleza lançou uma nova linha de produtos orgânicos.""",0
"""43. ""O novo filme de drama é uma história comovente de superação.""",0
"""44. ""O evento musical atraiu fãs de todas as idades.""",0
"""45. ""A empresa de tecnologia anunciou o lançamento de um novo dispositivo.""",0
"""46. ""O novo restaurante de comida mexicana está Receiving bons comentários.""",0
"""47. ""O espetáculo de teatro trouxe à cena uma história de amor e destino.""",0
"""48. ""A empresa de cosméticos lançou uma linha de produtos para pele madura.""",0
"""49. ""O evento de caridade arrecadou fundos para crianças carentes.""",0
"""50. ""A empresa de vestuário lançou uma campanha de moda de outono-inverno.""",0
""". ""Lamentável acidente na BR-116 causou atrasos no trânsito hoje.""",0
"""2. ""Novo smartphone da marca X surpreendeu pelo design moderno.""",0
"""3. ""O time local venceu o jogo com um gol no último segundo.""",0
"""4. ""A entrega chegará amanhã, antes das 18 horas, conforme combinado.""",0
"""5. ""Recentemente, a empresa anunciou o lançamento de um novo produto.""",0
"""6. ""A biblioteca municipal iniciou um programa de leitura para crianças.""",0
"""7. ""O filme de ficção científica está emocionando o público desde sua estreia.""",0
"""8. ""A pesquisa indica que a maioria dos entrevistados apoia a proposta.""",0
"""9. ""O novo restaurante na cidade está Receiving excelentes comentários.""",0
"""10. ""A exposição de arte abre ao público neste fim de semana.""",0
"""11. ""O professor explicou o tema de forma clara e interessante durante a aula.""",0
"""12. ""A nova linha de roupas da marca é muito bem recebida pelos consumidores.""",0
"""13. ""O evento esportivo contará com a participação de atletas de todo o país.""",0
"""14. ""A empresa anunciou cortes no orçamento devido à crise econômica.""",0
"""15. ""A nova peça de teatro abordará temas sociais importantes.""",0
"""16. ""O filme biográfico sobre o artista é uma homenagem a sua vida e obra.""",0
"""17. ""A feira de ciências surpreendeu com inovações tecnológicas.""",0
"""18. ""O novo aplicativo de entregas está Receiving boas avaliações.""",0
"""19. ""O livro de não ficção é um guia prático para o autocontrole emocional.""",0
"""20. ""A empresa de tecnologia anunciou uma atualização em seu software.""",0
"""21. ""O museu de arte moderna recebeu uma nova exposição de pinturas.""",0
"""22. ""O time de futebol local perdeu por 2 a 1 em jogo fora de casa.""",0
"""23. ""A nova linha de cosméticos está Receiving excelentes comentários.""",0
"""24. ""O festival de música atraiu milhares de pessoas neste fim de semana.""",0
"""25. ""O novo filme de terror está Receiving críticas positivas.""",0
"""26. ""A empresa de consultoria está Receiving novos clientes a cada dia.""",0
"""27. ""O livro de suspense mantém o leitor em suspense até a última página.""",0
"""28. ""O novo parque aquático promete diversão para todas as idades.""",0
"""29. ""O evento beneficente arrecadou fundos para instituições de caridade.""",0
"""30. ""A empresa de turismo anunciou pacotes promocionais para o feriado.""",0
"""31. ""O novo restaurante vegetariano está Receiving bons comentários.""",0
"""32. ""O espetáculo de dança emocionou o público com coreografias elaboradas.""",0
"""33. ""A empresa de vestuário lançou uma coleção de moda primavera-verão.""",0
"""34. ""O filme de comédia é uma boa opção para quem busca diversão.""",0
"""35. ""A nova linha de produtos para o lar está Receiving excelentes comentários.""",0
"""36. ""O evento esportivo contou com a participação de atletas de elite.""",0
"""37. ""O novo aplicativo de encontros está Receiving bons comentários.""",0
"""38. ""A empresa de seguros anunciou uma campanha de conscientização.""",0
"""39. ""O filme de ação é uma aventura eletrizante do começo ao fim.""",0
"""40. ""O novo parque de diversões abriu suas portas ao público esta semana.""",0
"""41. ""O espetáculo de circo encantou as crianças com suas apresentações.""",0
"""42. ""A empresa de beleza lançou uma nova linha de produtos orgânicos.""",0
"""43. ""O novo filme de drama é uma história comovente de superação.""",0
"""44. ""O evento musical atraiu fãs de todas as idades.""",0
"""45. ""A empresa de tecnologia anunciou o lançamento de um novo dispositivo.""",0
"""46. ""O novo restaurante de comida mexicana está Receiving bons comentários.""",0
"""47. ""O espetáculo de teatro trouxe à cena uma história de amor e destino.""",0
"""48. ""A empresa de cosméticos lançou uma linha de produtos para pele madura.""",0
"""49. ""O evento de caridade arrecadou fundos para crianças carentes.""",0
"""50. ""A empresa de vestuário lançou uma campanha de moda de outono-inverno.""",0
"""1. ""Nova conta bancária aberta para Maria Silva, endereço: R. das Flores, 25, São Paulo - SP, CEP: 01234-567.""",1
"""2. ""Encomenda confirmada para João Oliveira, endereço: Av. Brasil, 123, Rio de Janeiro - RJ, CEP: 20030-001.""",1
"""3. ""Cartão de crédito emitido para""",1
"""Felipe Silva, 123456789, recebeu uma cobrança de R$ 100 para o cartão final 1234 5678 9012 3456.""",1
"""O endereço de entrega é Rua das Flores, 456, São Paulo, SP, CEP 01234-567.""",1
"""Entre em contato com o suporte técnico pelo telefone (11) 98765-4321 ou pelo e-mail [support@company.com](mailto:support@company.com).""",1
"""Minha senha do banco é 1234, pode me passar o número da conta? É 12345-6.""",1
"""Confirmamos o recebimento da sua solicitação. Entraremos em contato pelo telefone 98765-4321 ou e-mail jane.doe@gmail.com em breve.""",1
"""O número do pedido é 123456, será entregue na Rua ABC, 123, Rio de Janeiro, RJ, CEP 22222-222.""",1
"""Para atualizar suas informações, entre em contato pelo número (21) 98765-4321 ou envie um e-mail para [info@company.com](mailto:info@company.com).""",1
"""O cartão de crédito utilizado foi final 4321, com o nome do titular Maria Silva.""",1
"""Seu novo número de seguro social é 123.456.789-01.""",1
"""O endereço de cobrança é Avenida Brasil, 987, Belo Horizonte, MG, CEP 30123-456.""",1
"""Meu CPF é 123.456.789-01, pode me passar o status da minha solicitação?""",1
"""O número do seu voo é 1234, com partida às 10h da Rua ABC, 123, São Paulo, SP.""",1
"""Nosso departamento financeiro entrará em contato através do e-mail john.doe@email.com para confirmar os detalhes do pagamento.""",1
"""O código de rastreio para sua encomenda é 1234567890, será entregue em Rua X, 321, Curitiba, PR, CEP 80000-000.""",1
"""Minha agenda está marcada para o dia 20/03 às 14h no endereço Rua das Acácias, 789, Brasília, DF.""",1
"""Para verificar o status do seu pedido, envie uma mensagem para o número 98765-4321 ou acesse nosso site utilizando o e-mail de cadastro jane.doe@gmail.com.""",1
"""O número da fatura é 1234, com vencimento em 30/04, pode confirmar o pagamento no valor de R$ 500?""",1
"""O endereço de entrega é Rua das Rosas, 654, Porto Alegre, RS, CEP 90000-000, com o código de acesso 1234.""",1
"""Meu número de identidade é 123456789, posso atualizar meu endereço para Rua das Violetas, 987, Salvador, BA, CEP 40000-000?""",1
"""O número da reserva é 12345, com check-in marcado para às 14h no endereço Rua das Magnólias, 789, Florianópolis, SC.""",1
"""O código de verificação para sua conta é 123456, será enviado para o número 98765-4321 e para o e-mail john.doe@email.com.""",1
"""O número do boleto é 123456789, com o valor de R$ 200, pode confirmar o pagamento até 30/04?""",1
"""O número do protocolo é 12345, para agendamento de entrega na Rua das Begônias, 654, Recife, PE, CEP 50000-000.""",1
"""Para cancelar o serviço, entre em contato pelo número (81) 98765-4321 ou pelo e-mail [cancel@company.com](mailto:cancel@company.com), informando o código do serviço 1234.""",1
"""O número do seguro é 123456789, com validade até 31/12, pode confirmar os dados do titular, Maria Silva?""",1
"""O número do convite é 12345, com entrada pela Rua das Camelias, 456, Belém, PA, CEP 66666-666.""",1
"""Para confirmar a reserva, envie um e-mail para [reservas@hotel.com](mailto:reservas@hotel.com) ou ligue para o número (98) 98765-4321, informando o código da reserva 1234.""",1
"""O número do ticket é 123456, com validade até 31/12, pode confirmar o nome do titular, José Silva?""",1
"""1. ""Prazo final para pagamento da fatura do cartão de crédito 1234-5678-9012-3456 é dia 20 de abril.""",1
"""2. ""Entrar em contato com o suporte técnico pelo número (11) 98765-4321.""",1
"""3. ""Meu endereço é Rua das Flores, 123, apartamento 401, São Paulo - SP, 01234-567.""",1
"""4. ""Minha data de nascimento é 15/03/1990 e meu CPF é 123.456.789-09.""",1
"""5. ""Confirmamos o pedido de compras. O número do pedido é PED12345 e o endereço de entrega é Rua da Paz, 789, Curitiba - PR, 80000-000.""",1
"""6. ""Meu número de celular é 987.654.3210 e meu e-mail é john.doe@example.com.""",1
"""7. ""Para cancelar o serviço, ligue para 0800 123 456 e informe o número da conta 123456789.""",1
"""8. ""Meu cartão de créditoending com 1234 foi utilizado para uma compra. Entre em contato com seu banco imediatamente.""",1
"""9. ""A entrega será feita no endereço informado: Av. Brasil, 987, Rio de Janeiro - RJ, 20010-000.""",1
"""10. ""Minha senha de acesso é abc123 e meu usuário é jane.doe.""",1
"""11. ""Meu número de identificação é ID123456 e meu nome completo é João da Silva.""",1
"""12. ""O número de rastreio da sua encomenda é ABC123456789BR.""",1
"""13. ""Entre em contato com a empresa pelo número (21) 3456-7890 ou pelo e-mail suporte@empresa.com.br.""",1
"""14. ""Meu número de Seguro Social é 123-45-6789.""",1
"""15. ""O prazo para_envio do comprovante de endereço é até 30 de abril. Envie para Rua das Rosas, 654, Belo Horizonte - MG, 30000-000.""",1
"""16. ""Meu endereço de cobrança é Rua das Pedras, 321, Fortaleza - CE, 60000-000.""",1
"""17. ""Minha conta bancária é no Banco do Brasil, agência 1234, conta corrente 12345678-9.""",1
"""18. ""Para agendar uma consulta, ligue para 987.654.3211 e informe o código da plano de saúde 12345.""",1
"""19. ""Meu cartão de débito final 1234 foi utilizado para uma compra não autorizada. Entre em contato com seu banco.""",1
"""20. ""A entrega será feita no endereço informado: Av. Independência, 456, Brasília - DF, 70000-000.""",1
"""21. ""Meu número de identificação na empresa é EMP123456.""",1
"""22. ""Minha senha de acesso é 123abc e meu usuário é jose.silva.""",1
"""23. ""Meu número de telefone é (16) 99765-4321.""",1
"""24. ""O número do protocolo da sua reclamação é RECL123456.""",1
"""25. ""Minha data de nascimento é 05/06/1985 e meu RG é 12.345.678-9.""",1
"""26. ""Para atualizar seus dados cadastrais, entre em contato pelo número (19) 3456-7890.""",1
"""27. ""Meu número de cartão de benefício é 1234 5678 9012 3456.""",1
"""28. ""O número de rastreio da sua encomenda é 1Z999999999BR.""",1
"""29. ""Minha conta de luz é na Enel, código de barras 1234567891234567891234567.""",1
"""30. ""O prazo para envio do comprovante de renda é até 31 de maio. Envie para Rua das Orquídeas, 789, Porto Alegre - RS, 90000-000.""",1
"""31. ""Meu número de identificação na prefeitura é PRE123456.""",1
"""32. ""Minha senha de acesso é abc123 e meu CPF é 123.456.789-09.""",1
"""33. ""Meu número de telefone fixo é (27) 3456-7890.""",1
"""34. ""O número da minha identificação na repartição de trânsito é TRÁ123456.""",1
"""35. ""Minha conta de água é na Sabesp, código de barras 1234567891234567891234567.""",1
"""36. ""A entrega será feita no endereço informado: Av. Getúlio Vargas, 987, Salvador - BA, 40000-000.""",1
"""37. ""Meu número de identificação na empresa é EMP876543.""",1
"""38. ""Minha senha de acesso é 123abc e meu e-mail é jose.silva@example.com.""",1
"""39. ""Meu número de telefone é (17) 98765-4321.""",1
"""40. ""O número da minha identificação na repartição de impostos é IMP123456.""",1
"""41. ""Minha conta de gás é na Engeh, código de barras 1234567891234567891234567.""",1
"""42. ""O prazo para envio do comprovante de endereço é até 30 de junho. Envie para Rua das Margaridas, 654, Recife - PE, 50000-000.""",1
"""43. ""Meu endereço de cobrança é Rua das Acácias, 321, Manaus - AM, 69000-000.""",1
"""44. ""Meu número de telefone é 987.654.3210.""",1
"""45. ""O número do protocolo da sua solicitação é SOL123456.""",1
"""46. ""Minha data de nascimento é 10/08/1995 e meu RG é 9.876.543-2.""",1
"""47. ""Para renovar seu contrato, ligue para 0800 123 456 e informe o código do cliente 12345678.""",1
"""48. ""Meu número de cartão de benefício é 2345 6789 0123 4567.""",1
"""49. ""O número de rastreio da sua encomenda é EE123456789BR.""",1
"""50. ""Minha conta de luz é na Eletrobras, código de barras 8765432109876543210987654.""",1
"""1. ""O cartão de crédito ended 1234-5678-9012-3456 foi bloqueado. Entre em contato com o banco em 123.456.7890 para desbloqueá-lo.""",1
"""2. ""A entrega do pacote será feita na Rua ABC, 123, Apartamento 456, São Paulo - SP, CEP 01234-567.""",1
"""3. ""O número de telefone para contato é (123) 987-6543.""",1
"""4. ""Mude sua senha agora mesmo. Seu novo número de CPF é 123.456.789-00.""",1
"""5. ""O próximo voo para Nova York sairá do Aeroporto Internacional de Guarulhos, Endereço: Av. Vinte de Maio, 10000, CEP 02030-000.""",1
"""6. ""O número da sua reserva é RZ123456. Entre em contato com a central de reservas em 0800 123 4567 para mais informações.""",1
"""7. ""O endereço de entrega é Rua das Flores, 321, Vila Mariana, São Paulo - SP, 04012-000.""",1
"""8. ""Seu número de cartão de crédito é 1234-5678-9012-3456. Use-o para realizar compras online.""",1
"""9. ""A entrega será feita no endereço informado: Av. Brasil, 987, São Paulo - SP, CEP 01001-000.""",1
"""10. ""O número da sua conta bancária é 12345-6, agência 0001. Use-o para fazer pagamentos.""",1
"""11. ""O número de telefone para contato é 123.456.7890.""",1
"""12. ""O cartão de crédito used foi 1234-5678-9012-3456. Entre em contato com o serviço de atendimento ao cliente em (123) 987-6543.""",1
"""13. ""O endereço de cobrança é Rua da Paz, 789, Duque de Caxias - RJ, CEP 25010-000.""",1
"""14. ""O número do seu seguro social é 123.456.789-00.""",1
"""15. ""A entrega será feita no endereço informado: Alameda dos rappro, 456, São Paulo - SP, CEP 01407-000.""",1
"""16. ""O número do seu cartão de débito é 1234-5678-9012-3456. Use-o para fazer compras.""",1
"""17. ""O número de protocolo da sua reclamação é 123456. Entre em contato com a central de atendimento em 0800 123 4567 para mais informações.""",1
"""18. ""O endereço de entrega é Rua das Orquídeas, 258, Campinas - SP, CEP 13035-000.""",1
"""19. ""O número do seu passaporte é P12345678.""",1
"""20. ""O número da sua conta de luz é 123456789. Entre em contato com a concessionária em (123) 987-6543.""",1
"""21. ""O número do seu seguro de vida é 123.456.789-00.""",1
"""22. ""O endereço de entrega é Av. das Acácias, 357, Belo Horizonte - MG, CEP 30130-000.""",1
"""23. ""O número do seu cartão de crédito é 1234-5678-9012-3456. Use-o para realizar compras na nossa loja online.""",1
"""24. ""O número do seu RG é 12.345.678-9.""",1
"""25. ""O endereço de entrega é Rua das Rosas, 890, Porto Alegre - RS, CEP 90010-000.""",1
"""26. ""O número da sua fatura é 12345678. Entre em contato com a central de atendimento em 0800 123 4567 para mais informações.""",1
"""27. ""O número do seu cartão de crédito é 1234-5678-9012-3456. Use-o para fazer compras em lojas físicas.""",1
"""28. ""O endereço de cobrança é Av. Brasil, 123, São Paulo - SP, CEP 01001-000.""",1
"""29. ""O número do seu cartão de crédito é 1234-5678-9012-3456. Use-o para realizar pagamentos online.""",1
"""30. ""O número do seu Cartão SUS é 123.456.789-00.""",1
"""Confirmado: o cartão de crédito 1234-5678-9012-3456 foi utilizado ontem na loja da Rua Paulo VI, 150, Rio de Janeiro.""",1
"""Olá, Sr. José Silva, sua encomenda será entregue na próxima terça-feira no endereço informado: Av. Brasil, 500, São Paulo - SP, CEP 01001-000.""",1
"""Ligue agora para (21) 98765-4321 para saber mais sobre nossas promoções exclusivas!""",1
"""Caro(a) cliente, sua reserva foi confirmada para o dia 15 de maio. Endereço: Rua das Flores, 35, Belo Horizonte - MG.""",1
"""Obrigado por entrar em contato, Sr(a). Maria Oliveira. Seu número de seguro social é 123.456.789-01.""",1
"""O cartão de crédito com final 1234 foi utilizado hoje às 10h30 na Rua Augusta, 2642, São Paulo.""",1
"""Minha senha é 9876 para o cartão de crédito 1111-2222-3333-4444.""",1
"""O Sr. Antonio Silva pode ser contatado pelo telefone 123.456.7890 ou pelo email antonio.silva@email.com.""",1
"""Sua encomenda foi entregue no endereço informado: Rua das Hortências, 80, Porto Alegre - RS, CEP 90010-000.""",1
"""Obrigado por utilizar nossos serviços, Sra. Ana Souza. Se precisar de ajuda, entre em contato conosco pelo número 1900.""",1
"""O cartão de crédito 5555-6666-7777-8888 foi utilizado ontem na Rua 24 de Maio, 1250, São Paulo.""",1
"""Olá, meu nome é Carlos, meu número de telefone é (61) 98765-4321. Estarei em Brasília esta semana.""",1
"""Sua encomenda será entregue no endereço informado: Av. das Flores, 200, Salvador - BA, CEP 40001-000.""",1
"""O número de rastreamento para sua encomenda é 1234567890. Ela será entregue na Rua do Comércio, 10, Recife - PE, CEP 50010-000.""",1
"""Caro(a) cliente, sua reserva foi confirmada para o dia 20 de maio. Endereço: Av. Atlântica, 1200, Fortaleza - CE, CEP 60001-000.""",1
"""Ligue agora para 0800-123456 para saber mais sobre nossas promoções.""",1
"""Obrigado por entrar em contato, Sr(a). José da Silva. Seu número de seguro social é 123.456.789-10.""",1
"""O cartão de crédito 1111-2222-3333-4444 foi utilizado hoje às 15h na Rua da Consolação, 1500, São Paulo.""",1
"""Minha conta é 12345-6, agência 0001, Banco do Brasil, CNPJ 00.000.000/0001-00.""",1
"""Sua encomenda foi entregue no endereço informado: Rua do Ouro, 50, Belém - PA, CEP 66001-000.""",1
"""Olá, meu nome é Maria, meu número de telefone é 123.456.7890. Estarei em Goiânia esta semana.""",1
"""Sua encomenda será entregue no endereço informado: Av. Getúlio Vargas, 500, Manaus - AM, CEP 69000-000.""",1
"""Obrigado por utilizar nossos serviços, Sr. João Paulo. Se precisar de ajuda, entre em contato conosco pelo número 0800-123456.""",1
"""O cartão de crédito 6666-7777-8888-9999 foi utilizado ontem na Rua do Ouvidor, 63, Rio de Janeiro.""",1
"""Olá, meu nome é Pedro, meu número de telefone é (31) 98765-4321. Estarei em Belo Horizonte esta semana.""",1
"""Sua encomenda foi entregue no endereço informado: Rua da Cidadania, 100, Curitiba - PR, CEP 80001-000.""",1
"""Caro(a) cliente, sua reserva foi confirmada para o dia 18 de maio. Endereço: Av. Paulo VI, 200, Brasília - DF, CEP 70001-000.""",1
"""Ligue agora para 0800-123456 para saber mais sobre nossas promoções exclusivas.""",1
"""Obrigado por entrar em contato, Sr(a). Maria das Graças. Seu número de seguro social é 123.456.789-11.""",1
"""O cartão de crédito 1234-5678-9012-3456 foi utilizado hoje às 18h na Rua Augusta, 3000, São Paulo.""",1
"""Minha conta é 12345-6, agência 0001, Itaú, CNPJ 00.000.000/0001-00.""",1
"""Olá, meu nome é Ana, meu número de telefone é 123.456.7890. Estarei em São Paulo esta semana.""",1
"""Sua encomenda será entregue no endereço informado: Av. Brigadeiro Faria Lima, 1500, São Paulo - SP, CEP 01451-900.""",1
"""Caro(a) cliente, sua reserva foi confirmada para o dia 22 de maio. Endereço: Rua do Sol, 50, Natal - RN, CEP 59001-000.""",1
"""Ligue agora para (21) 98765-4321 para saber mais sobre nossas promoções.""",1
"""Obrigado por utilizar nossos serviços, Sr(a). José Carlos. Se precisar de ajuda, entre em contato conosco pelo número 0800-123456.""",1
"""O cartão de crédito 5555-6666-7777-8888 foi utilizado ontem na Rua da Consolação, 1000, São Paulo.""",1
"""Minha senha é 9876 para o cartão de crédito 2222-3333-4444-5555.""",1
"""Sua encomenda foi entregue no endereço informado: Av. Rio Branco, 100, Fortaleza - CE, CEP 60001-000.""",1
"""Olá, meu nome é Carlos, meu número de telefone é (81) 98765-4321. Estarei em Recife esta semana.""",1
"""Caro(a) cliente, sua reserva foi confirmada para o dia 17 de maio. Endereço: Av. Atlântica, 2500, Salvador - BA, CEP 40001-000.""",1
"""Ligue agora para 0800-123456 para saber mais sobre nossas promoções exclusivas.""",1
"""Obrigado por entrar em contato, Sr(a). Maria de Fátima. Seu número de seguro social é 123.456.789-12.""",1
"""Minha conta é 12345-6, agência 0001, Banco do Brasil, CPF 000.000.000-00.""",1
"""Sua encomenda será entregue no endereço informado: Rua da Cidadania, 200, Brasília - DF, CEP 70001-000.""",1
"""O cartão de crédito 1111-2222-3333-4444 foi utilizado hoje às 12h na Rua do Ouvidor, 80, Rio de Janeiro.""",1
"""Olá, meu nome é Ana, meu número de telefone é (21) 98765-4321. Estarei no Rio de Janeiro esta semana.""",1
"""Sua encomenda foi entregue no endereço informado: Av. Paulo VI, 500, Belo Horizonte - MG, CEP 30001-000.""",1
"""Confirmamos o endereço de entrega para João Silva, Rua ABC, 123 - São Paulo, SP, CEP: 01234-567.""",1
"""Entre em contato com o suporte através do número (11) 98765-4321.""",1
"""Minha carteira está com um cartão com o número 1234 5678 9012 3456.""",1
"""O sr. Carlos Rodrigues mudou seu endereço para Avenida XYZ, 456 - Rio de Janeiro, RJ, CEP: 22222-222.""",1
"""Mande uma mensagem para Maria Silva no número 21 99999-8888.""",1
"""O CPF do Sr. José da Silva é 123.456.789-09.""",1
"""Meu número de seguro social é 123-45 67890-11.""",1
"""O cartão de crédito utilizado foi finalizado com sucesso no número 1111 2222 3333 4444.""",1
"""O endereço de faturamento está correto para Ana Souza, Rua LMN, 789 - Brasília, DF, CEP: 70000-000.""",1
"""Entre em contato com o suporte pelo e-mail [suporte@empresa.com](mailto:suporte@empresa.com) ou pelo telefone 32 98765-4321.""",1
"""O novo endereço de entrega é Avenida OPQ, 654 - Belo Horizonte, MG, CEP: 30000-000.""",1
"""Mande uma mensagem para Ricardo Silva no número 81 98765-4321.""",1
"""Meu RG é 12.345.678-9 e meu CPF é 123.456.789-09.""",1
"""O cartão de crédito utilizado foi finalizado com sucesso no número 5555 6666 7777 8888.""",1
"""O endereço de entrega está correto para Portugal, Rua UVW, 321 - Lisboa, Portugal, CEP: 1000-000.""",1
"""Entre em contato com o suporte através do número 61 98765-4321.""",1
"""Minha carteira está com um cartão com o número 9876 5432 1098 7654.""",1
"""O endereço de entrega está correto para Antonio Oliveira, Avenida DEF, 987 - Salvador, BA, CEP: 40000-000.""",1
"""Mande uma mensagem para Laura Pereira no número 27 99999-8888.""",1
"""Meu número de seguro social é 987-65 43210-11.""",1
"""O cartão de crédito utilizado foi finalizado com sucesso no número 1111 1111 1111 1111.""",1
"""O endereço de faturamento está correto para Laura Oliveira, Avenida GHI, 246 - Fortaleza, CEP: 60000-000.""",1
"""Entre em contato com o suporte pelo e-mail [suporte@empresa.com](mailto:suporte@empresa.com) ou pelo telefone (85) 98765-4321.""",1
"""O novo endereço de entrega é Rua JKL, 789 - Curitiba, PR, CEP: 80000-000.""",1
"""Mande uma mensagem para Lucas Silva no número 48 98765-4321.""",1
"""Meu RG é 987.654.321-0 e meu CPF é 123.456.789-09.""",1
"""O cartão de crédito utilizado foi finalizado com sucesso no número 0987 6543 2109 8765.""",1
"""O endereço de entrega está correto para Maria Eduarda, Rua MNO, 321 - Porto Alegre, RS, CEP: 90000-000.""",1
"""Entre em contato com o suporte através do número 16 98765-4321.""",1
"""Mande uma mensagem para Pedro Silva no número 71 98765-4321.""",1
"""Meu número de seguro social é 432-10 987654-11.""",1
"""O cartão de crédito utilizado foi finalizado com sucesso no número 5555 5555 5555 5555.""",1
"""O endereço de faturamento está correto para José da Silva, Rua PQR, 654 - Belém, PA, CEP: 66666-666.""",1
"""Entre em contato com o suporte pelo e-mail [suporte@empresa.com](mailto:suporte@empresa.com) ou pelo telefone (94) 98765-4321.""",1
"""O novo endereço de entrega é Rua STU, 246 - Manaus, AM, CEP: 69000-000.""",1
"""Mande uma mensagem para Fernanda Silva no número 82 98765-4321.""",1
"""Meu RG é 543.210.987-6 e meu CPF é 123.456.789-09.""",1
"""O cartão de crédito utilizado foi finalizado com sucesso no número 1098 7654 3210 9876.""",1
"""O endereço de entrega está correto para Alexandre Souza, Rua VWX, 789 - Recife, PE, CEP: 50000-000.""",1
"""Entre em contato com o suporte através do número 81 98765-4321.""",1
"""Mande uma mensagem para Juliana Silva no número 21 98765-4321.""",1
"""Meu número de seguro social é 654-32 109876-11.""",1
"""O cartão de crédito utilizado foi finalizado com sucesso no número 1234 5678 9012 3456.""",1
"""O endereço de faturamento está correto para Anderson Oliveira, Avenida YZ, 456 - São Luís, MA, CEP: 65000-000.""",1
"""Entre em contato com o suporte pelo e-mail [suporte@empresa.com](mailto:suporte@empresa.com) ou pelo telefone (98) 98765-4321.""",1
"""O novo endereço de entrega é Rua KLM, 234 - Natal, RN, CEP: 59000-000.""",1
"""Mande uma mensagem para Bruno Silva no número 31 98765-4321.""",1
"""Meu RG é 246.802.468-7 e meu CPF é 123.456.789-09.""",1
"""O cartão de crédito utilizado foi finalizado com sucesso no número 4321 0987 6543 2109.""",1
"""O endereço de entrega está correto para Rafael Souza, Rua NOP, 123 - Florianópolis, SC, CEP: 88000-000.""",1
"""Entre em contato com o suporte através do número 47 98765-4321.""",1
"""Mande uma mensagem para Caroline Silva no número 19 98765-4321.""",1
"""Felipe Silva, do endereço Rua das Flores, 35 - 01234-567, São Paulo, recebeu a confirmação do pedido: número do pedido #123456.""",1
"""O suporte ao cliente entrou em contato com Maria Souza pelo telefone (11) 98765-4321 para resolver uma questão referente à fatura do cartão de crédito ending in 1234.""",1
"""O novo cartão de crédito de Ana Clara foi enviado para o endereço Rua das Magnólias, 80 - 02468-000, São Paulo.""",1
"""Oi,entially, eu sou o João Paulo, meu telefone é 123.456.7890 e meu endereço é Rua da Paz, 22 - 09876-5432, Rio de Janeiro.""",1
"""O número de identificação do contribuinte de PedroHenrique é 987.654.321-00.""",1
"""O endereço de entrega para o pedido #654321 é Rua dos Laranjais, 15 - 13080-000, Campinas, SP.""",1
"""O novo cartão de débito de Laura Gestaltung foi ativado com o número 1234 5678 1234 5678.""",1
"""Oi, eu preciso cancelar meu cartão de crédito que termina em 1234. Meu nome é Carlos Eduardo e meu telefone é (21) 98765-4321.""",1
"""O número de protocolo para a entrega do pacote no endereço Rua dos Cravos, 45 - 04567-890, São Paulo, é #123456.""",1
"""O novo endereço de cobrança para o cartão de crédito de Carolina é Rua das Acácias, 70 - 14020-000, Santos, SP.""",1
"""Meu nome é Bruno Silva e meu número de telefone é 123-456-7890. Meu endereço é Rua das Rosas, 30 - 10010-000, Curitiba, PR.""",1
"""O número do pedido #123456 foi cancelado. Entre em contato com o suporte ao cliente pelo telefone (16) 98765-4321.""",1
"""O novo endereço de entrega para o pedido #654321 é Rua das Orquídeas, 20 - 12345-678, Belo Horizonte, MG.""",1
"""O número de identificação do contribuinte de Andréa Carvalho é 123.456.789-00.""",1
"""Oi, eu preciso atualizar meu endereço de entrega. Meu nome é Patrícia Oliveira, meu telefone é 12345-6789 e meu novo endereço é Rua das Begônias, 55 - 30150-000, Brasília, DF.""",1
"""O número do protocolo para a entrega do pacote no endereço Rua das Plêiades, 90 - 88000-000, Manaus, AM, é #123456.""",1
"""O novo cartão de débito de Maria Eduarda foi ativado com o número 4321 5678 1234 5678.""",1
"""O número do pedido #123456 foi confirmado. O endereço de entrega é Rua das Camélias, 60 - 22010-000, Rio de Janeiro, RJ.""",1
"""O número de identificação do contribuinte de Fernanda Alves é 987.654.321-00.""",1
"""Oi, eu preciso cancelar meu pedido. Meu nome é Rodrigo""",1
"""1. ""O endereço de entrega é Rua das Flores, 123, São Paulo - SP, 01001-000.""",1
"""2. ""Entre em contato com o suporte técnico pelo número (11) 98765-4321.""",1
"""3. ""Meu cartão de crédito é 1234-5678-9012-3456.""",1
"""4. ""Minha identidade é 123.456.789-00, pode confirmar?""",1
"""5. ""Mande uma mensagem para Ana Silva, que ela está no número 98765-4321.""",1
"""6. ""O número do pedido é #12345, para dúvidas entre em contato conosco.""",1
"""7. ""Meu CPF é 123.456.789-00, pode confirmar?""",1
"""8. ""A data de vencimento do cartão é 12/2025, lembre-se de pagar até essa data.""",1
"""9. ""Envie o comprovante para o e-mail john.doe@gmail.com.""",1
"""10. ""Minha filha foi aprovada na Universidade Estadual de Campinas, endereço Rua Monteiro Lobato, 456, Campinas - SP.""",1
"""11. ""A senha da conta é 123456, lembre-se de não compartilhar com ninguém.""",1
"""12. ""O código de rastreio da encomenda é AB123456789BR.""",1
"""13. ""Meu endereço é Rua das Acácias, 789, Salvador - BA, 40000-000.""",1
"""14. ""O número do meu cartão de débito é 1234-5678-9012-3456.""",1
"""15. ""Entre em contato com a empresa pelo telefone fixo (19) 3845-6789.""",1
"""16. ""Minha conta bancária é no Banco do Brasil, agência 1234, conta 987654.""",1
"""17. ""O código de bônus é ABCDEF, use-o para ganhar desconto na próxima compra.""",1
"""18. ""Meu filho está matriculado na Escola Municipal Professor João Silva, endereço Rua das Laranjeiras, 321, Rio de Janeiro - RJ.""",1
"""19. ""Minha senha do banco é 12345, lembre-se de não anotá-la em lugar visível.""",1
"""20. ""O código de desconto é GHIJKL, use-o na próxima compra para ganhar 10% de desconto.""",1
"""21. ""O número do meu passaporte é 12345678, pode confirmar?""",1
"""22. ""Minha cédula de identidade é 123.456.789-0, pode confirmar?""",1
"""23. ""O código de rastreio da minha encomenda é AB1234567890.""",1
"""24. ""Minha conta de luz é 123456, pode confirmar se há algum débito?""",1
"""25. ""O número do meu cartão de crédito é 1234-5678-9012-3456, use-o para comprar ingressos.""",1
"""26. ""Minha conta de água é 987654, pode confirmar se já paguei a última fatura?""",1
"""27. ""O número da minha conta no Instagram é @johndoe123.""",1
"""28. ""Minha conta no WhatsApp é (11) 98765-4321, mande uma mensagem se precisar de ajuda.""",1
"""29. ""Minha conta no Twitter é @johndoe456.""",1
"""30. ""Minha conta no Facebook é facebook.com/johndoe789.""",1
"""31. ""O número da minha conta no Skype é live:johndoe_123.""",1
"""32. ""Minha conta no Steam é john.doe.7890, use-a para jogar com os amigos.""",1
"""33. ""Minha conta no PayPal é john.doe@gmail.com, use-a para fazer compras online.""",1
"""34. ""O número do meu cartão de crédito é 1234-5678-9012-3456, use-o para comprar passagem de avião.""",1
"""35. ""Minha conta no iTunes é john.doe@me.com, use-a para comprar música e filmes.""",1
"""36. ""O número do meu cartão de crédito é 1234-5678-9012-3456, use-o para alugar um carro.""",1
"""37. ""Minha conta no Netflix é john.doe@gmail.com, use-a para assistir séries e filmes.""",1
"""38. ""O número do meu cartão de crédito é 1234-5678-9012-3456, use-o para comprar ingressos online.""",1
"""39. ""Minha conta no Amazon é john.doe@gmail.com, use-a para fazer compras online.""",1
"""40. ""Minha conta na Apple Store é john.doe@me.com, use-a para comprar produtos Apple.""",1
"""41. ""O número do meu cartão de crédito é 1234-5678-9012-3456, use-o para comprar passagem de trem.""",1
"""42. ""Minha conta no Google Play é john.doe@gmail.com, use-a para comprar apps e jogos.""",1
"""43. ""Minha conta no Xbox é john.doe@outlook.com, use-a para jogar com os amigos.""",1
"""44. ""O número do meu cartão de crédito é 1234-5678-9012-3456, use-o para alugar um quarto de hotel.""",1
"""45. ""Minha conta no Spotify é john.doe@gmail.com, use-a para ouvir música.""",1
"""46. ""O número do meu cartão de crédito é 1234-5678-9012-3456, use-o para comprar passagem de ônibus.""",1
"""47. ""Minha conta no Steam é john.doe.7890, use-a para jogar com os amigos e fazer compras.""",1
"""48. ""Minha conta no PlayStation Network é john.doe@gmail.com, use-a para jogar online.""",1
"""49. ""O número do meu cartão de crédito é 1234-5678-9012-3456, use-o para comprar passagem de metrô.""",1
"""50. ""Minha conta no Twitch é john.doe456, use-a para assistir transmissões ao vivo de jogos.""",1
"""1. ""Olá, sou o novo morador do 1234 Rua ABC, 01234-000, pode me ajudar?""",1
"""2. ""Minha entrega será realizada na casa de meu amigo, João Silva, na Rua XYZ, 9876, 01234-000.""",1
"""3. ""Meu número de cartão de crédito é 1234-5678-9012-3456, pode confirmar minha compra?""",1
"""4. ""Meu CPF é 123.456.789-01, pode verificar se já tenho cadastro em sua empresa?""",1
"""5. ""Meu telefone é (12) 98765-4321, por favor, ligue para confirmar meu compromisso.""",1
"""6. ""Minha nova casa é na Avenida 123, 1234, 01234-000, pode me enviar o contrato por e-mail?""",1
"""7. ""Meu número de telefone é 123.456.7890, pode me enviar um código de verificação por SMS?""",1
"""8. ""Meu endereço é Rua ABC, 123, 01234-000, pode atualizar meu cadastro?""",1
"""9. ""Minha senha é 123456, pode confirmar meu acesso à minha conta?""",1
"""10. ""Minha filha será entregue no endereço abaixo: Rua DEF, 6789, 01234-000, por favor, confirme.""",1
"""11. ""Meu número de identificação é 987.654.321-09, pode verificar minha reserva?""",1
"""12. ""Minha senha de acesso é 123abc, pode confirmar meu login?""",1
"""13. ""Meu novo número de telefone é +55 (12) 9876-5432, pode atualizar meu cadastro?""",1
"""14. ""Minha entrega será realizada na Rua GHI, 5432, 01234-000, pode confirmar o endereço?""",1
"""15. ""Minha senha de acesso é john123, pode confirmar meu login?""",1
"""16. ""Meu número de cartão de crédito é 1234.5678.9012.3456, pode confirmar minha compra?""",1
"""17. ""Meu endereço é Avenida 123, 1234, 01234-000, pode enviar minha compra para lá?""",1
"""18. ""Minha senha é abc123, pode confirmar meu acesso à minha conta?""",1
"""19. ""Minha filha será entregue no endereço abaixo: Rua JKL, 9876, 01234-000, por favor, confirme.""",1
"""20. ""Meu número de telefone é 123-456-7890, pode me enviar um código de verificação por SMS?""",1
"""21. ""Minha entrega será realizada na casa de meu amigo, José Silva, na Rua MNO, 4321, 01234-000.""",1
"""22. ""Meu número de identificação é 432.123.456-78, pode verificar minha reserva?""",1
"""23. ""Minha senha é admin123, pode confirmar meu login?""",1
"""24. ""Minha nova casa é na Rua PQR, 1234, 01234-000, pode me enviar o contrato por e-mail?""",1
"""25. ""Meu número de cartão de crédito é 1234-5678-9012-3456, pode confirmar minha compra?""",1
"""26. ""Meu novo número de telefone é +55 (12) 9876-5432, pode atualizar meu cadastro?""",1
"""27. ""Minha entrega será realizada na Rua STU, 6789, 01234-000, pode confirmar o endereço?""",1
"""28. ""Minha senha é 123456, pode confirmar meu acesso à minha conta?""",1
"""29. ""Minha filha será entregue no endereço abaixo: Avenida 123, 1234, 01234-000, por favor, confirme.""",1
"""30. ""Meu número de telefone é (12) 9876-5432, pode me enviar um código de verificação por SMS?""",1
"""31. ""Minha entrega será realizada na casa de meu amigo, Maria Silva, na Rua VWX, 4321, 01234-000.""",1
"""32. ""Meu número de identificação é 789.456.123-09, pode verificar minha reserva?""",1
"""33. ""Minha senha é john123, pode confirmar meu login?""",1
"""34. ""Minha nova casa é na Rua YZA, 1234, 01234-000, pode me enviar o contrato por e-mail?""",1
"""35. ""Meu número de cartão de crédito é 1234-5678-9012-3456, pode confirmar minha compra?""",1
"""36. ""Meu endereço é Rua BCD, 5432, 01234-000, pode atualizar meu cadastro?""",1
"""37. ""Minha senha é abc123, pode confirmar meu acesso à minha conta?""",1
"""38. ""Minha filha será entregue no endereço abaixo: Avenida 123, 1234, 01234-000, por favor, confirme.""",1
"""39. ""Meu número de telefone é 123-456-7890, pode me enviar um código de verificação por SMS?""",1
"""40. ""Minha entrega será realizada na casa de meu amigo, Pedro Silva, na Rua EFG, 9876, 01234-000.""",1
"""41. ""Meu número de identificação é 321.654.987-01, pode verificar minha reserva?""",1
"""42. ""Minha senha é admin123, pode confirmar meu login?""",1
"""43. ""Minha nova casa é na Rua HIK, 1234, 01234-000, pode me enviar o contrato por e-mail?""",1
"""44. ""Meu número de cartão de crédito é 1234-5678-9012-3456, pode confirmar minha compra?""",1
"""45. ""Meu número de telefone é +55 (12) 9876-5432, pode atualizar meu cadastro?""",1
"""46. ""Minha entrega será realizada na Rua LMN, 6789, 01234-000, pode confirmar o endereço?""",1
"""47. ""Minha senha é 123456, pode confirmar meu acesso à minha conta?""",1
"""48. ""Minha filha será entregue no endereço abaixo: Rua OPQ, 1234, 01234-000, por favor, confirme.""",1
"""49. ""Meu número de telefone é (12) 9876-5432, pode me enviar um código de verificação por SMS?""",1
"""50. ""Minha entrega será realizada na casa de meu amigo, Sofia Silva, na Rua STU, 4321, 01234-000.""",1
"""Felipe Silva, residente na Rua das Flores, 123, 01000-000 São Paulo, informou que recebeu seu cartão de crédito com sucesso.""",1
"""Para confirmar seu pedido, entre em contato com nosso suporte ao cliente pelo número (11) 98765-4321 ou pelo e-mail [support@empresa.com](mailto:support@empresa.com).""",1
"""Minha namorada, Isabella Rodrigues, ficou muito feliz com o presente que enviamos para o endereçoRua das Hortências, 456, 02000-000 Rio de Janeiro.""",1
"""Olá, meu número de identificação é 123.456.789-00 e meu endereço é Av. Brigadeiro Lucas Paes, 789, 03000-000 São Paulo.""",1
"""O novo cartão de crédito de Maria Silva foi emitido com sucesso. Os detalhes são: número do cartão 1234 5678 9012 3456, data de validade 12/25 e CVV 123.""",1
"""Fui vítima de fraude no meu cartão de crédito. Meu número é 5555 6666 7777 8888 e meu CPF é 123.456.789-00.""",1
"""O pedido de Ana Becker foi enviado para o endereço Rua das Acácias, 321, 04000-000 Belo Horizonte.""",1
"""Meu número de telefone é 123.456.7890 e meu endereço é Rua das Garças, 987, 05000-000 Curitiba.""",1
"""Estou tendo problemas para realizar uma compra online. Meu número de cartão é 9876 5432 1098 7654 e o código de segurança é 321.""",1
"""O novo endereço de entrega de João Oliveira é Rua das Magnólias, 654, 06000-000 Porto Alegre.""",1
"""Minha senha do banco é 123456 e meu número de conta é 12345-6.""",1
"""Para realizar o pagamento, digite o número do seu cartão: 5555 6666 7777 8888.""",1
"""O novo cartão de débito de Laura Martins foi emitido com sucesso. O número do cartão é 4321 1234 5678 9012.""",1
"""Meu endereço é Avenida Brasil, 123, 07000-000 São Paulo, SP.""",1
"""Para confirmar sua identidade, digite seu CPF: 123.456.789-00.""",1
"""Estou tendo dificuldades para receber minhas compras. Meu endereço é Rua das Acácias, 789, 08000-000 Brasília.""",1
"""Minha namorada, Laura Souza, mora na Rua das Rosas, 456, 09000-000 Salvador.""",1
"""Minha senha de acesso é 654321 e meu número de usuário é 12345.""",1
"""Para atualizar suas informações, entre em contato com nossa equipe de suporte pelo número (21) 98765-4321.""",1
"""Minha filha, Isabella Pereira, nasceu no Hospital das Clínicas, na Rua da Consolação, 456, 01000-000 São Paulo.""",1
"""Estou tendo problemas para realizar um pagamento. Meu número de cartão é 1111 2222 3333 4444 e meu CPF é 987.654.321-00.""",1
"""Meu endereço é Rua das Amendoeiras, 321, 10000-000 Fortaleza.""",1
"""Meu número de telefone é (71) 98765-4321 e meu endereço é Rua das Palmeiras, 654, 11000-000 Belém.""",1
"""Estou tendo dificuldades para realizar um login. Meu nome de usuário é jose.silva e minha senha é abc123.""",1
"""Minha conta bancária é no Banco do Brasil, agência 1234, conta 56789.""",1
"""Estou tendo problemas para fazer um depósito. Meu número de conta é 12345-6 e meu CPF é 987.654.321-00.""",1
"""Minha senha de acesso é 123abc e meu nome de usuário é maria.oliveira.""",1
"""Estou tendo dificuldades para realizar uma compra online. Meu número de cartão é 1234 5678 9012 3456 e o código de segurança é 123.""",1
"""Meu número de telefone é 1234-5678 e meu endereço é Rua das Orquídeas, 987, 13000-000 Manaus.""",1
"""O novo cartão de crédito de Carlos Silva foi emitido com sucesso. O número do cartão é 4567 8901 2345 6789.""",1
"""Estou tendo dificuldades para realizar um login. Meu nome de usuário é jose.gomes e minha senha é 123456.""",1
"""Minha conta bancária é no Itaú, agência 4321, conta 98765.""",1
"""Estou tendo problemas para fazer um pagamento. Meu número de cartão é 2222 3333 4444 5555 e meu CPF é 123.456.789-00.""",1
"""Meu endereço é Rua das Jacarandás, 789, 14000-000Recife.""",1
"""Minha senha de acesso é qwerty e meu nome de usuário é lucas.santos.""",1
"""Estou tendo dificuldades para realizar uma compra online. Meu número de cartão é 3333 4444 5555 6666 e o código de segurança é 432.""",1
"""1. ""O novo cartão de crédito do Sr. José Silva foi enviado para o endereço: Rua das Flores, 123, São Paulo - SP, CEP 01234-567.""",1
"""2. ""Entre em contato com a equipe de suporte ao cliente pelo número (11) 98765-4321.""",1
"""3. ""Minha senha do banco é 1234, mas preciso mudá-la. Qual é o procedimento?""",1
"""4. ""O endereço de entrega para o pedido #123456 é Rua da Paz, 456, Rio de Janeiro - RJ, CEP 22222-222.""",1
"""5. ""O CPF do Sr. André Oliveira é 123.456.789-09.""",1
"""6. ""Mande uma mensagem para o número 987.654.3210 para recibir más información.""",1
"""7. ""Meu número de identidade é 12345678, preciso renovar meu passaporte.""",1
"""8. ""A fatura do cartão de crédito 1234-5678-9012-3456 estará disponível online em breve.""",1
"""9. ""O endereço do Sr. Pedro Souza é Av. Brasil, 789, Belo Horizonte - MG, CEP 30123-456.""",1
"""10. ""Ligue para o serviço de televendas no número 0800 777 1234 para fazer uma compra.""",1
"""11. ""O número da conta bancária é 12345-6, agência 0123.""",1
"""12. ""Mude sua senha de acesso para o sistema usando o ID de usuário 12345.""",1
"""13. ""O novo endereço do Sr. José da Silva é Rua das Violetas, 321, Fortaleza - CE, CEP 60000-000.""",1
"""14. ""Entre em contato com o suporte técnico pelo número 987654321 ou pelo email [suporte@empresa.com](mailto:suporte@empresa.com).""",1
"""15. ""O cartão de débito com número 1234-5678 foi bloqueado por segurança.""",1
"""16. ""Mude o endereço de cobrança para Rua das Rosas, 654, Salvador - BA, CEP 40000-000.""",1
"""17. ""O número de telefone do Sr. Paulo Rodrigues é (11) 98765-4321.""",1
"""18. ""O CPF da Sra. Maria José é 987.654.321-09.""",1
"""19. ""O número do meu cartão de crédito é 1234-5678-9012-3456, preciso realizar uma compra.""",1
"""20. ""O endereço de entrega para o pedido #654321 é Rua das Acácias, 987, Curitiba - PR, CEP 80000-000.""",1
"""21. ""Minha senha de acesso à conta é 12345.""",1
"""22. ""Entre em contato com a empresa pelo número de telefone (11) 98765-4321 ou pelo email [info@empresa.com](mailto:info@empresa.com).""",1
"""23. ""O novo endereço do Sr. Antonio Carlos é Av. Independência, 789, Brasília - DF, CEP 70000-000.""",1
"""24. ""O número do cartão de crédito utilizado foi 1234-5678-9012-3456.""",1
"""25. ""Entre em contato com a empresa pelo número de telefone 123.456.7890 ou pelo email [contato@empresa.com](mailto:contato@empresa.com).""",1
"""26. ""Mude seu endereço de entrega para Rua das Orquídeas, 456, Porto Alegre - RS, CEP 90000-000.""",1
"""27. ""O número de telefone da empresa é (11) 98765-4321.""",1
"""28. ""O CPF da Sra. Sonia Silva é 456.789.123-09.""",1
"""29. ""O número do meu cartão de débito é 1234-5678.""",1
"""30. ""O endereço de entrega para o pedido #111111 é Rua das Magnólias, 321, Belém - PA, CEP 66666-666.""",1
"""31. ""Mude sua senha de acesso ao sistema usando o ID de usuário 65432.""",1
"""32. ""Entre em contato com a empresa pelo número de telefone 0800 777 1234 ou pelo email [ajuda@empresa.com](mailto:ajuda@empresa.com).""",1
"""33. ""O novo endereço do Sr. Roberto Oliveira é Av. Brasil, 456, Manaus - AM, CEP 69000-000.""",1
"""34. ""O número do cartão de crédito utilizado foi 9876-5432-1098-7654.""",1
"""35. ""Mude seu endereço de cobrança para Rua das Dálias, 789, João Pessoa - PB, CEP 58000-000.""",1
"""36. ""O número de telefone da empresa é (11) 456-7890.""",1
"""37. ""O CPF do Sr. José da Silva é 789.456.123-09.""",1
"""38. ""O número do meu cartão de crédito é 4321-5678-9012-3456, preciso realizar uma compra.""",1
"""39. ""O endereço de entrega para o pedido #24680 é Rua das Gardênias, 135, Recife - PE, CEP 50000-000.""",1
"""40. ""Mude seu endereço de entrega para Rua das Camélias, 246, Florianópolis - SC, CEP 88000-000.""",1
"""41. ""Entre em contato com a empresa pelo número de telefone 1234-5678 ou pelo email [atendimento@empresa.com](mailto:atendimento@empresa.com).""",1
"""42. ""O número do cartão de crédito utilizado foi 2468-1024-6810-2468.""",1
"""43. ""O novo endereço do Sr. Anderson Pereira é Av. Rio Branco, 123, Salvador - BA, CEP 40000-000.""",1
"""44. ""Mude sua senha de acesso ao sistema usando o ID de usuário 12345.""",1
"""45. ""Entre em contato com a empresa pelo número de telefone 0800 123 4567 ou pelo email [contato@empresa.com](mailto:contato@empresa.com).""",1
"""46. ""O número do meu cartão de débito é 9876-5432.""",1
"""47. ""O endereço de entrega para o pedido #13579 é Rua das Azaleias, 456, Natal - RN, CEP 59000-000.""",1
"""48. ""Mude seu endereço de cobrança para Rua das Palmas, 789, Cuiabá - MT, CEP 78000-000.""",1
"""49. ""O número de telefone da empresa é (11) 9876-5432.""",1
"""50. ""O CPF da Sra. Maria do Carmo é 102030-4050-6070-8090-00.""",1
"""Confirmado: o cartão de crédito 1234-5678-9012-3456 foi utilizado ontem na loja da Rua Paulo VI, 150, Rio de Janeiro.""",1
"""Olá, Sr. José Silva, sua encomenda será entregue na próxima terça-feira no endereço informado: Av. Brasil, 500, São Paulo - SP, CEP 01001-000.""",1
"""Ligue agora para (21) 98765-4321 para saber mais sobre nossas promoções exclusivas!""",1
"""Caro(a) cliente, sua reserva foi confirmada para o dia 15 de maio. Endereço: Rua das Flores, 35, Belo Horizonte - MG.""",1
"""Obrigado por entrar em contato, Sr(a). Maria Oliveira. Seu número de seguro social é 123.456.789-01.""",1
"""O cartão de crédito com final 1234 foi utilizado hoje às 10h30 na Rua Augusta, 2642, São Paulo.""",1
"""Minha senha é 9876 para o cartão de crédito 1111-2222-3333-4444.""",1
"""O Sr. Antonio Silva pode ser contatado pelo telefone 123.456.7890 ou pelo email antonio.silva@email.com.""",1
"""Sua encomenda foi entregue no endereço informado: Rua das Hortências, 80, Porto Alegre - RS, CEP 90010-000.""",1
"""Obrigado por utilizar nossos serviços, Sra. Ana Souza. Se precisar de ajuda, entre em contato conosco pelo número 1900.""",1
"""O cartão de crédito 5555-6666-7777-8888 foi utilizado ontem na Rua 24 de Maio, 1250, São Paulo.""",1
"""Olá, meu nome é Carlos, meu número de telefone é (61) 98765-4321. Estarei em Brasília esta semana.""",1
"""Sua encomenda será entregue no endereço informado: Av. das Flores, 200, Salvador - BA, CEP 40001-000.""",1
"""O número de rastreamento para sua encomenda é 1234567890. Ela será entregue na Rua do Comércio, 10, Recife - PE, CEP 50010-000.""",1
"""Caro(a) cliente, sua reserva foi confirmada para o dia 20 de maio. Endereço: Av. Atlântica, 1200, Fortaleza - CE, CEP 60001-000.""",1
"""Ligue agora para 0800-123456 para saber mais sobre nossas promoções.""",1
"""Obrigado por entrar em contato, Sr(a). José da Silva. Seu número de seguro social é 123.456.789-10.""",1
"""O cartão de crédito 1111-2222-3333-4444 foi utilizado hoje às 15h na Rua da Consolação, 1500, São Paulo.""",1
"""Minha conta é 12345-6, agência 0001, Banco do Brasil, CNPJ 00.000.000/0001-00.""",1
"""Sua encomenda foi entregue no endereço informado: Rua do Ouro, 50, Belém - PA, CEP 66001-000.""",1
"""Olá, meu nome é Maria, meu número de telefone é 123.456.7890. Estarei em Goiânia esta semana.""",1
"""Sua encomenda será entregue no endereço informado: Av. Getúlio Vargas, 500, Manaus - AM, CEP 69000-000.""",1
"""Obrigado por utilizar nossos serviços, Sr. João Paulo. Se precisar de ajuda, entre em contato conosco pelo número 0800-123456.""",1
"""O cartão de crédito 6666-7777-8888-9999 foi utilizado ontem na Rua do Ouvidor, 63, Rio de Janeiro.""",1
"""Olá, meu nome é Pedro, meu número de telefone é (31) 98765-4321. Estarei em Belo Horizonte esta semana.""",1
"""Sua encomenda foi entregue no endereço informado: Rua da Cidadania, 100, Curitiba - PR, CEP 80001-000.""",1
"""Caro(a) cliente, sua reserva foi confirmada para o dia 18 de maio. Endereço: Av. Paulo VI, 200, Brasília - DF, CEP 70001-000.""",1
"""Ligue agora para 0800-123456 para saber mais sobre nossas promoções exclusivas.""",1
"""Obrigado por entrar em contato, Sr(a). Maria das Graças. Seu número de seguro social é 123.456.789-11.""",1
"""O cartão de crédito 1234-5678-9012-3456 foi utilizado hoje às 18h na Rua Augusta, 3000, São Paulo.""",1
"""Minha conta é 12345-6, agência 0001, Itaú, CNPJ 00.000.000/0001-00.""",1
"""Olá, meu nome é Ana, meu número de telefone é 123.456.7890. Estarei em São Paulo esta semana.""",1
"""Sua encomenda será entregue no endereço informado: Av. Brigadeiro Faria Lima, 1500, São Paulo - SP, CEP 01451-900.""",1
"""Caro(a) cliente, sua reserva foi confirmada para o dia 22 de maio. Endereço: Rua do Sol, 50, Natal - RN, CEP 59001-000.""",1
"""Ligue agora para (21) 98765-4321 para saber mais sobre nossas promoções.""",1
"""Obrigado por utilizar nossos serviços, Sr(a). José Carlos. Se precisar de ajuda, entre em contato conosco pelo número 0800-123456.""",1
"""O cartão de crédito 5555-6666-7777-8888 foi utilizado ontem na Rua da Consolação, 1000, São Paulo.""",1
"""Minha senha é 9876 para o cartão de crédito 2222-3333-4444-5555.""",1
"""Sua encomenda foi entregue no endereço informado: Av. Rio Branco, 100, Fortaleza - CE, CEP 60001-000.""",1
"""Olá, meu nome é Carlos, meu número de telefone é (81) 98765-4321. Estarei em Recife esta semana.""",1
"""Caro(a) cliente, sua reserva foi confirmada para o dia 17 de maio. Endereço: Av. Atlântica, 2500, Salvador - BA, CEP 40001-000.""",1
"""Ligue agora para 0800-123456 para saber mais sobre nossas promoções exclusivas.""",1
"""Obrigado por entrar em contato, Sr(a). Maria de Fátima. Seu número de seguro social é 123.456.789-12.""",1
"""Minha conta é 12345-6, agência 0001, Banco do Brasil, CPF 000.000.000-00.""",1
"""Sua encomenda será entregue no endereço informado: Rua da Cidadania, 200, Brasília - DF, CEP 70001-000.""",1
"""O cartão de crédito 1111-2222-3333-4444 foi utilizado hoje às 12h na Rua do Ouvidor, 80, Rio de Janeiro.""",1
"""Olá, meu nome é Ana, meu número de telefone é (21) 98765-4321. Estarei no Rio de Janeiro esta semana.""",1
"""Sua encomenda foi entregue no endereço informado: Av. Paulo VI, 500, Belo Horizonte - MG, CEP 30001-000.""",1
"""1. ""Olá, meu nome é Maria Silva e meu endereço é Rua das Rosas, 25, Apto 301, São Paulo - SP, 04534-003.""",1
"""2. ""Entre em contato pelo número (11) 98765-4321 ou pelo email [maria.silva@email.com](mailto:maria.silva@email.com).""",1
"""3. ""Sua encomenda será entregue em Av. Brasil, 123, Rio de Janeiro - RJ, 20031-003.""",1
"""4. ""Meu cartão de crédito é 1234 5678 9012 3456, válido até 12/2025.""",1
"""5. ""Minha identidade é 23.456.789-0 e meu endereço é Rua da Passagem, 89, Belo Horizonte - MG, 30130-010.""",1
"""6. ""Meu CPF é 012.345.678-90 e meu telefone é 31 98765-4321.""",1
"""7. ""O número da fatura do seu cartão é 1234 5678 9012 3456 e a data de vencimento é 25/09/2022.""",1
"""8. ""A entrega será feita na Rua dos Alfeneiros, 15, Santos - SP, 11010-010.""",1
"""9. ""Meu nome completo é Ana Carolina de Oliveira e meu endereço é Av. Atlântica, 2001, Apartamento 402, Copacabana, Rio de Janeiro - RJ, 22010-001.""",1
"""10. ""Meu cartão de débito é 4567 8901 2345 6789, válido até 02/2023.""",1
"""11. ""Meu RG é 12.345.678-9 e meu endereço é Rua dos Andradas, 456, Porto Alegre - RS, 90010-000.""",1
"""12. ""O número de telefone para contato é 81 98765-4321.""",1
"""13. ""Sua entrega será realizada na Rua do Ouro, 78, Ouro Preto - MG, 35400-000.""",1
"""14. ""Minha conta bancária é no Banco do Brasil, agência 1234, conta corrente 98765432, em nome de José Carlos Santos.""",1
"""15. ""O endereço de cobrança é Rua das Flores, 321, Salvador - BA, 40010-000.""",1
"""16. ""Meu cartão de crédito é 2345 6789 0123 4567, com data de validade 10/2024.""",1
"""17. ""Meu número da Previdência Social é 789.012.345-67.""",1
"""18. ""A entrega será feita na Rua do Comércio, 123, Recife - PE, 50010-000.""",1
"""19. ""Meu número de telefone é 21 98765-4321 e meu email é [joao.santos@email.com](mailto:joao.santos@email.com).""",1
"""20. ""O número do pedido é 1234567 e o valor total foi de R$ 500,00.""",1
"""21. ""Minha senha do banco é 1234.""",1
"""22. ""A entrega será realizada na Rua XV de Novembro, 234, Curitiba - PR, 80010-000.""",1
"""23. ""Meu CPF é 098.765.432-00 e meu endereço é Rua da Ladeira, 567, São Luís - MA, 65015-000.""",1
"""24. ""Meu número de cartão de benefício é 8901234567890.""",1
"""25. ""A entrega será feita na Rua da Imperatriz, 1011, Fortaleza - CE, 60010-000.""",1
"""26. ""Meu número de telefone é 71 98765-4321 e meu endereço de email é [maria.ferreira@email.com](mailto:maria.ferreira@email.com).""",1
"""27. ""Minha conta bancária é no Itaú, agência 1234, conta poupança 98765432, em nome de Antonio Carlos Souza.""",1
"""28. ""A entrega será realizada na Rua XV de Novembro, 345, Florianópolis - SC, 88010-000.""",1
"""29. ""Minha senha do cartão é 4321.""",1
"""30. ""O número de rastreamento da sua encomenda é 1Z99999999BR.""",1
"""31. ""Meu endereço é Rua das Oliveiras, 890, Goiânia - GO, 74010-000.""",1
"""32. ""Meu número de telefone é 35 98765-4321 e meu email é [luisa.silva@email.com](mailto:luisa.silva@email.com).""",1
"""33. ""A entrega será feita na Rua da Conceição, 678, João Pessoa - PB, 58010-000.""",1
"""34. ""Meu número de seguro social é 789.123.456-78.""",1
"""35. ""Minha conta bancária é no Bradesco, agência 2345, conta corrente 98765432, em nome de Maria de Jesus Santos.""",1
"""36. ""O número do meu cartão de débito é 5678 9012 3456 7890, válido até 05/2023.""",1
"""37. ""A entrega será realizada na Rua da Matriz, 901, Aracaju - SE, 49010-000.""",1
"""38. ""Meu número de telefone é 48 98765-4321 e meu endereço de email é [jose.santos@email.com](mailto:jose.santos@email.com).""",1
"""39. ""Meu CPF é 123.456.789-00 e meu nome completo é José da Silva.""",1
"""40. ""Minha senha de acesso é 5432.""",1
"""41. ""A entrega será feita na Rua das Missões, 2345, Manaus - AM, 69010-000.""",1
"""42. ""Meu número de telefone é 67 98765-4321 e meu endereço de email é [ana.marques@email.com](mailto:ana.marques@email.com).""",1
"""43. ""Minha conta bancária é no Caixa Econômica, agência 3456, conta poupança 98765432, em nome de Roberto Carlos Oliveira.""",1
"""44. ""A entrega será realizada na Rua da Cidadania, 5678, Belém - PA, 66010-000.""",1
"""45. ""Meu número de telefone é 73 98765-4321 e meu endereço de email é [carlos.rodrigues@email.com](mailto:carlos.rodrigues@email.com).""",1
"""46. ""Minha senha do banco é 6543.""",1
"""47. ""A entrega será feita na Rua da República, 1234, Porto Velho - RO, 78900-000.""",1
"""48. ""Meu endereço é Rua dos Andradas, 456, Porto Alegre - RS, 90010-000.""",1
"""49. ""Meu número de telefone é 92 98765-4321 e meu email é [lucas.santos@email.com](mailto:lucas.santos@email.com).""",1
"""50. ""Minha senha de acesso é 9876.""",1
"""New resident alert! Welcome, Maria Silva, to 1234 Rua das Flores, São Paulo, 01234-567, Brazil.""",1
"""Confirmado: Pedido de Joao Oliveira, 1234-5678, chega amanhã à 123 Avenida Paulista, São Paulo.""",1
"""Oi, pode me ligar de volta para 99999-9999? Esqueci meu cartão de crédito em casa.""",1
"""Senhor(a) Silva, seu número de seguro social é 123.456.789-01. Por favor, atualize seus dados.""",1
"""Compra confirmada! Seus dois iPhones estão a caminho de Carlos Ribeiro, 3456 Rua ABC, Rio de Janeiro, RJ, 22222-345.""",1
"""Meu cartão de crédito expirou. Número novo: 1234 5678 9012 3456, código de segurança 123, validade 12/25.""",1
"""Nova conta aberta para Ana Carla, CPF: 123.456.789-09, endereço: 6789 Avenida XYZ, Belo Horizonte, MG, 34567-890.""",1
"""Pedimos desculpas pelo atraso, Sr(a). José Souza. Seu pedido será entregue em breve para 2345 Rua das Oliveiras, São Paulo, SP, 09876-543.""",1
"""Mudei meu número, agora é 9999-9999. Mande mensagens para esse novo contato.""",1
"""Recibo de pagamento recebido. Valor: R$100,00, para o cartão de crédito final 1234, em nome de Pedro Oliveira.""",1
"""Nova senha para o acesso ao sistema: abc123, para o usuário Lucas Pereira, endereço de e-mail: lucasp@email.com.""",1
"""Confirmamos o agendamento de consulta para Maria da Silva no dia 20/12, às 15h, endereço: 3456 Rua da Paz, São Paulo, 05432-100.""",1
"""Meu cartão de débito foi bloqueado. Número: 1234 5678 9012 3456, agência: 1234, conta: 56789.""",1
"""Nova senha para o acesso à conta: abc123, para o usuário Rodrigo Silva, CPF: 123.456.789-09, endereço: 6789 Rua das Flores, Brasília, DF, 70000-000.""",1
"""Encomenda entregue! endereço: 2345 Rua dos Lírios, Curitiba, PR, 80000-000, para Ana Souza.""",1
"""Oi, pode me ligar de volta para 99999-9999? Esqueci meu cartão de débito em casa. Número: 1234 5678 9012 3456.""",1
"""Confirmamos o recebimento do seu pagamento. Valor: R$200,00, para o cartão de crédito final 1234, em nome de Carlos Almeida.""",1
"""Nova conta aberta para Maria das Dores, endereço: 5678 Rua das Rosas, Porto Alegre, RS, 90000-000, CPF: 123.456.789-09.""",1
"""Compra confirmada! Seus dois iPads estão a caminho de Antonio Carlos, 7890 Avenida dos Sonhos, Salvador, BA, 40000-000.""",1
"""Mudança de endereço registrada. Nova morada: 3456 Rua dos Sabiás, Fortaleza, CE, 60000-000, para José da Silva.""",1
"""Seu número de řegistro é 12345. Aguardamos seu comparecimento na próxima terça-feira, às 10h, no endereço: 6789 Rua das Árvores, Belém, PA, 66666-000.""",1
"""Nova senha para o acesso à conta: def456, para o usuário Fernanda Souza, endereço de e-mail: fernandas@email.com, CPF: 123.456.789-09.""",1
"""Comprovante de pagamento recebido. Valor: R$300,00, para o cartão de crédito final 1234, em nome de Maria Eduarda.""",1
"""Olá, posso saber seu número de telefone para contato? Meu nome é João Paulo, e gostaria de conversar sobre meu pedido.""",1
"""Recibo de pagamento recebido. Valor: R$50,00, para o cartão de débito final 1234, em nome de Pedro Silva.""",1
"""Nova conta aberta para José Carlos, endereço: 9876 Rua das Acácias, Manaus, AM, 69000-000, RG: 12345678.""",1
"""Confirmamos o agendamento de entrega para amanhã, dia 21/12, às 10h, no endereço: 5678 Rua das Orquídeas, Recife, PE, 50000-000.""",1
"""Mudei meu número, agora é (99) 9999-9999. Mande mensagens para esse novo contato.""",1
"""Recibo de pagamento recebido. Valor: R$150,00, para o cartão de crédito final 1234, em nome de LucasHenrique.""",1
"""Nova senha para o acesso ao sistema:ghi789, para o usuário Ana Clara, endereço de e-mail: anaclara@email.com, CNPJ: 12.345.678/0001-90.""",1
"""Encomenda entregue! Endereço: 7890 Rua das Margaridas, Goiânia, GO, 74000-000, para Ana Cláudia.""",1
"""Oi, pode me ligar de volta para (12) 99999-9999? Esqueci meu cartão de crédito em casa. Número: 1234 5678 9012 3456, código de segurança 123, validade 12/25.""",1
"""Nova conta aberta para Maria da Penha, endereço: 3456 Rua das Camélias, Florianópolis, SC, 88000-000, RG: 12345678.""",1
"""Confirmado: o cartão de crédito 1234-5678-9012-3456 foi utilizado ontem na loja da Rua Paulo VI, 150, Rio de Janeiro.""",1
"""Olá, Sr. José Silva, sua encomenda será entregue na próxima terça-feira no endereço informado: Av. Brasil, 500, São Paulo - SP, CEP 01001-000.""",1
"""Ligue agora para (21) 98765-4321 para saber mais sobre nossas promoções exclusivas!""",1
"""Caro(a) cliente, sua reserva foi confirmada para o dia 15 de maio. Endereço: Rua das Flores, 35, Belo Horizonte - MG.""",1
"""Obrigado por entrar em contato, Sr(a). Maria Oliveira. Seu número de seguro social é 123.456.789-01.""",1
"""O cartão de crédito com final 1234 foi utilizado hoje às 10h30 na Rua Augusta, 2642, São Paulo.""",1
"""Minha senha é 9876 para o cartão de crédito 1111-2222-3333-4444.""",1
"""O Sr. Antonio Silva pode ser contatado pelo telefone 123.456.7890 ou pelo email antonio.silva@email.com.""",1
"""Sua encomenda foi entregue no endereço informado: Rua das Hortências, 80, Porto Alegre - RS, CEP 90010-000.""",1
"""Obrigado por utilizar nossos serviços, Sra. Ana Souza. Se precisar de ajuda, entre em contato conosco pelo número 1900.""",1
"""O cartão de crédito 5555-6666-7777-8888 foi utilizado ontem na Rua 24 de Maio, 1250, São Paulo.""",1
"""Olá, meu nome é Carlos, meu número de telefone é (61) 98765-4321. Estarei em Brasília esta semana.""",1
"""Sua encomenda será entregue no endereço informado: Av. das Flores, 200, Salvador - BA, CEP 40001-000.""",1
"""O número de rastreamento para sua encomenda é 1234567890. Ela será entregue na Rua do Comércio, 10, Recife - PE, CEP 50010-000.""",1
"""Caro(a) cliente, sua reserva foi confirmada para o dia 20 de maio. Endereço: Av. Atlântica, 1200, Fortaleza - CE, CEP 60001-000.""",1
"""Ligue agora para 0800-123456 para saber mais sobre nossas promoções.""",1
"""Obrigado por entrar em contato, Sr(a). José da Silva. Seu número de seguro social é 123.456.789-10.""",1
"""O cartão de crédito 1111-2222-3333-4444 foi utilizado hoje às 15h na Rua da Consolação, 1500, São Paulo.""",1
"""Minha conta é 12345-6, agência 0001, Banco do Brasil, CNPJ 00.000.000/0001-00.""",1
"""Sua encomenda foi entregue no endereço informado: Rua do Ouro, 50, Belém - PA, CEP 66001-000.""",1
"""Olá, meu nome é Maria, meu número de telefone é 123.456.7890. Estarei em Goiânia esta semana.""",1
"""Sua encomenda será entregue no endereço informado: Av. Getúlio Vargas, 500, Manaus - AM, CEP 69000-000.""",1
"""Obrigado por utilizar nossos serviços, Sr. João Paulo. Se precisar de ajuda, entre em contato conosco pelo número 0800-123456.""",1
"""O cartão de crédito 6666-7777-8888-9999 foi utilizado ontem na Rua do Ouvidor, 63, Rio de Janeiro.""",1
"""Olá, meu nome é Pedro, meu número de telefone é (31) 98765-4321. Estarei em Belo Horizonte esta semana.""",1
"""Sua encomenda foi entregue no endereço informado: Rua da Cidadania, 100, Curitiba - PR, CEP 80001-000.""",1
"""Caro(a) cliente, sua reserva foi confirmada para o dia 18 de maio. Endereço: Av. Paulo VI, 200, Brasília - DF, CEP 70001-000.""",1
"""Ligue agora para 0800-123456 para saber mais sobre nossas promoções exclusivas.""",1
"""Obrigado por entrar em contato, Sr(a). Maria das Graças. Seu número de seguro social é 123.456.789-11.""",1
"""O cartão de crédito 1234-5678-9012-3456 foi utilizado hoje às 18h na Rua Augusta, 3000, São Paulo.""",1
"""Minha conta é 12345-6, agência 0001, Itaú, CNPJ 00.000.000/0001-00.""",1
"""Olá, meu nome é Ana, meu número de telefone é 123.456.7890. Estarei em São Paulo esta semana.""",1
"""Sua encomenda será entregue no endereço informado: Av. Brigadeiro Faria Lima, 1500, São Paulo - SP, CEP 01451-900.""",1
"""Caro(a) cliente, sua reserva foi confirmada para o dia 22 de maio. Endereço: Rua do Sol, 50, Natal - RN, CEP 59001-000.""",1
"""Ligue agora para (21) 98765-4321 para saber mais sobre nossas promoções.""",1
"""Obrigado por utilizar nossos serviços, Sr(a). José Carlos. Se precisar de ajuda, entre em contato conosco pelo número 0800-123456.""",1
"""O cartão de crédito 5555-6666-7777-8888 foi utilizado ontem na Rua da Consolação, 1000, São Paulo.""",1
"""Minha senha é 9876 para o cartão de crédito 2222-3333-4444-5555.""",1
"""Sua encomenda foi entregue no endereço informado: Av. Rio Branco, 100, Fortaleza - CE, CEP 60001-000.""",1
"""Olá, meu nome é Carlos, meu número de telefone é (81) 98765-4321. Estarei em Recife esta semana.""",1
"""Caro(a) cliente, sua reserva foi confirmada para o dia 17 de maio. Endereço: Av. Atlântica, 2500, Salvador - BA, CEP 40001-000.""",1
"""Ligue agora para 0800-123456 para saber mais sobre nossas promoções exclusivas.""",1
"""Obrigado por entrar em contato, Sr(a). Maria de Fátima. Seu número de seguro social é 123.456.789-12.""",1
"""Minha conta é 12345-6, agência 0001, Banco do Brasil, CPF 000.000.000-00.""",1
"""Sua encomenda será entregue no endereço informado: Rua da Cidadania, 200, Brasília - DF, CEP 70001-000.""",1
"""O cartão de crédito 1111-2222-3333-4444 foi utilizado hoje às 12h na Rua do Ouvidor, 80, Rio de Janeiro.""",1
"""Olá, meu nome é Ana, meu número de telefone é (21) 98765-4321. Estarei no Rio de Janeiro esta semana.""",1
"""Sua encomenda foi entregue no endereço informado: Av. Paulo VI, 500, Belo Horizonte - MG, CEP 30001-000.""",1
"""Há uma nova oferta para o Sr. João Silva, residente na Rua das Flores, 123, 4567-890 Lisbon.""",1
"""Ligue para o número 212 345 678 para marcar uma consulta com o Dr. Maria Ferreira.""",1
"""Meu cartão de crédito expirou, pode ser que seja 1234 5678 9012 3456?""",1
"""Mudei meu endereço para Avenida da Liberdade, 160, 1050-125 Lisboa. Por favor, atualize seus registros.""",1
"""O número do meu cartão de crédito é 4111 1111 1111 1111. Pode confirmar a compra?""",1
"""Preciso da cópia do meu contrato de aluguel, pode mandar para o endereço da Rua da Augusta, 200, 1100-070 Lisboa?""",1
"""Minha senha do banco é 1234, pode confirmar?""",1
"""O número de identificação fiscal do Sr. José Santos é 222222220.""",1
"""Minha conta bancária é no Millennium BCP, o número é 0010 0000 0000 0000.""",1
"""Mudei meu número de telefone para 926 123 456. Por favor, atualize sua lista de contatos.""",1
"""O endereço do novo escritório é na Rua do Ouro, 300, 1150-035 Lisboa.""",1
"""Meu CPF é 012.345.678-90.""",1
"""O número de identificação da minha empresa é 514145554.""",1
"""Minha carteira de identidade é 123456789. Preciso renovar meu passaporte.""",1
"""Meu cartão de crédito expirou, pode ser que seja 5555 5555 5555 4444?""",1
"""O número do meu cartão de seguro de saúde é 87654321.""",1
"""Preciso do número do meu cartão de crédito para fazer uma compra online. É 9999 8888 7777 6666?""",1
"""Mudei meu endereço para Avenida da República, 250, 1050-185 Lisboa. Por favor, atualize meus dados.""",1
"""Minha conta bancária é no Barclays, o número é 0007 0000 0000 0000.""",1
"""Preciso de uma cópia do meu contrato de trabalho, pode mandar para o endereço da Rua do Alecrim, 60, 1100-127 Lisboa?""",1
"""Minha senha do cartão de crédito é 1111. Pode confirmar a compra?""",1
"""Meu número de telefone é (123) 456-7890. Por favor, ligue para discutirmos o assunto.""",1
"""Mudei meu endereço para Rua da Prata, 135, 1100-411 Lisboa. Por favor, atualize meus dados.""",1
"""Meu cartão de crédito é 2222 2222 2222 2222. Pode confirmar a compra?""",1
"""Preciso da minha fatura do cartão de crédito, pode enviar para o endereço da Avenida da Liberdade, 350, 1050-147 Lisboa?""",1
"""Minha conta bancária é no Caixa Geral de Depósitos, o número é 0019 0000 0000 0000.""",1
"""Mudei meu número de telefone para 912 345 678. Por favor, atualize sua lista de contatos.""",1
"""O número do meu cartão de crédito é 3714 4963 5398 431. Pode confirmar a compra?""",1
"""Meu endereço é Rua das Janelas Verdes, 28C, 1100-469 Lisboa.""",1
"""Meu número de cartão de identificação é 0000 0000 0000.""",1
"""Preciso da cópia do meu contrato de aluguel, pode mandar para o endereço da Rua de São Bento, 199, 1200-821 Lisboa?""",1
"""Minha senha do banco é 5678. Pode confirmar?""",1
"""Meu número de telefone é 123.456.7890. Por favor, ligue para discutirmos o assunto.""",1
"""Confirmado: o cartão de crédito 1234-5678-9012-3456 foi utilizado ontem na loja da Rua Paulo VI, 150, Rio de Janeiro.""",1
"""Olá, Sr. José Silva, sua encomenda será entregue na próxima terça-feira no endereço informado: Av. Brasil, 500, São Paulo - SP, CEP 01001-000.""",1
"""Ligue agora para (21) 98765-4321 para saber mais sobre nossas promoções exclusivas!""",1
"""Caro(a) cliente, sua reserva foi confirmada para o dia 15 de maio. Endereço: Rua das Flores, 35, Belo Horizonte - MG.""",1
"""Obrigado por entrar em contato, Sr(a). Maria Oliveira. Seu número de seguro social é 123.456.789-01.""",1
"""O cartão de crédito com final 1234 foi utilizado hoje às 10h30 na Rua Augusta, 2642, São Paulo.""",1
"""Minha senha é 9876 para o cartão de crédito 1111-2222-3333-4444.""",1
"""O Sr. Antonio Silva pode ser contatado pelo telefone 123.456.7890 ou pelo email antonio.silva@email.com.""",1
"""Sua encomenda foi entregue no endereço informado: Rua das Hortências, 80, Porto Alegre - RS, CEP 90010-000.""",1
"""Obrigado por utilizar nossos serviços, Sra. Ana Souza. Se precisar de ajuda, entre em contato conosco pelo número 1900.""",1
"""O cartão de crédito 5555-6666-7777-8888 foi utilizado ontem na Rua 24 de Maio, 1250, São Paulo.""",1
"""Olá, meu nome é Carlos, meu número de telefone é (61) 98765-4321. Estarei em Brasília esta semana.""",1
"""Sua encomenda será entregue no endereço informado: Av. das Flores, 200, Salvador - BA, CEP 40001-000.""",1
"""O número de rastreamento para sua encomenda é 1234567890. Ela será entregue na Rua do Comércio, 10, Recife - PE, CEP 50010-000.""",1
"""Caro(a) cliente, sua reserva foi confirmada para o dia 20 de maio. Endereço: Av. Atlântica, 1200, Fortaleza - CE, CEP 60001-000.""",1
"""Ligue agora para 0800-123456 para saber mais sobre nossas promoções.""",1
"""Obrigado por entrar em contato, Sr(a). José da Silva. Seu número de seguro social é 123.456.789-10.""",1
"""O cartão de crédito 1111-2222-3333-4444 foi utilizado hoje às 15h na Rua da Consolação, 1500, São Paulo.""",1
"""Minha conta é 12345-6, agência 0001, Banco do Brasil, CNPJ 00.000.000/0001-00.""",1
"""Sua encomenda foi entregue no endereço informado: Rua do Ouro, 50, Belém - PA, CEP 66001-000.""",1
"""Olá, meu nome é Maria, meu número de telefone é 123.456.7890. Estarei em Goiânia esta semana.""",1
"""Sua encomenda será entregue no endereço informado: Av. Getúlio Vargas, 500, Manaus - AM, CEP 69000-000.""",1
"""Obrigado por utilizar nossos serviços, Sr. João Paulo. Se precisar de ajuda, entre em contato conosco pelo número 0800-123456.""",1
"""O cartão de crédito 6666-7777-8888-9999 foi utilizado ontem na Rua do Ouvidor, 63, Rio de Janeiro.""",1
"""Olá, meu nome é Pedro, meu número de telefone é (31) 98765-4321. Estarei em Belo Horizonte esta semana.""",1
"""Sua encomenda foi entregue no endereço informado: Rua da Cidadania, 100, Curitiba - PR, CEP 80001-000.""",1
"""Caro(a) cliente, sua reserva foi confirmada para o dia 18 de maio. Endereço: Av. Paulo VI, 200, Brasília - DF, CEP 70001-000.""",1
"""Ligue agora para 0800-123456 para saber mais sobre nossas promoções exclusivas.""",1
"""Obrigado por entrar em contato, Sr(a). Maria das Graças. Seu número de seguro social é 123.456.789-11.""",1
"""O cartão de crédito 1234-5678-9012-3456 foi utilizado hoje às 18h na Rua Augusta, 3000, São Paulo.""",1
"""Minha conta é 12345-6, agência 0001, Itaú, CNPJ 00.000.000/0001-00.""",1
"""Olá, meu nome é Ana, meu número de telefone é 123.456.7890. Estarei em São Paulo esta semana.""",1
"""Sua encomenda será entregue no endereço informado: Av. Brigadeiro Faria Lima, 1500, São Paulo - SP, CEP 01451-900.""",1
"""Caro(a) cliente, sua reserva foi confirmada para o dia 22 de maio. Endereço: Rua do Sol, 50, Natal - RN, CEP 59001-000.""",1
"""Ligue agora para (21) 98765-4321 para saber mais sobre nossas promoções.""",1
"""Obrigado por utilizar nossos serviços, Sr(a). José Carlos. Se precisar de ajuda, entre em contato conosco pelo número 0800-123456.""",1
"""O cartão de crédito 5555-6666-7777-8888 foi utilizado ontem na Rua da Consolação, 1000, São Paulo.""",1
"""Minha senha é 9876 para o cartão de crédito 2222-3333-4444-5555.""",1
"""Sua encomenda foi entregue no endereço informado: Av. Rio Branco, 100, Fortaleza - CE, CEP 60001-000.""",1
"""Olá, meu nome é Carlos, meu número de telefone é (81) 98765-4321. Estarei em Recife esta semana.""",1
"""Caro(a) cliente, sua reserva foi confirmada para o dia 17 de maio. Endereço: Av. Atlântica, 2500, Salvador - BA, CEP 40001-000.""",1
"""Ligue agora para 0800-123456 para saber mais sobre nossas promoções exclusivas.""",1
"""Obrigado por entrar em contato, Sr(a). Maria de Fátima. Seu número de seguro social é 123.456.789-12.""",1
"""Minha conta é 12345-6, agência 0001, Banco do Brasil, CPF 000.000.000-00.""",1
"""Sua encomenda será entregue no endereço informado: Rua da Cidadania, 200, Brasília - DF, CEP 70001-000.""",1
"""O cartão de crédito 1111-2222-3333-4444 foi utilizado hoje às 12h na Rua do Ouvidor, 80, Rio de Janeiro.""",1
"""Olá, meu nome é Ana, meu número de telefone é (21) 98765-4321. Estarei no Rio de Janeiro esta semana.""",1
"""Sua encomenda foi entregue no endereço informado: Av. Paulo VI, 500, Belo Horizonte - MG, CEP 30001-000.""",1
"""Confirmado: o cartão de crédito 1234-5678-9012-3456 foi utilizado ontem na loja da Rua Paulo VI, 150, Rio de Janeiro.""",1
"""Olá, Sr. José Silva, sua encomenda será entregue na próxima terça-feira no endereço informado: Av. Brasil, 500, São Paulo - SP, CEP 01001-000.""",1
"""Ligue agora para (21) 98765-4321 para saber mais sobre nossas promoções exclusivas!""",1
"""Caro(a) cliente, sua reserva foi confirmada para o dia 15 de maio. Endereço: Rua das Flores, 35, Belo Horizonte - MG.""",1
"""Obrigado por entrar em contato, Sr(a). Maria Oliveira. Seu número de seguro social é 123.456.789-01.""",1
"""O cartão de crédito com final 1234 foi utilizado hoje às 10h30 na Rua Augusta, 2642, São Paulo.""",1
"""Minha senha é 9876 para o cartão de crédito 1111-2222-3333-4444.""",1
"""O Sr. Antonio Silva pode ser contatado pelo telefone 123.456.7890 ou pelo email antonio.silva@email.com.""",1
"""Sua encomenda foi entregue no endereço informado: Rua das Hortências, 80, Porto Alegre - RS, CEP 90010-000.""",1
"""Obrigado por utilizar nossos serviços, Sra. Ana Souza. Se precisar de ajuda, entre em contato conosco pelo número 1900.""",1
"""O cartão de crédito 5555-6666-7777-8888 foi utilizado ontem na Rua 24 de Maio, 1250, São Paulo.""",1
"""Olá, meu nome é Carlos, meu número de telefone é (61) 98765-4321. Estarei em Brasília esta semana.""",1
"""Sua encomenda será entregue no endereço informado: Av. das Flores, 200, Salvador - BA, CEP 40001-000.""",1
"""O número de rastreamento para sua encomenda é 1234567890. Ela será entregue na Rua do Comércio, 10, Recife - PE, CEP 50010-000.""",1
"""Caro(a) cliente, sua reserva foi confirmada para o dia 20 de maio. Endereço: Av. Atlântica, 1200, Fortaleza - CE, CEP 60001-000.""",1
"""Ligue agora para 0800-123456 para saber mais sobre nossas promoções.""",1
"""Obrigado por entrar em contato, Sr(a). José da Silva. Seu número de seguro social é 123.456.789-10.""",1
"""O cartão de crédito 1111-2222-3333-4444 foi utilizado hoje às 15h na Rua da Consolação, 1500, São Paulo.""",1
"""Minha conta é 12345-6, agência 0001, Banco do Brasil, CNPJ 00.000.000/0001-00.""",1
"""Sua encomenda foi entregue no endereço informado: Rua do Ouro, 50, Belém - PA, CEP 66001-000.""",1
"""Olá, meu nome é Maria, meu número de telefone é 123.456.7890. Estarei em Goiânia esta semana.""",1
"""Sua encomenda será entregue no endereço informado: Av. Getúlio Vargas, 500, Manaus - AM, CEP 69000-000.""",1
"""Obrigado por utilizar nossos serviços, Sr. João Paulo. Se precisar de ajuda, entre em contato conosco pelo número 0800-123456.""",1
"""O cartão de crédito 6666-7777-8888-9999 foi utilizado ontem na Rua do Ouvidor, 63, Rio de Janeiro.""",1
"""Olá, meu nome é Pedro, meu número de telefone é (31) 98765-4321. Estarei em Belo Horizonte esta semana.""",1
"""Sua encomenda foi entregue no endereço informado: Rua da Cidadania, 100, Curitiba - PR, CEP 80001-000.""",1
"""Caro(a) cliente, sua reserva foi confirmada para o dia 18 de maio. Endereço: Av. Paulo VI, 200, Brasília - DF, CEP 70001-000.""",1
"""Ligue agora para 0800-123456 para saber mais sobre nossas promoções exclusivas.""",1
"""Obrigado por entrar em contato, Sr(a). Maria das Graças. Seu número de seguro social é 123.456.789-11.""",1
"""O cartão de crédito 1234-5678-9012-3456 foi utilizado hoje às 18h na Rua Augusta, 3000, São Paulo.""",1
"""Minha conta é 12345-6, agência 0001, Itaú, CNPJ 00.000.000/0001-00.""",1
"""Olá, meu nome é Ana, meu número de telefone é 123.456.7890. Estarei em São Paulo esta semana.""",1
"""Sua encomenda será entregue no endereço informado: Av. Brigadeiro Faria Lima, 1500, São Paulo - SP, CEP 01451-900.""",1
"""Caro(a) cliente, sua reserva foi confirmada para o dia 22 de maio. Endereço: Rua do Sol, 50, Natal - RN, CEP 59001-000.""",1
"""Ligue agora para (21) 98765-4321 para saber mais sobre nossas promoções.""",1
"""Obrigado por utilizar nossos serviços, Sr(a). José Carlos. Se precisar de ajuda, entre em contato conosco pelo número 0800-123456.""",1
"""O cartão de crédito 5555-6666-7777-8888 foi utilizado ontem na Rua da Consolação, 1000, São Paulo.""",1
"""Minha senha é 9876 para o cartão de crédito 2222-3333-4444-5555.""",1
"""Sua encomenda foi entregue no endereço informado: Av. Rio Branco, 100, Fortaleza - CE, CEP 60001-000.""",1
"""Olá, meu nome é Carlos, meu número de telefone é (81) 98765-4321. Estarei em Recife esta semana.""",1
"""Caro(a) cliente, sua reserva foi confirmada para o dia 17 de maio. Endereço: Av. Atlântica, 2500, Salvador - BA, CEP 40001-000.""",1
"""Ligue agora para 0800-123456 para saber mais sobre nossas promoções exclusivas.""",1
"""Obrigado por entrar em contato, Sr(a). Maria de Fátima. Seu número de seguro social é 123.456.789-12.""",1
"""Minha conta é 12345-6, agência 0001, Banco do Brasil, CPF 000.000.000-00.""",1
"""Sua encomenda será entregue no endereço informado: Rua da Cidadania, 200, Brasília - DF, CEP 70001-000.""",1
"""O cartão de crédito 1111-2222-3333-4444 foi utilizado hoje às 12h na Rua do Ouvidor, 80, Rio de Janeiro.""",1
"""Olá, meu nome é Ana, meu número de telefone é (21) 98765-4321. Estarei no Rio de Janeiro esta semana.""",1
"""Sua encomenda foi entregue no endereço informado: Av. Paulo VI, 500, Belo Horizonte - MG, CEP 30001-000.""",1
"""Brasil registra novo recorde de casos de COVID-19: 100.158 novos casos e 2.841 mortes em 24 horas.""",1
"""Maria Silva, 35, moradora da Rua das Flores, 123, Bairro da Liberdade, São Paulo, recebeu sua primeira dose da vacina contra a COVID-19 hoje.""",1
"""O cartão de crédito 1234-5678-9012-3456 foi utilizado para fazer uma compra no valor de R$ 500,00 na loja virtual da Amazon.""",1
"""O CPF 123.456.789-01 foi utilizado para solicitar um empréstimo de R$ 10.000,00 no Banco do Brasil.""",1
"""O endereço de entrega do seu pedido é Rua dos Lapis, 456, Apto 701, Centro, Rio de Janeiro - RJ, 20030-001.""",1
"""O número de telefone para contato é (21) 98765-4321. Ligue-nos caso precise de ajuda.""",1
"""O número do protocolo do seu pedido é 123456789. Utilize-o para acompanhar seu status.""",1
"""O cartão de crédito 1234-5678-9012-3456 foi utilizado para fazer uma compra na loja online da Subway.""",1
"""O endereço de entrega é Avenida das Acácias, 890, Apto 1002, São Paulo - SP, 01234-567.""",1
"""O número do cartão de crédito utilizado é 4567-8901-2345-6789. Verifique se os dados estão corretos.""",1
"""O CPF 987.654.321-09 foi utilizado para solicitar a segunda via da conta de luz.""",1
"""O número de telefone para contato é 123.456.7890. Ligue-nos para fazer qualquer pergunta.""",1
"""O endereço de entrega do seu pedido é Rua das Orquídeas, 789, Apto 301, Belo Horizonte - MG, 30123-456.""",1
"""O cartão de crédito 2345-6789-1011-1213 foi utilizado para fazer uma compra no valor de R$ 200,00 na loja virtual do Magazine Luiza.""",1
"""O número do protocolo do seu pedido é 987654321. Utilize-o para acompanhar seu status.""",1
"""O número de telefone para contato é (31) 9876-5432. Ligue-nos caso precise de ajuda.""",1
"""O endereço de entrega do seu pedido é Rua das Magnólias, 321, Apto 501, Salvador - BA, 40010-000.""",1
"""O cartão de crédito 3456-7890-1234-5678 foi utilizado para fazer uma compra no valor de R$ 300,00 na loja virtual da Americanas.""",1
"""O CPF 555.555.555-55 foi utilizado para solicitar um empréstimo de R$ 5.000,00 no Banco Santander.""",1
"""O número do protocolo do seu pedido é 43219876. Utilize-o para acompanhar seu status.""",1
"""O número de telefone para contato é 12345.67890. Ligue-nos caso precise de ajuda.""",1
"""O endereço de entrega do seu pedido é Rua dos Girassóis, 654, Apto 202, Curitiba - PR, 80010-000.""",1
"""O cartão de crédito 6789-1011-1213-1415 foi utilizado para fazer uma compra no valor de R$ 400,00 na loja virtual da Netshoes.""",1
"""O CPF 111.222.333-44 foi utilizado para solicitar a segunda via da conta de água.""",1
"""O número de telefone para contato é (41) 9876-5432. Ligue-nos caso precise de ajuda.""",1
"""O endereço de entrega do seu pedido é Avenida das Rosas, 987, Apto 404, Porto Alegre - RS, 90010-000.""",1
"""O cartão de crédito 8901-2345-6789-0123 foi utilizado para fazer uma compra no valor de R$ 250,00 na loja virtual do Pão To Go.""",1
"""O número do protocolo do seu pedido é 321654987. Utilize-o para acompanhar seu status.""",1
"""O número de telefone para contato é 1234567890. Ligue-nos caso precise de ajuda.""",1
"""O endereço de entrega do seu pedido é Rua das Margaridas, 456, Apto 303, Recife - PE, 50010-000.""",1
"""O cartão de crédito 9012-3456-7890-1234 foi utilizado para fazer uma compra no valor de R$ 350,00 na loja virtual da Subway.""",1
"""O CPF 222.333.444-55 foi utilizado para solicitar a segunda via da conta de luz.""",1
"""O número de telefone para contato é (81) 9876-5432. Ligue-nos caso precise de ajuda.""",1
"""O endereço de entrega do seu pedido é Rua das Camélias, 789, Apto 404, Brasília - DF, 70010-000.""",1
"""O cartão de crédito 0123-4567-8901-2345 foi utilizado para fazer uma compra no valor de R$ 200,00 na loja virtual do Magazine Luiza.""",1
"""O número do protocolo do seu pedido é 654987321. Utilize-o para acompanhar seu status.""",1
"""O número de telefone para contato é 1234567890. Ligue-nos caso precise de ajuda.""",1
"""Confirmado: o cartão de crédito 1234-5678-9012-3456 foi utilizado ontem na loja da Rua Paulo VI, 150, Rio de Janeiro.""",1
"""Olá, Sr. José Silva, sua encomenda será entregue na próxima terça-feira no endereço informado: Av. Brasil, 500, São Paulo - SP, CEP 01001-000.""",1
"""Ligue agora para (21) 98765-4321 para saber mais sobre nossas promoções exclusivas!""",1
"""Caro(a) cliente, sua reserva foi confirmada para o dia 15 de maio. Endereço: Rua das Flores, 35, Belo Horizonte - MG.""",1
"""Obrigado por entrar em contato, Sr(a). Maria Oliveira. Seu número de seguro social é 123.456.789-01.""",1
"""O cartão de crédito com final 1234 foi utilizado hoje às 10h30 na Rua Augusta, 2642, São Paulo.""",1
"""Minha senha é 9876 para o cartão de crédito 1111-2222-3333-4444.""",1
"""O Sr. Antonio Silva pode ser contatado pelo telefone 123.456.7890 ou pelo email antonio.silva@email.com.""",1
"""Sua encomenda foi entregue no endereço informado: Rua das Hortências, 80, Porto Alegre - RS, CEP 90010-000.""",1
"""Obrigado por utilizar nossos serviços, Sra. Ana Souza. Se precisar de ajuda, entre em contato conosco pelo número 1900.""",1
"""O cartão de crédito 5555-6666-7777-8888 foi utilizado ontem na Rua 24 de Maio, 1250, São Paulo.""",1
"""Olá, meu nome é Carlos, meu número de telefone é (61) 98765-4321. Estarei em Brasília esta semana.""",1
"""Sua encomenda será entregue no endereço informado: Av. das Flores, 200, Salvador - BA, CEP 40001-000.""",1
"""O número de rastreamento para sua encomenda é 1234567890. Ela será entregue na Rua do Comércio, 10, Recife - PE, CEP 50010-000.""",1
"""Caro(a) cliente, sua reserva foi confirmada para o dia 20 de maio. Endereço: Av. Atlântica, 1200, Fortaleza - CE, CEP 60001-000.""",1
"""Ligue agora para 0800-123456 para saber mais sobre nossas promoções.""",1
"""Obrigado por entrar em contato, Sr(a). José da Silva. Seu número de seguro social é 123.456.789-10.""",1
"""O cartão de crédito 1111-2222-3333-4444 foi utilizado hoje às 15h na Rua da Consolação, 1500, São Paulo.""",1
"""Minha conta é 12345-6, agência 0001, Banco do Brasil, CNPJ 00.000.000/0001-00.""",1
"""Sua encomenda foi entregue no endereço informado: Rua do Ouro, 50, Belém - PA, CEP 66001-000.""",1
"""Olá, meu nome é Maria, meu número de telefone é 123.456.7890. Estarei em Goiânia esta semana.""",1
"""Sua encomenda será entregue no endereço informado: Av. Getúlio Vargas, 500, Manaus - AM, CEP 69000-000.""",1
"""Obrigado por utilizar nossos serviços, Sr. João Paulo. Se precisar de ajuda, entre em contato conosco pelo número 0800-123456.""",1
"""O cartão de crédito 6666-7777-8888-9999 foi utilizado ontem na Rua do Ouvidor, 63, Rio de Janeiro.""",1
"""Olá, meu nome é Pedro, meu número de telefone é (31) 98765-4321. Estarei em Belo Horizonte esta semana.""",1
"""Sua encomenda foi entregue no endereço informado: Rua da Cidadania, 100, Curitiba - PR, CEP 80001-000.""",1
"""Caro(a) cliente, sua reserva foi confirmada para o dia 18 de maio. Endereço: Av. Paulo VI, 200, Brasília - DF, CEP 70001-000.""",1
"""Ligue agora para 0800-123456 para saber mais sobre nossas promoções exclusivas.""",1
"""Obrigado por entrar em contato, Sr(a). Maria das Graças. Seu número de seguro social é 123.456.789-11.""",1
"""O cartão de crédito 1234-5678-9012-3456 foi utilizado hoje às 18h na Rua Augusta, 3000, São Paulo.""",1
"""Minha conta é 12345-6, agência 0001, Itaú, CNPJ 00.000.000/0001-00.""",1
"""Olá, meu nome é Ana, meu número de telefone é 123.456.7890. Estarei em São Paulo esta semana.""",1
"""Sua encomenda será entregue no endereço informado: Av. Brigadeiro Faria Lima, 1500, São Paulo - SP, CEP 01451-900.""",1
"""Caro(a) cliente, sua reserva foi confirmada para o dia 22 de maio. Endereço: Rua do Sol, 50, Natal - RN, CEP 59001-000.""",1
"""Ligue agora para (21) 98765-4321 para saber mais sobre nossas promoções.""",1
"""Obrigado por utilizar nossos serviços, Sr(a). José Carlos. Se precisar de ajuda, entre em contato conosco pelo número 0800-123456.""",1
"""O cartão de crédito 5555-6666-7777-8888 foi utilizado ontem na Rua da Consolação, 1000, São Paulo.""",1
"""Minha senha é 9876 para o cartão de crédito 2222-3333-4444-5555.""",1
"""Sua encomenda foi entregue no endereço informado: Av. Rio Branco, 100, Fortaleza - CE, CEP 60001-000.""",1
"""Olá, meu nome é Carlos, meu número de telefone é (81) 98765-4321. Estarei em Recife esta semana.""",1
"""Caro(a) cliente, sua reserva foi confirmada para o dia 17 de maio. Endereço: Av. Atlântica, 2500, Salvador - BA, CEP 40001-000.""",1
"""Ligue agora para 0800-123456 para saber mais sobre nossas promoções exclusivas.""",1
"""Obrigado por entrar em contato, Sr(a). Maria de Fátima. Seu número de seguro social é 123.456.789-12.""",1
"""Minha conta é 12345-6, agência 0001, Banco do Brasil, CPF 000.000.000-00.""",1
"""Sua encomenda será entregue no endereço informado: Rua da Cidadania, 200, Brasília - DF, CEP 70001-000.""",1
"""O cartão de crédito 1111-2222-3333-4444 foi utilizado hoje às 12h na Rua do Ouvidor, 80, Rio de Janeiro.""",1
"""Olá, meu nome é Ana, meu número de telefone é (21) 98765-4321. Estarei no Rio de Janeiro esta semana.""",1
"""Sua encomenda foi entregue no endereço informado: Av. Paulo VI, 500, Belo Horizonte - MG, CEP 30001-000.""",1
"""1. ""Confirmamos o endereço de entrega: Rua das Flores 123, Apartamento 456, São Paulo - SP, CEP 01234-567""",1
"""2. ""Entre em contato com o suporte técnico pelo número (11) 98765-4321""",1
"""3. ""Mãe: Maria Silva, endereço: Av. Brasil 1000, Rio de Janeiro - RJ, CEP 22222-123""",1
"""4. ""Cartão utilizado: **** **** **** 1234, validade 12/25""",1
"""5. ""O número do seu pedido é #123456, para mais informações, ligue para 11 34567890""",1
"""6. ""Meu endereço é: Travessa da Paz 789, Belo Horizonte - MG, CEP 30123-456""",1
"""7. ""O número de protocolo da sua reclamação é 00123456, entre em contato pelo e-mail suporte@empresa.com ou pelo telefone (31) 98765-4321""",1
"""8. ""Confirmamos o seu endereço de cobrança como: Rua da Consolação 123, São Paulo - SP, CEP 01234-567""",1
"""9. ""Para mais informações, entre em contato com o suporte pelo número 12 3456-7890""",1
"""10. ""O número do cartão utilizado é **** **** **** 1234, validade 12/2025""",1
"""11. ""Endereço de entrega: Av. Paulista 999, São Paulo - SP, CEP 01310-100, Apartamento 101""",1
"""12. ""O número do seu boleto é 123456789, o valor é de R$ 100,00 e o vencimento é dia 10/12/2022""",1
"""13. ""Confirme seu endereço de entrega: Rua XV de Novembro 789, Curitiba - PR, CEP 80010-000""",1
"""14. ""Entre em contato com a empresa pelo telefone (21) 98765-4321 ou pelo e-mail sac@empresa.com""",1
"""15. ""Cartão utilizado: **** **** **** 1234, CVV 123, validade 12/2025""",1
"""16. ""O número do seu pedido é #654321, para mais informações, ligue para 11 98765-4321""",1
"""17. ""Meu endereço é: Rua das Amendoeiras 321, Porto Alegre - RS, CEP 90010-000""",1
"""18. ""O número de protocolo da sua solicitação é 00654321, entre em contato pelo e-mail suporte@empresa.com ou pelo telefone (27) 98765-4321""",1
"""19. ""Confirmamos o seu endereço de cobrança como: Alameda Santos 123, São Paulo - SP, CEP 01419-000""",1
"""20. ""Para mais informações, entre em contato com o suporte pelo telefone 13 45678-9012""",1
"""21. ""O número do cartão utilizado é **** **** **** 5678, validade 02/2023""",1
"""22. ""Endereço de entrega: Rua da Praia 456, Florianópolis - SC, CEP 88015-000, Apartamento 202""",1
"""23. ""O número do seu boleto é 987654321, o valor é de R$ 150,00 e o vencimento é dia 05/01/2023""",1
"""24. ""Confirme seu endereço de entrega: Rua das Figueiras 654, Salvador - BA, CEP 40010-000""",1
"""25. ""Entre em contato com a empresa pelo telefone (81) 98765-4321 ou pelo e-mail atendimento@empresa.com""",1
"""26. ""Cartão utilizado: **** **** **** 9012, CVV 456, validade 08/2024""",1
"""27. ""O número do seu pedido é #111111, para mais informações, ligue para 19 87654-3210""",1
"""28. ""Meu endereço é: Rua da Glória 234, Brasília - DF, CEP 70070-000""",1
"""29. ""O número de protocolo da sua solicitação é 00111111, entre em contato pelo e-mail suporte@empresa.com ou pelo telefone (32) 98765-4321""",1
"""30. ""Confirmamos o seu endereço de cobrança como: Rua do Catete 567, Rio de Janeiro - RJ, CEP 22222-123""",1
"""31. ""Para mais informações, entre em contato com o suporte pelo telefone 14 65432-1098""",1
"""32. ""O número do cartão utilizado é **** **** **** 3456, validade 01/2023""",1
"""33. ""Endereço de entrega: Rua do Livramento 789, Recife - PE, CEP 50010-000, Apartamento 303""",1
"""34. ""O número do seu boleto é 432198765, o valor é de R$ 200,00 e o vencimento é dia 20/02/2023""",1
"""35. ""Confirme seu endereço de entrega: Rua do Ouvidor 456, Manaus - AM, CEP 69010-000""",1
"""36. ""Entre em contato com a empresa pelo telefone (71) 98765-4321 ou pelo e-mail faleconosco@empresa.com""",1
"""37. ""Cartão utilizado: **** **** **** 7890, CVV 789, validade 05/2024""",1
"""38. ""O número do seu pedido é #222222, para mais informações, ligue para 17 43210-9876""",1
"""39. ""Meu endereço é: Rua da Liberdade 123, São Paulo - SP, CEP 01234-567, Apartamento 606""",1
"""40. ""O número de protocolo da sua solicitação é 00222222, entre em contato pelo e-mail suporte@empresa.com ou pelo telefone (24) 98765-4321""",1
"""41. ""Confirmamos o seu endereço de cobrança como: Av. João Pinheiro 890, Belo Horizonte - MG, CEP 30130-000""",1
"""42. ""Para mais informações, entre em contato com o suporte pelo telefone 15 98765-4321""",1
"""43. ""O número do cartão utilizado é **** **** **** 2468, validade 07/2024""",1
"""44. ""Endereço de entrega: Rua XV de Novembro 456, Curitiba - PR, CEP 80020-000, Apartamento 505""",1
"""45. ""O número do seu boleto é 765432198, o valor é de R$ 120,00 e o vencimento é dia 15/03/2023""",1
"""46. ""Confirme seu endereço de entrega: Rua da Consolação 789, São Paulo - SP, CEP 01301-000""",1
"""47. ""Entre em contato com a empresa pelo telefone (28) 98765-4321 ou pelo e-mail sac@empresa.com""",1
"""48. ""Cartão utilizado: **** **** **** 6543, CVV 345, validade 10/2023""",1
"""49. ""O número do seu pedido é #333333, para mais informações, ligue para 18 21098-7654""",1
"""50. ""Meu endereço é: Rua da Sé 234, São Paulo - SP, CEP 01001-000""",1
"""Confirmado: o cartão de crédito 1234-5678-9012-3456 foi utilizado ontem na loja da Rua Paulo VI, 150, Rio de Janeiro.""",1
"""Olá, Sr. José Silva, sua encomenda será entregue na próxima terça-feira no endereço informado: Av. Brasil, 500, São Paulo - SP, CEP 01001-000.""",1
"""Ligue agora para (21) 98765-4321 para saber mais sobre nossas promoções exclusivas!""",1
"""Caro(a) cliente, sua reserva foi confirmada para o dia 15 de maio. Endereço: Rua das Flores, 35, Belo Horizonte - MG.""",1
"""Obrigado por entrar em contato, Sr(a). Maria Oliveira. Seu número de seguro social é 123.456.789-01.""",1
"""O cartão de crédito com final 1234 foi utilizado hoje às 10h30 na Rua Augusta, 2642, São Paulo.""",1
"""Minha senha é 9876 para o cartão de crédito 1111-2222-3333-4444.""",1
"""O Sr. Antonio Silva pode ser contatado pelo telefone 123.456.7890 ou pelo email antonio.silva@email.com.""",1
"""Sua encomenda foi entregue no endereço informado: Rua das Hortências, 80, Porto Alegre - RS, CEP 90010-000.""",1
"""Obrigado por utilizar nossos serviços, Sra. Ana Souza. Se precisar de ajuda, entre em contato conosco pelo número 1900.""",1
"""O cartão de crédito 5555-6666-7777-8888 foi utilizado ontem na Rua 24 de Maio, 1250, São Paulo.""",1
"""Olá, meu nome é Carlos, meu número de telefone é (61) 98765-4321. Estarei em Brasília esta semana.""",1
"""Sua encomenda será entregue no endereço informado: Av. das Flores, 200, Salvador - BA, CEP 40001-000.""",1
"""O número de rastreamento para sua encomenda é 1234567890. Ela será entregue na Rua do Comércio, 10, Recife - PE, CEP 50010-000.""",1
"""Caro(a) cliente, sua reserva foi confirmada para o dia 20 de maio. Endereço: Av. Atlântica, 1200, Fortaleza - CE, CEP 60001-000.""",1
"""Ligue agora para 0800-123456 para saber mais sobre nossas promoções.""",1
"""Obrigado por entrar em contato, Sr(a). José da Silva. Seu número de seguro social é 123.456.789-10.""",1
"""O cartão de crédito 1111-2222-3333-4444 foi utilizado hoje às 15h na Rua da Consolação, 1500, São Paulo.""",1
"""Minha conta é 12345-6, agência 0001, Banco do Brasil, CNPJ 00.000.000/0001-00.""",1
"""Sua encomenda foi entregue no endereço informado: Rua do Ouro, 50, Belém - PA, CEP 66001-000.""",1
"""Olá, meu nome é Maria, meu número de telefone é 123.456.7890. Estarei em Goiânia esta semana.""",1
"""Sua encomenda será entregue no endereço informado: Av. Getúlio Vargas, 500, Manaus - AM, CEP 69000-000.""",1
"""Obrigado por utilizar nossos serviços, Sr. João Paulo. Se precisar de ajuda, entre em contato conosco pelo número 0800-123456.""",1
"""O cartão de crédito 6666-7777-8888-9999 foi utilizado ontem na Rua do Ouvidor, 63, Rio de Janeiro.""",1
"""Olá, meu nome é Pedro, meu número de telefone é (31) 98765-4321. Estarei em Belo Horizonte esta semana.""",1
"""Sua encomenda foi entregue no endereço informado: Rua da Cidadania, 100, Curitiba - PR, CEP 80001-000.""",1
"""Caro(a) cliente, sua reserva foi confirmada para o dia 18 de maio. Endereço: Av. Paulo VI, 200, Brasília - DF, CEP 70001-000.""",1
"""Ligue agora para 0800-123456 para saber mais sobre nossas promoções exclusivas.""",1
"""Obrigado por entrar em contato, Sr(a). Maria das Graças. Seu número de seguro social é 123.456.789-11.""",1
"""O cartão de crédito 1234-5678-9012-3456 foi utilizado hoje às 18h na Rua Augusta, 3000, São Paulo.""",1
"""Minha conta é 12345-6, agência 0001, Itaú, CNPJ 00.000.000/0001-00.""",1
"""Olá, meu nome é Ana, meu número de telefone é 123.456.7890. Estarei em São Paulo esta semana.""",1
"""Sua encomenda será entregue no endereço informado: Av. Brigadeiro Faria Lima, 1500, São Paulo - SP, CEP 01451-900.""",1
"""Caro(a) cliente, sua reserva foi confirmada para o dia 22 de maio. Endereço: Rua do Sol, 50, Natal - RN, CEP 59001-000.""",1
"""Ligue agora para (21) 98765-4321 para saber mais sobre nossas promoções.""",1
"""Obrigado por utilizar nossos serviços, Sr(a). José Carlos. Se precisar de ajuda, entre em contato conosco pelo número 0800-123456.""",1
"""O cartão de crédito 5555-6666-7777-8888 foi utilizado ontem na Rua da Consolação, 1000, São Paulo.""",1
"""Minha senha é 9876 para o cartão de crédito 2222-3333-4444-5555.""",1
"""Sua encomenda foi entregue no endereço informado: Av. Rio Branco, 100, Fortaleza - CE, CEP 60001-000.""",1
"""Olá, meu nome é Carlos, meu número de telefone é (81) 98765-4321. Estarei em Recife esta semana.""",1
"""Caro(a) cliente, sua reserva foi confirmada para o dia 17 de maio. Endereço: Av. Atlântica, 2500, Salvador - BA, CEP 40001-000.""",1
"""Ligue agora para 0800-123456 para saber mais sobre nossas promoções exclusivas.""",1
"""Obrigado por entrar em contato, Sr(a). Maria de Fátima. Seu número de seguro social é 123.456.789-12.""",1
"""Minha conta é 12345-6, agência 0001, Banco do Brasil, CPF 000.000.000-00.""",1
"""Sua encomenda será entregue no endereço informado: Rua da Cidadania, 200, Brasília - DF, CEP 70001-000.""",1
"""O cartão de crédito 1111-2222-3333-4444 foi utilizado hoje às 12h na Rua do Ouvidor, 80, Rio de Janeiro.""",1
"""Olá, meu nome é Ana, meu número de telefone é (21) 98765-4321. Estarei no Rio de Janeiro esta semana.""",1
"""Sua encomenda foi entregue no endereço informado: Av. Paulo VI, 500, Belo Horizonte - MG, CEP 30001-000.""",1
"""Confirmado: o cartão de crédito 1234-5678-9012-3456 foi utilizado ontem na loja da Rua Paulo VI, 150, Rio de Janeiro.""",1
"""Olá, Sr. José Silva, sua encomenda será entregue na próxima terça-feira no endereço informado: Av. Brasil, 500, São Paulo - SP, CEP 01001-000.""",1
"""Ligue agora para (21) 98765-4321 para saber mais sobre nossas promoções exclusivas!""",1
"""Caro(a) cliente, sua reserva foi confirmada para o dia 15 de maio. Endereço: Rua das Flores, 35, Belo Horizonte - MG.""",1
"""Obrigado por entrar em contato, Sr(a). Maria Oliveira. Seu número de seguro social é 123.456.789-01.""",1
"""O cartão de crédito com final 1234 foi utilizado hoje às 10h30 na Rua Augusta, 2642, São Paulo.""",1
"""Minha senha é 9876 para o cartão de crédito 1111-2222-3333-4444.""",1
"""O Sr. Antonio Silva pode ser contatado pelo telefone 123.456.7890 ou pelo email antonio.silva@email.com.""",1
"""Sua encomenda foi entregue no endereço informado: Rua das Hortências, 80, Porto Alegre - RS, CEP 90010-000.""",1
"""Obrigado por utilizar nossos serviços, Sra. Ana Souza. Se precisar de ajuda, entre em contato conosco pelo número 1900.""",1
"""O cartão de crédito 5555-6666-7777-8888 foi utilizado ontem na Rua 24 de Maio, 1250, São Paulo.""",1
"""Olá, meu nome é Carlos, meu número de telefone é (61) 98765-4321. Estarei em Brasília esta semana.""",1
"""Sua encomenda será entregue no endereço informado: Av. das Flores, 200, Salvador - BA, CEP 40001-000.""",1
"""O número de rastreamento para sua encomenda é 1234567890. Ela será entregue na Rua do Comércio, 10, Recife - PE, CEP 50010-000.""",1
"""Caro(a) cliente, sua reserva foi confirmada para o dia 20 de maio. Endereço: Av. Atlântica, 1200, Fortaleza - CE, CEP 60001-000.""",1
"""Ligue agora para 0800-123456 para saber mais sobre nossas promoções.""",1
"""Obrigado por entrar em contato, Sr(a). José da Silva. Seu número de seguro social é 123.456.789-10.""",1
"""O cartão de crédito 1111-2222-3333-4444 foi utilizado hoje às 15h na Rua da Consolação, 1500, São Paulo.""",1
"""Minha conta é 12345-6, agência 0001, Banco do Brasil, CNPJ 00.000.000/0001-00.""",1
"""Sua encomenda foi entregue no endereço informado: Rua do Ouro, 50, Belém - PA, CEP 66001-000.""",1
"""Olá, meu nome é Maria, meu número de telefone é 123.456.7890. Estarei em Goiânia esta semana.""",1
"""Sua encomenda será entregue no endereço informado: Av. Getúlio Vargas, 500, Manaus - AM, CEP 69000-000.""",1
"""Obrigado por utilizar nossos serviços, Sr. João Paulo. Se precisar de ajuda, entre em contato conosco pelo número 0800-123456.""",1
"""O cartão de crédito 6666-7777-8888-9999 foi utilizado ontem na Rua do Ouvidor, 63, Rio de Janeiro.""",1
"""Olá, meu nome é Pedro, meu número de telefone é (31) 98765-4321. Estarei em Belo Horizonte esta semana.""",1
"""Sua encomenda foi entregue no endereço informado: Rua da Cidadania, 100, Curitiba - PR, CEP 80001-000.""",1
"""Caro(a) cliente, sua reserva foi confirmada para o dia 18 de maio. Endereço: Av. Paulo VI, 200, Brasília - DF, CEP 70001-000.""",1
"""Ligue agora para 0800-123456 para saber mais sobre nossas promoções exclusivas.""",1
"""Obrigado por entrar em contato, Sr(a). Maria das Graças. Seu número de seguro social é 123.456.789-11.""",1
"""O cartão de crédito 1234-5678-9012-3456 foi utilizado hoje às 18h na Rua Augusta, 3000, São Paulo.""",1
"""Minha conta é 12345-6, agência 0001, Itaú, CNPJ 00.000.000/0001-00.""",1
"""Olá, meu nome é Ana, meu número de telefone é 123.456.7890. Estarei em São Paulo esta semana.""",1
"""Sua encomenda será entregue no endereço informado: Av. Brigadeiro Faria Lima, 1500, São Paulo - SP, CEP 01451-900.""",1
"""Caro(a) cliente, sua reserva foi confirmada para o dia 22 de maio. Endereço: Rua do Sol, 50, Natal - RN, CEP 59001-000.""",1
"""Ligue agora para (21) 98765-4321 para saber mais sobre nossas promoções.""",1
"""Obrigado por utilizar nossos serviços, Sr(a). José Carlos. Se precisar de ajuda, entre em contato conosco pelo número 0800-123456.""",1
"""O cartão de crédito 5555-6666-7777-8888 foi utilizado ontem na Rua da Consolação, 1000, São Paulo.""",1
"""Minha senha é 9876 para o cartão de crédito 2222-3333-4444-5555.""",1
"""Sua encomenda foi entregue no endereço informado: Av. Rio Branco, 100, Fortaleza - CE, CEP 60001-000.""",1
"""Olá, meu nome é Carlos, meu número de telefone é (81) 98765-4321. Estarei em Recife esta semana.""",1
"""Caro(a) cliente, sua reserva foi confirmada para o dia 17 de maio. Endereço: Av. Atlântica, 2500, Salvador - BA, CEP 40001-000.""",1
"""Ligue agora para 0800-123456 para saber mais sobre nossas promoções exclusivas.""",1
"""Obrigado por entrar em contato, Sr(a). Maria de Fátima. Seu número de seguro social é 123.456.789-12.""",1
"""Minha conta é 12345-6, agência 0001, Banco do Brasil, CPF 000.000.000-00.""",1
"""Sua encomenda será entregue no endereço informado: Rua da Cidadania, 200, Brasília - DF, CEP 70001-000.""",1
"""O cartão de crédito 1111-2222-3333-4444 foi utilizado hoje às 12h na Rua do Ouvidor, 80, Rio de Janeiro.""",1
"""Olá, meu nome é Ana, meu número de telefone é (21) 98765-4321. Estarei no Rio de Janeiro esta semana.""",1
"""Sua encomenda foi entregue no endereço informado: Av. Paulo VI, 500, Belo Horizonte - MG, CEP 30001-000.""",1
"""1. ""Olá, meu nome é João Silva e meu telefone é (123) 456-7890.""",1
"""2. ""Minha casa fica na Rua das Flores, 123, Bairro da Paz, 01234-567, São Paulo.""",1
"""3. ""Meu cartão de crédito é 1234-5678-9012-3456, com validade 12/25 e CVV 123.""",1
"""4. ""Meu CPF é 123.456.789-09 e meu RG é 12345678.""",1
"""5. ""Mande uma mensagem para Maria Souza no número 987.654.3210.""",1
"""6. ""Endereço de entrega: Rua ABC, 123, Apt 456, Cidade XYZ, 12345-678, SP.""",1
"""7. ""Meu número de seguro social é 123.456.789-09.""",1
"""8. ""Para mais informações, ligue para o suporte técnico no (999) 999-9999.""",1
"""9. ""Meu endereço de e-mail é joao.silva@email.com.""",1
"""10. ""Meu número de cartão de débito é 1234 5678 9012 3456.""",1
"""11. ""Envie uma mensagem para Pedro Oliveira no telefone (11) 98765-4321.""",1
"""12. ""Meu endereço é 1234 Rue de la Paix, 75002 Paris, França.""",1
"""13. ""Meu número de telefone fixo é 212-555-1234.""",1
"""14. ""O número de rastreio da sua encomenda é 1234567890.""",1
"""15. ""Minha conta bancária é no Banco XYZ, agência 1234, conta corrente 98765432.""",1
"""16. ""Meu endereço é 123 Main Street, Anytown, USA 12345.""",1
"""17. ""Meu número de identificação fiscal é 123456789.""",1
"""18. ""Mande um e-mail para Ana Santos no endereço ana.santos@email.com.""",1
"""19. ""Meu número de celular é +55 11 98765-4321.""",1
"""20. ""O número do seu bilhete é 1234567890.""",1
"""21. ""Meu endereço é Av. Brasil, 123, Apartamento 456, Rio de Janeiro, RJ, 20031-001.""",1
"""22. ""Meu número de cartão de crédito é 4111 1111 1111 1111, com nome no cartão João Silva.""",1
"""23. ""Meu número de telefone é 012-3456-7890.""",1
"""24. ""Meu endereço de entrega é Rua das Rosas, 23, Vila da Paz, 05555-000, São Paulo.""",1
"""25. ""Meu número de identificação é ID1234567890.""",1
"""26. ""Mande uma mensagem para Carlos Silva no número 9876543210.""",1
"""27. ""Meu endereço é 1234 Elm Street, Any Town, USA 12345.""",1
"""28. ""Meu número de telefone é (123) 456-7890.""",1
"""29. ""Meu endereço de e-mail é maria.souza@gmail.com.""",1
"""30. ""O número do seu pedido é #123456.""",1
"""31. ""Meu número de cartão de crédito é 371449635398431.""",1
"""32. ""Meu endereço é 123 Avenue de la Liberté, 75010 Paris, França.""",1
"""33. ""Meu número de telefone é 011-222-3333.""",1
"""34. ""Mande uma mensagem para Laura Pereira no número (11) 98765-4321.""",1
"""35. ""Meu número de identificação é 12345678901234567.""",1
"""36. ""Meu endereço é 1234 Oak Street, Anytown, USA 12345.""",1
"""37. ""Meu número de telefone é 987.654.3210.""",1
"""38. ""Meu número de cartão de crédito é 5555 5555 5555 4444, com nome no cartão Maria Souza.""",1
"""39. ""Meu endereço é 123 Rua da Paz, Apto 456, São Paulo, SP, 01234-567.""",1
"""40. ""Meu número de telefone é 123.456.7890.""",1
"""41. ""Meu endereço é 1234 Maple Street, Any Town, USA 12345.""",1
"""42. ""Mande uma mensagem para Rodrigo Fernandes no número (11) 98765-4321.""",1
"""43. ""Meu número de cartão de crédito é 6011 1111 1111 1117, com nome no cartão José Silva.""",1
"""44. ""Meu endereço é 1234 Pine Street, Anytown, USA 12345.""",1
"""45. ""Meu número de telefone é 999-999-9999.""",1
"""46. ""Mande um e-mail para Paulo Oliveira no endereço paulo.oliveira@email.com.""",1
"""47. ""Meu endereço é 123 Avenue de la République, 75011 Paris, França.""",1
"""48. ""Meu número de telefone é (123) 456-7890.""",1
"""49. ""Meu endereço é 1234 Birch Street, Anytown, USA 12345.""",1
"""50. ""Meu número de cartão de crédito é 2222222222222222, com nome no cartão Ana Maria.""",1
"""Confirmado: o cartão de crédito 1234-5678-9012-3456 foi utilizado ontem na loja da Rua Paulo VI, 150, Rio de Janeiro.""",1
"""Olá, Sr. José Silva, sua encomenda será entregue na próxima terça-feira no endereço informado: Av. Brasil, 500, São Paulo - SP, CEP 01001-000.""",1
"""Ligue agora para (21) 98765-4321 para saber mais sobre nossas promoções exclusivas!""",1
"""Caro(a) cliente, sua reserva foi confirmada para o dia 15 de maio. Endereço: Rua das Flores, 35, Belo Horizonte - MG.""",1
"""Obrigado por entrar em contato, Sr(a). Maria Oliveira. Seu número de seguro social é 123.456.789-01.""",1
"""O cartão de crédito com final 1234 foi utilizado hoje às 10h30 na Rua Augusta, 2642, São Paulo.""",1
"""Minha senha é 9876 para o cartão de crédito 1111-2222-3333-4444.""",1
"""O Sr. Antonio Silva pode ser contatado pelo telefone 123.456.7890 ou pelo email antonio.silva@email.com.""",1
"""Sua encomenda foi entregue no endereço informado: Rua das Hortências, 80, Porto Alegre - RS, CEP 90010-000.""",1
"""Obrigado por utilizar nossos serviços, Sra. Ana Souza. Se precisar de ajuda, entre em contato conosco pelo número 1900.""",1
"""O cartão de crédito 5555-6666-7777-8888 foi utilizado ontem na Rua 24 de Maio, 1250, São Paulo.""",1
"""Olá, meu nome é Carlos, meu número de telefone é (61) 98765-4321. Estarei em Brasília esta semana.""",1
"""Sua encomenda será entregue no endereço informado: Av. das Flores, 200, Salvador - BA, CEP 40001-000.""",1
"""O número de rastreamento para sua encomenda é 1234567890. Ela será entregue na Rua do Comércio, 10, Recife - PE, CEP 50010-000.""",1
"""Caro(a) cliente, sua reserva foi confirmada para o dia 20 de maio. Endereço: Av. Atlântica, 1200, Fortaleza - CE, CEP 60001-000.""",1
"""Ligue agora para 0800-123456 para saber mais sobre nossas promoções.""",1
"""Obrigado por entrar em contato, Sr(a). José da Silva. Seu número de seguro social é 123.456.789-10.""",1
"""O cartão de crédito 1111-2222-3333-4444 foi utilizado hoje às 15h na Rua da Consolação, 1500, São Paulo.""",1
"""Minha conta é 12345-6, agência 0001, Banco do Brasil, CNPJ 00.000.000/0001-00.""",1
"""Sua encomenda foi entregue no endereço informado: Rua do Ouro, 50, Belém - PA, CEP 66001-000.""",1
"""Olá, meu nome é Maria, meu número de telefone é 123.456.7890. Estarei em Goiânia esta semana.""",1
"""Sua encomenda será entregue no endereço informado: Av. Getúlio Vargas, 500, Manaus - AM, CEP 69000-000.""",1
"""Obrigado por utilizar nossos serviços, Sr. João Paulo. Se precisar de ajuda, entre em contato conosco pelo número 0800-123456.""",1
"""O cartão de crédito 6666-7777-8888-9999 foi utilizado ontem na Rua do Ouvidor, 63, Rio de Janeiro.""",1
"""Olá, meu nome é Pedro, meu número de telefone é (31) 98765-4321. Estarei em Belo Horizonte esta semana.""",1
"""Sua encomenda foi entregue no endereço informado: Rua da Cidadania, 100, Curitiba - PR, CEP 80001-000.""",1
"""Caro(a) cliente, sua reserva foi confirmada para o dia 18 de maio. Endereço: Av. Paulo VI, 200, Brasília - DF, CEP 70001-000.""",1
"""Ligue agora para 0800-123456 para saber mais sobre nossas promoções exclusivas.""",1
"""Obrigado por entrar em contato, Sr(a). Maria das Graças. Seu número de seguro social é 123.456.789-11.""",1
"""O cartão de crédito 1234-5678-9012-3456 foi utilizado hoje às 18h na Rua Augusta, 3000, São Paulo.""",1
"""Minha conta é 12345-6, agência 0001, Itaú, CNPJ 00.000.000/0001-00.""",1
"""Olá, meu nome é Ana, meu número de telefone é 123.456.7890. Estarei em São Paulo esta semana.""",1
"""Sua encomenda será entregue no endereço informado: Av. Brigadeiro Faria Lima, 1500, São Paulo - SP, CEP 01451-900.""",1
"""Caro(a) cliente, sua reserva foi confirmada para o dia 22 de maio. Endereço: Rua do Sol, 50, Natal - RN, CEP 59001-000.""",1
"""Ligue agora para (21) 98765-4321 para saber mais sobre nossas promoções.""",1
"""Obrigado por utilizar nossos serviços, Sr(a). José Carlos. Se precisar de ajuda, entre em contato conosco pelo número 0800-123456.""",1
"""O cartão de crédito 5555-6666-7777-8888 foi utilizado ontem na Rua da Consolação, 1000, São Paulo.""",1
"""Minha senha é 9876 para o cartão de crédito 2222-3333-4444-5555.""",1
"""Sua encomenda foi entregue no endereço informado: Av. Rio Branco, 100, Fortaleza - CE, CEP 60001-000.""",1
"""Olá, meu nome é Carlos, meu número de telefone é (81) 98765-4321. Estarei em Recife esta semana.""",1
"""Caro(a) cliente, sua reserva foi confirmada para o dia 17 de maio. Endereço: Av. Atlântica, 2500, Salvador - BA, CEP 40001-000.""",1
"""Ligue agora para 0800-123456 para saber mais sobre nossas promoções exclusivas.""",1
"""Obrigado por entrar em contato, Sr(a). Maria de Fátima. Seu número de seguro social é 123.456.789-12.""",1
"""Minha conta é 12345-6, agência 0001, Banco do Brasil, CPF 000.000.000-00.""",1
"""Sua encomenda será entregue no endereço informado: Rua da Cidadania, 200, Brasília - DF, CEP 70001-000.""",1
"""O cartão de crédito 1111-2222-3333-4444 foi utilizado hoje às 12h na Rua do Ouvidor, 80, Rio de Janeiro.""",1
"""Olá, meu nome é Ana, meu número de telefone é (21) 98765-4321. Estarei no Rio de Janeiro esta semana.""",1
"""Sua encomenda foi entregue no endereço informado: Av. Paulo VI, 500, Belo Horizonte - MG, CEP 30001-000.""",1
"""Nova conta aberta para João Silva, endereço: Rua das Flores, 123, São Paulo - SP, 01234-567.""",1
"""Ligue para a loja no número (11) 98765-4321 para cancelar seu pedido.""",1
"""Meu cartão ended com o número 1234-5678-9012-3456 foi roubado, por favor cancele-o.""",1
"""Envie sua proposta para lucas.oliveira@empresa.com, com cópia para financeiro.""",1
"""Mudança de endereço para Maria Souza, novo endereço: Av. Brasil, 456, Rio de Janeiro - RJ, 20030-000.""",1
"""Meu número de seguro social é 123.456.789-01, preciso atualizar meus dados.""",1
"""O endereço para entrega é Rua da Paz, 789, Belo Horizonte - MG, 30140-012.""",1
"""Meu cartão de crédito foi recusado, tente com o número 9876-5432-1098-7654.""",1
"""Envie o comprovante de endereço para jose.santos@email.com, com o assunto 'Comprovante de Endereço'.""",1
"""Meu número de celular é 99999-8888, me additions se precisar de mais informações.""",1
"""O número de rastreamento do seu pacote é 1Z99999999BR, ligue para 0800 123 456 para mais informações.""",1
"""Mudança de endereço para Carlos Pereira, novo endereço: Av. Independência, 321, Brasília - DF, 70000-000.""",1
"""Meu cartão de débito foi bloqueado, entre em contato com o suporte em (21) 98765-4321.""",1
"""Envie seu currículo para ana.souza@empresa.com, com o assunto 'Vaga de Estágio'.""",1
"""O número de seu pedido é 123456, ligue para 0800 123 456 para acompanhar seu pedido.""",1
"""Mudança de endereço para Isabela Silva, novo endereço: Av. Getúlio Vargas, 654, Curitiba - PR, 80010-000.""",1
"""Meu cartão de crédito expirou, use o novo número 1234-5678-9012-3456.""",1
"""Envie o comprovante de renda para maria.rodrigues@email.com, com o assunto 'Comprovante de Renda'.""",1
"""Meu número de celular é 99999-8888, me additions se precisar de mais informações para sua compra.""",1
"""O número de rastreamento do seu pacote é 999999999BR, ligue para 0800 123 456 para mais informações sobre o atraso.""",1
"""Mudança de endereço para Antonio Ferreira, novo endereço: Av. океania, 234, Salvador - BA, 40000-000.""",1
"""Meu cartão de crédito foi recusado, tente com o número 9876-5432-1098-7654, válido até 12/2025.""",1
"""Envie o comprovante de residência para luiz.oliveira@email.com, com o assunto 'Comprovante de Residência'.""",1
"""Meu número de telefone é (11) 98765-4321, entre em contato se precisar de ajuda.""",1
"""O número de rastreamento do seu pacote é Z99999999BR, ligue para 0800 123 456 se precisar de suporte.""",1
"""Mudança de endereço para Maria do Carmo, novo endereço: Av. Brasil, 123, Fortaleza - CE, 60000-000.""",1
"""Meu cartão de crédito foi bloqueado, desbloqueie-o ligando para (21) 98765-4321.""",1
"""Envie seu currículo para jose.santos@empresa.com, com o assunto 'Vaga de Trabalho'.""",1
"""O número de seu pedido é 654321, entre em contato com o suporte em 0800 123 456 para cancelar.""",1
"""Mudança de endereço para Ana Becker, novo endereço: Av. Paulista, 456, Porto Alegre - RS, 90000-000.""",1
"""Meu cartão de débito foi bloqueado, desbloqueie-o ligando para (11) 98765-4321.""",1
"""Envie o comprovante de renda para maria.silva@email.com, com o assunto 'Comprovante de Renda'.""",1
"""Meu número de celular é 99999-8888, me additions se precisar de mais informações sobre seu pedido.""",1
"""O número de rastreamento do seu pacote é 999999999BR, ligue para 0800 123 456 se precisar de ajuda com o acompanhamento.""",1
"""Brazil's new president, João Silva, has announced his cabinet, including Minister of Finance Maria Oliveira, who will be based at Palácio do Planalto, Brasília - DF, 70150-900.""",1
"""Order #1234567890 placed by José Carlos da Silva at Rua das Flores, 123, São Paulo - SP, 01000-000.""",1
"""Hi, this is Ana Ribeiro from our support team. Could you please confirm your card number as 1234-5678-9012-3456 for the refund?""",1
"""Meet our new employee, Lucas Santos, from Porto Alegre, RS. His contact is (51) 98765-4321.""",1
"""Just received my new credit card: 4532-1234-9876-5432. Looking forward to making my first purchase!""",1
"""Hi mom, it's Maria. I'll be at Parque do Ibirapuera today, near the entrance at Av. Pedro Alvares Cabral, 1327. See you there!""",1
"""Oops, wrong number! I meant to call (21) 98765-4321, not (21) 87654-3210.""",1
"""Ana Souza has been added to the group 'Projeto Rio'. Her email is anasouza@rio.com.br.""",1
"""Just got my package! Thank you, Amazon. It was delivered to Apartamento 1001, Rua XV de Novembro, 23, Curitiba - PR, 80010-000.""",1
"""Confirmado: o cartão de crédito 1234-5678-9012-3456 foi utilizado ontem na loja da Rua Paulo VI, 150, Rio de Janeiro.""",1
"""Olá, Sr. José Silva, sua encomenda será entregue na próxima terça-feira no endereço informado: Av. Brasil, 500, São Paulo - SP, CEP 01001-000.""",1
"""Ligue agora para (21) 98765-4321 para saber mais sobre nossas promoções exclusivas!""",1
"""Caro(a) cliente, sua reserva foi confirmada para o dia 15 de maio. Endereço: Rua das Flores, 35, Belo Horizonte - MG.""",1
"""Obrigado por entrar em contato, Sr(a). Maria Oliveira. Seu número de seguro social é 123.456.789-01.""",1
"""O cartão de crédito com final 1234 foi utilizado hoje às 10h30 na Rua Augusta, 2642, São Paulo.""",1
"""Minha senha é 9876 para o cartão de crédito 1111-2222-3333-4444.""",1
"""O Sr. Antonio Silva pode ser contatado pelo telefone 123.456.7890 ou pelo email antonio.silva@email.com.""",1
"""Sua encomenda foi entregue no endereço informado: Rua das Hortências, 80, Porto Alegre - RS, CEP 90010-000.""",1
"""Obrigado por utilizar nossos serviços, Sra. Ana Souza. Se precisar de ajuda, entre em contato conosco pelo número 1900.""",1
"""O cartão de crédito 5555-6666-7777-8888 foi utilizado ontem na Rua 24 de Maio, 1250, São Paulo.""",1
"""Olá, meu nome é Carlos, meu número de telefone é (61) 98765-4321. Estarei em Brasília esta semana.""",1
"""Sua encomenda será entregue no endereço informado: Av. das Flores, 200, Salvador - BA, CEP 40001-000.""",1
"""O número de rastreamento para sua encomenda é 1234567890. Ela será entregue na Rua do Comércio, 10, Recife - PE, CEP 50010-000.""",1
"""Caro(a) cliente, sua reserva foi confirmada para o dia 20 de maio. Endereço: Av. Atlântica, 1200, Fortaleza - CE, CEP 60001-000.""",1
"""Ligue agora para 0800-123456 para saber mais sobre nossas promoções.""",1
"""Obrigado por entrar em contato, Sr(a). José da Silva. Seu número de seguro social é 123.456.789-10.""",1
"""O cartão de crédito 1111-2222-3333-4444 foi utilizado hoje às 15h na Rua da Consolação, 1500, São Paulo.""",1
"""Minha conta é 12345-6, agência 0001, Banco do Brasil, CNPJ 00.000.000/0001-00.""",1
"""Sua encomenda foi entregue no endereço informado: Rua do Ouro, 50, Belém - PA, CEP 66001-000.""",1
"""Olá, meu nome é Maria, meu número de telefone é 123.456.7890. Estarei em Goiânia esta semana.""",1
"""Sua encomenda será entregue no endereço informado: Av. Getúlio Vargas, 500, Manaus - AM, CEP 69000-000.""",1
"""Obrigado por utilizar nossos serviços, Sr. João Paulo. Se precisar de ajuda, entre em contato conosco pelo número 0800-123456.""",1
"""O cartão de crédito 6666-7777-8888-9999 foi utilizado ontem na Rua do Ouvidor, 63, Rio de Janeiro.""",1
"""Olá, meu nome é Pedro, meu número de telefone é (31) 98765-4321. Estarei em Belo Horizonte esta semana.""",1
"""Sua encomenda foi entregue no endereço informado: Rua da Cidadania, 100, Curitiba - PR, CEP 80001-000.""",1
"""Caro(a) cliente, sua reserva foi confirmada para o dia 18 de maio. Endereço: Av. Paulo VI, 200, Brasília - DF, CEP 70001-000.""",1
"""Ligue agora para 0800-123456 para saber mais sobre nossas promoções exclusivas.""",1
"""Obrigado por entrar em contato, Sr(a). Maria das Graças. Seu número de seguro social é 123.456.789-11.""",1
"""O cartão de crédito 1234-5678-9012-3456 foi utilizado hoje às 18h na Rua Augusta, 3000, São Paulo.""",1
"""Minha conta é 12345-6, agência 0001, Itaú, CNPJ 00.000.000/0001-00.""",1
"""Olá, meu nome é Ana, meu número de telefone é 123.456.7890. Estarei em São Paulo esta semana.""",1
"""Sua encomenda será entregue no endereço informado: Av. Brigadeiro Faria Lima, 1500, São Paulo - SP, CEP 01451-900.""",1
"""Caro(a) cliente, sua reserva foi confirmada para o dia 22 de maio. Endereço: Rua do Sol, 50, Natal - RN, CEP 59001-000.""",1
"""Ligue agora para (21) 98765-4321 para saber mais sobre nossas promoções.""",1
"""Obrigado por utilizar nossos serviços, Sr(a). José Carlos. Se precisar de ajuda, entre em contato conosco pelo número 0800-123456.""",1
"""O cartão de crédito 5555-6666-7777-8888 foi utilizado ontem na Rua da Consolação, 1000, São Paulo.""",1
"""Minha senha é 9876 para o cartão de crédito 2222-3333-4444-5555.""",1
"""Sua encomenda foi entregue no endereço informado: Av. Rio Branco, 100, Fortaleza - CE, CEP 60001-000.""",1
"""Olá, meu nome é Carlos, meu número de telefone é (81) 98765-4321. Estarei em Recife esta semana.""",1
"""Caro(a) cliente, sua reserva foi confirmada para o dia 17 de maio. Endereço: Av. Atlântica, 2500, Salvador - BA, CEP 40001-000.""",1
"""Ligue agora para 0800-123456 para saber mais sobre nossas promoções exclusivas.""",1
"""Obrigado por entrar em contato, Sr(a). Maria de Fátima. Seu número de seguro social é 123.456.789-12.""",1
"""Minha conta é 12345-6, agência 0001, Banco do Brasil, CPF 000.000.000-00.""",1
"""Sua encomenda será entregue no endereço informado: Rua da Cidadania, 200, Brasília - DF, CEP 70001-000.""",1
"""O cartão de crédito 1111-2222-3333-4444 foi utilizado hoje às 12h na Rua do Ouvidor, 80, Rio de Janeiro.""",1
"""Olá, meu nome é Ana, meu número de telefone é (21) 98765-4321. Estarei no Rio de Janeiro esta semana.""",1
"""Sua encomenda foi entregue no endereço informado: Av. Paulo VI, 500, Belo Horizonte - MG, CEP 30001-000.""",1
"""Confirmado: o cartão de crédito 1234-5678-9012-3456 foi utilizado ontem na loja da Rua Paulo VI, 150, Rio de Janeiro.""",1
"""Olá, Sr. José Silva, sua encomenda será entregue na próxima terça-feira no endereço informado: Av. Brasil, 500, São Paulo - SP, CEP 01001-000.""",1
"""Ligue agora para (21) 98765-4321 para saber mais sobre nossas promoções exclusivas!""",1
"""Caro(a) cliente, sua reserva foi confirmada para o dia 15 de maio. Endereço: Rua das Flores, 35, Belo Horizonte - MG.""",1
"""Obrigado por entrar em contato, Sr(a). Maria Oliveira. Seu número de seguro social é 123.456.789-01.""",1
"""O cartão de crédito com final 1234 foi utilizado hoje às 10h30 na Rua Augusta, 2642, São Paulo.""",1
"""Minha senha é 9876 para o cartão de crédito 1111-2222-3333-4444.""",1
"""O Sr. Antonio Silva pode ser contatado pelo telefone 123.456.7890 ou pelo email antonio.silva@email.com.""",1
"""Sua encomenda foi entregue no endereço informado: Rua das Hortências, 80, Porto Alegre - RS, CEP 90010-000.""",1
"""Obrigado por utilizar nossos serviços, Sra. Ana Souza. Se precisar de ajuda, entre em contato conosco pelo número 1900.""",1
"""O cartão de crédito 5555-6666-7777-8888 foi utilizado ontem na Rua 24 de Maio, 1250, São Paulo.""",1
"""Olá, meu nome é Carlos, meu número de telefone é (61) 98765-4321. Estarei em Brasília esta semana.""",1
"""Sua encomenda será entregue no endereço informado: Av. das Flores, 200, Salvador - BA, CEP 40001-000.""",1
"""O número de rastreamento para sua encomenda é 1234567890. Ela será entregue na Rua do Comércio, 10, Recife - PE, CEP 50010-000.""",1
"""Caro(a) cliente, sua reserva foi confirmada para o dia 20 de maio. Endereço: Av. Atlântica, 1200, Fortaleza - CE, CEP 60001-000.""",1
"""Ligue agora para 0800-123456 para saber mais sobre nossas promoções.""",1
"""Obrigado por entrar em contato, Sr(a). José da Silva. Seu número de seguro social é 123.456.789-10.""",1
"""O cartão de crédito 1111-2222-3333-4444 foi utilizado hoje às 15h na Rua da Consolação, 1500, São Paulo.""",1
"""Minha conta é 12345-6, agência 0001, Banco do Brasil, CNPJ 00.000.000/0001-00.""",1
"""Sua encomenda foi entregue no endereço informado: Rua do Ouro, 50, Belém - PA, CEP 66001-000.""",1
"""Olá, meu nome é Maria, meu número de telefone é 123.456.7890. Estarei em Goiânia esta semana.""",1
"""Sua encomenda será entregue no endereço informado: Av. Getúlio Vargas, 500, Manaus - AM, CEP 69000-000.""",1
"""Obrigado por utilizar nossos serviços, Sr. João Paulo. Se precisar de ajuda, entre em contato conosco pelo número 0800-123456.""",1
"""O cartão de crédito 6666-7777-8888-9999 foi utilizado ontem na Rua do Ouvidor, 63, Rio de Janeiro.""",1
"""Olá, meu nome é Pedro, meu número de telefone é (31) 98765-4321. Estarei em Belo Horizonte esta semana.""",1
"""Sua encomenda foi entregue no endereço informado: Rua da Cidadania, 100, Curitiba - PR, CEP 80001-000.""",1
"""Caro(a) cliente, sua reserva foi confirmada para o dia 18 de maio. Endereço: Av. Paulo VI, 200, Brasília - DF, CEP 70001-000.""",1
"""Ligue agora para 0800-123456 para saber mais sobre nossas promoções exclusivas.""",1
"""Obrigado por entrar em contato, Sr(a). Maria das Graças. Seu número de seguro social é 123.456.789-11.""",1
"""O cartão de crédito 1234-5678-9012-3456 foi utilizado hoje às 18h na Rua Augusta, 3000, São Paulo.""",1
"""Minha conta é 12345-6, agência 0001, Itaú, CNPJ 00.000.000/0001-00.""",1
"""Olá, meu nome é Ana, meu número de telefone é 123.456.7890. Estarei em São Paulo esta semana.""",1
"""Sua encomenda será entregue no endereço informado: Av. Brigadeiro Faria Lima, 1500, São Paulo - SP, CEP 01451-900.""",1
"""Caro(a) cliente, sua reserva foi confirmada para o dia 22 de maio. Endereço: Rua do Sol, 50, Natal - RN, CEP 59001-000.""",1
"""Ligue agora para (21) 98765-4321 para saber mais sobre nossas promoções.""",1
"""Obrigado por utilizar nossos serviços, Sr(a). José Carlos. Se precisar de ajuda, entre em contato conosco pelo número 0800-123456.""",1
"""O cartão de crédito 5555-6666-7777-8888 foi utilizado ontem na Rua da Consolação, 1000, São Paulo.""",1
"""Minha senha é 9876 para o cartão de crédito 2222-3333-4444-5555.""",1
"""Sua encomenda foi entregue no endereço informado: Av. Rio Branco, 100, Fortaleza - CE, CEP 60001-000.""",1
"""Olá, meu nome é Carlos, meu número de telefone é (81) 98765-4321. Estarei em Recife esta semana.""",1
"""Caro(a) cliente, sua reserva foi confirmada para o dia 17 de maio. Endereço: Av. Atlântica, 2500, Salvador - BA, CEP 40001-000.""",1
"""Ligue agora para 0800-123456 para saber mais sobre nossas promoções exclusivas.""",1
"""Obrigado por entrar em contato, Sr(a). Maria de Fátima. Seu número de seguro social é 123.456.789-12.""",1
"""Minha conta é 12345-6, agência 0001, Banco do Brasil, CPF 000.000.000-00.""",1
"""Sua encomenda será entregue no endereço informado: Rua da Cidadania, 200, Brasília - DF, CEP 70001-000.""",1
"""O cartão de crédito 1111-2222-3333-4444 foi utilizado hoje às 12h na Rua do Ouvidor, 80, Rio de Janeiro.""",1
"""Olá, meu nome é Ana, meu número de telefone é (21) 98765-4321. Estarei no Rio de Janeiro esta semana.""",1
"""Sua encomenda foi entregue no endereço informado: Av. Paulo VI, 500, Belo Horizonte - MG, CEP 30001-000.""",1
"""Confirmado: o cartão de crédito 1234-5678-9012-3456 foi utilizado ontem na loja da Rua Paulo VI, 150, Rio de Janeiro.""",1
"""Olá, Sr. José Silva, sua encomenda será entregue na próxima terça-feira no endereço informado: Av. Brasil, 500, São Paulo - SP, CEP 01001-000.""",1
"""Ligue agora para (21) 98765-4321 para saber mais sobre nossas promoções exclusivas!""",1
"""Caro(a) cliente, sua reserva foi confirmada para o dia 15 de maio. Endereço: Rua das Flores, 35, Belo Horizonte - MG.""",1
"""Obrigado por entrar em contato, Sr(a). Maria Oliveira. Seu número de seguro social é 123.456.789-01.""",1
"""O cartão de crédito com final 1234 foi utilizado hoje às 10h30 na Rua Augusta, 2642, São Paulo.""",1
"""Minha senha é 9876 para o cartão de crédito 1111-2222-3333-4444.""",1
"""O Sr. Antonio Silva pode ser contatado pelo telefone 123.456.7890 ou pelo email antonio.silva@email.com.""",1
"""Sua encomenda foi entregue no endereço informado: Rua das Hortências, 80, Porto Alegre - RS, CEP 90010-000.""",1
"""Obrigado por utilizar nossos serviços, Sra. Ana Souza. Se precisar de ajuda, entre em contato conosco pelo número 1900.""",1
"""O cartão de crédito 5555-6666-7777-8888 foi utilizado ontem na Rua 24 de Maio, 1250, São Paulo.""",1
"""Olá, meu nome é Carlos, meu número de telefone é (61) 98765-4321. Estarei em Brasília esta semana.""",1
"""Sua encomenda será entregue no endereço informado: Av. das Flores, 200, Salvador - BA, CEP 40001-000.""",1
"""O número de rastreamento para sua encomenda é 1234567890. Ela será entregue na Rua do Comércio, 10, Recife - PE, CEP 50010-000.""",1
"""Caro(a) cliente, sua reserva foi confirmada para o dia 20 de maio. Endereço: Av. Atlântica, 1200, Fortaleza - CE, CEP 60001-000.""",1
"""Ligue agora para 0800-123456 para saber mais sobre nossas promoções.""",1
"""Obrigado por entrar em contato, Sr(a). José da Silva. Seu número de seguro social é 123.456.789-10.""",1
"""O cartão de crédito 1111-2222-3333-4444 foi utilizado hoje às 15h na Rua da Consolação, 1500, São Paulo.""",1
"""Minha conta é 12345-6, agência 0001, Banco do Brasil, CNPJ 00.000.000/0001-00.""",1
"""Sua encomenda foi entregue no endereço informado: Rua do Ouro, 50, Belém - PA, CEP 66001-000.""",1
"""Olá, meu nome é Maria, meu número de telefone é 123.456.7890. Estarei em Goiânia esta semana.""",1
"""Sua encomenda será entregue no endereço informado: Av. Getúlio Vargas, 500, Manaus - AM, CEP 69000-000.""",1
"""Obrigado por utilizar nossos serviços, Sr. João Paulo. Se precisar de ajuda, entre em contato conosco pelo número 0800-123456.""",1
"""O cartão de crédito 6666-7777-8888-9999 foi utilizado ontem na Rua do Ouvidor, 63, Rio de Janeiro.""",1
"""Olá, meu nome é Pedro, meu número de telefone é (31) 98765-4321. Estarei em Belo Horizonte esta semana.""",1
"""Sua encomenda foi entregue no endereço informado: Rua da Cidadania, 100, Curitiba - PR, CEP 80001-000.""",1
"""Caro(a) cliente, sua reserva foi confirmada para o dia 18 de maio. Endereço: Av. Paulo VI, 200, Brasília - DF, CEP 70001-000.""",1
"""Ligue agora para 0800-123456 para saber mais sobre nossas promoções exclusivas.""",1
"""Obrigado por entrar em contato, Sr(a). Maria das Graças. Seu número de seguro social é 123.456.789-11.""",1
"""O cartão de crédito 1234-5678-9012-3456 foi utilizado hoje às 18h na Rua Augusta, 3000, São Paulo.""",1
"""Minha conta é 12345-6, agência 0001, Itaú, CNPJ 00.000.000/0001-00.""",1
"""Olá, meu nome é Ana, meu número de telefone é 123.456.7890. Estarei em São Paulo esta semana.""",1
"""Sua encomenda será entregue no endereço informado: Av. Brigadeiro Faria Lima, 1500, São Paulo - SP, CEP 01451-900.""",1
"""Caro(a) cliente, sua reserva foi confirmada para o dia 22 de maio. Endereço: Rua do Sol, 50, Natal - RN, CEP 59001-000.""",1
"""Ligue agora para (21) 98765-4321 para saber mais sobre nossas promoções.""",1
"""Obrigado por utilizar nossos serviços, Sr(a). José Carlos. Se precisar de ajuda, entre em contato conosco pelo número 0800-123456.""",1
"""O cartão de crédito 5555-6666-7777-8888 foi utilizado ontem na Rua da Consolação, 1000, São Paulo.""",1
"""Minha senha é 9876 para o cartão de crédito 2222-3333-4444-5555.""",1
"""Sua encomenda foi entregue no endereço informado: Av. Rio Branco, 100, Fortaleza - CE, CEP 60001-000.""",1
"""Olá, meu nome é Carlos, meu número de telefone é (81) 98765-4321. Estarei em Recife esta semana.""",1
"""Caro(a) cliente, sua reserva foi confirmada para o dia 17 de maio. Endereço: Av. Atlântica, 2500, Salvador - BA, CEP 40001-000.""",1
"""Ligue agora para 0800-123456 para saber mais sobre nossas promoções exclusivas.""",1
"""Obrigado por entrar em contato, Sr(a). Maria de Fátima. Seu número de seguro social é 123.456.789-12.""",1
"""Minha conta é 12345-6, agência 0001, Banco do Brasil, CPF 000.000.000-00.""",1
"""Sua encomenda será entregue no endereço informado: Rua da Cidadania, 200, Brasília - DF, CEP 70001-000.""",1
"""O cartão de crédito 1111-2222-3333-4444 foi utilizado hoje às 12h na Rua do Ouvidor, 80, Rio de Janeiro.""",1
"""Olá, meu nome é Ana, meu número de telefone é (21) 98765-4321. Estarei no Rio de Janeiro esta semana.""",1
"""Sua encomenda foi entregue no endereço informado: Av. Paulo VI, 500, Belo Horizonte - MG, CEP 30001-000.""",1
"""Bom dia, Sr. José Silva. Sua entrega será feita na Rua dos Laranjais, 123, Apt 401, São Paulo - SP, CEP: 01234-567.""",1
"""O número do seu pedido é #12345 e o status está em 'Enviado'. A entrega será feita para Maria Oliveira, na Rua das Flores, 89, Rio de Janeiro - RJ, CEP: 22234-567.""",1
"""Olá, pode me ligar de volta no telefone (11) 98765-4321? Estou tendo dificuldades para resolver minha conta.""",1
"""Minha nova carteira de identidade foi emitida em nome de Ana Maria Silva, com o número de registro 12.345.678-9.""",1
"""Caro Sr. Carlos, seu cartão de créditoending 1234 foi bloqueado devido a uma possível fraude. Por favor, entre em contato com o nosso serviço de suporte em 0800 123 456.""",1
"""Oi, só para confirmar, meu endereço de entrega é Rua das Acácias, 78, Belo Horizonte - MG, CEP: 30123-456.""",1
"""Minha senha do banco é 123456, pode me ajudar a pagar uma conta?""",1
"""Olá, pode me passar o número da sua fatura para que eu possa verificar seu status? Aqui é da empresa de água.""",1
"""Minha conta bancária é no Bradesco, agência 1234, conta 56789, em nome de Pedro Silva.""",1
"""Confirmado: o cartão de crédito 1234-5678-9012-3456 foi utilizado ontem na loja da Rua Paulo VI, 150, Rio de Janeiro.""",1
"""Olá, Sr. José Silva, sua encomenda será entregue na próxima terça-feira no endereço informado: Av. Brasil, 500, São Paulo - SP, CEP 01001-000.""",1
"""Ligue agora para (21) 98765-4321 para saber mais sobre nossas promoções exclusivas!""",1
"""Caro(a) cliente, sua reserva foi confirmada para o dia 15 de maio. Endereço: Rua das Flores, 35, Belo Horizonte - MG.""",1
"""Obrigado por entrar em contato, Sr(a). Maria Oliveira. Seu número de seguro social é 123.456.789-01.""",1
"""O cartão de crédito com final 1234 foi utilizado hoje às 10h30 na Rua Augusta, 2642, São Paulo.""",1
"""Minha senha é 9876 para o cartão de crédito 1111-2222-3333-4444.""",1
"""O Sr. Antonio Silva pode ser contatado pelo telefone 123.456.7890 ou pelo email antonio.silva@email.com.""",1
"""Sua encomenda foi entregue no endereço informado: Rua das Hortências, 80, Porto Alegre - RS, CEP 90010-000.""",1
"""Obrigado por utilizar nossos serviços, Sra. Ana Souza. Se precisar de ajuda, entre em contato conosco pelo número 1900.""",1
"""O cartão de crédito 5555-6666-7777-8888 foi utilizado ontem na Rua 24 de Maio, 1250, São Paulo.""",1
"""Olá, meu nome é Carlos, meu número de telefone é (61) 98765-4321. Estarei em Brasília esta semana.""",1
"""Sua encomenda será entregue no endereço informado: Av. das Flores, 200, Salvador - BA, CEP 40001-000.""",1
"""O número de rastreamento para sua encomenda é 1234567890. Ela será entregue na Rua do Comércio, 10, Recife - PE, CEP 50010-000.""",1
"""Caro(a) cliente, sua reserva foi confirmada para o dia 20 de maio. Endereço: Av. Atlântica, 1200, Fortaleza - CE, CEP 60001-000.""",1
"""Ligue agora para 0800-123456 para saber mais sobre nossas promoções.""",1
"""Obrigado por entrar em contato, Sr(a). José da Silva. Seu número de seguro social é 123.456.789-10.""",1
"""O cartão de crédito 1111-2222-3333-4444 foi utilizado hoje às 15h na Rua da Consolação, 1500, São Paulo.""",1
"""Minha conta é 12345-6, agência 0001, Banco do Brasil, CNPJ 00.000.000/0001-00.""",1
"""Sua encomenda foi entregue no endereço informado: Rua do Ouro, 50, Belém - PA, CEP 66001-000.""",1
"""Olá, meu nome é Maria, meu número de telefone é 123.456.7890. Estarei em Goiânia esta semana.""",1
"""Sua encomenda será entregue no endereço informado: Av. Getúlio Vargas, 500, Manaus - AM, CEP 69000-000.""",1
"""Obrigado por utilizar nossos serviços, Sr. João Paulo. Se precisar de ajuda, entre em contato conosco pelo número 0800-123456.""",1
"""O cartão de crédito 6666-7777-8888-9999 foi utilizado ontem na Rua do Ouvidor, 63, Rio de Janeiro.""",1
"""Olá, meu nome é Pedro, meu número de telefone é (31) 98765-4321. Estarei em Belo Horizonte esta semana.""",1
"""Sua encomenda foi entregue no endereço informado: Rua da Cidadania, 100, Curitiba - PR, CEP 80001-000.""",1
"""Caro(a) cliente, sua reserva foi confirmada para o dia 18 de maio. Endereço: Av. Paulo VI, 200, Brasília - DF, CEP 70001-000.""",1
"""Ligue agora para 0800-123456 para saber mais sobre nossas promoções exclusivas.""",1
"""Obrigado por entrar em contato, Sr(a). Maria das Graças. Seu número de seguro social é 123.456.789-11.""",1
"""O cartão de crédito 1234-5678-9012-3456 foi utilizado hoje às 18h na Rua Augusta, 3000, São Paulo.""",1
"""Minha conta é 12345-6, agência 0001, Itaú, CNPJ 00.000.000/0001-00.""",1
"""Olá, meu nome é Ana, meu número de telefone é 123.456.7890. Estarei em São Paulo esta semana.""",1
"""Sua encomenda será entregue no endereço informado: Av. Brigadeiro Faria Lima, 1500, São Paulo - SP, CEP 01451-900.""",1
"""Caro(a) cliente, sua reserva foi confirmada para o dia 22 de maio. Endereço: Rua do Sol, 50, Natal - RN, CEP 59001-000.""",1
"""Ligue agora para (21) 98765-4321 para saber mais sobre nossas promoções.""",1
"""Obrigado por utilizar nossos serviços, Sr(a). José Carlos. Se precisar de ajuda, entre em contato conosco pelo número 0800-123456.""",1
"""O cartão de crédito 5555-6666-7777-8888 foi utilizado ontem na Rua da Consolação, 1000, São Paulo.""",1
"""Minha senha é 9876 para o cartão de crédito 2222-3333-4444-5555.""",1
"""Sua encomenda foi entregue no endereço informado: Av. Rio Branco, 100, Fortaleza - CE, CEP 60001-000.""",1
"""Olá, meu nome é Carlos, meu número de telefone é (81) 98765-4321. Estarei em Recife esta semana.""",1
"""Caro(a) cliente, sua reserva foi confirmada para o dia 17 de maio. Endereço: Av. Atlântica, 2500, Salvador - BA, CEP 40001-000.""",1
"""Ligue agora para 0800-123456 para saber mais sobre nossas promoções exclusivas.""",1
"""Obrigado por entrar em contato, Sr(a). Maria de Fátima. Seu número de seguro social é 123.456.789-12.""",1
"""Minha conta é 12345-6, agência 0001, Banco do Brasil, CPF 000.000.000-00.""",1
"""Sua encomenda será entregue no endereço informado: Rua da Cidadania, 200, Brasília - DF, CEP 70001-000.""",1
"""O cartão de crédito 1111-2222-3333-4444 foi utilizado hoje às 12h na Rua do Ouvidor, 80, Rio de Janeiro.""",1
"""Olá, meu nome é Ana, meu número de telefone é (21) 98765-4321. Estarei no Rio de Janeiro esta semana.""",1
"""Sua encomenda foi entregue no endereço informado: Av. Paulo VI, 500, Belo Horizonte - MG, CEP 30001-000.""",1
"""1. ""Nova conta aberta para Maria Silva, CPF 123.456.789-09, com sucesso.""",1
"""2. ""Entrega confirmada para José Oliveira, Rua ABC, 123, São Paulo - SP, CEP 01234-567.""",1
"""3. ""O número do seu voo é LAT123 e o portão é B5. Contate a companhia aérea no número +1 (123) 456-7890 para mais informações.""",1
"""4. ""Cartão de crédito emitido para Ana Costa com número 1234 5678 9012 3456. Validade: 12/2025. CVV: 123.""",1
"""5. ""Ormando Pires, seu número de seguro social é 987.654.321-09. Guarde-o em local seguro.""",1
"""6. ""Olá, Marcela! Sua entrega será entregue em (21) 99999-9999. Endereço: Av. Brasil, 456, Rio de Janeiro - RJ, CEP 20030-060.""",1
"""7. ""João Paulo, sua conta bancária foi atualizada para o número 12345-6.""",1
"""8. ""Parabéns, Laura! Você ganhou um prêmio de R$1.000,00. Entre em contato pelo número (11) 98765-4321 para resgatar.""",1
"""9. ""A entrega de Pedro Rodrigues será feita na Rua X, 789, Belo Horizonte - MG, CEP 30123-456.""",1
"""10. ""O número de protocolo da sua reclamação é 001/2022. Entre em contato pelo e-mail [suporte@empresa.com](mailto:suporte@empresa.com) ou pelo telefone (61) 3214-5678.""",1
"""Confirmado: o cartão de crédito 1234-5678-9012-3456 foi utilizado ontem na loja da Rua Paulo VI, 150, Rio de Janeiro.""",1
"""Olá, Sr. José Silva, sua encomenda será entregue na próxima terça-feira no endereço informado: Av. Brasil, 500, São Paulo - SP, CEP 01001-000.""",1
"""Ligue agora para (21) 98765-4321 para saber mais sobre nossas promoções exclusivas!""",1
"""Caro(a) cliente, sua reserva foi confirmada para o dia 15 de maio. Endereço: Rua das Flores, 35, Belo Horizonte - MG.""",1
"""Obrigado por entrar em contato, Sr(a). Maria Oliveira. Seu número de seguro social é 123.456.789-01.""",1
"""O cartão de crédito com final 1234 foi utilizado hoje às 10h30 na Rua Augusta, 2642, São Paulo.""",1
"""Minha senha é 9876 para o cartão de crédito 1111-2222-3333-4444.""",1
"""O Sr. Antonio Silva pode ser contatado pelo telefone 123.456.7890 ou pelo email antonio.silva@email.com.""",1
"""Sua encomenda foi entregue no endereço informado: Rua das Hortências, 80, Porto Alegre - RS, CEP 90010-000.""",1
"""Obrigado por utilizar nossos serviços, Sra. Ana Souza. Se precisar de ajuda, entre em contato conosco pelo número 1900.""",1
"""O cartão de crédito 5555-6666-7777-8888 foi utilizado ontem na Rua 24 de Maio, 1250, São Paulo.""",1
"""Olá, meu nome é Carlos, meu número de telefone é (61) 98765-4321. Estarei em Brasília esta semana.""",1
"""Sua encomenda será entregue no endereço informado: Av. das Flores, 200, Salvador - BA, CEP 40001-000.""",1
"""O número de rastreamento para sua encomenda é 1234567890. Ela será entregue na Rua do Comércio, 10, Recife - PE, CEP 50010-000.""",1
"""Caro(a) cliente, sua reserva foi confirmada para o dia 20 de maio. Endereço: Av. Atlântica, 1200, Fortaleza - CE, CEP 60001-000.""",1
"""Ligue agora para 0800-123456 para saber mais sobre nossas promoções.""",1
"""Obrigado por entrar em contato, Sr(a). José da Silva. Seu número de seguro social é 123.456.789-10.""",1
"""O cartão de crédito 1111-2222-3333-4444 foi utilizado hoje às 15h na Rua da Consolação, 1500, São Paulo.""",1
"""Minha conta é 12345-6, agência 0001, Banco do Brasil, CNPJ 00.000.000/0001-00.""",1
"""Sua encomenda foi entregue no endereço informado: Rua do Ouro, 50, Belém - PA, CEP 66001-000.""",1
"""Olá, meu nome é Maria, meu número de telefone é 123.456.7890. Estarei em Goiânia esta semana.""",1
"""Sua encomenda será entregue no endereço informado: Av. Getúlio Vargas, 500, Manaus - AM, CEP 69000-000.""",1
"""Obrigado por utilizar nossos serviços, Sr. João Paulo. Se precisar de ajuda, entre em contato conosco pelo número 0800-123456.""",1
"""O cartão de crédito 6666-7777-8888-9999 foi utilizado ontem na Rua do Ouvidor, 63, Rio de Janeiro.""",1
"""Olá, meu nome é Pedro, meu número de telefone é (31) 98765-4321. Estarei em Belo Horizonte esta semana.""",1
"""Sua encomenda foi entregue no endereço informado: Rua da Cidadania, 100, Curitiba - PR, CEP 80001-000.""",1
"""Caro(a) cliente, sua reserva foi confirmada para o dia 18 de maio. Endereço: Av. Paulo VI, 200, Brasília - DF, CEP 70001-000.""",1
"""Ligue agora para 0800-123456 para saber mais sobre nossas promoções exclusivas.""",1
"""Obrigado por entrar em contato, Sr(a). Maria das Graças. Seu número de seguro social é 123.456.789-11.""",1
"""O cartão de crédito 1234-5678-9012-3456 foi utilizado hoje às 18h na Rua Augusta, 3000, São Paulo.""",1
"""Minha conta é 12345-6, agência 0001, Itaú, CNPJ 00.000.000/0001-00.""",1
"""Olá, meu nome é Ana, meu número de telefone é 123.456.7890. Estarei em São Paulo esta semana.""",1
"""Sua encomenda será entregue no endereço informado: Av. Brigadeiro Faria Lima, 1500, São Paulo - SP, CEP 01451-900.""",1
"""Caro(a) cliente, sua reserva foi confirmada para o dia 22 de maio. Endereço: Rua do Sol, 50, Natal - RN, CEP 59001-000.""",1
"""Ligue agora para (21) 98765-4321 para saber mais sobre nossas promoções.""",1
"""Obrigado por utilizar nossos serviços, Sr(a). José Carlos. Se precisar de ajuda, entre em contato conosco pelo número 0800-123456.""",1
"""O cartão de crédito 5555-6666-7777-8888 foi utilizado ontem na Rua da Consolação, 1000, São Paulo.""",1
"""Minha senha é 9876 para o cartão de crédito 2222-3333-4444-5555.""",1
"""Sua encomenda foi entregue no endereço informado: Av. Rio Branco, 100, Fortaleza - CE, CEP 60001-000.""",1
"""Olá, meu nome é Carlos, meu número de telefone é (81) 98765-4321. Estarei em Recife esta semana.""",1
"""Caro(a) cliente, sua reserva foi confirmada para o dia 17 de maio. Endereço: Av. Atlântica, 2500, Salvador - BA, CEP 40001-000.""",1
"""Ligue agora para 0800-123456 para saber mais sobre nossas promoções exclusivas.""",1
"""Obrigado por entrar em contato, Sr(a). Maria de Fátima. Seu número de seguro social é 123.456.789-12.""",1
"""Minha conta é 12345-6, agência 0001, Banco do Brasil, CPF 000.000.000-00.""",1
"""Sua encomenda será entregue no endereço informado: Rua da Cidadania, 200, Brasília - DF, CEP 70001-000.""",1
"""O cartão de crédito 1111-2222-3333-4444 foi utilizado hoje às 12h na Rua do Ouvidor, 80, Rio de Janeiro.""",1
"""Olá, meu nome é Ana, meu número de telefone é (21) 98765-4321. Estarei no Rio de Janeiro esta semana.""",1
"""Sua encomenda foi entregue no endereço informado: Av. Paulo VI, 500, Belo Horizonte - MG, CEP 30001-000.""",1
"""Confirmado: o cartão de crédito 1234-5678-9012-3456 foi utilizado ontem na loja da Rua Paulo VI, 150, Rio de Janeiro.""",1
"""Olá, Sr. José Silva, sua encomenda será entregue na próxima terça-feira no endereço informado: Av. Brasil, 500, São Paulo - SP, CEP 01001-000.""",1
"""Ligue agora para (21) 98765-4321 para saber mais sobre nossas promoções exclusivas!""",1
"""Caro(a) cliente, sua reserva foi confirmada para o dia 15 de maio. Endereço: Rua das Flores, 35, Belo Horizonte - MG.""",1
"""Obrigado por entrar em contato, Sr(a). Maria Oliveira. Seu número de seguro social é 123.456.789-01.""",1
"""O cartão de crédito com final 1234 foi utilizado hoje às 10h30 na Rua Augusta, 2642, São Paulo.""",1
"""Minha senha é 9876 para o cartão de crédito 1111-2222-3333-4444.""",1
"""O Sr. Antonio Silva pode ser contatado pelo telefone 123.456.7890 ou pelo email antonio.silva@email.com.""",1
"""Sua encomenda foi entregue no endereço informado: Rua das Hortências, 80, Porto Alegre - RS, CEP 90010-000.""",1
"""Obrigado por utilizar nossos serviços, Sra. Ana Souza. Se precisar de ajuda, entre em contato conosco pelo número 1900.""",1
"""O cartão de crédito 5555-6666-7777-8888 foi utilizado ontem na Rua 24 de Maio, 1250, São Paulo.""",1
"""Olá, meu nome é Carlos, meu número de telefone é (61) 98765-4321. Estarei em Brasília esta semana.""",1
"""Sua encomenda será entregue no endereço informado: Av. das Flores, 200, Salvador - BA, CEP 40001-000.""",1
"""O número de rastreamento para sua encomenda é 1234567890. Ela será entregue na Rua do Comércio, 10, Recife - PE, CEP 50010-000.""",1
"""Caro(a) cliente, sua reserva foi confirmada para o dia 20 de maio. Endereço: Av. Atlântica, 1200, Fortaleza - CE, CEP 60001-000.""",1
"""Ligue agora para 0800-123456 para saber mais sobre nossas promoções.""",1
"""Obrigado por entrar em contato, Sr(a). José da Silva. Seu número de seguro social é 123.456.789-10.""",1
"""O cartão de crédito 1111-2222-3333-4444 foi utilizado hoje às 15h na Rua da Consolação, 1500, São Paulo.""",1
"""Minha conta é 12345-6, agência 0001, Banco do Brasil, CNPJ 00.000.000/0001-00.""",1
"""Sua encomenda foi entregue no endereço informado: Rua do Ouro, 50, Belém - PA, CEP 66001-000.""",1
"""Olá, meu nome é Maria, meu número de telefone é 123.456.7890. Estarei em Goiânia esta semana.""",1
"""Sua encomenda será entregue no endereço informado: Av. Getúlio Vargas, 500, Manaus - AM, CEP 69000-000.""",1
"""Obrigado por utilizar nossos serviços, Sr. João Paulo. Se precisar de ajuda, entre em contato conosco pelo número 0800-123456.""",1
"""O cartão de crédito 6666-7777-8888-9999 foi utilizado ontem na Rua do Ouvidor, 63, Rio de Janeiro.""",1
"""Olá, meu nome é Pedro, meu número de telefone é (31) 98765-4321. Estarei em Belo Horizonte esta semana.""",1
"""Sua encomenda foi entregue no endereço informado: Rua da Cidadania, 100, Curitiba - PR, CEP 80001-000.""",1
"""Caro(a) cliente, sua reserva foi confirmada para o dia 18 de maio. Endereço: Av. Paulo VI, 200, Brasília - DF, CEP 70001-000.""",1
"""Ligue agora para 0800-123456 para saber mais sobre nossas promoções exclusivas.""",1
"""Obrigado por entrar em contato, Sr(a). Maria das Graças. Seu número de seguro social é 123.456.789-11.""",1
"""O cartão de crédito 1234-5678-9012-3456 foi utilizado hoje às 18h na Rua Augusta, 3000, São Paulo.""",1
"""Minha conta é 12345-6, agência 0001, Itaú, CNPJ 00.000.000/0001-00.""",1
"""Olá, meu nome é Ana, meu número de telefone é 123.456.7890. Estarei em São Paulo esta semana.""",1
"""Sua encomenda será entregue no endereço informado: Av. Brigadeiro Faria Lima, 1500, São Paulo - SP, CEP 01451-900.""",1
"""Caro(a) cliente, sua reserva foi confirmada para o dia 22 de maio. Endereço: Rua do Sol, 50, Natal - RN, CEP 59001-000.""",1
"""Ligue agora para (21) 98765-4321 para saber mais sobre nossas promoções.""",1
"""Obrigado por utilizar nossos serviços, Sr(a). José Carlos. Se precisar de ajuda, entre em contato conosco pelo número 0800-123456.""",1
"""O cartão de crédito 5555-6666-7777-8888 foi utilizado ontem na Rua da Consolação, 1000, São Paulo.""",1
"""Minha senha é 9876 para o cartão de crédito 2222-3333-4444-5555.""",1
"""Sua encomenda foi entregue no endereço informado: Av. Rio Branco, 100, Fortaleza - CE, CEP 60001-000.""",1
"""Olá, meu nome é Carlos, meu número de telefone é (81) 98765-4321. Estarei em Recife esta semana.""",1
"""Caro(a) cliente, sua reserva foi confirmada para o dia 17 de maio. Endereço: Av. Atlântica, 2500, Salvador - BA, CEP 40001-000.""",1
"""Ligue agora para 0800-123456 para saber mais sobre nossas promoções exclusivas.""",1
"""Obrigado por entrar em contato, Sr(a). Maria de Fátima. Seu número de seguro social é 123.456.789-12.""",1
"""Minha conta é 12345-6, agência 0001, Banco do Brasil, CPF 000.000.000-00.""",1
"""Sua encomenda será entregue no endereço informado: Rua da Cidadania, 200, Brasília - DF, CEP 70001-000.""",1
"""O cartão de crédito 1111-2222-3333-4444 foi utilizado hoje às 12h na Rua do Ouvidor, 80, Rio de Janeiro.""",1
"""Olá, meu nome é Ana, meu número de telefone é (21) 98765-4321. Estarei no Rio de Janeiro esta semana.""",1
"""Sua encomenda foi entregue no endereço informado: Av. Paulo VI, 500, Belo Horizonte - MG, CEP 30001-000.""",1
"""Confirmado: o cartão de crédito 1234-5678-9012-3456 foi utilizado ontem na loja da Rua Paulo VI, 150, Rio de Janeiro.""",1
"""Olá, Sr. José Silva, sua encomenda será entregue na próxima terça-feira no endereço informado: Av. Brasil, 500, São Paulo - SP, CEP 01001-000.""",1
"""Ligue agora para (21) 98765-4321 para saber mais sobre nossas promoções exclusivas!""",1
"""Caro(a) cliente, sua reserva foi confirmada para o dia 15 de maio. Endereço: Rua das Flores, 35, Belo Horizonte - MG.""",1
"""Obrigado por entrar em contato, Sr(a). Maria Oliveira. Seu número de seguro social é 123.456.789-01.""",1
"""O cartão de crédito com final 1234 foi utilizado hoje às 10h30 na Rua Augusta, 2642, São Paulo.""",1
"""Minha senha é 9876 para o cartão de crédito 1111-2222-3333-4444.""",1
"""O Sr. Antonio Silva pode ser contatado pelo telefone 123.456.7890 ou pelo email antonio.silva@email.com.""",1
"""Sua encomenda foi entregue no endereço informado: Rua das Hortências, 80, Porto Alegre - RS, CEP 90010-000.""",1
"""Obrigado por utilizar nossos serviços, Sra. Ana Souza. Se precisar de ajuda, entre em contato conosco pelo número 1900.""",1
"""O cartão de crédito 5555-6666-7777-8888 foi utilizado ontem na Rua 24 de Maio, 1250, São Paulo.""",1
"""Olá, meu nome é Carlos, meu número de telefone é (61) 98765-4321. Estarei em Brasília esta semana.""",1
"""Sua encomenda será entregue no endereço informado: Av. das Flores, 200, Salvador - BA, CEP 40001-000.""",1
"""O número de rastreamento para sua encomenda é 1234567890. Ela será entregue na Rua do Comércio, 10, Recife - PE, CEP 50010-000.""",1
"""Caro(a) cliente, sua reserva foi confirmada para o dia 20 de maio. Endereço: Av. Atlântica, 1200, Fortaleza - CE, CEP 60001-000.""",1
"""Ligue agora para 0800-123456 para saber mais sobre nossas promoções.""",1
"""Obrigado por entrar em contato, Sr(a). José da Silva. Seu número de seguro social é 123.456.789-10.""",1
"""O cartão de crédito 1111-2222-3333-4444 foi utilizado hoje às 15h na Rua da Consolação, 1500, São Paulo.""",1
"""Minha conta é 12345-6, agência 0001, Banco do Brasil, CNPJ 00.000.000/0001-00.""",1
"""Sua encomenda foi entregue no endereço informado: Rua do Ouro, 50, Belém - PA, CEP 66001-000.""",1
"""Olá, meu nome é Maria, meu número de telefone é 123.456.7890. Estarei em Goiânia esta semana.""",1
"""Sua encomenda será entregue no endereço informado: Av. Getúlio Vargas, 500, Manaus - AM, CEP 69000-000.""",1
"""Obrigado por utilizar nossos serviços, Sr. João Paulo. Se precisar de ajuda, entre em contato conosco pelo número 0800-123456.""",1
"""O cartão de crédito 6666-7777-8888-9999 foi utilizado ontem na Rua do Ouvidor, 63, Rio de Janeiro.""",1
"""Olá, meu nome é Pedro, meu número de telefone é (31) 98765-4321. Estarei em Belo Horizonte esta semana.""",1
"""Sua encomenda foi entregue no endereço informado: Rua da Cidadania, 100, Curitiba - PR, CEP 80001-000.""",1
"""Caro(a) cliente, sua reserva foi confirmada para o dia 18 de maio. Endereço: Av. Paulo VI, 200, Brasília - DF, CEP 70001-000.""",1
"""Ligue agora para 0800-123456 para saber mais sobre nossas promoções exclusivas.""",1
"""Obrigado por entrar em contato, Sr(a). Maria das Graças. Seu número de seguro social é 123.456.789-11.""",1
"""O cartão de crédito 1234-5678-9012-3456 foi utilizado hoje às 18h na Rua Augusta, 3000, São Paulo.""",1
"""Minha conta é 12345-6, agência 0001, Itaú, CNPJ 00.000.000/0001-00.""",1
"""Olá, meu nome é Ana, meu número de telefone é 123.456.7890. Estarei em São Paulo esta semana.""",1
"""Sua encomenda será entregue no endereço informado: Av. Brigadeiro Faria Lima, 1500, São Paulo - SP, CEP 01451-900.""",1
"""Caro(a) cliente, sua reserva foi confirmada para o dia 22 de maio. Endereço: Rua do Sol, 50, Natal - RN, CEP 59001-000.""",1
"""Ligue agora para (21) 98765-4321 para saber mais sobre nossas promoções.""",1
"""Obrigado por utilizar nossos serviços, Sr(a). José Carlos. Se precisar de ajuda, entre em contato conosco pelo número 0800-123456.""",1
"""O cartão de crédito 5555-6666-7777-8888 foi utilizado ontem na Rua da Consolação, 1000, São Paulo.""",1
"""Minha senha é 9876 para o cartão de crédito 2222-3333-4444-5555.""",1
"""Sua encomenda foi entregue no endereço informado: Av. Rio Branco, 100, Fortaleza - CE, CEP 60001-000.""",1
"""Olá, meu nome é Carlos, meu número de telefone é (81) 98765-4321. Estarei em Recife esta semana.""",1
"""Caro(a) cliente, sua reserva foi confirmada para o dia 17 de maio. Endereço: Av. Atlântica, 2500, Salvador - BA, CEP 40001-000.""",1
"""Ligue agora para 0800-123456 para saber mais sobre nossas promoções exclusivas.""",1
"""Obrigado por entrar em contato, Sr(a). Maria de Fátima. Seu número de seguro social é 123.456.789-12.""",1
"""Minha conta é 12345-6, agência 0001, Banco do Brasil, CPF 000.000.000-00.""",1
"""Sua encomenda será entregue no endereço informado: Rua da Cidadania, 200, Brasília - DF, CEP 70001-000.""",1
"""O cartão de crédito 1111-2222-3333-4444 foi utilizado hoje às 12h na Rua do Ouvidor, 80, Rio de Janeiro.""",1
"""Olá, meu nome é Ana, meu número de telefone é (21) 98765-4321. Estarei no Rio de Janeiro esta semana.""",1
"""Sua encomenda foi entregue no endereço informado: Av. Paulo VI, 500, Belo Horizonte - MG, CEP 30001-000.""",1
"""Confirmado: o cartão de crédito 1234-5678-9012-3456 foi utilizado ontem na loja da Rua Paulo VI, 150, Rio de Janeiro.""",1
"""Olá, Sr. José Silva, sua encomenda será entregue na próxima terça-feira no endereço informado: Av. Brasil, 500, São Paulo - SP, CEP 01001-000.""",1
"""Ligue agora para (21) 98765-4321 para saber mais sobre nossas promoções exclusivas!""",1
"""Caro(a) cliente, sua reserva foi confirmada para o dia 15 de maio. Endereço: Rua das Flores, 35, Belo Horizonte - MG.""",1
"""Obrigado por entrar em contato, Sr(a). Maria Oliveira. Seu número de seguro social é 123.456.789-01.""",1
"""O cartão de crédito com final 1234 foi utilizado hoje às 10h30 na Rua Augusta, 2642, São Paulo.""",1
"""Minha senha é 9876 para o cartão de crédito 1111-2222-3333-4444.""",1
"""O Sr. Antonio Silva pode ser contatado pelo telefone 123.456.7890 ou pelo email antonio.silva@email.com.""",1
"""Sua encomenda foi entregue no endereço informado: Rua das Hortências, 80, Porto Alegre - RS, CEP 90010-000.""",1
"""Obrigado por utilizar nossos serviços, Sra. Ana Souza. Se precisar de ajuda, entre em contato conosco pelo número 1900.""",1
"""O cartão de crédito 5555-6666-7777-8888 foi utilizado ontem na Rua 24 de Maio, 1250, São Paulo.""",1
"""Olá, meu nome é Carlos, meu número de telefone é (61) 98765-4321. Estarei em Brasília esta semana.""",1
"""Sua encomenda será entregue no endereço informado: Av. das Flores, 200, Salvador - BA, CEP 40001-000.""",1
"""O número de rastreamento para sua encomenda é 1234567890. Ela será entregue na Rua do Comércio, 10, Recife - PE, CEP 50010-000.""",1
"""Caro(a) cliente, sua reserva foi confirmada para o dia 20 de maio. Endereço: Av. Atlântica, 1200, Fortaleza - CE, CEP 60001-000.""",1
"""Ligue agora para 0800-123456 para saber mais sobre nossas promoções.""",1
"""Obrigado por entrar em contato, Sr(a). José da Silva. Seu número de seguro social é 123.456.789-10.""",1
"""O cartão de crédito 1111-2222-3333-4444 foi utilizado hoje às 15h na Rua da Consolação, 1500, São Paulo.""",1
"""Minha conta é 12345-6, agência 0001, Banco do Brasil, CNPJ 00.000.000/0001-00.""",1
"""Sua encomenda foi entregue no endereço informado: Rua do Ouro, 50, Belém - PA, CEP 66001-000.""",1
"""Olá, meu nome é Maria, meu número de telefone é 123.456.7890. Estarei em Goiânia esta semana.""",1
"""Sua encomenda será entregue no endereço informado: Av. Getúlio Vargas, 500, Manaus - AM, CEP 69000-000.""",1
"""Obrigado por utilizar nossos serviços, Sr. João Paulo. Se precisar de ajuda, entre em contato conosco pelo número 0800-123456.""",1
"""O cartão de crédito 6666-7777-8888-9999 foi utilizado ontem na Rua do Ouvidor, 63, Rio de Janeiro.""",1
"""Olá, meu nome é Pedro, meu número de telefone é (31) 98765-4321. Estarei em Belo Horizonte esta semana.""",1
"""Sua encomenda foi entregue no endereço informado: Rua da Cidadania, 100, Curitiba - PR, CEP 80001-000.""",1
"""Caro(a) cliente, sua reserva foi confirmada para o dia 18 de maio. Endereço: Av. Paulo VI, 200, Brasília - DF, CEP 70001-000.""",1
"""Ligue agora para 0800-123456 para saber mais sobre nossas promoções exclusivas.""",1
"""Obrigado por entrar em contato, Sr(a). Maria das Graças. Seu número de seguro social é 123.456.789-11.""",1
"""O cartão de crédito 1234-5678-9012-3456 foi utilizado hoje às 18h na Rua Augusta, 3000, São Paulo.""",1
"""Minha conta é 12345-6, agência 0001, Itaú, CNPJ 00.000.000/0001-00.""",1
"""Olá, meu nome é Ana, meu número de telefone é 123.456.7890. Estarei em São Paulo esta semana.""",1
"""Sua encomenda será entregue no endereço informado: Av. Brigadeiro Faria Lima, 1500, São Paulo - SP, CEP 01451-900.""",1
"""Caro(a) cliente, sua reserva foi confirmada para o dia 22 de maio. Endereço: Rua do Sol, 50, Natal - RN, CEP 59001-000.""",1
"""Ligue agora para (21) 98765-4321 para saber mais sobre nossas promoções.""",1
"""Obrigado por utilizar nossos serviços, Sr(a). José Carlos. Se precisar de ajuda, entre em contato conosco pelo número 0800-123456.""",1
"""O cartão de crédito 5555-6666-7777-8888 foi utilizado ontem na Rua da Consolação, 1000, São Paulo.""",1
"""Minha senha é 9876 para o cartão de crédito 2222-3333-4444-5555.""",1
"""Sua encomenda foi entregue no endereço informado: Av. Rio Branco, 100, Fortaleza - CE, CEP 60001-000.""",1
"""Olá, meu nome é Carlos, meu número de telefone é (81) 98765-4321. Estarei em Recife esta semana.""",1
"""Caro(a) cliente, sua reserva foi confirmada para o dia 17 de maio. Endereço: Av. Atlântica, 2500, Salvador - BA, CEP 40001-000.""",1
"""Ligue agora para 0800-123456 para saber mais sobre nossas promoções exclusivas.""",1
"""Obrigado por entrar em contato, Sr(a). Maria de Fátima. Seu número de seguro social é 123.456.789-12.""",1
"""Minha conta é 12345-6, agência 0001, Banco do Brasil, CPF 000.000.000-00.""",1
"""Sua encomenda será entregue no endereço informado: Rua da Cidadania, 200, Brasília - DF, CEP 70001-000.""",1
"""O cartão de crédito 1111-2222-3333-4444 foi utilizado hoje às 12h na Rua do Ouvidor, 80, Rio de Janeiro.""",1
"""Olá, meu nome é Ana, meu número de telefone é (21) 98765-4321. Estarei no Rio de Janeiro esta semana.""",1
"""Sua encomenda foi entregue no endereço informado: Av. Paulo VI, 500, Belo Horizonte - MG, CEP 30001-000.""",1
"""Confirmado: o cartão de crédito 1234-5678-9012-3456 foi utilizado ontem na loja da Rua Paulo VI, 150, Rio de Janeiro.""",1
"""Olá, Sr. José Silva, sua encomenda será entregue na próxima terça-feira no endereço informado: Av. Brasil, 500, São Paulo - SP, CEP 01001-000.""",1
"""Ligue agora para (21) 98765-4321 para saber mais sobre nossas promoções exclusivas!""",1
"""Caro(a) cliente, sua reserva foi confirmada para o dia 15 de maio. Endereço: Rua das Flores, 35, Belo Horizonte - MG.""",1
"""Obrigado por entrar em contato, Sr(a). Maria Oliveira. Seu número de seguro social é 123.456.789-01.""",1
"""O cartão de crédito com final 1234 foi utilizado hoje às 10h30 na Rua Augusta, 2642, São Paulo.""",1
"""Minha senha é 9876 para o cartão de crédito 1111-2222-3333-4444.""",1
"""O Sr. Antonio Silva pode ser contatado pelo telefone 123.456.7890 ou pelo email antonio.silva@email.com.""",1
"""Sua encomenda foi entregue no endereço informado: Rua das Hortências, 80, Porto Alegre - RS, CEP 90010-000.""",1
"""Obrigado por utilizar nossos serviços, Sra. Ana Souza. Se precisar de ajuda, entre em contato conosco pelo número 1900.""",1
"""O cartão de crédito 5555-6666-7777-8888 foi utilizado ontem na Rua 24 de Maio, 1250, São Paulo.""",1
"""Olá, meu nome é Carlos, meu número de telefone é (61) 98765-4321. Estarei em Brasília esta semana.""",1
"""Sua encomenda será entregue no endereço informado: Av. das Flores, 200, Salvador - BA, CEP 40001-000.""",1
"""O número de rastreamento para sua encomenda é 1234567890. Ela será entregue na Rua do Comércio, 10, Recife - PE, CEP 50010-000.""",1
"""Caro(a) cliente, sua reserva foi confirmada para o dia 20 de maio. Endereço: Av. Atlântica, 1200, Fortaleza - CE, CEP 60001-000.""",1
"""Ligue agora para 0800-123456 para saber mais sobre nossas promoções.""",1
"""Obrigado por entrar em contato, Sr(a). José da Silva. Seu número de seguro social é 123.456.789-10.""",1
"""O cartão de crédito 1111-2222-3333-4444 foi utilizado hoje às 15h na Rua da Consolação, 1500, São Paulo.""",1
"""Minha conta é 12345-6, agência 0001, Banco do Brasil, CNPJ 00.000.000/0001-00.""",1
"""Sua encomenda foi entregue no endereço informado: Rua do Ouro, 50, Belém - PA, CEP 66001-000.""",1
"""Olá, meu nome é Maria, meu número de telefone é 123.456.7890. Estarei em Goiânia esta semana.""",1
"""Sua encomenda será entregue no endereço informado: Av. Getúlio Vargas, 500, Manaus - AM, CEP 69000-000.""",1
"""Obrigado por utilizar nossos serviços, Sr. João Paulo. Se precisar de ajuda, entre em contato conosco pelo número 0800-123456.""",1
"""O cartão de crédito 6666-7777-8888-9999 foi utilizado ontem na Rua do Ouvidor, 63, Rio de Janeiro.""",1
"""Olá, meu nome é Pedro, meu número de telefone é (31) 98765-4321. Estarei em Belo Horizonte esta semana.""",1
"""Sua encomenda foi entregue no endereço informado: Rua da Cidadania, 100, Curitiba - PR, CEP 80001-000.""",1
"""Caro(a) cliente, sua reserva foi confirmada para o dia 18 de maio. Endereço: Av. Paulo VI, 200, Brasília - DF, CEP 70001-000.""",1
"""Ligue agora para 0800-123456 para saber mais sobre nossas promoções exclusivas.""",1
"""Obrigado por entrar em contato, Sr(a). Maria das Graças. Seu número de seguro social é 123.456.789-11.""",1
"""O cartão de crédito 1234-5678-9012-3456 foi utilizado hoje às 18h na Rua Augusta, 3000, São Paulo.""",1
"""Minha conta é 12345-6, agência 0001, Itaú, CNPJ 00.000.000/0001-00.""",1
"""Olá, meu nome é Ana, meu número de telefone é 123.456.7890. Estarei em São Paulo esta semana.""",1
"""Sua encomenda será entregue no endereço informado: Av. Brigadeiro Faria Lima, 1500, São Paulo - SP, CEP 01451-900.""",1
"""Caro(a) cliente, sua reserva foi confirmada para o dia 22 de maio. Endereço: Rua do Sol, 50, Natal - RN, CEP 59001-000.""",1
"""Ligue agora para (21) 98765-4321 para saber mais sobre nossas promoções.""",1
"""Obrigado por utilizar nossos serviços, Sr(a). José Carlos. Se precisar de ajuda, entre em contato conosco pelo número 0800-123456.""",1
"""O cartão de crédito 5555-6666-7777-8888 foi utilizado ontem na Rua da Consolação, 1000, São Paulo.""",1
"""Minha senha é 9876 para o cartão de crédito 2222-3333-4444-5555.""",1
"""Sua encomenda foi entregue no endereço informado: Av. Rio Branco, 100, Fortaleza - CE, CEP 60001-000.""",1
"""Olá, meu nome é Carlos, meu número de telefone é (81) 98765-4321. Estarei em Recife esta semana.""",1
"""Caro(a) cliente, sua reserva foi confirmada para o dia 17 de maio. Endereço: Av. Atlântica, 2500, Salvador - BA, CEP 40001-000.""",1
"""Ligue agora para 0800-123456 para saber mais sobre nossas promoções exclusivas.""",1
"""Obrigado por entrar em contato, Sr(a). Maria de Fátima. Seu número de seguro social é 123.456.789-12.""",1
"""Minha conta é 12345-6, agência 0001, Banco do Brasil, CPF 000.000.000-00.""",1
"""Sua encomenda será entregue no endereço informado: Rua da Cidadania, 200, Brasília - DF, CEP 70001-000.""",1
"""O cartão de crédito 1111-2222-3333-4444 foi utilizado hoje às 12h na Rua do Ouvidor, 80, Rio de Janeiro.""",1
"""Olá, meu nome é Ana, meu número de telefone é (21) 98765-4321. Estarei no Rio de Janeiro esta semana.""",1
"""Sua encomenda foi entregue no endereço informado: Av. Paulo VI, 500, Belo Horizonte - MG, CEP 30001-000.""",1
"""Bom dia, Sra. Maria Silva! Sua encomenda será entregue na Rua ABC, 123, Apartamento 456, São Paulo - SP, CEP: 01234-567.""",1
"""O número para contato do Sr. José da Silva é (11) 98765-4321.""",1
"""Meu cartão de crédito expirou, pode me ajudar a atualizar? O número novo é 1234-5678-1234-5678.""",1
"""O CPF do Sr. João é 123.456.789-09, podemos verificar suas informações com isso?""",1
"""Minha senha do banco é 123456, pode me ajudar a fazer um Pix para o número da conta 12345-6?""",1
"""O endereço para entrega é Av. DEF, 789, Cidade X, Estado Y, CEP: 98765-123.""",1
"""Meu celular novo chegará em 15 dias, será enviado para o endereço da Sra. Ana Souza, Rua GHI, 321, São Paulo - SP, CEP: 09876-123.""",1
"""O número de telefone da Sra. Maria é 123.456.7890.""",1
"""Meu cartão de crédito é o final 1234, posso verificar meu saldo?""",1
"""O Sr. Pedro recebeu uma multa de trânsito, pode me informar o número do processo? É 12345/2022.""",1
"""Minha senha de acesso é 654321, posso recuperar minha senha agora?""",1
"""O número do meu cartão de débito é 1234-1234-1234-1234, preciso atualizar meus dados.""",1
"""O endereço para correspondência é Rua JKL, 456, Cidade Z, Estado W, CEP: 87654-321.""",1
"""Meu número de WhatsApp é 55 (11) 98765-4321, podemos conversar por lá?""",1
"""O CPF do Sr. Paulo é 987.654.321-09, podemos verificar suas informações com isso?""",1
"""Minha senha do banco é 567890, posso pagar uma conta?""",1
"""O número para contato do Sr. Roberto é (11) 9876-5432.""",1
"""Meu cartão de crédito é o final 5678, posso verificar meu limite?""",1
"""O endereço para entrega é Av. MNO, 987, Cidade P, Estado Q, CEP: 76543-210.""",1
"""Meu número de telefone é 12345678, pode me enviar um código de verificação por SMS?""",1
"""O CPF do Sr. António é 123.456.789-00, podemos verificar suas informações com isso?""",1
"""Minha senha do banco é 098765, posso transferir dinheiro para outro banco?""",1
"""O número do meu cartão de débito é 1234-5678-1234-5678, preciso atualizar meu endereço.""",1
"""O endereço para correspondência é Rua STU, 654, Cidade V, Estado R, CEP: 65432-109.""",1
"""Meu número de WhatsApp é 55 (11) 9876-5432, podemos conversar por lá?""",1
"""O CPF do Sr. Miguel é 987.654.321-01, podemos verificar suas informações com isso?""",1
"""Minha senha do banco é 654321, posso pagar uma conta de luz?""",1
"""O número para contato do Sr. Fernando é (11) 9876-4321.""",1
"""Meu cartão de crédito é o final 9876, posso verificar meu extrato?""",1
"""Breaking: Maria Silva found her lost phone at the address 123 Rua das Flores, Rio de Janeiro - RJ, 20230-001.""",1
"""Confirmado: A compra de João Oliveira foi processada com sucesso. Detalhes do cartão: 1234 5678 9012 3456, válido até 12/2025.""",1
"""O endereço de entrega para o pedido de Laura Rodrigues é 456 Avenida Brasil, São Paulo - SP, 05000-000.""",1
"""O suporte ao cliente pode ser contatado pelo número (11) 98765-4321 para qualquer dúvida.""",1
"""Olá, Jose Carlos! Sua nova senha é 123456. Entre em contato com o suporte em 0800 70 123456 se precisar de ajuda.""",1
"""Fui roubado! Meu CPF é 123.456.789-09 e meu cartão é 5555 6666 7777 8888.""",1
"""Mudei de endereço! Meu novo endereço é 789 Rua das Garças, Belo Horizonte - MG, 30110-000.""",1
"""Minha senha do banco é 987654. Por favor, não compartilhe com ninguém.""",1
"""O número de telefone deana Soares é 123.456.7890.""",1
"""Sua reserva foi confirmada para o endereço 321 Rua das Rosas, Curitiba - PR, 80000-000.""",1
"""O número do bilhete de loteria de Antonio Costa é 123456789.""",1
"""Meu número de identidade é 12.345.678-9.""",1
"""Mudei meu número de telefone para (61) 98765-4320.""",1
"""O número de cartão de débito de Ana Maria é 1212 3344 5566 7890.""",1
"""O número do cartão de crédito de José da Silva é 1111 2222 3333 4444.""",1
"""Meu nome completo é Carlos Augusto da Silva e meu número de telefone é (31) 98765-4321.""",1
"""Meu endereço é 555 Rua das Orquídeas, Fortaleza - CE, 60000-000, e meu número de telefone é 85.98765.4321.""",1
"""O CPF de Maria José é 123.456.789-00 e seu número de telefone é (21) 98765-4320.""",1
"""Confirmada a entrega para o endereço 789 Rua das Magnólias, Salvador - BA, 40000-000, para a senhora Maria do Carmo.""",1
"""Confirmado: o cartão de crédito 1234-5678-9012-3456 foi utilizado ontem na loja da Rua Paulo VI, 150, Rio de Janeiro.""",1
"""Olá, Sr. José Silva, sua encomenda será entregue na próxima terça-feira no endereço informado: Av. Brasil, 500, São Paulo - SP, CEP 01001-000.""",1
"""Ligue agora para (21) 98765-4321 para saber mais sobre nossas promoções exclusivas!""",1
"""Caro(a) cliente, sua reserva foi confirmada para o dia 15 de maio. Endereço: Rua das Flores, 35, Belo Horizonte - MG.""",1
"""Obrigado por entrar em contato, Sr(a). Maria Oliveira. Seu número de seguro social é 123.456.789-01.""",1
"""O cartão de crédito com final 1234 foi utilizado hoje às 10h30 na Rua Augusta, 2642, São Paulo.""",1
"""Minha senha é 9876 para o cartão de crédito 1111-2222-3333-4444.""",1
"""O Sr. Antonio Silva pode ser contatado pelo telefone 123.456.7890 ou pelo email antonio.silva@email.com.""",1
"""Sua encomenda foi entregue no endereço informado: Rua das Hortências, 80, Porto Alegre - RS, CEP 90010-000.""",1
"""Obrigado por utilizar nossos serviços, Sra. Ana Souza. Se precisar de ajuda, entre em contato conosco pelo número 1900.""",1
"""O cartão de crédito 5555-6666-7777-8888 foi utilizado ontem na Rua 24 de Maio, 1250, São Paulo.""",1
"""Olá, meu nome é Carlos, meu número de telefone é (61) 98765-4321. Estarei em Brasília esta semana.""",1
"""Sua encomenda será entregue no endereço informado: Av. das Flores, 200, Salvador - BA, CEP 40001-000.""",1
"""O número de rastreamento para sua encomenda é 1234567890. Ela será entregue na Rua do Comércio, 10, Recife - PE, CEP 50010-000.""",1
"""Caro(a) cliente, sua reserva foi confirmada para o dia 20 de maio. Endereço: Av. Atlântica, 1200, Fortaleza - CE, CEP 60001-000.""",1
"""Ligue agora para 0800-123456 para saber mais sobre nossas promoções.""",1
"""Obrigado por entrar em contato, Sr(a). José da Silva. Seu número de seguro social é 123.456.789-10.""",1
"""O cartão de crédito 1111-2222-3333-4444 foi utilizado hoje às 15h na Rua da Consolação, 1500, São Paulo.""",1
"""Minha conta é 12345-6, agência 0001, Banco do Brasil, CNPJ 00.000.000/0001-00.""",1
"""Sua encomenda foi entregue no endereço informado: Rua do Ouro, 50, Belém - PA, CEP 66001-000.""",1
"""Olá, meu nome é Maria, meu número de telefone é 123.456.7890. Estarei em Goiânia esta semana.""",1
"""Sua encomenda será entregue no endereço informado: Av. Getúlio Vargas, 500, Manaus - AM, CEP 69000-000.""",1
"""Obrigado por utilizar nossos serviços, Sr. João Paulo. Se precisar de ajuda, entre em contato conosco pelo número 0800-123456.""",1
"""O cartão de crédito 6666-7777-8888-9999 foi utilizado ontem na Rua do Ouvidor, 63, Rio de Janeiro.""",1
"""Olá, meu nome é Pedro, meu número de telefone é (31) 98765-4321. Estarei em Belo Horizonte esta semana.""",1
"""Sua encomenda foi entregue no endereço informado: Rua da Cidadania, 100, Curitiba - PR, CEP 80001-000.""",1
"""Caro(a) cliente, sua reserva foi confirmada para o dia 18 de maio. Endereço: Av. Paulo VI, 200, Brasília - DF, CEP 70001-000.""",1
"""Ligue agora para 0800-123456 para saber mais sobre nossas promoções exclusivas.""",1
"""Obrigado por entrar em contato, Sr(a). Maria das Graças. Seu número de seguro social é 123.456.789-11.""",1
"""O cartão de crédito 1234-5678-9012-3456 foi utilizado hoje às 18h na Rua Augusta, 3000, São Paulo.""",1
"""Minha conta é 12345-6, agência 0001, Itaú, CNPJ 00.000.000/0001-00.""",1
"""Olá, meu nome é Ana, meu número de telefone é 123.456.7890. Estarei em São Paulo esta semana.""",1
"""Sua encomenda será entregue no endereço informado: Av. Brigadeiro Faria Lima, 1500, São Paulo - SP, CEP 01451-900.""",1
"""Caro(a) cliente, sua reserva foi confirmada para o dia 22 de maio. Endereço: Rua do Sol, 50, Natal - RN, CEP 59001-000.""",1
"""Ligue agora para (21) 98765-4321 para saber mais sobre nossas promoções.""",1
"""Obrigado por utilizar nossos serviços, Sr(a). José Carlos. Se precisar de ajuda, entre em contato conosco pelo número 0800-123456.""",1
"""O cartão de crédito 5555-6666-7777-8888 foi utilizado ontem na Rua da Consolação, 1000, São Paulo.""",1
"""Minha senha é 9876 para o cartão de crédito 2222-3333-4444-5555.""",1
"""Sua encomenda foi entregue no endereço informado: Av. Rio Branco, 100, Fortaleza - CE, CEP 60001-000.""",1
"""Olá, meu nome é Carlos, meu número de telefone é (81) 98765-4321. Estarei em Recife esta semana.""",1
"""Caro(a) cliente, sua reserva foi confirmada para o dia 17 de maio. Endereço: Av. Atlântica, 2500, Salvador - BA, CEP 40001-000.""",1
"""Ligue agora para 0800-123456 para saber mais sobre nossas promoções exclusivas.""",1
"""Obrigado por entrar em contato, Sr(a). Maria de Fátima. Seu número de seguro social é 123.456.789-12.""",1
"""Minha conta é 12345-6, agência 0001, Banco do Brasil, CPF 000.000.000-00.""",1
"""Sua encomenda será entregue no endereço informado: Rua da Cidadania, 200, Brasília - DF, CEP 70001-000.""",1
"""O cartão de crédito 1111-2222-3333-4444 foi utilizado hoje às 12h na Rua do Ouvidor, 80, Rio de Janeiro.""",1
"""Olá, meu nome é Ana, meu número de telefone é (21) 98765-4321. Estarei no Rio de Janeiro esta semana.""",1
"""Sua encomenda foi entregue no endereço informado: Av. Paulo VI, 500, Belo Horizonte - MG, CEP 30001-000.""",1
"""1. ""Olá, aqui é a Sra. Maria Silva. Meu número de telefone é (99) 98765-4321.""",1
"""2. ""Enviei meu pedido para a Rua ABC, 123 - Centro, São Paulo - SP, 01000-000.""",1
"""3. ""Meu cartão de crédito expira em 12/2025 e o número é 1234 5678 9012 3456.""",1
"""4. ""Meu CPF é 123.456.789-09 e meu RG é 4.567.890.""",1
"""5. ""Mudei meu endereço para Av. DEF, 456 - Vila Mariana, São Paulo - SP, 04010-000.""",1
"""6. ""Meu número de WhatsApp é 55 11 98765-4321.""",1
"""7. ""Minha senha do banco é 1234, por favor não a compartilhe.""",1
"""8. ""O número de rastreamento da minha encomenda é 1Z99999999BR.""",1
"""9. ""Meu endereço de e-mail é john.doe@example.com.""",1
"""10. ""Meu cartão de seguro de saúde terminou em 09/2023. O número é 12345678901.""",1
"""11. ""Minha conta bancária é no Banco X, agência 1234, conta 98765432, em nome de José da Silva.""",1
"""12. ""Minha data de nascimento é 10/05/1980.""",1
"""13. ""Minha placa do carro é ABC-1234.""",1
"""14. ""Minha senha do Instagram é abc123, pode deletar a mensagem depois de me enviar?""",1
"""15. ""Meu cartão de débito tem o número 1234 5678 9012 3456.""",1
"""16. ""O endereço do destinatário é Rua GHI, 789 - Brooklin, São Paulo - SP, 04552-000.""",1
"""17. ""Minha senha de acesso à plataforma é 654321.""",1
"""18. ""Meu número de identificação na empresa é 12345.""",1
"""19. ""Minha senha do Facebook é abcdef.""",1
"""20. ""Minha senha do Google é 123456.""",1
"""21. ""Meu número de telefone fixo é 4876-5432.""",1
"""22. ""Meu endereço de entrega é Rua JKL, 345 - Moema, São Paulo - SP, 04072-000.""",1
"""23. ""Minha senha do PayPal é 123abc.""",1
"""24. ""Meu número de protocolo é 123456789.""",1
"""25. ""Minha senha da Apple ID é abc123.""",1
"""26. ""Minha senha do Netflix é 123qwe.""",1
"""27. ""Meu número de identificação fiscal é 123.456.789.0001-00.""",1
"""28. ""Meu número de Identidade é 45.678.901-2.""",1
"""29. ""Minha senha do Twitter é 12345.""",1
"""30. ""Meu número de registro da empresa é 123456789.""",1
"""31. ""Meu código de confirmação é 123456.""",1
"""32. ""Minha senha do LinkedIn é abcd1234.""",1
"""33. ""Meu código de área é 11 e meu número de telefone é 98765-4321.""",1
"""34. ""Meu número de cartão de transporte é 1234 5678.""",1
"""35. ""Minha senha do Steam é abc123.""",1
"""36. ""Meu número de seguro social é 123.456.789-00.""",1
"""37. ""Minha senha do Dropbox é 123qwe.""",1
"""38. ""O número de protocolo da minha reclamação é 987654321.""",1
"""39. ""Minha senha do Uber é 123abc.""",1
"""40. ""Meu código de bônus é 12345.""",1
"""41. ""Meu número de passagem é 1234567890.""",1
"""42. ""Minha senha do Skype é abc123.""",1
"""43. ""Meu número de assinatura é 123456789.""",1
"""44. ""Minha senha do Spotify é 123456.""",1
"""45. ""Meu número de conta é 1234567890.""",1
"""46. ""Minha senha do Gmail é abc123.""",1
"""47. ""Meu número de documento é 1234567890.""",1
"""48. ""Minha senha do Dropbox é 123abc.""",1
"""49. ""Meu número de passagem é 9876543210.""",1
"""50. ""Minha senha do Instagram é abc123.""",1
"""Confirmado: o cartão de crédito 1234-5678-9012-3456 foi utilizado ontem na loja da Rua Paulo VI, 150, Rio de Janeiro.""",1
"""Olá, Sr. José Silva, sua encomenda será entregue na próxima terça-feira no endereço informado: Av. Brasil, 500, São Paulo - SP, CEP 01001-000.""",1
"""Ligue agora para (21) 98765-4321 para saber mais sobre nossas promoções exclusivas!""",1
"""Caro(a) cliente, sua reserva foi confirmada para o dia 15 de maio. Endereço: Rua das Flores, 35, Belo Horizonte - MG.""",1
"""Obrigado por entrar em contato, Sr(a). Maria Oliveira. Seu número de seguro social é 123.456.789-01.""",1
"""O cartão de crédito com final 1234 foi utilizado hoje às 10h30 na Rua Augusta, 2642, São Paulo.""",1
"""Minha senha é 9876 para o cartão de crédito 1111-2222-3333-4444.""",1
"""O Sr. Antonio Silva pode ser contatado pelo telefone 123.456.7890 ou pelo email antonio.silva@email.com.""",1
"""Sua encomenda foi entregue no endereço informado: Rua das Hortências, 80, Porto Alegre - RS, CEP 90010-000.""",1
"""Obrigado por utilizar nossos serviços, Sra. Ana Souza. Se precisar de ajuda, entre em contato conosco pelo número 1900.""",1
"""O cartão de crédito 5555-6666-7777-8888 foi utilizado ontem na Rua 24 de Maio, 1250, São Paulo.""",1
"""Olá, meu nome é Carlos, meu número de telefone é (61) 98765-4321. Estarei em Brasília esta semana.""",1
"""Sua encomenda será entregue no endereço informado: Av. das Flores, 200, Salvador - BA, CEP 40001-000.""",1
"""O número de rastreamento para sua encomenda é 1234567890. Ela será entregue na Rua do Comércio, 10, Recife - PE, CEP 50010-000.""",1
"""Caro(a) cliente, sua reserva foi confirmada para o dia 20 de maio. Endereço: Av. Atlântica, 1200, Fortaleza - CE, CEP 60001-000.""",1
"""Ligue agora para 0800-123456 para saber mais sobre nossas promoções.""",1
"""Obrigado por entrar em contato, Sr(a). José da Silva. Seu número de seguro social é 123.456.789-10.""",1
"""O cartão de crédito 1111-2222-3333-4444 foi utilizado hoje às 15h na Rua da Consolação, 1500, São Paulo.""",1
"""Minha conta é 12345-6, agência 0001, Banco do Brasil, CNPJ 00.000.000/0001-00.""",1
"""Sua encomenda foi entregue no endereço informado: Rua do Ouro, 50, Belém - PA, CEP 66001-000.""",1
"""Olá, meu nome é Maria, meu número de telefone é 123.456.7890. Estarei em Goiânia esta semana.""",1
"""Sua encomenda será entregue no endereço informado: Av. Getúlio Vargas, 500, Manaus - AM, CEP 69000-000.""",1
"""Obrigado por utilizar nossos serviços, Sr. João Paulo. Se precisar de ajuda, entre em contato conosco pelo número 0800-123456.""",1
"""O cartão de crédito 6666-7777-8888-9999 foi utilizado ontem na Rua do Ouvidor, 63, Rio de Janeiro.""",1
"""Olá, meu nome é Pedro, meu número de telefone é (31) 98765-4321. Estarei em Belo Horizonte esta semana.""",1
"""Sua encomenda foi entregue no endereço informado: Rua da Cidadania, 100, Curitiba - PR, CEP 80001-000.""",1
"""Caro(a) cliente, sua reserva foi confirmada para o dia 18 de maio. Endereço: Av. Paulo VI, 200, Brasília - DF, CEP 70001-000.""",1
"""Ligue agora para 0800-123456 para saber mais sobre nossas promoções exclusivas.""",1
"""Obrigado por entrar em contato, Sr(a). Maria das Graças. Seu número de seguro social é 123.456.789-11.""",1
"""O cartão de crédito 1234-5678-9012-3456 foi utilizado hoje às 18h na Rua Augusta, 3000, São Paulo.""",1
"""Minha conta é 12345-6, agência 0001, Itaú, CNPJ 00.000.000/0001-00.""",1
"""Olá, meu nome é Ana, meu número de telefone é 123.456.7890. Estarei em São Paulo esta semana.""",1
"""Sua encomenda será entregue no endereço informado: Av. Brigadeiro Faria Lima, 1500, São Paulo - SP, CEP 01451-900.""",1
"""Caro(a) cliente, sua reserva foi confirmada para o dia 22 de maio. Endereço: Rua do Sol, 50, Natal - RN, CEP 59001-000.""",1
"""Ligue agora para (21) 98765-4321 para saber mais sobre nossas promoções.""",1
"""Obrigado por utilizar nossos serviços, Sr(a). José Carlos. Se precisar de ajuda, entre em contato conosco pelo número 0800-123456.""",1
"""O cartão de crédito 5555-6666-7777-8888 foi utilizado ontem na Rua da Consolação, 1000, São Paulo.""",1
"""Minha senha é 9876 para o cartão de crédito 2222-3333-4444-5555.""",1
"""Sua encomenda foi entregue no endereço informado: Av. Rio Branco, 100, Fortaleza - CE, CEP 60001-000.""",1
"""Olá, meu nome é Carlos, meu número de telefone é (81) 98765-4321. Estarei em Recife esta semana.""",1
"""Caro(a) cliente, sua reserva foi confirmada para o dia 17 de maio. Endereço: Av. Atlântica, 2500, Salvador - BA, CEP 40001-000.""",1
"""Ligue agora para 0800-123456 para saber mais sobre nossas promoções exclusivas.""",1
"""Obrigado por entrar em contato, Sr(a). Maria de Fátima. Seu número de seguro social é 123.456.789-12.""",1
"""Minha conta é 12345-6, agência 0001, Banco do Brasil, CPF 000.000.000-00.""",1
"""Sua encomenda será entregue no endereço informado: Rua da Cidadania, 200, Brasília - DF, CEP 70001-000.""",1
"""O cartão de crédito 1111-2222-3333-4444 foi utilizado hoje às 12h na Rua do Ouvidor, 80, Rio de Janeiro.""",1
"""Olá, meu nome é Ana, meu número de telefone é (21) 98765-4321. Estarei no Rio de Janeiro esta semana.""",1
"""Sua encomenda foi entregue no endereço informado: Av. Paulo VI, 500, Belo Horizonte - MG, CEP 30001-000.""",1
"""Confirmado: o cartão de crédito 1234-5678-9012-3456 foi utilizado ontem na loja da Rua Paulo VI, 150, Rio de Janeiro.""",1
"""Olá, Sr. José Silva, sua encomenda será entregue na próxima terça-feira no endereço informado: Av. Brasil, 500, São Paulo - SP, CEP 01001-000.""",1
"""Ligue agora para (21) 98765-4321 para saber mais sobre nossas promoções exclusivas!""",1
"""Caro(a) cliente, sua reserva foi confirmada para o dia 15 de maio. Endereço: Rua das Flores, 35, Belo Horizonte - MG.""",1
"""Obrigado por entrar em contato, Sr(a). Maria Oliveira. Seu número de seguro social é 123.456.789-01.""",1
"""O cartão de crédito com final 1234 foi utilizado hoje às 10h30 na Rua Augusta, 2642, São Paulo.""",1
"""Minha senha é 9876 para o cartão de crédito 1111-2222-3333-4444.""",1
"""O Sr. Antonio Silva pode ser contatado pelo telefone 123.456.7890 ou pelo email antonio.silva@email.com.""",1
"""Sua encomenda foi entregue no endereço informado: Rua das Hortências, 80, Porto Alegre - RS, CEP 90010-000.""",1
"""Obrigado por utilizar nossos serviços, Sra. Ana Souza. Se precisar de ajuda, entre em contato conosco pelo número 1900.""",1
"""O cartão de crédito 5555-6666-7777-8888 foi utilizado ontem na Rua 24 de Maio, 1250, São Paulo.""",1
"""Olá, meu nome é Carlos, meu número de telefone é (61) 98765-4321. Estarei em Brasília esta semana.""",1
"""Sua encomenda será entregue no endereço informado: Av. das Flores, 200, Salvador - BA, CEP 40001-000.""",1
"""O número de rastreamento para sua encomenda é 1234567890. Ela será entregue na Rua do Comércio, 10, Recife - PE, CEP 50010-000.""",1
"""Caro(a) cliente, sua reserva foi confirmada para o dia 20 de maio. Endereço: Av. Atlântica, 1200, Fortaleza - CE, CEP 60001-000.""",1
"""Ligue agora para 0800-123456 para saber mais sobre nossas promoções.""",1
"""Obrigado por entrar em contato, Sr(a). José da Silva. Seu número de seguro social é 123.456.789-10.""",1
"""O cartão de crédito 1111-2222-3333-4444 foi utilizado hoje às 15h na Rua da Consolação, 1500, São Paulo.""",1
"""Minha conta é 12345-6, agência 0001, Banco do Brasil, CNPJ 00.000.000/0001-00.""",1
"""Sua encomenda foi entregue no endereço informado: Rua do Ouro, 50, Belém - PA, CEP 66001-000.""",1
"""Olá, meu nome é Maria, meu número de telefone é 123.456.7890. Estarei em Goiânia esta semana.""",1
"""Sua encomenda será entregue no endereço informado: Av. Getúlio Vargas, 500, Manaus - AM, CEP 69000-000.""",1
"""Obrigado por utilizar nossos serviços, Sr. João Paulo. Se precisar de ajuda, entre em contato conosco pelo número 0800-123456.""",1
"""O cartão de crédito 6666-7777-8888-9999 foi utilizado ontem na Rua do Ouvidor, 63, Rio de Janeiro.""",1
"""Olá, meu nome é Pedro, meu número de telefone é (31) 98765-4321. Estarei em Belo Horizonte esta semana.""",1
"""Sua encomenda foi entregue no endereço informado: Rua da Cidadania, 100, Curitiba - PR, CEP 80001-000.""",1
"""Caro(a) cliente, sua reserva foi confirmada para o dia 18 de maio. Endereço: Av. Paulo VI, 200, Brasília - DF, CEP 70001-000.""",1
"""Ligue agora para 0800-123456 para saber mais sobre nossas promoções exclusivas.""",1
"""Obrigado por entrar em contato, Sr(a). Maria das Graças. Seu número de seguro social é 123.456.789-11.""",1
"""O cartão de crédito 1234-5678-9012-3456 foi utilizado hoje às 18h na Rua Augusta, 3000, São Paulo.""",1
"""Minha conta é 12345-6, agência 0001, Itaú, CNPJ 00.000.000/0001-00.""",1
"""Olá, meu nome é Ana, meu número de telefone é 123.456.7890. Estarei em São Paulo esta semana.""",1
"""Sua encomenda será entregue no endereço informado: Av. Brigadeiro Faria Lima, 1500, São Paulo - SP, CEP 01451-900.""",1
"""Caro(a) cliente, sua reserva foi confirmada para o dia 22 de maio. Endereço: Rua do Sol, 50, Natal - RN, CEP 59001-000.""",1
"""Ligue agora para (21) 98765-4321 para saber mais sobre nossas promoções.""",1
"""Obrigado por utilizar nossos serviços, Sr(a). José Carlos. Se precisar de ajuda, entre em contato conosco pelo número 0800-123456.""",1
"""O cartão de crédito 5555-6666-7777-8888 foi utilizado ontem na Rua da Consolação, 1000, São Paulo.""",1
"""Minha senha é 9876 para o cartão de crédito 2222-3333-4444-5555.""",1
"""Sua encomenda foi entregue no endereço informado: Av. Rio Branco, 100, Fortaleza - CE, CEP 60001-000.""",1
"""Olá, meu nome é Carlos, meu número de telefone é (81) 98765-4321. Estarei em Recife esta semana.""",1
"""Caro(a) cliente, sua reserva foi confirmada para o dia 17 de maio. Endereço: Av. Atlântica, 2500, Salvador - BA, CEP 40001-000.""",1
"""Ligue agora para 0800-123456 para saber mais sobre nossas promoções exclusivas.""",1
"""Obrigado por entrar em contato, Sr(a). Maria de Fátima. Seu número de seguro social é 123.456.789-12.""",1
"""Minha conta é 12345-6, agência 0001, Banco do Brasil, CPF 000.000.000-00.""",1
"""Sua encomenda será entregue no endereço informado: Rua da Cidadania, 200, Brasília - DF, CEP 70001-000.""",1
"""O cartão de crédito 1111-2222-3333-4444 foi utilizado hoje às 12h na Rua do Ouvidor, 80, Rio de Janeiro.""",1
"""Olá, meu nome é Ana, meu número de telefone é (21) 98765-4321. Estarei no Rio de Janeiro esta semana.""",1
"""Sua encomenda foi entregue no endereço informado: Av. Paulo VI, 500, Belo Horizonte - MG, CEP 30001-000.""",1
"""Confirmado: o cartão de crédito 1234-5678-9012-3456 foi utilizado ontem na loja da Rua Paulo VI, 150, Rio de Janeiro.""",1
"""Olá, Sr. José Silva, sua encomenda será entregue na próxima terça-feira no endereço informado: Av. Brasil, 500, São Paulo - SP, CEP 01001-000.""",1
"""Ligue agora para (21) 98765-4321 para saber mais sobre nossas promoções exclusivas!""",1
"""Caro(a) cliente, sua reserva foi confirmada para o dia 15 de maio. Endereço: Rua das Flores, 35, Belo Horizonte - MG.""",1
"""Obrigado por entrar em contato, Sr(a). Maria Oliveira. Seu número de seguro social é 123.456.789-01.""",1
"""O cartão de crédito com final 1234 foi utilizado hoje às 10h30 na Rua Augusta, 2642, São Paulo.""",1
"""Minha senha é 9876 para o cartão de crédito 1111-2222-3333-4444.""",1
"""O Sr. Antonio Silva pode ser contatado pelo telefone 123.456.7890 ou pelo email antonio.silva@email.com.""",1
"""Sua encomenda foi entregue no endereço informado: Rua das Hortências, 80, Porto Alegre - RS, CEP 90010-000.""",1
"""Obrigado por utilizar nossos serviços, Sra. Ana Souza. Se precisar de ajuda, entre em contato conosco pelo número 1900.""",1
"""O cartão de crédito 5555-6666-7777-8888 foi utilizado ontem na Rua 24 de Maio, 1250, São Paulo.""",1
"""Olá, meu nome é Carlos, meu número de telefone é (61) 98765-4321. Estarei em Brasília esta semana.""",1
"""Sua encomenda será entregue no endereço informado: Av. das Flores, 200, Salvador - BA, CEP 40001-000.""",1
"""O número de rastreamento para sua encomenda é 1234567890. Ela será entregue na Rua do Comércio, 10, Recife - PE, CEP 50010-000.""",1
"""Caro(a) cliente, sua reserva foi confirmada para o dia 20 de maio. Endereço: Av. Atlântica, 1200, Fortaleza - CE, CEP 60001-000.""",1
"""Ligue agora para 0800-123456 para saber mais sobre nossas promoções.""",1
"""Obrigado por entrar em contato, Sr(a). José da Silva. Seu número de seguro social é 123.456.789-10.""",1
"""O cartão de crédito 1111-2222-3333-4444 foi utilizado hoje às 15h na Rua da Consolação, 1500, São Paulo.""",1
"""Minha conta é 12345-6, agência 0001, Banco do Brasil, CNPJ 00.000.000/0001-00.""",1
"""Sua encomenda foi entregue no endereço informado: Rua do Ouro, 50, Belém - PA, CEP 66001-000.""",1
"""Olá, meu nome é Maria, meu número de telefone é 123.456.7890. Estarei em Goiânia esta semana.""",1
"""Sua encomenda será entregue no endereço informado: Av. Getúlio Vargas, 500, Manaus - AM, CEP 69000-000.""",1
"""Obrigado por utilizar nossos serviços, Sr. João Paulo. Se precisar de ajuda, entre em contato conosco pelo número 0800-123456.""",1
"""O cartão de crédito 6666-7777-8888-9999 foi utilizado ontem na Rua do Ouvidor, 63, Rio de Janeiro.""",1
"""Olá, meu nome é Pedro, meu número de telefone é (31) 98765-4321. Estarei em Belo Horizonte esta semana.""",1
"""Sua encomenda foi entregue no endereço informado: Rua da Cidadania, 100, Curitiba - PR, CEP 80001-000.""",1
"""Caro(a) cliente, sua reserva foi confirmada para o dia 18 de maio. Endereço: Av. Paulo VI, 200, Brasília - DF, CEP 70001-000.""",1
"""Ligue agora para 0800-123456 para saber mais sobre nossas promoções exclusivas.""",1
"""Obrigado por entrar em contato, Sr(a). Maria das Graças. Seu número de seguro social é 123.456.789-11.""",1
"""O cartão de crédito 1234-5678-9012-3456 foi utilizado hoje às 18h na Rua Augusta, 3000, São Paulo.""",1
"""Minha conta é 12345-6, agência 0001, Itaú, CNPJ 00.000.000/0001-00.""",1
"""Olá, meu nome é Ana, meu número de telefone é 123.456.7890. Estarei em São Paulo esta semana.""",1
"""Sua encomenda será entregue no endereço informado: Av. Brigadeiro Faria Lima, 1500, São Paulo - SP, CEP 01451-900.""",1
"""Caro(a) cliente, sua reserva foi confirmada para o dia 22 de maio. Endereço: Rua do Sol, 50, Natal - RN, CEP 59001-000.""",1
"""Ligue agora para (21) 98765-4321 para saber mais sobre nossas promoções.""",1
"""Obrigado por utilizar nossos serviços, Sr(a). José Carlos. Se precisar de ajuda, entre em contato conosco pelo número 0800-123456.""",1
"""O cartão de crédito 5555-6666-7777-8888 foi utilizado ontem na Rua da Consolação, 1000, São Paulo.""",1
"""Minha senha é 9876 para o cartão de crédito 2222-3333-4444-5555.""",1
"""Sua encomenda foi entregue no endereço informado: Av. Rio Branco, 100, Fortaleza - CE, CEP 60001-000.""",1
"""Olá, meu nome é Carlos, meu número de telefone é (81) 98765-4321. Estarei em Recife esta semana.""",1
"""Caro(a) cliente, sua reserva foi confirmada para o dia 17 de maio. Endereço: Av. Atlântica, 2500, Salvador - BA, CEP 40001-000.""",1
"""Ligue agora para 0800-123456 para saber mais sobre nossas promoções exclusivas.""",1
"""Obrigado por entrar em contato, Sr(a). Maria de Fátima. Seu número de seguro social é 123.456.789-12.""",1
"""Minha conta é 12345-6, agência 0001, Banco do Brasil, CPF 000.000.000-00.""",1
"""Sua encomenda será entregue no endereço informado: Rua da Cidadania, 200, Brasília - DF, CEP 70001-000.""",1
"""O cartão de crédito 1111-2222-3333-4444 foi utilizado hoje às 12h na Rua do Ouvidor, 80, Rio de Janeiro.""",1
"""Olá, meu nome é Ana, meu número de telefone é (21) 98765-4321. Estarei no Rio de Janeiro esta semana.""",1
"""Sua encomenda foi entregue no endereço informado: Av. Paulo VI, 500, Belo Horizonte - MG, CEP 30001-000.""",1
"""1. ""O cartão de crédito utilizado foi o final 1234, válido até 12/2025.""",1
"""2. ""O endereço de entrega será Rua ABC, 123, São Paulo - SP, 01234-567.""",1
"""3. ""Entre em contato com o suporte através do telefone (11) 98765-4321.""",1
"""4. ""Meu número de CPF é 123.456.789-01.""",1
"""5. ""A encomenda será entregue em (71) 98765-4321.""",1
"""6. ""Mudei meu endereço para Av. DEF, 456, Rio de Janeiro - RJ, 22222-345.""",1
"""7. ""O número do meu cartão é 4567 1234 1234 5678, válido até 01/2026.""",1
"""8. ""Para mais informações, ligue para +55 11 9876-5432.""",1
"""9. ""Meu endereço é Rua GHI, 789, Belo Horizonte - MG, 30123-456.""",1
"""10. ""O número de rastreio da sua encomenda é #1234567890.""",1
"""11. ""Entre em contato com o suporte em [email protected] ou no telefone (21) 98765-4321.""",1
"""12. ""Minha data de nascimento é 01/01/1990.""",1
"""13. ""O número da minha conta bancária é 12345-6.""",1
"""14. ""A entrega será feita em Av. JKL, 321, Brasília - DF, CEP 70000-000.""",1
"""15. ""O número do meu RG é 12.345.678-9.""",1
"""16. ""O cartão utilizado foi o final 8765, válido até 05/2024.""",1
"""17. ""Mudei meu número para (81) 98765-4321.""",1
"""18. ""A encomenda será entregue em Rua MNO, 654, Salvador - BA, 40028-000.""",1
"""19. ""O número do meu cartão é 1111 2222 3333 4444, válido até 12/2025.""",1
"""20. ""Meu CPF é 987.654.321-09.""",1
"""21. ""A entrega será feita em Rua PQR, 987, Curitiba - PR, 80000-000.""",1
"""22. ""Entre em contato com o suporte em [email protected] ou no telefone +55 11 98765-4321.""",1
"""23. ""Mudei meu endereço para Av. STU, 246, Porto Alegre - RS, 90010-000.""",1
"""24. ""O número da minha conta bancária é 987654-3.""",1
"""25. ""A encomenda será entregue em Rua VWX, 765, Fortaleza - CE, 60000-000.""",1
"""26. ""O número do meu cartão é 5555 6666 7777 8888, válido até 06/2026.""",1
"""27. ""Minha data de nascimento é 15/06/1985.""",1
"""28. ""O número do meu RG é 987.654.321-00.""",1
"""29. ""A entrega será feita em Rua YZA, 321, Recife - PE, 50000-000.""",1
"""30. ""Entre em contato com o suporte em [email protected] ou no telefone +55 16 9876-5432.""",1
"""31. ""Mudei meu número para (19) 98765-4321.""",1
"""32. ""A encomenda será entregue em Rua BCD, 654, Belém - PA, 66666-000.""",1
"""33. ""O número do meu cartão é 9876 5432 1098 7654, válido até 11/2027.""",1
"""34. ""Meu CPF é 098.765.432-10.""",1
"""35. ""A entrega será feita em Rua EFG, 987, Manaus - AM, 69000-000.""",1
"""36. ""Entre em contato com o suporte em [email protected] ou no telefone (71) 98765-4321.""",1
"""37. ""Mudei meu endereço para Av. HIK, 456, São Luís - MA, 65000-000.""",1
"""38. ""O número da minha conta bancária é 123456-7.""",1
"""39. ""A encomenda será entregue em Rua LMN, 765, Porto Velho - RO, 78900-000.""",1
"""40. ""O número do meu cartão é 2222 3333 4444 5555, válido até 08/2026.""",1
"""41. ""Minha data de nascimento é 23/12/1995.""",1
"""42. ""O número do meu RG é 123.456.789-01.""",1
"""43. ""A entrega será feita em Rua OPQ, 654, Boa Vista - RR, 69300-000.""",1
"""44. ""Entre em contato com o suporte em [email protected] ou no telefone +55 11 9876-5432.""",1
"""45. ""Mudei meu número para (92) 98765-4321.""",1
"""46. ""A encomenda será entregue em Rua STU, 987, Macapá - AP, 68900-000.""",1
"""47. ""O número do meu cartão é 3333 4444 5555 6666, válido até 02/2027.""",1
"""48. ""Meu CPF é 456.789.123-00.""",1
"""49. ""A entrega será feita em Rua VWX, 765, Palmas - TO, 77000-000.""",1
"""50. ""Entre em contato com o suporte em [email protected] ou no telefone (67) 98765-4321.""",1
"""Confirmado: o cartão de crédito 1234-5678-9012-3456 foi utilizado ontem na loja da Rua Paulo VI, 150, Rio de Janeiro.""",1
"""Olá, Sr. José Silva, sua encomenda será entregue na próxima terça-feira no endereço informado: Av. Brasil, 500, São Paulo - SP, CEP 01001-000.""",1
"""Ligue agora para (21) 98765-4321 para saber mais sobre nossas promoções exclusivas!""",1
"""Caro(a) cliente, sua reserva foi confirmada para o dia 15 de maio. Endereço: Rua das Flores, 35, Belo Horizonte - MG.""",1
"""Obrigado por entrar em contato, Sr(a). Maria Oliveira. Seu número de seguro social é 123.456.789-01.""",1
"""O cartão de crédito com final 1234 foi utilizado hoje às 10h30 na Rua Augusta, 2642, São Paulo.""",1
"""Minha senha é 9876 para o cartão de crédito 1111-2222-3333-4444.""",1
"""O Sr. Antonio Silva pode ser contatado pelo telefone 123.456.7890 ou pelo email antonio.silva@email.com.""",1
"""Sua encomenda foi entregue no endereço informado: Rua das Hortências, 80, Porto Alegre - RS, CEP 90010-000.""",1
"""Obrigado por utilizar nossos serviços, Sra. Ana Souza. Se precisar de ajuda, entre em contato conosco pelo número 1900.""",1
"""O cartão de crédito 5555-6666-7777-8888 foi utilizado ontem na Rua 24 de Maio, 1250, São Paulo.""",1
"""Olá, meu nome é Carlos, meu número de telefone é (61) 98765-4321. Estarei em Brasília esta semana.""",1
"""Sua encomenda será entregue no endereço informado: Av. das Flores, 200, Salvador - BA, CEP 40001-000.""",1
"""O número de rastreamento para sua encomenda é 1234567890. Ela será entregue na Rua do Comércio, 10, Recife - PE, CEP 50010-000.""",1
"""Caro(a) cliente, sua reserva foi confirmada para o dia 20 de maio. Endereço: Av. Atlântica, 1200, Fortaleza - CE, CEP 60001-000.""",1
"""Ligue agora para 0800-123456 para saber mais sobre nossas promoções.""",1
"""Obrigado por entrar em contato, Sr(a). José da Silva. Seu número de seguro social é 123.456.789-10.""",1
"""O cartão de crédito 1111-2222-3333-4444 foi utilizado hoje às 15h na Rua da Consolação, 1500, São Paulo.""",1
"""Minha conta é 12345-6, agência 0001, Banco do Brasil, CNPJ 00.000.000/0001-00.""",1
"""Sua encomenda foi entregue no endereço informado: Rua do Ouro, 50, Belém - PA, CEP 66001-000.""",1
"""Olá, meu nome é Maria, meu número de telefone é 123.456.7890. Estarei em Goiânia esta semana.""",1
"""Sua encomenda será entregue no endereço informado: Av. Getúlio Vargas, 500, Manaus - AM, CEP 69000-000.""",1
"""Obrigado por utilizar nossos serviços, Sr. João Paulo. Se precisar de ajuda, entre em contato conosco pelo número 0800-123456.""",1
"""O cartão de crédito 6666-7777-8888-9999 foi utilizado ontem na Rua do Ouvidor, 63, Rio de Janeiro.""",1
"""Olá, meu nome é Pedro, meu número de telefone é (31) 98765-4321. Estarei em Belo Horizonte esta semana.""",1
"""Sua encomenda foi entregue no endereço informado: Rua da Cidadania, 100, Curitiba - PR, CEP 80001-000.""",1
"""Caro(a) cliente, sua reserva foi confirmada para o dia 18 de maio. Endereço: Av. Paulo VI, 200, Brasília - DF, CEP 70001-000.""",1
"""Ligue agora para 0800-123456 para saber mais sobre nossas promoções exclusivas.""",1
"""Obrigado por entrar em contato, Sr(a). Maria das Graças. Seu número de seguro social é 123.456.789-11.""",1
"""O cartão de crédito 1234-5678-9012-3456 foi utilizado hoje às 18h na Rua Augusta, 3000, São Paulo.""",1
"""Minha conta é 12345-6, agência 0001, Itaú, CNPJ 00.000.000/0001-00.""",1
"""Olá, meu nome é Ana, meu número de telefone é 123.456.7890. Estarei em São Paulo esta semana.""",1
"""Sua encomenda será entregue no endereço informado: Av. Brigadeiro Faria Lima, 1500, São Paulo - SP, CEP 01451-900.""",1
"""Caro(a) cliente, sua reserva foi confirmada para o dia 22 de maio. Endereço: Rua do Sol, 50, Natal - RN, CEP 59001-000.""",1
"""Ligue agora para (21) 98765-4321 para saber mais sobre nossas promoções.""",1
"""Obrigado por utilizar nossos serviços, Sr(a). José Carlos. Se precisar de ajuda, entre em contato conosco pelo número 0800-123456.""",1
"""O cartão de crédito 5555-6666-7777-8888 foi utilizado ontem na Rua da Consolação, 1000, São Paulo.""",1
"""Minha senha é 9876 para o cartão de crédito 2222-3333-4444-5555.""",1
"""Sua encomenda foi entregue no endereço informado: Av. Rio Branco, 100, Fortaleza - CE, CEP 60001-000.""",1
"""Olá, meu nome é Carlos, meu número de telefone é (81) 98765-4321. Estarei em Recife esta semana.""",1
"""Caro(a) cliente, sua reserva foi confirmada para o dia 17 de maio. Endereço: Av. Atlântica, 2500, Salvador - BA, CEP 40001-000.""",1
"""Ligue agora para 0800-123456 para saber mais sobre nossas promoções exclusivas.""",1
"""Obrigado por entrar em contato, Sr(a). Maria de Fátima. Seu número de seguro social é 123.456.789-12.""",1
"""Minha conta é 12345-6, agência 0001, Banco do Brasil, CPF 000.000.000-00.""",1
"""Sua encomenda será entregue no endereço informado: Rua da Cidadania, 200, Brasília - DF, CEP 70001-000.""",1
"""O cartão de crédito 1111-2222-3333-4444 foi utilizado hoje às 12h na Rua do Ouvidor, 80, Rio de Janeiro.""",1
"""Olá, meu nome é Ana, meu número de telefone é (21) 98765-4321. Estarei no Rio de Janeiro esta semana.""",1
"""Sua encomenda foi entregue no endereço informado: Av. Paulo VI, 500, Belo Horizonte - MG, CEP 30001-000.""",1
"""1. ""A entrega será feita na Rua dos Lóios, 13, Apartamento 4B, 4000-465 Porto.""",1
"""2. ""Entre em contato com o suporte técnico pelo número (21) 99999-9999.""",1
"""3. ""Minha conta bancária é no Banco do Brasil, agência 0001, conta 12345-6, CNPJ 12.345.678/0001-90.""",1
"""4. ""Mudei meu número para 987.654.3210, por favor atualize seus registros.""",1
"""5. ""Meu cartão de crédito é 1234-5678-9012-3456, validade 12/2025, CVV 123.""",1
"""6. ""A nova senha do seu e-mail é 123abc, lembre-se de atualizá-la em breve.""",1
"""7. ""Meu endereço é Av. Paulista, 123, São Paulo - SP, CEP 01310-000.""",1
"""8. ""Meu RG é 12.345.678-9, emitido em SP.""",1
"""9. ""Meu CPF é 123.456.789-09, uso esse para minhas declarações anuais.""",1
"""10. ""A entrega será feita na Rua das Flores, 35, Vila Madalena, São Paulo - SP, CEP 05432-010.""",1
"""11. ""Para entrar em contato, ligue para 11 98765-4321 ou envie um email para [johndoe@example.com](mailto:johndoe@example.com).""",1
"""12. ""Minha conta do Instagram é @johndoe_, Adding '123' at the end of my username.""",1
"""13. ""Meu endereço de faturamento é Rua das Rosas, 80, Bairro Nossa Senhora da Saúde, Canoas - RS, CEP 92010-000.""",1
"""14. ""Meu número de WhatsApp é 55 48 99999-9999.""",1
"""15. ""Mudei meu endereço para 876 Rua da Conceição, Centro, Rio de Janeiro - RJ, CEP 20010-010.""",1
"""16. ""Meu número de cartão de débito é 1234-5678-9012, validade 02/2026, CVV 456.""",1
"""17. ""Minha nova senha do Facebook é abc123, lembre-se de não compartilhá-la com ninguém.""",1
"""18. ""A entrega será feita na Travessa do Comércio, 10, São Francisco, Salvador - BA, CEP 40020-010.""",1
"""19. ""Meu número de celular é 987-654-3210.""",1
"""20. ""Minha conta do PayPal é [johndoe@example.com](mailto:johndoe@example.com), com a senha 123abc.""",1
"""21. ""A entrega será feita na Av. Brasil, 4321, Bloco 5, Apartamento 1001, Brasília - DF, CEP 70070-000.""",1
"""22. ""Para cancelar a assinatura, ligue para 0800 123 456.""",1
"""23. ""Meu endereço de entrega é Rua da Cidadania, 321, Bairro São Mateus, Belo Horizonte - MG, CEP 30320-000.""",1
"""24. ""Minha nova senha do Google é abcdef, lembre-se de atualizá-la em breve.""",1
"""25. ""Meu número de cartão de crédito é 9876-5432-1098-7654, validade 10/2025, CVV 789.""",1
"""26. ""A entrega será feita na Rua da República, 123, Centro, Curitiba - PR, CEP 80010-000.""",1
"""27. ""Meu número de cartão de débito é 4321-5678-9012, validade 05/2027, CVV 123.""",1
"""28. ""Minha conta da Apple é [johndoe@example.com](mailto:johndoe@example.com), com a senha 123abc.""",1
"""29. ""A entrega será feita na Rua da Imperatriz, 456, Bairro Alto da Boa Vista, Fortaleza - CE, CEP 60040-010.""",1
"""30. ""Meu número de celular é (11) 98765-4321.""",1
"""31. ""Meu endereço de faturamento é Rua XV de Novembro, 789, Centro, Florianópolis - SC, CEP 88010-000.""",1
"""32. ""Minha nova senha do Instagram é 123abc, lembre-se de atualizá-la em breve.""",1
"""33. ""A entrega será feita na Alameda das Rosas, 123, Jardim América, Goiânia - GO, CEP 74020-010.""",1
"""34. ""Meu número de cartão de crédito é 1234-5678-9012-3456, validade 12/2026, CVV 456.""",1
"""35. ""Mudei meu número para (12) 99999-9999, por favor atualize seus registros.""",1
"""36. ""Minha conta do Twitter é @johndoe_, Adding '123' at the end of my username.""",1
"""37. ""Meu endereço de entrega é Avenida João Pinheiro, 321, Bairro Santo Antônio, Manaus - AM, CEP 69010-000.""",1
"""38. ""Minha nova senha do Gmail é abc123, lembre-se de atualizá-la em breve.""",1
"""39. ""A entrega será feita na Rua dos Andradas, 456, Centro, Porto Alegre - RS, CEP 90010-000.""",1
"""40. ""Meu número de cartão de débito é 9876-5432-1098-7654, validade 03/2026, CVV 123.""",1
"""41. ""Minha conta do Netflix é [johndoe@example.com](mailto:johndoe@example.com), com a senha 123abc.""",1
"""42. ""A entrega será feita na Rua do Souza, 789, Bairro da Graça, Recife - PE, CEP 50010-000.""",1
"""43. ""Meu número de celular é 987.654.3210.""",1
"""44. ""Mudei meu endereço para Avenida Brigadeiro Faria Lima, 123, Jardim Paulista, São Paulo - SP, CEP 01452-000.""",1
"""45. ""Meu número de cartão de crédito é 5678-9012-3456-7890, validade 06/2026, CVV 456.""",1
"""46. ""Minha conta da Amazon é [johndoe@example.com](mailto:johndoe@example.com), com a senha abc123.""",1
"""47. ""A entrega será feita na Rua da Cidadania, 321, Bairro São José, Salvador - BA, CEP 40020-000.""",1
"""48. ""Meu número de celular é (21) 99999-9999.""",1
"""49. ""Minha conta do Spotify é [johndoe@example.com](mailto:johndoe@example.com), com a senha 123abc.""",1
"""50. ""A entrega será feita na Rua da Consolação, 456, Bairro da República, São Paulo - SP, CEP 01211-000.""",1
"""1. ""O número de cartão de crédito utilizado foi 1234-5678-9012-3456, é esse mesmo?""",1
"""2. ""Minha entrega será feita na Rua ABC, 123, Apartamento 456, São Paulo - SP, 01234-567.""",1
"""3. ""Meu telefone é (99) 98765-4321, pode me ligar lá?""",1
"""4. ""O CPF informado foi 123.456.789-10, por favor confirme.""",1
"""5. ""O endereço para cobrança é Rua XYZ, 789, Cidade ABC, Estado DEF, 12345-678.""",1
"""6. ""Meu cartão de crédito terminou em 1234, é esse mesmo?""",1
"""7. ""Minha data de nascimento é 01/01/1990, é correta?""",1
"""8. ""O CEP da entrega é 01234-567, certo?""",1
"""9. ""Meu número de telefone é 9.8765-4321, pode me adicionar?""",1
"""10. ""O titular do cartão é João Silva, com o número final 1234, correto?""",1
"""11. ""A entrega será feita em 123 Rua Principal, Bairro Secundário, Cidade Terceira, 12345-678.""",1
"""12. ""Meu CPF é 123.456.789-10, pode confirmar?""",1
"""13. ""Meu telefone é (12) 98765-4321, pode me ligar lá?""",1
"""14. ""O cartão de crédito utilizado foi 1234-5678-9012-3456, é esse mesmo?""",1
"""15. ""O endereço de cobrança é Rua Principal, 123, Bairro Secundário, Cidade Terceira, 12345-678.""",1
"""16. ""Meu telefone é 98765-4321, pode me adicionar?""",1
"""17. ""O número do cartão de crédito final é 1234, é esse mesmo?""",1
"""18. ""Minha data de nascimento é 01/01/1990, é correta?""",1
"""19. ""O CEP da entrega é 12345-678, certo?""",1
"""20. ""Meu CPF é 123.456.789-10, pode confirmar?""",1
"""21. ""O titular do cartão é Maria Souza, com o número final 1234, correto?""",1
"""22. ""A entrega será feita em Rua Principal, 123, Bairro Secundário, Cidade Terceira, 12345-678.""",1
"""23. ""Meu telefone é (12) 98765-4321, pode me ligar lá?""",1
"""24. ""O cartão de crédito utilizado foi 1234-5678-9012-3456, é esse mesmo?""",1
"""25. ""Meu endereço é Rua Principal, 123, Apartamento 456, Bairro Secundário, Cidade Terceira, 12345-678.""",1
"""26. ""Minha data de nascimento é 01/01/1990, é correta?""",1
"""27. ""O CEP da entrega é 12345-678, certo?""",1
"""28. ""Meu CPF é 123.456.789-10, pode confirmar?""",1
"""29. ""Meu telefone é 98765-4321, pode me adicionar?""",1
"""30. ""O titular do cartão é José Oliveira, com o número final 1234, correto?""",1
"""31. ""A entrega será feita em 123 Rua Principal, Bairro Secundário, Cidade Terceira, 12345-678.""",1
"""32. ""Meu telefone é (99) 98765-4321, pode me ligar lá?""",1
"""33. ""O cartão de crédito utilizado foi 1234-5678-9012-3456, é esse mesmo?""",1
"""34. ""Meu endereço é Rua Principal, 123, Bairro Secundário, Cidade Terceira, 12345-678.""",1
"""35. ""Minha data de nascimento é 01/01/1990, é correta?""",1
"""36. ""O CEP da entrega é 12345-678, certo?""",1
"""37. ""Meu CPF é 123.456.789-10, pode confirmar?""",1
"""38. ""Meu telefone é (12) 98765-4321, pode me ligar lá?""",1
"""39. ""O cartão de crédito utilizado foi 1234-5678-9012-3456, é esse mesmo?""",1
"""40. ""Meu endereço é Rua Principal, 123, Apartamento 456, Bairro Secundário, Cidade Terceira, 12345-678.""",1
"""41. ""Minha data de nascimento é 01/01/1990, é correta?""",1
"""42. ""O CEP da entrega é 12345-678, certo?""",1
"""43. ""Meu CPF é 123.456.789-10, pode confirmar?""",1
"""44. ""Meu telefone é 98765-4321, pode me adicionar?""",1
"""45. ""O titular do cartão é Ana Silva, com o número final 1234, correto?""",1
"""46. ""A entrega será feita em 123 Rua Principal, Bairro Secundário, Cidade Terceira, 12345-678.""",1
"""47. ""Meu telefone é (99) 98765-4321, pode me ligar lá?""",1
"""48. ""O cartão de crédito utilizado foi 1234-5678-9012-3456, é esse mesmo?""",1
"""49. ""Meu endereço é Rua Principal, 123, Bairro Secundário, Cidade Terceira, 12345-678.""",1
"""50. ""Minha data de nascimento é 01/01/1990, é correta?""",1
"""Confirmado: o cartão de crédito 1234-5678-9012-3456 foi utilizado ontem na loja da Rua Paulo VI, 150, Rio de Janeiro.""",1
"""Olá, Sr. José Silva, sua encomenda será entregue na próxima terça-feira no endereço informado: Av. Brasil, 500, São Paulo - SP, CEP 01001-000.""",1
"""Ligue agora para (21) 98765-4321 para saber mais sobre nossas promoções exclusivas!""",1
"""Caro(a) cliente, sua reserva foi confirmada para o dia 15 de maio. Endereço: Rua das Flores, 35, Belo Horizonte - MG.""",1
"""Obrigado por entrar em contato, Sr(a). Maria Oliveira. Seu número de seguro social é 123.456.789-01.""",1
"""O cartão de crédito com final 1234 foi utilizado hoje às 10h30 na Rua Augusta, 2642, São Paulo.""",1
"""Minha senha é 9876 para o cartão de crédito 1111-2222-3333-4444.""",1
"""O Sr. Antonio Silva pode ser contatado pelo telefone 123.456.7890 ou pelo email antonio.silva@email.com.""",1
"""Sua encomenda foi entregue no endereço informado: Rua das Hortências, 80, Porto Alegre - RS, CEP 90010-000.""",1
"""Obrigado por utilizar nossos serviços, Sra. Ana Souza. Se precisar de ajuda, entre em contato conosco pelo número 1900.""",1
"""O cartão de crédito 5555-6666-7777-8888 foi utilizado ontem na Rua 24 de Maio, 1250, São Paulo.""",1
"""Olá, meu nome é Carlos, meu número de telefone é (61) 98765-4321. Estarei em Brasília esta semana.""",1
"""Sua encomenda será entregue no endereço informado: Av. das Flores, 200, Salvador - BA, CEP 40001-000.""",1
"""O número de rastreamento para sua encomenda é 1234567890. Ela será entregue na Rua do Comércio, 10, Recife - PE, CEP 50010-000.""",1
"""Caro(a) cliente, sua reserva foi confirmada para o dia 20 de maio. Endereço: Av. Atlântica, 1200, Fortaleza - CE, CEP 60001-000.""",1
"""Ligue agora para 0800-123456 para saber mais sobre nossas promoções.""",1
"""Obrigado por entrar em contato, Sr(a). José da Silva. Seu número de seguro social é 123.456.789-10.""",1
"""O cartão de crédito 1111-2222-3333-4444 foi utilizado hoje às 15h na Rua da Consolação, 1500, São Paulo.""",1
"""Minha conta é 12345-6, agência 0001, Banco do Brasil, CNPJ 00.000.000/0001-00.""",1
"""Sua encomenda foi entregue no endereço informado: Rua do Ouro, 50, Belém - PA, CEP 66001-000.""",1
"""Olá, meu nome é Maria, meu número de telefone é 123.456.7890. Estarei em Goiânia esta semana.""",1
"""Sua encomenda será entregue no endereço informado: Av. Getúlio Vargas, 500, Manaus - AM, CEP 69000-000.""",1
"""Obrigado por utilizar nossos serviços, Sr. João Paulo. Se precisar de ajuda, entre em contato conosco pelo número 0800-123456.""",1
"""O cartão de crédito 6666-7777-8888-9999 foi utilizado ontem na Rua do Ouvidor, 63, Rio de Janeiro.""",1
"""Olá, meu nome é Pedro, meu número de telefone é (31) 98765-4321. Estarei em Belo Horizonte esta semana.""",1
"""Sua encomenda foi entregue no endereço informado: Rua da Cidadania, 100, Curitiba - PR, CEP 80001-000.""",1
"""Caro(a) cliente, sua reserva foi confirmada para o dia 18 de maio. Endereço: Av. Paulo VI, 200, Brasília - DF, CEP 70001-000.""",1
"""Ligue agora para 0800-123456 para saber mais sobre nossas promoções exclusivas.""",1
"""Obrigado por entrar em contato, Sr(a). Maria das Graças. Seu número de seguro social é 123.456.789-11.""",1
"""O cartão de crédito 1234-5678-9012-3456 foi utilizado hoje às 18h na Rua Augusta, 3000, São Paulo.""",1
"""Minha conta é 12345-6, agência 0001, Itaú, CNPJ 00.000.000/0001-00.""",1
"""Olá, meu nome é Ana, meu número de telefone é 123.456.7890. Estarei em São Paulo esta semana.""",1
"""Sua encomenda será entregue no endereço informado: Av. Brigadeiro Faria Lima, 1500, São Paulo - SP, CEP 01451-900.""",1
"""Caro(a) cliente, sua reserva foi confirmada para o dia 22 de maio. Endereço: Rua do Sol, 50, Natal - RN, CEP 59001-000.""",1
"""Ligue agora para (21) 98765-4321 para saber mais sobre nossas promoções.""",1
"""Obrigado por utilizar nossos serviços, Sr(a). José Carlos. Se precisar de ajuda, entre em contato conosco pelo número 0800-123456.""",1
"""O cartão de crédito 5555-6666-7777-8888 foi utilizado ontem na Rua da Consolação, 1000, São Paulo.""",1
"""Minha senha é 9876 para o cartão de crédito 2222-3333-4444-5555.""",1
"""Sua encomenda foi entregue no endereço informado: Av. Rio Branco, 100, Fortaleza - CE, CEP 60001-000.""",1
"""Olá, meu nome é Carlos, meu número de telefone é (81) 98765-4321. Estarei em Recife esta semana.""",1
"""Caro(a) cliente, sua reserva foi confirmada para o dia 17 de maio. Endereço: Av. Atlântica, 2500, Salvador - BA, CEP 40001-000.""",1
"""Ligue agora para 0800-123456 para saber mais sobre nossas promoções exclusivas.""",1
"""Obrigado por entrar em contato, Sr(a). Maria de Fátima. Seu número de seguro social é 123.456.789-12.""",1
"""Minha conta é 12345-6, agência 0001, Banco do Brasil, CPF 000.000.000-00.""",1
"""Sua encomenda será entregue no endereço informado: Rua da Cidadania, 200, Brasília - DF, CEP 70001-000.""",1
"""O cartão de crédito 1111-2222-3333-4444 foi utilizado hoje às 12h na Rua do Ouvidor, 80, Rio de Janeiro.""",1
"""Olá, meu nome é Ana, meu número de telefone é (21) 98765-4321. Estarei no Rio de Janeiro esta semana.""",1
"""Sua encomenda foi entregue no endereço informado: Av. Paulo VI, 500, Belo Horizonte - MG, CEP 30001-000.""",1
